product_id,normalized_text,baseline_attr_mnn,input_explicit_mnn,input_explicit_mnn_confidence,identity_gate_status,previous_catalog_mnn,previous_enrichment_mnn,previous_enrichment_status,pass_action,new_enrichment_called,new_enrichment_status,retry_count,new_mnn_enriched,new_rx_otc_enriched,new_age_enriched,final_candidate_mnn,final_mnn_method,needs_human_review,evidence_urls,research_summary,raw_artifact_path,identity_enrichment_run_id,label_mnn,label_rx_otc,label_age,label_source_match,label_final_method,label_notes,final_rx_otc,final_age,final_rx_otc_method,final_rx_otc_stage,final_rx_otc_source,final_rx_otc_confidence,final_rx_otc_reason,final_age_method,final_age_stage,final_age_source,final_age_confidence,final_age_reason,sem_rx_otc,sem_age,catalog_rx_otc,catalog_age,previous_enrichment_rx_otc,previous_enrichment_age,identity_enrichment_rx_otc,identity_enrichment_age,rx_otc_candidates_json,age_candidates_json,label_rx_otc_notes,label_age_notes,needs_human_review_mnn,needs_human_review_rx_otc,needs_human_review_age,needs_human_review_any,review_priority,review_focus,audit_data_gaps
68,ЭПЛЕРЕНОН-ТЕВА 25мг N30 таб. покрытые пленочной оболочкой Тева фармасьютикал воркс прайвэт Лимитед Компани | Тева фармасьютикал воркс прайвэт Лимитед Компани | Тева фармасьютикал воркс прайвэт Лимитед Компани | N30,Эплеренон,,none,resolved_catalog,Эплеренон,,,skip_catalog,FALSE,,0,,,,Эплеренон,catalog_consensus,FALSE,,pass_action=skip_catalog; catalog_consensus_retained,redesign/artifacts/mnn_identity_enrichment_pass_searxng_raw.jsonl,461,correct,correct,correct,,,,rx,взрослые,sem_baseline,sem1,sem_wave500_mnn_v3_report,medium,Sem v3 canonical attr contains RX/OTC=rx,sem_baseline,sem1,sem_wave500_mnn_v3_report,medium,Sem v3 canonical attr contains Age=взрослые,rx,взрослые,rx,,,,,,"[{""value"": ""rx"", ""method"": ""sem_baseline"", ""stage"": ""sem1"", ""source"": ""sem_wave500_mnn_v3_report"", ""confidence"": ""medium""}, {""value"": ""rx"", ""method"": ""catalog"", ""stage"": ""catalog_resolution"", ""source"": ""mnn_catalog_resolution_wave500_v3_identity_gate"", ""confidence"": ""medium""}]","[{""value"": ""взрослые"", ""method"": ""sem_baseline"", ""stage"": ""sem1"", ""source"": ""sem_wave500_mnn_v3_report"", ""confidence"": ""medium""}]",,,FALSE,FALSE,FALSE,FALSE,low,"[""mnn""]",previous enrichment RX/OTC absent; previous enrichment Age absent; catalog Age absent/unknown
28,МЕРИФАТИН МВ 750мг N60 таб. с пролонгированным высвобождением Фармасинтез-Тюмень ООО | Фармасинтез-Тюмень ООО | Фармасинтез-Тюмень ООО | N60,Мерифатин,,none,resolved_catalog,Метформин,,,skip_catalog,FALSE,,0,,,,Метформин,catalog_consensus,FALSE,,pass_action=skip_catalog; catalog_consensus_retained,redesign/artifacts/mnn_identity_enrichment_pass_searxng_raw.jsonl,461,correct,correct,correct,,,,rx,взрослые,sem_baseline,sem1,sem_wave500_mnn_v3_report,medium,Sem v3 canonical attr contains RX/OTC=rx,sem_baseline,sem1,sem_wave500_mnn_v3_report,medium,Sem v3 canonical attr contains Age=взрослые,rx,взрослые,rx,,,,,,"[{""value"": ""rx"", ""method"": ""sem_baseline"", ""stage"": ""sem1"", ""source"": ""sem_wave500_mnn_v3_report"", ""confidence"": ""medium""}, {""value"": ""rx"", ""method"": ""catalog"", ""stage"": ""catalog_resolution"", ""source"": ""mnn_catalog_resolution_wave500_v3_identity_gate"", ""confidence"": ""medium""}]","[{""value"": ""взрослые"", ""method"": ""sem_baseline"", ""stage"": ""sem1"", ""source"": ""sem_wave500_mnn_v3_report"", ""confidence"": ""medium""}]",,,FALSE,FALSE,FALSE,FALSE,low,"[""mnn""]",previous enrichment RX/OTC absent; previous enrichment Age absent; catalog Age absent/unknown
3065,ФЛУКОНАЗОЛ-OBL КАПС. 150МГ №4 | ОБОЛЕНСКОЕ ФП АО | ОБОЛЕНСКОЕ ФП АО,Флуконазол,,none,resolved_catalog,Флуконазол,,,skip_catalog,FALSE,,0,,,,Флуконазол,catalog_consensus,FALSE,,pass_action=skip_catalog; catalog_consensus_retained,redesign/artifacts/mnn_identity_enrichment_pass_searxng_raw.jsonl,461,correct,incorrect,incorrect,,,"препарат otc, возрастной сегмент - универсальный",rx,unknown,sem_baseline,sem1,sem_wave500_mnn_v3_report,medium,Sem v3 canonical attr contains RX/OTC=rx,not_resolved,none,none,unknown,no accepted pipeline source contains Age; display value unknown,rx,,otc,,,,,,"[{""value"": ""rx"", ""method"": ""sem_baseline"", ""stage"": ""sem1"", ""source"": ""sem_wave500_mnn_v3_report"", ""confidence"": ""medium""}, {""value"": ""otc"", ""method"": ""catalog"", ""stage"": ""catalog_resolution"", ""source"": ""mnn_catalog_resolution_wave500_v3_identity_gate"", ""confidence"": ""medium""}]",[],,,FALSE,FALSE,TRUE,TRUE,high,"[""age""]",previous enrichment RX/OTC absent; previous enrichment Age absent; Sem Age absent; catalog Age absent/unknown
8,ХАЙЛЕФЛОКС 500мг N5 таб. покрытые пленочной оболочкой Хайгланс Лабораториз Пвт.Лтд. | Хайгланс лабораториз пвт. Лтд | Хайгланс лабораториз пвт. Лтд | N5,Левофлоксацин,,none,resolved_catalog,Левофлоксацин,,,skip_catalog,FALSE,,0,,,,Левофлоксацин,catalog_consensus,FALSE,,pass_action=skip_catalog; catalog_consensus_retained,redesign/artifacts/mnn_identity_enrichment_pass_searxng_raw.jsonl,461,correct,correct,correct,,,,rx,взрослые,sem_baseline,sem1,sem_wave500_mnn_v3_report,medium,Sem v3 canonical attr contains RX/OTC=rx,sem_baseline,sem1,sem_wave500_mnn_v3_report,medium,Sem v3 canonical attr contains Age=взрослые,rx,взрослые,rx,,,,,,"[{""value"": ""rx"", ""method"": ""sem_baseline"", ""stage"": ""sem1"", ""source"": ""sem_wave500_mnn_v3_report"", ""confidence"": ""medium""}, {""value"": ""rx"", ""method"": ""catalog"", ""stage"": ""catalog_resolution"", ""source"": ""mnn_catalog_resolution_wave500_v3_identity_gate"", ""confidence"": ""medium""}]","[{""value"": ""взрослые"", ""method"": ""sem_baseline"", ""stage"": ""sem1"", ""source"": ""sem_wave500_mnn_v3_report"", ""confidence"": ""medium""}]",,,FALSE,FALSE,FALSE,FALSE,low,"[""mnn""]",previous enrichment RX/OTC absent; previous enrichment Age absent; catalog Age absent/unknown
26038,АМЛОДИПИН-АЛСИ ТАБЛ. 10МГ №90 | АЛСИ ФАРМА АО | АЛСИ ФАРМА АО,Амлодипин,Амлодипин,high,resolved_input_explicit,,,,skip_strong_input_mnn,FALSE,,0,,,,Амлодипин,input_explicit_mnn,FALSE,,pass_action=skip_strong_input_mnn; strong_input_explicit_accepted,redesign/artifacts/mnn_identity_enrichment_pass_searxng_raw.jsonl,461,correct,correct,correct,,,,rx,взрослые,sem_baseline,sem1,sem_wave500_mnn_v3_report,medium,Sem v3 canonical attr contains RX/OTC=rx,sem_baseline,sem1,sem_wave500_mnn_v3_report,medium,Sem v3 canonical attr contains Age=взрослые,rx,взрослые,,,,,,,"[{""value"": ""rx"", ""method"": ""sem_baseline"", ""stage"": ""sem1"", ""source"": ""sem_wave500_mnn_v3_report"", ""confidence"": ""medium""}]","[{""value"": ""взрослые"", ""method"": ""sem_baseline"", ""stage"": ""sem1"", ""source"": ""sem_wave500_mnn_v3_report"", ""confidence"": ""medium""}]",,,FALSE,FALSE,FALSE,FALSE,low,"[""mnn""]",previous enrichment RX/OTC absent; catalog RX/OTC absent/unknown; previous enrichment Age absent; catalog Age absent/unknown
26001,АМЛОДИПИН-ПРАНА ТАБЛ. 10МГ №60 | ПРАНАФАРМ ООО | ПРАНАФАРМ ООО,Амлодипин,Амлодипин,high,resolved_input_explicit,,,,skip_strong_input_mnn,FALSE,,0,,,,Амлодипин,input_explicit_mnn,FALSE,,pass_action=skip_strong_input_mnn; strong_input_explicit_accepted,redesign/artifacts/mnn_identity_enrichment_pass_searxng_raw.jsonl,461,correct,correct,correct,,,,rx,взрослые,sem_baseline,sem1,sem_wave500_mnn_v3_report,medium,Sem v3 canonical attr contains RX/OTC=rx,sem_baseline,sem1,sem_wave500_mnn_v3_report,medium,Sem v3 canonical attr contains Age=взрослые,rx,взрослые,,,,,,,"[{""value"": ""rx"", ""method"": ""sem_baseline"", ""stage"": ""sem1"", ""source"": ""sem_wave500_mnn_v3_report"", ""confidence"": ""medium""}]","[{""value"": ""взрослые"", ""method"": ""sem_baseline"", ""stage"": ""sem1"", ""source"": ""sem_wave500_mnn_v3_report"", ""confidence"": ""medium""}]",,,FALSE,FALSE,FALSE,FALSE,low,"[""mnn""]",previous enrichment RX/OTC absent; catalog RX/OTC absent/unknown; previous enrichment Age absent; catalog Age absent/unknown
7803,РОЗУВАСТАТИН-ТАД ТАБЛ. П/ПЛЕН/ОБ. 20МГ №30 | Крка-Рус ООО | Крка-Рус ООО,Розувастатин,Розувастатин,high,resolved_input_explicit,,,,skip_strong_input_mnn,FALSE,,0,,,,Розувастатин,input_explicit_mnn,FALSE,,pass_action=skip_strong_input_mnn; strong_input_explicit_accepted,redesign/artifacts/mnn_identity_enrichment_pass_searxng_raw.jsonl,461,correct,correct,correct,,,,rx,взрослые,sem_baseline,sem1,sem_wave500_mnn_v3_report,medium,Sem v3 canonical attr contains RX/OTC=rx,sem_baseline,sem1,sem_wave500_mnn_v3_report,medium,Sem v3 canonical attr contains Age=взрослые,rx,взрослые,,,,,,,"[{""value"": ""rx"", ""method"": ""sem_baseline"", ""stage"": ""sem1"", ""source"": ""sem_wave500_mnn_v3_report"", ""confidence"": ""medium""}]","[{""value"": ""взрослые"", ""method"": ""sem_baseline"", ""stage"": ""sem1"", ""source"": ""sem_wave500_mnn_v3_report"", ""confidence"": ""medium""}]",,,FALSE,FALSE,FALSE,FALSE,low,"[""mnn""]",previous enrichment RX/OTC absent; catalog RX/OTC absent/unknown; previous enrichment Age absent; catalog Age absent/unknown
20614,"ДЕКСАМЕТАЗОН-КРКА ТАБЛ. 4МГ №20 | КРКА Д.Д., НОВО МЕСТО АО/КРКА-РУС ООО | КРКА Д.Д., НОВО МЕСТО АО/КРКА-РУС ООО",Дексаметазон,Дексаметазон,high,resolved_input_explicit,,,,skip_strong_input_mnn,FALSE,,0,,,,Дексаметазон,input_explicit_mnn,FALSE,,pass_action=skip_strong_input_mnn; strong_input_explicit_accepted,redesign/artifacts/mnn_identity_enrichment_pass_searxng_raw.jsonl,461,correct,correct,incorrect,,,возрастной сегмент - универсальный,rx,unknown,sem_baseline,sem1,sem_wave500_mnn_v3_report,medium,Sem v3 canonical attr contains RX/OTC=rx,not_resolved,none,none,unknown,no accepted pipeline source contains Age; display value unknown,rx,,,,,,,,"[{""value"": ""rx"", ""method"": ""sem_baseline"", ""stage"": ""sem1"", ""source"": ""sem_wave500_mnn_v3_report"", ""confidence"": ""medium""}]",[],,,FALSE,FALSE,TRUE,TRUE,high,"[""age""]",previous enrichment RX/OTC absent; catalog RX/OTC absent/unknown; previous enrichment Age absent; Sem Age absent; catalog Age absent/unknown
10536,ОМЕПРАЗОЛ-ОBL КАПС. КИШ/РАСТ. 20МГ №28 | ОБОЛЕНСКОЕ ФП АО | ОБОЛЕНСКОЕ ФП АО,Омепразол,Омепразол,high,resolved_input_explicit,,,,skip_strong_input_mnn,FALSE,,0,,,,Омепразол,input_explicit_mnn,FALSE,,pass_action=skip_strong_input_mnn; strong_input_explicit_accepted,redesign/artifacts/mnn_identity_enrichment_pass_searxng_raw.jsonl,461,correct,correct,incorrect,,,возрастной сегмент - универсальный,rx,взрослые,sem_baseline,sem1,sem_wave500_mnn_v3_report,medium,Sem v3 canonical attr contains RX/OTC=rx,sem_baseline,sem1,sem_wave500_mnn_v3_report,medium,Sem v3 canonical attr contains Age=взрослые,rx,взрослые,,,,,,,"[{""value"": ""rx"", ""method"": ""sem_baseline"", ""stage"": ""sem1"", ""source"": ""sem_wave500_mnn_v3_report"", ""confidence"": ""medium""}]","[{""value"": ""взрослые"", ""method"": ""sem_baseline"", ""stage"": ""sem1"", ""source"": ""sem_wave500_mnn_v3_report"", ""confidence"": ""medium""}]",,,FALSE,FALSE,FALSE,FALSE,low,"[""mnn""]",previous enrichment RX/OTC absent; catalog RX/OTC absent/unknown; previous enrichment Age absent; catalog Age absent/unknown
26115,АМБРОКСОЛ ТАБЛ. 30МГ №20 ВЕРТЕКС | ВЕРТЕКС АО | ВЕРТЕКС АО,Амброксол,Амброксол,high,resolved_input_explicit,,,,skip_strong_input_mnn,FALSE,,0,,,,Амброксол,input_explicit_mnn,FALSE,,pass_action=skip_strong_input_mnn; strong_input_explicit_accepted,redesign/artifacts/mnn_identity_enrichment_pass_searxng_raw.jsonl,461,correct,incorrect,incorrect,,,"препарат otc, возрастной сегмент - универсальный",rx,взрослые,sem_baseline,sem1,sem_wave500_mnn_v3_report,medium,Sem v3 canonical attr contains RX/OTC=rx,sem_baseline,sem1,sem_wave500_mnn_v3_report,medium,Sem v3 canonical attr contains Age=взрослые,rx,взрослые,,,,,,,"[{""value"": ""rx"", ""method"": ""sem_baseline"", ""stage"": ""sem1"", ""source"": ""sem_wave500_mnn_v3_report"", ""confidence"": ""medium""}]","[{""value"": ""взрослые"", ""method"": ""sem_baseline"", ""stage"": ""sem1"", ""source"": ""sem_wave500_mnn_v3_report"", ""confidence"": ""medium""}]",,,FALSE,FALSE,FALSE,FALSE,low,"[""mnn""]",previous enrichment RX/OTC absent; catalog RX/OTC absent/unknown; previous enrichment Age absent; catalog Age absent/unknown
70,РОЗУВАСТАТИН-ТЕВА 20мг N90 таб. покрытые пленочной оболочкой Р-Фарм Новосёлки | Р-Фарм новосёлки ООО | Р-Фарм новосёлки ООО | N90,Розувастатин,Розувастатин,high,resolved_input_explicit,,,,skip_strong_input_mnn,FALSE,,0,,,,Розувастатин,input_explicit_mnn,FALSE,,pass_action=skip_strong_input_mnn; strong_input_explicit_accepted,redesign/artifacts/mnn_identity_enrichment_pass_searxng_raw.jsonl,461,correct,correct,correct,,,,rx,взрослые,sem_baseline,sem1,sem_wave500_mnn_v3_report,medium,Sem v3 canonical attr contains RX/OTC=rx,sem_baseline,sem1,sem_wave500_mnn_v3_report,medium,Sem v3 canonical attr contains Age=взрослые,rx,взрослые,,,,,,,"[{""value"": ""rx"", ""method"": ""sem_baseline"", ""stage"": ""sem1"", ""source"": ""sem_wave500_mnn_v3_report"", ""confidence"": ""medium""}]","[{""value"": ""взрослые"", ""method"": ""sem_baseline"", ""stage"": ""sem1"", ""source"": ""sem_wave500_mnn_v3_report"", ""confidence"": ""medium""}]",,,FALSE,FALSE,FALSE,FALSE,low,"[""mnn""]",previous enrichment RX/OTC absent; catalog RX/OTC absent/unknown; previous enrichment Age absent; catalog Age absent/unknown
15062,ЛИЗИНОПРИЛ-ТЕВА ТАБЛ. 10МГ №30 Р-ФАРМ | Р-ФАРМ НОВОСЕЛКИ ООО | Р-ФАРМ НОВОСЕЛКИ ООО,Лизиноприл,Лизиноприл,high,resolved_input_explicit,,,,skip_strong_input_mnn,FALSE,,0,,,,Лизиноприл,input_explicit_mnn,FALSE,,pass_action=skip_strong_input_mnn; strong_input_explicit_accepted,redesign/artifacts/mnn_identity_enrichment_pass_searxng_raw.jsonl,461,correct,correct,correct,,,,rx,взрослые,sem_baseline,sem1,sem_wave500_mnn_v3_report,medium,Sem v3 canonical attr contains RX/OTC=rx,sem_baseline,sem1,sem_wave500_mnn_v3_report,medium,Sem v3 canonical attr contains Age=взрослые,rx,взрослые,,,,,,,"[{""value"": ""rx"", ""method"": ""sem_baseline"", ""stage"": ""sem1"", ""source"": ""sem_wave500_mnn_v3_report"", ""confidence"": ""medium""}]","[{""value"": ""взрослые"", ""method"": ""sem_baseline"", ""stage"": ""sem1"", ""source"": ""sem_wave500_mnn_v3_report"", ""confidence"": ""medium""}]",,,FALSE,FALSE,FALSE,FALSE,low,"[""mnn""]",previous enrichment RX/OTC absent; catalog RX/OTC absent/unknown; previous enrichment Age absent; catalog Age absent/unknown
24945,АТОРВАСТАТИН-СЗ ТАБЛ. П/ПЛЕН/ОБ. 20МГ №30 | СЕВЕРНАЯ ЗВЕЗДА НАО | СЕВЕРНАЯ ЗВЕЗДА НАО,Аторвастатин,Аторвастатин,high,resolved_input_explicit,,,,skip_strong_input_mnn,FALSE,,0,,,,Аторвастатин,input_explicit_mnn,FALSE,,pass_action=skip_strong_input_mnn; strong_input_explicit_accepted,redesign/artifacts/mnn_identity_enrichment_pass_searxng_raw.jsonl,461,correct,correct,correct,,,,rx,взрослые,sem_baseline,sem1,sem_wave500_mnn_v3_report,medium,Sem v3 canonical attr contains RX/OTC=rx,sem_baseline,sem1,sem_wave500_mnn_v3_report,medium,Sem v3 canonical attr contains Age=взрослые,rx,взрослые,,,,,,,"[{""value"": ""rx"", ""method"": ""sem_baseline"", ""stage"": ""sem1"", ""source"": ""sem_wave500_mnn_v3_report"", ""confidence"": ""medium""}]","[{""value"": ""взрослые"", ""method"": ""sem_baseline"", ""stage"": ""sem1"", ""source"": ""sem_wave500_mnn_v3_report"", ""confidence"": ""medium""}]",,,FALSE,FALSE,FALSE,FALSE,low,"[""mnn""]",previous enrichment RX/OTC absent; catalog RX/OTC absent/unknown; previous enrichment Age absent; catalog Age absent/unknown
20122,ДИОСМИН ТАБЛ. П/ПЛЕН/ОБ. 600МГ №60 ОЗОН | ОЗОН ООО | ОЗОН ООО,Диосмин,Диосмин,high,resolved_input_explicit,,,,skip_strong_input_mnn,FALSE,,0,,,,Диосмин,input_explicit_mnn,FALSE,,pass_action=skip_strong_input_mnn; strong_input_explicit_accepted,redesign/artifacts/mnn_identity_enrichment_pass_searxng_raw.jsonl,461,correct,correct,incorrect,,,возрастной сегмент - универсальный,otc,взрослые,sem_baseline,sem1,sem_wave500_mnn_v3_report,medium,Sem v3 canonical attr contains RX/OTC=otc,sem_baseline,sem1,sem_wave500_mnn_v3_report,medium,Sem v3 canonical attr contains Age=взрослые,otc,взрослые,,,,,,,"[{""value"": ""otc"", ""method"": ""sem_baseline"", ""stage"": ""sem1"", ""source"": ""sem_wave500_mnn_v3_report"", ""confidence"": ""medium""}]","[{""value"": ""взрослые"", ""method"": ""sem_baseline"", ""stage"": ""sem1"", ""source"": ""sem_wave500_mnn_v3_report"", ""confidence"": ""medium""}]",,,FALSE,FALSE,FALSE,FALSE,low,"[""mnn""]",previous enrichment RX/OTC absent; catalog RX/OTC absent/unknown; previous enrichment Age absent; catalog Age absent/unknown
21010,ГЛИЦИН ФОРТЕ ТАБЛ. ЗАЩЕЧН. И П/ЯЗЫЧН. 250МГ №20 ОЗОН | ОЗОН ООО | ОЗОН ООО,Глицин,Глицин,high,resolved_input_explicit,,,,skip_strong_input_mnn,FALSE,,0,,,,Глицин,input_explicit_mnn,FALSE,,pass_action=skip_strong_input_mnn; strong_input_explicit_accepted,redesign/artifacts/mnn_identity_enrichment_pass_searxng_raw.jsonl,461,correct,correct,incorrect,,,возрастной сегмент - универсальный,otc,unknown,sem_baseline,sem1,sem_wave500_mnn_v3_report,medium,Sem v3 canonical attr contains RX/OTC=otc,not_resolved,none,none,unknown,no accepted pipeline source contains Age; display value unknown,otc,,,,,,,,"[{""value"": ""otc"", ""method"": ""sem_baseline"", ""stage"": ""sem1"", ""source"": ""sem_wave500_mnn_v3_report"", ""confidence"": ""medium""}]",[],,,FALSE,FALSE,TRUE,TRUE,high,"[""age""]",previous enrichment RX/OTC absent; catalog RX/OTC absent/unknown; previous enrichment Age absent; Sem Age absent; catalog Age absent/unknown
777,ЭНАЛАПРИЛ АЛЬФАКТИВ ТАБЛ. 20МГ №20 | ОЗОН ФАРМ ООО | ОЗОН ФАРМ ООО,Эналаприл,Эналаприл,high,resolved_input_explicit,,,,skip_strong_input_mnn,FALSE,,0,,,,Эналаприл,input_explicit_mnn,FALSE,,pass_action=skip_strong_input_mnn; strong_input_explicit_accepted,redesign/artifacts/mnn_identity_enrichment_pass_searxng_raw.jsonl,461,correct,correct,correct,,,,rx,взрослые,sem_baseline,sem1,sem_wave500_mnn_v3_report,medium,Sem v3 canonical attr contains RX/OTC=rx,sem_baseline,sem1,sem_wave500_mnn_v3_report,medium,Sem v3 canonical attr contains Age=взрослые,rx,взрослые,,,,,,,"[{""value"": ""rx"", ""method"": ""sem_baseline"", ""stage"": ""sem1"", ""source"": ""sem_wave500_mnn_v3_report"", ""confidence"": ""medium""}]","[{""value"": ""взрослые"", ""method"": ""sem_baseline"", ""stage"": ""sem1"", ""source"": ""sem_wave500_mnn_v3_report"", ""confidence"": ""medium""}]",,,FALSE,FALSE,FALSE,FALSE,low,"[""mnn""]",previous enrichment RX/OTC absent; catalog RX/OTC absent/unknown; previous enrichment Age absent; catalog Age absent/unknown
24901,АТОРВАСТАТИН-ТЕВА ТАБЛ. П/ПЛЕН/ОБ. 10МГ №30 АЛКАЛОИД | АЛКАЛОИД АД Скопье | АЛКАЛОИД АД Скопье,Аторвастатин,Аторвастатин,high,resolved_input_explicit,,,,skip_strong_input_mnn,FALSE,,0,,,,Аторвастатин,input_explicit_mnn,FALSE,,pass_action=skip_strong_input_mnn; strong_input_explicit_accepted,redesign/artifacts/mnn_identity_enrichment_pass_searxng_raw.jsonl,461,correct,correct,correct,,,,rx,взрослые,sem_baseline,sem1,sem_wave500_mnn_v3_report,medium,Sem v3 canonical attr contains RX/OTC=rx,sem_baseline,sem1,sem_wave500_mnn_v3_report,medium,Sem v3 canonical attr contains Age=взрослые,rx,взрослые,,,,,,,"[{""value"": ""rx"", ""method"": ""sem_baseline"", ""stage"": ""sem1"", ""source"": ""sem_wave500_mnn_v3_report"", ""confidence"": ""medium""}]","[{""value"": ""взрослые"", ""method"": ""sem_baseline"", ""stage"": ""sem1"", ""source"": ""sem_wave500_mnn_v3_report"", ""confidence"": ""medium""}]",,,FALSE,FALSE,FALSE,FALSE,low,"[""mnn""]",previous enrichment RX/OTC absent; catalog RX/OTC absent/unknown; previous enrichment Age absent; catalog Age absent/unknown
4593,ТОРАСЕМИД ТАБЛ. 10МГ №20 ОЗОН | ОЗОН ООО | ОЗОН ООО,Торасемид,Торасемид,high,resolved_input_explicit,,,,skip_strong_input_mnn,FALSE,,0,,,,Торасемид,input_explicit_mnn,FALSE,,pass_action=skip_strong_input_mnn; strong_input_explicit_accepted,redesign/artifacts/mnn_identity_enrichment_pass_searxng_raw.jsonl,461,correct,correct,correct,,,,rx,взрослые,sem_baseline,sem1,sem_wave500_mnn_v3_report,medium,Sem v3 canonical attr contains RX/OTC=rx,sem_baseline,sem1,sem_wave500_mnn_v3_report,medium,Sem v3 canonical attr contains Age=взрослые,rx,взрослые,,,,,,,"[{""value"": ""rx"", ""method"": ""sem_baseline"", ""stage"": ""sem1"", ""source"": ""sem_wave500_mnn_v3_report"", ""confidence"": ""medium""}]","[{""value"": ""взрослые"", ""method"": ""sem_baseline"", ""stage"": ""sem1"", ""source"": ""sem_wave500_mnn_v3_report"", ""confidence"": ""medium""}]",,,FALSE,FALSE,FALSE,FALSE,low,"[""mnn""]",previous enrichment RX/OTC absent; catalog RX/OTC absent/unknown; previous enrichment Age absent; catalog Age absent/unknown
4684,ТОЛПЕРИЗОН ТАБЛ. П/ПЛЕН/ОБ. 150МГ №30 ОЗОН | ОЗОН ООО | ОЗОН ООО,Толперизон,Толперизон,high,resolved_input_explicit,,,,skip_strong_input_mnn,FALSE,,0,,,,Толперизон,input_explicit_mnn,FALSE,,pass_action=skip_strong_input_mnn; strong_input_explicit_accepted,redesign/artifacts/mnn_identity_enrichment_pass_searxng_raw.jsonl,461,correct,correct,correct,,,,rx,взрослые,sem_baseline,sem1,sem_wave500_mnn_v3_report,medium,Sem v3 canonical attr contains RX/OTC=rx,sem_baseline,sem1,sem_wave500_mnn_v3_report,medium,Sem v3 canonical attr contains Age=взрослые,rx,взрослые,,,,,,,"[{""value"": ""rx"", ""method"": ""sem_baseline"", ""stage"": ""sem1"", ""source"": ""sem_wave500_mnn_v3_report"", ""confidence"": ""medium""}]","[{""value"": ""взрослые"", ""method"": ""sem_baseline"", ""stage"": ""sem1"", ""source"": ""sem_wave500_mnn_v3_report"", ""confidence"": ""medium""}]",,,FALSE,FALSE,FALSE,FALSE,low,"[""mnn""]",previous enrichment RX/OTC absent; catalog RX/OTC absent/unknown; previous enrichment Age absent; catalog Age absent/unknown
15150,ЛИДОКАИН БУФУС Р-Р Д/ИН. 100МГ/МЛ АМП. 2МЛ №10 ОБНОВЛЕНИЕ | ОБНОВЛЕНИЕ ПФК АО | ОБНОВЛЕНИЕ ПФК АО,Лидокаин,Лидокаин,high,resolved_input_explicit,,,,skip_strong_input_mnn,FALSE,,0,,,,Лидокаин,input_explicit_mnn,FALSE,,pass_action=skip_strong_input_mnn; strong_input_explicit_accepted,redesign/artifacts/mnn_identity_enrichment_pass_searxng_raw.jsonl,461,correct,correct,incorrect,,,возрастной сегмент - взрослый,rx,unknown,sem_baseline,sem1,sem_wave500_mnn_v3_report,medium,Sem v3 canonical attr contains RX/OTC=rx,not_resolved,none,none,unknown,no accepted pipeline source contains Age; display value unknown,rx,,,,,,,,"[{""value"": ""rx"", ""method"": ""sem_baseline"", ""stage"": ""sem1"", ""source"": ""sem_wave500_mnn_v3_report"", ""confidence"": ""medium""}]",[],,,FALSE,FALSE,TRUE,TRUE,high,"[""age""]",previous enrichment RX/OTC absent; catalog RX/OTC absent/unknown; previous enrichment Age absent; Sem Age absent; catalog Age absent/unknown
21019,ГЛИЦИН ТАБЛ. П/ЯЗЫЧН. 100МГ №50 ОЗОН | ОЗОН ООО | ОЗОН ООО,Глицин,Глицин,high,resolved_enrichment,,Глицин,ok,reuse_existing_enrichment,FALSE,,0,,,,Глицин,input_plus_enrichment,FALSE,,pass_action=reuse_existing_enrichment; identity_gate_already_used_enrichment,redesign/artifacts/mnn_identity_enrichment_pass_searxng_raw.jsonl,461,correct,correct,correct,,,,otc,универсальный,previous_enrichment,previous_mnn_enrichment,mnn_catalog_resolution_wave500_v3,high,"reused prior enrichment: status=ok, validated RX/OTC=otc",previous_enrichment,previous_mnn_enrichment,mnn_catalog_resolution_wave500_v3,high,"reused prior enrichment: status=ok, validated Age=универсальный",otc,универсальный,,,otc,универсальный,,,"[{""value"": ""otc"", ""method"": ""previous_enrichment"", ""stage"": ""previous_mnn_enrichment"", ""source"": ""mnn_catalog_resolution_wave500_v3"", ""confidence"": ""high""}, {""value"": ""otc"", ""method"": ""sem_baseline"", ""stage"": ""sem1"", ""source"": ""sem_wave500_mnn_v3_report"", ""confidence"": ""medium""}]","[{""value"": ""универсальный"", ""method"": ""previous_enrichment"", ""stage"": ""previous_mnn_enrichment"", ""source"": ""mnn_catalog_resolution_wave500_v3"", ""confidence"": ""high""}, {""value"": ""универсальный"", ""method"": ""sem_baseline"", ""stage"": ""sem1"", ""source"": ""sem_wave500_mnn_v3_report"", ""confidence"": ""medium""}]",,,FALSE,FALSE,FALSE,FALSE,low,"[""mnn""]",catalog RX/OTC absent/unknown; catalog Age absent/unknown
21137,ГЛИБЕНКЛАМИД ТАБЛ. 5МГ №120 ОЗОН ФАРМ | ОЗОН ФАРМ ООО | ОЗОН ФАРМ ООО,Глибенкламид,,none,resolved_enrichment,,Глибенкламид,ok,reuse_existing_enrichment,FALSE,,0,,,,Глибенкламид,enrichment,FALSE,,pass_action=reuse_existing_enrichment; identity_gate_already_used_enrichment,redesign/artifacts/mnn_identity_enrichment_pass_searxng_raw.jsonl,461,correct,correct,correct,,,,rx,универсальный,previous_enrichment,previous_mnn_enrichment,mnn_catalog_resolution_wave500_v3,high,"reused prior enrichment: status=ok, validated RX/OTC=rx",previous_enrichment,previous_mnn_enrichment,mnn_catalog_resolution_wave500_v3,high,"reused prior enrichment: status=ok, validated Age=универсальный; weaker sources differ: sem_baseline=взрослые",rx,взрослые,,,rx,универсальный,,,"[{""value"": ""rx"", ""method"": ""previous_enrichment"", ""stage"": ""previous_mnn_enrichment"", ""source"": ""mnn_catalog_resolution_wave500_v3"", ""confidence"": ""high""}, {""value"": ""rx"", ""method"": ""sem_baseline"", ""stage"": ""sem1"", ""source"": ""sem_wave500_mnn_v3_report"", ""confidence"": ""medium""}]","[{""value"": ""универсальный"", ""method"": ""previous_enrichment"", ""stage"": ""previous_mnn_enrichment"", ""source"": ""mnn_catalog_resolution_wave500_v3"", ""confidence"": ""high""}, {""value"": ""взрослые"", ""method"": ""sem_baseline"", ""stage"": ""sem1"", ""source"": ""sem_wave500_mnn_v3_report"", ""confidence"": ""medium""}]",,,FALSE,FALSE,FALSE,FALSE,low,"[""mnn""]",catalog RX/OTC absent/unknown; catalog Age absent/unknown
24682,АЦИКЛОВИР ТАБЛ. 200МГ №20 АВЕКСИМА | ИРБИТСКИЙ ХИМЗАВОД ОАО | ИРБИТСКИЙ ХИМЗАВОД ОАО,Ацикловир,Ацикловир,high,resolved_enrichment,,Ацикловир,ok,reuse_existing_enrichment,FALSE,,0,,,,Ацикловир,input_plus_enrichment,FALSE,,pass_action=reuse_existing_enrichment; identity_gate_already_used_enrichment,redesign/artifacts/mnn_identity_enrichment_pass_searxng_raw.jsonl,461,correct,correct,correct,,,,rx,универсальный,previous_enrichment,previous_mnn_enrichment,mnn_catalog_resolution_wave500_v3,high,"reused prior enrichment: status=ok, validated RX/OTC=rx",previous_enrichment,previous_mnn_enrichment,mnn_catalog_resolution_wave500_v3,high,"reused prior enrichment: status=ok, validated Age=универсальный",rx,,,,rx,универсальный,,,"[{""value"": ""rx"", ""method"": ""previous_enrichment"", ""stage"": ""previous_mnn_enrichment"", ""source"": ""mnn_catalog_resolution_wave500_v3"", ""confidence"": ""high""}, {""value"": ""rx"", ""method"": ""sem_baseline"", ""stage"": ""sem1"", ""source"": ""sem_wave500_mnn_v3_report"", ""confidence"": ""medium""}]","[{""value"": ""универсальный"", ""method"": ""previous_enrichment"", ""stage"": ""previous_mnn_enrichment"", ""source"": ""mnn_catalog_resolution_wave500_v3"", ""confidence"": ""high""}]",,,FALSE,FALSE,FALSE,FALSE,low,"[""mnn""]",catalog RX/OTC absent/unknown; Sem Age absent; catalog Age absent/unknown
2621,ФУРАЦИЛИН ТАБЛ. Д/Р-РА Д/МЕСТН. И НАРУЖ. ПРИМ. 20МГ №20 ТАТХИМФАРМПРЕПАРАТЫ | ТАТХИМФАРМПРЕПАРАТЫ АО | ТАТХИМФАРМПРЕПАРАТЫ АО,Нитрофурал,,none,resolved_enrichment,,Нитрофурал,ok,reuse_existing_enrichment,FALSE,,0,,,,Нитрофурал,enrichment,FALSE,,pass_action=reuse_existing_enrichment; identity_gate_already_used_enrichment,redesign/artifacts/mnn_identity_enrichment_pass_searxng_raw.jsonl,461,correct,incorrect,correct,,,препарат OTC,rx,универсальный,previous_enrichment,previous_mnn_enrichment,mnn_catalog_resolution_wave500_v3,high,"reused prior enrichment: status=ok, validated RX/OTC=rx",previous_enrichment,previous_mnn_enrichment,mnn_catalog_resolution_wave500_v3,high,"reused prior enrichment: status=ok, validated Age=универсальный; weaker sources differ: sem_baseline=взрослые",rx,взрослые,,,rx,универсальный,,,"[{""value"": ""rx"", ""method"": ""previous_enrichment"", ""stage"": ""previous_mnn_enrichment"", ""source"": ""mnn_catalog_resolution_wave500_v3"", ""confidence"": ""high""}, {""value"": ""rx"", ""method"": ""sem_baseline"", ""stage"": ""sem1"", ""source"": ""sem_wave500_mnn_v3_report"", ""confidence"": ""medium""}]","[{""value"": ""универсальный"", ""method"": ""previous_enrichment"", ""stage"": ""previous_mnn_enrichment"", ""source"": ""mnn_catalog_resolution_wave500_v3"", ""confidence"": ""high""}, {""value"": ""взрослые"", ""method"": ""sem_baseline"", ""stage"": ""sem1"", ""source"": ""sem_wave500_mnn_v3_report"", ""confidence"": ""medium""}]",,,FALSE,FALSE,FALSE,FALSE,low,"[""mnn""]",catalog RX/OTC absent/unknown; catalog Age absent/unknown
24098,БЕТАГИСТИН СОЛОФАРМ ТАБЛ. 16МГ №30 | ГРОТЕКС ООО | ГРОТЕКС ООО,Бетагистин,,none,resolved_enrichment,,Бетагистин,ok,reuse_existing_enrichment,FALSE,,0,,,,Бетагистин,enrichment,FALSE,,pass_action=reuse_existing_enrichment; identity_gate_already_used_enrichment,redesign/artifacts/mnn_identity_enrichment_pass_searxng_raw.jsonl,461,correct,correct,correct,,,,rx,взрослые,previous_enrichment,previous_mnn_enrichment,mnn_catalog_resolution_wave500_v3,high,"reused prior enrichment: status=ok, validated RX/OTC=rx",previous_enrichment,previous_mnn_enrichment,mnn_catalog_resolution_wave500_v3,high,"reused prior enrichment: status=ok, validated Age=взрослые",rx,взрослые,,,rx,взрослые,,,"[{""value"": ""rx"", ""method"": ""previous_enrichment"", ""stage"": ""previous_mnn_enrichment"", ""source"": ""mnn_catalog_resolution_wave500_v3"", ""confidence"": ""high""}, {""value"": ""rx"", ""method"": ""sem_baseline"", ""stage"": ""sem1"", ""source"": ""sem_wave500_mnn_v3_report"", ""confidence"": ""medium""}]","[{""value"": ""взрослые"", ""method"": ""previous_enrichment"", ""stage"": ""previous_mnn_enrichment"", ""source"": ""mnn_catalog_resolution_wave500_v3"", ""confidence"": ""high""}, {""value"": ""взрослые"", ""method"": ""sem_baseline"", ""stage"": ""sem1"", ""source"": ""sem_wave500_mnn_v3_report"", ""confidence"": ""medium""}]",,,FALSE,FALSE,FALSE,FALSE,low,"[""mnn""]",catalog RX/OTC absent/unknown; catalog Age absent/unknown
24896,АТОРВАСТАТИН-ФП ТАБЛ. П/ПЛЕН/ОБ. 20МГ №30 | ФАРМПРОЕКТ АО | ФАРМПРОЕКТ АО,Аторвастатин,Аторвастатин,high,resolved_enrichment,,Аторвастатин,ok,reuse_existing_enrichment,FALSE,,0,,,,Аторвастатин,input_plus_enrichment,FALSE,,pass_action=reuse_existing_enrichment; identity_gate_already_used_enrichment,redesign/artifacts/mnn_identity_enrichment_pass_searxng_raw.jsonl,461,correct,correct,correct,,,,rx,взрослые,previous_enrichment,previous_mnn_enrichment,mnn_catalog_resolution_wave500_v3,high,"reused prior enrichment: status=ok, validated RX/OTC=rx",previous_enrichment,previous_mnn_enrichment,mnn_catalog_resolution_wave500_v3,high,"reused prior enrichment: status=ok, validated Age=взрослые",rx,взрослые,,,rx,взрослые,,,"[{""value"": ""rx"", ""method"": ""previous_enrichment"", ""stage"": ""previous_mnn_enrichment"", ""source"": ""mnn_catalog_resolution_wave500_v3"", ""confidence"": ""high""}, {""value"": ""rx"", ""method"": ""sem_baseline"", ""stage"": ""sem1"", ""source"": ""sem_wave500_mnn_v3_report"", ""confidence"": ""medium""}]","[{""value"": ""взрослые"", ""method"": ""previous_enrichment"", ""stage"": ""previous_mnn_enrichment"", ""source"": ""mnn_catalog_resolution_wave500_v3"", ""confidence"": ""high""}, {""value"": ""взрослые"", ""method"": ""sem_baseline"", ""stage"": ""sem1"", ""source"": ""sem_wave500_mnn_v3_report"", ""confidence"": ""medium""}]",,,FALSE,FALSE,FALSE,FALSE,low,"[""mnn""]",catalog RX/OTC absent/unknown; catalog Age absent/unknown
13616,"МЕЛИССЫ ЛЕКАРСТВЕННОЙ ТРАВА Ф/П 1,5Г №20 ЗДОРОВЬЕ | ЗДОРОВЬЕ ФИРМА ООО | ЗДОРОВЬЕ ФИРМА ООО",Мелиссы лекарственной трава,,none,resolved_enrichment,,Melissae officinalis herba,ok,reuse_existing_enrichment,FALSE,,0,,,,Melissae officinalis herba,enrichment,FALSE,,pass_action=reuse_existing_enrichment; identity_gate_already_used_enrichment,redesign/artifacts/mnn_identity_enrichment_pass_searxng_raw.jsonl,461,correct,correct,incorrect,,,возрастной сегмент - универсальный. MNN необходим на кирилице,otc,взрослые,previous_enrichment,previous_mnn_enrichment,mnn_catalog_resolution_wave500_v3,high,"reused prior enrichment: status=ok, validated RX/OTC=otc",previous_enrichment,previous_mnn_enrichment,mnn_catalog_resolution_wave500_v3,high,"reused prior enrichment: status=ok, validated Age=взрослые",otc,взрослые,,,otc,взрослые,,,"[{""value"": ""otc"", ""method"": ""previous_enrichment"", ""stage"": ""previous_mnn_enrichment"", ""source"": ""mnn_catalog_resolution_wave500_v3"", ""confidence"": ""high""}, {""value"": ""otc"", ""method"": ""sem_baseline"", ""stage"": ""sem1"", ""source"": ""sem_wave500_mnn_v3_report"", ""confidence"": ""medium""}]","[{""value"": ""взрослые"", ""method"": ""previous_enrichment"", ""stage"": ""previous_mnn_enrichment"", ""source"": ""mnn_catalog_resolution_wave500_v3"", ""confidence"": ""high""}, {""value"": ""взрослые"", ""method"": ""sem_baseline"", ""stage"": ""sem1"", ""source"": ""sem_wave500_mnn_v3_report"", ""confidence"": ""medium""}]",,,FALSE,FALSE,FALSE,FALSE,low,"[""mnn""]",catalog RX/OTC absent/unknown; catalog Age absent/unknown
7625,РОСИНСУЛИН С МЕДСИНТЕЗ СУСП. ДЛЯ П/К ВВЕД. 100МЕ/МЛ КАРТРИДЖ 3МЛ №5 | ЗАВОД МЕДСИНТЕЗ ООО | ЗАВОД МЕДСИНТЕЗ ООО,Инсулин человеческий,,none,resolved_enrichment,,Инсулин человеческий,ok,reuse_existing_enrichment,FALSE,,0,,,,Инсулин человеческий,enrichment,FALSE,,pass_action=reuse_existing_enrichment; identity_gate_already_used_enrichment,redesign/artifacts/mnn_identity_enrichment_pass_searxng_raw.jsonl,461,correct,correct,correct,,,,rx,универсальный,previous_enrichment,previous_mnn_enrichment,mnn_catalog_resolution_wave500_v3,high,"reused prior enrichment: status=ok, validated RX/OTC=rx",previous_enrichment,previous_mnn_enrichment,mnn_catalog_resolution_wave500_v3,high,"reused prior enrichment: status=ok, validated Age=универсальный",rx,,,,rx,универсальный,,,"[{""value"": ""rx"", ""method"": ""previous_enrichment"", ""stage"": ""previous_mnn_enrichment"", ""source"": ""mnn_catalog_resolution_wave500_v3"", ""confidence"": ""high""}, {""value"": ""rx"", ""method"": ""sem_baseline"", ""stage"": ""sem1"", ""source"": ""sem_wave500_mnn_v3_report"", ""confidence"": ""medium""}]","[{""value"": ""универсальный"", ""method"": ""previous_enrichment"", ""stage"": ""previous_mnn_enrichment"", ""source"": ""mnn_catalog_resolution_wave500_v3"", ""confidence"": ""high""}]",,,FALSE,FALSE,FALSE,FALSE,low,"[""mnn""]",catalog RX/OTC absent/unknown; Sem Age absent; catalog Age absent/unknown
18125,КАНДЕСАРТАН ТАБЛ. 16МГ №28 БЕРЕЗОВСКИЙ ФЗ | БЕРЕЗОВСКИЙ ФЗ | БЕРЕЗОВСКИЙ ФЗ,Кандесартан,,none,resolved_enrichment,,Кандесартан,ok,reuse_existing_enrichment,FALSE,,0,,,,Кандесартан,enrichment,FALSE,,pass_action=reuse_existing_enrichment; identity_gate_already_used_enrichment,redesign/artifacts/mnn_identity_enrichment_pass_searxng_raw.jsonl,461,correct,correct,incorrect,,,возрастной сегмент - взрослый,rx,универсальный,previous_enrichment,previous_mnn_enrichment,mnn_catalog_resolution_wave500_v3,high,"reused prior enrichment: status=ok, validated RX/OTC=rx",previous_enrichment,previous_mnn_enrichment,mnn_catalog_resolution_wave500_v3,high,"reused prior enrichment: status=ok, validated Age=универсальный; weaker sources differ: sem_baseline=взрослые",rx,взрослые,,,rx,универсальный,,,"[{""value"": ""rx"", ""method"": ""previous_enrichment"", ""stage"": ""previous_mnn_enrichment"", ""source"": ""mnn_catalog_resolution_wave500_v3"", ""confidence"": ""high""}, {""value"": ""rx"", ""method"": ""sem_baseline"", ""stage"": ""sem1"", ""source"": ""sem_wave500_mnn_v3_report"", ""confidence"": ""medium""}]","[{""value"": ""универсальный"", ""method"": ""previous_enrichment"", ""stage"": ""previous_mnn_enrichment"", ""source"": ""mnn_catalog_resolution_wave500_v3"", ""confidence"": ""high""}, {""value"": ""взрослые"", ""method"": ""sem_baseline"", ""stage"": ""sem1"", ""source"": ""sem_wave500_mnn_v3_report"", ""confidence"": ""medium""}]",,,FALSE,FALSE,FALSE,FALSE,low,"[""mnn""]",catalog RX/OTC absent/unknown; catalog Age absent/unknown
24750,АЦЕТИЛСАЛИЦИЛОВАЯ КИСЛОТА ПЛЮС РЕНЕВАЛ ТАБЛ. 500МГ+25МГ №20 | ОБНОВЛЕНИЕ ПФК АО | ОБНОВЛЕНИЕ ПФК АО,Ацетилсалициловая кислота + Аскорбиновая кислота,,none,resolved_enrichment,,"Ацетилсалициловая кислота, Аскорбиновая кислота",ok,reuse_existing_enrichment,FALSE,,0,,,,"Ацетилсалициловая кислота, Аскорбиновая кислота",enrichment,FALSE,,pass_action=reuse_existing_enrichment; identity_gate_already_used_enrichment,redesign/artifacts/mnn_identity_enrichment_pass_searxng_raw.jsonl,461,correct,correct,incorrect,,,возрастной сегмент - универсальный,otc,взрослые,previous_enrichment,previous_mnn_enrichment,mnn_catalog_resolution_wave500_v3,high,"reused prior enrichment: status=ok, validated RX/OTC=otc",previous_enrichment,previous_mnn_enrichment,mnn_catalog_resolution_wave500_v3,high,"reused prior enrichment: status=ok, validated Age=взрослые",otc,взрослые,,,otc,взрослые,,,"[{""value"": ""otc"", ""method"": ""previous_enrichment"", ""stage"": ""previous_mnn_enrichment"", ""source"": ""mnn_catalog_resolution_wave500_v3"", ""confidence"": ""high""}, {""value"": ""otc"", ""method"": ""sem_baseline"", ""stage"": ""sem1"", ""source"": ""sem_wave500_mnn_v3_report"", ""confidence"": ""medium""}]","[{""value"": ""взрослые"", ""method"": ""previous_enrichment"", ""stage"": ""previous_mnn_enrichment"", ""source"": ""mnn_catalog_resolution_wave500_v3"", ""confidence"": ""high""}, {""value"": ""взрослые"", ""method"": ""sem_baseline"", ""stage"": ""sem1"", ""source"": ""sem_wave500_mnn_v3_report"", ""confidence"": ""medium""}]",,,FALSE,FALSE,FALSE,FALSE,low,"[""mnn""]",catalog RX/OTC absent/unknown; catalog Age absent/unknown
354,"ЭХИНАЦЕИ ПУРПУРНОЙ ТРАВА 1,5Г Ф/П №20 ИВАН ЧАЙ | ИВАН-ЧАЙ ЗАО | ИВАН-ЧАЙ ЗАО",,,none,resolved_enrichment,,Эхинацеи пурпурной трава,ok,reuse_existing_enrichment,FALSE,,0,,,,Эхинацеи пурпурной трава,enrichment,FALSE,,pass_action=reuse_existing_enrichment; identity_gate_already_used_enrichment,redesign/artifacts/mnn_identity_enrichment_pass_searxng_raw.jsonl,461,correct,correct,correct,,,,otc,взрослые,previous_enrichment,previous_mnn_enrichment,mnn_catalog_resolution_wave500_v3,high,"reused prior enrichment: status=ok, validated RX/OTC=otc",previous_enrichment,previous_mnn_enrichment,mnn_catalog_resolution_wave500_v3,high,"reused prior enrichment: status=ok, validated Age=взрослые",otc,,,,otc,взрослые,,,"[{""value"": ""otc"", ""method"": ""previous_enrichment"", ""stage"": ""previous_mnn_enrichment"", ""source"": ""mnn_catalog_resolution_wave500_v3"", ""confidence"": ""high""}, {""value"": ""otc"", ""method"": ""sem_baseline"", ""stage"": ""sem1"", ""source"": ""sem_wave500_mnn_v3_report"", ""confidence"": ""medium""}]","[{""value"": ""взрослые"", ""method"": ""previous_enrichment"", ""stage"": ""previous_mnn_enrichment"", ""source"": ""mnn_catalog_resolution_wave500_v3"", ""confidence"": ""high""}]",,,FALSE,FALSE,FALSE,FALSE,low,"[""mnn""]",catalog RX/OTC absent/unknown; Sem Age absent; catalog Age absent/unknown
24095,БЕТАГИСТИН ТАБЛ. 16МГ №30 ОЗОН | ОЗОН ООО | ОЗОН ООО,Бетагистин,,none,resolved_enrichment,,Бетагистин,ok,reuse_existing_enrichment,FALSE,,0,,,,Бетагистин,enrichment,FALSE,,pass_action=reuse_existing_enrichment; identity_gate_already_used_enrichment,redesign/artifacts/mnn_identity_enrichment_pass_searxng_raw.jsonl,461,correct,correct,correct,,,,rx,взрослые,previous_enrichment,previous_mnn_enrichment,mnn_catalog_resolution_wave500_v3,high,"reused prior enrichment: status=ok, validated RX/OTC=rx",previous_enrichment,previous_mnn_enrichment,mnn_catalog_resolution_wave500_v3,high,"reused prior enrichment: status=ok, validated Age=взрослые",rx,взрослые,,,rx,взрослые,,,"[{""value"": ""rx"", ""method"": ""previous_enrichment"", ""stage"": ""previous_mnn_enrichment"", ""source"": ""mnn_catalog_resolution_wave500_v3"", ""confidence"": ""high""}, {""value"": ""rx"", ""method"": ""sem_baseline"", ""stage"": ""sem1"", ""source"": ""sem_wave500_mnn_v3_report"", ""confidence"": ""medium""}]","[{""value"": ""взрослые"", ""method"": ""previous_enrichment"", ""stage"": ""previous_mnn_enrichment"", ""source"": ""mnn_catalog_resolution_wave500_v3"", ""confidence"": ""high""}, {""value"": ""взрослые"", ""method"": ""sem_baseline"", ""stage"": ""sem1"", ""source"": ""sem_wave500_mnn_v3_report"", ""confidence"": ""medium""}]",,,FALSE,FALSE,FALSE,FALSE,low,"[""mnn""]",catalog RX/OTC absent/unknown; catalog Age absent/unknown
18377,ЙОД Р-Р Д/НАРУЖ. ПРИМ. СПИРТ. 5% ФЛ. 25МЛ ГИППОКРАТ | ГИППОКРАТ | ГИППОКРАТ,Йод,,none,resolved_enrichment,,Йод,ok,reuse_existing_enrichment,FALSE,,0,,,,Йод,enrichment,FALSE,,pass_action=reuse_existing_enrichment; identity_gate_already_used_enrichment,redesign/artifacts/mnn_identity_enrichment_pass_searxng_raw.jsonl,461,correct,incorrect,correct,,,препарат OTC,rx,универсальный,previous_enrichment,previous_mnn_enrichment,mnn_catalog_resolution_wave500_v3,high,"reused prior enrichment: status=ok, validated RX/OTC=rx; weaker sources differ: sem_baseline=otc",previous_enrichment,previous_mnn_enrichment,mnn_catalog_resolution_wave500_v3,high,"reused prior enrichment: status=ok, validated Age=универсальный",otc,,,,rx,универсальный,,,"[{""value"": ""rx"", ""method"": ""previous_enrichment"", ""stage"": ""previous_mnn_enrichment"", ""source"": ""mnn_catalog_resolution_wave500_v3"", ""confidence"": ""high""}, {""value"": ""otc"", ""method"": ""sem_baseline"", ""stage"": ""sem1"", ""source"": ""sem_wave500_mnn_v3_report"", ""confidence"": ""medium""}]","[{""value"": ""универсальный"", ""method"": ""previous_enrichment"", ""stage"": ""previous_mnn_enrichment"", ""source"": ""mnn_catalog_resolution_wave500_v3"", ""confidence"": ""high""}]",,,FALSE,FALSE,FALSE,FALSE,low,"[""mnn""]",catalog RX/OTC absent/unknown; Sem Age absent; catalog Age absent/unknown
12495,МУКОСАТ МАЗЬ Д/НАРУЖ. ПРИМ. 5% ТУБА 30Г | ЗЕЛЕНАЯ ДУБРАВА ЗАО | ЗЕЛЕНАЯ ДУБРАВА ЗАО,,,none,resolved_enrichment,,Хондроитина Сульфат Натрия,ok,reuse_existing_enrichment,FALSE,,0,,,,Хондроитина Сульфат Натрия,enrichment,FALSE,,pass_action=reuse_existing_enrichment; identity_gate_already_used_enrichment,redesign/artifacts/mnn_identity_enrichment_pass_searxng_raw.jsonl,461,correct,correct,correct,,,,rx,взрослые,previous_enrichment,previous_mnn_enrichment,mnn_catalog_resolution_wave500_v3,high,"reused prior enrichment: status=ok, validated RX/OTC=rx; weaker sources differ: sem_baseline=otc",previous_enrichment,previous_mnn_enrichment,mnn_catalog_resolution_wave500_v3,high,"reused prior enrichment: status=ok, validated Age=взрослые",otc,,,,rx,взрослые,,,"[{""value"": ""rx"", ""method"": ""previous_enrichment"", ""stage"": ""previous_mnn_enrichment"", ""source"": ""mnn_catalog_resolution_wave500_v3"", ""confidence"": ""high""}, {""value"": ""otc"", ""method"": ""sem_baseline"", ""stage"": ""sem1"", ""source"": ""sem_wave500_mnn_v3_report"", ""confidence"": ""medium""}]","[{""value"": ""взрослые"", ""method"": ""previous_enrichment"", ""stage"": ""previous_mnn_enrichment"", ""source"": ""mnn_catalog_resolution_wave500_v3"", ""confidence"": ""high""}]",,,FALSE,FALSE,FALSE,FALSE,low,"[""mnn""]",catalog RX/OTC absent/unknown; Sem Age absent; catalog Age absent/unknown
25599,АПИЛАК ТАБЛ. П/ЯЗЫЧН. 10МГ №30 ВИФИТЕХ | ВИФИТЕХ | ВИФИТЕХ,,,none,resolved_enrichment,,Маточное Молочко,ok,reuse_existing_enrichment,FALSE,,0,,,,Маточное Молочко,enrichment,FALSE,,pass_action=reuse_existing_enrichment; identity_gate_already_used_enrichment,redesign/artifacts/mnn_identity_enrichment_pass_searxng_raw.jsonl,461,correct,correct,correct,,,,otc,универсальный,previous_enrichment,previous_mnn_enrichment,mnn_catalog_resolution_wave500_v3,high,"reused prior enrichment: status=ok, validated RX/OTC=otc",previous_enrichment,previous_mnn_enrichment,mnn_catalog_resolution_wave500_v3,high,"reused prior enrichment: status=ok, validated Age=универсальный",,,,,otc,универсальный,,,"[{""value"": ""otc"", ""method"": ""previous_enrichment"", ""stage"": ""previous_mnn_enrichment"", ""source"": ""mnn_catalog_resolution_wave500_v3"", ""confidence"": ""high""}]","[{""value"": ""универсальный"", ""method"": ""previous_enrichment"", ""stage"": ""previous_mnn_enrichment"", ""source"": ""mnn_catalog_resolution_wave500_v3"", ""confidence"": ""high""}]",,,FALSE,FALSE,FALSE,FALSE,low,"[""mnn""]",Sem RX/OTC absent; catalog RX/OTC absent/unknown; Sem Age absent; catalog Age absent/unknown
9301,ПОЛЫНИ ГОРЬКОЙ ТРАВА 50Г ФИТОФАРМ | ФИТОФАРМ ООО | ФИТОФАРМ ООО,Полыни горькой трава,,none,resolved_enrichment,,Полыни горькой трава,ok,reuse_existing_enrichment,FALSE,,0,,,,Полыни горькой трава,enrichment,FALSE,,pass_action=reuse_existing_enrichment; identity_gate_already_used_enrichment,redesign/artifacts/mnn_identity_enrichment_pass_searxng_raw.jsonl,461,correct,correct,incorrect,,,возрастной сегмент - взрослый,otc,универсальный,previous_enrichment,previous_mnn_enrichment,mnn_catalog_resolution_wave500_v3,high,"reused prior enrichment: status=ok, validated RX/OTC=otc",previous_enrichment,previous_mnn_enrichment,mnn_catalog_resolution_wave500_v3,high,"reused prior enrichment: status=ok, validated Age=универсальный; weaker sources differ: sem_baseline=взрослые",otc,взрослые,,,otc,универсальный,,,"[{""value"": ""otc"", ""method"": ""previous_enrichment"", ""stage"": ""previous_mnn_enrichment"", ""source"": ""mnn_catalog_resolution_wave500_v3"", ""confidence"": ""high""}, {""value"": ""otc"", ""method"": ""sem_baseline"", ""stage"": ""sem1"", ""source"": ""sem_wave500_mnn_v3_report"", ""confidence"": ""medium""}]","[{""value"": ""универсальный"", ""method"": ""previous_enrichment"", ""stage"": ""previous_mnn_enrichment"", ""source"": ""mnn_catalog_resolution_wave500_v3"", ""confidence"": ""high""}, {""value"": ""взрослые"", ""method"": ""sem_baseline"", ""stage"": ""sem1"", ""source"": ""sem_wave500_mnn_v3_report"", ""confidence"": ""medium""}]",,,FALSE,FALSE,FALSE,FALSE,low,"[""mnn""]",catalog RX/OTC absent/unknown; catalog Age absent/unknown
9511,ПИОНА НАСТОЙКА РЕНЕВАЛ ФЛ. 25МЛ | ОБНОВЛЕНИЕ ПФК АО | ОБНОВЛЕНИЕ ПФК АО,,,none,resolved_enrichment,,"Пиона уклоняющегося травы, корневищ и корней настойка",ok,reuse_existing_enrichment,FALSE,,0,,,,"Пиона уклоняющегося травы, корневищ и корней настойка",enrichment,FALSE,,pass_action=reuse_existing_enrichment; identity_gate_already_used_enrichment,redesign/artifacts/mnn_identity_enrichment_pass_searxng_raw.jsonl,461,correct,correct,correct,,,,otc,взрослые,previous_enrichment,previous_mnn_enrichment,mnn_catalog_resolution_wave500_v3,high,"reused prior enrichment: status=ok, validated RX/OTC=otc",previous_enrichment,previous_mnn_enrichment,mnn_catalog_resolution_wave500_v3,high,"reused prior enrichment: status=ok, validated Age=взрослые",otc,взрослые,,,otc,взрослые,,,"[{""value"": ""otc"", ""method"": ""previous_enrichment"", ""stage"": ""previous_mnn_enrichment"", ""source"": ""mnn_catalog_resolution_wave500_v3"", ""confidence"": ""high""}, {""value"": ""otc"", ""method"": ""sem_baseline"", ""stage"": ""sem1"", ""source"": ""sem_wave500_mnn_v3_report"", ""confidence"": ""medium""}]","[{""value"": ""взрослые"", ""method"": ""previous_enrichment"", ""stage"": ""previous_mnn_enrichment"", ""source"": ""mnn_catalog_resolution_wave500_v3"", ""confidence"": ""high""}, {""value"": ""взрослые"", ""method"": ""sem_baseline"", ""stage"": ""sem1"", ""source"": ""sem_wave500_mnn_v3_report"", ""confidence"": ""medium""}]",,,FALSE,FALSE,FALSE,FALSE,low,"[""mnn""]",catalog RX/OTC absent/unknown; catalog Age absent/unknown
1668,"ЧАБРЕЦА ТРАВА Ф/П 1,5Г №20 ЗДОРОВЬЕ | Здоровье фирма ЗАО | Здоровье фирма ЗАО",,,none,resolved_enrichment,,Тимьяна ползучего трава,ok,reuse_existing_enrichment,FALSE,,0,,,,Тимьяна ползучего трава,enrichment,FALSE,,pass_action=reuse_existing_enrichment; identity_gate_already_used_enrichment,redesign/artifacts/mnn_identity_enrichment_pass_searxng_raw.jsonl,461,correct,correct,incorrect,,,возрастной сегмент - взрослый,otc,универсальный,previous_enrichment,previous_mnn_enrichment,mnn_catalog_resolution_wave500_v3,high,"reused prior enrichment: status=ok, validated RX/OTC=otc",previous_enrichment,previous_mnn_enrichment,mnn_catalog_resolution_wave500_v3,high,"reused prior enrichment: status=ok, validated Age=универсальный",otc,,,,otc,универсальный,,,"[{""value"": ""otc"", ""method"": ""previous_enrichment"", ""stage"": ""previous_mnn_enrichment"", ""source"": ""mnn_catalog_resolution_wave500_v3"", ""confidence"": ""high""}, {""value"": ""otc"", ""method"": ""sem_baseline"", ""stage"": ""sem1"", ""source"": ""sem_wave500_mnn_v3_report"", ""confidence"": ""medium""}]","[{""value"": ""универсальный"", ""method"": ""previous_enrichment"", ""stage"": ""previous_mnn_enrichment"", ""source"": ""mnn_catalog_resolution_wave500_v3"", ""confidence"": ""high""}]",,,FALSE,FALSE,FALSE,FALSE,low,"[""mnn""]",catalog RX/OTC absent/unknown; Sem Age absent; catalog Age absent/unknown
54,ГЕПАРИН 5000ЕД/мл 5мл N5 р-р для в/в и п/к введения Армавирская биологическая фабрика фгуп | Армавирская биологическая фабрика фгуп | Армавирская биологическая фабрика фгуп | N5,Гепарин натрия,,none,resolved_enrichment,,Гепарин натрия,ok,reuse_existing_enrichment,FALSE,,0,,,,Гепарин натрия,enrichment,FALSE,,pass_action=reuse_existing_enrichment; identity_gate_already_used_enrichment,redesign/artifacts/mnn_identity_enrichment_pass_searxng_raw.jsonl,461,correct,correct,incorrect,,,возрастной сегмент - взрослый,rx,универсальный,previous_enrichment,previous_mnn_enrichment,mnn_catalog_resolution_wave500_v3,high,"reused prior enrichment: status=ok, validated RX/OTC=rx",previous_enrichment,previous_mnn_enrichment,mnn_catalog_resolution_wave500_v3,high,"reused prior enrichment: status=ok, validated Age=универсальный; weaker sources differ: sem_baseline=взрослые",rx,взрослые,,,rx,универсальный,,,"[{""value"": ""rx"", ""method"": ""previous_enrichment"", ""stage"": ""previous_mnn_enrichment"", ""source"": ""mnn_catalog_resolution_wave500_v3"", ""confidence"": ""high""}, {""value"": ""rx"", ""method"": ""sem_baseline"", ""stage"": ""sem1"", ""source"": ""sem_wave500_mnn_v3_report"", ""confidence"": ""medium""}]","[{""value"": ""универсальный"", ""method"": ""previous_enrichment"", ""stage"": ""previous_mnn_enrichment"", ""source"": ""mnn_catalog_resolution_wave500_v3"", ""confidence"": ""high""}, {""value"": ""взрослые"", ""method"": ""sem_baseline"", ""stage"": ""sem1"", ""source"": ""sem_wave500_mnn_v3_report"", ""confidence"": ""medium""}]",,,FALSE,FALSE,FALSE,FALSE,low,"[""mnn""]",catalog RX/OTC absent/unknown; catalog Age absent/unknown
25982,АМЛОДИПИН ТАБЛ. 10МГ №30 РОЗЛЕКС | РОЗЛЕКС ФАРМ ООО | РОЗЛЕКС ФАРМ ООО,Амлодипин,Амлодипин,high,resolved_enrichment,,Амлодипин,ok,reuse_existing_enrichment,FALSE,,0,,,,Амлодипин,input_plus_enrichment,FALSE,,pass_action=reuse_existing_enrichment; identity_gate_already_used_enrichment,redesign/artifacts/mnn_identity_enrichment_pass_searxng_raw.jsonl,461,correct,correct,incorrect,,,возрастной сегмент - взрослый,rx,универсальный,previous_enrichment,previous_mnn_enrichment,mnn_catalog_resolution_wave500_v3,high,"reused prior enrichment: status=ok, validated RX/OTC=rx",previous_enrichment,previous_mnn_enrichment,mnn_catalog_resolution_wave500_v3,high,"reused prior enrichment: status=ok, validated Age=универсальный; weaker sources differ: sem_baseline=взрослые",rx,взрослые,,,rx,универсальный,,,"[{""value"": ""rx"", ""method"": ""previous_enrichment"", ""stage"": ""previous_mnn_enrichment"", ""source"": ""mnn_catalog_resolution_wave500_v3"", ""confidence"": ""high""}, {""value"": ""rx"", ""method"": ""sem_baseline"", ""stage"": ""sem1"", ""source"": ""sem_wave500_mnn_v3_report"", ""confidence"": ""medium""}]","[{""value"": ""универсальный"", ""method"": ""previous_enrichment"", ""stage"": ""previous_mnn_enrichment"", ""source"": ""mnn_catalog_resolution_wave500_v3"", ""confidence"": ""high""}, {""value"": ""взрослые"", ""method"": ""sem_baseline"", ""stage"": ""sem1"", ""source"": ""sem_wave500_mnn_v3_report"", ""confidence"": ""medium""}]",,,FALSE,FALSE,FALSE,FALSE,low,"[""mnn""]",catalog RX/OTC absent/unknown; catalog Age absent/unknown
16485,КРУШИНЫ КОРА Ф/П 2Г №20 ФИТО-БОТ | ФИТО-БОТ ФИРМА ООО | ФИТО-БОТ ФИРМА ООО,,,none,resolved_enrichment,,Крушины ольховидной кора,ok,reuse_existing_enrichment,FALSE,,0,,,,Крушины ольховидной кора,enrichment,FALSE,,pass_action=reuse_existing_enrichment; identity_gate_already_used_enrichment,redesign/artifacts/mnn_identity_enrichment_pass_searxng_raw.jsonl,461,correct,correct,correct,,,,otc,универсальный,previous_enrichment,previous_mnn_enrichment,mnn_catalog_resolution_wave500_v3,high,"reused prior enrichment: status=ok, validated RX/OTC=otc",previous_enrichment,previous_mnn_enrichment,mnn_catalog_resolution_wave500_v3,high,"reused prior enrichment: status=ok, validated Age=универсальный; weaker sources differ: sem_baseline=взрослые",otc,взрослые,,,otc,универсальный,,,"[{""value"": ""otc"", ""method"": ""previous_enrichment"", ""stage"": ""previous_mnn_enrichment"", ""source"": ""mnn_catalog_resolution_wave500_v3"", ""confidence"": ""high""}, {""value"": ""otc"", ""method"": ""sem_baseline"", ""stage"": ""sem1"", ""source"": ""sem_wave500_mnn_v3_report"", ""confidence"": ""medium""}]","[{""value"": ""универсальный"", ""method"": ""previous_enrichment"", ""stage"": ""previous_mnn_enrichment"", ""source"": ""mnn_catalog_resolution_wave500_v3"", ""confidence"": ""high""}, {""value"": ""взрослые"", ""method"": ""sem_baseline"", ""stage"": ""sem1"", ""source"": ""sem_wave500_mnn_v3_report"", ""confidence"": ""medium""}]",,,FALSE,FALSE,FALSE,FALSE,low,"[""mnn""]",catalog RX/OTC absent/unknown; catalog Age absent/unknown
7816,РОЗУВАСТАТИН ТАБЛ. П/ПЛЕН/ОБ. 20МГ №90 ОЗОН | ОЗОН ООО | ОЗОН ООО,Розувастатин,Розувастатин,high,resolved_enrichment,,Розувастатин,ok,reuse_existing_enrichment,FALSE,,0,,,,Розувастатин,input_plus_enrichment,FALSE,,pass_action=reuse_existing_enrichment; identity_gate_already_used_enrichment,redesign/artifacts/mnn_identity_enrichment_pass_searxng_raw.jsonl,461,correct,correct,correct,,,,rx,взрослые,previous_enrichment,previous_mnn_enrichment,mnn_catalog_resolution_wave500_v3,high,"reused prior enrichment: status=ok, validated RX/OTC=rx",previous_enrichment,previous_mnn_enrichment,mnn_catalog_resolution_wave500_v3,high,"reused prior enrichment: status=ok, validated Age=взрослые",rx,взрослые,,,rx,взрослые,,,"[{""value"": ""rx"", ""method"": ""previous_enrichment"", ""stage"": ""previous_mnn_enrichment"", ""source"": ""mnn_catalog_resolution_wave500_v3"", ""confidence"": ""high""}, {""value"": ""rx"", ""method"": ""sem_baseline"", ""stage"": ""sem1"", ""source"": ""sem_wave500_mnn_v3_report"", ""confidence"": ""medium""}]","[{""value"": ""взрослые"", ""method"": ""previous_enrichment"", ""stage"": ""previous_mnn_enrichment"", ""source"": ""mnn_catalog_resolution_wave500_v3"", ""confidence"": ""high""}, {""value"": ""взрослые"", ""method"": ""sem_baseline"", ""stage"": ""sem1"", ""source"": ""sem_wave500_mnn_v3_report"", ""confidence"": ""medium""}]",,,FALSE,FALSE,FALSE,FALSE,low,"[""mnn""]",catalog RX/OTC absent/unknown; catalog Age absent/unknown
5267,ТАМОКСИФЕН ТАБЛ. 20МГ №30 ОЗОН | ОЗОН ООО | ОЗОН ООО,Тамоксифен,Тамоксифен,high,resolved_enrichment,,Тамоксифен,ok,reuse_existing_enrichment,FALSE,,0,,,,Тамоксифен,input_plus_enrichment,FALSE,,pass_action=reuse_existing_enrichment; identity_gate_already_used_enrichment,redesign/artifacts/mnn_identity_enrichment_pass_searxng_raw.jsonl,461,correct,correct,correct,,,,rx,взрослые,previous_enrichment,previous_mnn_enrichment,mnn_catalog_resolution_wave500_v3,high,"reused prior enrichment: status=ok, validated RX/OTC=rx",previous_enrichment,previous_mnn_enrichment,mnn_catalog_resolution_wave500_v3,high,"reused prior enrichment: status=ok, validated Age=взрослые",rx,взрослые,,,rx,взрослые,,,"[{""value"": ""rx"", ""method"": ""previous_enrichment"", ""stage"": ""previous_mnn_enrichment"", ""source"": ""mnn_catalog_resolution_wave500_v3"", ""confidence"": ""high""}, {""value"": ""rx"", ""method"": ""sem_baseline"", ""stage"": ""sem1"", ""source"": ""sem_wave500_mnn_v3_report"", ""confidence"": ""medium""}]","[{""value"": ""взрослые"", ""method"": ""previous_enrichment"", ""stage"": ""previous_mnn_enrichment"", ""source"": ""mnn_catalog_resolution_wave500_v3"", ""confidence"": ""high""}, {""value"": ""взрослые"", ""method"": ""sem_baseline"", ""stage"": ""sem1"", ""source"": ""sem_wave500_mnn_v3_report"", ""confidence"": ""medium""}]",,,FALSE,FALSE,FALSE,FALSE,low,"[""mnn""]",catalog RX/OTC absent/unknown; catalog Age absent/unknown
7858,РОЗУВАСТАТИН РЕНЕВАЛ ТАБЛ. П/ПЛЕН/ОБ. 10МГ №30 | ОБНОВЛЕНИЕ ПФК АО | ОБНОВЛЕНИЕ ПФК АО,Розувастатин,Розувастатин,high,resolved_enrichment,,Розувастатин,ok,reuse_existing_enrichment,FALSE,,0,,,,Розувастатин,input_plus_enrichment,FALSE,,pass_action=reuse_existing_enrichment; identity_gate_already_used_enrichment,redesign/artifacts/mnn_identity_enrichment_pass_searxng_raw.jsonl,461,correct,correct,correct,,,,rx,взрослые,previous_enrichment,previous_mnn_enrichment,mnn_catalog_resolution_wave500_v3,high,"reused prior enrichment: status=ok, validated RX/OTC=rx",previous_enrichment,previous_mnn_enrichment,mnn_catalog_resolution_wave500_v3,high,"reused prior enrichment: status=ok, validated Age=взрослые",rx,взрослые,,,rx,взрослые,,,"[{""value"": ""rx"", ""method"": ""previous_enrichment"", ""stage"": ""previous_mnn_enrichment"", ""source"": ""mnn_catalog_resolution_wave500_v3"", ""confidence"": ""high""}, {""value"": ""rx"", ""method"": ""sem_baseline"", ""stage"": ""sem1"", ""source"": ""sem_wave500_mnn_v3_report"", ""confidence"": ""medium""}]","[{""value"": ""взрослые"", ""method"": ""previous_enrichment"", ""stage"": ""previous_mnn_enrichment"", ""source"": ""mnn_catalog_resolution_wave500_v3"", ""confidence"": ""high""}, {""value"": ""взрослые"", ""method"": ""sem_baseline"", ""stage"": ""sem1"", ""source"": ""sem_wave500_mnn_v3_report"", ""confidence"": ""medium""}]",,,FALSE,FALSE,FALSE,FALSE,low,"[""mnn""]",catalog RX/OTC absent/unknown; catalog Age absent/unknown
8055,РИМАСОПТ ВМ КАПЛИ ГЛАЗНЫЕ 2МГ/МЛ+5МГ/МЛ ФЛ. 5МЛ №1 | Уорлд медицин илач сан. ве тидж. Аш | Уорлд медицин илач сан. ве тидж. Аш,,,none,resolved_enrichment,,"Бримонидин, Тимолол",ok,reuse_existing_enrichment,FALSE,,0,,,,"Бримонидин, Тимолол",enrichment,FALSE,,pass_action=reuse_existing_enrichment; identity_gate_already_used_enrichment,redesign/artifacts/mnn_identity_enrichment_pass_searxng_raw.jsonl,461,correct,correct,correct,,,,rx,взрослые,previous_enrichment,previous_mnn_enrichment,mnn_catalog_resolution_wave500_v3,high,"reused prior enrichment: status=ok, validated RX/OTC=rx",previous_enrichment,previous_mnn_enrichment,mnn_catalog_resolution_wave500_v3,high,"reused prior enrichment: status=ok, validated Age=взрослые",rx,,,,rx,взрослые,,,"[{""value"": ""rx"", ""method"": ""previous_enrichment"", ""stage"": ""previous_mnn_enrichment"", ""source"": ""mnn_catalog_resolution_wave500_v3"", ""confidence"": ""high""}, {""value"": ""rx"", ""method"": ""sem_baseline"", ""stage"": ""sem1"", ""source"": ""sem_wave500_mnn_v3_report"", ""confidence"": ""medium""}]","[{""value"": ""взрослые"", ""method"": ""previous_enrichment"", ""stage"": ""previous_mnn_enrichment"", ""source"": ""mnn_catalog_resolution_wave500_v3"", ""confidence"": ""high""}]",,,FALSE,FALSE,FALSE,FALSE,low,"[""mnn""]",catalog RX/OTC absent/unknown; Sem Age absent; catalog Age absent/unknown
4481,ТРАНЕКСАМОВАЯ КИСЛОТА ТАБЛ. П/ПЛЕН/ОБ. 250МГ №30 МЭЗ | МОСКОВСКИЙ ЭНДОКРИННЫЙ ЗАВОД ФГУП | МОСКОВСКИЙ ЭНДОКРИННЫЙ ЗАВОД ФГУП,Транексамовая кислота,,none,unresolved_catalog,,,,new_enrichment,TRUE,ok,0,Транексамовая кислота,rx,универсальный,Транексамовая кислота,enrichment,FALSE,https://www.rlsnet.ru/drugs/traneksam-29530 | https://www.rlsnet.ru/drugs/traneksam-29530 | https://allmed.pro/ru/drugs/traneksamovaja_kislota | https://allmed.pro/ru/drugs/traneksam | https://www.vidal.ru/drugs/molecule-in/1070 | https://www.vidal.ru/drugs/tranexamicshy-acid | https://www.vidal.ru/drugs/tranexamic-acid-17 | https://drugs2.medelement.com/drug/%D1%82%D1%80%D0%B0%D0%BD%D0%B5%D0%BA%D1%81%D0%B0%D0%BC%D0%BE%D0%B2%D0%B0%D1%8F-%D0%BA%D0%B8%D1%81%D0%BB%D0%BE%D1%82%D0%B0-%D0%B8%D0%BD%D1%81%D1%82%D1%80%D1%83%D0%BA%D1%86%D0%B8%D1%8F/251425451602577397?instruction_lang=RU | https://medi.ru/instrukciya/traneksamovaya-kislota_23829/ | https://www.vidal.ru/drugs/tranexam-2 | https://medi.ru/instrukciya/traneksamovaya-kislota_23832/ | https://medum.ru/kislota-traneksamovaya,status=ok | Category=Drug | mnn=Транексамовая кислота | RX_OTC=RX | Age=Универсальный | Препарат Транексамовая кислота является лекарственным средством (МНН: Транексамовая кислота) согласно данным Государственного реестра лекарственных средств (pharmcontrol.ru). Он применяется для профилактики и лечения кровотечений вследствие фибринолиза у взрослых и детей в…,redesign/artifacts/mnn_identity_enrichment_pass_searxng_raw.jsonl,461,correct,correct,correct,,,,rx,универсальный,identity_enrichment,mnn_identity_enrichment,mnn_identity_enrichment_pass_results,high,"identity enrichment run 461: status=ok, Category=Drug, RX/OTC=rx, evidence present",identity_enrichment,mnn_identity_enrichment,mnn_identity_enrichment_pass_results,high,"identity enrichment run 461: status=ok, Category=Drug, Age=универсальный, evidence present; weaker sources differ: sem_baseline=взрослые",rx,взрослые,,,,,rx,универсальный,"[{""value"": ""rx"", ""method"": ""identity_enrichment"", ""stage"": ""mnn_identity_enrichment"", ""source"": ""mnn_identity_enrichment_pass_results"", ""confidence"": ""high""}, {""value"": ""rx"", ""method"": ""sem_baseline"", ""stage"": ""sem1"", ""source"": ""sem_wave500_mnn_v3_report"", ""confidence"": ""medium""}]","[{""value"": ""универсальный"", ""method"": ""identity_enrichment"", ""stage"": ""mnn_identity_enrichment"", ""source"": ""mnn_identity_enrichment_pass_results"", ""confidence"": ""high""}, {""value"": ""взрослые"", ""method"": ""sem_baseline"", ""stage"": ""sem1"", ""source"": ""sem_wave500_mnn_v3_report"", ""confidence"": ""medium""}]",,,FALSE,FALSE,FALSE,FALSE,low,"[""source_match""]",previous enrichment RX/OTC absent; catalog RX/OTC absent/unknown; previous enrichment Age absent; catalog Age absent/unknown
24255,"БЕЛОДЕРМ КРЕМ Д/НАРУЖ. ПРИМ. 0,05% ТУБА 30Г | БЕЛУПО | БЕЛУПО",Бетаметазон,,none,unresolved_catalog,,,,new_enrichment,TRUE,ok,0,Бетаметазон,rx,универсальный,Бетаметазон,enrichment,FALSE,https://www.rlsnet.ru/drugs/beloderm-7174 | https://grls.rosminzdrav.ru/ | https://www.rlsnet.ru/drugs/beloderm-7174 | https://www.webapteka.ru/drugbase/name966.html | https://medvisor.ru/medicine/drug/beloderm_30785/ | https://health.mail.ru/drug/beloderm/ | https://www.vidal.ru/drugs/beloderm__3564 | https://www.rlsnet.ru/drugs/beloderm-7174 | https://www.asna.ru/product/beloderm/instruction/ | https://drugs.medelement.com/drug/%D0%B1%D0%B5%D0%BB%D0%BE%D0%B4%D0%B5%D1%80%D0%BC-%D0%BA%D1%80%D0%B5%D0%BC-%D0%B8%D0%BD%D1%81%D1%82%D1%80%D1%83%D0%BA%D1%86%D0%B8%D1%8F/585711471477650949?instruction_lang=RU | https://medi.ru/instrukciya/beloderm-krem_8549/ | https://apteka.ru/product/beloderm-005-150-maz-dnaruzh-prim-5e3266a165b5ab00016503dc/instructions/,"status=ok | Category=Drug | mnn=Бетаметазон | RX_OTC=RX | Age=Универсальный | Белодерм — лекарственный препарат, МНН бетаметазон (источник: pharmcontrol.ru, grls.pharm-portal.ru). Отпускается по рецепту (источник: grls.pharm-portal.ru). Применяется у взрослых и детей: по данным rlsnet.ru, режим дозирования для детей от 1 года до 18 лет соответствует…",redesign/artifacts/mnn_identity_enrichment_pass_searxng_raw.jsonl,461,correct,correct,correct,,,,rx,универсальный,identity_enrichment,mnn_identity_enrichment,mnn_identity_enrichment_pass_results,high,"identity enrichment run 461: status=ok, Category=Drug, RX/OTC=rx, evidence present",identity_enrichment,mnn_identity_enrichment,mnn_identity_enrichment_pass_results,high,"identity enrichment run 461: status=ok, Category=Drug, Age=универсальный, evidence present; weaker sources differ: sem_baseline=взрослые",rx,взрослые,,,,,rx,универсальный,"[{""value"": ""rx"", ""method"": ""identity_enrichment"", ""stage"": ""mnn_identity_enrichment"", ""source"": ""mnn_identity_enrichment_pass_results"", ""confidence"": ""high""}, {""value"": ""rx"", ""method"": ""sem_baseline"", ""stage"": ""sem1"", ""source"": ""sem_wave500_mnn_v3_report"", ""confidence"": ""medium""}]","[{""value"": ""универсальный"", ""method"": ""identity_enrichment"", ""stage"": ""mnn_identity_enrichment"", ""source"": ""mnn_identity_enrichment_pass_results"", ""confidence"": ""high""}, {""value"": ""взрослые"", ""method"": ""sem_baseline"", ""stage"": ""sem1"", ""source"": ""sem_wave500_mnn_v3_report"", ""confidence"": ""medium""}]",,,FALSE,FALSE,FALSE,FALSE,low,"[""source_match""]",previous enrichment RX/OTC absent; catalog RX/OTC absent/unknown; previous enrichment Age absent; catalog Age absent/unknown
3027,ФЛУОКСЕТИН КАПС. 10МГ №20 ОЗОН | ОЗОН ООО | ОЗОН ООО,Флуоксетин,,none,unresolved_catalog,,,,new_enrichment,TRUE,ok,0,Флуоксетин,rx,универсальный,Флуоксетин,enrichment,FALSE,https://www.rlsnet.ru/active-substance/fluoksetin-264 | https://www.rlsnet.ru/drugs/fluoksetin-16275 | https://aptekamos.ru/tovary/lekarstva/fluoksetin-999/profluzak-kapsuly-20mg-21518/instrukciya | https://aptekamos.ru/tovary/lekarstva/fluoksetin-999/fluoksetin-kapsuly-20mg-25971/instrukciya | https://www.vidal.ru/drugs/molecule/433 | https://grls.rosminzdrav.ru/grls.aspx | https://www.vidal.ru/drugs/fluoxetine__13699 | https://www.rlsnet.ru/drugs/fluoksetin-16275 | https://www.vidal.ru/drugs/fluoxetine__13699 | https://www.asna.ru/product/fluoksetin/instruction/ | https://www.rlsnet.ru/active-substance/fluoksetin-264 | https://aptekamos.ru/tovary/lekarstva/fluoksetin-999/fluoksetin-kapsuly-10mg-26666/instrukciya,"status=ok | Category=Drug | mnn=Флуоксетин | RX_OTC=RX | Age=Универсальный | Флуоксетин является лекарственным средством (антидепрессантом) с действующим веществом флуоксетин (МНН). Согласно данным из Государственного реестра лекарственных средств (ГРЛС), препарат отпускается по рецепту (источник: grls.pharm-portal.ru). Инструкция по применению…",redesign/artifacts/mnn_identity_enrichment_pass_searxng_raw.jsonl,461,correct,correct,incorrect,,,возрастной сегмент - взрослый,rx,универсальный,identity_enrichment,mnn_identity_enrichment,mnn_identity_enrichment_pass_results,high,"identity enrichment run 461: status=ok, Category=Drug, RX/OTC=rx, evidence present",identity_enrichment,mnn_identity_enrichment,mnn_identity_enrichment_pass_results,high,"identity enrichment run 461: status=ok, Category=Drug, Age=универсальный, evidence present; weaker sources differ: sem_baseline=взрослые",rx,взрослые,,,,,rx,универсальный,"[{""value"": ""rx"", ""method"": ""identity_enrichment"", ""stage"": ""mnn_identity_enrichment"", ""source"": ""mnn_identity_enrichment_pass_results"", ""confidence"": ""high""}, {""value"": ""rx"", ""method"": ""sem_baseline"", ""stage"": ""sem1"", ""source"": ""sem_wave500_mnn_v3_report"", ""confidence"": ""medium""}]","[{""value"": ""универсальный"", ""method"": ""identity_enrichment"", ""stage"": ""mnn_identity_enrichment"", ""source"": ""mnn_identity_enrichment_pass_results"", ""confidence"": ""high""}, {""value"": ""взрослые"", ""method"": ""sem_baseline"", ""stage"": ""sem1"", ""source"": ""sem_wave500_mnn_v3_report"", ""confidence"": ""medium""}]",,,FALSE,FALSE,FALSE,FALSE,low,"[""source_match""]",previous enrichment RX/OTC absent; catalog RX/OTC absent/unknown; previous enrichment Age absent; catalog Age absent/unknown
16623,КОФЕИН-БЕНЗОАТ НАТРИЯ ТАБЛ. 100МГ №10 ТАТХИМФАРМПРЕПАРАТЫ | ТАТХИМФАРМПРЕПАРАТЫ АО | ТАТХИМФАРМПРЕПАРАТЫ АО,Кофеин,,none,unresolved_catalog,,,,new_enrichment,TRUE,ok,0,Кофеин,rx,универсальный,Кофеин,enrichment,FALSE,https://aptekamos.ru/tovary/lekarstva/kofein-459/kofein-benzoat-natriya-rastvor-dlya-inekciyo-20-1ml-4682/instrukciya | https://aptekamos.ru/tovary/lekarstva/kofein-459/kofein-benzoat-natriya-tabletki-100mg-4685/instrukciya | http://drugs.thead.ru/Kofein-Benzoat_Natriya | https://www.vidal.ru/drugs/coffein-benzoate_sodium__5094 | https://aptekamos.ru/tovary/lekarstva/kofein-459/kofein-benzoat-natriya-rastvor-dlya-inekciyo-20-1ml-4682/instrukciya | https://allmed.pro/ru/drugs/kofein-benzoat-natrija | https://www.rlsnet.ru/drugs/kofein-benzoat-natriya-4430 | https://www.vidal.ru/drugs/coffein-benzoate_sodium__5094 | https://aptekamos.ru/tovary/lekarstva/kofein-459/kofein-benzoat-natriya-tabletki-100mg-4685/instrukciya | https://www.vidal.ru/drugs/coffein-benzoate_sodium__5094 | https://www.webapteka.ru/drugbase/name3346.html | https://www.rlsnet.ru/drugs/kofein-benzoat-natriya-4430,"status=ok | Category=Drug | mnn=Кофеин | RX_OTC=RX | Age=Универсальный | Кофеин-бензоат натрия является лекарственным средством (препаратом), действующим веществом которого является кофеин. Согласно инструкциям, он оказывает психостимулирующее и аналептическое действие, блокируя аденозиновые рецепторы (источник: vidal.ru, aptekamos.ru). Препарат…",redesign/artifacts/mnn_identity_enrichment_pass_searxng_raw.jsonl,461,correct,correct,incorrect,,,возрастной сегмент - взрослый,rx,универсальный,identity_enrichment,mnn_identity_enrichment,mnn_identity_enrichment_pass_results,high,"identity enrichment run 461: status=ok, Category=Drug, RX/OTC=rx, evidence present",identity_enrichment,mnn_identity_enrichment,mnn_identity_enrichment_pass_results,high,"identity enrichment run 461: status=ok, Category=Drug, Age=универсальный, evidence present; weaker sources differ: sem_baseline=взрослые",rx,взрослые,,,,,rx,универсальный,"[{""value"": ""rx"", ""method"": ""identity_enrichment"", ""stage"": ""mnn_identity_enrichment"", ""source"": ""mnn_identity_enrichment_pass_results"", ""confidence"": ""high""}, {""value"": ""rx"", ""method"": ""sem_baseline"", ""stage"": ""sem1"", ""source"": ""sem_wave500_mnn_v3_report"", ""confidence"": ""medium""}]","[{""value"": ""универсальный"", ""method"": ""identity_enrichment"", ""stage"": ""mnn_identity_enrichment"", ""source"": ""mnn_identity_enrichment_pass_results"", ""confidence"": ""high""}, {""value"": ""взрослые"", ""method"": ""sem_baseline"", ""stage"": ""sem1"", ""source"": ""sem_wave500_mnn_v3_report"", ""confidence"": ""medium""}]",,,FALSE,FALSE,FALSE,FALSE,low,"[""source_match""]",previous enrichment RX/OTC absent; catalog RX/OTC absent/unknown; previous enrichment Age absent; catalog Age absent/unknown
22468,"ВИДОРА МИКРО ТАБЛ. П/ПЛЕН/ОБ. 3МГ+0,02МГ №21+7 | ЛАБОРАТОРИОС ЛЕОН ФАРМА С.А. | ЛАБОРАТОРИОС ЛЕОН ФАРМА С.А.",Дроспиренон + Этинилэстрадиол,,none,unresolved_catalog,,,,new_enrichment,TRUE,ok,0,"Дроспиренон, Этинилэстрадиол",rx,взрослые,"Дроспиренон, Этинилэстрадиол",enrichment,FALSE,https://www.vidal.ru/drugs/vidora_micro__44246 | https://www.lsgeotar.ru/drugs/vidora-micro-AE-x | https://www.rlsnet.ru/drugs/vidora-mikro-66556 | https://www.vidal.ru/drugs/vidora_micro__44246 | https://www.rlsnet.ru/drugs/vidora-mikro-66556 | https://www.webapteka.ru/drugbase/name50522.html | https://medi.ru/instrukciya/vidora-micro_14737/ | https://www.pharmcontrol.ru/registry/drugs/14165/ | https://grls.pharm-portal.ru/grls/a1e01aed-0194-42e5-b6bb-7f8851ffbd9f | https://zdravmedinform.ru/grls/reg-lp-015153-rg-ru.html | https://grls.pharm-portal.ru/grls/041d8195-faca-4aaa-9b83-9109890de50d | https://zdravmedinform.ru/grls/reg-lp-002881.html,"status=ok | Category=Drug | mnn=Дроспиренон, Этинилэстрадиол | RX_OTC=RX | Age=Взрослый | Препарат Видора микро является лекарственным средством, зарегистрированным в ГРЛС (например, ЛП-002881 и ЛП-№ (015153)-(РГ-RU)). Согласно данным из ГРЛС, его МНН — дроспиренон + этинилэстрадиол (источник: https://grls.pharm-portal.ru/grls/a1e01aed-0194-42e5-b6bb-7f8851ffbd9f).…",redesign/artifacts/mnn_identity_enrichment_pass_searxng_raw.jsonl,461,correct,correct,correct,,,,rx,взрослые,identity_enrichment,mnn_identity_enrichment,mnn_identity_enrichment_pass_results,high,"identity enrichment run 461: status=ok, Category=Drug, RX/OTC=rx, evidence present",identity_enrichment,mnn_identity_enrichment,mnn_identity_enrichment_pass_results,high,"identity enrichment run 461: status=ok, Category=Drug, Age=взрослые, evidence present",rx,взрослые,,,,,rx,взрослые,"[{""value"": ""rx"", ""method"": ""identity_enrichment"", ""stage"": ""mnn_identity_enrichment"", ""source"": ""mnn_identity_enrichment_pass_results"", ""confidence"": ""high""}, {""value"": ""rx"", ""method"": ""sem_baseline"", ""stage"": ""sem1"", ""source"": ""sem_wave500_mnn_v3_report"", ""confidence"": ""medium""}]","[{""value"": ""взрослые"", ""method"": ""identity_enrichment"", ""stage"": ""mnn_identity_enrichment"", ""source"": ""mnn_identity_enrichment_pass_results"", ""confidence"": ""high""}, {""value"": ""взрослые"", ""method"": ""sem_baseline"", ""stage"": ""sem1"", ""source"": ""sem_wave500_mnn_v3_report"", ""confidence"": ""medium""}]",,,FALSE,FALSE,FALSE,FALSE,low,"[""source_match""]",previous enrichment RX/OTC absent; catalog RX/OTC absent/unknown; previous enrichment Age absent; catalog Age absent/unknown
11142,НУРОФАСТ ТАБЛ. П/ПЛЕН/ОБ. 200МГ №20 | АЛИУМ АО | АЛИУМ АО,Ибупрофен,,none,unresolved_catalog,,,,new_enrichment,TRUE,ok,0,Ибупрофен,otc,универсальный,Ибупрофен,enrichment,FALSE,https://www.vidal.ru/drugs/hurofast | https://www.rlsnet.ru/drugs/nurofast-79943 | https://aptekamos.ru/tovary/lekarstva/ibuprofen-333/nurofast-tabletki-200mg-95273/instrukciya | https://grls.rosminzdrav.ru/ | https://medi.ru/instrukciya/nurofast_21813/ | https://www.rlsnet.ru/drugs/nurofast-79943 | https://zdesapteka.ru/instructions/nurofast/ | https://www.vidal.ru/drugs/hurofast | https://www.vidal.ru/drugs/hurofast | https://www.rlsnet.ru/drugs/nurofast-79943 | https://yandex.ru/medicine/medicaments/nurofast | https://health.mail.ru/drug/nurofast-2/,"status=ok | Category=Drug | mnn=Ибупрофен | RX_OTC=OTC | Age=Универсальный | Нурофаст — лекарственный препарат, содержащий ибупрофен (МНН). Относится к НПВС, оказывает противовоспалительное, анальгезирующее и жаропонижающее действие (источник: Видаль, https://www.vidal.ru/drugs/hurofast). Применяется при головной, зубной боли, мигрени, болезненных…",redesign/artifacts/mnn_identity_enrichment_pass_searxng_raw.jsonl,461,correct,correct,correct,,,,otc,универсальный,identity_enrichment,mnn_identity_enrichment,mnn_identity_enrichment_pass_results,high,"identity enrichment run 461: status=ok, Category=Drug, RX/OTC=otc, evidence present",identity_enrichment,mnn_identity_enrichment,mnn_identity_enrichment_pass_results,high,"identity enrichment run 461: status=ok, Category=Drug, Age=универсальный, evidence present; weaker sources differ: sem_baseline=взрослые",otc,взрослые,,,,,otc,универсальный,"[{""value"": ""otc"", ""method"": ""identity_enrichment"", ""stage"": ""mnn_identity_enrichment"", ""source"": ""mnn_identity_enrichment_pass_results"", ""confidence"": ""high""}, {""value"": ""otc"", ""method"": ""sem_baseline"", ""stage"": ""sem1"", ""source"": ""sem_wave500_mnn_v3_report"", ""confidence"": ""medium""}]","[{""value"": ""универсальный"", ""method"": ""identity_enrichment"", ""stage"": ""mnn_identity_enrichment"", ""source"": ""mnn_identity_enrichment_pass_results"", ""confidence"": ""high""}, {""value"": ""взрослые"", ""method"": ""sem_baseline"", ""stage"": ""sem1"", ""source"": ""sem_wave500_mnn_v3_report"", ""confidence"": ""medium""}]",,,FALSE,FALSE,FALSE,FALSE,low,"[""source_match""]",previous enrichment RX/OTC absent; catalog RX/OTC absent/unknown; previous enrichment Age absent; catalog Age absent/unknown
844,ЭЛЬКАР Р-Р Д/ПРИЕМА ВНУТРЬ 300МГ/МЛ ФЛ. 25МЛ | ///ПИК-ФАРМА ЛЕК | ///ПИК-ФАРМА ЛЕК,Левокарнитин,,none,unresolved_catalog,,,,new_enrichment,TRUE,ok,0,Левокарнитин,otc,универсальный,Левокарнитин,enrichment,FALSE,https://www.vidal.ru/drugs/elcar__25460 | https://www.rlsnet.ru/drugs/elkar-15200 | https://aptekamos.ru/tovary/lekarstva/levokarnitin-475/elkar-rastvor-dlya-inekciyo-100mg-ml-5ml-49499/instrukciya | https://megapteka.ru/specials/guide_elkar-instrukciya-po-5612 | https://medi.ru/instrukciya/elkar-vv-vm-100_12148/ | https://megapteka.ru/specials/guide_levokarnitin-instrukciya-po-2858 | https://www.asna.ru/product/elkar/instruction/ | https://www.vidal.ru/drugs/elcar | https://megapteka.ru/specials/guide_elkar-instrukciya-po-5612 | https://www.rlsnet.ru/drugs/elkar-15200 | https://spb.asna.ru/cards/elkar_30_100ml_r-r_pik-farma.html | https://medvestnik.ru/ls/a0e407c1-48e5-49e1-b164-1ba432eafceb.html,"status=ok | Category=Drug | mnn=Левокарнитин | RX_OTC=OTC | Age=Универсальный | Элькар — лекарственный препарат, действующее вещество — левокарнитин (L-карнитин). Согласно инструкции, он показан к применению у взрослых и детей от 0 лет в составе комплексной терапии (источник: asna.ru, spb.asna.ru). В некоторых источниках указано, что препарат применяется у…",redesign/artifacts/mnn_identity_enrichment_pass_searxng_raw.jsonl,461,correct,correct,correct,,,,otc,универсальный,identity_enrichment,mnn_identity_enrichment,mnn_identity_enrichment_pass_results,high,"identity enrichment run 461: status=ok, Category=Drug, RX/OTC=otc, evidence present",identity_enrichment,mnn_identity_enrichment,mnn_identity_enrichment_pass_results,high,"identity enrichment run 461: status=ok, Category=Drug, Age=универсальный, evidence present; weaker sources differ: sem_baseline=взрослые",otc,взрослые,,,,,otc,универсальный,"[{""value"": ""otc"", ""method"": ""identity_enrichment"", ""stage"": ""mnn_identity_enrichment"", ""source"": ""mnn_identity_enrichment_pass_results"", ""confidence"": ""high""}, {""value"": ""otc"", ""method"": ""sem_baseline"", ""stage"": ""sem1"", ""source"": ""sem_wave500_mnn_v3_report"", ""confidence"": ""medium""}]","[{""value"": ""универсальный"", ""method"": ""identity_enrichment"", ""stage"": ""mnn_identity_enrichment"", ""source"": ""mnn_identity_enrichment_pass_results"", ""confidence"": ""high""}, {""value"": ""взрослые"", ""method"": ""sem_baseline"", ""stage"": ""sem1"", ""source"": ""sem_wave500_mnn_v3_report"", ""confidence"": ""medium""}]",,,FALSE,FALSE,FALSE,FALSE,low,"[""source_match""]",previous enrichment RX/OTC absent; catalog RX/OTC absent/unknown; previous enrichment Age absent; catalog Age absent/unknown
73,ГАСТРАСАН ЭКСПРЕСС 680мг+80мг N12 таб. жевательные Апельсин ЮжФарм ООО | ЮжФарм ООО | ЮжФарм ООО | N12,,,none,unresolved_catalog,,,,new_enrichment,TRUE,ok,0,"Кальция карбонат, Магния карбонат",otc,универсальный,"Кальция карбонат, Магния карбонат",enrichment,FALSE,https://megapteka.ru/specials/guide_renimag-instrukciya-po-7021 | https://www.webapteka.ru/drugbase/name72899.html | https://medum.ru/gastrasan-ehkspress | https://megapteka.ru/specials/guide_renimag-instrukciya-po-7021 | https://medum.ru/gastrasan-ehkspress | https://medvisor.ru/medicine/drug/gastrasan-ekspress_77200/ | https://www.lsgeotar.ru/ru/gastrasan-express-55845.html | https://medi.ru/instrukciya/gastrasan-ekspress_26342/ | https://www.webapteka.ru/drugbase/name72899.html | https://www.rlsnet.ru/drugs/gastrasan-ekspress-85461 | https://www.vidal.ru/drugs/gastrasan-express | https://megapteka.ru/specials/guide_gastal-instrukciya-po-2474,"status=ok | Category=Drug | mnn=Кальция карбонат, Магния карбонат | RX_OTC=OTC | Age=Универсальный | Гастрасан Экспресс зарегистрирован в ГРЛС как лекарственное средство с МНН Кальция карбонат+Магния карбонат (источник: pharmcontrol.ru, zdravmedinform.ru). Препарат содержит антацидные вещества - кальция карбонат и магния карбонат, которые нейтрализуют избыточную соляную…",redesign/artifacts/mnn_identity_enrichment_pass_searxng_raw.jsonl,461,correct,correct,correct,,,,otc,универсальный,identity_enrichment,mnn_identity_enrichment,mnn_identity_enrichment_pass_results,high,"identity enrichment run 461: status=ok, Category=Drug, RX/OTC=otc, evidence present",identity_enrichment,mnn_identity_enrichment,mnn_identity_enrichment_pass_results,high,"identity enrichment run 461: status=ok, Category=Drug, Age=универсальный, evidence present; weaker sources differ: sem_baseline=взрослые",otc,взрослые,,,,,otc,универсальный,"[{""value"": ""otc"", ""method"": ""identity_enrichment"", ""stage"": ""mnn_identity_enrichment"", ""source"": ""mnn_identity_enrichment_pass_results"", ""confidence"": ""high""}, {""value"": ""otc"", ""method"": ""sem_baseline"", ""stage"": ""sem1"", ""source"": ""sem_wave500_mnn_v3_report"", ""confidence"": ""medium""}]","[{""value"": ""универсальный"", ""method"": ""identity_enrichment"", ""stage"": ""mnn_identity_enrichment"", ""source"": ""mnn_identity_enrichment_pass_results"", ""confidence"": ""high""}, {""value"": ""взрослые"", ""method"": ""sem_baseline"", ""stage"": ""sem1"", ""source"": ""sem_wave500_mnn_v3_report"", ""confidence"": ""medium""}]",,,FALSE,FALSE,FALSE,FALSE,low,"[""source_match""]",previous enrichment RX/OTC absent; catalog RX/OTC absent/unknown; previous enrichment Age absent; catalog Age absent/unknown
19370,ДЮСПАТАЛИН ТАБЛ. П/О 135МГ №15 ВЕРОФАРМ | ВЕРОФАРМ АО | ВЕРОФАРМ АО,Мебеверин,,none,unresolved_catalog,,,,new_enrichment,TRUE,ok,0,Мебеверин,rx,взрослые,Мебеверин,enrichment,FALSE,https://www.rlsnet.ru/drugs/dyuspatalin-11389 | https://www.vidal.ru/drugs/duspatalin__1486 | https://aptekamos.ru/tovary/lekarstva/mebeverin-6238/dyuspatalin-kapsuly-200mg-22631/instrukciya | https://www.rlsnet.ru/drugs/dyuspatalin-11389 | https://www.vidal.ru/drugs/duspatalin__1486 | https://megapteka.ru/specials/guide_dyuspatalin-instrukciya-po-5640 | https://www.webapteka.ru/drugbase/name13218.html | https://www.vidal.ru/drugs/duspatalin__1486 | https://www.rlsnet.ru/drugs/dyuspatalin-11389 | https://health.mail.ru/drug/dyuspatalin/ | https://yandex.ru/medicine/medicaments/djuspatalin | https://medi.ru/instrukciya/dyuspatalin_19704/,"status=ok | Category=Drug | mnn=мебеверин | RX_OTC=RX | Age=Взрослый | Дюспаталин является лекарственным средством (препаратом), действующее вещество — мебеверин (в виде гидрохлорида). Согласно инструкции, препарат показан взрослым от 18 лет для симптоматического лечения боли, спазмов, дисфункции и дискомфорта в области кишечника, связанных с…",redesign/artifacts/mnn_identity_enrichment_pass_searxng_raw.jsonl,461,correct,incorrect,correct,,,препарат OTC,rx,взрослые,identity_enrichment,mnn_identity_enrichment,mnn_identity_enrichment_pass_results,high,"identity enrichment run 461: status=ok, Category=Drug, RX/OTC=rx, evidence present",identity_enrichment,mnn_identity_enrichment,mnn_identity_enrichment_pass_results,high,"identity enrichment run 461: status=ok, Category=Drug, Age=взрослые, evidence present",rx,взрослые,,,,,rx,взрослые,"[{""value"": ""rx"", ""method"": ""identity_enrichment"", ""stage"": ""mnn_identity_enrichment"", ""source"": ""mnn_identity_enrichment_pass_results"", ""confidence"": ""high""}, {""value"": ""rx"", ""method"": ""sem_baseline"", ""stage"": ""sem1"", ""source"": ""sem_wave500_mnn_v3_report"", ""confidence"": ""medium""}]","[{""value"": ""взрослые"", ""method"": ""identity_enrichment"", ""stage"": ""mnn_identity_enrichment"", ""source"": ""mnn_identity_enrichment_pass_results"", ""confidence"": ""high""}, {""value"": ""взрослые"", ""method"": ""sem_baseline"", ""stage"": ""sem1"", ""source"": ""sem_wave500_mnn_v3_report"", ""confidence"": ""medium""}]",,,FALSE,FALSE,FALSE,FALSE,low,"[""source_match""]",previous enrichment RX/OTC absent; catalog RX/OTC absent/unknown; previous enrichment Age absent; catalog Age absent/unknown
7275,САНОВАСК ТАБЛ. П/КИШ/РАСТ/ПЛЕН/ОБ. 50МГ №30 | ИРБИТСКИЙ ХИМЗАВОД ОАО | ИРБИТСКИЙ ХИМЗАВОД ОАО,,,none,unresolved_catalog,,,,new_enrichment,TRUE,ok,0,Ацетилсалициловая кислота,rx,универсальный,Ацетилсалициловая кислота,enrichment,FALSE,https://www.vidal.ru/drugs/sanovasc | https://www.lsgeotar.ru/drugs/sanovasc-AEUn | https://www.rlsnet.ru/drugs/sanovask-75403 | https://grls.rosminzdrav.ru/ | https://www.lsgeotar.ru/drugs/sanovasc-ADcV | http://drugs.thead.ru/SANOVASK | https://www.rlsnet.ru/drugs/sanovask-75403 | https://www.vidal.ru/drugs/sanovasc | https://medvisor.ru/medicine/drug/sanovask_39420/ | https://grls.rosminzdrav.ru/ | https://avexima.ru/upload/iblock/5f4/o5oavm0mg1b7f5j7f1mqrnipexcx4gc0.pdf | https://www.webapteka.ru/drugbase/name53516.html,"status=ok | Category=Drug | mnn=Ацетилсалициловая кислота | RX_OTC=RX | Age=Универсальный | САНОВАСК содержит действующее вещество ацетилсалициловую кислоту (АСК) (источник: lsgeotar.ru). Препарат выпускается в форме таблеток кишечнорастворимых, покрытых пленочной оболочкой, 50 мг (источник: vidal.ru). Согласно инструкции, препарат применяется для профилактики…",redesign/artifacts/mnn_identity_enrichment_pass_searxng_raw.jsonl,461,correct,incorrect,incorrect,,,"препарат otc, возрастной сегмент - взрослый",rx,универсальный,identity_enrichment,mnn_identity_enrichment,mnn_identity_enrichment_pass_results,high,"identity enrichment run 461: status=ok, Category=Drug, RX/OTC=rx, evidence present",identity_enrichment,mnn_identity_enrichment,mnn_identity_enrichment_pass_results,high,"identity enrichment run 461: status=ok, Category=Drug, Age=универсальный, evidence present",,,,,,,rx,универсальный,"[{""value"": ""rx"", ""method"": ""identity_enrichment"", ""stage"": ""mnn_identity_enrichment"", ""source"": ""mnn_identity_enrichment_pass_results"", ""confidence"": ""high""}]","[{""value"": ""универсальный"", ""method"": ""identity_enrichment"", ""stage"": ""mnn_identity_enrichment"", ""source"": ""mnn_identity_enrichment_pass_results"", ""confidence"": ""high""}]",,,FALSE,FALSE,FALSE,FALSE,low,"[""source_match""]",previous enrichment RX/OTC absent; Sem RX/OTC absent; catalog RX/OTC absent/unknown; previous enrichment Age absent; Sem Age absent; catalog Age absent/unknown
8753,ПРОСТАНОРМ ЭКСТРАКТ Д/ПРИЕМА ВНУТРЬ ЖИДК. ФЛ. 100МЛ | ФАРМВИЛАР НПО ООО | ФАРМВИЛАР НПО ООО,,,none,unresolved_catalog,,,ok_partial,new_enrichment,TRUE,ok,1,"Зверобоя трава, Золотарника канадского трава, Солодки корни, Эхинацеи пурпурной корневища с корнями",otc,взрослые,"Зверобоя трава, Золотарника канадского трава, Солодки корни, Эхинацеи пурпурной корневища с корнями",enrichment,FALSE,https://aptekamos.ru/tovary/lekarstva/zveroboya-trava-zolotarnika-kanadskogo-trava-solodki-korni-exinacei-perpurnoyo-kornevishha-5422/prostanorm-tabletki-200mg-27945/instrukciya | https://pharmproduct.ru/drugs/prostanorm | https://www.rlsnet.ru/drugs/prostanorm-79815 | https://www.webapteka.ru/drugbase/name13278.html | https://allmed.pro/ru/drugs/prostanorm | https://zdesapteka.ru/instructions/prostanorm/ | https://www.vidal.ru/drugs/prostanorm__31368 | https://www.vidal.ru/drugs/prostanorm__31368 | https://www.rlsnet.ru/drugs/prostanorm-79815 | https://health.mail.ru/drug/prostanorm-1/ | https://www.webapteka.ru/drugbase/name13278.html | https://medi.ru/instrukciya/prostanorm-tabletki_9608/,"status=ok | Category=Drug | mnn=Зверобоя трава, Золотарника канадского трава, Солодки корни, Эхинацеи пурпурной корневища с корнями | RX_OTC=OTC | Age=Взрослый | Простанорм — комбинированный препарат растительного происхождения, оказывает простатотропное, противовоспалительное, анальгезирующее и бактериостатическое действие (источники: vidal.ru, rlsnet.ru). Состав включает экстракт из смеси трав: зверобоя, золотарника канадского,…",redesign/artifacts/mnn_identity_enrichment_pass_searxng_raw.jsonl,461,correct,correct,correct,,,,otc,взрослые,identity_enrichment,mnn_identity_enrichment,mnn_identity_enrichment_pass_results,high,"identity enrichment run 461: status=ok, Category=Drug, RX/OTC=otc, evidence present",identity_enrichment,mnn_identity_enrichment,mnn_identity_enrichment_pass_results,high,"identity enrichment run 461: status=ok, Category=Drug, Age=взрослые, evidence present",otc,взрослые,,,,взрослые,otc,взрослые,"[{""value"": ""otc"", ""method"": ""identity_enrichment"", ""stage"": ""mnn_identity_enrichment"", ""source"": ""mnn_identity_enrichment_pass_results"", ""confidence"": ""high""}, {""value"": ""otc"", ""method"": ""sem_baseline"", ""stage"": ""sem1"", ""source"": ""sem_wave500_mnn_v3_report"", ""confidence"": ""medium""}]","[{""value"": ""взрослые"", ""method"": ""identity_enrichment"", ""stage"": ""mnn_identity_enrichment"", ""source"": ""mnn_identity_enrichment_pass_results"", ""confidence"": ""high""}, {""value"": ""взрослые"", ""method"": ""previous_enrichment"", ""stage"": ""previous_mnn_enrichment"", ""source"": ""mnn_catalog_resolution_wave500_v3"", ""confidence"": ""high""}, {""value"": ""взрослые"", ""method"": ""sem_baseline"", ""stage"": ""sem1"", ""source"": ""sem_wave500_mnn_v3_report"", ""confidence"": ""medium""}]",,,FALSE,FALSE,FALSE,FALSE,low,"[""source_match""]",previous enrichment RX/OTC absent; catalog RX/OTC absent/unknown; previous enrichment Age present but status not ok; catalog Age absent/unknown
2348,ХИЛАК ФОРТЕ КАПЛИ Д/ПРИЕМА ВНУТРЬ ВИШНЯ ФЛ. 100МЛ | МЕРКЛЕ ГМБХ | МЕРКЛЕ ГМБХ,,,none,unresolved_catalog,,,ok_partial,new_enrichment,TRUE,ok,0,Метаболиты бактерий,otc,универсальный,Метаболиты бактерий,enrichment,FALSE,https://www.rlsnet.ru/drugs/xilak-forte-3312 | https://megapteka.ru/specials/guide_hilak-forte-instrukciya-5798 | https://www.vidal.ru/drugs/hylak-forte-2 | https://uteka.ru/articles/lekarstvennye-preparaty/khilak-forte/ | https://www.asna.ru/product/khilak_forte/instruction/ | https://tabletka.ru/selection/khilak-forte/instruction/ | https://megapteka.ru/specials/guide_hilak-forte-instrukciya-5798 | https://zdravcity.ru/p_hilak-forte-kapli-mikroflory-kishechnika-30ml-0011941/r_ulanude/ | https://minicen.ru/tovar/26183 | https://ozerki.ru/catalog/product/khilak-forte-kapli-d-priema-vnutr-fl-30ml/ | https://zdravcity.ru/p_hilak-forte-kapli-dlja-mikroflory-kishechnika-vishnja-100ml-0093623.html | https://vitaexpress.ru/product/khilak_forte_kapli_dpr__vnutr_100ml/,"status=ok | Category=Drug | mnn=Метаболиты бактерий | RX_OTC=OTC | Age=Универсальный | Хилак форте — лекарственный препарат (метабиотик), содержащий продукты обмена нормальной микрофлоры кишечника (МНН: метаболиты бактерий). Отпускается без рецепта. Применяется у взрослых, детей и младенцев: взрослым по 40-60 капель, детям по 20-40 капель, младенцам по 15-30…",redesign/artifacts/mnn_identity_enrichment_pass_searxng_raw.jsonl,461,correct,correct,correct,,,,otc,универсальный,identity_enrichment,mnn_identity_enrichment,mnn_identity_enrichment_pass_results,high,"identity enrichment run 461: status=ok, Category=Drug, RX/OTC=otc, evidence present",identity_enrichment,mnn_identity_enrichment,mnn_identity_enrichment_pass_results,high,"identity enrichment run 461: status=ok, Category=Drug, Age=универсальный, evidence present",otc,,,,otc,универсальный,otc,универсальный,"[{""value"": ""otc"", ""method"": ""identity_enrichment"", ""stage"": ""mnn_identity_enrichment"", ""source"": ""mnn_identity_enrichment_pass_results"", ""confidence"": ""high""}, {""value"": ""otc"", ""method"": ""previous_enrichment"", ""stage"": ""previous_mnn_enrichment"", ""source"": ""mnn_catalog_resolution_wave500_v3"", ""confidence"": ""high""}, {""value"": ""otc"", ""method"": ""sem_baseline"", ""stage"": ""sem1"", ""source"": ""sem_wave500_mnn_v3_report"", ""confidence"": ""medium""}]","[{""value"": ""универсальный"", ""method"": ""identity_enrichment"", ""stage"": ""mnn_identity_enrichment"", ""source"": ""mnn_identity_enrichment_pass_results"", ""confidence"": ""high""}, {""value"": ""универсальный"", ""method"": ""previous_enrichment"", ""stage"": ""previous_mnn_enrichment"", ""source"": ""mnn_catalog_resolution_wave500_v3"", ""confidence"": ""high""}]",,,FALSE,FALSE,FALSE,FALSE,low,"[""source_match""]",previous enrichment RX/OTC present but status not ok; catalog RX/OTC absent/unknown; previous enrichment Age present but status not ok; Sem Age absent; catalog Age absent/unknown
12389,"МЯТЫ ПЕРЕЧНОЙ ЛИСТЬЯ Ф/П 1,5Г №20 ЗДОРОВЬЕ | ЗДОРОВЬЕ ФИРМА ООО | ЗДОРОВЬЕ ФИРМА ООО",Мяты перечной листья,,none,unresolved_catalog,,,ok_partial,new_enrichment,TRUE,ok,0,Мяты перечной листья,otc,универсальный,Мяты перечной листья,enrichment,FALSE,https://www.lsgeotar.ru/drugs/peppermint-leaves-AGrj | https://allmed.pro/ru/drugs/mjaty-perechnoj-listja | https://www.vidal.ru/drugs/menthae_piperitae_folia__34177 | https://www.vidal.ru/drugs/menthae_piperitae_folia__34177 | https://zdesapteka.ru/instructions/myaty-perechnoy-listya/ | https://medum.ru/listya-myaty-perechnoy | https://health.mail.ru/drug/myaty-perechnoy-listya/ | https://medi.ru/instrukciya/myaty-perechnoy-listya_21404/ | https://www.rlsnet.ru/drugs/myaty-perecnoi-listya-5753 | https://medi.ru/instrukciya/myaty-perechnoy-listya_21407/ | https://medum.ru/listya-myaty-perechnoj | https://vaskov.pro/grls/0ae96ff7-9b56-125e-819b-6c3d2b3602a7,"status=ok | Category=Drug | mnn=Мяты перечной листья | RX_OTC=OTC | Age=Универсальный | Мяты перечной листья — лекарственное средство растительного происхождения. Согласно инструкциям, настой обладает спазмолитическим, успокаивающим, желчегонным, противорвотным и местнораздражающим действием (lsgeotar.ru, vidal.ru). Препарат применяется внутрь 2-3 раза в день за…",redesign/artifacts/mnn_identity_enrichment_pass_searxng_raw.jsonl,461,correct,correct,correct,,,,otc,универсальный,identity_enrichment,mnn_identity_enrichment,mnn_identity_enrichment_pass_results,high,"identity enrichment run 461: status=ok, Category=Drug, RX/OTC=otc, evidence present",identity_enrichment,mnn_identity_enrichment,mnn_identity_enrichment_pass_results,high,"identity enrichment run 461: status=ok, Category=Drug, Age=универсальный, evidence present",otc,,,,otc,универсальный,otc,универсальный,"[{""value"": ""otc"", ""method"": ""identity_enrichment"", ""stage"": ""mnn_identity_enrichment"", ""source"": ""mnn_identity_enrichment_pass_results"", ""confidence"": ""high""}, {""value"": ""otc"", ""method"": ""previous_enrichment"", ""stage"": ""previous_mnn_enrichment"", ""source"": ""mnn_catalog_resolution_wave500_v3"", ""confidence"": ""high""}, {""value"": ""otc"", ""method"": ""sem_baseline"", ""stage"": ""sem1"", ""source"": ""sem_wave500_mnn_v3_report"", ""confidence"": ""medium""}]","[{""value"": ""универсальный"", ""method"": ""identity_enrichment"", ""stage"": ""mnn_identity_enrichment"", ""source"": ""mnn_identity_enrichment_pass_results"", ""confidence"": ""high""}, {""value"": ""универсальный"", ""method"": ""previous_enrichment"", ""stage"": ""previous_mnn_enrichment"", ""source"": ""mnn_catalog_resolution_wave500_v3"", ""confidence"": ""high""}]",,,FALSE,FALSE,FALSE,FALSE,low,"[""source_match""]",previous enrichment RX/OTC present but status not ok; catalog RX/OTC absent/unknown; previous enrichment Age present but status not ok; Sem Age absent; catalog Age absent/unknown
13125,МИКРОГИНОН ТАБЛ. П/О 150МКГ+30МКГ №21 | ДЕЛЬФАРМ ЛИЛЛЬ С.А.С | ДЕЛЬФАРМ ЛИЛЛЬ С.А.С,,,none,unresolved_catalog,,,,new_enrichment,TRUE,ok,0,"levonorgestrel, ethinylestradiol",rx,взрослые,"levonorgestrel, ethinylestradiol",enrichment,FALSE,https://www.vidal.ru/drugs/microgynon__533 | https://health.mail.ru/drug/mikroginon-1/ | https://aptekamos.ru/tovary/lekarstva/levonorgestrel-etinilestradiol-1242/mikroginon-tabletki-150mkg-30mkg-73470/instrukciya | https://megapteka.ru/specials/guide_mikroginon-instrukciya-po-4268 | https://www.webapteka.ru/drugbase/name7941.html | https://www.rlsnet.ru/drugs/mikroginon-1996 | https://allmed.pro/ru/drugs/mikroginon | https://www.vidal.ru/drugs/microgynon__533 | https://health.mail.ru/drug/mikroginon-1/ | https://grls.rosminzdrav.ru/ | https://listel.ru/%D0%9C%D0%98%D0%9A%D0%A0%D0%9E%D0%93%D0%98%D0%9D%D0%9E%D0%9D | https://www.vidal.ru/drugs/microgynon__533,"status=ok | Category=Drug | mnn=levonorgestrel, ethinylestradiol | RX_OTC=RX | Age=Взрослый | Микрогинон — комбинированный эстроген-гестагенный контрацептивный препарат. Согласно инструкции, он подавляет овуляцию и повышает вязкость секрета шейки матки. Препарат является рецептурным (источник: allmed.pro). Информация о возрастных ограничениях в найденных источниках…",redesign/artifacts/mnn_identity_enrichment_pass_searxng_raw.jsonl,461,correct,correct,correct,,,MNN необходим на кирилице,rx,взрослые,identity_enrichment,mnn_identity_enrichment,mnn_identity_enrichment_pass_results,high,"identity enrichment run 461: status=ok, Category=Drug, RX/OTC=rx, evidence present",identity_enrichment,mnn_identity_enrichment,mnn_identity_enrichment_pass_results,high,"identity enrichment run 461: status=ok, Category=Drug, Age=взрослые, evidence present",rx,взрослые,,,,,rx,взрослые,"[{""value"": ""rx"", ""method"": ""identity_enrichment"", ""stage"": ""mnn_identity_enrichment"", ""source"": ""mnn_identity_enrichment_pass_results"", ""confidence"": ""high""}, {""value"": ""rx"", ""method"": ""sem_baseline"", ""stage"": ""sem1"", ""source"": ""sem_wave500_mnn_v3_report"", ""confidence"": ""medium""}]","[{""value"": ""взрослые"", ""method"": ""identity_enrichment"", ""stage"": ""mnn_identity_enrichment"", ""source"": ""mnn_identity_enrichment_pass_results"", ""confidence"": ""high""}, {""value"": ""взрослые"", ""method"": ""sem_baseline"", ""stage"": ""sem1"", ""source"": ""sem_wave500_mnn_v3_report"", ""confidence"": ""medium""}]",,,FALSE,FALSE,FALSE,FALSE,low,"[""source_match""]",previous enrichment RX/OTC absent; catalog RX/OTC absent/unknown; previous enrichment Age absent; catalog Age absent/unknown
88,ГЕСПЕРИДИН+ДИОСМИН 100мг+900мг N30 таб. покрытые пленочной оболочкой Алиум АО | Алиум АО | Алиум АО | N30,Диосмин+Гесперидин,Гесперидин,low,unresolved_catalog,,,,new_enrichment,TRUE,ok,0,"Гесперидин, Диосмин",otc,универсальный,"Гесперидин, Диосмин",enrichment,FALSE,https://www.rlsnet.ru/active-substance/gesperidin-diosmin-518 | https://megapteka.ru/specials/guide_gesperidin-diosmin-instrukciya-po-4379 | https://medi.ru/instrukciya/diosmin-gesperidin-verteks_19523/ | https://aptekamos.ru/tovary/lekarstva/gesperidin-diosmin-14901/diosperidin-tabletki-50mg-450mg-106298/instrukciya | https://www.vidal.ru/drugs/molecule/496 | https://megapteka.ru/specials/guide_angiorus-instrukciya-po-2691 | https://megapteka.ru/specials/guide_venozol-instrukciya-po-7166 | https://megapteka.ru/specials/guide_flebaven-instrukciya-po-6020 | https://velpharm.group/catalog/dioridinvel/ | https://zdravcity.ru/p_gesperedin-diosmin-tabletki-p-o-plen-100mg-900mg-30sht-0184812.html | https://medum.ru/gesperidin-diosmin-mnn | https://zdravcity.ru/p_diosmin-gesperidin-verteks-tab-p-o-pljon-500mg-n30-0119927.html,"status=ok | Category=Drug | mnn=Гесперидин, Диосмин | RX_OTC=OTC | Age=Универсальный | Препарат Гесперидин+Диосмин является лекарственным средством (ангиопротекторным и венотонизирующим). Действующие вещества: гесперидин и диосмин (МНН). Согласно данным с сайта ЗдравСити, препарат отпускается без рецепта. Инструкция по применению доступна на официальных ресурсах,…",redesign/artifacts/mnn_identity_enrichment_pass_searxng_raw.jsonl,461,correct,correct,incorrect,,,возрастной сегмент - взрослый,otc,универсальный,identity_enrichment,mnn_identity_enrichment,mnn_identity_enrichment_pass_results,high,"identity enrichment run 461: status=ok, Category=Drug, RX/OTC=otc, evidence present",identity_enrichment,mnn_identity_enrichment,mnn_identity_enrichment_pass_results,high,"identity enrichment run 461: status=ok, Category=Drug, Age=универсальный, evidence present; weaker sources differ: sem_baseline=взрослые",otc,взрослые,,,,,otc,универсальный,"[{""value"": ""otc"", ""method"": ""identity_enrichment"", ""stage"": ""mnn_identity_enrichment"", ""source"": ""mnn_identity_enrichment_pass_results"", ""confidence"": ""high""}, {""value"": ""otc"", ""method"": ""sem_baseline"", ""stage"": ""sem1"", ""source"": ""sem_wave500_mnn_v3_report"", ""confidence"": ""medium""}]","[{""value"": ""универсальный"", ""method"": ""identity_enrichment"", ""stage"": ""mnn_identity_enrichment"", ""source"": ""mnn_identity_enrichment_pass_results"", ""confidence"": ""high""}, {""value"": ""взрослые"", ""method"": ""sem_baseline"", ""stage"": ""sem1"", ""source"": ""sem_wave500_mnn_v3_report"", ""confidence"": ""medium""}]",,,FALSE,FALSE,FALSE,FALSE,low,"[""source_match""]",previous enrichment RX/OTC absent; catalog RX/OTC absent/unknown; previous enrichment Age absent; catalog Age absent/unknown
3556,"ФИЗИОТЕНЗ ТАБЛ. П/ПЛЕН/ОБ. 0,4МГ №28 ВЕРОФАРМ | ВЕРОФАРМ АО | ВЕРОФАРМ АО",Моксонидин,,none,unresolved_catalog,,,,new_enrichment,TRUE,ok,0,Моксонидин,rx,взрослые,Моксонидин,enrichment,FALSE,https://www.rlsnet.ru/drugs/fiziotenz-9564 | https://megapteka.ru/specials/guide_fiziotenz-instrukciya-po-5257 | https://aptekamos.ru/tovary/lekarstva/moksonidin-578/fiziotenz-tabletki-0-4mg-25262/instrukciya | https://www.rlsnet.ru/active-substance/moksonidin-1086 | https://www.rlsnet.ru/drugs/fiziotenz-9564 | https://www.vidal.ru/drugs/physiotens__1277 | https://megapteka.ru/specials/guide_fiziotenz-instrukciya-po-5257 | https://www.asna.ru/product/fiziotenz/instruction/ | https://prg.kz/document/?doc_id=33659055 | https://tabletka.ru/selection/fiziotenz/instruction/ | https://apteka.103.by/fiziotenz-instruktsiya/ | https://zdravcity.ru/p_fiziotenz-tab-p-o-pljon-0-4mg-n28-0129536.html,"status=ok | Category=Drug | mnn=Моксонидин | RX_OTC=RX | Age=Взрослый | Физиотенз является лекарственным препаратом, действующим веществом которого является моксонидин (МНН). Препарат относится к группе антигипертензивных средств центрального действия и применяется для лечения артериальной гипертензии у взрослых пациентов. Инструкция по применению…",redesign/artifacts/mnn_identity_enrichment_pass_searxng_raw.jsonl,461,correct,correct,correct,,,,rx,взрослые,identity_enrichment,mnn_identity_enrichment,mnn_identity_enrichment_pass_results,high,"identity enrichment run 461: status=ok, Category=Drug, RX/OTC=rx, evidence present",identity_enrichment,mnn_identity_enrichment,mnn_identity_enrichment_pass_results,high,"identity enrichment run 461: status=ok, Category=Drug, Age=взрослые, evidence present",rx,взрослые,,,,,rx,взрослые,"[{""value"": ""rx"", ""method"": ""identity_enrichment"", ""stage"": ""mnn_identity_enrichment"", ""source"": ""mnn_identity_enrichment_pass_results"", ""confidence"": ""high""}, {""value"": ""rx"", ""method"": ""sem_baseline"", ""stage"": ""sem1"", ""source"": ""sem_wave500_mnn_v3_report"", ""confidence"": ""medium""}]","[{""value"": ""взрослые"", ""method"": ""identity_enrichment"", ""stage"": ""mnn_identity_enrichment"", ""source"": ""mnn_identity_enrichment_pass_results"", ""confidence"": ""high""}, {""value"": ""взрослые"", ""method"": ""sem_baseline"", ""stage"": ""sem1"", ""source"": ""sem_wave500_mnn_v3_report"", ""confidence"": ""medium""}]",,,FALSE,FALSE,FALSE,FALSE,low,"[""source_match""]",previous enrichment RX/OTC absent; catalog RX/OTC absent/unknown; previous enrichment Age absent; catalog Age absent/unknown
10046,ПАПАВЕРИН ТАБЛ. 40МГ №10 ИРБИТСКИЙ ХФЗ | ИРБИТСКИЙ ХИМЗАВОД ОАО | ИРБИТСКИЙ ХИМЗАВОД ОАО,Папаверин,,none,unresolved_catalog,,,,new_enrichment,TRUE,ok,0,Папаверин,rx,универсальный,Папаверин,enrichment,FALSE,https://www.rlsnet.ru/drugs/papaverin-26592 | https://www.vidal.ru/drugs/papaverin__5582 | https://www.rlsnet.ru/drugs/papaverin-26592 | https://allmed.pro/ru/drugs/papaverin | https://www.rlsnet.ru/drugs/papaverin-26592 | https://megapteka.ru/specials/guide_papaverin-instrukciya-po-873 | https://medi.ru/instrukciya/papaverin_22138/ | https://www.vidal.ru/drugs/papaverine__18543 | https://health.mail.ru/drug/papaverin_1/ | https://b-apteka.ru/articles/papaverin | https://medi.ru/instrukciya/papaverin_22140/ | https://medum.ru/papaverine,"status=ok | Category=Drug | mnn=Папаверин | RX_OTC=RX | Age=Универсальный | Препарат Папаверин является лекарственным средством (МНН: Папаверин). Согласно данным Государственного реестра лекарственных средств (ГРЛС), препарат отпускается по рецепту (источник: https://grls.pharm-portal.ru/grls/2993c030-54eb-4632-962e-e5c44550ab39). Инструкции указывают,…",redesign/artifacts/mnn_identity_enrichment_pass_searxng_raw.jsonl,461,correct,incorrect,correct,,,препарат OTC,rx,универсальный,identity_enrichment,mnn_identity_enrichment,mnn_identity_enrichment_pass_results,high,"identity enrichment run 461: status=ok, Category=Drug, RX/OTC=rx, evidence present",identity_enrichment,mnn_identity_enrichment,mnn_identity_enrichment_pass_results,high,"identity enrichment run 461: status=ok, Category=Drug, Age=универсальный, evidence present; weaker sources differ: sem_baseline=взрослые",rx,взрослые,,,,,rx,универсальный,"[{""value"": ""rx"", ""method"": ""identity_enrichment"", ""stage"": ""mnn_identity_enrichment"", ""source"": ""mnn_identity_enrichment_pass_results"", ""confidence"": ""high""}, {""value"": ""rx"", ""method"": ""sem_baseline"", ""stage"": ""sem1"", ""source"": ""sem_wave500_mnn_v3_report"", ""confidence"": ""medium""}]","[{""value"": ""универсальный"", ""method"": ""identity_enrichment"", ""stage"": ""mnn_identity_enrichment"", ""source"": ""mnn_identity_enrichment_pass_results"", ""confidence"": ""high""}, {""value"": ""взрослые"", ""method"": ""sem_baseline"", ""stage"": ""sem1"", ""source"": ""sem_wave500_mnn_v3_report"", ""confidence"": ""medium""}]",,,FALSE,FALSE,FALSE,FALSE,low,"[""source_match""]",previous enrichment RX/OTC absent; catalog RX/OTC absent/unknown; previous enrichment Age absent; catalog Age absent/unknown
5010,ТЕРАФЛЕКС КАПС. 500МГ+400МГ №200 МАКИЗ-ФАРМА | МАКИЗ-ФАРМА | МАКИЗ-ФАРМА,,,none,unresolved_catalog,,,,new_enrichment,TRUE,ok,0,"ГЛЮКОЗАМИН, Хондроитина сульфат натрия",otc,взрослые,"ГЛЮКОЗАМИН, Хондроитина сульфат натрия",enrichment,FALSE,https://www.rlsnet.ru/drugs/terafleks-24430 | https://pharmproduct.ru/drugs/terafleks | https://aptekamos.ru/tovary/lekarstva/glyukozamin-xondroitina-sulfat-7759/terafleks-kapsuly-500mg-400mg-27916/instrukciya | https://pharmproduct.ru/drugs/terafleks/instruction | https://drugs.medelement.com/drug/%D1%82%D0%B5%D1%80%D0%B0%D1%84%D0%BB%D0%B5%D0%BA%D1%81-%D0%B8%D0%BD%D1%81%D1%82%D1%80%D1%83%D0%BA%D1%86%D0%B8%D1%8F/343739611477650933?instruction_lang=RU | https://www.vidal.ru/drugs/theraflex__3379 | https://allmed.pro/ru/drugs/terafleks | https://www.rlsnet.ru/drugs/terafleks-24430 | https://medi.ru/instrukciya/terafleks_23613/ | https://www.webapteka.ru/drugbase/name16743.html | https://www.vidal.ru/drugs/theraflex__3379 | https://zdesapteka.ru/instructions/terafleks/,"status=ok | Category=Drug | mnn=ГЛЮКОЗАМИН, ХОНДРОИТИНА СУЛЬФАТ | RX_OTC=OTC | Age=Взрослый | Терафлекс — комбинированный препарат, содержащий глюкозамин и хондроитина сульфат (МНН: ГЛЮКОЗАМИН+ХОНДРОИТИНА СУЛЬФАТ). Согласно инструкции, применяется у взрослых и подростков старше 15 лет (в некоторых источниках — старше 12 лет) для лечения дегенеративно-дистрофических…",redesign/artifacts/mnn_identity_enrichment_pass_searxng_raw.jsonl,461,correct,correct,correct,,,,otc,взрослые,identity_enrichment,mnn_identity_enrichment,mnn_identity_enrichment_pass_results,high,"identity enrichment run 461: status=ok, Category=Drug, RX/OTC=otc, evidence present",identity_enrichment,mnn_identity_enrichment,mnn_identity_enrichment_pass_results,high,"identity enrichment run 461: status=ok, Category=Drug, Age=взрослые, evidence present",otc,взрослые,,,,,otc,взрослые,"[{""value"": ""otc"", ""method"": ""identity_enrichment"", ""stage"": ""mnn_identity_enrichment"", ""source"": ""mnn_identity_enrichment_pass_results"", ""confidence"": ""high""}, {""value"": ""otc"", ""method"": ""sem_baseline"", ""stage"": ""sem1"", ""source"": ""sem_wave500_mnn_v3_report"", ""confidence"": ""medium""}]","[{""value"": ""взрослые"", ""method"": ""identity_enrichment"", ""stage"": ""mnn_identity_enrichment"", ""source"": ""mnn_identity_enrichment_pass_results"", ""confidence"": ""high""}, {""value"": ""взрослые"", ""method"": ""sem_baseline"", ""stage"": ""sem1"", ""source"": ""sem_wave500_mnn_v3_report"", ""confidence"": ""medium""}]",,,FALSE,FALSE,FALSE,FALSE,low,"[""source_match""]",previous enrichment RX/OTC absent; catalog RX/OTC absent/unknown; previous enrichment Age absent; catalog Age absent/unknown
14758,"ЛОЗАРТАН Н ТАБЛ. П/ПЛЕН/ОБ. 12,5МГ+100МГ №30 ОЗОН | ОЗОН ООО | ОЗОН ООО",Лозартан + Гидрохлоротиазид,,none,unresolved_catalog,,,,new_enrichment,TRUE,ok,0,"Лозартан, Гидрохлоротиазид",rx,взрослые,"Лозартан, Гидрохлоротиазид",enrichment,FALSE,https://www.vidal.ru/drugs/losartan-n | https://aptekamos.ru/tovary/lekarstva/gidroxlorotiazid-lozartan-1484/lozartan-n-tabletki-12-5mg-50mg-85623/instrukciya | https://aptekamos.ru/tovary/lekarstva/gidroxlorotiazid-lozartan-1484/lozartan-n-kanon-tabletki-25mg-100mg-77982/instrukciya | https://www.rlsnet.ru/drugs/lozartan-30163 | https://www.rlsnet.ru/drugs/lozartan-n-78925 | https://allmed.pro/ru/drugs/lozartan | https://www.vidal.ru/drugs/losartan-n | https://www.rlsnet.ru/drugs/lozartan-30163 | https://www.webapteka.ru/drugbase/name62367.html | https://www.rlsnet.ru/drugs/lozartan-n-78925 | https://www.webapteka.ru/drugbase/name19179.html | https://www.asna.ru/product/lozartan/instruction/,"status=ok | Category=Drug | mnn=лозартан, гидрохлоротиазид | RX_OTC=RX | Age=Взрослый | Лозартан Н — комбинированный препарат, содержащий лозартан и гидрохлоротиазид, применяется для лечения артериальной гипертензии (источники: Видаль, РЛС). Отпускается по рецепту (источник: allmed.pro). Инструкции указывают на применение у взрослых, данные о применении у детей в…",redesign/artifacts/mnn_identity_enrichment_pass_searxng_raw.jsonl,461,correct,correct,correct,,,,rx,взрослые,identity_enrichment,mnn_identity_enrichment,mnn_identity_enrichment_pass_results,high,"identity enrichment run 461: status=ok, Category=Drug, RX/OTC=rx, evidence present",identity_enrichment,mnn_identity_enrichment,mnn_identity_enrichment_pass_results,high,"identity enrichment run 461: status=ok, Category=Drug, Age=взрослые, evidence present",rx,взрослые,,,,,rx,взрослые,"[{""value"": ""rx"", ""method"": ""identity_enrichment"", ""stage"": ""mnn_identity_enrichment"", ""source"": ""mnn_identity_enrichment_pass_results"", ""confidence"": ""high""}, {""value"": ""rx"", ""method"": ""sem_baseline"", ""stage"": ""sem1"", ""source"": ""sem_wave500_mnn_v3_report"", ""confidence"": ""medium""}]","[{""value"": ""взрослые"", ""method"": ""identity_enrichment"", ""stage"": ""mnn_identity_enrichment"", ""source"": ""mnn_identity_enrichment_pass_results"", ""confidence"": ""high""}, {""value"": ""взрослые"", ""method"": ""sem_baseline"", ""stage"": ""sem1"", ""source"": ""sem_wave500_mnn_v3_report"", ""confidence"": ""medium""}]",,,FALSE,FALSE,FALSE,FALSE,low,"[""source_match""]",previous enrichment RX/OTC absent; catalog RX/OTC absent/unknown; previous enrichment Age absent; catalog Age absent/unknown
20628,ДЕКСА-ГЕНТАМИЦИН КАПЛИ ГЛАЗН. ФЛ-КАП. 5МЛ | УРСАФАРМ АРЦНАЙМИТТЕЛЬ ГМБХ | УРСАФАРМ АРЦНАЙМИТТЕЛЬ ГМБХ,Дексаметазон + Гентамицин,,none,unresolved_catalog,,,,new_enrichment,TRUE,ok,0,"Дексаметазон, Гентамицин",rx,взрослые,"Дексаметазон, Гентамицин",enrichment,FALSE,https://www.rlsnet.ru/drugs/deksa-gentamicin-7386 | https://www.lsgeotar.ru/drugs/dexa-gentamicin-AEMB | https://health.mail.ru/drug/dexa_gentamicin/ | https://megapteka.ru/specials/guide_deksa-gentamicin-instrukciya-po-2906 | https://allmed.pro/ru/drugs/deksa-gentamicin | https://www.rlsnet.ru/drugs/deksa-gentamicin-7386 | https://yandex.ru/medicine/medicaments/deksa-gentamitsin | https://www.vidal.ru/drugs/dexa-gentamicin__1842 | https://megapteka.ru/specials/guide_deksa-gentamicin-instrukciya-po-2906 | https://drugs.medelement.com/drug/%D0%B4%D0%B5%D0%BA%D1%81%D0%B0-%D0%B3%D0%B5%D0%BD%D1%82%D0%B0%D0%BC%D0%B8%D1%86%D0%B8%D0%BD-%D0%B8%D0%BD%D1%81%D1%82%D1%80%D1%83%D0%BA%D1%86%D0%B8%D1%8F/162840091477650959?instruction_lang=RU | https://medi.ru/instrukciya/deksa-gentamitsin_19297/ | https://medi.ru/instrukciya/deksa-gentamitsin_19297/,"status=ok | Category=Drug | mnn=дексаметазон, гентамицин | RX_OTC=RX | Age=Взрослый | Декса-Гентамицин — комбинированное лекарственное средство для местного применения в офтальмологии, содержащее дексаметазон (глюкокортикостероид) и гентамицин (антибиотик из группы аминогликозидов). Препарат оказывает противовоспалительное, противоаллергическое и…",redesign/artifacts/mnn_identity_enrichment_pass_searxng_raw.jsonl,461,correct,correct,correct,,,,rx,взрослые,identity_enrichment,mnn_identity_enrichment,mnn_identity_enrichment_pass_results,high,"identity enrichment run 461: status=ok, Category=Drug, RX/OTC=rx, evidence present",identity_enrichment,mnn_identity_enrichment,mnn_identity_enrichment_pass_results,high,"identity enrichment run 461: status=ok, Category=Drug, Age=взрослые, evidence present",rx,,,,,,rx,взрослые,"[{""value"": ""rx"", ""method"": ""identity_enrichment"", ""stage"": ""mnn_identity_enrichment"", ""source"": ""mnn_identity_enrichment_pass_results"", ""confidence"": ""high""}, {""value"": ""rx"", ""method"": ""sem_baseline"", ""stage"": ""sem1"", ""source"": ""sem_wave500_mnn_v3_report"", ""confidence"": ""medium""}]","[{""value"": ""взрослые"", ""method"": ""identity_enrichment"", ""stage"": ""mnn_identity_enrichment"", ""source"": ""mnn_identity_enrichment_pass_results"", ""confidence"": ""high""}]",,,FALSE,FALSE,FALSE,FALSE,low,"[""source_match""]",previous enrichment RX/OTC absent; catalog RX/OTC absent/unknown; previous enrichment Age absent; Sem Age absent; catalog Age absent/unknown
72,ФАРИНГАЛ таб. 650мг N10 Салута-М | Салута-М ООО | Салута-М ООО | N10,,,none,unresolved_catalog,,,ok,new_enrichment,TRUE,ok_partial,2,,unknown,универсальный,,unresolved_final,TRUE,https://grls.rosminzdrav.ru/ | https://www.webapteka.ru/drugbase/name11423.html | https://www.rlsnet.ru/baa/faringal-10921 | https://grls.rosminzdrav.ru/ | https://zhurnal-vokls.ru/wp-content/uploads/2025/10/49ru_all_ok.pdf | https://minzdrav.gov.ru/opendata/7707778246-grls/visual | https://grls.pharm-portal.ru/grls?pageSize=100&sort%5Breg_date%5D=desc | https://grls.pharm-portal.ru/grls?sort%5Bholder%5D=desc | https://minzdrav.gov.ru/search?q=grls | https://farmsovety.ru/blog/retsepturnye-i-bezretsepturnye-preparaty/ | https://grls.pharm-portal.ru/grls | https://pharmznanie.ru/article/instrukcia-dla-farmacevta-kak-bystro-iskat-dostovernuu-informaciu-o-lekarstvah,"status=ok_partial | Category=Drug | RX_OTC=not applicable | Age=Универсальный | По данным поиска, Фарингал упоминается в контексте лекарственных средств, но точная информация о МНН, рецептурности и возрастных ограничениях отсутствует. В результатах есть ссылки на инструкцию на webapteka.ru и rlsnet.ru, но содержимое не раскрывает этих деталей. Также…",redesign/artifacts/mnn_identity_enrichment_pass_searxng_raw.jsonl,461,should_be_empty,,,,,BAS,otc,универсальный,sem_baseline,sem1,sem_wave500_mnn_v3_report,medium,Sem v3 canonical attr contains RX/OTC=otc,previous_enrichment,previous_mnn_enrichment,mnn_catalog_resolution_wave500_v3,high,"reused prior enrichment: status=ok, validated Age=универсальный",otc,,,,,универсальный,,универсальный,"[{""value"": ""otc"", ""method"": ""sem_baseline"", ""stage"": ""sem1"", ""source"": ""sem_wave500_mnn_v3_report"", ""confidence"": ""medium""}]","[{""value"": ""универсальный"", ""method"": ""identity_enrichment"", ""stage"": ""mnn_identity_enrichment"", ""source"": ""mnn_identity_enrichment_pass_results"", ""confidence"": ""high""}, {""value"": ""универсальный"", ""method"": ""previous_enrichment"", ""stage"": ""previous_mnn_enrichment"", ""source"": ""mnn_catalog_resolution_wave500_v3"", ""confidence"": ""high""}]",,,TRUE,FALSE,FALSE,TRUE,high,"[""mnn"", ""source_match""]",previous enrichment RX/OTC absent; catalog RX/OTC absent/unknown; Sem Age absent; catalog Age absent/unknown
21387,ГЕПАВИЗИМ ФОСФОЛИПИДЫ+L-ОРИНИТИН+КУРКУМИН КАПС. ПО 495МГ №30 | ВТФ ООО | ВТФ ООО,,,none,unresolved_catalog,,,ok,new_enrichment,TRUE,ok,0,,unknown,универсальный,,unresolved_final,TRUE,https://aptekamos.ru/tovary/bad/gepavizim-16183/gepavizim-fosfolipidy-l-ornitin-kurkumin-kapsuly-massoyo-495mg-105791/instrukciya | https://www.lsgeotar.ru/supplements/AD0V | https://www.lsgeotar.ru/supplements/AD0V | https://aptekamos.ru/tovary/bad/gepavizim-16183/gepavizim-fosfolipidy-l-ornitin-kurkumin-kapsuly-massoyo-495mg-105791/instrukciya | https://medum.ru/gepavizim-fosfolipidy-l-ornitin-kurkumin-kapsuly | https://www.lsgeotar.ru/gepavizim-fosfolipidi-ornitin-kurkumin-27351.html | https://aptekamos.ru/tovary/bad/gepavizim-16183/gepavizim-fosfolipidy-l-ornitin-kurkumin-kapsuly-massoyo-495mg-105791/instrukciya | https://www.lsgeotar.ru/supplements/AD0V | https://tabletka.efim360.ru/bad/gepavizim-fosfolipidy'-'plus'-l_'def'ornitin-'plus'-kurkumin | https://www.rigla.ru/product/gepavizim-fosfolipidyl-orinitinkurkumin-kaps-495mg-no30-448657 | https://medum.ru/gepavizim-fosfolipidy-l-ornitin-kurkumin-kapsuly | https://www.budzdorov.ru/product/gepavizim-fosfolipidyl-orinitinkurkumin-kaps-495mg-no30-448657,"status=ok | Category=BAS | RX_OTC=not applicable | Age=Универсальный | Гепавизим Фосфолипиды+L-орнитин+Куркумин является биологически активной добавкой к пище (БАД), источником L-орнитина, куркумина и глицирризиновой кислоты (источники: aptekamos.ru, lsgeotar.ru). Информация о МНН отсутствует, так как это БАД. Отпускается без рецепта, так как не…",redesign/artifacts/mnn_identity_enrichment_pass_searxng_raw.jsonl,461,should_be_empty,,,,,BAS,not_applicable,not_applicable,not_applicable,mnn_identity_enrichment,mnn_identity_enrichment_pass_searxng_raw,high,identity enrichment run 461: Category=BAS/Other; RX/OTC not applicable,not_applicable,mnn_identity_enrichment,mnn_identity_enrichment_pass_searxng_raw,high,identity enrichment run 461: Category=BAS/Other; Age not applicable,,взрослые,,,,универсальный,,универсальный,[],"[{""value"": ""универсальный"", ""method"": ""identity_enrichment"", ""stage"": ""mnn_identity_enrichment"", ""source"": ""mnn_identity_enrichment_pass_results"", ""confidence"": ""high""}, {""value"": ""универсальный"", ""method"": ""previous_enrichment"", ""stage"": ""previous_mnn_enrichment"", ""source"": ""mnn_catalog_resolution_wave500_v3"", ""confidence"": ""high""}, {""value"": ""взрослые"", ""method"": ""sem_baseline"", ""stage"": ""sem1"", ""source"": ""sem_wave500_mnn_v3_report"", ""confidence"": ""medium""}]",,,TRUE,FALSE,FALSE,TRUE,high,"[""mnn"", ""non_drug_status"", ""source_match""]",
18830,ИЗЖОГАНЕТ АНТАЦИДНЫЙ КОМПЛЕКС СО ВКУСОМ МЯТЫ ТАБЛ. 600МГ №40 | ГРИН САЙД ООО | ГРИН САЙД ООО,,,none,unresolved_catalog,,,ok,new_enrichment,TRUE,ok,0,,unknown,взрослые,,unresolved_final,TRUE,https://www.rlsnet.ru/baa/antacidnyi-kompleks-izzoganet-86401 | https://aptekamos.ru/tovary/bad/greenside-17060/greenside-antacidnyyo-kompleks-izzhoganet-tabletki-so-vkusom-myaty-600mg-107606/instrukciya | https://www.rlsnet.ru/baa/antacidnyi-kompleks-izzoganet-86401 | https://www.rlsnet.ru/baa/antacidnyi-kompleks-izzoganet-86401 | https://apteka.ru/product/green-side-antaczidnyj-kompleks-izzhoganet-so-vkusom-myaty-n40-tabl-massoj-600mg-602e25e6152591d9cd4dc6f2/instructions/ | https://aptekamos.ru/tovary/bad/greenside-17060/greenside-antacidnyyo-kompleks-izzhoganet-tabletki-so-vkusom-myaty-600mg-107606/instrukciya | https://aptekamos.ru/tovary/bad/greenside-17060/greenside-antacidnyyo-kompleks-izzhoganet-tabletki-so-vkusom-apelsina-600mg-107605/instrukciya | https://yandex.ru/medicine/medicaments/green-side-antatsidnyj-kompleks-izzhoganet-tabletki-po-600-mg-so-vkusom-apel-sina-20-sht | https://www.rigla.ru/product/izzhoganet-antatsidnyy-kompleks-so-vkusom-myaty-tab-600mg-no20-bad-4999901 | https://spb.budzdorov.ru/product/izzhoganet-antatsidnyy-kompleks-so-vkusom-apelsina-tab-600mg-no20-bad-4999853 | https://yandex.ru/medicine/medicaments/antatsidnyj-kompleks-izzhoganet | https://yandex.ru/medicine/medicaments/green-side-antatsidnyj-kompleks-izzhoganet-tabletki-po-600-mg-so-vkusom-apel-sina-20-sht,"status=ok | Category=BAS | RX_OTC=not applicable | Age=Взрослый | Согласно найденным источникам, «Изжоганет Антацидный комплекс» является биологически активной добавкой (БАД) к пище, а не лекарственным средством. Он способствует устранению изжоги, чувства тяжести в желудке, отрыжки и улучшению пищеварения. Инструкция по применению указывает,…",redesign/artifacts/mnn_identity_enrichment_pass_searxng_raw.jsonl,461,should_be_empty,,,,,BAS,not_applicable,not_applicable,not_applicable,mnn_identity_enrichment,mnn_identity_enrichment_pass_searxng_raw,high,identity enrichment run 461: Category=BAS/Other; RX/OTC not applicable,not_applicable,mnn_identity_enrichment,mnn_identity_enrichment_pass_searxng_raw,high,identity enrichment run 461: Category=BAS/Other; Age not applicable,otc,взрослые,,,,взрослые,,взрослые,"[{""value"": ""otc"", ""method"": ""sem_baseline"", ""stage"": ""sem1"", ""source"": ""sem_wave500_mnn_v3_report"", ""confidence"": ""medium""}]","[{""value"": ""взрослые"", ""method"": ""identity_enrichment"", ""stage"": ""mnn_identity_enrichment"", ""source"": ""mnn_identity_enrichment_pass_results"", ""confidence"": ""high""}, {""value"": ""взрослые"", ""method"": ""previous_enrichment"", ""stage"": ""previous_mnn_enrichment"", ""source"": ""mnn_catalog_resolution_wave500_v3"", ""confidence"": ""high""}, {""value"": ""взрослые"", ""method"": ""sem_baseline"", ""stage"": ""sem1"", ""source"": ""sem_wave500_mnn_v3_report"", ""confidence"": ""medium""}]",,,TRUE,FALSE,FALSE,TRUE,high,"[""mnn"", ""non_drug_status"", ""source_match""]",
5322,"ТАВОЛГА ВЯЗОЛИСТНАЯ (ЛАБАЗНИК) ТРАВА Ф/П 1,5Г №20 ХЕРБЕС | ХЕРБЕС ООО | ХЕРБЕС ООО",,,none,unresolved_catalog,,,ok,new_enrichment,TRUE,ok,0,,unknown,универсальный,,unresolved_final,TRUE,https://medum.ru/labaznik-tavolga-vyazolistnyj-trava | https://www.rlsnet.ru/baa/labaznik-tavolga-vyazolistnyi-trava-44825 | https://ru.wikipedia.org/wiki/%D0%A2%D0%B0%D0%B2%D0%BE%D0%BB%D0%B3%D0%B0_%D0%B2%D1%8F%D0%B7%D0%BE%D0%BB%D0%B8%D1%81%D1%82%D0%BD%D0%B0%D1%8F | https://ru.wikipedia.org/wiki/%D0%A2%D0%B0%D0%B2%D0%BE%D0%BB%D0%B3%D0%B0_(%D1%80%D0%B0%D1%81%D1%82%D0%B5%D0%BD%D0%B8%D0%B5) | https://ru.ruwiki.ru/wiki/%D0%A2%D0%B0%D0%B2%D0%BE%D0%BB%D0%B3%D0%B0_%D0%B2%D1%8F%D0%B7%D0%BE%D0%BB%D0%B8%D1%81%D1%82%D0%BD%D0%B0%D1%8F | https://shop.evalar.ru/encyclopedia/item/labaznik-vyazolistnyy/ | http://medherbal.ru/tavolga.php | https://www.oum.ru/literature/zdorovje/azbuka-trav-tavolga/ | http://belena.biz/nov/tavol.htm | https://naranfito.ru/articles/poleznoe/chem-polezen-labaznik-tavolga/ | https://ru.wikipedia.org/wiki/%D0%A2%D0%B0%D0%B2%D0%BE%D0%BB%D0%B3%D0%B0_%D0%B2%D1%8F%D0%B7%D0%BE%D0%BB%D0%B8%D1%81%D1%82%D0%BD%D0%B0%D1%8F | https://7dach.ru/zdorovie/MarusyaRusya/recepty-zdorovya-tavolga-vyazolistnaya-prirodnyy-analog-aspirina-160944.html,"status=ok | Category=BAS | RX_OTC=not applicable | Age=Универсальный | Согласно найденным источникам, таволга вязолистная (лабазник) является лекарственным растением, но в результатах поиска нет указаний на то, что это лекарственное средство, зарегистрированное в ГРЛС. На сайте rlsnet.ru она классифицируется как БАД (биологически активная добавка)…",redesign/artifacts/mnn_identity_enrichment_pass_searxng_raw.jsonl,461,should_be_empty,,,,,BAS,not_applicable,not_applicable,not_applicable,mnn_identity_enrichment,mnn_identity_enrichment_pass_searxng_raw,high,identity enrichment run 461: Category=BAS/Other; RX/OTC not applicable,not_applicable,mnn_identity_enrichment,mnn_identity_enrichment_pass_searxng_raw,high,identity enrichment run 461: Category=BAS/Other; Age not applicable,,взрослые,,,,универсальный,,универсальный,[],"[{""value"": ""универсальный"", ""method"": ""identity_enrichment"", ""stage"": ""mnn_identity_enrichment"", ""source"": ""mnn_identity_enrichment_pass_results"", ""confidence"": ""high""}, {""value"": ""универсальный"", ""method"": ""previous_enrichment"", ""stage"": ""previous_mnn_enrichment"", ""source"": ""mnn_catalog_resolution_wave500_v3"", ""confidence"": ""high""}, {""value"": ""взрослые"", ""method"": ""sem_baseline"", ""stage"": ""sem1"", ""source"": ""sem_wave500_mnn_v3_report"", ""confidence"": ""medium""}]",,,TRUE,FALSE,FALSE,TRUE,high,"[""mnn"", ""non_drug_status"", ""source_match""]",
9197,ПОМОГУША СИРОП ДЕТСКИЙ ДЛЯ ДЕТЕЙ С 3-Х ЛЕТ ПРОТИВОПРОСТУДНЫЙ 100МЛ | ЮГ ООО | ЮГ ООО,,,none,unresolved_catalog,,,ok,new_enrichment,TRUE,ok,0,,unknown,дети,,unresolved_final,TRUE,https://grls.rosminzdrav.ru/ | https://rlp2.test.egisz.rosminzdrav.ru/registries/grls | https://edu-rosminzdrav.ru/grls-mnn-chto-eto/ | https://grls.rosminzdrav.ru/ | https://aptekamos.ru/tovary/pishhevye-produkty/pomogusha-13949/pomogusha-immunomoduliruyushhiyo-sirop-detskiyo-100ml-87305/instrukciya | https://aptekamos.ru/tovary/pishhevye-produkty/pomogusha-13949/pomogusha-uspokaivayushhiyo-sirop-detskiyo-100ml-101043/instrukciya | https://pharmznanie.ru/drugs/pomogusha-sirop-detskij-uspokaivayushhij-100-ml | http://lekhar.ru/wp-content/uploads/2018/06/%D0%9F%D0%BE%D0%BC%D0%BE%D0%B3%D1%83%D1%88%D0%B0-%D0%B8%D0%BD%D1%81%D1%82%D1%80%D1%83%D0%BA%D1%86%D0%B8%D1%8F-%D0%BF%D0%BE-%D0%BF%D1%80%D0%B8%D0%BC%D0%B5%D0%BD%D0%B5%D0%BD%D0%B8%D1%8E.pdf | https://pharmznanie.ru/drugs/pomogusha-sirop-dlya-detej-protivoprostudnyj-100-ml | http://lekhar.ru/lekarstva/preparaty-dlja-nervnoj-sistemy/pomogusha-instrukcija-po-primeneniju/ | https://instruk.world-shop.ru/pomogusha-sirop-detskiy-uspokaivayushchiy-instruktsiya/ | https://pharmznanie.ru/article/instrukcia-dla-farmacevta-kak-bystro-iskat-dostovernuu-informaciu-o-lekarstvah,"status=ok | Category=Other | RX_OTC=not applicable | Age=Детский | Согласно найденным инструкциям, препарат 'Помогуша' предназначен для детей с 3 лет. В инструкциях указаны дозировки для детей от 3 до 11 лет и от 11 до 14 лет. Однако в результатах поиска не найдено информации о регистрации в ГРЛС, МНН или рецептурном статусе. Упоминания о…",redesign/artifacts/mnn_identity_enrichment_pass_searxng_raw.jsonl,461,should_be_empty,,,,,BAS,not_applicable,not_applicable,not_applicable,mnn_identity_enrichment,mnn_identity_enrichment_pass_searxng_raw,high,identity enrichment run 461: Category=BAS/Other; RX/OTC not applicable,not_applicable,mnn_identity_enrichment,mnn_identity_enrichment_pass_searxng_raw,high,identity enrichment run 461: Category=BAS/Other; Age not applicable,otc,дети,,,,дети,,дети,"[{""value"": ""otc"", ""method"": ""sem_baseline"", ""stage"": ""sem1"", ""source"": ""sem_wave500_mnn_v3_report"", ""confidence"": ""medium""}]","[{""value"": ""дети"", ""method"": ""identity_enrichment"", ""stage"": ""mnn_identity_enrichment"", ""source"": ""mnn_identity_enrichment_pass_results"", ""confidence"": ""high""}, {""value"": ""дети"", ""method"": ""previous_enrichment"", ""stage"": ""previous_mnn_enrichment"", ""source"": ""mnn_catalog_resolution_wave500_v3"", ""confidence"": ""high""}, {""value"": ""дети"", ""method"": ""sem_baseline"", ""stage"": ""sem1"", ""source"": ""sem_wave500_mnn_v3_report"", ""confidence"": ""medium""}]",,,TRUE,FALSE,FALSE,TRUE,high,"[""mnn"", ""non_drug_status"", ""source_match""]",
11272,НООТРОП КАПС. №48 | ВИС ООО | ВИС ООО,,,none,unresolved_catalog,,,ok,new_enrichment,TRUE,ok,0,,unknown,универсальный,,unresolved_final,TRUE,https://www.rlsnet.ru/drugs/nootropil-65 | https://www.vidal.ru/drugs/nootropil__606 | https://www.asna.ru/product/nootrop/instruction/ | https://www.neboleem.net/nootrop.php | https://www.vidal.ru/drugs/nootropil__607 | https://aptekamos.ru/tovary/lekarstva/piracetam-726/nootropil-tabletki-1200mg-7002/instrukciya | https://megapteka.ru/specials/guide_nootropil-instrukciya-po-1344 | https://grls.rosminzdrav.ru/ | https://rlp.test.egisz.rosminzdrav.ru/ | https://www.asna.ru/product/nootrop/instruction/ | https://www.asna.ru/product/nootrop/instruction/ | https://www.neboleem.net/nootrop.php,"status=ok | Category=BAS | RX_OTC=not applicable | Age=Универсальный | Согласно найденным источникам, препарат «Ноотроп» (капсулы №48, производитель ВИС ООО) относится к биологически активным добавкам (БАД), а не к лекарственным средствам. Например, на сайте neboleem.net указано: «Ноотроп - нелекарственный препарат, относящийся к классу…",redesign/artifacts/mnn_identity_enrichment_pass_searxng_raw.jsonl,461,should_be_empty,,,,,BAS,not_applicable,not_applicable,not_applicable,mnn_identity_enrichment,mnn_identity_enrichment_pass_searxng_raw,high,identity enrichment run 461: Category=BAS/Other; RX/OTC not applicable,not_applicable,mnn_identity_enrichment,mnn_identity_enrichment_pass_searxng_raw,high,identity enrichment run 461: Category=BAS/Other; Age not applicable,,взрослые,,,,универсальный,,универсальный,[],"[{""value"": ""универсальный"", ""method"": ""identity_enrichment"", ""stage"": ""mnn_identity_enrichment"", ""source"": ""mnn_identity_enrichment_pass_results"", ""confidence"": ""high""}, {""value"": ""универсальный"", ""method"": ""previous_enrichment"", ""stage"": ""previous_mnn_enrichment"", ""source"": ""mnn_catalog_resolution_wave500_v3"", ""confidence"": ""high""}, {""value"": ""взрослые"", ""method"": ""sem_baseline"", ""stage"": ""sem1"", ""source"": ""sem_wave500_mnn_v3_report"", ""confidence"": ""medium""}]",,,TRUE,FALSE,FALSE,TRUE,high,"[""mnn"", ""non_drug_status"", ""source_match""]",
18179,КАЛЬЦИЯ ГЛЮКОНАТ ЭКО ТАБЛ. ПО 500МГ №10 | ЭКОТЕКС ООО | ЭКОТЕКС ООО,Кальция глюконат,,none,unresolved_catalog,,,ok,new_enrichment,TRUE,ok,0,,unknown,универсальный,,unresolved_final,TRUE,https://medum.ru/kalciya-glyukonat-ehko | https://www.lsgeotar.ru/supplements/calcium-gluconate-eco-without-flavoring-ABDZ | https://medum.ru/kalciya-glyukonat-ehko-tabletki | https://www.rlsnet.ru/baa/kalciya-glyukonat-eko-77080 | https://bz.medvestnik.ru/drugs/8697.html | https://www.webapteka.ru/drugbase/name65668.html | https://medum.ru/kalciya-glyukonat-ehko | https://medum.ru/kalciya-glyukonat-ehko-tabletki | https://www.vidal.ru/drugs/calcium_gluconate__30260 | https://b-apteka.ru/articles/kalciya-glyukonat | https://drugs.medelement.com/drug/%D0%BA%D0%B0%D0%BB%D1%8C%D1%86%D0%B8%D1%8F%20%D0%B3%D0%BB%D1%8E%D0%BA%D0%BE%D0%BD%D0%B0%D1%82-%D0%B8%D0%BD%D1%81%D1%82%D1%80%D1%83%D0%BA%D1%86%D0%B8%D1%8F/246698481624527587?instruction_lang=RU | https://www.rlsnet.ru/baa/kalciya-glyukonat-eko-77080,"status=ok | Category=BAS | mnn=Кальция глюконат | RX_OTC=not applicable | Age=Универсальный | Согласно найденным источникам, препарат 'Кальция глюконат Эко' является биологически активной добавкой к пище, а не лекарственным средством. В нескольких источниках указано, что он применяется в качестве дополнительного источника кальция (например, на lsgeotar.ru и…",redesign/artifacts/mnn_identity_enrichment_pass_searxng_raw.jsonl,461,should_be_empty,,,,,BAS,not_applicable,not_applicable,not_applicable,mnn_identity_enrichment,mnn_identity_enrichment_pass_searxng_raw,high,identity enrichment run 461: Category=BAS/Other; RX/OTC not applicable,not_applicable,mnn_identity_enrichment,mnn_identity_enrichment_pass_searxng_raw,high,identity enrichment run 461: Category=BAS/Other; Age not applicable,otc,,,,,универсальный,,универсальный,"[{""value"": ""otc"", ""method"": ""sem_baseline"", ""stage"": ""sem1"", ""source"": ""sem_wave500_mnn_v3_report"", ""confidence"": ""medium""}]","[{""value"": ""универсальный"", ""method"": ""identity_enrichment"", ""stage"": ""mnn_identity_enrichment"", ""source"": ""mnn_identity_enrichment_pass_results"", ""confidence"": ""high""}, {""value"": ""универсальный"", ""method"": ""previous_enrichment"", ""stage"": ""previous_mnn_enrichment"", ""source"": ""mnn_catalog_resolution_wave500_v3"", ""confidence"": ""high""}]",,,TRUE,FALSE,FALSE,TRUE,high,"[""mnn"", ""non_drug_status"", ""source_match""]",
75,САМБУКУС БУЗИНА ИММУНИТЕТ таб. массой 700мг N30 Грин сайд ООО | Грин Сайд ООО | Грин Сайд ООО | N30,,,none,unresolved_catalog,,,ok,new_enrichment,TRUE,ok,0,,unknown,универсальный,,unresolved_final,TRUE,https://aptekamos.ru/tovary/bad/sambukus-buzina-immunitet-16707/sambukus-buzina-immunitet-sirop-greenside-150ml-108621/instrukciya | https://apteka.ru/product/green-side-sambukus-buzina-immunitet-sirop-150ml-61c46cf973341e2e5c7a457e/instructions/ | https://www.pmedpharm.ru/upload/iblock/f8a/ubwjtt2fq72dzdxha1epo1xlt41rlhqy/D1_81_D0_B1_D0_BE_D1_80_D0_BD_D0_B8_D0_BA_76_2021_D0_A1_D0_B0_D0_B9_D1_82_compressed.pdf | https://zdravcity.ru/p_orvis-rino-kapli-dlja-priema-vnutr-fl-100ml-0097284.html | https://www.pharmindex.ru/pdf/pharmindex_481.pdf | https://izvestiya.ggtu.ru/wp-content/uploads/2025/12/konferencziya-2.pdf | https://www.med-sovet.pro/jour/oai?verb=ListRecords&metadataPrefix=oai_dc&set=driver | https://zdravcity.ru/p_orvis-rino-kapli-dlja-priema-vnutr-fl-100ml-0097284.html | https://www.pmedpharm.ru/upload/iblock/f8a/ubwjtt2fq72dzdxha1epo1xlt41rlhqy/D1_81_D0_B1_D0_BE_D1_80_D0_BD_D0_B8_D0_BA_76_2021_D0_A1_D0_B0_D0_B9_D1_82_compressed.pdf | https://izvestiya.ggtu.ru/wp-content/uploads/2025/12/konferencziya-2.pdf | https://www.pmedpharm.ru/upload/iblock/e1b/oapjnh7davohcdoiqr6f2ipob9ht94az/D1_81_D0_B1_D0_BE_D1_80_D0_BD_D0_B8_D0_BA_77_2022.pdf | https://zdravcity.ru/p_sambukus-buzina-immunitet-bez-sahara-green-side-grin-sajd-tabletki-700mg-30sht-0185008.html,"status=ok | Category=BAS | RX_OTC=not applicable | Age=Универсальный | Согласно найденным данным, продукт 'Самбукус Бузина Иммунитет' является биологически активной добавкой (БАД), а не лекарственным средством. В составе указаны экстракт плодов бузины черной, мед, экстракт эхинацеи, витамин C и цинк (источник: aptekamos.ru). На сайте Здравсити…",redesign/artifacts/mnn_identity_enrichment_pass_searxng_raw.jsonl,461,should_be_empty,,,,,BAS,not_applicable,not_applicable,not_applicable,mnn_identity_enrichment,mnn_identity_enrichment_pass_searxng_raw,high,identity enrichment run 461: Category=BAS/Other; RX/OTC not applicable,not_applicable,mnn_identity_enrichment,mnn_identity_enrichment_pass_searxng_raw,high,identity enrichment run 461: Category=BAS/Other; Age not applicable,otc,,,,,универсальный,,универсальный,"[{""value"": ""otc"", ""method"": ""sem_baseline"", ""stage"": ""sem1"", ""source"": ""sem_wave500_mnn_v3_report"", ""confidence"": ""medium""}]","[{""value"": ""универсальный"", ""method"": ""identity_enrichment"", ""stage"": ""mnn_identity_enrichment"", ""source"": ""mnn_identity_enrichment_pass_results"", ""confidence"": ""high""}, {""value"": ""универсальный"", ""method"": ""previous_enrichment"", ""stage"": ""previous_mnn_enrichment"", ""source"": ""mnn_catalog_resolution_wave500_v3"", ""confidence"": ""high""}]",,,TRUE,FALSE,FALSE,TRUE,high,"[""mnn"", ""non_drug_status"", ""source_match""]",
249,ОСТЕОМЕД таб. N60 Парафарм | Парафарм ООО | Парафарм ООО | N60,,,none,unresolved_catalog,,,ok,new_enrichment,TRUE,ok,0,,unknown,взрослые,,unresolved_final,TRUE,https://megapteka.ru/specials/guide_osteomed-forte-instrukciya-1263 | https://www.vidal.ru/drugs/osteomed | https://www.eapteka.ru/goods/vitaminy_i_bad/biologicheski_aktivnye_dobavki/bad_vitaminsoderzhashchie_mineraly/vitaminno_mineralnye_kompleksy/osteomed/ | https://grls.rosminzdrav.ru/ | https://www.lsgeotar.ru/supplements/osteomed-AEmL | https://www.vidal.ru/drugs/osteomed | https://www.vidal.ru/drugs/osteomed-forte | https://health.mail.ru/drug/osteomed_forte/ | https://www.rlsnet.ru/baa/osteomed-40701 | https://belayaapteka.ru/catalog/bad/osteomed/ | https://tkachevmoscow.ru/articles/pomogaet-li-voltaren-ot-boli-v-spine-i-shee | https://narcorehab.com/articles/piralgin/,"status=ok | Category=BAS | RX_OTC=not applicable | Age=Взрослый | Остеомед является биологически активной добавкой к пище (БАД), а не лекарственным средством. Согласно инструкции на сайте Видаль, он является дополнительным источником кальция и витамина В6, содержит деценовые кислоты. Рекомендуется взрослым по 2 таблетки 3 раза в сутки или по…",redesign/artifacts/mnn_identity_enrichment_pass_searxng_raw.jsonl,461,should_be_empty,,,,,BAS,not_applicable,not_applicable,not_applicable,mnn_identity_enrichment,mnn_identity_enrichment_pass_searxng_raw,high,identity enrichment run 461: Category=BAS/Other; RX/OTC not applicable,not_applicable,mnn_identity_enrichment,mnn_identity_enrichment_pass_searxng_raw,high,identity enrichment run 461: Category=BAS/Other; Age not applicable,otc,взрослые,,,,взрослые,,взрослые,"[{""value"": ""otc"", ""method"": ""sem_baseline"", ""stage"": ""sem1"", ""source"": ""sem_wave500_mnn_v3_report"", ""confidence"": ""medium""}]","[{""value"": ""взрослые"", ""method"": ""identity_enrichment"", ""stage"": ""mnn_identity_enrichment"", ""source"": ""mnn_identity_enrichment_pass_results"", ""confidence"": ""high""}, {""value"": ""взрослые"", ""method"": ""previous_enrichment"", ""stage"": ""previous_mnn_enrichment"", ""source"": ""mnn_catalog_resolution_wave500_v3"", ""confidence"": ""high""}, {""value"": ""взрослые"", ""method"": ""sem_baseline"", ""stage"": ""sem1"", ""source"": ""sem_wave500_mnn_v3_report"", ""confidence"": ""medium""}]",,,TRUE,FALSE,FALSE,TRUE,high,"[""mnn"", ""non_drug_status"", ""source_match""]",
19198,ЗВЕРОБОЯ ТРАВА 50Г ФИТОФАРМ | ФИТОФАРМ ООО | ФИТОФАРМ ООО,Зверобоя трава,,none,unresolved_catalog,,,ok_partial,new_enrichment,TRUE,ok_partial,2,,otc,универсальный,,unresolved_final,TRUE,https://pharmproduct.ru/drugs/zveroboia-trava | https://www.lsgeotar.ru/drugs/st-johns-wort-herb-BBOD | https://www.rlsnet.ru/drugs/zveroboya-trava-4291 | https://health.mail.ru/drug/zveroboya-trava/ | https://www.rlsnet.ru/drugs/zveroboya-trava-4291 | https://health.mail.ru/drug/zveroboya-trava-1/ | https://medi.ru/instrukciya/zveroboya-trava_19776/ | https://www.lsgeotar.ru/cs/zveroboya-trava-12211.html | https://www.vidal.ru/drugs/hyperici_herba__30245 | https://www.vidal.ru/drugs/hyperici_herba__28959 | https://www.pharmcontrol.ru/reference/inn/400/ | https://www.pharmcontrol.ru/registry/drugs/16633/,"status=ok_partial | Category=Drug | RX_OTC=OTC | Age=Универсальный | Зверобоя трава является лекарственным средством (ЛС) согласно данным Государственного реестра лекарственных средств (ГРЛС) и других источников. МНН (международное непатентованное название) в предоставленных результатах поиска не указано, поэтому оно не определено. Препарат…",redesign/artifacts/mnn_identity_enrichment_pass_searxng_raw.jsonl,461,incorrect,incorrect,incorrect,,,"Drug (Трава зверобоя), ОТС, Взрослый",otc,unknown,sem_baseline,sem1,sem_wave500_mnn_v3_report,medium,Sem v3 canonical attr contains RX/OTC=otc,not_resolved,none,none,unknown,no accepted pipeline source contains Age; display value unknown,otc,,,,otc,универсальный,otc,универсальный,"[{""value"": ""otc"", ""method"": ""identity_enrichment"", ""stage"": ""mnn_identity_enrichment"", ""source"": ""mnn_identity_enrichment_pass_results"", ""confidence"": ""high""}, {""value"": ""otc"", ""method"": ""previous_enrichment"", ""stage"": ""previous_mnn_enrichment"", ""source"": ""mnn_catalog_resolution_wave500_v3"", ""confidence"": ""high""}, {""value"": ""otc"", ""method"": ""sem_baseline"", ""stage"": ""sem1"", ""source"": ""sem_wave500_mnn_v3_report"", ""confidence"": ""medium""}]","[{""value"": ""универсальный"", ""method"": ""identity_enrichment"", ""stage"": ""mnn_identity_enrichment"", ""source"": ""mnn_identity_enrichment_pass_results"", ""confidence"": ""high""}, {""value"": ""универсальный"", ""method"": ""previous_enrichment"", ""stage"": ""previous_mnn_enrichment"", ""source"": ""mnn_catalog_resolution_wave500_v3"", ""confidence"": ""high""}]",,,TRUE,FALSE,TRUE,TRUE,high,"[""mnn"", ""age"", ""source_match""]",previous enrichment RX/OTC present but status not ok; catalog RX/OTC absent/unknown; previous enrichment Age present but status not ok; Sem Age absent; catalog Age absent/unknown
45,АКВИОН КОЖА ВОЛОСЫ НОГТИ таб. N60 ВТФ ООО | ВТФ ООО | ВТФ ООО | N60,,,none,unresolved_catalog,,,ok,new_enrichment,TRUE,ok,0,,unknown,универсальный,,unresolved_final,TRUE,https://medi.ru/instrukciya/endomeklin_28767/ | https://dsm.ru/upload/medialibrary/164/61vbxn9ib5bkrf0xyedyjx81a772rpca/DSM-Annual_report_2025_RU.pdf | https://chelovekilekarstvo.ru/wp-content/uploads/2025/04/e-tesisi_chil_2025.pdf | https://zdravcity.ru/p_pikovit-tab-p-o-n60-0005739.html | https://cdn1.tenchat.ru/static/vbc-gostinder/2024-04-01/f65efd72-9b00-4e73-a7cb-e45fd3898005.pdf | https://izvestiya.ggtu.ru/wp-content/uploads/2025/12/konferencziya-2.pdf | https://zdravcity.ru/p_revit-dr-n100-0045953.html | https://zdravcity.ru/p_pikovit-forte-tab-p-o-n30-0011198.html | https://dsm.ru/upload/medialibrary/164/61vbxn9ib5bkrf0xyedyjx81a772rpca/DSM-Annual_report_2025_RU.pdf | https://chelovekilekarstvo.ru/wp-content/uploads/2025/04/e-tesisi_chil_2025.pdf | https://izvestiya.ggtu.ru/wp-content/uploads/2025/12/konferencziya-2.pdf | https://cdn1.tenchat.ru/static/vbc-gostinder/2024-04-01/f65efd72-9b00-4e73-a7cb-e45fd3898005.pdf,"status=ok | Category=Other | RX_OTC=not applicable | Age=Универсальный | Поиск по запросу 'АКВИОН КОЖА ВОЛОСЫ НОГТИ' не дал прямых результатов. В найденных сниппетах упоминается 'Кожа, волосы и ногти Аквион' на страницах Здравсити (например, https://zdravcity.ru/p_pikovit-tab-p-o-n60-0005739.html и…",redesign/artifacts/mnn_identity_enrichment_pass_searxng_raw.jsonl,461,should_be_empty,,,,,BAS,not_applicable,not_applicable,not_applicable,mnn_identity_enrichment,mnn_identity_enrichment_pass_searxng_raw,high,identity enrichment run 461: Category=BAS/Other; RX/OTC not applicable,not_applicable,mnn_identity_enrichment,mnn_identity_enrichment_pass_searxng_raw,high,identity enrichment run 461: Category=BAS/Other; Age not applicable,otc,взрослые,,,,взрослые,,универсальный,"[{""value"": ""otc"", ""method"": ""sem_baseline"", ""stage"": ""sem1"", ""source"": ""sem_wave500_mnn_v3_report"", ""confidence"": ""medium""}]","[{""value"": ""универсальный"", ""method"": ""identity_enrichment"", ""stage"": ""mnn_identity_enrichment"", ""source"": ""mnn_identity_enrichment_pass_results"", ""confidence"": ""high""}, {""value"": ""взрослые"", ""method"": ""previous_enrichment"", ""stage"": ""previous_mnn_enrichment"", ""source"": ""mnn_catalog_resolution_wave500_v3"", ""confidence"": ""high""}, {""value"": ""взрослые"", ""method"": ""sem_baseline"", ""stage"": ""sem1"", ""source"": ""sem_wave500_mnn_v3_report"", ""confidence"": ""medium""}]",,,TRUE,FALSE,FALSE,TRUE,high,"[""mnn"", ""non_drug_status"", ""source_match""]",
56,РИТОФЛЕКС МСМ таб. N60 Фармацевтическая Фабрика ООО | Фармацевтическая фабрика ООО | Фармацевтическая фабрика ООО | N60,,,none,unresolved_catalog,,,,new_enrichment,TRUE,ok,0,,unknown,взрослые,,unresolved_final,TRUE,https://apteka.ru/product/erzig-ritofleks-msm-60-sht-tabletki-massoj-13-g-6881ca52930d4277140351ba/instructions/ | https://apteka.ru/product/erzig-ritofleks-msm-60-sht-tabletki-massoj-13-g-6881ca52930d4277140351ba/instructions/ | https://erzig.ru/catalog/zdorove-sustavov/ritofleks-msm/ | https://erzig.ru/catalog/zdorove-sustavov/ritofleks/ | https://s-zdorovie.ru/catalog/bady/dlya-sustavov/ritofleks_msm__glyukozamin_500mg_hondroitin_400mg_msm__tab__1300mg__60/ | https://erzig.ru/catalog/zdorove-sustavov/ritofleks-msm/ | https://erzig.ru/catalog/zdorove-sustavov/ritofleks/ | https://planetazdorovo.ru/sanktpeterburg/catalog/lekarstva-i-bad/sustavy-i-myshtsy/khondroprotektory/erzig-ritofleks-msm-tab-60-sht-24591111/ | https://s-zdorovie.ru/catalog/bady/dlya-sustavov/ritofleks_msm__glyukozamin_500mg_hondroitin_400mg_msm__tab__1300mg__60/ | https://erzig.ru/catalog/zdorove-sustavov/ritofleks-msm/ | https://s-zdorovie.ru/catalog/bady/dlya-sustavov/ritofleks_msm__glyukozamin_500mg_hondroitin_400mg_msm__tab__1300mg__60/ | https://planetazdorovo.ru/catalog/lekarstva-i-bad/sustavy-i-myshtsy/khondroprotektory/ritofleks-glyukozamin-500hondro-13999511/,"status=ok | Category=BAS | RX_OTC=not applicable | Age=Взрослый | РИТОФЛЕКС МСМ является биологически активной добавкой (БАД) к пище, а не лекарственным средством. Согласно инструкции, его принимают взрослые по 1 таблетке 2 раза в день во время еды. Состав включает хондроитин, глюкозамин, гиалуроновую кислоту и МСМ (метилсульфонилметан).…",redesign/artifacts/mnn_identity_enrichment_pass_searxng_raw.jsonl,461,should_be_empty,,,,,BAS,not_applicable,not_applicable,not_applicable,mnn_identity_enrichment,mnn_identity_enrichment_pass_searxng_raw,high,identity enrichment run 461: Category=BAS/Other; RX/OTC not applicable,not_applicable,mnn_identity_enrichment,mnn_identity_enrichment_pass_searxng_raw,high,identity enrichment run 461: Category=BAS/Other; Age not applicable,,,,,,,,взрослые,[],"[{""value"": ""взрослые"", ""method"": ""identity_enrichment"", ""stage"": ""mnn_identity_enrichment"", ""source"": ""mnn_identity_enrichment_pass_results"", ""confidence"": ""high""}]",,,TRUE,FALSE,FALSE,TRUE,high,"[""mnn"", ""non_drug_status"", ""source_match""]",
3763,ФАРМГРУПП НАСТОЙКА 5 ТРАВ УСПОКОИТЕЛЬНАЯ ФЛ. 250МЛ | ФАРМГРУПП ООО | ФАРМГРУПП ООО,,,none,unresolved_catalog,,,ok,new_enrichment,TRUE,ok,0,,unknown,взрослые,,unresolved_final,TRUE,https://yandex.ru/medicine/medicaments/5-trav-uspokoitel-naja-nastojka | https://www.rlsnet.ru/baa/nastoika-5-trav-uspokoitelnaya-87383 | https://www.asna.ru/cards/5_trav_nastoyka_uspokoitelnaya_250ml_farmgrupp.html | https://apteka.103.by/nastoyka-5-trav-uspokoitelnaya-instruktsiya/ | https://www.rlsnet.ru/baa/nastoika-5-trav-uspokoitelnaya-87383 | https://pharm-medexpert.ru/news2/ | https://farmgrup.ru/catalog/fito-produktsiya/nastojka-5-trav-uspokoitelnaya.html | https://www.pmedpharm.ru/upload/iblock/3e8/7w2d78qy3esv8ss5vcz25zhopmmgw3yc/D0_91_D0_95_D0_9B_D0_98_D0_9A_D0_9E_D0_92_2020_D1_81_D0_B0_D0_B9_D1_82_281_29.pdf | https://pharm-medexpert.ru/news2/ | https://farmgrup.ru/catalog/fito-produktsiya/nastojka-5-trav-uspokoitelnaya.html | https://farmgrup.ru/catalog/fito-produktsiya/nastojka-5-trav-uspokoitelnaya.html | https://planetazdorovo.ru/catalog/lekarstva-i-bad/nevrologiya-psikhiatriya/uspokoitelnye-sedativnye/5-trav-nastojka-uspokoitelnaya-40967903/,"status=ok | Category=BAS | RX_OTC=not applicable | Age=Взрослый | Согласно найденным источникам, продукт «ФАРМГРУПП НАСТОЙКА 5 ТРАВ УСПОКОИТЕЛЬНАЯ» рекомендуется в качестве биологически активной добавки к пище (БАД) — источника дубильных веществ (танинов) и гидроксикоричных кислот (источники: spb.asna.ru, market.yandex.ru). Применяется как…",redesign/artifacts/mnn_identity_enrichment_pass_searxng_raw.jsonl,461,should_be_empty,,,,,BAS,not_applicable,not_applicable,not_applicable,mnn_identity_enrichment,mnn_identity_enrichment_pass_searxng_raw,high,identity enrichment run 461: Category=BAS/Other; RX/OTC not applicable,not_applicable,mnn_identity_enrichment,mnn_identity_enrichment_pass_searxng_raw,high,identity enrichment run 461: Category=BAS/Other; Age not applicable,otc,взрослые,,,,взрослые,,взрослые,"[{""value"": ""otc"", ""method"": ""sem_baseline"", ""stage"": ""sem1"", ""source"": ""sem_wave500_mnn_v3_report"", ""confidence"": ""medium""}]","[{""value"": ""взрослые"", ""method"": ""identity_enrichment"", ""stage"": ""mnn_identity_enrichment"", ""source"": ""mnn_identity_enrichment_pass_results"", ""confidence"": ""high""}, {""value"": ""взрослые"", ""method"": ""previous_enrichment"", ""stage"": ""previous_mnn_enrichment"", ""source"": ""mnn_catalog_resolution_wave500_v3"", ""confidence"": ""high""}, {""value"": ""взрослые"", ""method"": ""sem_baseline"", ""stage"": ""sem1"", ""source"": ""sem_wave500_mnn_v3_report"", ""confidence"": ""medium""}]",,,TRUE,FALSE,FALSE,TRUE,high,"[""mnn"", ""non_drug_status"", ""source_match""]",
8201,РЕПЕШОК ОБЫКНОВЕННЫЙ ТРАВА 50Г ЭВАЛАР | ЭВАЛАР ЗАО | ЭВАЛАР ЗАО,,,none,unresolved_catalog,,,ok,new_enrichment,TRUE,ok,0,,unknown,взрослые,,unresolved_final,TRUE,https://bz.medvestnik.ru/drugs/16111.html | https://bz.medvestnik.ru/drugs/16114.html | https://medum.ru/repeshok-obyknovennyj-trava | https://medum.ru/repeshok-obyknovennyj | https://www.webapteka.ru/drugbase/name11845.html | https://www.rlsnet.ru/drugs/repesok-obyknovennyi-12781 | https://bz.medvestnik.ru/drugs/16114.html | https://bz.medvestnik.ru/drugs/16112.html | https://ru.wikipedia.org/wiki/%D0%A0%D0%B5%D0%BF%D0%B5%D1%88%D0%BE%D0%BA_%D0%BE%D0%B1%D1%8B%D0%BA%D0%BD%D0%BE%D0%B2%D0%B5%D0%BD%D0%BD%D1%8B%D0%B9 | https://ru.wikipedia.org/wiki/%D0%A0%D0%B5%D0%BF%D0%B5%D1%88%D0%BE%D0%BA | https://medplants.ru/repeshok-obykn/ | https://kykuruza.ru/or/repeynichek.html,"status=ok | Category=BAS | mnn=Репешок обыкновенный трава | RX_OTC=not applicable | Age=Взрослый | Согласно данным из поисковой выдачи, репешок обыкновенный трава классифицируется как биологически активная добавка (БАД) (источник: bz.medvestnik.ru). Инструкция по применению указывает, что принимать его следует взрослым по 1 стакану в день во время еды (источник:…",redesign/artifacts/mnn_identity_enrichment_pass_searxng_raw.jsonl,461,should_be_empty,,,,,BAS,not_applicable,not_applicable,not_applicable,mnn_identity_enrichment,mnn_identity_enrichment_pass_searxng_raw,high,identity enrichment run 461: Category=BAS/Other; RX/OTC not applicable,not_applicable,mnn_identity_enrichment,mnn_identity_enrichment_pass_searxng_raw,high,identity enrichment run 461: Category=BAS/Other; Age not applicable,otc,,,,,универсальный,,взрослые,"[{""value"": ""otc"", ""method"": ""sem_baseline"", ""stage"": ""sem1"", ""source"": ""sem_wave500_mnn_v3_report"", ""confidence"": ""medium""}]","[{""value"": ""взрослые"", ""method"": ""identity_enrichment"", ""stage"": ""mnn_identity_enrichment"", ""source"": ""mnn_identity_enrichment_pass_results"", ""confidence"": ""high""}, {""value"": ""универсальный"", ""method"": ""previous_enrichment"", ""stage"": ""previous_mnn_enrichment"", ""source"": ""mnn_catalog_resolution_wave500_v3"", ""confidence"": ""high""}]",,,TRUE,FALSE,FALSE,TRUE,high,"[""mnn"", ""non_drug_status"", ""source_match""]",
9941,ПАРОДОНТОЦИД ОПОЛАСКИВАТЕЛЬ ДЛЯ ПОЛОСТИ РТА 250МЛ | МОСКОВСКАЯ ФФ | МОСКОВСКАЯ ФФ,,,none,unresolved_catalog,,,ok_partial,new_enrichment,TRUE,error,2,,unknown,unknown,,unresolved_final,TRUE,,status=error | error=transport,redesign/artifacts/mnn_identity_enrichment_pass_searxng_raw.jsonl,461,should_be_empty,,,,,hygiene,otc,unknown,sem_baseline,sem1,sem_wave500_mnn_v3_report,medium,Sem v3 canonical attr contains RX/OTC=otc,not_resolved,none,none,unknown,no accepted pipeline source contains Age; display value unknown,otc,,,,otc,универсальный,,,"[{""value"": ""otc"", ""method"": ""previous_enrichment"", ""stage"": ""previous_mnn_enrichment"", ""source"": ""mnn_catalog_resolution_wave500_v3"", ""confidence"": ""high""}, {""value"": ""otc"", ""method"": ""sem_baseline"", ""stage"": ""sem1"", ""source"": ""sem_wave500_mnn_v3_report"", ""confidence"": ""medium""}]","[{""value"": ""универсальный"", ""method"": ""previous_enrichment"", ""stage"": ""previous_mnn_enrichment"", ""source"": ""mnn_catalog_resolution_wave500_v3"", ""confidence"": ""high""}]",,,TRUE,FALSE,TRUE,TRUE,high,"[""mnn"", ""age"", ""source_match""]",previous enrichment RX/OTC present but status not ok; catalog RX/OTC absent/unknown; previous enrichment Age present but status not ok; Sem Age absent; catalog Age absent/unknown
22548,ВЕЧЕРНЕЕ ВАЛЕРИАНА+МЯТА+МЕЛИССА ДРАЖЕ №50 ПАРАФАРМ | ПАРАФАРМ ООО | ПАРАФАРМ ООО,,,none,unresolved_catalog,,,ok,new_enrichment,TRUE,ok,0,,unknown,взрослые,,unresolved_final,TRUE,https://www.rlsnet.ru/baa/vecernee-valerianaxmelmyata-45636 | https://bz.medvestnik.ru/drugs/4388.html | https://bz.medvestnik.ru/drugs/397567.html | https://www.rlsnet.ru/baa/vecernee-valerianaxmelmyata-45636 | https://bz.medvestnik.ru/drugs/4388.html | https://www.webapteka.ru/drugbase/name67186.html | https://pharmznanie.ru/drugs/vechernee-valeriana-xmel-myata-02-g-100-sht | https://www.webapteka.ru/drugbase/name67186.html | https://www.rlsnet.ru/baa/vecernee-valerianaxmelmyata-45636 | https://bz.medvestnik.ru/drugs/4388.html | https://www.webapteka.ru/drugbase/name55610.html | https://www.lsgeotar.ru/ru/vecherneye-valeriana-khmel-miata-47299.html,"status=ok | Category=BAS | RX_OTC=not applicable | Age=Взрослый | Согласно найденным источникам, препарат «Вечернее Валериана+Мята+Мелисса» является биологически активной добавкой (БАД), а не лекарственным средством. В инструкции на сайте webapteka.ru указано: «Взрослым по 4 драже 3 раза в день во время еды. Продолжительность приема 4 недели.…",redesign/artifacts/mnn_identity_enrichment_pass_searxng_raw.jsonl,461,should_be_empty,,,,,BAS,not_applicable,not_applicable,not_applicable,mnn_identity_enrichment,mnn_identity_enrichment_pass_searxng_raw,high,identity enrichment run 461: Category=BAS/Other; RX/OTC not applicable,not_applicable,mnn_identity_enrichment,mnn_identity_enrichment_pass_searxng_raw,high,identity enrichment run 461: Category=BAS/Other; Age not applicable,otc,взрослые,,,,взрослые,,взрослые,"[{""value"": ""otc"", ""method"": ""sem_baseline"", ""stage"": ""sem1"", ""source"": ""sem_wave500_mnn_v3_report"", ""confidence"": ""medium""}]","[{""value"": ""взрослые"", ""method"": ""identity_enrichment"", ""stage"": ""mnn_identity_enrichment"", ""source"": ""mnn_identity_enrichment_pass_results"", ""confidence"": ""high""}, {""value"": ""взрослые"", ""method"": ""previous_enrichment"", ""stage"": ""previous_mnn_enrichment"", ""source"": ""mnn_catalog_resolution_wave500_v3"", ""confidence"": ""high""}, {""value"": ""взрослые"", ""method"": ""sem_baseline"", ""stage"": ""sem1"", ""source"": ""sem_wave500_mnn_v3_report"", ""confidence"": ""medium""}]",,,TRUE,FALSE,FALSE,TRUE,high,"[""mnn"", ""non_drug_status"", ""source_match""]",
23695,БИОРИТМ АНТИСТРЕСС 24 ДЕНЬ/НОЧЬ ТАБЛ. П/О №32 | ЭВАЛАР ЗАО | ЭВАЛАР ЗАО,,,none,unresolved_catalog,,,ok,new_enrichment,TRUE,ok,0,,unknown,взрослые,,unresolved_final,TRUE,https://www.vidal.ru/drugs/biorythm_antistress_24_den_noch__40027 | https://www.rlsnet.ru/baa/bioritm-antistress-24-dennoc-36986 | https://www.webapteka.ru/drugbase/name55697.html | https://pharmznanie.ru/drugs/bioritm-antistress-tabletki-24-dennoch-32-sht | https://pharmznanie.ru/drugs/bioritm-antistress-tabletki-24-dennoch-32-sht | https://www.webapteka.ru/drugbase/name55697.html | https://www.vidal.ru/drugs/biorythm_antistress_24_den_noch__40027 | https://kiberis.ru/?p=35809 | https://www.rlsnet.ru/baa/bioritm-antistress-24-dennoc-36986 | https://www.vidal.ru/drugs/biorythm_antistress_24_den_noch__40027 | https://www.webapteka.ru/drugbase/name55697.html | https://apteka.103.by/bioritm-antistress-24-den-noch-instruktsiya/,"status=ok | Category=BAS | RX_OTC=not applicable | Age=Взрослый | Биоритм Антистресс 24 день/ночь является биологически активной добавкой к пище (БАД), а не лекарственным средством. Согласно инструкции, он применяется в качестве источника рутина, витаминов В1, В6, пантотената кальция. Состав таблетки ""день"" включает экстракты пустырника,…",redesign/artifacts/mnn_identity_enrichment_pass_searxng_raw.jsonl,461,should_be_empty,,,,,BAS,not_applicable,not_applicable,not_applicable,mnn_identity_enrichment,mnn_identity_enrichment_pass_searxng_raw,high,identity enrichment run 461: Category=BAS/Other; RX/OTC not applicable,not_applicable,mnn_identity_enrichment,mnn_identity_enrichment_pass_searxng_raw,high,identity enrichment run 461: Category=BAS/Other; Age not applicable,,взрослые,,,,взрослые,,взрослые,[],"[{""value"": ""взрослые"", ""method"": ""identity_enrichment"", ""stage"": ""mnn_identity_enrichment"", ""source"": ""mnn_identity_enrichment_pass_results"", ""confidence"": ""high""}, {""value"": ""взрослые"", ""method"": ""previous_enrichment"", ""stage"": ""previous_mnn_enrichment"", ""source"": ""mnn_catalog_resolution_wave500_v3"", ""confidence"": ""high""}, {""value"": ""взрослые"", ""method"": ""sem_baseline"", ""stage"": ""sem1"", ""source"": ""sem_wave500_mnn_v3_report"", ""confidence"": ""medium""}]",,,TRUE,FALSE,FALSE,TRUE,high,"[""mnn"", ""non_drug_status"", ""source_match""]",
26319,"АЛТАЙ ФИТОЧАЙ КИПРЕЯ ТРАВА Ф/П 1,5Г №20 | АЛТАЙСКИЙ КЕДР ООО | АЛТАЙСКИЙ КЕДР ООО",,,none,unresolved_catalog,,,ok,new_enrichment,TRUE,ok,0,,unknown,взрослые,,unresolved_final,TRUE,https://medum.ru/fitochaj-altaj-kiprej-trava | https://medum.ru/fitochaj-altaj-kiprej-trava-filtrpakety-pachki | https://www.lsgeotar.ru/supplements/AARR | https://medum.ru/fitochaj-altaj-kiprej-trava | https://medum.ru/fitochaj-altaj-kiprej-trava-filtrpakety-pachki | https://www.rlsnet.ru/baa/fitocai-altai-kiprei-trava-37693 | https://kiberis.ru/?p=35848 | https://www.medsovet.info/herb/59593 | https://medum.ru/fitochaj-altaj-kiprej-trava | https://www.rlsnet.ru/baa/fitocai-altai-kiprei-trava-37693 | https://medum.ru/fitochaj-altaj-kiprej-trava-filtrpakety-pachki | https://kiberis.ru/?p=35848,"status=ok | Category=BAS | RX_OTC=not applicable | Age=Взрослый | Согласно найденным источникам, Фиточай «Алтай» (Кипрей трава) является биологически активной добавкой (БАД), а не лекарственным средством. Например, на сайте lsgeotar.ru указано, что это БАД к пище — источник флавоноидов и полифенольных соединений. Инструкция на webapteka.ru…",redesign/artifacts/mnn_identity_enrichment_pass_searxng_raw.jsonl,461,should_be_empty,,,,,BAS,not_applicable,not_applicable,not_applicable,mnn_identity_enrichment,mnn_identity_enrichment_pass_searxng_raw,high,identity enrichment run 461: Category=BAS/Other; RX/OTC not applicable,not_applicable,mnn_identity_enrichment,mnn_identity_enrichment_pass_searxng_raw,high,identity enrichment run 461: Category=BAS/Other; Age not applicable,otc,,,,,взрослые,,взрослые,"[{""value"": ""otc"", ""method"": ""sem_baseline"", ""stage"": ""sem1"", ""source"": ""sem_wave500_mnn_v3_report"", ""confidence"": ""medium""}]","[{""value"": ""взрослые"", ""method"": ""identity_enrichment"", ""stage"": ""mnn_identity_enrichment"", ""source"": ""mnn_identity_enrichment_pass_results"", ""confidence"": ""high""}, {""value"": ""взрослые"", ""method"": ""previous_enrichment"", ""stage"": ""previous_mnn_enrichment"", ""source"": ""mnn_catalog_resolution_wave500_v3"", ""confidence"": ""high""}]",,,TRUE,FALSE,FALSE,TRUE,high,"[""mnn"", ""non_drug_status"", ""source_match""]",
34,МЕЛАДАПТ 3мг N10 таб. покрытые пленочной оболочкой Озон ООО | Озон ООО | Озон ООО | N10,,,none,unresolved_catalog,,,,new_enrichment,TRUE,ok,0,Мелатонин,otc,взрослые,Мелатонин,enrichment,FALSE,https://megapteka.ru/specials/guide_meladapt-instrukciya-po-4049 | https://www.rlsnet.ru/pharm-groups/obshhetoniziruyushhie-sredstva-i-adaptogeny-64 | https://aptekamos.ru/tovary/lekarstva/melatonin-2540/meladapt-tabletki-3mg-98709/instrukciya | https://www.rlsnet.ru/active-substance/melatonin-2159 | https://megapteka.ru/specials/guide_kogda-primenyat-melatonin-461 | https://megapteka.ru/specials/guide_melaksen-instrukciya-po-1020 | https://megapteka.ru/specials/guide_melaritm-instrukciya-po-6800 | https://megapteka.ru/specials/guide_melaritm-instrukciya-po-6800 | https://www.rlsnet.ru/drugs/meladapt-82375 | https://www.vidal.ru/drugs/meladapt | https://medvisor.ru/medicine/drug/meladapt-_76658/ | https://www.rlsnet.ru/drugs/meladapt-82375,"status=ok | Category=Drug | mnn=Мелатонин | RX_OTC=OTC | Age=Взрослый | Меладапт — это лекарственный препарат, зарегистрированный в ГРЛС, выпускается в форме таблеток, покрытых пленочной оболочкой, дозировкой 3 мг (источник: megapteka.ru). Действующее вещество — мелатонин (МНН) (источник: aptekamos.ru, rlsnet.ru). Препарат относится к группе…",redesign/artifacts/mnn_identity_enrichment_pass_searxng_raw.jsonl,461,correct,correct,correct,,,,otc,взрослые,identity_enrichment,mnn_identity_enrichment,mnn_identity_enrichment_pass_results,high,"identity enrichment run 461: status=ok, Category=Drug, RX/OTC=otc, evidence present; weaker sources differ: sem_baseline=rx",identity_enrichment,mnn_identity_enrichment,mnn_identity_enrichment_pass_results,high,"identity enrichment run 461: status=ok, Category=Drug, Age=взрослые, evidence present",rx,взрослые,,,,,otc,взрослые,"[{""value"": ""otc"", ""method"": ""identity_enrichment"", ""stage"": ""mnn_identity_enrichment"", ""source"": ""mnn_identity_enrichment_pass_results"", ""confidence"": ""high""}, {""value"": ""rx"", ""method"": ""sem_baseline"", ""stage"": ""sem1"", ""source"": ""sem_wave500_mnn_v3_report"", ""confidence"": ""medium""}]","[{""value"": ""взрослые"", ""method"": ""identity_enrichment"", ""stage"": ""mnn_identity_enrichment"", ""source"": ""mnn_identity_enrichment_pass_results"", ""confidence"": ""high""}, {""value"": ""взрослые"", ""method"": ""sem_baseline"", ""stage"": ""sem1"", ""source"": ""sem_wave500_mnn_v3_report"", ""confidence"": ""medium""}]",,,FALSE,FALSE,FALSE,FALSE,low,"[""source_match""]",previous enrichment RX/OTC absent; catalog RX/OTC absent/unknown; previous enrichment Age absent; catalog Age absent/unknown
92,ДИНАМИКО ЛОНГ 20мг N8 таб. покрытые пленочной оболочкой Тева Фармацевтические Предприятия Лтд | Тева Фармацевтические Предприятия Лтд. | Тева Фармацевтические Предприятия Лтд. | N8,,,none,unresolved_catalog,,,,new_enrichment,TRUE,ok,0,Тадалафил,rx,взрослые,Тадалафил,enrichment,FALSE,https://aptekamos.ru/tovary/lekarstva/tadalafil-7766/dinamiko-long-tabletki-20mg-89269/instrukciya | https://www.rlsnet.ru/active-substance/metformin-sitagliptin-2989 | https://megapteka.ru/specials/guide_dinamiko-instrukciya-po-4024 | https://www.vidal.ru/drugs/dinamiko-long-3 | https://www.rlsnet.ru/drugs/dinamiko-40732 | https://tabletka.ru/selection/dinamiko/instruction/ | https://megapteka.ru/specials/guide_dinamiko-instrukciya-po-4024 | https://zdravcity.ru/p_dinamiko-long-tabletki-p-o-plen-20mg-8sht-0185640.html | https://zdravcity.ru/p_dinamiko-tab-p-o-100mg-n4-0015084.html | https://farmamedspb.ru/company/news/ | https://cyberleninka.ru/article/n/issledovanie-assortimenta-analgeziruyuschih-narkoticheskih-lekarstvennyh-sredstv-na-regionalnom-urovne | https://medpoint.pro/article/khronicheskii-mieloidnii-leikoz-1681,"status=ok | Category=Drug | mnn=Тадалафил | RX_OTC=RX | Age=Взрослый | Динамико Лонг — лекарственный препарат, содержащий действующее вещество тадалафил (МНН). Применяется для лечения эректильной дисфункции у взрослых мужчин, в том числе при симптомах нижних мочевых путей на фоне доброкачественной гиперплазии предстательной железы. Противопоказан…",redesign/artifacts/mnn_identity_enrichment_pass_searxng_raw.jsonl,461,correct,correct,correct,,,,rx,взрослые,identity_enrichment,mnn_identity_enrichment,mnn_identity_enrichment_pass_results,high,"identity enrichment run 461: status=ok, Category=Drug, RX/OTC=rx, evidence present",identity_enrichment,mnn_identity_enrichment,mnn_identity_enrichment_pass_results,high,"identity enrichment run 461: status=ok, Category=Drug, Age=взрослые, evidence present",rx,взрослые,,,,,rx,взрослые,"[{""value"": ""rx"", ""method"": ""identity_enrichment"", ""stage"": ""mnn_identity_enrichment"", ""source"": ""mnn_identity_enrichment_pass_results"", ""confidence"": ""high""}, {""value"": ""rx"", ""method"": ""sem_baseline"", ""stage"": ""sem1"", ""source"": ""sem_wave500_mnn_v3_report"", ""confidence"": ""medium""}]","[{""value"": ""взрослые"", ""method"": ""identity_enrichment"", ""stage"": ""mnn_identity_enrichment"", ""source"": ""mnn_identity_enrichment_pass_results"", ""confidence"": ""high""}, {""value"": ""взрослые"", ""method"": ""sem_baseline"", ""stage"": ""sem1"", ""source"": ""sem_wave500_mnn_v3_report"", ""confidence"": ""medium""}]",,,FALSE,FALSE,FALSE,FALSE,low,"[""source_match""]",previous enrichment RX/OTC absent; catalog RX/OTC absent/unknown; previous enrichment Age absent; catalog Age absent/unknown
456,"ЭТОРИАКС ТАБЛ. П/ПЛЕН/ОБ. 60МГ №14 | КРКА, Д.Д., НОВО МЕСТО АО | КРКА, Д.Д., НОВО МЕСТО АО",Эторикоксиб,,none,unresolved_catalog,,,,new_enrichment,TRUE,ok,0,Эторикоксиб,rx,взрослые,Эторикоксиб,enrichment,FALSE,https://www.rlsnet.ru/active-substance/etorikoksib-2890 | https://aptekamos.ru/tovary/lekarstva/etorikoksib-10880/etoriaks-tabletki-60mg-96614/instrukciya | https://www.vidal.ru/drugs/molecule/1912 | https://megapteka.ru/specials/guide_etorikoksib-instrukciya-po-5616 | https://www.rlsnet.ru/drugs/etoriaks-81478 | https://www.vidal.ru/drugs/etoriax-1 | https://apteka.103.by/etoriaks-instruktsiya/ | https://megapteka.ru/specials/guide_etoriaks-instrukciya-po-2661 | https://health.mail.ru/drug/etoriaks/ | https://aptekamos.ru/tovary/lekarstva/etorikoksib-10880/etoriaks-tabletki-60mg-96614/instrukciya | https://volgograd.budzdorov.ru/forms/etoriaks | https://zdravcity.ru/p_jetoriaks-tab-p-o-plen-60mg-n14-0098279.html,"status=ok | Category=Drug | mnn=Эторикоксиб | RX_OTC=RX | Age=Взрослый | Препарат Эториакс содержит действующее вещество эторикоксиб (МНН), которое относится к нестероидным противовоспалительным препаратам (НПВС) из группы коксибов. Согласно инструкции, он применяется для симптоматической терапии остеоартроза, ревматоидного артрита, анкилозирующего…",redesign/artifacts/mnn_identity_enrichment_pass_searxng_raw.jsonl,461,correct,correct,correct,,,,rx,взрослые,identity_enrichment,mnn_identity_enrichment,mnn_identity_enrichment_pass_results,high,"identity enrichment run 461: status=ok, Category=Drug, RX/OTC=rx, evidence present",identity_enrichment,mnn_identity_enrichment,mnn_identity_enrichment_pass_results,high,"identity enrichment run 461: status=ok, Category=Drug, Age=взрослые, evidence present",rx,взрослые,,,,,rx,взрослые,"[{""value"": ""rx"", ""method"": ""identity_enrichment"", ""stage"": ""mnn_identity_enrichment"", ""source"": ""mnn_identity_enrichment_pass_results"", ""confidence"": ""high""}, {""value"": ""rx"", ""method"": ""sem_baseline"", ""stage"": ""sem1"", ""source"": ""sem_wave500_mnn_v3_report"", ""confidence"": ""medium""}]","[{""value"": ""взрослые"", ""method"": ""identity_enrichment"", ""stage"": ""mnn_identity_enrichment"", ""source"": ""mnn_identity_enrichment_pass_results"", ""confidence"": ""high""}, {""value"": ""взрослые"", ""method"": ""sem_baseline"", ""stage"": ""sem1"", ""source"": ""sem_wave500_mnn_v3_report"", ""confidence"": ""medium""}]",,,FALSE,FALSE,FALSE,FALSE,low,"[""source_match""]",previous enrichment RX/OTC absent; catalog RX/OTC absent/unknown; previous enrichment Age absent; catalog Age absent/unknown
486,ЭСЦИТАЛОПРАМ КАНОН ТАБЛ. П/ПЛЕН/ОБ. 20МГ №28 | КАНОНФАРМА ПРОДАКШН ЗАО | КАНОНФАРМА ПРОДАКШН ЗАО,Эсциталопрам,,none,unresolved_catalog,,,,new_enrichment,TRUE,ok,0,Эсциталопрам,rx,универсальный,Эсциталопрам,enrichment,FALSE,https://www.rlsnet.ru/drugs/escitalopram-66941 | https://aptekamos.ru/tovary/lekarstva/escitalopram-8473/escitalopram-kanon-tabletki-20mg-91410/instrukciya | https://www.rlsnet.ru/drugs/eliceya-39239 | https://www.rlsnet.ru/drugs/cipraleks-24934 | https://aptekamos.ru/tovary/lekarstva/escitalopram-8473/escitalopram-kanon-tabletki-20mg-91410/instrukciya | https://www.rlsnet.ru/active-substance/escitalopram-2668 | https://www.rlsnet.ru/drugs/escitalopram-66941 | https://www.asna.ru/product/estsitalopram/instruction/ | https://zdravcity.ru/p_jescitalopram-kanon-tabletki-pokrytye-plenochnoj-obolochkoj-10mg-56sht-0269000.html | https://zdravcity.ru/p_jescitalopram-kanon-tab-p-o-plen-10mg-n28-0089809.html | https://zdravcity.ru/p_jescitalopram-kanon-tab-p-o-plen-20mg-n28-0089808.html | https://t-j.ru/list/psychiatric-drugs-russia/,"status=ok | Category=Drug | mnn=Эсциталопрам | RX_OTC=RX | Age=Универсальный | Эсциталопрам Канон является лекарственным средством (антидепрессантом, СИОЗС). Действующее вещество (МНН) — эсциталопрам (источник: Здравсити, РЛС). Препарат применяется при депрессии, панических расстройствах и других показаниях (Здравсити). Инструкция указывает, что для…",redesign/artifacts/mnn_identity_enrichment_pass_searxng_raw.jsonl,461,correct,correct,incorrect,,,возрастной сегмент - взрослый,rx,универсальный,identity_enrichment,mnn_identity_enrichment,mnn_identity_enrichment_pass_results,high,"identity enrichment run 461: status=ok, Category=Drug, RX/OTC=rx, evidence present",identity_enrichment,mnn_identity_enrichment,mnn_identity_enrichment_pass_results,high,"identity enrichment run 461: status=ok, Category=Drug, Age=универсальный, evidence present; weaker sources differ: sem_baseline=взрослые",rx,взрослые,,,,,rx,универсальный,"[{""value"": ""rx"", ""method"": ""identity_enrichment"", ""stage"": ""mnn_identity_enrichment"", ""source"": ""mnn_identity_enrichment_pass_results"", ""confidence"": ""high""}, {""value"": ""rx"", ""method"": ""sem_baseline"", ""stage"": ""sem1"", ""source"": ""sem_wave500_mnn_v3_report"", ""confidence"": ""medium""}]","[{""value"": ""универсальный"", ""method"": ""identity_enrichment"", ""stage"": ""mnn_identity_enrichment"", ""source"": ""mnn_identity_enrichment_pass_results"", ""confidence"": ""high""}, {""value"": ""взрослые"", ""method"": ""sem_baseline"", ""stage"": ""sem1"", ""source"": ""sem_wave500_mnn_v3_report"", ""confidence"": ""medium""}]",,,FALSE,FALSE,FALSE,FALSE,low,"[""source_match""]",previous enrichment RX/OTC absent; catalog RX/OTC absent/unknown; previous enrichment Age absent; catalog Age absent/unknown
884,"ЭЛИЦЕЯ КУ-ТАБ ТАБЛ. ДИСПЕРГ. В ПОЛОСТИ РТА 10МГ №56 | КРКА, Д.Д., НОВО МЕСТО АО | КРКА, Д.Д., НОВО МЕСТО АО",,,none,unresolved_catalog,,,,new_enrichment,TRUE,ok,0,Эсциталопрам,rx,взрослые,Эсциталопрам,enrichment,FALSE,https://www.rlsnet.ru/drugs/eliceya-ku-tab-74532 | https://www.rlsnet.ru/drugs/eliceya-39239 | https://aptekamos.ru/tovary/lekarstva/escitalopram-8473/escitalopram-tabletki-10mg-82935/instrukciya | https://www.rlsnet.ru/drugs/escitalopram-66941 | https://www.krka.ru/_assets/Elicea-Qtab_CU_UG_LoD1_PIL_final-version-for-Stage-III_14.12.2022.pdf | https://www.vidal.ru/drugs/elicea-q-tab-1 | https://health.mail.ru/drug/elitseya-kutab/ | https://drugs.medelement.com/drug/%D1%8D%D0%BB%D0%B8%D1%86%D0%B5%D1%8F-%D0%BA%D1%83-%D1%82%D0%B0%D0%B1-5%D0%BC%D0%B3-%D0%B8%D0%BD%D1%81%D1%82%D1%80%D1%83%D0%BA%D1%86%D0%B8%D1%8F/452066081477650937?instruction_lang=RU | https://medum.ru/ehliceya-ku-tab | https://www.lsgeotar.ru/ka/elitseya-ku-tab-48204.html | https://medum.ru/tabletki-ehliceya-ku-tab | https://krkapro.ru/medicaments/311/,"status=ok | Category=Drug | mnn=Эсциталопрам | RX_OTC=RX | Age=Взрослый | Элицея Ку-таб — лекарственный препарат, действующее вещество эсциталопрам (МНН). Согласно инструкции, препарат противопоказан детям и подросткам до 18 лет (источник: krkapro.ru). Отпускается по рецепту (источник: health.mail.ru). Инструкция по применению доступна на rlsnet.ru и…",redesign/artifacts/mnn_identity_enrichment_pass_searxng_raw.jsonl,461,correct,correct,correct,,,,rx,взрослые,identity_enrichment,mnn_identity_enrichment,mnn_identity_enrichment_pass_results,high,"identity enrichment run 461: status=ok, Category=Drug, RX/OTC=rx, evidence present",identity_enrichment,mnn_identity_enrichment,mnn_identity_enrichment_pass_results,high,"identity enrichment run 461: status=ok, Category=Drug, Age=взрослые, evidence present",rx,,,,,,rx,взрослые,"[{""value"": ""rx"", ""method"": ""identity_enrichment"", ""stage"": ""mnn_identity_enrichment"", ""source"": ""mnn_identity_enrichment_pass_results"", ""confidence"": ""high""}, {""value"": ""rx"", ""method"": ""sem_baseline"", ""stage"": ""sem1"", ""source"": ""sem_wave500_mnn_v3_report"", ""confidence"": ""medium""}]","[{""value"": ""взрослые"", ""method"": ""identity_enrichment"", ""stage"": ""mnn_identity_enrichment"", ""source"": ""mnn_identity_enrichment_pass_results"", ""confidence"": ""high""}]",,,FALSE,FALSE,FALSE,FALSE,low,"[""source_match""]",previous enrichment RX/OTC absent; catalog RX/OTC absent/unknown; previous enrichment Age absent; Sem Age absent; catalog Age absent/unknown
1053,"ЭКЗОРОЛФИНЛАК ЛАК Д/НОГТЕЙ 5% ФЛ. 2,5МЛ | ПАУЛЬ В. БЕЙФЕРС ГМБХ | ПАУЛЬ В. БЕЙФЕРС ГМБХ",Циклопирокс,,none,unresolved_catalog,,,,new_enrichment,TRUE,ok,0,Аморолфин,rx,взрослые,Аморолфин,enrichment,FALSE,https://www.lsgeotar.ru/drugs/exorolfinlak-AAGS | https://drugs.medelement.com/drug/%D1%8D%D0%BA%D0%B7%D0%BE%D1%80%D0%BE%D0%BB%D1%84%D0%B8%D0%BD%D0%BB%D0%B0%D0%BA-%D0%B8%D0%BD%D1%81%D1%82%D1%80%D1%83%D0%BA%D1%86%D0%B8%D1%8F/520665881602584216?instruction_lang=RU | https://health.mail.ru/drug/ekzorolfinlak-2/ | https://grls.rosminzdrav.ru/ | https://health.mail.ru/drug/ekzorolfinlak-2/ | https://medi.ru/instrukciya/ekzorolfinlak_13521/ | https://drugs.medelement.com/drug/%D1%8D%D0%BA%D0%B7%D0%BE%D1%80%D0%BE%D0%BB%D1%84%D0%B8%D0%BD%D0%BB%D0%B0%D0%BA-%D0%B8%D0%BD%D1%81%D1%82%D1%80%D1%83%D0%BA%D1%86%D0%B8%D1%8F/520665881602584216?instruction_lang=RU | https://www.webapteka.ru/drugbase/name62613.html | https://www.rlsnet.ru/drugs/ekzorolfinlak-79112 | https://www.neboleem.net/jekzorolfinlak.php | https://prg.kz/Document/?doc_id=35682609 | https://kiberis.ru/?p=26977,"status=ok | Category=Drug | mnn=Аморолфин | RX_OTC=RX | Age=Взрослый | Экзоролфинлак — лекарственный препарат, действующее вещество аморолфин (МНН). Применяется для лечения грибкового поражения ногтей (онихомикоза) у взрослых. Отпускается по рецепту. Инструкция по применению доступна на сайтах drugs.medelement.com, medi.ru, rlsnet.ru и других.",redesign/artifacts/mnn_identity_enrichment_pass_searxng_raw.jsonl,461,correct,incorrect,correct,,,препарат OTC,rx,взрослые,identity_enrichment,mnn_identity_enrichment,mnn_identity_enrichment_pass_results,high,"identity enrichment run 461: status=ok, Category=Drug, RX/OTC=rx, evidence present",identity_enrichment,mnn_identity_enrichment,mnn_identity_enrichment_pass_results,high,"identity enrichment run 461: status=ok, Category=Drug, Age=взрослые, evidence present",rx,взрослые,,,,,rx,взрослые,"[{""value"": ""rx"", ""method"": ""identity_enrichment"", ""stage"": ""mnn_identity_enrichment"", ""source"": ""mnn_identity_enrichment_pass_results"", ""confidence"": ""high""}, {""value"": ""rx"", ""method"": ""sem_baseline"", ""stage"": ""sem1"", ""source"": ""sem_wave500_mnn_v3_report"", ""confidence"": ""medium""}]","[{""value"": ""взрослые"", ""method"": ""identity_enrichment"", ""stage"": ""mnn_identity_enrichment"", ""source"": ""mnn_identity_enrichment_pass_results"", ""confidence"": ""high""}, {""value"": ""взрослые"", ""method"": ""sem_baseline"", ""stage"": ""sem1"", ""source"": ""sem_wave500_mnn_v3_report"", ""confidence"": ""medium""}]",,,FALSE,FALSE,FALSE,FALSE,low,"[""source_match""]",previous enrichment RX/OTC absent; catalog RX/OTC absent/unknown; previous enrichment Age absent; catalog Age absent/unknown
1765,ЦИПРОТЕРОН-ТЕВА ТАБЛ. 50МГ №50 | ТЕВА ЧЕШСКИЕ ПРЕДПРИЯТИЯ С.Р.О. | ТЕВА ЧЕШСКИЕ ПРЕДПРИЯТИЯ С.Р.О.,Ципротерон,,none,unresolved_catalog,,,,new_enrichment,TRUE,ok,0,Ципротерон,rx,универсальный,Ципротерон,enrichment,FALSE,https://medi.ru/instrukciya/tsiproteron-teva_381/ | https://www.lsgeotar.ru/drugs/cyproterone-teva-AB0h | https://aptekamos.ru/tovary/lekarstva/ciproteron-1104/ciproteron-teva-tabletki-50mg-26637/instrukciya | https://www.vidal.ru/drugs/cyproterone-teva__6350 | https://www.lsgeotar.ru/drugs/cyproterone-teva-ACdc | https://health.mail.ru/drug/tsiproteronteva/ | https://medi.ru/instrukciya/tsiproteron-teva_381/ | https://www.vidal.ru/drugs/cyproterone-teva__6350 | https://health.mail.ru/drug/tsiproteronteva/ | https://aptekamos.ru/tovary/lekarstva/ciproteron-1104/ciproteron-teva-tabletki-50mg-26637/instrukciya | https://www.rlsnet.ru/drugs/ciproteron-teva-21548 | https://www.webapteka.ru/drugbase/name15462.html,"status=ok | Category=Drug | mnn=Ципротерон | RX_OTC=RX | Age=Универсальный | Ципротерон-Тева — лекарственный препарат, содержащий действующее вещество ципротерон (МНН). Согласно инструкции, он применяется для лечения рака предстательной железы у мужчин и симптомов андрогенизации у женщин (например, тяжелый гирсутизм, акне). Препарат отпускается по…",redesign/artifacts/mnn_identity_enrichment_pass_searxng_raw.jsonl,461,correct,correct,incorrect,,,возрастной сегмент - взрослый,rx,универсальный,identity_enrichment,mnn_identity_enrichment,mnn_identity_enrichment_pass_results,high,"identity enrichment run 461: status=ok, Category=Drug, RX/OTC=rx, evidence present",identity_enrichment,mnn_identity_enrichment,mnn_identity_enrichment_pass_results,high,"identity enrichment run 461: status=ok, Category=Drug, Age=универсальный, evidence present; weaker sources differ: sem_baseline=взрослые",rx,взрослые,,,,,rx,универсальный,"[{""value"": ""rx"", ""method"": ""identity_enrichment"", ""stage"": ""mnn_identity_enrichment"", ""source"": ""mnn_identity_enrichment_pass_results"", ""confidence"": ""high""}, {""value"": ""rx"", ""method"": ""sem_baseline"", ""stage"": ""sem1"", ""source"": ""sem_wave500_mnn_v3_report"", ""confidence"": ""medium""}]","[{""value"": ""универсальный"", ""method"": ""identity_enrichment"", ""stage"": ""mnn_identity_enrichment"", ""source"": ""mnn_identity_enrichment_pass_results"", ""confidence"": ""high""}, {""value"": ""взрослые"", ""method"": ""sem_baseline"", ""stage"": ""sem1"", ""source"": ""sem_wave500_mnn_v3_report"", ""confidence"": ""medium""}]",,,FALSE,FALSE,FALSE,FALSE,low,"[""source_match""]",previous enrichment RX/OTC absent; catalog RX/OTC absent/unknown; previous enrichment Age absent; catalog Age absent/unknown
2023,ЦЕЛЕКОКСИБ-ТЕВА КАПС. 200МГ №30 | УОТСОН ФАРМА ПРАЙВЭТ ЛИМИТЕД | УОТСОН ФАРМА ПРАЙВЭТ ЛИМИТЕД,Целекоксиб,,none,unresolved_catalog,,,,new_enrichment,TRUE,ok,0,Целекоксиб,rx,универсальный,Целекоксиб,enrichment,FALSE,https://aptekamos.ru/tovary/lekarstva/celekoksib-5352/celekoksib-teva-kapsuly-200mg-110832/instrukciya | https://www.rlsnet.ru/active-substance/celekoksib-2360 | https://megapteka.ru/specials/guide_celekoksib-instrukciya-po-6725 | https://www.rlsnet.ru/active-substance/etorikoksib-2890 | https://megapteka.ru/specials/guide_celeksib-instrukciya-po-6802 | https://www.rlsnet.ru/active-substance/celekoksib-2360 | https://www.vidal.ru/drugs/celecoxib-4 | https://zdravcity.ru/p_celekoksib-teva-kapsuly-200mg-30sht-0210302.html | https://recipe.ru/news/medpharm/minzdrav-rf-otmenil-registratsiyu-71-lekarstvennogo-sredstva/ | https://dsm.ru/upload/medialibrary/164/61vbxn9ib5bkrf0xyedyjx81a772rpca/DSM-Annual_report_2025_RU.pdf | https://zdravcity.ru/p_celekoksib-teva-kapsuly-200mg-30sht-0210302.html | https://dsm.ru/upload/medialibrary/164/61vbxn9ib5bkrf0xyedyjx81a772rpca/DSM-Annual_report_2025_RU.pdf,"status=ok | Category=Drug | mnn=Целекоксиб | RX_OTC=RX | Age=Универсальный | Целекоксиб-Тева является лекарственным средством (препаратом), действующим веществом которого является целекоксиб (МНН). Согласно инструкции, препарат применяется при остеоартрите, ревматоидном артрите, ювенильном ревматоидном артрите у пациентов от 2 лет и старше,…",redesign/artifacts/mnn_identity_enrichment_pass_searxng_raw.jsonl,461,correct,correct,incorrect,,,возрастной сегмент - взрослый,rx,универсальный,identity_enrichment,mnn_identity_enrichment,mnn_identity_enrichment_pass_results,high,"identity enrichment run 461: status=ok, Category=Drug, RX/OTC=rx, evidence present",identity_enrichment,mnn_identity_enrichment,mnn_identity_enrichment_pass_results,high,"identity enrichment run 461: status=ok, Category=Drug, Age=универсальный, evidence present; weaker sources differ: sem_baseline=взрослые",rx,взрослые,,,,,rx,универсальный,"[{""value"": ""rx"", ""method"": ""identity_enrichment"", ""stage"": ""mnn_identity_enrichment"", ""source"": ""mnn_identity_enrichment_pass_results"", ""confidence"": ""high""}, {""value"": ""rx"", ""method"": ""sem_baseline"", ""stage"": ""sem1"", ""source"": ""sem_wave500_mnn_v3_report"", ""confidence"": ""medium""}]","[{""value"": ""универсальный"", ""method"": ""identity_enrichment"", ""stage"": ""mnn_identity_enrichment"", ""source"": ""mnn_identity_enrichment_pass_results"", ""confidence"": ""high""}, {""value"": ""взрослые"", ""method"": ""sem_baseline"", ""stage"": ""sem1"", ""source"": ""sem_wave500_mnn_v3_report"", ""confidence"": ""medium""}]",,,FALSE,FALSE,FALSE,FALSE,low,"[""source_match""]",previous enrichment RX/OTC absent; catalog RX/OTC absent/unknown; previous enrichment Age absent; catalog Age absent/unknown
3759,ФАСПИК ГРАН. Д/Р-РА Д/ПРИЕМА ВНУТРЬ АБРИКОС 400МГ ПАК. 3Г №12 | ЗАМБОН СВИТЦЕЛАНД ЛТД. | ЗАМБОН СВИТЦЕЛАНД ЛТД.,,,none,unresolved_catalog,,,,new_enrichment,TRUE,ok,0,Ибупрофен,otc,универсальный,Ибупрофен,enrichment,FALSE,https://megapteka.ru/specials/guide_faspik-instrukciya-po-7234 | https://grls.rosminzdrav.ru/ | https://medvisor.ru/medicine/drug/faspik_41214/ | https://medvisor.ru/medicine/drug/faspik-tabletki_76829/ | https://medi.ru/instrukciya/faspik_24071/ | https://www.vidal.ru/drugs/faspic__11402 | https://www.vidal.ru/drugs/faspic__14828 | https://www.rlsnet.ru/drugs/faspik-26912 | https://aptekamos.ru/tovary/lekarstva/ibuprofen-333/faspik-tabletki-400mg-48509/instrukciya | https://apteka.103.by/faspik-instruktsiya/ | https://apteka.ru/product/faspik-04-n6-tabl-po-5e3274b3f5a9ae000140e09a/instructions/ | https://health.mail.ru/drug/faspic/,"status=ok | Category=Drug | mnn=ибупрофен | RX_OTC=OTC | Age=Универсальный | Фаспик — лекарственный препарат, содержащий ибупрофен (МНН: ибупрофен). Согласно инструкции, он оказывает противовоспалительное, анальгезирующее и жаропонижающее действие (Видаль: https://www.vidal.ru/drugs/faspic__11402). Препарат применяется у взрослых и детей старше 6 лет…",redesign/artifacts/mnn_identity_enrichment_pass_searxng_raw.jsonl,461,correct,correct,correct,,,,otc,универсальный,identity_enrichment,mnn_identity_enrichment,mnn_identity_enrichment_pass_results,high,"identity enrichment run 461: status=ok, Category=Drug, RX/OTC=otc, evidence present",identity_enrichment,mnn_identity_enrichment,mnn_identity_enrichment_pass_results,high,"identity enrichment run 461: status=ok, Category=Drug, Age=универсальный, evidence present",otc,,,,,,otc,универсальный,"[{""value"": ""otc"", ""method"": ""identity_enrichment"", ""stage"": ""mnn_identity_enrichment"", ""source"": ""mnn_identity_enrichment_pass_results"", ""confidence"": ""high""}, {""value"": ""otc"", ""method"": ""sem_baseline"", ""stage"": ""sem1"", ""source"": ""sem_wave500_mnn_v3_report"", ""confidence"": ""medium""}]","[{""value"": ""универсальный"", ""method"": ""identity_enrichment"", ""stage"": ""mnn_identity_enrichment"", ""source"": ""mnn_identity_enrichment_pass_results"", ""confidence"": ""high""}]",,,FALSE,FALSE,FALSE,FALSE,low,"[""source_match""]",previous enrichment RX/OTC absent; catalog RX/OTC absent/unknown; previous enrichment Age absent; Sem Age absent; catalog Age absent/unknown
3781,ФАРИНГОСЕПТ ТАБЛ. Д/РАССАС. МЕД-ЛИМОН 10МГ №20 | C.К. ТЕРАПИЯ С.А. | C.К. ТЕРАПИЯ С.А.,Амбазон,,none,unresolved_catalog,,,,new_enrichment,TRUE,ok,0,Амбазон,otc,универсальный,Амбазон,enrichment,FALSE,https://www.rlsnet.ru/drugs/faringosept-3176 | https://megapteka.ru/specials/guide_faringosept-instrukciya-po-1169 | https://medi.ru/instrukciya/faringosept_7134/ | https://aptekamos.ru/tovary/lekarstva/ambazon-35/faringosept-tabletki-dlya-rassasyvaniya-10mg-338/instrukciya | https://megapteka.ru/specials/guide_lirinon-instrukciya-po-7148 | https://www.vidal.ru/drugs/faringosept__17003 | https://www.webapteka.ru/drugbase/name268.html | https://medi.ru/instrukciya/faringosept_7134/ | https://megapteka.ru/specials/guide_faringosept-instrukciya-po-1169 | https://b-apteka.ru/articles/faringosept | https://uteka.ru/articles/lekarstvennye-preparaty/faringosept/ | https://drugs.medelement.com/drug/%D1%84%D0%B0%D1%80%D0%B8%D0%BD%D0%B3%D0%BE%D1%81%D0%B5%D0%BF%D1%82-%D0%B8%D0%BD%D1%81%D1%82%D1%80%D1%83%D0%BA%D1%86%D0%B8%D1%8F/188053511477650937?instruction_lang=RU,"status=ok | Category=Drug | mnn=Амбазон | RX_OTC=OTC | Age=Универсальный | Фарингосепт — лекарственный препарат, действующее вещество амбазон (МНН). Относится к антисептическим средствам для местного применения. Согласно инструкциям, применяется у взрослых и детей старше 3 лет (в некоторых источниках с 6 лет). Отпускается без рецепта. Источники:…",redesign/artifacts/mnn_identity_enrichment_pass_searxng_raw.jsonl,461,correct,correct,correct,,,,otc,универсальный,identity_enrichment,mnn_identity_enrichment,mnn_identity_enrichment_pass_results,high,"identity enrichment run 461: status=ok, Category=Drug, RX/OTC=otc, evidence present",identity_enrichment,mnn_identity_enrichment,mnn_identity_enrichment_pass_results,high,"identity enrichment run 461: status=ok, Category=Drug, Age=универсальный, evidence present; weaker sources differ: sem_baseline=взрослые",otc,взрослые,,,,,otc,универсальный,"[{""value"": ""otc"", ""method"": ""identity_enrichment"", ""stage"": ""mnn_identity_enrichment"", ""source"": ""mnn_identity_enrichment_pass_results"", ""confidence"": ""high""}, {""value"": ""otc"", ""method"": ""sem_baseline"", ""stage"": ""sem1"", ""source"": ""sem_wave500_mnn_v3_report"", ""confidence"": ""medium""}]","[{""value"": ""универсальный"", ""method"": ""identity_enrichment"", ""stage"": ""mnn_identity_enrichment"", ""source"": ""mnn_identity_enrichment_pass_results"", ""confidence"": ""high""}, {""value"": ""взрослые"", ""method"": ""sem_baseline"", ""stage"": ""sem1"", ""source"": ""sem_wave500_mnn_v3_report"", ""confidence"": ""medium""}]",,,FALSE,FALSE,FALSE,FALSE,low,"[""source_match""]",previous enrichment RX/OTC absent; catalog RX/OTC absent/unknown; previous enrichment Age absent; catalog Age absent/unknown
4133,УЛЬЦЕРНИЛ ТАБЛ. КИШ/РАСТ. П/ПЛЕН/ОБ. 20МГ №28 | САН ФАРМАСЬЮТИКАЛ ИНДАСТРИЗ ЛТД | САН ФАРМАСЬЮТИКАЛ ИНДАСТРИЗ ЛТД,,,none,unresolved_catalog,,,,new_enrichment,TRUE,ok,0,Рабепразол,rx,универсальный,Рабепразол,enrichment,FALSE,https://grls.rosminzdrav.ru/ | https://aptekamos.ru/tovary/lekarstva/rabeprazol-5929/ulcernil-tabletki-20mg-95070/instrukciya | https://medum.ru/ulcernil-tabletki | https://health.mail.ru/drug/ultsernil-1/ | https://grls.rosminzdrav.ru/ | https://health.mail.ru/drug/ultsernil-1/ | https://zdesapteka.ru/instructions/ultsernil/ | https://aptekamos.ru/tovary/lekarstva/rabeprazol-5929/ulcernil-tabletki-20mg-95070/instrukciya | https://www.webapteka.ru/drugbase/name71760.html | https://medvestnik.ru/ls/a0e408a6-e220-4c8e-a4bd-9ff8a2c146d0.html | https://medi.ru/instrukciya/ulcernil-10_15167/ | https://medum.ru/ulcernil,"status=ok | Category=Drug | mnn=Рабепразол | RX_OTC=RX | Age=Универсальный | Ульцернил является лекарственным препаратом, его МНН — рабепразол (источник: ГРЛС, https://grls.pharm-portal.ru/grls/735c5019-3250-4d95-b956-e1baa60b32dd). Препарат применяется у взрослых и детей в возрасте от 12 лет (источник:…",redesign/artifacts/mnn_identity_enrichment_pass_searxng_raw.jsonl,461,correct,correct,incorrect,,,возрастной сегмент - взрослый,rx,универсальный,identity_enrichment,mnn_identity_enrichment,mnn_identity_enrichment_pass_results,high,"identity enrichment run 461: status=ok, Category=Drug, RX/OTC=rx, evidence present",identity_enrichment,mnn_identity_enrichment,mnn_identity_enrichment_pass_results,high,"identity enrichment run 461: status=ok, Category=Drug, Age=универсальный, evidence present; weaker sources differ: sem_baseline=взрослые",rx,взрослые,,,,,rx,универсальный,"[{""value"": ""rx"", ""method"": ""identity_enrichment"", ""stage"": ""mnn_identity_enrichment"", ""source"": ""mnn_identity_enrichment_pass_results"", ""confidence"": ""high""}, {""value"": ""rx"", ""method"": ""sem_baseline"", ""stage"": ""sem1"", ""source"": ""sem_wave500_mnn_v3_report"", ""confidence"": ""medium""}]","[{""value"": ""универсальный"", ""method"": ""identity_enrichment"", ""stage"": ""mnn_identity_enrichment"", ""source"": ""mnn_identity_enrichment_pass_results"", ""confidence"": ""high""}, {""value"": ""взрослые"", ""method"": ""sem_baseline"", ""stage"": ""sem1"", ""source"": ""sem_wave500_mnn_v3_report"", ""confidence"": ""medium""}]",,,FALSE,FALSE,FALSE,FALSE,low,"[""source_match""]",previous enrichment RX/OTC absent; catalog RX/OTC absent/unknown; previous enrichment Age absent; catalog Age absent/unknown
4403,ТРИМЕТАЗИДИН-АКОС МВ 35МГ ТАБЛ. МОДИФ. ВЫСВ. П/О №60 | БИОКОМ ЗАО | БИОКОМ ЗАО,Триметазидин,,none,unresolved_catalog,,,,new_enrichment,TRUE,ok,0,Триметазидин,rx,взрослые,Триметазидин,enrichment,FALSE,https://health.mail.ru/drug/trimetazidinakos_mv/ | https://www.vidal.ru/drugs/trimetazidine-akos-mr-1 | https://www.rlsnet.ru/drugs/trimetazidin-akos-mv-87044 | https://www.lsgeotar.ru/drugs/trimetazidine-akos-mv-ADL2 | https://yandex.ru/medicine/medicaments/trimetazidin-akos-mv | https://health.mail.ru/drug/trimetazidinakos_mv/ | https://www.rlsnet.ru/drugs/trimetazidin-akos-mv-87044 | https://aptekamos.ru/tovary/lekarstva/trimetazidin-930/trimetazidin-akos-mv-tabletki-35mg-104739/instrukciya | https://www.vidal.ru/drugs/trimetazidine-akos-mr-1 | https://www.lsgeotar.ru/lv/trimetazidin-akos-mv-18126.html | https://yandex.ru/medicine/medicaments/trimetazidin-akos-mv | https://health.mail.ru/drug/trimetazidinakos_mv/,"status=ok | Category=Drug | mnn=Триметазидин | RX_OTC=RX | Age=Взрослый | Триметазидин-АКОС МВ — лекарственный препарат, действующее вещество триметазидин. Относится к категории лекарственных средств. По данным инструкций, препарат применяется для лечения заболеваний сердца, в частности стабильной стенокардии. В результатах поиска указано, что…",redesign/artifacts/mnn_identity_enrichment_pass_searxng_raw.jsonl,461,correct,correct,correct,,,,rx,взрослые,identity_enrichment,mnn_identity_enrichment,mnn_identity_enrichment_pass_results,high,"identity enrichment run 461: status=ok, Category=Drug, RX/OTC=rx, evidence present",identity_enrichment,mnn_identity_enrichment,mnn_identity_enrichment_pass_results,high,"identity enrichment run 461: status=ok, Category=Drug, Age=взрослые, evidence present",rx,взрослые,,,,,rx,взрослые,"[{""value"": ""rx"", ""method"": ""identity_enrichment"", ""stage"": ""mnn_identity_enrichment"", ""source"": ""mnn_identity_enrichment_pass_results"", ""confidence"": ""high""}, {""value"": ""rx"", ""method"": ""sem_baseline"", ""stage"": ""sem1"", ""source"": ""sem_wave500_mnn_v3_report"", ""confidence"": ""medium""}]","[{""value"": ""взрослые"", ""method"": ""identity_enrichment"", ""stage"": ""mnn_identity_enrichment"", ""source"": ""mnn_identity_enrichment_pass_results"", ""confidence"": ""high""}, {""value"": ""взрослые"", ""method"": ""sem_baseline"", ""stage"": ""sem1"", ""source"": ""sem_wave500_mnn_v3_report"", ""confidence"": ""medium""}]",,,FALSE,FALSE,FALSE,FALSE,low,"[""source_match""]",previous enrichment RX/OTC absent; catalog RX/OTC absent/unknown; previous enrichment Age absent; catalog Age absent/unknown
4487,ТРАНЕКСАМОВАЯ КИСЛОТА Р-Р ДЛЯ В/В ВВЕД. 50МГ/МЛ АМП. 5МЛ №10 МЭЗ | МОСКОВСКИЙ ЭНДОКРИННЫЙ ЗАВОД ФГУП | МОСКОВСКИЙ ЭНДОКРИННЫЙ ЗАВОД ФГУП,Транексамовая кислота,,none,unresolved_catalog,,,,new_enrichment,TRUE,ok,0,Транексамовая кислота,rx,универсальный,Транексамовая кислота,enrichment,FALSE,https://www.rlsnet.ru/drugs/traneksam-29530 | https://www.rlsnet.ru/drugs/traneksam-29530 | https://allmed.pro/ru/drugs/traneksamovaja_kislota | https://allmed.pro/ru/drugs/traneksam | https://www.vidal.ru/drugs/molecule-in/1070 | https://www.vidal.ru/drugs/tranexamicshy-acid | https://www.vidal.ru/drugs/tranexamic-acid-17 | https://drugs2.medelement.com/drug/%D1%82%D1%80%D0%B0%D0%BD%D0%B5%D0%BA%D1%81%D0%B0%D0%BC%D0%BE%D0%B2%D0%B0%D1%8F-%D0%BA%D0%B8%D1%81%D0%BB%D0%BE%D1%82%D0%B0-%D0%B8%D0%BD%D1%81%D1%82%D1%80%D1%83%D0%BA%D1%86%D0%B8%D1%8F/251425451602577397?instruction_lang=RU | https://medi.ru/instrukciya/traneksamovaya-kislota_23829/ | https://medi.ru/instrukciya/traneksamovaya-kislota_23832/ | https://www.vidal.ru/drugs/tranexam-2 | https://medum.ru/kislota-traneksamovaya,"status=ok | Category=Drug | mnn=Транексамовая кислота | RX_OTC=RX | Age=Универсальный | Препарат Транексамовая кислота является лекарственным средством (категория Drug). МНН — Транексамовая кислота (источник: ГРЛС, https://www.pharmcontrol.ru/registry/drugs/3712/). Отпускается по рецепту (RX), так как в инструкциях указано, что перед применением необходимо…",redesign/artifacts/mnn_identity_enrichment_pass_searxng_raw.jsonl,461,correct,correct,correct,,,,rx,универсальный,identity_enrichment,mnn_identity_enrichment,mnn_identity_enrichment_pass_results,high,"identity enrichment run 461: status=ok, Category=Drug, RX/OTC=rx, evidence present",identity_enrichment,mnn_identity_enrichment,mnn_identity_enrichment_pass_results,high,"identity enrichment run 461: status=ok, Category=Drug, Age=универсальный, evidence present",rx,,,,,,rx,универсальный,"[{""value"": ""rx"", ""method"": ""identity_enrichment"", ""stage"": ""mnn_identity_enrichment"", ""source"": ""mnn_identity_enrichment_pass_results"", ""confidence"": ""high""}, {""value"": ""rx"", ""method"": ""sem_baseline"", ""stage"": ""sem1"", ""source"": ""sem_wave500_mnn_v3_report"", ""confidence"": ""medium""}]","[{""value"": ""универсальный"", ""method"": ""identity_enrichment"", ""stage"": ""mnn_identity_enrichment"", ""source"": ""mnn_identity_enrichment_pass_results"", ""confidence"": ""high""}]",,,FALSE,FALSE,FALSE,FALSE,low,"[""source_match""]",previous enrichment RX/OTC absent; catalog RX/OTC absent/unknown; previous enrichment Age absent; Sem Age absent; catalog Age absent/unknown
4922,ТЕРМИКОН СПРЕЙ Д/НАРУЖ. ПРИМ. 1% ФЛ. 30Г | ФАРМСТАНДАРТ-ЛЕКСРЕДСТВА ОАО | ФАРМСТАНДАРТ-ЛЕКСРЕДСТВА ОАО,Тербинафин,,none,unresolved_catalog,,,,new_enrichment,TRUE,ok,0,Тербинафин,rx,универсальный,Тербинафин,enrichment,FALSE,https://www.lsgeotar.ru/drugs/termicon-ADls | https://www.lsgeotar.ru/drugs/termicon-AFpC | https://aptekamos.ru/tovary/lekarstva/terbinafin-869/termikon-tabletki-250mg-30184/instrukciya | https://apteka-april.ru/product/213409-termikon_tabletki_250mg_28 | https://www.rlsnet.ru/drugs/termikon-16124 | https://aptekamos.ru/tovary/lekarstva/terbinafin-869/termikon-krem-1-15g-29833/instrukciya | https://www.lsgeotar.ru/drugs/termicon-AD0y | https://www.lsgeotar.ru/drugs/termicon-AFpC | https://grls.rosminzdrav.ru/ | https://www.vidal.ru/drugs/termicon__13678 | https://www.vidal.ru/drugs/termicon__13678 | https://medum.ru/termikon,"status=ok | Category=Drug | mnn=Тербинафин | RX_OTC=RX | Age=Универсальный | Термикон — лекарственное средство, действующее вещество тербинафин (МНН). Препарат относится к противогрибковым средствам класса аллиламинов. Согласно инструкции, Термикон назначают наружно взрослым и детям старше 12 лет (Vidal: https://www.vidal.ru/drugs/termicon__13678). Для…",redesign/artifacts/mnn_identity_enrichment_pass_searxng_raw.jsonl,461,correct,incorrect,correct,,,препарат OTC,rx,универсальный,identity_enrichment,mnn_identity_enrichment,mnn_identity_enrichment_pass_results,high,"identity enrichment run 461: status=ok, Category=Drug, RX/OTC=rx, evidence present",identity_enrichment,mnn_identity_enrichment,mnn_identity_enrichment_pass_results,high,"identity enrichment run 461: status=ok, Category=Drug, Age=универсальный, evidence present",rx,,,,,,rx,универсальный,"[{""value"": ""rx"", ""method"": ""identity_enrichment"", ""stage"": ""mnn_identity_enrichment"", ""source"": ""mnn_identity_enrichment_pass_results"", ""confidence"": ""high""}, {""value"": ""rx"", ""method"": ""sem_baseline"", ""stage"": ""sem1"", ""source"": ""sem_wave500_mnn_v3_report"", ""confidence"": ""medium""}]","[{""value"": ""универсальный"", ""method"": ""identity_enrichment"", ""stage"": ""mnn_identity_enrichment"", ""source"": ""mnn_identity_enrichment_pass_results"", ""confidence"": ""high""}]",,,FALSE,FALSE,FALSE,FALSE,low,"[""source_match""]",previous enrichment RX/OTC absent; catalog RX/OTC absent/unknown; previous enrichment Age absent; Sem Age absent; catalog Age absent/unknown
4924,ТЕРМИКОН КРЕМ Д/НАРУЖ. ПРИМ. 1% ТУБА 15Г | ЛЕККО ЗАО | ЛЕККО ЗАО,,,none,unresolved_catalog,,,,new_enrichment,TRUE,ok,0,Тербинафин,rx,универсальный,Тербинафин,enrichment,FALSE,https://apteka-april.ru/product/213409-termikon_tabletki_250mg_28 | https://aptekamos.ru/tovary/lekarstva/terbinafin-869/termikon-krem-1-15g-29833/instrukciya | https://grls.rosminzdrav.ru/ | https://www.rlsnet.ru/drugs/termikon-16124 | https://www.vidal.ru/drugs/termicon__13678 | https://www.vidal.ru/drugs/termicon | https://health.mail.ru/drug/termikon/ | https://zdesapteka.ru/instructions/termikon/ | https://medum.ru/termikon | https://medlib.net/termikon.html | https://termikon.ru/instrukcii/ | https://medvestnik.ru/ls/a0e3f418-4d20-492b-9bb8-6eeb13ee10ab.html,"status=ok | Category=Drug | mnn=Тербинафин | RX_OTC=RX | Age=Универсальный | Термикон является лекарственным средством (препаратом), его МНН — Тербинафин (источник: pharmcontrol.ru, rlsnet.ru). Согласно инструкции, крем Термикон применяется наружно у взрослых и детей старше 12 лет (vidal.ru, zdesapteka.ru). Для детей младше 12 лет требуется осторожность…",redesign/artifacts/mnn_identity_enrichment_pass_searxng_raw.jsonl,461,correct,incorrect,incorrect,,,"препарат otc, возрастной сегмент - взрослый",rx,универсальный,identity_enrichment,mnn_identity_enrichment,mnn_identity_enrichment_pass_results,high,"identity enrichment run 461: status=ok, Category=Drug, RX/OTC=rx, evidence present; weaker sources differ: sem_baseline=otc",identity_enrichment,mnn_identity_enrichment,mnn_identity_enrichment_pass_results,high,"identity enrichment run 461: status=ok, Category=Drug, Age=универсальный, evidence present",otc,,,,,,rx,универсальный,"[{""value"": ""rx"", ""method"": ""identity_enrichment"", ""stage"": ""mnn_identity_enrichment"", ""source"": ""mnn_identity_enrichment_pass_results"", ""confidence"": ""high""}, {""value"": ""otc"", ""method"": ""sem_baseline"", ""stage"": ""sem1"", ""source"": ""sem_wave500_mnn_v3_report"", ""confidence"": ""medium""}]","[{""value"": ""универсальный"", ""method"": ""identity_enrichment"", ""stage"": ""mnn_identity_enrichment"", ""source"": ""mnn_identity_enrichment_pass_results"", ""confidence"": ""high""}]",,,FALSE,FALSE,FALSE,FALSE,low,"[""source_match""]",previous enrichment RX/OTC absent; catalog RX/OTC absent/unknown; previous enrichment Age absent; Sem Age absent; catalog Age absent/unknown
5258,"ТАМСУЛОЗИН КАНОН КАПС. КИШ/РАСТ. ПРОЛОНГ. ВЫСВ. 0,4МГ №30 | КАНОНФАРМА ПРОДАКШН ЗАО | КАНОНФАРМА ПРОДАКШН ЗАО",Тамсулозин,,none,unresolved_catalog,,,,new_enrichment,TRUE,ok,0,Тамсулозин,rx,взрослые,Тамсулозин,enrichment,FALSE,https://aptekamos.ru/tovary/lekarstva/tamsulozin-1195/tamsulozin-kanon-kapsuly-0-4mg-84380/instrukciya | https://www.vidal.ru/drugs/tamsulosin-canon | https://aptekamos.ru/tovary/lekarstva/tamsulozin-1195/tamsulozin-kanon-tabletki-0-4mg-103388/instrukciya | https://www.rlsnet.ru/drugs/tamsulozin-kanon-78545 | https://drugs.medelement.com/drug/%D1%82%D0%B0%D0%BC%D1%81%D1%83%D0%BB%D0%BE%D0%B7%D0%B8%D0%BD-%D0%BA%D0%B0%D0%BD%D0%BE%D0%BD-%D0%B8%D0%BD%D1%81%D1%82%D1%80%D1%83%D0%BA%D1%86%D0%B8%D1%8F/290839361699438245?instruction_lang=RU | https://medum.ru/tamsulozin-kanon | https://www.rlsnet.ru/drugs/tamsulozin-kanon-78545 | https://www.vidal.ru/drugs/tamsulosin-canon | https://aptekamos.ru/tovary/lekarstva/tamsulozin-1195/tamsulozin-kanon-kapsuly-0-4mg-84380/instrukciya | https://zdesapteka.ru/instructions/tamsulozin-kanon/ | https://www.vidal.ru/drugs/tamsulosin-canon | https://drugs.medelement.com/drug/%D1%82%D0%B0%D0%BC%D1%81%D1%83%D0%BB%D0%BE%D0%B7%D0%B8%D0%BD-%D0%BA%D0%B0%D0%BD%D0%BE%D0%BD-%D0%B8%D0%BD%D1%81%D1%82%D1%80%D1%83%D0%BA%D1%86%D0%B8%D1%8F/290839361699438245?instruction_lang=RU,"status=ok | Category=Drug | mnn=Тамсулозин | RX_OTC=RX | Age=Взрослый | Тамсулозин Канон — лекарственный препарат, действующее вещество тамсулозин. Относится к блокаторам альфа1-адренорецепторов, применяется для лечения дизурических расстройств при доброкачественной гиперплазии предстательной железы (источники: vidal.ru, rlsnet.ru). Препарат…",redesign/artifacts/mnn_identity_enrichment_pass_searxng_raw.jsonl,461,correct,correct,correct,,,,rx,взрослые,identity_enrichment,mnn_identity_enrichment,mnn_identity_enrichment_pass_results,high,"identity enrichment run 461: status=ok, Category=Drug, RX/OTC=rx, evidence present",identity_enrichment,mnn_identity_enrichment,mnn_identity_enrichment_pass_results,high,"identity enrichment run 461: status=ok, Category=Drug, Age=взрослые, evidence present",rx,взрослые,,,,,rx,взрослые,"[{""value"": ""rx"", ""method"": ""identity_enrichment"", ""stage"": ""mnn_identity_enrichment"", ""source"": ""mnn_identity_enrichment_pass_results"", ""confidence"": ""high""}, {""value"": ""rx"", ""method"": ""sem_baseline"", ""stage"": ""sem1"", ""source"": ""sem_wave500_mnn_v3_report"", ""confidence"": ""medium""}]","[{""value"": ""взрослые"", ""method"": ""identity_enrichment"", ""stage"": ""mnn_identity_enrichment"", ""source"": ""mnn_identity_enrichment_pass_results"", ""confidence"": ""high""}, {""value"": ""взрослые"", ""method"": ""sem_baseline"", ""stage"": ""sem1"", ""source"": ""sem_wave500_mnn_v3_report"", ""confidence"": ""medium""}]",,,FALSE,FALSE,FALSE,FALSE,low,"[""source_match""]",previous enrichment RX/OTC absent; catalog RX/OTC absent/unknown; previous enrichment Age absent; catalog Age absent/unknown
5270,ТАМИФЛЮ КАПС. 75МГ №10 | ДЕЛФАРМ МИЛАНО С.Р.Л./Ф.ХОФФМАНН-ЛЯ РОШ ЛТД/СЕНЕКСИ С.А.С. | ДЕЛФАРМ МИЛАНО С.Р.Л./Ф.ХОФФМАНН-ЛЯ РОШ ЛТД/СЕНЕКСИ С.А.С.,Осельтамивир,,none,unresolved_catalog,,,,new_enrichment,TRUE,ok,0,Осельтамивир,rx,универсальный,Осельтамивир,enrichment,FALSE,https://www.rlsnet.ru/drugs/tamiflyu-14676 | https://grls.rosminzdrav.ru/ | https://www.vidal.ru/drugs/tamiflu__37267 | https://aptekamos.ru/tovary/lekarstva/oseltamivir-6076/tamiflyu-kapsuly-75mg-22088/instrukciya | https://www.vidal.ru/drugs/tamiflu__37267 | https://health.mail.ru/drug/tamiflyu-1/ | https://medum.ru/tamiflyu | https://www.rlsnet.ru/drugs/tamiflyu-14676 | https://www.asna.ru/product/tamiflyu/instruction/ | https://medi.ru/instrukciya/tamiflyu_12321/ | https://megapteka.ru/specials/guide_tamiflyu-instrukciya-po-5623 | https://grls.pharm-portal.ru/grls/a30e80da-1893-4248-acc8-61f724c11849,"status=ok | Category=Drug | mnn=осельтамивир | RX_OTC=RX | Age=Универсальный | Тамифлю (капсулы 75 мг) является лекарственным средством, действующее вещество — осельтамивир (согласно ГРЛС). Отпускается по рецепту (в ГРЛС указано 'По рецепту'). Применяется для лечения и профилактики гриппа у взрослых и детей старше 1 года (для детей младшего возраста…",redesign/artifacts/mnn_identity_enrichment_pass_searxng_raw.jsonl,461,correct,correct,correct,,,,rx,универсальный,identity_enrichment,mnn_identity_enrichment,mnn_identity_enrichment_pass_results,high,"identity enrichment run 461: status=ok, Category=Drug, RX/OTC=rx, evidence present",identity_enrichment,mnn_identity_enrichment,mnn_identity_enrichment_pass_results,high,"identity enrichment run 461: status=ok, Category=Drug, Age=универсальный, evidence present; weaker sources differ: sem_baseline=взрослые",rx,взрослые,,,,,rx,универсальный,"[{""value"": ""rx"", ""method"": ""identity_enrichment"", ""stage"": ""mnn_identity_enrichment"", ""source"": ""mnn_identity_enrichment_pass_results"", ""confidence"": ""high""}, {""value"": ""rx"", ""method"": ""sem_baseline"", ""stage"": ""sem1"", ""source"": ""sem_wave500_mnn_v3_report"", ""confidence"": ""medium""}]","[{""value"": ""универсальный"", ""method"": ""identity_enrichment"", ""stage"": ""mnn_identity_enrichment"", ""source"": ""mnn_identity_enrichment_pass_results"", ""confidence"": ""high""}, {""value"": ""взрослые"", ""method"": ""sem_baseline"", ""stage"": ""sem1"", ""source"": ""sem_wave500_mnn_v3_report"", ""confidence"": ""medium""}]",,,FALSE,FALSE,FALSE,FALSE,low,"[""source_match""]",previous enrichment RX/OTC absent; catalog RX/OTC absent/unknown; previous enrichment Age absent; catalog Age absent/unknown