product_id,normalized_text,product_kind,attr_mnn,attr_rx_otc,input_explicit_mnn,input_explicit_strength,input_explicit_mnn_confidence,input_explicit_mnn_reason,accepted_source_count,rejected_source_count,ambiguous_source_count,resolved_mnn,resolved_mnn_components,resolved_mnn_components_detail,mnn_resolution_status,resolution_reason,resolved_rx_otc,resolved_age_segment,mnn_enriched,mnn_enrichment_status,enrichment_accepted,final_candidate_mnn,final_mnn_method,needs_human_review,identity_gate_effect,rejected_sources_json,accepted_sources_json,source_raw_mnn_json
8,ХАЙЛЕФЛОКС 500мг N5 таб. покрытые пленочной оболочкой Хайгланс Лабораториз Пвт.Лтд. | Хайгланс лабораториз пвт. Лтд | Хайгланс лабораториз пвт. Лтд | N5,drug,Левофлоксацин,rx,,none,none,no_known_inn_token,2,0,3,Левофлоксацин,"[""Левофлоксацин""]",,resolved_catalog,consensus,rx,unknown,,,false,Левофлоксацин,catalog_consensus,false,unchanged,[],"[{""source"": ""uteka"", ""url"": ""https://uteka.ru/product/hajlefloks-238472/"", ""title"": ""Хайлефлокс, 500 мг, табл. п.п.о, 5 шт."", ""raw_mnn"": ""Левофлоксацин"", ""mnn"": ""Левофлоксацин"", ""raw_rx_otc"": ""rx"", ""field_type"": ""explicit_mnn"", ""source_class"": ""product_card"", ""card_fetched"": true, ""fetched_at"": ""2026-08-13T19:21:24+00:00"", ""http_status"": 0, ""parser_version"": ""mnn_source_identity_v1"", ""query"": ""Хайлефлокс 500 мг таблетки"", ""matched_brand"": null, ""matched_form"": ""таблетки"", ""matched_dosage"": ""500мг"", ""matched_pack"": ""5"", ""serp_match_score"": 1.0, ""error"": null, ""match_status"": ""accepted"", ""match_score"": 0.85, ""match_reasons"": [""brand_title_match:+0.50"", ""dose_match:+0.20"", ""form_match:+0.15""], ""match_axes"": [""brand_title"", ""dose"", ""form""], ""hard_contradiction"": false, ""matched_product_title"": ""Хайлефлокс, 500 мг, табл. п.п.о, 5 шт.""}, {""source"": ""asna"", ""url"": ""https://www.asna.ru/cards/khaylefloks_500mg_n5_tab_khayglans_laboratoriz_pvtltd.html"", ""title"": ""/cards/khaylefloks_500mg_n5_tab_khayglans_laboratoriz_pvtltd.html"", ""raw_mnn"": ""Левофлоксацин"", ""mnn"": ""Левофлоксацин"", ""raw_rx_otc"": ""rx"", ""field_type"": ""explicit_mnn"", ""source_class"": ""product_card"", ""card_fetched"": true, ""fetched_at"": ""2026-08-13T19:21:24+00:00"", ""http_status"": 0, ""parser_version"": ""mnn_source_identity_v1"", ""query"": ""Хайлефлокс 500 мг таблетки"", ""matched_brand"": null, ""matched_form"": null, ""matched_dosage"": null, ""matched_pack"": null, ""serp_match_score"": 0.5, ""error"": null, ""match_status"": ""accepted"", ""match_score"": 0.85, ""match_reasons"": [""brand_title_match:+0.50"", ""dose_match:+0.20"", ""form_match:+0.15""], ""match_axes"": [""brand_title"", ""dose"", ""form""], ""hard_contradiction"": false, ""matched_product_title"": ""/cards/khaylefloks_500mg_n5_tab_khayglans_laboratoriz_pvtltd.html""}]","[{""source"": ""uteka"", ""raw_mnn"": ""Левофлоксацин"", ""field_type"": ""explicit_mnn"", ""canonical_components"": [""Левофлоксацин""], ""url"": ""https://uteka.ru/product/hajlefloks-238472/"", ""title"": ""Хайлефлокс, 500 мг, табл. п.п.о, 5 шт."", ""match_status"": ""accepted"", ""match_score"": 0.85, ""source_class"": ""product_card"", ""parse_warnings"": []}, {""source"": ""asna"", ""raw_mnn"": ""Левофлоксацин"", ""field_type"": ""explicit_mnn"", ""canonical_components"": [""Левофлоксацин""], ""url"": ""https://www.asna.ru/cards/khaylefloks_500mg_n5_tab_khayglans_laboratoriz_pvtltd.html"", ""title"": ""/cards/khaylefloks_500mg_n5_tab_khayglans_laboratoriz_pvtltd.html"", ""match_status"": ""accepted"", ""match_score"": 0.85, ""source_class"": ""product_card"", ""parse_warnings"": []}, {""source"": ""apteka"", ""raw_mnn"": null, ""field_type"": ""unknown"", ""canonical_components"": [], ""url"": null, ""title"": null, ""match_status"": ""ambiguous"", ""match_score"": 0.0, ""source_class"": ""search_only"", ""parse_warnings"": []}, {""source"": ""vidal"", ""raw_mnn"": ""Левофлоксацин"", ""field_type"": ""explicit_mnn"", ""canonical_components"": [], ""url"": ""https://www.vidal.ru/drugs/hileflox__28594"", ""title"": ""Хайлефлокс"", ""match_status"": ""ambiguous"", ""match_score"": 0.5, ""source_class"": ""product_card"", ""parse_warnings"": []}, {""source"": ""stolichki"", ""raw_mnn"": null, ""field_type"": ""unknown"", ""canonical_components"": [], ""url"": null, ""title"": null, ""match_status"": ""ambiguous"", ""match_score"": 0.0, ""source_class"": ""search_only"", ""parse_warnings"": []}]"
10,"НАТРИЯ ХЛОРИД 0,9% 400мл N12 р-р д/инфузий Биосинтез | Биосинтез ПАО | Биосинтез ПАО | N12",drug,Натрия хлорид,rx,Натрия хлорид,strong,high,exact_normalized_text_token_start,0,1,4,,[],,resolved_enrichment,empty,unknown,unknown,Натрия хлорид,ok,true,Натрия хлорид,input_plus_enrichment,false,method_changed,"[{""source"": ""uteka"", ""url"": ""https://uteka.ru/product/natriya-hlorid-25903/"", ""title"": ""Натрия хлорид, 0.9%, р-р д/инф, 400 мл, 1 шт."", ""raw_mnn"": ""Натрия хлорид"", ""mnn"": ""Натрия хлорид"", ""raw_rx_otc"": ""rx"", ""field_type"": ""explicit_mnn"", ""source_class"": ""product_card"", ""card_fetched"": true, ""fetched_at"": ""2026-08-13T19:21:25+00:00"", ""http_status"": 0, ""parser_version"": ""mnn_source_identity_v1"", ""query"": ""НАТРИЯ ХЛОРИД 0,9% 400мл 0,9% раствор"", ""matched_brand"": null, ""matched_form"": ""раствор"", ""matched_dosage"": ""400мл"", ""matched_pack"": ""1"", ""serp_match_score"": 0.6, ""error"": null, ""match_status"": ""rejected"", ""match_score"": 0.35, ""match_reasons"": [""brand_title_match:+0.50"", ""dose_conflict:-0.30"", ""form_match:+0.15""], ""match_axes"": [""brand_title"", ""form""], ""hard_contradiction"": true, ""matched_product_title"": ""Натрия хлорид, 0.9%, р-р д/инф, 400 мл, 1 шт.""}]",[],"[{""source"": ""uteka"", ""raw_mnn"": ""Натрия хлорид"", ""field_type"": ""explicit_mnn"", ""canonical_components"": [], ""url"": ""https://uteka.ru/product/natriya-hlorid-25903/"", ""title"": ""Натрия хлорид, 0.9%, р-р д/инф, 400 мл, 1 шт."", ""match_status"": ""rejected"", ""match_score"": 0.35, ""source_class"": ""product_card"", ""parse_warnings"": []}, {""source"": ""apteka"", ""raw_mnn"": null, ""field_type"": ""unknown"", ""canonical_components"": [], ""url"": ""https://apteka.ru/product/niczergolin-binergiya-4-mg-liofilizat-dlya-prigotovleniya-rastvora-dlya-inekczij-ampuly-5-sht--rastvoritel-natriya-xlorid-09-5-ml-ampuly-5-sht-696dedf6c3024b4301fd5b1e/"", ""title"": ""niczergolin binergiya 4 mg liofilizat dlya prigotovleniya rastvora dlya inekczij ampuly 5 sht  rastvoritel natriya xlorid 09 5 ml ampuly 5 sht"", ""match_status"": ""ambiguous"", ""match_score"": 0.0, ""source_class"": ""search_only"", ""parse_warnings"": []}, {""source"": ""asna"", ""raw_mnn"": null, ""field_type"": ""unknown"", ""canonical_components"": [], ""url"": ""https://www.asna.ru/cards/natriya_khlorid_09_200ml_n1_r-r_dinfuziy_fl_pe_groteks.html"", ""title"": ""/cards/natriya_khlorid_09_200ml_n1_r-r_dinfuziy_fl_pe_groteks.html"", ""match_status"": ""ambiguous"", ""match_score"": 0.0, ""source_class"": ""search_only"", ""parse_warnings"": []}, {""source"": ""vidal"", ""raw_mnn"": null, ""field_type"": ""unknown"", ""canonical_components"": [], ""url"": ""https://www.vidal.ru/drugs/products"", ""title"": ""По алфавиту"", ""match_status"": ""ambiguous"", ""match_score"": 0.0, ""source_class"": ""search_only"", ""parse_warnings"": []}, {""source"": ""stolichki"", ""raw_mnn"": null, ""field_type"": ""unknown"", ""canonical_components"": [], ""url"": null, ""title"": null, ""match_status"": ""ambiguous"", ""match_score"": 0.0, ""source_class"": ""search_only"", ""parse_warnings"": []}]"
28,МЕРИФАТИН МВ 750мг N60 таб. с пролонгированным высвобождением Фармасинтез-Тюмень ООО | Фармасинтез-Тюмень ООО | Фармасинтез-Тюмень ООО | N60,drug,Мерифатин,rx,,none,none,no_known_inn_token,2,1,2,Метформин,"[""Метформин""]",,resolved_catalog,consensus,rx,unknown,,,false,Метформин,catalog_consensus,false,sources_rejected_same_final,"[{""source"": ""apteka"", ""url"": ""https://apteka.ru/product/merifatin-mv-750-mg-60-sht-blister-tabletki-s-prolongirovannym-vysvobozhdeniem-622b16f05032e8d0b17c8ece/"", ""title"": ""merifatin mv 750 mg 60 sht blister tabletki s prolongirovannym vysvobozhdeniem"", ""raw_mnn"": ""Метформин"", ""mnn"": ""Метформин"", ""raw_rx_otc"": ""rx"", ""field_type"": ""explicit_mnn"", ""source_class"": ""product_card"", ""card_fetched"": true, ""fetched_at"": ""2026-08-13T19:21:26+00:00"", ""http_status"": 0, ""parser_version"": ""mnn_source_identity_v1"", ""query"": ""Мерифатин 750 мг таблетки"", ""matched_brand"": null, ""matched_form"": null, ""matched_dosage"": null, ""matched_pack"": null, ""serp_match_score"": 1.0, ""error"": null, ""match_status"": ""rejected"", ""match_score"": -0.4, ""match_reasons"": [""brand_title_conflict:-0.60"", ""dose_match:+0.20""], ""match_axes"": [""dose""], ""hard_contradiction"": true, ""matched_product_title"": ""merifatin mv 750 mg 60 sht blister tabletki s prolongirovannym vysvobozhdeniem""}]","[{""source"": ""uteka"", ""url"": ""https://uteka.ru/product/merifatin-mv-376881/"", ""title"": ""Мерифатин МВ, 750 мг, табл. с пролонг. высвоб, 60 шт."", ""raw_mnn"": ""Метформин"", ""mnn"": ""Метформин"", ""raw_rx_otc"": ""rx"", ""field_type"": ""explicit_mnn"", ""source_class"": ""product_card"", ""card_fetched"": true, ""fetched_at"": ""2026-08-13T19:21:26+00:00"", ""http_status"": 0, ""parser_version"": ""mnn_source_identity_v1"", ""query"": ""Мерифатин 750 мг таблетки"", ""matched_brand"": null, ""matched_form"": ""таблетки"", ""matched_dosage"": ""750мг"", ""matched_pack"": ""60"", ""serp_match_score"": 1.0, ""error"": null, ""match_status"": ""accepted"", ""match_score"": 0.85, ""match_reasons"": [""brand_title_match:+0.50"", ""dose_match:+0.20"", ""form_match:+0.15""], ""match_axes"": [""brand_title"", ""dose"", ""form""], ""hard_contradiction"": false, ""matched_product_title"": ""Мерифатин МВ, 750 мг, табл. с пролонг. высвоб, 60 шт.""}, {""source"": ""asna"", ""url"": ""https://www.asna.ru/cards/merifatin_mv_750mg_n60_tab_s_prolongirovannym_vysvobozhdeniem_farmasintez-tyumen_ooo.html"", ""title"": ""/cards/merifatin_mv_750mg_n60_tab_s_prolongirovannym_vysvobozhdeniem_farmasintez-tyumen_ooo.html"", ""raw_mnn"": ""Метформин"", ""mnn"": ""Метформин"", ""raw_rx_otc"": ""rx"", ""field_type"": ""explicit_mnn"", ""source_class"": ""product_card"", ""card_fetched"": true, ""fetched_at"": ""2026-08-13T19:21:26+00:00"", ""http_status"": 0, ""parser_version"": ""mnn_source_identity_v1"", ""query"": ""Мерифатин 750 мг таблетки"", ""matched_brand"": null, ""matched_form"": null, ""matched_dosage"": null, ""matched_pack"": null, ""serp_match_score"": 0.5, ""error"": null, ""match_status"": ""accepted"", ""match_score"": 0.85, ""match_reasons"": [""brand_title_match:+0.50"", ""dose_match:+0.20"", ""form_match:+0.15""], ""match_axes"": [""brand_title"", ""dose"", ""form""], ""hard_contradiction"": false, ""matched_product_title"": ""/cards/merifatin_mv_750mg_n60_tab_s_prolongirovannym_vysvobozhdeniem_farmasintez-tyumen_ooo.html""}]","[{""source"": ""uteka"", ""raw_mnn"": ""Метформин"", ""field_type"": ""explicit_mnn"", ""canonical_components"": [""Метформин""], ""url"": ""https://uteka.ru/product/merifatin-mv-376881/"", ""title"": ""Мерифатин МВ, 750 мг, табл. с пролонг. высвоб, 60 шт."", ""match_status"": ""accepted"", ""match_score"": 0.85, ""source_class"": ""product_card"", ""parse_warnings"": []}, {""source"": ""asna"", ""raw_mnn"": ""Метформин"", ""field_type"": ""explicit_mnn"", ""canonical_components"": [""Метформин""], ""url"": ""https://www.asna.ru/cards/merifatin_mv_750mg_n60_tab_s_prolongirovannym_vysvobozhdeniem_farmasintez-tyumen_ooo.html"", ""title"": ""/cards/merifatin_mv_750mg_n60_tab_s_prolongirovannym_vysvobozhdeniem_farmasintez-tyumen_ooo.html"", ""match_status"": ""accepted"", ""match_score"": 0.85, ""source_class"": ""product_card"", ""parse_warnings"": []}, {""source"": ""apteka"", ""raw_mnn"": ""Метформин"", ""field_type"": ""explicit_mnn"", ""canonical_components"": [], ""url"": ""https://apteka.ru/product/merifatin-mv-750-mg-60-sht-blister-tabletki-s-prolongirovannym-vysvobozhdeniem-622b16f05032e8d0b17c8ece/"", ""title"": ""merifatin mv 750 mg 60 sht blister tabletki s prolongirovannym vysvobozhdeniem"", ""match_status"": ""rejected"", ""match_score"": -0.4, ""source_class"": ""product_card"", ""parse_warnings"": []}, {""source"": ""vidal"", ""raw_mnn"": ""Метформин"", ""field_type"": ""explicit_mnn"", ""canonical_components"": [], ""url"": ""https://www.vidal.ru/drugs/merifatin-mb-1"", ""title"": ""Мерифатин МВ"", ""match_status"": ""ambiguous"", ""match_score"": 0.5, ""source_class"": ""product_card"", ""parse_warnings"": []}, {""source"": ""stolichki"", ""raw_mnn"": null, ""field_type"": ""unknown"", ""canonical_components"": [], ""url"": null, ""title"": null, ""match_status"": ""ambiguous"", ""match_score"": 0.0, ""source_class"": ""search_only"", ""parse_warnings"": []}]"
34,МЕЛАДАПТ 3мг N10 таб. покрытые пленочной оболочкой Озон ООО | Озон ООО | Озон ООО | N10,drug,,rx,,none,none,no_known_inn_token,1,2,2,,[],,unresolved_catalog,single_source,unknown,unknown,,,false,,unresolved,true,catalog_accept_removed,"[{""source"": ""apteka"", ""url"": ""https://apteka.ru/product/meladapt-3-mg-60-sht-tabletki-pokrytye-plenochnoj-obolochkoj-blister-668e719cdf37923de79b4156/"", ""title"": ""meladapt 3 mg 60 sht tabletki pokrytye plenochnoj obolochkoj blister"", ""raw_mnn"": ""Мелатонин"", ""mnn"": ""Мелатонин"", ""raw_rx_otc"": null, ""field_type"": ""explicit_mnn"", ""source_class"": ""product_card"", ""card_fetched"": true, ""fetched_at"": ""2026-08-13T19:21:30+00:00"", ""http_status"": 0, ""parser_version"": ""mnn_source_identity_v1"", ""query"": ""Меладапт 3 мг таблетки"", ""matched_brand"": null, ""matched_form"": null, ""matched_dosage"": null, ""matched_pack"": null, ""serp_match_score"": 1.0, ""error"": null, ""match_status"": ""rejected"", ""match_score"": -0.4, ""match_reasons"": [""brand_title_conflict:-0.60"", ""dose_match:+0.20""], ""match_axes"": [""dose""], ""hard_contradiction"": true, ""matched_product_title"": ""meladapt 3 mg 60 sht tabletki pokrytye plenochnoj obolochkoj blister""}, {""source"": ""asna"", ""url"": ""https://www.asna.ru/cards/meladapt_3mg_n30_tab_pokrytye_plenochnoy_obolochkoy_ozon_ooo.html"", ""title"": ""/cards/meladapt_3mg_n30_tab_pokrytye_plenochnoy_obolochkoy_ozon_ooo.html"", ""raw_mnn"": ""Мелатонин"", ""mnn"": ""Мелатонин"", ""raw_rx_otc"": ""otc"", ""field_type"": ""explicit_mnn"", ""source_class"": ""product_card"", ""card_fetched"": true, ""fetched_at"": ""2026-08-13T19:21:29+00:00"", ""http_status"": 0, ""parser_version"": ""mnn_source_identity_v1"", ""query"": ""Меладапт 3 мг таблетки"", ""matched_brand"": null, ""matched_form"": null, ""matched_dosage"": null, ""matched_pack"": null, ""serp_match_score"": 0.4, ""error"": null, ""match_status"": ""rejected"", ""match_score"": -0.25, ""match_reasons"": [""brand_title_conflict:-0.60"", ""dose_match:+0.20"", ""form_match:+0.15""], ""match_axes"": [""dose"", ""form""], ""hard_contradiction"": true, ""matched_product_title"": ""/cards/meladapt_3mg_n30_tab_pokrytye_plenochnoy_obolochkoy_ozon_ooo.html""}]","[{""source"": ""uteka"", ""url"": ""https://uteka.ru/product/meladapt-376844/"", ""title"": ""Меладапт, 3 мг, табл. п.п.о, 30 шт."", ""raw_mnn"": ""Мелатонин"", ""mnn"": ""Мелатонин"", ""raw_rx_otc"": ""otc"", ""field_type"": ""explicit_mnn"", ""source_class"": ""product_card"", ""card_fetched"": true, ""fetched_at"": ""2026-08-13T19:21:28+00:00"", ""http_status"": 0, ""parser_version"": ""mnn_source_identity_v1"", ""query"": ""Меладапт 3 мг таблетки"", ""matched_brand"": null, ""matched_form"": ""таблетки"", ""matched_dosage"": ""3мг"", ""matched_pack"": ""30"", ""serp_match_score"": 1.0, ""error"": null, ""match_status"": ""accepted"", ""match_score"": 0.85, ""match_reasons"": [""brand_title_match:+0.50"", ""dose_match:+0.20"", ""form_match:+0.15""], ""match_axes"": [""brand_title"", ""dose"", ""form""], ""hard_contradiction"": false, ""matched_product_title"": ""Меладапт, 3 мг, табл. п.п.о, 30 шт.""}]","[{""source"": ""uteka"", ""raw_mnn"": ""Мелатонин"", ""field_type"": ""explicit_mnn"", ""canonical_components"": [""Мелатонин""], ""url"": ""https://uteka.ru/product/meladapt-376844/"", ""title"": ""Меладапт, 3 мг, табл. п.п.о, 30 шт."", ""match_status"": ""accepted"", ""match_score"": 0.85, ""source_class"": ""product_card"", ""parse_warnings"": []}, {""source"": ""apteka"", ""raw_mnn"": ""Мелатонин"", ""field_type"": ""explicit_mnn"", ""canonical_components"": [], ""url"": ""https://apteka.ru/product/meladapt-3-mg-60-sht-tabletki-pokrytye-plenochnoj-obolochkoj-blister-668e719cdf37923de79b4156/"", ""title"": ""meladapt 3 mg 60 sht tabletki pokrytye plenochnoj obolochkoj blister"", ""match_status"": ""rejected"", ""match_score"": -0.4, ""source_class"": ""product_card"", ""parse_warnings"": []}, {""source"": ""asna"", ""raw_mnn"": ""Мелатонин"", ""field_type"": ""explicit_mnn"", ""canonical_components"": [], ""url"": ""https://www.asna.ru/cards/meladapt_3mg_n30_tab_pokrytye_plenochnoy_obolochkoy_ozon_ooo.html"", ""title"": ""/cards/meladapt_3mg_n30_tab_pokrytye_plenochnoy_obolochkoy_ozon_ooo.html"", ""match_status"": ""rejected"", ""match_score"": -0.25, ""source_class"": ""product_card"", ""parse_warnings"": []}, {""source"": ""vidal"", ""raw_mnn"": ""Мелатонин"", ""field_type"": ""explicit_mnn"", ""canonical_components"": [], ""url"": ""https://www.vidal.ru/drugs/meladapt"", ""title"": ""Меладапт"", ""match_status"": ""ambiguous"", ""match_score"": 0.5, ""source_class"": ""product_card"", ""parse_warnings"": []}, {""source"": ""stolichki"", ""raw_mnn"": null, ""field_type"": ""unknown"", ""canonical_components"": [], ""url"": null, ""title"": null, ""match_status"": ""ambiguous"", ""match_score"": 0.0, ""source_class"": ""search_only"", ""parse_warnings"": []}]"
45,АКВИОН КОЖА ВОЛОСЫ НОГТИ таб. N60 ВТФ ООО | ВТФ ООО | ВТФ ООО | N60,drug,,otc,,none,none,no_known_inn_token,2,1,2,,[],,unresolved_catalog,single_source,unknown,unknown,,ok,false,,unresolved,true,method_changed,"[{""source"": ""apteka"", ""url"": ""https://apteka.ru/product/akvion-morskoj-kollagen-50-sht-tabletki-zhevatelnye-massoj-1960-mg-63ff859c222122894ef0f212/"", ""title"": ""akvion morskoj kollagen 50 sht tabletki zhevatelnye massoj 1960 mg"", ""raw_mnn"": null, ""mnn"": null, ""raw_rx_otc"": null, ""field_type"": ""unknown"", ""source_class"": ""product_card"", ""card_fetched"": true, ""fetched_at"": ""2026-08-13T19:21:33+00:00"", ""http_status"": 0, ""parser_version"": ""mnn_source_identity_v1"", ""query"": ""АКВИОН таблетки"", ""matched_brand"": null, ""matched_form"": null, ""matched_dosage"": null, ""matched_pack"": ""50"", ""serp_match_score"": 1.0, ""error"": null, ""match_status"": ""rejected"", ""match_score"": -0.6, ""match_reasons"": [""brand_title_conflict:-0.60""], ""match_axes"": [], ""hard_contradiction"": true, ""matched_product_title"": ""akvion morskoj kollagen 50 sht tabletki zhevatelnye massoj 1960 mg""}]","[{""source"": ""uteka"", ""url"": ""https://uteka.ru/product/akvion-multivitaminy-dlya-zhenshhin-384682/"", ""title"": ""Аквион мультивитамины для женщин, табл. п.п.о, 60 шт."", ""raw_mnn"": null, ""mnn"": null, ""raw_rx_otc"": null, ""field_type"": ""unknown"", ""source_class"": ""product_card"", ""card_fetched"": true, ""fetched_at"": ""2026-08-13T19:21:32+00:00"", ""http_status"": 0, ""parser_version"": ""mnn_source_identity_v1"", ""query"": ""АКВИОН таблетки"", ""matched_brand"": null, ""matched_form"": ""таблетки"", ""matched_dosage"": null, ""matched_pack"": ""60"", ""serp_match_score"": 0.95, ""error"": null, ""match_status"": ""accepted"", ""match_score"": 0.65, ""match_reasons"": [""brand_title_match:+0.50"", ""form_match:+0.15""], ""match_axes"": [""brand_title"", ""form""], ""hard_contradiction"": false, ""matched_product_title"": ""Аквион мультивитамины для женщин, табл. п.п.о, 60 шт.""}, {""source"": ""asna"", ""url"": ""https://www.asna.ru/cards/akvion_biotin_tab_600mkg_n60_biosfera_ooo.html"", ""title"": ""/cards/akvion_biotin_tab_600mkg_n60_biosfera_ooo.html"", ""raw_mnn"": ""Биотин"", ""mnn"": ""Биотин"", ""raw_rx_otc"": ""otc"", ""field_type"": ""explicit_mnn"", ""source_class"": ""product_card"", ""card_fetched"": true, ""fetched_at"": ""2026-08-13T19:21:33+00:00"", ""http_status"": 0, ""parser_version"": ""mnn_source_identity_v1"", ""query"": ""АКВИОН таблетки"", ""matched_brand"": null, ""matched_form"": null, ""matched_dosage"": null, ""matched_pack"": null, ""serp_match_score"": 0.4, ""error"": null, ""match_status"": ""accepted"", ""match_score"": 0.65, ""match_reasons"": [""brand_title_match:+0.50"", ""form_match:+0.15""], ""match_axes"": [""brand_title"", ""form""], ""hard_contradiction"": false, ""matched_product_title"": ""/cards/akvion_biotin_tab_600mkg_n60_biosfera_ooo.html""}]","[{""source"": ""uteka"", ""raw_mnn"": null, ""field_type"": ""unknown"", ""canonical_components"": [], ""url"": ""https://uteka.ru/product/akvion-multivitaminy-dlya-zhenshhin-384682/"", ""title"": ""Аквион мультивитамины для женщин, табл. п.п.о, 60 шт."", ""match_status"": ""accepted"", ""match_score"": 0.65, ""source_class"": ""product_card"", ""parse_warnings"": []}, {""source"": ""asna"", ""raw_mnn"": ""Биотин"", ""field_type"": ""explicit_mnn"", ""canonical_components"": [""Биотин""], ""url"": ""https://www.asna.ru/cards/akvion_biotin_tab_600mkg_n60_biosfera_ooo.html"", ""title"": ""/cards/akvion_biotin_tab_600mkg_n60_biosfera_ooo.html"", ""match_status"": ""accepted"", ""match_score"": 0.65, ""source_class"": ""product_card"", ""parse_warnings"": []}, {""source"": ""apteka"", ""raw_mnn"": null, ""field_type"": ""unknown"", ""canonical_components"": [], ""url"": ""https://apteka.ru/product/akvion-morskoj-kollagen-50-sht-tabletki-zhevatelnye-massoj-1960-mg-63ff859c222122894ef0f212/"", ""title"": ""akvion morskoj kollagen 50 sht tabletki zhevatelnye massoj 1960 mg"", ""match_status"": ""rejected"", ""match_score"": -0.6, ""source_class"": ""product_card"", ""parse_warnings"": []}, {""source"": ""vidal"", ""raw_mnn"": null, ""field_type"": ""unknown"", ""canonical_components"": [], ""url"": ""https://www.vidal.ru/drugs/products"", ""title"": ""По алфавиту"", ""match_status"": ""ambiguous"", ""match_score"": 0.0, ""source_class"": ""search_only"", ""parse_warnings"": []}, {""source"": ""stolichki"", ""raw_mnn"": null, ""field_type"": ""unknown"", ""canonical_components"": [], ""url"": null, ""title"": null, ""match_status"": ""ambiguous"", ""match_score"": 0.0, ""source_class"": ""search_only"", ""parse_warnings"": []}]"
54,ГЕПАРИН 5000ЕД/мл 5мл N5 р-р для в/в и п/к введения Армавирская биологическая фабрика фгуп | Армавирская биологическая фабрика фгуп | Армавирская биологическая фабрика фгуп | N5,drug,Гепарин натрия,rx,,none,none,no_known_inn_token,0,1,4,,[],,resolved_enrichment,empty,unknown,unknown,Гепарин натрия,ok,true,Гепарин натрия,enrichment,false,sources_rejected_same_final,"[{""source"": ""apteka"", ""url"": ""https://apteka.ru/product/geparin-natriya-5000-meml-5-ml-5-sht-ampuly-rastvor-dlya-vnutrivennogo-i-podkozhnogo-vvedeniya-5e327824ca7bdc0001934929/"", ""title"": ""geparin natriya 5000 meml 5 ml 5 sht ampuly rastvor dlya vnutrivennogo i podkozhnogo vvedeniya"", ""raw_mnn"": ""Гепарин натрия"", ""mnn"": ""Гепарин натрия"", ""raw_rx_otc"": ""rx"", ""field_type"": ""explicit_mnn"", ""source_class"": ""product_card"", ""card_fetched"": true, ""fetched_at"": ""2026-08-13T19:21:39+00:00"", ""http_status"": 0, ""parser_version"": ""mnn_source_identity_v1"", ""query"": ""ГЕПАРИН 5000ЕД/мл 5мл 5000 ЕД/мл раствор"", ""matched_brand"": null, ""matched_form"": null, ""matched_dosage"": null, ""matched_pack"": null, ""serp_match_score"": 0.2571, ""error"": null, ""match_status"": ""rejected"", ""match_score"": -0.75, ""match_reasons"": [""brand_title_conflict:-0.60"", ""dose_conflict:-0.30"", ""form_match:+0.15""], ""match_axes"": [""form""], ""hard_contradiction"": true, ""matched_product_title"": ""geparin natriya 5000 meml 5 ml 5 sht ampuly rastvor dlya vnutrivennogo i podkozhnogo vvedeniya""}]",[],"[{""source"": ""apteka"", ""raw_mnn"": ""Гепарин натрия"", ""field_type"": ""explicit_mnn"", ""canonical_components"": [], ""url"": ""https://apteka.ru/product/geparin-natriya-5000-meml-5-ml-5-sht-ampuly-rastvor-dlya-vnutrivennogo-i-podkozhnogo-vvedeniya-5e327824ca7bdc0001934929/"", ""title"": ""geparin natriya 5000 meml 5 ml 5 sht ampuly rastvor dlya vnutrivennogo i podkozhnogo vvedeniya"", ""match_status"": ""rejected"", ""match_score"": -0.75, ""source_class"": ""product_card"", ""parse_warnings"": []}, {""source"": ""uteka"", ""raw_mnn"": null, ""field_type"": ""unknown"", ""canonical_components"": [], ""url"": null, ""title"": null, ""match_status"": ""ambiguous"", ""match_score"": 0.0, ""source_class"": ""search_only"", ""parse_warnings"": []}, {""source"": ""asna"", ""raw_mnn"": null, ""field_type"": ""unknown"", ""canonical_components"": [], ""url"": ""https://www.asna.ru/cards/geparin_25g_maz_dnaruzhnogo_primeneniya_nizhfarm.html"", ""title"": ""/cards/geparin_25g_maz_dnaruzhnogo_primeneniya_nizhfarm.html"", ""match_status"": ""ambiguous"", ""match_score"": 0.0, ""source_class"": ""search_only"", ""parse_warnings"": []}, {""source"": ""vidal"", ""raw_mnn"": null, ""field_type"": ""unknown"", ""canonical_components"": [], ""url"": ""https://www.vidal.ru/drugs/products"", ""title"": ""По алфавиту"", ""match_status"": ""ambiguous"", ""match_score"": 0.0, ""source_class"": ""search_only"", ""parse_warnings"": []}, {""source"": ""stolichki"", ""raw_mnn"": null, ""field_type"": ""unknown"", ""canonical_components"": [], ""url"": null, ""title"": null, ""match_status"": ""ambiguous"", ""match_score"": 0.0, ""source_class"": ""search_only"", ""parse_warnings"": []}]"
56,РИТОФЛЕКС МСМ таб. N60 Фармацевтическая Фабрика ООО | Фармацевтическая фабрика ООО | Фармацевтическая фабрика ООО | N60,drug,,,,none,none,no_known_inn_token,2,1,2,,[],,unresolved_catalog,single_source,unknown,unknown,,,false,,unresolved,true,catalog_accept_removed,"[{""source"": ""apteka"", ""url"": ""https://apteka.ru/product/erzig-ritofleks-msm-60-sht-tabletki-massoj-13-g-6881ca52930d4277140351ba/"", ""title"": ""erzig ritofleks msm 60 sht tabletki massoj 13 g"", ""raw_mnn"": ""Глюкозамин, Хондроитинсульфат"", ""mnn"": ""Глюкозамин, Хондроитинсульфат"", ""raw_rx_otc"": null, ""field_type"": ""explicit_mnn"", ""source_class"": ""product_card"", ""card_fetched"": true, ""fetched_at"": ""2026-08-13T19:21:42+00:00"", ""http_status"": 0, ""parser_version"": ""mnn_source_identity_v1"", ""query"": ""РИТОФЛЕКС МСМ таблетки"", ""matched_brand"": null, ""matched_form"": null, ""matched_dosage"": null, ""matched_pack"": null, ""serp_match_score"": 0.45, ""error"": null, ""match_status"": ""rejected"", ""match_score"": -0.6, ""match_reasons"": [""brand_title_conflict:-0.60""], ""match_axes"": [], ""hard_contradiction"": true, ""matched_product_title"": ""erzig ritofleks msm 60 sht tabletki massoj 13 g""}]","[{""source"": ""uteka"", ""url"": ""https://uteka.ru/product/ritofleks-msm-373459/"", ""title"": ""Ритофлекс МСМ, 500мг + 400мг, табл, 1.3 г, 60 шт."", ""raw_mnn"": null, ""mnn"": null, ""raw_rx_otc"": null, ""field_type"": ""unknown"", ""source_class"": ""product_card"", ""card_fetched"": true, ""fetched_at"": ""2026-08-13T19:21:41+00:00"", ""http_status"": 0, ""parser_version"": ""mnn_source_identity_v1"", ""query"": ""РИТОФЛЕКС МСМ таблетки"", ""matched_brand"": null, ""matched_form"": ""таблетки"", ""matched_dosage"": ""500мг"", ""matched_pack"": ""60"", ""serp_match_score"": 1.0, ""error"": null, ""match_status"": ""accepted"", ""match_score"": 0.65, ""match_reasons"": [""brand_title_match:+0.50"", ""form_match:+0.15""], ""match_axes"": [""brand_title"", ""form""], ""hard_contradiction"": false, ""matched_product_title"": ""Ритофлекс МСМ, 500мг + 400мг, табл, 1.3 г, 60 шт.""}, {""source"": ""asna"", ""url"": ""https://www.asna.ru/cards/ritofleks_msm_tab_n60_farmatsevticheskaya_fabrika_ooo.html"", ""title"": ""/cards/ritofleks_msm_tab_n60_farmatsevticheskaya_fabrika_ooo.html"", ""raw_mnn"": ""Глюкозамин+Хондроитин+MSM"", ""mnn"": ""Глюкозамин+Хондроитин+MSM"", ""raw_rx_otc"": null, ""field_type"": ""explicit_mnn"", ""source_class"": ""product_card"", ""card_fetched"": true, ""fetched_at"": ""2026-08-13T19:21:42+00:00"", ""http_status"": 0, ""parser_version"": ""mnn_source_identity_v1"", ""query"": ""РИТОФЛЕКС МСМ таблетки"", ""matched_brand"": null, ""matched_form"": null, ""matched_dosage"": null, ""matched_pack"": null, ""serp_match_score"": 0.4, ""error"": null, ""match_status"": ""accepted"", ""match_score"": 0.65, ""match_reasons"": [""brand_title_match:+0.50"", ""form_match:+0.15""], ""match_axes"": [""brand_title"", ""form""], ""hard_contradiction"": false, ""matched_product_title"": ""/cards/ritofleks_msm_tab_n60_farmatsevticheskaya_fabrika_ooo.html""}]","[{""source"": ""uteka"", ""raw_mnn"": null, ""field_type"": ""unknown"", ""canonical_components"": [], ""url"": ""https://uteka.ru/product/ritofleks-msm-373459/"", ""title"": ""Ритофлекс МСМ, 500мг + 400мг, табл, 1.3 г, 60 шт."", ""match_status"": ""accepted"", ""match_score"": 0.65, ""source_class"": ""product_card"", ""parse_warnings"": []}, {""source"": ""asna"", ""raw_mnn"": ""Глюкозамин+Хондроитин+MSM"", ""field_type"": ""explicit_mnn"", ""canonical_components"": [""Глюкозамин"", ""Хондроитина сульфат натрия"", ""MSM""], ""url"": ""https://www.asna.ru/cards/ritofleks_msm_tab_n60_farmatsevticheskaya_fabrika_ooo.html"", ""title"": ""/cards/ritofleks_msm_tab_n60_farmatsevticheskaya_fabrika_ooo.html"", ""match_status"": ""accepted"", ""match_score"": 0.65, ""source_class"": ""product_card"", ""parse_warnings"": []}, {""source"": ""apteka"", ""raw_mnn"": ""Глюкозамин, Хондроитинсульфат"", ""field_type"": ""explicit_mnn"", ""canonical_components"": [], ""url"": ""https://apteka.ru/product/erzig-ritofleks-msm-60-sht-tabletki-massoj-13-g-6881ca52930d4277140351ba/"", ""title"": ""erzig ritofleks msm 60 sht tabletki massoj 13 g"", ""match_status"": ""rejected"", ""match_score"": -0.6, ""source_class"": ""product_card"", ""parse_warnings"": []}, {""source"": ""vidal"", ""raw_mnn"": null, ""field_type"": ""unknown"", ""canonical_components"": [], ""url"": ""https://www.vidal.ru/drugs/products"", ""title"": ""По алфавиту"", ""match_status"": ""ambiguous"", ""match_score"": 0.0, ""source_class"": ""search_only"", ""parse_warnings"": []}, {""source"": ""stolichki"", ""raw_mnn"": null, ""field_type"": ""unknown"", ""canonical_components"": [], ""url"": null, ""title"": null, ""match_status"": ""ambiguous"", ""match_score"": 0.0, ""source_class"": ""search_only"", ""parse_warnings"": []}]"
60,ДИКЛОФЕНАК 25мг/мл 3мл N10 р-р для в/м введения Дальхимфарм ОАО | Дальхимфарм ОАО | Дальхимфарм ОАО | N10,drug,Диклофенак,rx,,none,none,no_known_inn_token,0,1,4,,[],,resolved_enrichment,empty,unknown,unknown,Диклофенак,ok,true,Диклофенак,enrichment,false,sources_rejected_same_final,"[{""source"": ""apteka"", ""url"": ""https://apteka.ru/product/diklofenak-25-mgml-rastvor-dlya-vnutrimyshechnogo-vvedeniya-3-ml-ampuly-5-sht-5e326bc9ca7bdc000192e980/"", ""title"": ""diklofenak 25 mgml rastvor dlya vnutrimyshechnogo vvedeniya 3 ml ampuly 5 sht"", ""raw_mnn"": ""Диклофенак"", ""mnn"": ""Диклофенак"", ""raw_rx_otc"": ""rx"", ""field_type"": ""explicit_mnn"", ""source_class"": ""product_card"", ""card_fetched"": true, ""fetched_at"": ""2026-08-13T19:21:47+00:00"", ""http_status"": 0, ""parser_version"": ""mnn_source_identity_v1"", ""query"": ""ДИКЛОФЕНАК 25мг/мл 3мл 25 мг/мл, 3 мл раствор"", ""matched_brand"": null, ""matched_form"": null, ""matched_dosage"": null, ""matched_pack"": null, ""serp_match_score"": 0.2812, ""error"": null, ""match_status"": ""rejected"", ""match_score"": -0.25, ""match_reasons"": [""brand_title_conflict:-0.60"", ""dose_match:+0.20"", ""form_match:+0.15""], ""match_axes"": [""dose"", ""form""], ""hard_contradiction"": true, ""matched_product_title"": ""diklofenak 25 mgml rastvor dlya vnutrimyshechnogo vvedeniya 3 ml ampuly 5 sht""}]",[],"[{""source"": ""apteka"", ""raw_mnn"": ""Диклофенак"", ""field_type"": ""explicit_mnn"", ""canonical_components"": [], ""url"": ""https://apteka.ru/product/diklofenak-25-mgml-rastvor-dlya-vnutrimyshechnogo-vvedeniya-3-ml-ampuly-5-sht-5e326bc9ca7bdc000192e980/"", ""title"": ""diklofenak 25 mgml rastvor dlya vnutrimyshechnogo vvedeniya 3 ml ampuly 5 sht"", ""match_status"": ""rejected"", ""match_score"": -0.25, ""source_class"": ""product_card"", ""parse_warnings"": []}, {""source"": ""uteka"", ""raw_mnn"": null, ""field_type"": ""unknown"", ""canonical_components"": [], ""url"": null, ""title"": null, ""match_status"": ""ambiguous"", ""match_score"": 0.0, ""source_class"": ""search_only"", ""parse_warnings"": []}, {""source"": ""asna"", ""raw_mnn"": null, ""field_type"": ""unknown"", ""canonical_components"": [], ""url"": ""https://www.asna.ru/cards/diklofenak_velfarm_25mgml_3ml_n10_r-r_dlya_vm_vvedeniya_velfarm_ooo.html"", ""title"": ""/cards/diklofenak_velfarm_25mgml_3ml_n10_r-r_dlya_vm_vvedeniya_velfarm_ooo.html"", ""match_status"": ""ambiguous"", ""match_score"": 0.0, ""source_class"": ""search_only"", ""parse_warnings"": []}, {""source"": ""vidal"", ""raw_mnn"": null, ""field_type"": ""unknown"", ""canonical_components"": [], ""url"": ""https://www.vidal.ru/drugs/products"", ""title"": ""По алфавиту"", ""match_status"": ""ambiguous"", ""match_score"": 0.0, ""source_class"": ""search_only"", ""parse_warnings"": []}, {""source"": ""stolichki"", ""raw_mnn"": null, ""field_type"": ""unknown"", ""canonical_components"": [], ""url"": null, ""title"": null, ""match_status"": ""ambiguous"", ""match_score"": 0.0, ""source_class"": ""search_only"", ""parse_warnings"": []}]"
68,ЭПЛЕРЕНОН-ТЕВА 25мг N30 таб. покрытые пленочной оболочкой Тева фармасьютикал воркс прайвэт Лимитед Компани | Тева фармасьютикал воркс прайвэт Лимитед Компани | Тева фармасьютикал воркс прайвэт Лимитед Компани | N30,drug,Эплеренон,rx,,none,none,no_known_inn_token,2,1,2,Эплеренон,"[""Эплеренон""]",,resolved_catalog,consensus,rx,unknown,,,false,Эплеренон,catalog_consensus,false,sources_rejected_same_final,"[{""source"": ""apteka"", ""url"": ""https://apteka.ru/product/eplerenon-teva-25-mg-30-sht-tabletki-pokrytye-plenochnoj-obolochkoj-6566fabdb045b8b580df49be/"", ""title"": ""eplerenon teva 25 mg 30 sht tabletki pokrytye plenochnoj obolochkoj"", ""raw_mnn"": ""Эплеренон"", ""mnn"": ""Эплеренон"", ""raw_rx_otc"": ""rx"", ""field_type"": ""explicit_mnn"", ""source_class"": ""product_card"", ""card_fetched"": true, ""fetched_at"": ""2026-08-13T19:21:51+00:00"", ""http_status"": 0, ""parser_version"": ""mnn_source_identity_v1"", ""query"": ""Эплеренон-Тева 25 мг таблетки"", ""matched_brand"": null, ""matched_form"": null, ""matched_dosage"": null, ""matched_pack"": null, ""serp_match_score"": 0.45, ""error"": null, ""match_status"": ""rejected"", ""match_score"": -0.4, ""match_reasons"": [""brand_title_conflict:-0.60"", ""dose_match:+0.20""], ""match_axes"": [""dose""], ""hard_contradiction"": true, ""matched_product_title"": ""eplerenon teva 25 mg 30 sht tabletki pokrytye plenochnoj obolochkoj""}]","[{""source"": ""uteka"", ""url"": ""https://uteka.ru/product/eplerenon-401467/"", ""title"": ""Эплеренон-Тева, 25 мг, табл. п.п.о, 30 шт."", ""raw_mnn"": ""Эплеренон"", ""mnn"": ""Эплеренон"", ""raw_rx_otc"": ""rx"", ""field_type"": ""explicit_mnn"", ""source_class"": ""product_card"", ""card_fetched"": true, ""fetched_at"": ""2026-08-13T19:21:50+00:00"", ""http_status"": 0, ""parser_version"": ""mnn_source_identity_v1"", ""query"": ""Эплеренон-Тева 25 мг таблетки"", ""matched_brand"": null, ""matched_form"": ""таблетки"", ""matched_dosage"": ""25мг"", ""matched_pack"": ""30"", ""serp_match_score"": 1.0, ""error"": null, ""match_status"": ""accepted"", ""match_score"": 0.85, ""match_reasons"": [""brand_title_match:+0.50"", ""dose_match:+0.20"", ""form_match:+0.15""], ""match_axes"": [""brand_title"", ""dose"", ""form""], ""hard_contradiction"": false, ""matched_product_title"": ""Эплеренон-Тева, 25 мг, табл. п.п.о, 30 шт.""}, {""source"": ""asna"", ""url"": ""https://www.asna.ru/cards/eplerenon-teva_25mg_n30_tab_pokrytye_plenochnoy_obolochkoy_teva_pharmaceutical_works_private_co.html"", ""title"": ""/cards/eplerenon-teva_25mg_n30_tab_pokrytye_plenochnoy_obolochkoy_teva_pharmaceutical_works_private_co.html"", ""raw_mnn"": ""Эплеренон"", ""mnn"": ""Эплеренон"", ""raw_rx_otc"": ""rx"", ""field_type"": ""explicit_mnn"", ""source_class"": ""product_card"", ""card_fetched"": true, ""fetched_at"": ""2026-08-13T19:21:51+00:00"", ""http_status"": 0, ""parser_version"": ""mnn_source_identity_v1"", ""query"": ""Эплеренон-Тева 25 мг таблетки"", ""matched_brand"": null, ""matched_form"": null, ""matched_dosage"": null, ""matched_pack"": null, ""serp_match_score"": 0.5, ""error"": null, ""match_status"": ""accepted"", ""match_score"": 0.85, ""match_reasons"": [""brand_title_match:+0.50"", ""dose_match:+0.20"", ""form_match:+0.15""], ""match_axes"": [""brand_title"", ""dose"", ""form""], ""hard_contradiction"": false, ""matched_product_title"": ""/cards/eplerenon-teva_25mg_n30_tab_pokrytye_plenochnoy_obolochkoy_teva_pharmaceutical_works_private_co.html""}]","[{""source"": ""uteka"", ""raw_mnn"": ""Эплеренон"", ""field_type"": ""explicit_mnn"", ""canonical_components"": [""Эплеренон""], ""url"": ""https://uteka.ru/product/eplerenon-401467/"", ""title"": ""Эплеренон-Тева, 25 мг, табл. п.п.о, 30 шт."", ""match_status"": ""accepted"", ""match_score"": 0.85, ""source_class"": ""product_card"", ""parse_warnings"": []}, {""source"": ""asna"", ""raw_mnn"": ""Эплеренон"", ""field_type"": ""explicit_mnn"", ""canonical_components"": [""Эплеренон""], ""url"": ""https://www.asna.ru/cards/eplerenon-teva_25mg_n30_tab_pokrytye_plenochnoy_obolochkoy_teva_pharmaceutical_works_private_co.html"", ""title"": ""/cards/eplerenon-teva_25mg_n30_tab_pokrytye_plenochnoy_obolochkoy_teva_pharmaceutical_works_private_co.html"", ""match_status"": ""accepted"", ""match_score"": 0.85, ""source_class"": ""product_card"", ""parse_warnings"": []}, {""source"": ""apteka"", ""raw_mnn"": ""Эплеренон"", ""field_type"": ""explicit_mnn"", ""canonical_components"": [], ""url"": ""https://apteka.ru/product/eplerenon-teva-25-mg-30-sht-tabletki-pokrytye-plenochnoj-obolochkoj-6566fabdb045b8b580df49be/"", ""title"": ""eplerenon teva 25 mg 30 sht tabletki pokrytye plenochnoj obolochkoj"", ""match_status"": ""rejected"", ""match_score"": -0.4, ""source_class"": ""product_card"", ""parse_warnings"": []}, {""source"": ""vidal"", ""raw_mnn"": ""Эплеренон"", ""field_type"": ""explicit_mnn"", ""canonical_components"": [], ""url"": ""https://www.vidal.ru/drugs/eplerenon-teva"", ""title"": ""Эплеренон-Тева"", ""match_status"": ""ambiguous"", ""match_score"": 0.5, ""source_class"": ""product_card"", ""parse_warnings"": []}, {""source"": ""stolichki"", ""raw_mnn"": null, ""field_type"": ""unknown"", ""canonical_components"": [], ""url"": null, ""title"": null, ""match_status"": ""ambiguous"", ""match_score"": 0.0, ""source_class"": ""search_only"", ""parse_warnings"": []}]"
70,РОЗУВАСТАТИН-ТЕВА 20мг N90 таб. покрытые пленочной оболочкой Р-Фарм Новосёлки | Р-Фарм новосёлки ООО | Р-Фарм новосёлки ООО | N90,drug,Розувастатин,rx,Розувастатин,strong,high,exact_normalized_text_token_start,1,1,3,,[],,resolved_input_explicit,single_source,unknown,unknown,,,false,Розувастатин,input_explicit_mnn,false,catalog_accept_removed,"[{""source"": ""apteka"", ""url"": ""https://apteka.ru/product/rozuvastatin-verteks-20-mg-90-sht-blister-tabletki-pokrytye-plenochnoj-obolochkoj-5e3bd2c0bc272f00016ba27e/"", ""title"": ""rozuvastatin verteks 20 mg 90 sht blister tabletki pokrytye plenochnoj obolochkoj"", ""raw_mnn"": ""Розувастатин"", ""mnn"": ""Розувастатин"", ""raw_rx_otc"": ""rx"", ""field_type"": ""explicit_mnn"", ""source_class"": ""product_card"", ""card_fetched"": true, ""fetched_at"": ""2026-08-13T19:21:57+00:00"", ""http_status"": 0, ""parser_version"": ""mnn_source_identity_v1"", ""query"": ""Розувастатин-Тева 20 мг таблетки"", ""matched_brand"": null, ""matched_form"": null, ""matched_dosage"": null, ""matched_pack"": null, ""serp_match_score"": 0.36, ""error"": null, ""match_status"": ""rejected"", ""match_score"": -0.4, ""match_reasons"": [""brand_title_conflict:-0.60"", ""dose_match:+0.20""], ""match_axes"": [""dose""], ""hard_contradiction"": true, ""matched_product_title"": ""rozuvastatin verteks 20 mg 90 sht blister tabletki pokrytye plenochnoj obolochkoj""}]","[{""source"": ""uteka"", ""url"": ""https://uteka.ru/product/rozuvastatin-383231/"", ""title"": ""Розувастатин, 20 мг, табл. п.п.о, 90 шт."", ""raw_mnn"": ""Розувастатин"", ""mnn"": ""Розувастатин"", ""raw_rx_otc"": ""rx"", ""field_type"": ""explicit_mnn"", ""source_class"": ""product_card"", ""card_fetched"": true, ""fetched_at"": ""2026-08-13T19:21:54+00:00"", ""http_status"": 0, ""parser_version"": ""mnn_source_identity_v1"", ""query"": ""Розувастатин-Тева 20 мг таблетки"", ""matched_brand"": null, ""matched_form"": ""таблетки"", ""matched_dosage"": ""20мг"", ""matched_pack"": ""90"", ""serp_match_score"": 0.7, ""error"": null, ""match_status"": ""accepted"", ""match_score"": 0.85, ""match_reasons"": [""brand_title_match:+0.50"", ""dose_match:+0.20"", ""form_match:+0.15""], ""match_axes"": [""brand_title"", ""dose"", ""form""], ""hard_contradiction"": false, ""matched_product_title"": ""Розувастатин, 20 мг, табл. п.п.о, 90 шт.""}]","[{""source"": ""uteka"", ""raw_mnn"": ""Розувастатин"", ""field_type"": ""explicit_mnn"", ""canonical_components"": [""Розувастатин""], ""url"": ""https://uteka.ru/product/rozuvastatin-383231/"", ""title"": ""Розувастатин, 20 мг, табл. п.п.о, 90 шт."", ""match_status"": ""accepted"", ""match_score"": 0.85, ""source_class"": ""product_card"", ""parse_warnings"": []}, {""source"": ""apteka"", ""raw_mnn"": ""Розувастатин"", ""field_type"": ""explicit_mnn"", ""canonical_components"": [], ""url"": ""https://apteka.ru/product/rozuvastatin-verteks-20-mg-90-sht-blister-tabletki-pokrytye-plenochnoj-obolochkoj-5e3bd2c0bc272f00016ba27e/"", ""title"": ""rozuvastatin verteks 20 mg 90 sht blister tabletki pokrytye plenochnoj obolochkoj"", ""match_status"": ""rejected"", ""match_score"": -0.4, ""source_class"": ""product_card"", ""parse_warnings"": []}, {""source"": ""asna"", ""raw_mnn"": null, ""field_type"": ""unknown"", ""canonical_components"": [], ""url"": ""https://www.asna.ru/cards/fikseyd_eko_kotton_nabor_plastyrey_meditsinskikh_bakteritsidnykh_s_soderzhaniem_serebra_72mmkh19mm_n20_nordeplast_lsez.html"", ""title"": ""/cards/fikseyd_eko_kotton_nabor_plastyrey_meditsinskikh_bakteritsidnykh_s_soderzhaniem_serebra_72mmkh19mm_n20_nordeplast_lsez.html"", ""match_status"": ""ambiguous"", ""match_score"": 0.0, ""source_class"": ""search_only"", ""parse_warnings"": []}, {""source"": ""vidal"", ""raw_mnn"": ""Розувастатин"", ""field_type"": ""explicit_mnn"", ""canonical_components"": [], ""url"": ""https://www.vidal.ru/drugs/tevastor__33191"", ""title"": ""Розувастатин-Тева"", ""match_status"": ""ambiguous"", ""match_score"": 0.5, ""source_class"": ""product_card"", ""parse_warnings"": []}, {""source"": ""stolichki"", ""raw_mnn"": null, ""field_type"": ""unknown"", ""canonical_components"": [], ""url"": null, ""title"": null, ""match_status"": ""ambiguous"", ""match_score"": 0.0, ""source_class"": ""search_only"", ""parse_warnings"": []}]"
72,ФАРИНГАЛ таб. 650мг N10 Салута-М | Салута-М ООО | Салута-М ООО | N10,drug,,otc,,none,none,no_known_inn_token,1,0,4,,[],,unresolved_catalog,empty,unknown,unknown,,ok,false,,unresolved,true,method_changed,[],"[{""source"": ""asna"", ""url"": ""https://www.asna.ru/cards/faringal_tab_650mg_n10_saluta-m.html"", ""title"": ""/cards/faringal_tab_650mg_n10_saluta-m.html"", ""raw_mnn"": null, ""mnn"": null, ""raw_rx_otc"": ""otc"", ""field_type"": ""unknown"", ""source_class"": ""product_card"", ""card_fetched"": true, ""fetched_at"": ""2026-08-13T19:22:01+00:00"", ""http_status"": 0, ""parser_version"": ""mnn_source_identity_v1"", ""query"": ""Фарингал 650 мг таблетки"", ""matched_brand"": null, ""matched_form"": null, ""matched_dosage"": null, ""matched_pack"": null, ""serp_match_score"": 0.5, ""error"": null, ""match_status"": ""accepted"", ""match_score"": 0.85, ""match_reasons"": [""brand_title_match:+0.50"", ""dose_match:+0.20"", ""form_match:+0.15""], ""match_axes"": [""brand_title"", ""dose"", ""form""], ""hard_contradiction"": false, ""matched_product_title"": ""/cards/faringal_tab_650mg_n10_saluta-m.html""}]","[{""source"": ""asna"", ""raw_mnn"": null, ""field_type"": ""unknown"", ""canonical_components"": [], ""url"": ""https://www.asna.ru/cards/faringal_tab_650mg_n10_saluta-m.html"", ""title"": ""/cards/faringal_tab_650mg_n10_saluta-m.html"", ""match_status"": ""accepted"", ""match_score"": 0.85, ""source_class"": ""product_card"", ""parse_warnings"": []}, {""source"": ""uteka"", ""raw_mnn"": null, ""field_type"": ""unknown"", ""canonical_components"": [], ""url"": null, ""title"": null, ""match_status"": ""ambiguous"", ""match_score"": 0.0, ""source_class"": ""search_only"", ""parse_warnings"": []}, {""source"": ""apteka"", ""raw_mnn"": null, ""field_type"": ""unknown"", ""canonical_components"": [], ""url"": null, ""title"": null, ""match_status"": ""ambiguous"", ""match_score"": 0.0, ""source_class"": ""search_only"", ""parse_warnings"": []}, {""source"": ""vidal"", ""raw_mnn"": null, ""field_type"": ""unknown"", ""canonical_components"": [], ""url"": ""https://www.vidal.ru/drugs/products"", ""title"": ""По алфавиту"", ""match_status"": ""ambiguous"", ""match_score"": 0.0, ""source_class"": ""search_only"", ""parse_warnings"": []}, {""source"": ""stolichki"", ""raw_mnn"": null, ""field_type"": ""unknown"", ""canonical_components"": [], ""url"": null, ""title"": null, ""match_status"": ""ambiguous"", ""match_score"": 0.0, ""source_class"": ""search_only"", ""parse_warnings"": []}]"
73,ГАСТРАСАН ЭКСПРЕСС 680мг+80мг N12 таб. жевательные Апельсин ЮжФарм ООО | ЮжФарм ООО | ЮжФарм ООО | N12,drug,,otc,,none,none,no_known_inn_token,1,1,3,,[],,unresolved_catalog,single_source,unknown,unknown,,,false,,unresolved,true,catalog_accept_removed,"[{""source"": ""apteka"", ""url"": ""https://apteka.ru/product/gastrasan-ekspress-680-mg--80-mg-24-sht-tabletki-zhevatelnye-so-vkusom-myaty-62bebded9b43454acb749ba1/"", ""title"": ""gastrasan ekspress 680 mg  80 mg 24 sht tabletki zhevatelnye so vkusom myaty"", ""raw_mnn"": ""Кальция карбонат, Магния карбонат"", ""mnn"": ""Кальция карбонат, Магния карбонат"", ""raw_rx_otc"": null, ""field_type"": ""explicit_mnn"", ""source_class"": ""product_card"", ""card_fetched"": true, ""fetched_at"": ""2026-08-13T19:22:07+00:00"", ""http_status"": 0, ""parser_version"": ""mnn_source_identity_v1"", ""query"": ""Гастрасан Экспресс 680мг+80мг таблетки жевательные"", ""matched_brand"": null, ""matched_form"": null, ""matched_dosage"": null, ""matched_pack"": null, ""serp_match_score"": 0.3, ""error"": null, ""match_status"": ""rejected"", ""match_score"": -0.4, ""match_reasons"": [""brand_title_conflict:-0.60"", ""dose_match:+0.20""], ""match_axes"": [""dose""], ""hard_contradiction"": true, ""matched_product_title"": ""gastrasan ekspress 680 mg  80 mg 24 sht tabletki zhevatelnye so vkusom myaty""}]","[{""source"": ""asna"", ""url"": ""https://www.asna.ru/cards/gastrasan_ekspress_680mg80mg_n12_tab_zhevatelnye_apelsin_yuzhfarm_ooo.html"", ""title"": ""/cards/gastrasan_ekspress_680mg80mg_n12_tab_zhevatelnye_apelsin_yuzhfarm_ooo.html"", ""raw_mnn"": ""Кальция карбонат + Магния карбонат"", ""mnn"": ""Кальция карбонат + Магния карбонат"", ""raw_rx_otc"": ""otc"", ""field_type"": ""explicit_mnn"", ""source_class"": ""product_card"", ""card_fetched"": true, ""fetched_at"": ""2026-08-13T19:22:07+00:00"", ""http_status"": 0, ""parser_version"": ""mnn_source_identity_v1"", ""query"": ""Гастрасан Экспресс 680мг+80мг"", ""matched_brand"": null, ""matched_form"": null, ""matched_dosage"": null, ""matched_pack"": null, ""serp_match_score"": 0.4, ""error"": null, ""match_status"": ""accepted"", ""match_score"": 0.85, ""match_reasons"": [""brand_title_match:+0.50"", ""dose_match:+0.20"", ""form_match:+0.15""], ""match_axes"": [""brand_title"", ""dose"", ""form""], ""hard_contradiction"": false, ""matched_product_title"": ""/cards/gastrasan_ekspress_680mg80mg_n12_tab_zhevatelnye_apelsin_yuzhfarm_ooo.html""}]","[{""source"": ""asna"", ""raw_mnn"": ""Кальция карбонат + Магния карбонат"", ""field_type"": ""explicit_mnn"", ""canonical_components"": [""Кальция карбонат"", ""Магния карбонат""], ""url"": ""https://www.asna.ru/cards/gastrasan_ekspress_680mg80mg_n12_tab_zhevatelnye_apelsin_yuzhfarm_ooo.html"", ""title"": ""/cards/gastrasan_ekspress_680mg80mg_n12_tab_zhevatelnye_apelsin_yuzhfarm_ooo.html"", ""match_status"": ""accepted"", ""match_score"": 0.85, ""source_class"": ""product_card"", ""parse_warnings"": []}, {""source"": ""apteka"", ""raw_mnn"": ""Кальция карбонат, Магния карбонат"", ""field_type"": ""explicit_mnn"", ""canonical_components"": [], ""url"": ""https://apteka.ru/product/gastrasan-ekspress-680-mg--80-mg-24-sht-tabletki-zhevatelnye-so-vkusom-myaty-62bebded9b43454acb749ba1/"", ""title"": ""gastrasan ekspress 680 mg  80 mg 24 sht tabletki zhevatelnye so vkusom myaty"", ""match_status"": ""rejected"", ""match_score"": -0.4, ""source_class"": ""product_card"", ""parse_warnings"": []}, {""source"": ""uteka"", ""raw_mnn"": null, ""field_type"": ""unknown"", ""canonical_components"": [], ""url"": null, ""title"": null, ""match_status"": ""ambiguous"", ""match_score"": 0.0, ""source_class"": ""search_only"", ""parse_warnings"": []}, {""source"": ""vidal"", ""raw_mnn"": ""Кальция карбонат"", ""field_type"": ""explicit_mnn"", ""canonical_components"": [], ""url"": ""https://www.vidal.ru/drugs/gastrasan-express"", ""title"": ""Гастрасан"", ""match_status"": ""ambiguous"", ""match_score"": 0.5, ""source_class"": ""product_card"", ""parse_warnings"": []}, {""source"": ""stolichki"", ""raw_mnn"": null, ""field_type"": ""unknown"", ""canonical_components"": [], ""url"": null, ""title"": null, ""match_status"": ""ambiguous"", ""match_score"": 0.0, ""source_class"": ""search_only"", ""parse_warnings"": []}]"
75,САМБУКУС БУЗИНА ИММУНИТЕТ таб. массой 700мг N30 Грин сайд ООО | Грин Сайд ООО | Грин Сайд ООО | N30,drug,,otc,,none,none,no_known_inn_token,0,0,5,,[],,unresolved_catalog,empty,unknown,unknown,,ok,false,,unresolved,true,method_changed,[],[],"[{""source"": ""uteka"", ""raw_mnn"": null, ""field_type"": ""unknown"", ""canonical_components"": [], ""url"": null, ""title"": null, ""match_status"": ""ambiguous"", ""match_score"": 0.0, ""source_class"": ""search_only"", ""parse_warnings"": []}, {""source"": ""apteka"", ""raw_mnn"": null, ""field_type"": ""unknown"", ""canonical_components"": [], ""url"": ""https://apteka.ru/product/sambukus-plyus-20-gr-granuly-gomeopaticheskogo-primeneniya-5e327909f5a9ae00014105c0/"", ""title"": ""sambukus plyus 20 gr granuly gomeopaticheskogo primeneniya"", ""match_status"": ""ambiguous"", ""match_score"": 0.0, ""source_class"": ""search_only"", ""parse_warnings"": []}, {""source"": ""asna"", ""raw_mnn"": null, ""field_type"": ""unknown"", ""canonical_components"": [], ""url"": ""https://www.asna.ru/cards/fikseyd_eko_kotton_nabor_plastyrey_meditsinskikh_bakteritsidnykh_s_soderzhaniem_serebra_72mmkh19mm_n20_nordeplast_lsez.html"", ""title"": ""/cards/fikseyd_eko_kotton_nabor_plastyrey_meditsinskikh_bakteritsidnykh_s_soderzhaniem_serebra_72mmkh19mm_n20_nordeplast_lsez.html"", ""match_status"": ""ambiguous"", ""match_score"": 0.0, ""source_class"": ""search_only"", ""parse_warnings"": []}, {""source"": ""vidal"", ""raw_mnn"": null, ""field_type"": ""unknown"", ""canonical_components"": [], ""url"": ""https://www.vidal.ru/drugs/products"", ""title"": ""По алфавиту"", ""match_status"": ""ambiguous"", ""match_score"": 0.0, ""source_class"": ""search_only"", ""parse_warnings"": []}, {""source"": ""stolichki"", ""raw_mnn"": null, ""field_type"": ""unknown"", ""canonical_components"": [], ""url"": null, ""title"": null, ""match_status"": ""ambiguous"", ""match_score"": 0.0, ""source_class"": ""search_only"", ""parse_warnings"": []}]"
86,ТАДАЛАФИЛ-АЛИУМ 20мг N8 таб. покрытые пленочной оболочкой Алиум АО | Алиум АО | Алиум АО | N8,drug,Тадалафил,rx,,none,none,no_known_inn_token,0,3,2,,[],,resolved_enrichment,empty,unknown,unknown,Тадалафил,ok,true,Тадалафил,enrichment,false,sources_rejected_same_final,"[{""source"": ""uteka"", ""url"": ""https://uteka.ru/product/aciklovir-forte-alium-376952/"", ""title"": ""Ацикловир Форте-Алиум, 400 мг, табл, 20 шт."", ""raw_mnn"": ""Ацикловир"", ""mnn"": ""Ацикловир"", ""raw_rx_otc"": ""rx"", ""field_type"": ""explicit_mnn"", ""source_class"": ""product_card"", ""card_fetched"": true, ""fetched_at"": ""2026-08-13T19:22:18+00:00"", ""http_status"": 0, ""parser_version"": ""mnn_source_identity_v1"", ""query"": ""Алиум 20 мг таблетки"", ""matched_brand"": null, ""matched_form"": ""таблетки"", ""matched_dosage"": ""400мг"", ""matched_pack"": ""20"", ""serp_match_score"": 1.0, ""error"": null, ""match_status"": ""rejected"", ""match_score"": 0.35, ""match_reasons"": [""brand_title_match:+0.50"", ""dose_conflict:-0.30"", ""form_match:+0.15""], ""match_axes"": [""brand_title"", ""form""], ""hard_contradiction"": true, ""matched_product_title"": ""Ацикловир Форте-Алиум, 400 мг, табл, 20 шт.""}, {""source"": ""apteka"", ""url"": ""https://apteka.ru/product/acziklovir-forte-alium-400-mg-20-sht-tabletki-619df00edb0cd3f82672d1c4/"", ""title"": ""acziklovir forte alium 400 mg 20 sht tabletki"", ""raw_mnn"": ""Ацикловир"", ""mnn"": ""Ацикловир"", ""raw_rx_otc"": ""rx"", ""field_type"": ""explicit_mnn"", ""source_class"": ""product_card"", ""card_fetched"": true, ""fetched_at"": ""2026-08-13T19:22:20+00:00"", ""http_status"": 0, ""parser_version"": ""mnn_source_identity_v1"", ""query"": ""Алиум 20 мг таблетки"", ""matched_brand"": null, ""matched_form"": null, ""matched_dosage"": null, ""matched_pack"": null, ""serp_match_score"": 1.0, ""error"": null, ""match_status"": ""rejected"", ""match_score"": -0.9, ""match_reasons"": [""brand_title_conflict:-0.60"", ""dose_conflict:-0.30""], ""match_axes"": [], ""hard_contradiction"": true, ""matched_product_title"": ""acziklovir forte alium 400 mg 20 sht tabletki""}, {""source"": ""asna"", ""url"": ""https://www.asna.ru/cards/rivaroksaban_20mg_n28_tab_pokrytye_plenochnoy_obolochkoy_alium_ao.html"", ""title"": ""/cards/rivaroksaban_20mg_n28_tab_pokrytye_plenochnoy_obolochkoy_alium_ao.html"", ""raw_mnn"": ""Ривароксабан"", ""mnn"": ""Ривароксабан"", ""raw_rx_otc"": ""rx"", ""field_type"": ""explicit_mnn"", ""source_class"": ""product_card"", ""card_fetched"": true, ""fetched_at"": ""2026-08-13T19:22:19+00:00"", ""http_status"": 0, ""parser_version"": ""mnn_source_identity_v1"", ""query"": ""Алиум 20 мг таблетки"", ""matched_brand"": null, ""matched_form"": null, ""matched_dosage"": null, ""matched_pack"": null, ""serp_match_score"": 0.5, ""error"": null, ""match_status"": ""rejected"", ""match_score"": -0.25, ""match_reasons"": [""brand_title_conflict:-0.60"", ""dose_match:+0.20"", ""form_match:+0.15""], ""match_axes"": [""dose"", ""form""], ""hard_contradiction"": true, ""matched_product_title"": ""/cards/rivaroksaban_20mg_n28_tab_pokrytye_plenochnoy_obolochkoy_alium_ao.html""}]",[],"[{""source"": ""uteka"", ""raw_mnn"": ""Ацикловир"", ""field_type"": ""explicit_mnn"", ""canonical_components"": [], ""url"": ""https://uteka.ru/product/aciklovir-forte-alium-376952/"", ""title"": ""Ацикловир Форте-Алиум, 400 мг, табл, 20 шт."", ""match_status"": ""rejected"", ""match_score"": 0.35, ""source_class"": ""product_card"", ""parse_warnings"": []}, {""source"": ""apteka"", ""raw_mnn"": ""Ацикловир"", ""field_type"": ""explicit_mnn"", ""canonical_components"": [], ""url"": ""https://apteka.ru/product/acziklovir-forte-alium-400-mg-20-sht-tabletki-619df00edb0cd3f82672d1c4/"", ""title"": ""acziklovir forte alium 400 mg 20 sht tabletki"", ""match_status"": ""rejected"", ""match_score"": -0.9, ""source_class"": ""product_card"", ""parse_warnings"": []}, {""source"": ""asna"", ""raw_mnn"": ""Ривароксабан"", ""field_type"": ""explicit_mnn"", ""canonical_components"": [], ""url"": ""https://www.asna.ru/cards/rivaroksaban_20mg_n28_tab_pokrytye_plenochnoy_obolochkoy_alium_ao.html"", ""title"": ""/cards/rivaroksaban_20mg_n28_tab_pokrytye_plenochnoy_obolochkoy_alium_ao.html"", ""match_status"": ""rejected"", ""match_score"": -0.25, ""source_class"": ""product_card"", ""parse_warnings"": []}, {""source"": ""vidal"", ""raw_mnn"": ""Албендазол"", ""field_type"": ""explicit_mnn"", ""canonical_components"": [], ""url"": ""https://www.vidal.ru/drugs/albendazole-alium"", ""title"": ""Албендазол-Алиум"", ""match_status"": ""ambiguous"", ""match_score"": 0.5, ""source_class"": ""product_card"", ""parse_warnings"": []}, {""source"": ""stolichki"", ""raw_mnn"": null, ""field_type"": ""unknown"", ""canonical_components"": [], ""url"": null, ""title"": null, ""match_status"": ""ambiguous"", ""match_score"": 0.0, ""source_class"": ""search_only"", ""parse_warnings"": []}]"
88,ГЕСПЕРИДИН+ДИОСМИН 100мг+900мг N30 таб. покрытые пленочной оболочкой Алиум АО | Алиум АО | Алиум АО | N30,drug,Диосмин+Гесперидин,otc,Гесперидин,weak,low,multi_substance_or_herbal_hint,0,2,3,,[],,unresolved_catalog,weak_explicit_soft_signal_only,unknown,unknown,,,false,,unresolved,true,catalog_accept_removed,"[{""source"": ""apteka"", ""url"": ""https://apteka.ru/product/albendazol-alium-400-mg-1-sht-tabletki-pokrytye-plenochnoj-obolochkoj-6253fedaa663fc06446aea5e/"", ""title"": ""albendazol alium 400 mg 1 sht tabletki pokrytye plenochnoj obolochkoj"", ""raw_mnn"": ""Албендазол"", ""mnn"": ""Албендазол"", ""raw_rx_otc"": ""rx"", ""field_type"": ""explicit_mnn"", ""source_class"": ""product_card"", ""card_fetched"": true, ""fetched_at"": ""2026-08-13T19:22:24+00:00"", ""http_status"": 0, ""parser_version"": ""mnn_source_identity_v1"", ""query"": ""Алиум 100мг+900мг таблетки"", ""matched_brand"": null, ""matched_form"": null, ""matched_dosage"": null, ""matched_pack"": null, ""serp_match_score"": 0.775, ""error"": null, ""match_status"": ""rejected"", ""match_score"": -0.9, ""match_reasons"": [""brand_title_conflict:-0.60"", ""dose_conflict:-0.30""], ""match_axes"": [], ""hard_contradiction"": true, ""matched_product_title"": ""albendazol alium 400 mg 1 sht tabletki pokrytye plenochnoj obolochkoj""}, {""source"": ""asna"", ""url"": ""https://www.asna.ru/cards/lorotritsin-alium_n12_tab_drassasyvaniya_alium_ao.html"", ""title"": ""/cards/lorotritsin-alium_n12_tab_drassasyvaniya_alium_ao.html"", ""raw_mnn"": ""Бензалкония хлорид + Бензокаин + Тиротрицин"", ""mnn"": ""Бензалкония хлорид + Бензокаин + Тиротрицин"", ""raw_rx_otc"": ""otc"", ""field_type"": ""explicit_mnn"", ""source_class"": ""product_card"", ""card_fetched"": true, ""fetched_at"": ""2026-08-13T19:22:24+00:00"", ""http_status"": 0, ""parser_version"": ""mnn_source_identity_v1"", ""query"": ""Алиум 100мг+900мг таблетки"", ""matched_brand"": null, ""matched_form"": null, ""matched_dosage"": null, ""matched_pack"": null, ""serp_match_score"": 0.4, ""error"": null, ""match_status"": ""rejected"", ""match_score"": -0.45, ""match_reasons"": [""brand_title_conflict:-0.60"", ""dose_card_unknown"", ""form_match:+0.15""], ""match_axes"": [""form""], ""hard_contradiction"": true, ""matched_product_title"": ""/cards/lorotritsin-alium_n12_tab_drassasyvaniya_alium_ao.html""}]",[],"[{""source"": ""apteka"", ""raw_mnn"": ""Албендазол"", ""field_type"": ""explicit_mnn"", ""canonical_components"": [], ""url"": ""https://apteka.ru/product/albendazol-alium-400-mg-1-sht-tabletki-pokrytye-plenochnoj-obolochkoj-6253fedaa663fc06446aea5e/"", ""title"": ""albendazol alium 400 mg 1 sht tabletki pokrytye plenochnoj obolochkoj"", ""match_status"": ""rejected"", ""match_score"": -0.9, ""source_class"": ""product_card"", ""parse_warnings"": []}, {""source"": ""asna"", ""raw_mnn"": ""Бензалкония хлорид + Бензокаин + Тиротрицин"", ""field_type"": ""explicit_mnn"", ""canonical_components"": [], ""url"": ""https://www.asna.ru/cards/lorotritsin-alium_n12_tab_drassasyvaniya_alium_ao.html"", ""title"": ""/cards/lorotritsin-alium_n12_tab_drassasyvaniya_alium_ao.html"", ""match_status"": ""rejected"", ""match_score"": -0.45, ""source_class"": ""product_card"", ""parse_warnings"": []}, {""source"": ""uteka"", ""raw_mnn"": null, ""field_type"": ""unknown"", ""canonical_components"": [], ""url"": null, ""title"": null, ""match_status"": ""ambiguous"", ""match_score"": 0.0, ""source_class"": ""search_only"", ""parse_warnings"": []}, {""source"": ""vidal"", ""raw_mnn"": ""Албендазол"", ""field_type"": ""explicit_mnn"", ""canonical_components"": [], ""url"": ""https://www.vidal.ru/drugs/albendazole-alium"", ""title"": ""Албендазол-Алиум"", ""match_status"": ""ambiguous"", ""match_score"": 0.5, ""source_class"": ""product_card"", ""parse_warnings"": []}, {""source"": ""stolichki"", ""raw_mnn"": null, ""field_type"": ""unknown"", ""canonical_components"": [], ""url"": null, ""title"": null, ""match_status"": ""ambiguous"", ""match_score"": 0.0, ""source_class"": ""search_only"", ""parse_warnings"": []}]"
92,ДИНАМИКО ЛОНГ 20мг N8 таб. покрытые пленочной оболочкой Тева Фармацевтические Предприятия Лтд | Тева Фармацевтические Предприятия Лтд. | Тева Фармацевтические Предприятия Лтд. | N8,drug,,rx,,none,none,no_known_inn_token,1,2,2,,[],,unresolved_catalog,single_source,unknown,unknown,,,false,,unresolved,true,catalog_accept_removed,"[{""source"": ""apteka"", ""url"": ""https://apteka.ru/product/dinamiko-long-20-mg-4-sht-tabletki-pokrytye-plenochnoj-obolochkoj-62f3b2017406fca377430b66/"", ""title"": ""dinamiko long 20 mg 4 sht tabletki pokrytye plenochnoj obolochkoj"", ""raw_mnn"": ""Тадалафил"", ""mnn"": ""Тадалафил"", ""raw_rx_otc"": ""rx"", ""field_type"": ""explicit_mnn"", ""source_class"": ""product_card"", ""card_fetched"": true, ""fetched_at"": ""2026-08-13T19:22:28+00:00"", ""http_status"": 0, ""parser_version"": ""mnn_source_identity_v1"", ""query"": ""Динамико Лонг 20 мг таблетки"", ""matched_brand"": null, ""matched_form"": null, ""matched_dosage"": null, ""matched_pack"": null, ""serp_match_score"": 0.45, ""error"": null, ""match_status"": ""rejected"", ""match_score"": -0.4, ""match_reasons"": [""brand_title_conflict:-0.60"", ""dose_match:+0.20""], ""match_axes"": [""dose""], ""hard_contradiction"": true, ""matched_product_title"": ""dinamiko long 20 mg 4 sht tabletki pokrytye plenochnoj obolochkoj""}, {""source"": ""asna"", ""url"": ""https://www.asna.ru/cards/dinamiko_long_5mg_n28_tab_pokrytye_plenochnoy_obolochkoy_teva_farmatsevticheskie_predpriyatiya_ltd.html"", ""title"": ""/cards/dinamiko_long_5mg_n28_tab_pokrytye_plenochnoy_obolochkoy_teva_farmatsevticheskie_predpriyatiya_ltd.html"", ""raw_mnn"": ""Тадалафил"", ""mnn"": ""Тадалафил"", ""raw_rx_otc"": ""rx"", ""field_type"": ""explicit_mnn"", ""source_class"": ""product_card"", ""card_fetched"": true, ""fetched_at"": ""2026-08-13T19:22:27+00:00"", ""http_status"": 0, ""parser_version"": ""mnn_source_identity_v1"", ""query"": ""Динамико Лонг 20 мг таблетки"", ""matched_brand"": null, ""matched_form"": null, ""matched_dosage"": null, ""matched_pack"": null, ""serp_match_score"": 0.4, ""error"": null, ""match_status"": ""rejected"", ""match_score"": -0.75, ""match_reasons"": [""brand_title_conflict:-0.60"", ""dose_conflict:-0.30"", ""form_match:+0.15""], ""match_axes"": [""form""], ""hard_contradiction"": true, ""matched_product_title"": ""/cards/dinamiko_long_5mg_n28_tab_pokrytye_plenochnoy_obolochkoy_teva_farmatsevticheskie_predpriyatiya_ltd.html""}]","[{""source"": ""uteka"", ""url"": ""https://uteka.ru/product/dinamiko-long-358564/"", ""title"": ""Динамико Лонг, 20 мг, табл. п.п.о, 1 шт."", ""raw_mnn"": ""Тадалафил"", ""mnn"": ""Тадалафил"", ""raw_rx_otc"": ""rx"", ""field_type"": ""explicit_mnn"", ""source_class"": ""product_card"", ""card_fetched"": true, ""fetched_at"": ""2026-08-13T19:22:27+00:00"", ""http_status"": 0, ""parser_version"": ""mnn_source_identity_v1"", ""query"": ""Динамико Лонг 20 мг таблетки"", ""matched_brand"": null, ""matched_form"": ""таблетки"", ""matched_dosage"": ""20мг"", ""matched_pack"": ""1"", ""serp_match_score"": 1.0, ""error"": null, ""match_status"": ""accepted"", ""match_score"": 0.85, ""match_reasons"": [""brand_title_match:+0.50"", ""dose_match:+0.20"", ""form_match:+0.15""], ""match_axes"": [""brand_title"", ""dose"", ""form""], ""hard_contradiction"": false, ""matched_product_title"": ""Динамико Лонг, 20 мг, табл. п.п.о, 1 шт.""}]","[{""source"": ""uteka"", ""raw_mnn"": ""Тадалафил"", ""field_type"": ""explicit_mnn"", ""canonical_components"": [""Тадалафил""], ""url"": ""https://uteka.ru/product/dinamiko-long-358564/"", ""title"": ""Динамико Лонг, 20 мг, табл. п.п.о, 1 шт."", ""match_status"": ""accepted"", ""match_score"": 0.85, ""source_class"": ""product_card"", ""parse_warnings"": []}, {""source"": ""apteka"", ""raw_mnn"": ""Тадалафил"", ""field_type"": ""explicit_mnn"", ""canonical_components"": [], ""url"": ""https://apteka.ru/product/dinamiko-long-20-mg-4-sht-tabletki-pokrytye-plenochnoj-obolochkoj-62f3b2017406fca377430b66/"", ""title"": ""dinamiko long 20 mg 4 sht tabletki pokrytye plenochnoj obolochkoj"", ""match_status"": ""rejected"", ""match_score"": -0.4, ""source_class"": ""product_card"", ""parse_warnings"": []}, {""source"": ""asna"", ""raw_mnn"": ""Тадалафил"", ""field_type"": ""explicit_mnn"", ""canonical_components"": [], ""url"": ""https://www.asna.ru/cards/dinamiko_long_5mg_n28_tab_pokrytye_plenochnoy_obolochkoy_teva_farmatsevticheskie_predpriyatiya_ltd.html"", ""title"": ""/cards/dinamiko_long_5mg_n28_tab_pokrytye_plenochnoy_obolochkoy_teva_farmatsevticheskie_predpriyatiya_ltd.html"", ""match_status"": ""rejected"", ""match_score"": -0.75, ""source_class"": ""product_card"", ""parse_warnings"": []}, {""source"": ""vidal"", ""raw_mnn"": ""Тадалафил"", ""field_type"": ""explicit_mnn"", ""canonical_components"": [], ""url"": ""https://www.vidal.ru/drugs/dinamiko-long-3"", ""title"": ""Динамико Лонг"", ""match_status"": ""ambiguous"", ""match_score"": 0.5, ""source_class"": ""product_card"", ""parse_warnings"": []}, {""source"": ""stolichki"", ""raw_mnn"": null, ""field_type"": ""unknown"", ""canonical_components"": [], ""url"": null, ""title"": null, ""match_status"": ""ambiguous"", ""match_score"": 0.0, ""source_class"": ""search_only"", ""parse_warnings"": []}]"
249,ОСТЕОМЕД таб. N60 Парафарм | Парафарм ООО | Парафарм ООО | N60,drug,,otc,,none,none,no_known_inn_token,2,0,3,,[],,unresolved_catalog,empty,unknown,unknown,,ok,false,,unresolved,true,method_changed,[],"[{""source"": ""uteka"", ""url"": ""https://uteka.ru/product/osteomed-forte-259057/"", ""title"": ""Остеомед форте, табл, 60 шт."", ""raw_mnn"": null, ""mnn"": null, ""raw_rx_otc"": null, ""field_type"": ""unknown"", ""source_class"": ""product_card"", ""card_fetched"": true, ""fetched_at"": ""2026-08-13T19:22:30+00:00"", ""http_status"": 0, ""parser_version"": ""mnn_source_identity_v1"", ""query"": ""Остеомед таблетки"", ""matched_brand"": null, ""matched_form"": ""таблетки"", ""matched_dosage"": null, ""matched_pack"": ""60"", ""serp_match_score"": 0.95, ""error"": null, ""match_status"": ""accepted"", ""match_score"": 0.65, ""match_reasons"": [""brand_title_match:+0.50"", ""form_match:+0.15""], ""match_axes"": [""brand_title"", ""form""], ""hard_contradiction"": false, ""matched_product_title"": ""Остеомед форте, табл, 60 шт.""}, {""source"": ""asna"", ""url"": ""https://www.asna.ru/cards/osteomed_forte_tab_n60_parafarm.html"", ""title"": ""/cards/osteomed_forte_tab_n60_parafarm.html"", ""raw_mnn"": null, ""mnn"": null, ""raw_rx_otc"": ""otc"", ""field_type"": ""unknown"", ""source_class"": ""product_card"", ""card_fetched"": true, ""fetched_at"": ""2026-08-13T19:22:31+00:00"", ""http_status"": 0, ""parser_version"": ""mnn_source_identity_v1"", ""query"": ""Остеомед таблетки"", ""matched_brand"": null, ""matched_form"": null, ""matched_dosage"": null, ""matched_pack"": null, ""serp_match_score"": 0.4, ""error"": null, ""match_status"": ""accepted"", ""match_score"": 0.65, ""match_reasons"": [""brand_title_match:+0.50"", ""form_match:+0.15""], ""match_axes"": [""brand_title"", ""form""], ""hard_contradiction"": false, ""matched_product_title"": ""/cards/osteomed_forte_tab_n60_parafarm.html""}]","[{""source"": ""uteka"", ""raw_mnn"": null, ""field_type"": ""unknown"", ""canonical_components"": [], ""url"": ""https://uteka.ru/product/osteomed-forte-259057/"", ""title"": ""Остеомед форте, табл, 60 шт."", ""match_status"": ""accepted"", ""match_score"": 0.65, ""source_class"": ""product_card"", ""parse_warnings"": []}, {""source"": ""asna"", ""raw_mnn"": null, ""field_type"": ""unknown"", ""canonical_components"": [], ""url"": ""https://www.asna.ru/cards/osteomed_forte_tab_n60_parafarm.html"", ""title"": ""/cards/osteomed_forte_tab_n60_parafarm.html"", ""match_status"": ""accepted"", ""match_score"": 0.65, ""source_class"": ""product_card"", ""parse_warnings"": []}, {""source"": ""apteka"", ""raw_mnn"": null, ""field_type"": ""unknown"", ""canonical_components"": [], ""url"": null, ""title"": null, ""match_status"": ""ambiguous"", ""match_score"": 0.0, ""source_class"": ""search_only"", ""parse_warnings"": []}, {""source"": ""vidal"", ""raw_mnn"": null, ""field_type"": ""unknown"", ""canonical_components"": [], ""url"": ""https://www.vidal.ru/drugs/osteomed"", ""title"": ""Остеомед"", ""match_status"": ""ambiguous"", ""match_score"": 0.5, ""source_class"": ""product_card"", ""parse_warnings"": []}, {""source"": ""stolichki"", ""raw_mnn"": null, ""field_type"": ""unknown"", ""canonical_components"": [], ""url"": null, ""title"": null, ""match_status"": ""ambiguous"", ""match_score"": 0.0, ""source_class"": ""search_only"", ""parse_warnings"": []}]"
354,"ЭХИНАЦЕИ ПУРПУРНОЙ ТРАВА 1,5Г Ф/П №20 ИВАН ЧАЙ | ИВАН-ЧАЙ ЗАО | ИВАН-ЧАЙ ЗАО",drug,,otc,,none,none,no_known_inn_token,1,2,2,,[],,resolved_enrichment,empty,unknown,unknown,Эхинацеи пурпурной трава,ok,true,Эхинацеи пурпурной трава,enrichment,false,sources_rejected_same_final,"[{""source"": ""apteka"", ""url"": ""https://apteka.ru/product/kiprej-uzkolistnyj-ivan-chaj-1-gr-20-sht-filtr-pakety-nasledie-prirody-5e3269a065b5ab0001651ccc/"", ""title"": ""kiprej uzkolistnyj ivan chaj 1 gr 20 sht filtr pakety nasledie prirody"", ""raw_mnn"": ""Иван-чай (Кипрей)"", ""mnn"": ""Иван-чай (Кипрей)"", ""raw_rx_otc"": null, ""field_type"": ""explicit_mnn"", ""source_class"": ""product_card"", ""card_fetched"": true, ""fetched_at"": ""2026-08-13T19:22:36+00:00"", ""http_status"": 0, ""parser_version"": ""mnn_source_identity_v1"", ""query"": ""Иван-Чай 1,5 г фильтр-пакеты"", ""matched_brand"": null, ""matched_form"": null, ""matched_dosage"": null, ""matched_pack"": null, ""serp_match_score"": 0.2571, ""error"": null, ""match_status"": ""rejected"", ""match_score"": -0.6, ""match_reasons"": [""brand_title_conflict:-0.60"", ""dose_card_unknown""], ""match_axes"": [], ""hard_contradiction"": true, ""matched_product_title"": ""kiprej uzkolistnyj ivan chaj 1 gr 20 sht filtr pakety nasledie prirody""}, {""source"": ""asna"", ""url"": ""https://www.asna.ru/cards/ekhinatseya_trava_n20_fp_ivan-chay.html"", ""title"": ""/cards/ekhinatseya_trava_n20_fp_ivan-chay.html"", ""raw_mnn"": ""Эхинацеи трава"", ""mnn"": ""Эхинацеи трава"", ""raw_rx_otc"": ""otc"", ""field_type"": ""explicit_mnn"", ""source_class"": ""product_card"", ""card_fetched"": true, ""fetched_at"": ""2026-08-13T19:22:35+00:00"", ""http_status"": 0, ""parser_version"": ""mnn_source_identity_v1"", ""query"": ""Иван-Чай 1,5 г фильтр-пакеты"", ""matched_brand"": null, ""matched_form"": null, ""matched_dosage"": null, ""matched_pack"": null, ""serp_match_score"": 0.4, ""error"": null, ""match_status"": ""rejected"", ""match_score"": -0.6, ""match_reasons"": [""brand_title_conflict:-0.60"", ""dose_card_unknown""], ""match_axes"": [], ""hard_contradiction"": true, ""matched_product_title"": ""/cards/ekhinatseya_trava_n20_fp_ivan-chay.html""}]","[{""source"": ""uteka"", ""url"": ""https://uteka.ru/product/ivan-chay-378344/"", ""title"": ""Иван-чай, фиточай, 1.5 г, 20 шт."", ""raw_mnn"": null, ""mnn"": null, ""raw_rx_otc"": null, ""field_type"": ""unknown"", ""source_class"": ""product_card"", ""card_fetched"": true, ""fetched_at"": ""2026-08-13T19:22:33+00:00"", ""http_status"": 0, ""parser_version"": ""mnn_source_identity_v1"", ""query"": ""Иван-Чай 1,5 г"", ""matched_brand"": null, ""matched_form"": null, ""matched_dosage"": ""1.5г"", ""matched_pack"": ""20"", ""serp_match_score"": 1.0, ""error"": null, ""match_status"": ""accepted"", ""match_score"": 0.7, ""match_reasons"": [""brand_title_match:+0.50"", ""dose_match:+0.20""], ""match_axes"": [""brand_title"", ""dose""], ""hard_contradiction"": false, ""matched_product_title"": ""Иван-чай, фиточай, 1.5 г, 20 шт.""}]","[{""source"": ""uteka"", ""raw_mnn"": null, ""field_type"": ""unknown"", ""canonical_components"": [], ""url"": ""https://uteka.ru/product/ivan-chay-378344/"", ""title"": ""Иван-чай, фиточай, 1.5 г, 20 шт."", ""match_status"": ""accepted"", ""match_score"": 0.7, ""source_class"": ""product_card"", ""parse_warnings"": []}, {""source"": ""apteka"", ""raw_mnn"": ""Иван-чай (Кипрей)"", ""field_type"": ""explicit_mnn"", ""canonical_components"": [], ""url"": ""https://apteka.ru/product/kiprej-uzkolistnyj-ivan-chaj-1-gr-20-sht-filtr-pakety-nasledie-prirody-5e3269a065b5ab0001651ccc/"", ""title"": ""kiprej uzkolistnyj ivan chaj 1 gr 20 sht filtr pakety nasledie prirody"", ""match_status"": ""rejected"", ""match_score"": -0.6, ""source_class"": ""product_card"", ""parse_warnings"": []}, {""source"": ""asna"", ""raw_mnn"": ""Эхинацеи трава"", ""field_type"": ""explicit_mnn"", ""canonical_components"": [], ""url"": ""https://www.asna.ru/cards/ekhinatseya_trava_n20_fp_ivan-chay.html"", ""title"": ""/cards/ekhinatseya_trava_n20_fp_ivan-chay.html"", ""match_status"": ""rejected"", ""match_score"": -0.6, ""source_class"": ""product_card"", ""parse_warnings"": []}, {""source"": ""vidal"", ""raw_mnn"": null, ""field_type"": ""unknown"", ""canonical_components"": [], ""url"": ""https://www.vidal.ru/drugs/products"", ""title"": ""По алфавиту"", ""match_status"": ""ambiguous"", ""match_score"": 0.0, ""source_class"": ""search_only"", ""parse_warnings"": []}, {""source"": ""stolichki"", ""raw_mnn"": null, ""field_type"": ""unknown"", ""canonical_components"": [], ""url"": null, ""title"": null, ""match_status"": ""ambiguous"", ""match_score"": 0.0, ""source_class"": ""search_only"", ""parse_warnings"": []}]"
456,"ЭТОРИАКС ТАБЛ. П/ПЛЕН/ОБ. 60МГ №14 | КРКА, Д.Д., НОВО МЕСТО АО | КРКА, Д.Д., НОВО МЕСТО АО",drug,Эторикоксиб,rx,,none,none,no_known_inn_token,1,2,2,,[],,unresolved_catalog,single_source,unknown,unknown,,,false,,unresolved,true,catalog_accept_removed,"[{""source"": ""apteka"", ""url"": ""https://apteka.ru/product/etoriaks-60-mg-14-sht-tabletki-pokrytye-plenochnoj-obolochkoj-5e32722df5a9ae000140cec0/"", ""title"": ""etoriaks 60 mg 14 sht tabletki pokrytye plenochnoj obolochkoj"", ""raw_mnn"": ""Эторикоксиб"", ""mnn"": ""Эторикоксиб"", ""raw_rx_otc"": ""rx"", ""field_type"": ""explicit_mnn"", ""source_class"": ""product_card"", ""card_fetched"": true, ""fetched_at"": ""2026-08-13T19:22:42+00:00"", ""http_status"": 0, ""parser_version"": ""mnn_source_identity_v1"", ""query"": ""Эториакс 60 мг таблетки"", ""matched_brand"": null, ""matched_form"": null, ""matched_dosage"": null, ""matched_pack"": null, ""serp_match_score"": 1.0, ""error"": null, ""match_status"": ""rejected"", ""match_score"": -0.4, ""match_reasons"": [""brand_title_conflict:-0.60"", ""dose_match:+0.20""], ""match_axes"": [""dose""], ""hard_contradiction"": true, ""matched_product_title"": ""etoriaks 60 mg 14 sht tabletki pokrytye plenochnoj obolochkoj""}, {""source"": ""asna"", ""url"": ""https://www.asna.ru/cards/etoriaks_90mg_n7_tab_pokrytye_plenochnoy_obolochkoy_krka_dd_novo_mesto.html"", ""title"": ""/cards/etoriaks_90mg_n7_tab_pokrytye_plenochnoy_obolochkoy_krka_dd_novo_mesto.html"", ""raw_mnn"": ""Эторикоксиб"", ""mnn"": ""Эторикоксиб"", ""raw_rx_otc"": ""rx"", ""field_type"": ""explicit_mnn"", ""source_class"": ""product_card"", ""card_fetched"": true, ""fetched_at"": ""2026-08-13T19:22:41+00:00"", ""http_status"": 0, ""parser_version"": ""mnn_source_identity_v1"", ""query"": ""Эториакс 60 мг таблетки"", ""matched_brand"": null, ""matched_form"": null, ""matched_dosage"": null, ""matched_pack"": null, ""serp_match_score"": 0.4, ""error"": null, ""match_status"": ""rejected"", ""match_score"": -0.75, ""match_reasons"": [""brand_title_conflict:-0.60"", ""dose_conflict:-0.30"", ""form_match:+0.15""], ""match_axes"": [""form""], ""hard_contradiction"": true, ""matched_product_title"": ""/cards/etoriaks_90mg_n7_tab_pokrytye_plenochnoy_obolochkoy_krka_dd_novo_mesto.html""}]","[{""source"": ""uteka"", ""url"": ""https://uteka.ru/product/etoriaks-363994/"", ""title"": ""Эториакс, 60 мг, табл. п.п.о, 14 шт."", ""raw_mnn"": ""Эторикоксиб"", ""mnn"": ""Эторикоксиб"", ""raw_rx_otc"": ""rx"", ""field_type"": ""explicit_mnn"", ""source_class"": ""product_card"", ""card_fetched"": true, ""fetched_at"": ""2026-08-13T19:22:40+00:00"", ""http_status"": 0, ""parser_version"": ""mnn_source_identity_v1"", ""query"": ""Эториакс 60 мг таблетки"", ""matched_brand"": null, ""matched_form"": ""таблетки"", ""matched_dosage"": ""60мг"", ""matched_pack"": ""14"", ""serp_match_score"": 1.0, ""error"": null, ""match_status"": ""accepted"", ""match_score"": 0.85, ""match_reasons"": [""brand_title_match:+0.50"", ""dose_match:+0.20"", ""form_match:+0.15""], ""match_axes"": [""brand_title"", ""dose"", ""form""], ""hard_contradiction"": false, ""matched_product_title"": ""Эториакс, 60 мг, табл. п.п.о, 14 шт.""}]","[{""source"": ""uteka"", ""raw_mnn"": ""Эторикоксиб"", ""field_type"": ""explicit_mnn"", ""canonical_components"": [""Эторикоксиб""], ""url"": ""https://uteka.ru/product/etoriaks-363994/"", ""title"": ""Эториакс, 60 мг, табл. п.п.о, 14 шт."", ""match_status"": ""accepted"", ""match_score"": 0.85, ""source_class"": ""product_card"", ""parse_warnings"": []}, {""source"": ""apteka"", ""raw_mnn"": ""Эторикоксиб"", ""field_type"": ""explicit_mnn"", ""canonical_components"": [], ""url"": ""https://apteka.ru/product/etoriaks-60-mg-14-sht-tabletki-pokrytye-plenochnoj-obolochkoj-5e32722df5a9ae000140cec0/"", ""title"": ""etoriaks 60 mg 14 sht tabletki pokrytye plenochnoj obolochkoj"", ""match_status"": ""rejected"", ""match_score"": -0.4, ""source_class"": ""product_card"", ""parse_warnings"": []}, {""source"": ""asna"", ""raw_mnn"": ""Эторикоксиб"", ""field_type"": ""explicit_mnn"", ""canonical_components"": [], ""url"": ""https://www.asna.ru/cards/etoriaks_90mg_n7_tab_pokrytye_plenochnoy_obolochkoy_krka_dd_novo_mesto.html"", ""title"": ""/cards/etoriaks_90mg_n7_tab_pokrytye_plenochnoy_obolochkoy_krka_dd_novo_mesto.html"", ""match_status"": ""rejected"", ""match_score"": -0.75, ""source_class"": ""product_card"", ""parse_warnings"": []}, {""source"": ""vidal"", ""raw_mnn"": ""Эторикоксиб"", ""field_type"": ""explicit_mnn"", ""canonical_components"": [], ""url"": ""https://www.vidal.ru/drugs/etoriax-1"", ""title"": ""Эториакс"", ""match_status"": ""ambiguous"", ""match_score"": 0.5, ""source_class"": ""product_card"", ""parse_warnings"": []}, {""source"": ""stolichki"", ""raw_mnn"": null, ""field_type"": ""unknown"", ""canonical_components"": [], ""url"": null, ""title"": null, ""match_status"": ""ambiguous"", ""match_score"": 0.0, ""source_class"": ""search_only"", ""parse_warnings"": []}]"
486,ЭСЦИТАЛОПРАМ КАНОН ТАБЛ. П/ПЛЕН/ОБ. 20МГ №28 | КАНОНФАРМА ПРОДАКШН ЗАО | КАНОНФАРМА ПРОДАКШН ЗАО,drug,Эсциталопрам,rx,,none,none,no_known_inn_token,1,0,4,,[],,unresolved_catalog,single_source,unknown,unknown,,,false,,unresolved,true,catalog_accept_removed,[],"[{""source"": ""uteka"", ""url"": ""https://uteka.ru/product/escitalopram-kanon-380815/"", ""title"": ""Эсциталопрам Канон, 20 мг, табл. п.п.о, 28 шт."", ""raw_mnn"": ""Эсциталопрам"", ""mnn"": ""Эсциталопрам"", ""raw_rx_otc"": ""rx"", ""field_type"": ""explicit_mnn"", ""source_class"": ""product_card"", ""card_fetched"": true, ""fetched_at"": ""2026-08-13T19:22:43+00:00"", ""http_status"": 0, ""parser_version"": ""mnn_source_identity_v1"", ""query"": ""Эсциталопрам Канон 20 мг таблетки"", ""matched_brand"": null, ""matched_form"": ""таблетки"", ""matched_dosage"": ""20мг"", ""matched_pack"": ""28"", ""serp_match_score"": 1.0, ""error"": null, ""match_status"": ""accepted"", ""match_score"": 0.85, ""match_reasons"": [""brand_title_match:+0.50"", ""dose_match:+0.20"", ""form_match:+0.15""], ""match_axes"": [""brand_title"", ""dose"", ""form""], ""hard_contradiction"": false, ""matched_product_title"": ""Эсциталопрам Канон, 20 мг, табл. п.п.о, 28 шт.""}]","[{""source"": ""uteka"", ""raw_mnn"": ""Эсциталопрам"", ""field_type"": ""explicit_mnn"", ""canonical_components"": [""Эсциталопрам""], ""url"": ""https://uteka.ru/product/escitalopram-kanon-380815/"", ""title"": ""Эсциталопрам Канон, 20 мг, табл. п.п.о, 28 шт."", ""match_status"": ""accepted"", ""match_score"": 0.85, ""source_class"": ""product_card"", ""parse_warnings"": []}, {""source"": ""apteka"", ""raw_mnn"": null, ""field_type"": ""unknown"", ""canonical_components"": [], ""url"": null, ""title"": null, ""match_status"": ""ambiguous"", ""match_score"": 0.0, ""source_class"": ""search_only"", ""parse_warnings"": []}, {""source"": ""asna"", ""raw_mnn"": null, ""field_type"": ""unknown"", ""canonical_components"": [], ""url"": ""https://www.asna.ru/cards/estsitalopram_kanon_10mg_n28_tab_pokrytye_plenochnoy_obolochkoy_kanonfarma_prodakshn_zao.html"", ""title"": ""/cards/estsitalopram_kanon_10mg_n28_tab_pokrytye_plenochnoy_obolochkoy_kanonfarma_prodakshn_zao.html"", ""match_status"": ""ambiguous"", ""match_score"": 0.0, ""source_class"": ""search_only"", ""parse_warnings"": []}, {""source"": ""vidal"", ""raw_mnn"": ""Эсциталопрам"", ""field_type"": ""explicit_mnn"", ""canonical_components"": [], ""url"": ""https://www.vidal.ru/drugs/escitalopram-canon"", ""title"": ""Эсциталопрам Канон"", ""match_status"": ""ambiguous"", ""match_score"": 0.5, ""source_class"": ""product_card"", ""parse_warnings"": []}, {""source"": ""stolichki"", ""raw_mnn"": null, ""field_type"": ""unknown"", ""canonical_components"": [], ""url"": null, ""title"": null, ""match_status"": ""ambiguous"", ""match_score"": 0.0, ""source_class"": ""search_only"", ""parse_warnings"": []}]"
777,ЭНАЛАПРИЛ АЛЬФАКТИВ ТАБЛ. 20МГ №20 | ОЗОН ФАРМ ООО | ОЗОН ФАРМ ООО,drug,Эналаприл,rx,Эналаприл,strong,high,exact_normalized_text_token_start,0,2,3,,[],,resolved_input_explicit,empty,unknown,unknown,,,false,Эналаприл,input_explicit_mnn,false,catalog_accept_removed,"[{""source"": ""uteka"", ""url"": ""https://uteka.ru/product/enalapril-alfaktiv-426977/"", ""title"": ""Эналаприл Альфактив, 10 мг, табл, 20 шт."", ""raw_mnn"": ""Эналаприл"", ""mnn"": ""Эналаприл"", ""raw_rx_otc"": ""rx"", ""field_type"": ""explicit_mnn"", ""source_class"": ""product_card"", ""card_fetched"": true, ""fetched_at"": ""2026-08-13T19:22:47+00:00"", ""http_status"": 0, ""parser_version"": ""mnn_source_identity_v1"", ""query"": ""ЭНАЛАПРИЛ АЛЬФАКТИВ 20 мг таблетки"", ""matched_brand"": null, ""matched_form"": ""таблетки"", ""matched_dosage"": ""10мг"", ""matched_pack"": ""20"", ""serp_match_score"": 0.9, ""error"": null, ""match_status"": ""rejected"", ""match_score"": 0.35, ""match_reasons"": [""brand_title_match:+0.50"", ""dose_conflict:-0.30"", ""form_match:+0.15""], ""match_axes"": [""brand_title"", ""form""], ""hard_contradiction"": true, ""matched_product_title"": ""Эналаприл Альфактив, 10 мг, табл, 20 шт.""}, {""source"": ""apteka"", ""url"": ""https://apteka.ru/product/enalapril-alfaktiv-10-mg-20-sht-tabletki-6818aceb8218b87792118b10/"", ""title"": ""enalapril alfaktiv 10 mg 20 sht tabletki"", ""raw_mnn"": ""Эналаприл"", ""mnn"": ""Эналаприл"", ""raw_rx_otc"": ""rx"", ""field_type"": ""explicit_mnn"", ""source_class"": ""product_card"", ""card_fetched"": true, ""fetched_at"": ""2026-08-13T19:22:49+00:00"", ""http_status"": 0, ""parser_version"": ""mnn_source_identity_v1"", ""query"": ""ЭНАЛАПРИЛ АЛЬФАКТИВ 20 мг таблетки"", ""matched_brand"": null, ""matched_form"": null, ""matched_dosage"": null, ""matched_pack"": null, ""serp_match_score"": 0.45, ""error"": null, ""match_status"": ""rejected"", ""match_score"": -0.9, ""match_reasons"": [""brand_title_conflict:-0.60"", ""dose_conflict:-0.30""], ""match_axes"": [], ""hard_contradiction"": true, ""matched_product_title"": ""enalapril alfaktiv 10 mg 20 sht tabletki""}]",[],"[{""source"": ""uteka"", ""raw_mnn"": ""Эналаприл"", ""field_type"": ""explicit_mnn"", ""canonical_components"": [], ""url"": ""https://uteka.ru/product/enalapril-alfaktiv-426977/"", ""title"": ""Эналаприл Альфактив, 10 мг, табл, 20 шт."", ""match_status"": ""rejected"", ""match_score"": 0.35, ""source_class"": ""product_card"", ""parse_warnings"": []}, {""source"": ""apteka"", ""raw_mnn"": ""Эналаприл"", ""field_type"": ""explicit_mnn"", ""canonical_components"": [], ""url"": ""https://apteka.ru/product/enalapril-alfaktiv-10-mg-20-sht-tabletki-6818aceb8218b87792118b10/"", ""title"": ""enalapril alfaktiv 10 mg 20 sht tabletki"", ""match_status"": ""rejected"", ""match_score"": -0.9, ""source_class"": ""product_card"", ""parse_warnings"": []}, {""source"": ""asna"", ""raw_mnn"": null, ""field_type"": ""unknown"", ""canonical_components"": [], ""url"": ""https://www.asna.ru/cards/enalapril_alfaktiv_20mg_n20_tab_ozon_farm_ooo.html"", ""title"": ""/cards/enalapril_alfaktiv_20mg_n20_tab_ozon_farm_ooo.html"", ""match_status"": ""ambiguous"", ""match_score"": 0.0, ""source_class"": ""search_only"", ""parse_warnings"": []}, {""source"": ""vidal"", ""raw_mnn"": null, ""field_type"": ""unknown"", ""canonical_components"": [], ""url"": ""https://www.vidal.ru/drugs/products"", ""title"": ""По алфавиту"", ""match_status"": ""ambiguous"", ""match_score"": 0.0, ""source_class"": ""search_only"", ""parse_warnings"": []}, {""source"": ""stolichki"", ""raw_mnn"": null, ""field_type"": ""unknown"", ""canonical_components"": [], ""url"": null, ""title"": null, ""match_status"": ""ambiguous"", ""match_score"": 0.0, ""source_class"": ""search_only"", ""parse_warnings"": []}]"
844,ЭЛЬКАР Р-Р Д/ПРИЕМА ВНУТРЬ 300МГ/МЛ ФЛ. 25МЛ | ///ПИК-ФАРМА ЛЕК | ///ПИК-ФАРМА ЛЕК,drug,Левокарнитин,Без рецепта,,none,none,no_known_inn_token,1,2,2,,[],,unresolved_catalog,single_source,unknown,unknown,,,false,,unresolved,true,catalog_accept_removed,"[{""source"": ""apteka"", ""url"": ""https://apteka.ru/product/elkar-300-mgml-rastvor-dlya-priema-vnutr-25-ml-flakon-5e32765ff5a9ae000140eef3/"", ""title"": ""elkar 300 mgml rastvor dlya priema vnutr 25 ml flakon"", ""raw_mnn"": ""Левокарнитин"", ""mnn"": ""Левокарнитин"", ""raw_rx_otc"": null, ""field_type"": ""explicit_mnn"", ""source_class"": ""product_card"", ""card_fetched"": true, ""fetched_at"": ""2026-08-13T19:22:52+00:00"", ""http_status"": 0, ""parser_version"": ""mnn_source_identity_v1"", ""query"": ""Элькар 300 мг/мл раствор"", ""matched_brand"": null, ""matched_form"": null, ""matched_dosage"": null, ""matched_pack"": null, ""serp_match_score"": 0.91, ""error"": null, ""match_status"": ""rejected"", ""match_score"": -0.75, ""match_reasons"": [""brand_title_conflict:-0.60"", ""dose_conflict:-0.30"", ""form_match:+0.15""], ""match_axes"": [""form""], ""hard_contradiction"": true, ""matched_product_title"": ""elkar 300 mgml rastvor dlya priema vnutr 25 ml flakon""}, {""source"": ""asna"", ""url"": ""https://www.asna.ru/cards/elkar_30_100ml_r-r_pik-farma.html"", ""title"": ""/cards/elkar_30_100ml_r-r_pik-farma.html"", ""raw_mnn"": ""Левокарнитин"", ""mnn"": ""Левокарнитин"", ""raw_rx_otc"": ""otc"", ""field_type"": ""explicit_mnn"", ""source_class"": ""product_card"", ""card_fetched"": true, ""fetched_at"": ""2026-08-13T19:22:52+00:00"", ""http_status"": 0, ""parser_version"": ""mnn_source_identity_v1"", ""query"": ""Элькар 300 мг/мл раствор"", ""matched_brand"": null, ""matched_form"": null, ""matched_dosage"": null, ""matched_pack"": null, ""serp_match_score"": 0.4, ""error"": null, ""match_status"": ""rejected"", ""match_score"": -0.9, ""match_reasons"": [""brand_title_conflict:-0.60"", ""dose_conflict:-0.30""], ""match_axes"": [], ""hard_contradiction"": true, ""matched_product_title"": ""/cards/elkar_30_100ml_r-r_pik-farma.html""}]","[{""source"": ""uteka"", ""url"": ""https://uteka.ru/product/elkar-144361/"", ""title"": ""Элькар, 300 мг/мл, р-р д/пр. внутрь, 100 мл, 1 шт."", ""raw_mnn"": ""Левокарнитин"", ""mnn"": ""Левокарнитин"", ""raw_rx_otc"": ""otc"", ""field_type"": ""explicit_mnn"", ""source_class"": ""product_card"", ""card_fetched"": true, ""fetched_at"": ""2026-08-13T19:22:51+00:00"", ""http_status"": 0, ""parser_version"": ""mnn_source_identity_v1"", ""query"": ""Элькар 300 мг/мл раствор"", ""matched_brand"": null, ""matched_form"": ""раствор"", ""matched_dosage"": ""300мг"", ""matched_pack"": ""1"", ""serp_match_score"": 1.0, ""error"": null, ""match_status"": ""accepted"", ""match_score"": 0.85, ""match_reasons"": [""brand_title_match:+0.50"", ""dose_match:+0.20"", ""form_match:+0.15""], ""match_axes"": [""brand_title"", ""dose"", ""form""], ""hard_contradiction"": false, ""matched_product_title"": ""Элькар, 300 мг/мл, р-р д/пр. внутрь, 100 мл, 1 шт.""}]","[{""source"": ""uteka"", ""raw_mnn"": ""Левокарнитин"", ""field_type"": ""explicit_mnn"", ""canonical_components"": [""Левокарнитин""], ""url"": ""https://uteka.ru/product/elkar-144361/"", ""title"": ""Элькар, 300 мг/мл, р-р д/пр. внутрь, 100 мл, 1 шт."", ""match_status"": ""accepted"", ""match_score"": 0.85, ""source_class"": ""product_card"", ""parse_warnings"": []}, {""source"": ""apteka"", ""raw_mnn"": ""Левокарнитин"", ""field_type"": ""explicit_mnn"", ""canonical_components"": [], ""url"": ""https://apteka.ru/product/elkar-300-mgml-rastvor-dlya-priema-vnutr-25-ml-flakon-5e32765ff5a9ae000140eef3/"", ""title"": ""elkar 300 mgml rastvor dlya priema vnutr 25 ml flakon"", ""match_status"": ""rejected"", ""match_score"": -0.75, ""source_class"": ""product_card"", ""parse_warnings"": []}, {""source"": ""asna"", ""raw_mnn"": ""Левокарнитин"", ""field_type"": ""explicit_mnn"", ""canonical_components"": [], ""url"": ""https://www.asna.ru/cards/elkar_30_100ml_r-r_pik-farma.html"", ""title"": ""/cards/elkar_30_100ml_r-r_pik-farma.html"", ""match_status"": ""rejected"", ""match_score"": -0.9, ""source_class"": ""product_card"", ""parse_warnings"": []}, {""source"": ""vidal"", ""raw_mnn"": ""Левокарнитин"", ""field_type"": ""explicit_mnn"", ""canonical_components"": [], ""url"": ""https://www.vidal.ru/drugs/elcar__18344"", ""title"": ""Элькар"", ""match_status"": ""ambiguous"", ""match_score"": 0.5, ""source_class"": ""product_card"", ""parse_warnings"": []}, {""source"": ""stolichki"", ""raw_mnn"": null, ""field_type"": ""unknown"", ""canonical_components"": [], ""url"": null, ""title"": null, ""match_status"": ""ambiguous"", ""match_score"": 0.0, ""source_class"": ""search_only"", ""parse_warnings"": []}]"
884,"ЭЛИЦЕЯ КУ-ТАБ ТАБЛ. ДИСПЕРГ. В ПОЛОСТИ РТА 10МГ №56 | КРКА, Д.Д., НОВО МЕСТО АО | КРКА, Д.Д., НОВО МЕСТО АО",drug,,rx,,none,none,no_known_inn_token,1,0,4,,[],,unresolved_catalog,single_source,unknown,unknown,,,false,,unresolved,true,catalog_accept_removed,[],"[{""source"": ""uteka"", ""url"": ""https://uteka.ru/product/eliceya-231908/"", ""title"": ""Элицея, 10 мг, табл. п.п.о, 56 шт."", ""raw_mnn"": ""Эсциталопрам"", ""mnn"": ""Эсциталопрам"", ""raw_rx_otc"": ""rx"", ""field_type"": ""explicit_mnn"", ""source_class"": ""product_card"", ""card_fetched"": true, ""fetched_at"": ""2026-08-13T19:22:54+00:00"", ""http_status"": 0, ""parser_version"": ""mnn_source_identity_v1"", ""query"": ""Элицея 10мг таблетки"", ""matched_brand"": null, ""matched_form"": ""таблетки"", ""matched_dosage"": ""10мг"", ""matched_pack"": ""56"", ""serp_match_score"": 0.7833, ""error"": null, ""match_status"": ""accepted"", ""match_score"": 0.85, ""match_reasons"": [""brand_title_match:+0.50"", ""dose_match:+0.20"", ""form_match:+0.15""], ""match_axes"": [""brand_title"", ""dose"", ""form""], ""hard_contradiction"": false, ""matched_product_title"": ""Элицея, 10 мг, табл. п.п.о, 56 шт.""}]","[{""source"": ""uteka"", ""raw_mnn"": ""Эсциталопрам"", ""field_type"": ""explicit_mnn"", ""canonical_components"": [""Эсциталопрам""], ""url"": ""https://uteka.ru/product/eliceya-231908/"", ""title"": ""Элицея, 10 мг, табл. п.п.о, 56 шт."", ""match_status"": ""accepted"", ""match_score"": 0.85, ""source_class"": ""product_card"", ""parse_warnings"": []}, {""source"": ""apteka"", ""raw_mnn"": null, ""field_type"": ""unknown"", ""canonical_components"": [], ""url"": null, ""title"": null, ""match_status"": ""ambiguous"", ""match_score"": 0.0, ""source_class"": ""search_only"", ""parse_warnings"": []}, {""source"": ""asna"", ""raw_mnn"": null, ""field_type"": ""unknown"", ""canonical_components"": [], ""url"": ""https://www.asna.ru/cards/elitseya_10mg_n56_tab_pokrytye_plenochnoy_obolochkoy_krka-rus.html"", ""title"": ""/cards/elitseya_10mg_n56_tab_pokrytye_plenochnoy_obolochkoy_krka-rus.html"", ""match_status"": ""ambiguous"", ""match_score"": 0.0, ""source_class"": ""search_only"", ""parse_warnings"": []}, {""source"": ""vidal"", ""raw_mnn"": ""Эсциталопрам"", ""field_type"": ""explicit_mnn"", ""canonical_components"": [], ""url"": ""https://www.vidal.ru/drugs/elicea__30433"", ""title"": ""Элицея"", ""match_status"": ""ambiguous"", ""match_score"": 0.5, ""source_class"": ""product_card"", ""parse_warnings"": []}, {""source"": ""stolichki"", ""raw_mnn"": null, ""field_type"": ""unknown"", ""canonical_components"": [], ""url"": null, ""title"": null, ""match_status"": ""ambiguous"", ""match_score"": 0.0, ""source_class"": ""search_only"", ""parse_warnings"": []}]"
1053,"ЭКЗОРОЛФИНЛАК ЛАК Д/НОГТЕЙ 5% ФЛ. 2,5МЛ | ПАУЛЬ В. БЕЙФЕРС ГМБХ | ПАУЛЬ В. БЕЙФЕРС ГМБХ",drug,Циклопирокс,rx,,none,none,no_known_inn_token,0,1,4,,[],,unresolved_catalog,empty,unknown,unknown,,,false,,unresolved,true,catalog_accept_removed,"[{""source"": ""uteka"", ""url"": ""https://uteka.ru/product/ekzorolfinlak-358514/"", ""title"": ""Экзоролфинлак, 5%, лак для ногтей, 2.5 мл, 1 шт."", ""raw_mnn"": ""Аморолфин"", ""mnn"": ""Аморолфин"", ""raw_rx_otc"": ""otc"", ""field_type"": ""explicit_mnn"", ""source_class"": ""product_card"", ""card_fetched"": true, ""fetched_at"": ""2026-08-13T19:22:58+00:00"", ""http_status"": 0, ""parser_version"": ""mnn_source_identity_v1"", ""query"": ""Экзоролфинлак 5%"", ""matched_brand"": null, ""matched_form"": null, ""matched_dosage"": ""2.5мл"", ""matched_pack"": ""1"", ""serp_match_score"": 1.0, ""error"": null, ""match_status"": ""rejected"", ""match_score"": 0.2, ""match_reasons"": [""brand_title_match:+0.50"", ""dose_conflict:-0.30""], ""match_axes"": [""brand_title""], ""hard_contradiction"": true, ""matched_product_title"": ""Экзоролфинлак, 5%, лак для ногтей, 2.5 мл, 1 шт.""}]",[],"[{""source"": ""uteka"", ""raw_mnn"": ""Аморолфин"", ""field_type"": ""explicit_mnn"", ""canonical_components"": [], ""url"": ""https://uteka.ru/product/ekzorolfinlak-358514/"", ""title"": ""Экзоролфинлак, 5%, лак для ногтей, 2.5 мл, 1 шт."", ""match_status"": ""rejected"", ""match_score"": 0.2, ""source_class"": ""product_card"", ""parse_warnings"": []}, {""source"": ""apteka"", ""raw_mnn"": null, ""field_type"": ""unknown"", ""canonical_components"": [], ""url"": null, ""title"": null, ""match_status"": ""ambiguous"", ""match_score"": 0.0, ""source_class"": ""search_only"", ""parse_warnings"": []}, {""source"": ""asna"", ""raw_mnn"": null, ""field_type"": ""unknown"", ""canonical_components"": [], ""url"": ""https://www.asna.ru/cards/fikseyd_eko_kotton_nabor_plastyrey_meditsinskikh_bakteritsidnykh_s_soderzhaniem_serebra_72mmkh19mm_n20_nordeplast_lsez.html"", ""title"": ""/cards/fikseyd_eko_kotton_nabor_plastyrey_meditsinskikh_bakteritsidnykh_s_soderzhaniem_serebra_72mmkh19mm_n20_nordeplast_lsez.html"", ""match_status"": ""ambiguous"", ""match_score"": 0.0, ""source_class"": ""search_only"", ""parse_warnings"": []}, {""source"": ""vidal"", ""raw_mnn"": ""Аморолфин"", ""field_type"": ""explicit_mnn"", ""canonical_components"": [], ""url"": ""https://www.vidal.ru/drugs/exorolfinlak"", ""title"": ""Экзоролфинлак"", ""match_status"": ""ambiguous"", ""match_score"": 0.5, ""source_class"": ""product_card"", ""parse_warnings"": []}, {""source"": ""stolichki"", ""raw_mnn"": null, ""field_type"": ""unknown"", ""canonical_components"": [], ""url"": null, ""title"": null, ""match_status"": ""ambiguous"", ""match_score"": 0.0, ""source_class"": ""search_only"", ""parse_warnings"": []}]"
1217,"ЭВКАЛИПТА ПРУТОВИДНОГО ЛИСТЬЯ Ф/П 1,5Г №20 ЗДОРОВЬЕ | ЗДОРОВЬЕ ФИРМА ООО | ЗДОРОВЬЕ ФИРМА ООО",drug,Эвкалипта прутовидного листьев,otc,,none,none,no_known_inn_token,1,2,2,,[],,resolved_enrichment,empty,unknown,unknown,Эвкалипта прутовидного листья,ok,true,Эвкалипта прутовидного листья,enrichment,false,sources_rejected_same_final,"[{""source"": ""apteka"", ""url"": ""https://apteka.ru/product/fitochaj-zdorovechernika-2-gr-20-sht-filtr-pakety-5e32723665b5ab0001655da0/"", ""title"": ""fitochaj zdorovechernika 2 gr 20 sht filtr pakety"", ""raw_mnn"": null, ""mnn"": null, ""raw_rx_otc"": null, ""field_type"": ""unknown"", ""source_class"": ""product_card"", ""card_fetched"": true, ""fetched_at"": ""2026-08-13T19:23:08+00:00"", ""http_status"": 0, ""parser_version"": ""mnn_source_identity_v1"", ""query"": ""Здоровье 1.5 г фильтр-пакеты"", ""matched_brand"": null, ""matched_form"": null, ""matched_dosage"": null, ""matched_pack"": null, ""serp_match_score"": 0.7, ""error"": null, ""match_status"": ""rejected"", ""match_score"": -0.6, ""match_reasons"": [""brand_title_conflict:-0.60"", ""dose_card_unknown""], ""match_axes"": [], ""hard_contradiction"": true, ""matched_product_title"": ""fitochaj zdorovechernika 2 gr 20 sht filtr pakety""}, {""source"": ""asna"", ""url"": ""https://www.asna.ru/cards/krapiva_listya_15g_n20_fp_zdorove.html"", ""title"": ""/cards/krapiva_listya_15g_n20_fp_zdorove.html"", ""raw_mnn"": ""Крапивы двудомной листья"", ""mnn"": ""Крапивы двудомной листья"", ""raw_rx_otc"": ""otc"", ""field_type"": ""explicit_mnn"", ""source_class"": ""product_card"", ""card_fetched"": true, ""fetched_at"": ""2026-08-13T19:23:06+00:00"", ""http_status"": 0, ""parser_version"": ""mnn_source_identity_v1"", ""query"": ""Здоровье 1.5 г фильтр-пакеты"", ""matched_brand"": null, ""matched_form"": null, ""matched_dosage"": null, ""matched_pack"": null, ""serp_match_score"": 0.4, ""error"": null, ""match_status"": ""rejected"", ""match_score"": -0.6, ""match_reasons"": [""brand_title_conflict:-0.60"", ""dose_card_unknown""], ""match_axes"": [], ""hard_contradiction"": true, ""matched_product_title"": ""/cards/krapiva_listya_15g_n20_fp_zdorove.html""}]","[{""source"": ""uteka"", ""url"": ""https://uteka.ru/product/m-zdorove-krapivi-listya-436042/"", ""title"": ""М Здоровье Крапивы листья, 1.5 г, 20 шт."", ""raw_mnn"": null, ""mnn"": null, ""raw_rx_otc"": null, ""field_type"": ""unknown"", ""source_class"": ""product_card"", ""card_fetched"": true, ""fetched_at"": ""2026-08-13T19:23:04+00:00"", ""http_status"": 0, ""parser_version"": ""mnn_source_identity_v1"", ""query"": ""Здоровье 1.5 г"", ""matched_brand"": null, ""matched_form"": null, ""matched_dosage"": ""1.5г"", ""matched_pack"": ""20"", ""serp_match_score"": 1.0, ""error"": null, ""match_status"": ""accepted"", ""match_score"": 0.7, ""match_reasons"": [""brand_title_match:+0.50"", ""dose_match:+0.20""], ""match_axes"": [""brand_title"", ""dose""], ""hard_contradiction"": false, ""matched_product_title"": ""М Здоровье Крапивы листья, 1.5 г, 20 шт.""}]","[{""source"": ""uteka"", ""raw_mnn"": null, ""field_type"": ""unknown"", ""canonical_components"": [], ""url"": ""https://uteka.ru/product/m-zdorove-krapivi-listya-436042/"", ""title"": ""М Здоровье Крапивы листья, 1.5 г, 20 шт."", ""match_status"": ""accepted"", ""match_score"": 0.7, ""source_class"": ""product_card"", ""parse_warnings"": []}, {""source"": ""apteka"", ""raw_mnn"": null, ""field_type"": ""unknown"", ""canonical_components"": [], ""url"": ""https://apteka.ru/product/fitochaj-zdorovechernika-2-gr-20-sht-filtr-pakety-5e32723665b5ab0001655da0/"", ""title"": ""fitochaj zdorovechernika 2 gr 20 sht filtr pakety"", ""match_status"": ""rejected"", ""match_score"": -0.6, ""source_class"": ""product_card"", ""parse_warnings"": []}, {""source"": ""asna"", ""raw_mnn"": ""Крапивы двудомной листья"", ""field_type"": ""explicit_mnn"", ""canonical_components"": [], ""url"": ""https://www.asna.ru/cards/krapiva_listya_15g_n20_fp_zdorove.html"", ""title"": ""/cards/krapiva_listya_15g_n20_fp_zdorove.html"", ""match_status"": ""rejected"", ""match_score"": -0.6, ""source_class"": ""product_card"", ""parse_warnings"": []}, {""source"": ""vidal"", ""raw_mnn"": null, ""field_type"": ""unknown"", ""canonical_components"": [], ""url"": ""https://www.vidal.ru/drugs/alphavit_mamino_zdorovie__38112"", ""title"": ""Алфавит Мамино Здоровье"", ""match_status"": ""ambiguous"", ""match_score"": 0.5, ""source_class"": ""product_card"", ""parse_warnings"": []}, {""source"": ""stolichki"", ""raw_mnn"": null, ""field_type"": ""unknown"", ""canonical_components"": [], ""url"": null, ""title"": null, ""match_status"": ""ambiguous"", ""match_score"": 0.0, ""source_class"": ""search_only"", ""parse_warnings"": []}]"
1638,ЧЕРЕДЫ ТРАВА 50Г ЗДОРОВЬЕ | ЗДОРОВЬЕ ФИРМА ООО | ЗДОРОВЬЕ ФИРМА ООО,drug,,otc,,none,none,no_known_inn_token,0,3,2,,[],,resolved_enrichment,empty,unknown,unknown,Череды трехраздельной трава,ok,true,Череды трехраздельной трава,enrichment,false,sources_rejected_same_final,"[{""source"": ""uteka"", ""url"": ""https://uteka.ru/product/magnit-zdorove-morskaya-voda-412238/"", ""title"": ""Магнит Здоровье Морская вода, спрей наз, 50 мл, 1 шт."", ""raw_mnn"": null, ""mnn"": null, ""raw_rx_otc"": null, ""field_type"": ""unknown"", ""source_class"": ""product_card"", ""card_fetched"": true, ""fetched_at"": ""2026-08-13T19:23:10+00:00"", ""http_status"": 0, ""parser_version"": ""mnn_source_identity_v1"", ""query"": ""ЗДОРОВЬЕ 50 г"", ""matched_brand"": null, ""matched_form"": ""спрей"", ""matched_dosage"": ""50мл"", ""matched_pack"": ""1"", ""serp_match_score"": 1.0, ""error"": null, ""match_status"": ""rejected"", ""match_score"": 0.2, ""match_reasons"": [""brand_title_match:+0.50"", ""dose_conflict:-0.30""], ""match_axes"": [""brand_title""], ""hard_contradiction"": true, ""matched_product_title"": ""Магнит Здоровье Морская вода, спрей наз, 50 мл, 1 шт.""}, {""source"": ""apteka"", ""url"": ""https://apteka.ru/product/akaviya-one-syvorotka-dlya-licza-omolazhivayushhaya-estestvennoe-siyanie-i-zdorove-kozhi-noch-12-sht-konczentrat-ampulyaktivator-50-ml-6470acc2386b3703ef00f9b5/"", ""title"": ""akaviya one syvorotka dlya licza omolazhivayushhaya estestvennoe siyanie i zdorove kozhi noch 12 sht konczentrat ampulyaktivator 50 ml"", ""raw_mnn"": null, ""mnn"": null, ""raw_rx_otc"": null, ""field_type"": ""unknown"", ""source_class"": ""product_card"", ""card_fetched"": true, ""fetched_at"": ""2026-08-13T19:23:10+00:00"", ""http_status"": 0, ""parser_version"": ""mnn_source_identity_v1"", ""query"": ""ЗДОРОВЬЕ 50 г"", ""matched_brand"": null, ""matched_form"": null, ""matched_dosage"": null, ""matched_pack"": null, ""serp_match_score"": 0.85, ""error"": null, ""match_status"": ""rejected"", ""match_score"": -0.9, ""match_reasons"": [""brand_title_conflict:-0.60"", ""dose_conflict:-0.30""], ""match_axes"": [], ""hard_contradiction"": true, ""matched_product_title"": ""akaviya one syvorotka dlya licza omolazhivayushhaya estestvennoe siyanie i zdorove kozhi noch 12 sht konczentrat ampulyaktivator 50 ml""}, {""source"": ""asna"", ""url"": ""https://www.asna.ru/cards/meksidol_forte_250_250mg_n40_tab_pokrytye_plenochnoy_obolochkoy_zio_zdorove_zao.html"", ""title"": ""/cards/meksidol_forte_250_250mg_n40_tab_pokrytye_plenochnoy_obolochkoy_zio_zdorove_zao.html"", ""raw_mnn"": ""Этилметилгидроксипиридина сукцинат"", ""mnn"": ""Этилметилгидроксипиридина сукцинат"", ""raw_rx_otc"": ""rx"", ""field_type"": ""explicit_mnn"", ""source_class"": ""product_card"", ""card_fetched"": true, ""fetched_at"": ""2026-08-13T19:23:10+00:00"", ""http_status"": 0, ""parser_version"": ""mnn_source_identity_v1"", ""query"": ""ЗДОРОВЬЕ 50 г"", ""matched_brand"": null, ""matched_form"": null, ""matched_dosage"": null, ""matched_pack"": null, ""serp_match_score"": 0.5, ""error"": null, ""match_status"": ""rejected"", ""match_score"": -0.9, ""match_reasons"": [""brand_title_conflict:-0.60"", ""dose_conflict:-0.30""], ""match_axes"": [], ""hard_contradiction"": true, ""matched_product_title"": ""/cards/meksidol_forte_250_250mg_n40_tab_pokrytye_plenochnoy_obolochkoy_zio_zdorove_zao.html""}]",[],"[{""source"": ""uteka"", ""raw_mnn"": null, ""field_type"": ""unknown"", ""canonical_components"": [], ""url"": ""https://uteka.ru/product/magnit-zdorove-morskaya-voda-412238/"", ""title"": ""Магнит Здоровье Морская вода, спрей наз, 50 мл, 1 шт."", ""match_status"": ""rejected"", ""match_score"": 0.2, ""source_class"": ""product_card"", ""parse_warnings"": []}, {""source"": ""apteka"", ""raw_mnn"": null, ""field_type"": ""unknown"", ""canonical_components"": [], ""url"": ""https://apteka.ru/product/akaviya-one-syvorotka-dlya-licza-omolazhivayushhaya-estestvennoe-siyanie-i-zdorove-kozhi-noch-12-sht-konczentrat-ampulyaktivator-50-ml-6470acc2386b3703ef00f9b5/"", ""title"": ""akaviya one syvorotka dlya licza omolazhivayushhaya estestvennoe siyanie i zdorove kozhi noch 12 sht konczentrat ampulyaktivator 50 ml"", ""match_status"": ""rejected"", ""match_score"": -0.9, ""source_class"": ""product_card"", ""parse_warnings"": []}, {""source"": ""asna"", ""raw_mnn"": ""Этилметилгидроксипиридина сукцинат"", ""field_type"": ""explicit_mnn"", ""canonical_components"": [], ""url"": ""https://www.asna.ru/cards/meksidol_forte_250_250mg_n40_tab_pokrytye_plenochnoy_obolochkoy_zio_zdorove_zao.html"", ""title"": ""/cards/meksidol_forte_250_250mg_n40_tab_pokrytye_plenochnoy_obolochkoy_zio_zdorove_zao.html"", ""match_status"": ""rejected"", ""match_score"": -0.9, ""source_class"": ""product_card"", ""parse_warnings"": []}, {""source"": ""vidal"", ""raw_mnn"": null, ""field_type"": ""unknown"", ""canonical_components"": [], ""url"": ""https://www.vidal.ru/drugs/alphavit_mamino_zdorovie__38112"", ""title"": ""Алфавит Мамино Здоровье"", ""match_status"": ""ambiguous"", ""match_score"": 0.5, ""source_class"": ""product_card"", ""parse_warnings"": []}, {""source"": ""stolichki"", ""raw_mnn"": null, ""field_type"": ""unknown"", ""canonical_components"": [], ""url"": null, ""title"": null, ""match_status"": ""ambiguous"", ""match_score"": 0.0, ""source_class"": ""search_only"", ""parse_warnings"": []}]"
1668,"ЧАБРЕЦА ТРАВА Ф/П 1,5Г №20 ЗДОРОВЬЕ | Здоровье фирма ЗАО | Здоровье фирма ЗАО",drug,,otc,,none,none,no_known_inn_token,1,2,2,,[],,resolved_enrichment,empty,unknown,unknown,Тимьяна ползучего трава,ok,true,Тимьяна ползучего трава,enrichment,false,sources_rejected_same_final,"[{""source"": ""apteka"", ""url"": ""https://apteka.ru/product/fitochaj-zdorovechernika-2-gr-20-sht-filtr-pakety-5e32723665b5ab0001655da0/"", ""title"": ""fitochaj zdorovechernika 2 gr 20 sht filtr pakety"", ""raw_mnn"": null, ""mnn"": null, ""raw_rx_otc"": null, ""field_type"": ""unknown"", ""source_class"": ""product_card"", ""card_fetched"": true, ""fetched_at"": ""2026-08-13T19:23:12+00:00"", ""http_status"": 0, ""parser_version"": ""mnn_source_identity_v1"", ""query"": ""Здоровье 1,5 г фильтр-пакеты"", ""matched_brand"": null, ""matched_form"": null, ""matched_dosage"": null, ""matched_pack"": null, ""serp_match_score"": 0.7, ""error"": null, ""match_status"": ""rejected"", ""match_score"": -0.6, ""match_reasons"": [""brand_title_conflict:-0.60"", ""dose_card_unknown""], ""match_axes"": [], ""hard_contradiction"": true, ""matched_product_title"": ""fitochaj zdorovechernika 2 gr 20 sht filtr pakety""}, {""source"": ""asna"", ""url"": ""https://www.asna.ru/cards/krapiva_listya_15g_n20_fp_zdorove.html"", ""title"": ""/cards/krapiva_listya_15g_n20_fp_zdorove.html"", ""raw_mnn"": ""Крапивы двудомной листья"", ""mnn"": ""Крапивы двудомной листья"", ""raw_rx_otc"": ""otc"", ""field_type"": ""explicit_mnn"", ""source_class"": ""product_card"", ""card_fetched"": true, ""fetched_at"": ""2026-08-13T19:23:12+00:00"", ""http_status"": 0, ""parser_version"": ""mnn_source_identity_v1"", ""query"": ""Здоровье 1,5 г фильтр-пакеты"", ""matched_brand"": null, ""matched_form"": null, ""matched_dosage"": null, ""matched_pack"": null, ""serp_match_score"": 0.4, ""error"": null, ""match_status"": ""rejected"", ""match_score"": -0.6, ""match_reasons"": [""brand_title_conflict:-0.60"", ""dose_card_unknown""], ""match_axes"": [], ""hard_contradiction"": true, ""matched_product_title"": ""/cards/krapiva_listya_15g_n20_fp_zdorove.html""}]","[{""source"": ""uteka"", ""url"": ""https://uteka.ru/product/m-zdorove-krapivi-listya-436042/"", ""title"": ""М Здоровье Крапивы листья, 1.5 г, 20 шт."", ""raw_mnn"": null, ""mnn"": null, ""raw_rx_otc"": null, ""field_type"": ""unknown"", ""source_class"": ""product_card"", ""card_fetched"": true, ""fetched_at"": ""2026-08-13T19:23:11+00:00"", ""http_status"": 0, ""parser_version"": ""mnn_source_identity_v1"", ""query"": ""Здоровье 1,5 г"", ""matched_brand"": null, ""matched_form"": null, ""matched_dosage"": ""1.5г"", ""matched_pack"": ""20"", ""serp_match_score"": 1.0, ""error"": null, ""match_status"": ""accepted"", ""match_score"": 0.7, ""match_reasons"": [""brand_title_match:+0.50"", ""dose_match:+0.20""], ""match_axes"": [""brand_title"", ""dose""], ""hard_contradiction"": false, ""matched_product_title"": ""М Здоровье Крапивы листья, 1.5 г, 20 шт.""}]","[{""source"": ""uteka"", ""raw_mnn"": null, ""field_type"": ""unknown"", ""canonical_components"": [], ""url"": ""https://uteka.ru/product/m-zdorove-krapivi-listya-436042/"", ""title"": ""М Здоровье Крапивы листья, 1.5 г, 20 шт."", ""match_status"": ""accepted"", ""match_score"": 0.7, ""source_class"": ""product_card"", ""parse_warnings"": []}, {""source"": ""apteka"", ""raw_mnn"": null, ""field_type"": ""unknown"", ""canonical_components"": [], ""url"": ""https://apteka.ru/product/fitochaj-zdorovechernika-2-gr-20-sht-filtr-pakety-5e32723665b5ab0001655da0/"", ""title"": ""fitochaj zdorovechernika 2 gr 20 sht filtr pakety"", ""match_status"": ""rejected"", ""match_score"": -0.6, ""source_class"": ""product_card"", ""parse_warnings"": []}, {""source"": ""asna"", ""raw_mnn"": ""Крапивы двудомной листья"", ""field_type"": ""explicit_mnn"", ""canonical_components"": [], ""url"": ""https://www.asna.ru/cards/krapiva_listya_15g_n20_fp_zdorove.html"", ""title"": ""/cards/krapiva_listya_15g_n20_fp_zdorove.html"", ""match_status"": ""rejected"", ""match_score"": -0.6, ""source_class"": ""product_card"", ""parse_warnings"": []}, {""source"": ""vidal"", ""raw_mnn"": null, ""field_type"": ""unknown"", ""canonical_components"": [], ""url"": ""https://www.vidal.ru/drugs/alphavit_mamino_zdorovie__38112"", ""title"": ""Алфавит Мамино Здоровье"", ""match_status"": ""ambiguous"", ""match_score"": 0.5, ""source_class"": ""product_card"", ""parse_warnings"": []}, {""source"": ""stolichki"", ""raw_mnn"": null, ""field_type"": ""unknown"", ""canonical_components"": [], ""url"": null, ""title"": null, ""match_status"": ""ambiguous"", ""match_score"": 0.0, ""source_class"": ""search_only"", ""parse_warnings"": []}]"
1765,ЦИПРОТЕРОН-ТЕВА ТАБЛ. 50МГ №50 | ТЕВА ЧЕШСКИЕ ПРЕДПРИЯТИЯ С.Р.О. | ТЕВА ЧЕШСКИЕ ПРЕДПРИЯТИЯ С.Р.О.,drug,Ципротерон,rx,,none,none,no_known_inn_token,1,0,4,,[],,unresolved_catalog,single_source,unknown,unknown,,,false,,unresolved,true,catalog_accept_removed,[],"[{""source"": ""uteka"", ""url"": ""https://uteka.ru/product/ciproteron-teva-300702/"", ""title"": ""Ципротерон-Тева, 50 мг, табл, 50 шт."", ""raw_mnn"": ""Ципротерон"", ""mnn"": ""Ципротерон"", ""raw_rx_otc"": ""rx"", ""field_type"": ""explicit_mnn"", ""source_class"": ""product_card"", ""card_fetched"": true, ""fetched_at"": ""2026-08-13T19:23:14+00:00"", ""http_status"": 0, ""parser_version"": ""mnn_source_identity_v1"", ""query"": ""Ципротерон-Тева 50 мг таблетки"", ""matched_brand"": null, ""matched_form"": ""таблетки"", ""matched_dosage"": ""50мг"", ""matched_pack"": ""50"", ""serp_match_score"": 1.0, ""error"": null, ""match_status"": ""accepted"", ""match_score"": 0.85, ""match_reasons"": [""brand_title_match:+0.50"", ""dose_match:+0.20"", ""form_match:+0.15""], ""match_axes"": [""brand_title"", ""dose"", ""form""], ""hard_contradiction"": false, ""matched_product_title"": ""Ципротерон-Тева, 50 мг, табл, 50 шт.""}]","[{""source"": ""uteka"", ""raw_mnn"": ""Ципротерон"", ""field_type"": ""explicit_mnn"", ""canonical_components"": [""Ципротерон""], ""url"": ""https://uteka.ru/product/ciproteron-teva-300702/"", ""title"": ""Ципротерон-Тева, 50 мг, табл, 50 шт."", ""match_status"": ""accepted"", ""match_score"": 0.85, ""source_class"": ""product_card"", ""parse_warnings"": []}, {""source"": ""apteka"", ""raw_mnn"": null, ""field_type"": ""unknown"", ""canonical_components"": [], ""url"": null, ""title"": null, ""match_status"": ""ambiguous"", ""match_score"": 0.0, ""source_class"": ""search_only"", ""parse_warnings"": []}, {""source"": ""asna"", ""raw_mnn"": null, ""field_type"": ""unknown"", ""canonical_components"": [], ""url"": ""https://www.asna.ru/cards/fikseyd_eko_kotton_nabor_plastyrey_meditsinskikh_bakteritsidnykh_s_soderzhaniem_serebra_72mmkh19mm_n20_nordeplast_lsez.html"", ""title"": ""/cards/fikseyd_eko_kotton_nabor_plastyrey_meditsinskikh_bakteritsidnykh_s_soderzhaniem_serebra_72mmkh19mm_n20_nordeplast_lsez.html"", ""match_status"": ""ambiguous"", ""match_score"": 0.0, ""source_class"": ""search_only"", ""parse_warnings"": []}, {""source"": ""vidal"", ""raw_mnn"": ""Ципротерон"", ""field_type"": ""explicit_mnn"", ""canonical_components"": [], ""url"": ""https://www.vidal.ru/drugs/cyproterone-teva__6350"", ""title"": ""Ципротерон-Тева"", ""match_status"": ""ambiguous"", ""match_score"": 0.5, ""source_class"": ""product_card"", ""parse_warnings"": []}, {""source"": ""stolichki"", ""raw_mnn"": null, ""field_type"": ""unknown"", ""canonical_components"": [], ""url"": null, ""title"": null, ""match_status"": ""ambiguous"", ""match_score"": 0.0, ""source_class"": ""search_only"", ""parse_warnings"": []}]"
2023,ЦЕЛЕКОКСИБ-ТЕВА КАПС. 200МГ №30 | УОТСОН ФАРМА ПРАЙВЭТ ЛИМИТЕД | УОТСОН ФАРМА ПРАЙВЭТ ЛИМИТЕД,drug,Целекоксиб,rx,,none,none,no_known_inn_token,1,0,4,,[],,unresolved_catalog,single_source,unknown,unknown,,,false,,unresolved,true,catalog_accept_removed,[],"[{""source"": ""uteka"", ""url"": ""https://uteka.ru/product/celekoksib-teva-406047/"", ""title"": ""Целекоксиб-Тева, 200 мг, капсулы, 10 шт."", ""raw_mnn"": ""Целекоксиб"", ""mnn"": ""Целекоксиб"", ""raw_rx_otc"": ""rx"", ""field_type"": ""explicit_mnn"", ""source_class"": ""product_card"", ""card_fetched"": true, ""fetched_at"": ""2026-08-13T19:23:18+00:00"", ""http_status"": 0, ""parser_version"": ""mnn_source_identity_v1"", ""query"": ""Целекоксиб-Тева 200мг капсулы"", ""matched_brand"": null, ""matched_form"": ""капсулы"", ""matched_dosage"": ""200мг"", ""matched_pack"": ""10"", ""serp_match_score"": 1.0, ""error"": null, ""match_status"": ""accepted"", ""match_score"": 0.85, ""match_reasons"": [""brand_title_match:+0.50"", ""dose_match:+0.20"", ""form_match:+0.15""], ""match_axes"": [""brand_title"", ""dose"", ""form""], ""hard_contradiction"": false, ""matched_product_title"": ""Целекоксиб-Тева, 200 мг, капсулы, 10 шт.""}]","[{""source"": ""uteka"", ""raw_mnn"": ""Целекоксиб"", ""field_type"": ""explicit_mnn"", ""canonical_components"": [""Целекоксиб""], ""url"": ""https://uteka.ru/product/celekoksib-teva-406047/"", ""title"": ""Целекоксиб-Тева, 200 мг, капсулы, 10 шт."", ""match_status"": ""accepted"", ""match_score"": 0.85, ""source_class"": ""product_card"", ""parse_warnings"": []}, {""source"": ""apteka"", ""raw_mnn"": null, ""field_type"": ""unknown"", ""canonical_components"": [], ""url"": null, ""title"": null, ""match_status"": ""ambiguous"", ""match_score"": 0.0, ""source_class"": ""search_only"", ""parse_warnings"": []}, {""source"": ""asna"", ""raw_mnn"": null, ""field_type"": ""unknown"", ""canonical_components"": [], ""url"": ""https://www.asna.ru/cards/tselekoksib-teva_200mg_n30_kaps_uotson_farma_prayvet_limited.html"", ""title"": ""/cards/tselekoksib-teva_200mg_n30_kaps_uotson_farma_prayvet_limited.html"", ""match_status"": ""ambiguous"", ""match_score"": 0.0, ""source_class"": ""search_only"", ""parse_warnings"": []}, {""source"": ""vidal"", ""raw_mnn"": ""Целекоксиб"", ""field_type"": ""explicit_mnn"", ""canonical_components"": [], ""url"": ""https://www.vidal.ru/drugs/tselekoksib-teva"", ""title"": ""Целекоксиб-Тева"", ""match_status"": ""ambiguous"", ""match_score"": 0.5, ""source_class"": ""product_card"", ""parse_warnings"": []}, {""source"": ""stolichki"", ""raw_mnn"": null, ""field_type"": ""unknown"", ""canonical_components"": [], ""url"": null, ""title"": null, ""match_status"": ""ambiguous"", ""match_score"": 0.0, ""source_class"": ""search_only"", ""parse_warnings"": []}]"
2348,ХИЛАК ФОРТЕ КАПЛИ Д/ПРИЕМА ВНУТРЬ ВИШНЯ ФЛ. 100МЛ | МЕРКЛЕ ГМБХ | МЕРКЛЕ ГМБХ,drug,,otc,,none,none,no_known_inn_token,1,1,3,,[],,unresolved_catalog,single_source,unknown,unknown,,ok_partial,false,,unresolved,true,method_changed,"[{""source"": ""asna"", ""url"": ""https://www.asna.ru/cards/khilak_forte_100ml_kapli_merckle.html"", ""title"": ""/cards/khilak_forte_100ml_kapli_merckle.html"", ""raw_mnn"": ""Метаболиты бактерий"", ""mnn"": ""Метаболиты бактерий"", ""raw_rx_otc"": ""otc"", ""field_type"": ""explicit_mnn"", ""source_class"": ""product_card"", ""card_fetched"": true, ""fetched_at"": ""2026-08-13T19:23:23+00:00"", ""http_status"": 0, ""parser_version"": ""mnn_source_identity_v1"", ""query"": ""Хилак форте капли"", ""matched_brand"": null, ""matched_form"": null, ""matched_dosage"": null, ""matched_pack"": null, ""serp_match_score"": 0.4, ""error"": null, ""match_status"": ""rejected"", ""match_score"": -0.4, ""match_reasons"": [""brand_title_conflict:-0.60"", ""dose_match:+0.20""], ""match_axes"": [""dose""], ""hard_contradiction"": true, ""matched_product_title"": ""/cards/khilak_forte_100ml_kapli_merckle.html""}]","[{""source"": ""uteka"", ""url"": ""https://uteka.ru/product/hilak-forte-34336/"", ""title"": ""Хилак форте, капли д/пр. внутрь, без ароматизатора, 100 мл, 1 шт."", ""raw_mnn"": ""Метаболиты бактерий Escherichia col., Enterococcus faec., Lactobacillus acid., Lactobacillus helv"", ""mnn"": ""Метаболиты бактерий Escherichia col., Enterococcus faec., Lactobacillus acid., Lactobacillus helv"", ""raw_rx_otc"": ""otc"", ""field_type"": ""explicit_mnn"", ""source_class"": ""product_card"", ""card_fetched"": true, ""fetched_at"": ""2026-08-13T19:23:23+00:00"", ""http_status"": 0, ""parser_version"": ""mnn_source_identity_v1"", ""query"": ""Хилак форте капли"", ""matched_brand"": null, ""matched_form"": ""капли"", ""matched_dosage"": ""100мл"", ""matched_pack"": ""1"", ""serp_match_score"": 1.0, ""error"": null, ""match_status"": ""accepted"", ""match_score"": 0.85, ""match_reasons"": [""brand_title_match:+0.50"", ""dose_match:+0.20"", ""form_match:+0.15""], ""match_axes"": [""brand_title"", ""dose"", ""form""], ""hard_contradiction"": false, ""matched_product_title"": ""Хилак форте, капли д/пр. внутрь, без ароматизатора, 100 мл, 1 шт.""}]","[{""source"": ""uteka"", ""raw_mnn"": ""Метаболиты бактерий Escherichia col., Enterococcus faec., Lactobacillus acid., Lactobacillus helv"", ""field_type"": ""explicit_mnn"", ""canonical_components"": [""Метаболиты бактерий Escherichia col"", ""Enterococcus faec"", ""Lactobacillus acid"", ""Lactobacillus helv""], ""url"": ""https://uteka.ru/product/hilak-forte-34336/"", ""title"": ""Хилак форте, капли д/пр. внутрь, без ароматизатора, 100 мл, 1 шт."", ""match_status"": ""accepted"", ""match_score"": 0.85, ""source_class"": ""product_card"", ""parse_warnings"": []}, {""source"": ""asna"", ""raw_mnn"": ""Метаболиты бактерий"", ""field_type"": ""explicit_mnn"", ""canonical_components"": [], ""url"": ""https://www.asna.ru/cards/khilak_forte_100ml_kapli_merckle.html"", ""title"": ""/cards/khilak_forte_100ml_kapli_merckle.html"", ""match_status"": ""rejected"", ""match_score"": -0.4, ""source_class"": ""product_card"", ""parse_warnings"": []}, {""source"": ""apteka"", ""raw_mnn"": null, ""field_type"": ""unknown"", ""canonical_components"": [], ""url"": ""https://apteka.ru/product/peligrin-prokladki-vkladyshi-laktaczionnye-30-sht-5e326e65ca7bdc000192fc1d/"", ""title"": ""peligrin prokladki vkladyshi laktaczionnye 30 sht"", ""match_status"": ""ambiguous"", ""match_score"": 0.0, ""source_class"": ""search_only"", ""parse_warnings"": []}, {""source"": ""vidal"", ""raw_mnn"": ""Противодиарейные микроорганизмы"", ""field_type"": ""explicit_mnn"", ""canonical_components"": [], ""url"": ""https://www.vidal.ru/drugs/hylak-forte-2"", ""title"": ""Хилак форте"", ""match_status"": ""ambiguous"", ""match_score"": 0.5, ""source_class"": ""product_card"", ""parse_warnings"": []}, {""source"": ""stolichki"", ""raw_mnn"": null, ""field_type"": ""unknown"", ""canonical_components"": [], ""url"": null, ""title"": null, ""match_status"": ""ambiguous"", ""match_score"": 0.0, ""source_class"": ""search_only"", ""parse_warnings"": []}]"
2621,ФУРАЦИЛИН ТАБЛ. Д/Р-РА Д/МЕСТН. И НАРУЖ. ПРИМ. 20МГ №20 ТАТХИМФАРМПРЕПАРАТЫ | ТАТХИМФАРМПРЕПАРАТЫ АО | ТАТХИМФАРМПРЕПАРАТЫ АО,drug,Нитрофурал,rx,,none,none,no_known_inn_token,1,1,3,,[],,resolved_enrichment,single_source,unknown,unknown,Нитрофурал,ok,true,Нитрофурал,enrichment,false,sources_rejected_same_final,"[{""source"": ""asna"", ""url"": ""https://www.asna.ru/cards/furacilin_20mg_1_sht__poroshok_dlya_prigotovleniya_rastvora_meligen_fp_zao.html"", ""title"": ""/cards/furacilin_20mg_1_sht__poroshok_dlya_prigotovleniya_rastvora_meligen_fp_zao.html"", ""raw_mnn"": null, ""mnn"": null, ""raw_rx_otc"": ""otc"", ""field_type"": ""unknown"", ""source_class"": ""product_card"", ""card_fetched"": true, ""fetched_at"": ""2026-08-13T19:23:28+00:00"", ""http_status"": 0, ""parser_version"": ""mnn_source_identity_v1"", ""query"": ""Фурацилин 20 мг"", ""matched_brand"": null, ""matched_form"": null, ""matched_dosage"": null, ""matched_pack"": null, ""serp_match_score"": 0.5, ""error"": null, ""match_status"": ""rejected"", ""match_score"": -0.4, ""match_reasons"": [""brand_title_conflict:-0.60"", ""dose_match:+0.20""], ""match_axes"": [""dose""], ""hard_contradiction"": true, ""matched_product_title"": ""/cards/furacilin_20mg_1_sht__poroshok_dlya_prigotovleniya_rastvora_meligen_fp_zao.html""}]","[{""source"": ""uteka"", ""url"": ""https://uteka.ru/product/furacilin-aveksima-288606/"", ""title"": ""Фурацилин Авексима, 20 мг, табл. шип. д/р-ра д/местн. и наружн. прим, 10 шт."", ""raw_mnn"": ""Нитрофурал"", ""mnn"": ""Нитрофурал"", ""raw_rx_otc"": ""otc"", ""field_type"": ""explicit_mnn"", ""source_class"": ""product_card"", ""card_fetched"": true, ""fetched_at"": ""2026-08-13T19:23:27+00:00"", ""http_status"": 0, ""parser_version"": ""mnn_source_identity_v1"", ""query"": ""Фурацилин 20 мг таблетки"", ""matched_brand"": null, ""matched_form"": ""таблетки"", ""matched_dosage"": ""20мг"", ""matched_pack"": ""10"", ""serp_match_score"": 1.0, ""error"": null, ""match_status"": ""accepted"", ""match_score"": 0.85, ""match_reasons"": [""brand_title_match:+0.50"", ""dose_match:+0.20"", ""form_match:+0.15""], ""match_axes"": [""brand_title"", ""dose"", ""form""], ""hard_contradiction"": false, ""matched_product_title"": ""Фурацилин Авексима, 20 мг, табл. шип. д/р-ра д/местн. и наружн. прим, 10 шт.""}]","[{""source"": ""uteka"", ""raw_mnn"": ""Нитрофурал"", ""field_type"": ""explicit_mnn"", ""canonical_components"": [""Нитрофурал""], ""url"": ""https://uteka.ru/product/furacilin-aveksima-288606/"", ""title"": ""Фурацилин Авексима, 20 мг, табл. шип. д/р-ра д/местн. и наружн. прим, 10 шт."", ""match_status"": ""accepted"", ""match_score"": 0.85, ""source_class"": ""product_card"", ""parse_warnings"": []}, {""source"": ""asna"", ""raw_mnn"": null, ""field_type"": ""unknown"", ""canonical_components"": [], ""url"": ""https://www.asna.ru/cards/furacilin_20mg_1_sht__poroshok_dlya_prigotovleniya_rastvora_meligen_fp_zao.html"", ""title"": ""/cards/furacilin_20mg_1_sht__poroshok_dlya_prigotovleniya_rastvora_meligen_fp_zao.html"", ""match_status"": ""rejected"", ""match_score"": -0.4, ""source_class"": ""product_card"", ""parse_warnings"": []}, {""source"": ""apteka"", ""raw_mnn"": null, ""field_type"": ""unknown"", ""canonical_components"": [], ""url"": null, ""title"": null, ""match_status"": ""ambiguous"", ""match_score"": 0.0, ""source_class"": ""search_only"", ""parse_warnings"": []}, {""source"": ""vidal"", ""raw_mnn"": ""Нитрофурал"", ""field_type"": ""explicit_mnn"", ""canonical_components"": [], ""url"": ""https://www.vidal.ru/drugs/furacilin__18326"", ""title"": ""Фурацилин"", ""match_status"": ""ambiguous"", ""match_score"": 0.5, ""source_class"": ""product_card"", ""parse_warnings"": []}, {""source"": ""stolichki"", ""raw_mnn"": null, ""field_type"": ""unknown"", ""canonical_components"": [], ""url"": null, ""title"": null, ""match_status"": ""ambiguous"", ""match_score"": 0.0, ""source_class"": ""search_only"", ""parse_warnings"": []}]"
3027,ФЛУОКСЕТИН КАПС. 10МГ №20 ОЗОН | ОЗОН ООО | ОЗОН ООО,drug,Флуоксетин,rx,,none,none,no_known_inn_token,1,1,3,,[],,unresolved_catalog,single_source,unknown,unknown,,,false,,unresolved,true,catalog_accept_removed,"[{""source"": ""apteka"", ""url"": ""https://apteka.ru/product/fluoksetin-kanon-20-mg-30-sht-kapsuly-5e326c56f5a9ae000140a4c2/"", ""title"": ""fluoksetin kanon 20 mg 30 sht kapsuly"", ""raw_mnn"": ""Флуоксетин"", ""mnn"": ""Флуоксетин"", ""raw_rx_otc"": null, ""field_type"": ""explicit_mnn"", ""source_class"": ""product_card"", ""card_fetched"": true, ""fetched_at"": ""2026-08-13T19:23:33+00:00"", ""http_status"": 0, ""parser_version"": ""mnn_source_identity_v1"", ""query"": ""ФЛУОКСЕТИН КАПС. 10МГ №20 ОЗОН 10 мг капсулы"", ""matched_brand"": null, ""matched_form"": null, ""matched_dosage"": null, ""matched_pack"": ""20"", ""serp_match_score"": 0.225, ""error"": null, ""match_status"": ""rejected"", ""match_score"": -0.9, ""match_reasons"": [""brand_title_conflict:-0.60"", ""dose_conflict:-0.30""], ""match_axes"": [], ""hard_contradiction"": true, ""matched_product_title"": ""fluoksetin kanon 20 mg 30 sht kapsuly""}]","[{""source"": ""uteka"", ""url"": ""https://uteka.ru/product/fluoksetin-149226/"", ""title"": ""Флуоксетин, 10 мг, капсулы, 20 шт."", ""raw_mnn"": ""Флуоксетин"", ""mnn"": ""Флуоксетин"", ""raw_rx_otc"": ""rx"", ""field_type"": ""explicit_mnn"", ""source_class"": ""product_card"", ""card_fetched"": true, ""fetched_at"": ""2026-08-13T19:23:31+00:00"", ""http_status"": 0, ""parser_version"": ""mnn_source_identity_v1"", ""query"": ""ФЛУОКСЕТИН КАПС. 10МГ №20 ОЗОН 10 мг капсулы"", ""matched_brand"": null, ""matched_form"": ""капсулы"", ""matched_dosage"": ""10мг"", ""matched_pack"": ""20"", ""serp_match_score"": 0.725, ""error"": null, ""match_status"": ""accepted"", ""match_score"": 0.85, ""match_reasons"": [""brand_title_match:+0.50"", ""dose_match:+0.20"", ""form_match:+0.15""], ""match_axes"": [""brand_title"", ""dose"", ""form""], ""hard_contradiction"": false, ""matched_product_title"": ""Флуоксетин, 10 мг, капсулы, 20 шт.""}]","[{""source"": ""uteka"", ""raw_mnn"": ""Флуоксетин"", ""field_type"": ""explicit_mnn"", ""canonical_components"": [""Флуоксетин""], ""url"": ""https://uteka.ru/product/fluoksetin-149226/"", ""title"": ""Флуоксетин, 10 мг, капсулы, 20 шт."", ""match_status"": ""accepted"", ""match_score"": 0.85, ""source_class"": ""product_card"", ""parse_warnings"": []}, {""source"": ""apteka"", ""raw_mnn"": ""Флуоксетин"", ""field_type"": ""explicit_mnn"", ""canonical_components"": [], ""url"": ""https://apteka.ru/product/fluoksetin-kanon-20-mg-30-sht-kapsuly-5e326c56f5a9ae000140a4c2/"", ""title"": ""fluoksetin kanon 20 mg 30 sht kapsuly"", ""match_status"": ""rejected"", ""match_score"": -0.9, ""source_class"": ""product_card"", ""parse_warnings"": []}, {""source"": ""asna"", ""raw_mnn"": null, ""field_type"": ""unknown"", ""canonical_components"": [], ""url"": ""https://www.asna.ru/cards/fluoksetin_20mg_n20_kaps_ozon.html"", ""title"": ""/cards/fluoksetin_20mg_n20_kaps_ozon.html"", ""match_status"": ""ambiguous"", ""match_score"": 0.0, ""source_class"": ""search_only"", ""parse_warnings"": []}, {""source"": ""vidal"", ""raw_mnn"": null, ""field_type"": ""unknown"", ""canonical_components"": [], ""url"": ""https://www.vidal.ru/drugs/products"", ""title"": ""По алфавиту"", ""match_status"": ""ambiguous"", ""match_score"": 0.0, ""source_class"": ""search_only"", ""parse_warnings"": []}, {""source"": ""stolichki"", ""raw_mnn"": null, ""field_type"": ""unknown"", ""canonical_components"": [], ""url"": null, ""title"": null, ""match_status"": ""ambiguous"", ""match_score"": 0.0, ""source_class"": ""search_only"", ""parse_warnings"": []}]"
3065,ФЛУКОНАЗОЛ-OBL КАПС. 150МГ №4 | ОБОЛЕНСКОЕ ФП АО | ОБОЛЕНСКОЕ ФП АО,drug,Флуконазол,rx,,none,none,no_known_inn_token,3,0,2,Флуконазол,"[""Флуконазол""]",,resolved_catalog,consensus,otc,unknown,,,false,Флуконазол,catalog_consensus,false,unchanged,[],"[{""source"": ""uteka"", ""url"": ""https://uteka.ru/product/flukonazol-obl-251683/"", ""title"": ""Флуконазол-OBL, 150 мг, капсулы, 2 шт."", ""raw_mnn"": ""Флуконазол"", ""mnn"": ""Флуконазол"", ""raw_rx_otc"": ""otc"", ""field_type"": ""explicit_mnn"", ""source_class"": ""product_card"", ""card_fetched"": true, ""fetched_at"": ""2026-08-13T19:23:35+00:00"", ""http_status"": 0, ""parser_version"": ""mnn_source_identity_v1"", ""query"": ""Флуконазол-OBL 150 мг капсулы"", ""matched_brand"": null, ""matched_form"": ""капсулы"", ""matched_dosage"": ""150мг"", ""matched_pack"": ""2"", ""serp_match_score"": 1.0, ""error"": null, ""match_status"": ""accepted"", ""match_score"": 0.85, ""match_reasons"": [""brand_title_match:+0.50"", ""dose_match:+0.20"", ""form_match:+0.15""], ""match_axes"": [""brand_title"", ""dose"", ""form""], ""hard_contradiction"": false, ""matched_product_title"": ""Флуконазол-OBL, 150 мг, капсулы, 2 шт.""}, {""source"": ""apteka"", ""url"": ""https://apteka.ru/product/flukonazol-obl-150-mg-2-sht-kapsuly-5f450cdea453570001b46f3c/"", ""title"": ""flukonazol obl 150 mg 2 sht kapsuly"", ""raw_mnn"": ""Флуконазол"", ""mnn"": ""Флуконазол"", ""raw_rx_otc"": null, ""field_type"": ""explicit_mnn"", ""source_class"": ""product_card"", ""card_fetched"": true, ""fetched_at"": ""2026-08-13T19:23:36+00:00"", ""http_status"": 0, ""parser_version"": ""mnn_source_identity_v1"", ""query"": ""Флуконазол-OBL 150 мг капсулы"", ""matched_brand"": null, ""matched_form"": null, ""matched_dosage"": null, ""matched_pack"": null, ""serp_match_score"": 0.5, ""error"": null, ""match_status"": ""accepted"", ""match_score"": 0.7, ""match_reasons"": [""brand_title_match:+0.50"", ""dose_match:+0.20""], ""match_axes"": [""brand_title"", ""dose""], ""hard_contradiction"": false, ""matched_product_title"": ""flukonazol obl 150 mg 2 sht kapsuly""}, {""source"": ""asna"", ""url"": ""https://www.asna.ru/cards/flukonazol-obl_150mg_n4_kaps_alium_ao.html"", ""title"": ""/cards/flukonazol-obl_150mg_n4_kaps_alium_ao.html"", ""raw_mnn"": ""Флуконазол"", ""mnn"": ""Флуконазол"", ""raw_rx_otc"": ""otc"", ""field_type"": ""explicit_mnn"", ""source_class"": ""product_card"", ""card_fetched"": true, ""fetched_at"": ""2026-08-13T19:23:36+00:00"", ""http_status"": 0, ""parser_version"": ""mnn_source_identity_v1"", ""query"": ""Флуконазол-OBL 150 мг капсулы"", ""matched_brand"": null, ""matched_form"": null, ""matched_dosage"": null, ""matched_pack"": null, ""serp_match_score"": 0.5, ""error"": null, ""match_status"": ""accepted"", ""match_score"": 0.7, ""match_reasons"": [""brand_title_match:+0.50"", ""dose_match:+0.20""], ""match_axes"": [""brand_title"", ""dose""], ""hard_contradiction"": false, ""matched_product_title"": ""/cards/flukonazol-obl_150mg_n4_kaps_alium_ao.html""}]","[{""source"": ""uteka"", ""raw_mnn"": ""Флуконазол"", ""field_type"": ""explicit_mnn"", ""canonical_components"": [""Флуконазол""], ""url"": ""https://uteka.ru/product/flukonazol-obl-251683/"", ""title"": ""Флуконазол-OBL, 150 мг, капсулы, 2 шт."", ""match_status"": ""accepted"", ""match_score"": 0.85, ""source_class"": ""product_card"", ""parse_warnings"": []}, {""source"": ""apteka"", ""raw_mnn"": ""Флуконазол"", ""field_type"": ""explicit_mnn"", ""canonical_components"": [""Флуконазол""], ""url"": ""https://apteka.ru/product/flukonazol-obl-150-mg-2-sht-kapsuly-5f450cdea453570001b46f3c/"", ""title"": ""flukonazol obl 150 mg 2 sht kapsuly"", ""match_status"": ""accepted"", ""match_score"": 0.7, ""source_class"": ""product_card"", ""parse_warnings"": []}, {""source"": ""asna"", ""raw_mnn"": ""Флуконазол"", ""field_type"": ""explicit_mnn"", ""canonical_components"": [""Флуконазол""], ""url"": ""https://www.asna.ru/cards/flukonazol-obl_150mg_n4_kaps_alium_ao.html"", ""title"": ""/cards/flukonazol-obl_150mg_n4_kaps_alium_ao.html"", ""match_status"": ""accepted"", ""match_score"": 0.7, ""source_class"": ""product_card"", ""parse_warnings"": []}, {""source"": ""vidal"", ""raw_mnn"": ""Флуконазол"", ""field_type"": ""explicit_mnn"", ""canonical_components"": [], ""url"": ""https://www.vidal.ru/drugs/fluconazole-obl__37379"", ""title"": ""Флуконазол-OBL"", ""match_status"": ""ambiguous"", ""match_score"": 0.5, ""source_class"": ""product_card"", ""parse_warnings"": []}, {""source"": ""stolichki"", ""raw_mnn"": null, ""field_type"": ""unknown"", ""canonical_components"": [], ""url"": null, ""title"": null, ""match_status"": ""ambiguous"", ""match_score"": 0.0, ""source_class"": ""search_only"", ""parse_warnings"": []}]"
3556,"ФИЗИОТЕНЗ ТАБЛ. П/ПЛЕН/ОБ. 0,4МГ №28 ВЕРОФАРМ | ВЕРОФАРМ АО | ВЕРОФАРМ АО",drug,Моксонидин,rx,,none,none,no_known_inn_token,1,2,2,,[],,unresolved_catalog,single_source,unknown,unknown,,,false,,unresolved,true,catalog_accept_removed,"[{""source"": ""apteka"", ""url"": ""https://apteka.ru/product/fiziotenz-04-mg-28-sht-tabletki-pokrytye-plenochnoj-obolochkoj-5fe98ae13c1b43fd63e65c67/"", ""title"": ""fiziotenz 04 mg 28 sht tabletki pokrytye plenochnoj obolochkoj"", ""raw_mnn"": ""Моксонидин"", ""mnn"": ""Моксонидин"", ""raw_rx_otc"": ""rx"", ""field_type"": ""explicit_mnn"", ""source_class"": ""product_card"", ""card_fetched"": true, ""fetched_at"": ""2026-08-13T19:23:39+00:00"", ""http_status"": 0, ""parser_version"": ""mnn_source_identity_v1"", ""query"": ""Физиотенз 0,4 мг таблетки"", ""matched_brand"": null, ""matched_form"": null, ""matched_dosage"": null, ""matched_pack"": null, ""serp_match_score"": 0.82, ""error"": null, ""match_status"": ""rejected"", ""match_score"": -0.9, ""match_reasons"": [""brand_title_conflict:-0.60"", ""dose_conflict:-0.30""], ""match_axes"": [], ""hard_contradiction"": true, ""matched_product_title"": ""fiziotenz 04 mg 28 sht tabletki pokrytye plenochnoj obolochkoj""}, {""source"": ""asna"", ""url"": ""https://www.asna.ru/cards/fiziotenz_02mg_n28_tab_pokrytye_plenochnoy_obolochkoy_verofarm_ao.html"", ""title"": ""/cards/fiziotenz_02mg_n28_tab_pokrytye_plenochnoy_obolochkoy_verofarm_ao.html"", ""raw_mnn"": ""Моксонидин"", ""mnn"": ""Моксонидин"", ""raw_rx_otc"": ""rx"", ""field_type"": ""explicit_mnn"", ""source_class"": ""product_card"", ""card_fetched"": true, ""fetched_at"": ""2026-08-13T19:23:39+00:00"", ""http_status"": 0, ""parser_version"": ""mnn_source_identity_v1"", ""query"": ""Физиотенз 0,4 мг таблетки"", ""matched_brand"": null, ""matched_form"": null, ""matched_dosage"": null, ""matched_pack"": null, ""serp_match_score"": 0.4, ""error"": null, ""match_status"": ""rejected"", ""match_score"": -0.75, ""match_reasons"": [""brand_title_conflict:-0.60"", ""dose_conflict:-0.30"", ""form_match:+0.15""], ""match_axes"": [""form""], ""hard_contradiction"": true, ""matched_product_title"": ""/cards/fiziotenz_02mg_n28_tab_pokrytye_plenochnoy_obolochkoy_verofarm_ao.html""}]","[{""source"": ""uteka"", ""url"": ""https://uteka.ru/product/fiziotenz-110975/"", ""title"": ""Физиотенз, 0,4 мг, табл. п.п.о, 28 шт."", ""raw_mnn"": ""Моксонидин"", ""mnn"": ""Моксонидин"", ""raw_rx_otc"": ""rx"", ""field_type"": ""explicit_mnn"", ""source_class"": ""product_card"", ""card_fetched"": true, ""fetched_at"": ""2026-08-13T19:23:38+00:00"", ""http_status"": 0, ""parser_version"": ""mnn_source_identity_v1"", ""query"": ""Физиотенз 0,4 мг таблетки"", ""matched_brand"": null, ""matched_form"": ""таблетки"", ""matched_dosage"": ""0.4мг"", ""matched_pack"": ""28"", ""serp_match_score"": 1.0, ""error"": null, ""match_status"": ""accepted"", ""match_score"": 0.85, ""match_reasons"": [""brand_title_match:+0.50"", ""dose_match:+0.20"", ""form_match:+0.15""], ""match_axes"": [""brand_title"", ""dose"", ""form""], ""hard_contradiction"": false, ""matched_product_title"": ""Физиотенз, 0,4 мг, табл. п.п.о, 28 шт.""}]","[{""source"": ""uteka"", ""raw_mnn"": ""Моксонидин"", ""field_type"": ""explicit_mnn"", ""canonical_components"": [""Моксонидин""], ""url"": ""https://uteka.ru/product/fiziotenz-110975/"", ""title"": ""Физиотенз, 0,4 мг, табл. п.п.о, 28 шт."", ""match_status"": ""accepted"", ""match_score"": 0.85, ""source_class"": ""product_card"", ""parse_warnings"": []}, {""source"": ""apteka"", ""raw_mnn"": ""Моксонидин"", ""field_type"": ""explicit_mnn"", ""canonical_components"": [], ""url"": ""https://apteka.ru/product/fiziotenz-04-mg-28-sht-tabletki-pokrytye-plenochnoj-obolochkoj-5fe98ae13c1b43fd63e65c67/"", ""title"": ""fiziotenz 04 mg 28 sht tabletki pokrytye plenochnoj obolochkoj"", ""match_status"": ""rejected"", ""match_score"": -0.9, ""source_class"": ""product_card"", ""parse_warnings"": []}, {""source"": ""asna"", ""raw_mnn"": ""Моксонидин"", ""field_type"": ""explicit_mnn"", ""canonical_components"": [], ""url"": ""https://www.asna.ru/cards/fiziotenz_02mg_n28_tab_pokrytye_plenochnoy_obolochkoy_verofarm_ao.html"", ""title"": ""/cards/fiziotenz_02mg_n28_tab_pokrytye_plenochnoy_obolochkoy_verofarm_ao.html"", ""match_status"": ""rejected"", ""match_score"": -0.75, ""source_class"": ""product_card"", ""parse_warnings"": []}, {""source"": ""vidal"", ""raw_mnn"": ""Моксонидин"", ""field_type"": ""explicit_mnn"", ""canonical_components"": [], ""url"": ""https://www.vidal.ru/drugs/physiotens__1277"", ""title"": ""Физиотенз"", ""match_status"": ""ambiguous"", ""match_score"": 0.5, ""source_class"": ""product_card"", ""parse_warnings"": []}, {""source"": ""stolichki"", ""raw_mnn"": null, ""field_type"": ""unknown"", ""canonical_components"": [], ""url"": null, ""title"": null, ""match_status"": ""ambiguous"", ""match_score"": 0.0, ""source_class"": ""search_only"", ""parse_warnings"": []}]"
3759,ФАСПИК ГРАН. Д/Р-РА Д/ПРИЕМА ВНУТРЬ АБРИКОС 400МГ ПАК. 3Г №12 | ЗАМБОН СВИТЦЕЛАНД ЛТД. | ЗАМБОН СВИТЦЕЛАНД ЛТД.,drug,,otc,,none,none,no_known_inn_token,1,0,4,,[],,unresolved_catalog,single_source,unknown,unknown,,,false,,unresolved,true,catalog_accept_removed,[],"[{""source"": ""uteka"", ""url"": ""https://uteka.ru/product/faspik-187804/"", ""title"": ""Фаспик, 400 мг, гран. д/р-ра для пр. внутрь, абрикос, 3 г, 12 шт."", ""raw_mnn"": ""Ибупрофен"", ""mnn"": ""Ибупрофен"", ""raw_rx_otc"": ""otc"", ""field_type"": ""explicit_mnn"", ""source_class"": ""product_card"", ""card_fetched"": true, ""fetched_at"": ""2026-08-13T19:23:42+00:00"", ""http_status"": 0, ""parser_version"": ""mnn_source_identity_v1"", ""query"": ""Фаспик 400 мг гранулы"", ""matched_brand"": null, ""matched_form"": null, ""matched_dosage"": ""400мг"", ""matched_pack"": ""12"", ""serp_match_score"": 1.0, ""error"": null, ""match_status"": ""accepted"", ""match_score"": 0.7, ""match_reasons"": [""brand_title_match:+0.50"", ""dose_match:+0.20""], ""match_axes"": [""brand_title"", ""dose""], ""hard_contradiction"": false, ""matched_product_title"": ""Фаспик, 400 мг, гран. д/р-ра для пр. внутрь, абрикос, 3 г, 12 шт.""}]","[{""source"": ""uteka"", ""raw_mnn"": ""Ибупрофен"", ""field_type"": ""explicit_mnn"", ""canonical_components"": [""Ибупрофен""], ""url"": ""https://uteka.ru/product/faspik-187804/"", ""title"": ""Фаспик, 400 мг, гран. д/р-ра для пр. внутрь, абрикос, 3 г, 12 шт."", ""match_status"": ""accepted"", ""match_score"": 0.7, ""source_class"": ""product_card"", ""parse_warnings"": []}, {""source"": ""apteka"", ""raw_mnn"": null, ""field_type"": ""unknown"", ""canonical_components"": [], ""url"": null, ""title"": null, ""match_status"": ""ambiguous"", ""match_score"": 0.0, ""source_class"": ""search_only"", ""parse_warnings"": []}, {""source"": ""asna"", ""raw_mnn"": null, ""field_type"": ""unknown"", ""canonical_components"": [], ""url"": ""https://www.asna.ru/cards/fikseyd_eko_kotton_nabor_plastyrey_meditsinskikh_bakteritsidnykh_s_soderzhaniem_serebra_72mmkh19mm_n20_nordeplast_lsez.html"", ""title"": ""/cards/fikseyd_eko_kotton_nabor_plastyrey_meditsinskikh_bakteritsidnykh_s_soderzhaniem_serebra_72mmkh19mm_n20_nordeplast_lsez.html"", ""match_status"": ""ambiguous"", ""match_score"": 0.0, ""source_class"": ""search_only"", ""parse_warnings"": []}, {""source"": ""vidal"", ""raw_mnn"": ""Ибупрофен"", ""field_type"": ""explicit_mnn"", ""canonical_components"": [], ""url"": ""https://www.vidal.ru/drugs/faspic__14828"", ""title"": ""Фаспик"", ""match_status"": ""ambiguous"", ""match_score"": 0.5, ""source_class"": ""product_card"", ""parse_warnings"": []}, {""source"": ""stolichki"", ""raw_mnn"": null, ""field_type"": ""unknown"", ""canonical_components"": [], ""url"": null, ""title"": null, ""match_status"": ""ambiguous"", ""match_score"": 0.0, ""source_class"": ""search_only"", ""parse_warnings"": []}]"
3763,ФАРМГРУПП НАСТОЙКА 5 ТРАВ УСПОКОИТЕЛЬНАЯ ФЛ. 250МЛ | ФАРМГРУПП ООО | ФАРМГРУПП ООО,drug,,otc,,none,none,no_known_inn_token,0,3,2,,[],,unresolved_catalog,empty,unknown,unknown,,ok,false,,unresolved,true,method_changed,"[{""source"": ""uteka"", ""url"": ""https://uteka.ru/product/farmgrupp-magniy--v6-so-vkusom-limona-390937/"", ""title"": ""Фармгрупп Магний + В6, р-р д/пр. внутрь, для взрослых и детей с 3 лет, лимон, 100 мл, 1 шт."", ""raw_mnn"": null, ""mnn"": null, ""raw_rx_otc"": null, ""field_type"": ""unknown"", ""source_class"": ""product_card"", ""card_fetched"": true, ""fetched_at"": ""2026-08-13T19:23:46+00:00"", ""http_status"": 0, ""parser_version"": ""mnn_source_identity_v1"", ""query"": ""ФАРМГРУПП"", ""matched_brand"": null, ""matched_form"": ""раствор"", ""matched_dosage"": ""100мл"", ""matched_pack"": ""1"", ""serp_match_score"": 1.0, ""error"": null, ""match_status"": ""rejected"", ""match_score"": 0.2, ""match_reasons"": [""brand_title_match:+0.50"", ""dose_conflict:-0.30""], ""match_axes"": [""brand_title""], ""hard_contradiction"": true, ""matched_product_title"": ""Фармгрупп Магний + В6, р-р д/пр. внутрь, для взрослых и детей с 3 лет, лимон, 100 мл, 1 шт.""}, {""source"": ""apteka"", ""url"": ""https://apteka.ru/product/osiny-kora-50-gr-pakfarmgrupp-5e32766eca7bdc00019338d1/"", ""title"": ""osiny kora 50 gr pakfarmgrupp"", ""raw_mnn"": ""Осина"", ""mnn"": ""Осина"", ""raw_rx_otc"": null, ""field_type"": ""explicit_mnn"", ""source_class"": ""product_card"", ""card_fetched"": true, ""fetched_at"": ""2026-08-13T19:23:46+00:00"", ""http_status"": 0, ""parser_version"": ""mnn_source_identity_v1"", ""query"": ""ФАРМГРУПП"", ""matched_brand"": null, ""matched_form"": null, ""matched_dosage"": null, ""matched_pack"": null, ""serp_match_score"": 0.55, ""error"": null, ""match_status"": ""rejected"", ""match_score"": -0.6, ""match_reasons"": [""brand_title_conflict:-0.60"", ""dose_card_unknown""], ""match_axes"": [], ""hard_contradiction"": true, ""matched_product_title"": ""osiny kora 50 gr pakfarmgrupp""}, {""source"": ""asna"", ""url"": ""https://www.asna.ru/cards/regidrovit_poroshok_dprigotovleniya_r-ra_dpriema_vnutr_0_5g_n10_farmgrupp.html"", ""title"": ""/cards/regidrovit_poroshok_dprigotovleniya_r-ra_dpriema_vnutr_0_5g_n10_farmgrupp.html"", ""raw_mnn"": null, ""mnn"": null, ""raw_rx_otc"": ""otc"", ""field_type"": ""unknown"", ""source_class"": ""product_card"", ""card_fetched"": true, ""fetched_at"": ""2026-08-13T19:23:46+00:00"", ""http_status"": 0, ""parser_version"": ""mnn_source_identity_v1"", ""query"": ""ФАРМГРУПП"", ""matched_brand"": null, ""matched_form"": null, ""matched_dosage"": null, ""matched_pack"": null, ""serp_match_score"": 0.4, ""error"": null, ""match_status"": ""rejected"", ""match_score"": -0.6, ""match_reasons"": [""brand_title_conflict:-0.60"", ""dose_card_unknown""], ""match_axes"": [], ""hard_contradiction"": true, ""matched_product_title"": ""/cards/regidrovit_poroshok_dprigotovleniya_r-ra_dpriema_vnutr_0_5g_n10_farmgrupp.html""}]",[],"[{""source"": ""uteka"", ""raw_mnn"": null, ""field_type"": ""unknown"", ""canonical_components"": [], ""url"": ""https://uteka.ru/product/farmgrupp-magniy--v6-so-vkusom-limona-390937/"", ""title"": ""Фармгрупп Магний + В6, р-р д/пр. внутрь, для взрослых и детей с 3 лет, лимон, 100 мл, 1 шт."", ""match_status"": ""rejected"", ""match_score"": 0.2, ""source_class"": ""product_card"", ""parse_warnings"": []}, {""source"": ""apteka"", ""raw_mnn"": ""Осина"", ""field_type"": ""explicit_mnn"", ""canonical_components"": [], ""url"": ""https://apteka.ru/product/osiny-kora-50-gr-pakfarmgrupp-5e32766eca7bdc00019338d1/"", ""title"": ""osiny kora 50 gr pakfarmgrupp"", ""match_status"": ""rejected"", ""match_score"": -0.6, ""source_class"": ""product_card"", ""parse_warnings"": []}, {""source"": ""asna"", ""raw_mnn"": null, ""field_type"": ""unknown"", ""canonical_components"": [], ""url"": ""https://www.asna.ru/cards/regidrovit_poroshok_dprigotovleniya_r-ra_dpriema_vnutr_0_5g_n10_farmgrupp.html"", ""title"": ""/cards/regidrovit_poroshok_dprigotovleniya_r-ra_dpriema_vnutr_0_5g_n10_farmgrupp.html"", ""match_status"": ""rejected"", ""match_score"": -0.6, ""source_class"": ""product_card"", ""parse_warnings"": []}, {""source"": ""vidal"", ""raw_mnn"": null, ""field_type"": ""unknown"", ""canonical_components"": [], ""url"": ""https://www.vidal.ru/drugs/products"", ""title"": ""По алфавиту"", ""match_status"": ""ambiguous"", ""match_score"": 0.0, ""source_class"": ""search_only"", ""parse_warnings"": []}, {""source"": ""stolichki"", ""raw_mnn"": null, ""field_type"": ""unknown"", ""canonical_components"": [], ""url"": null, ""title"": null, ""match_status"": ""ambiguous"", ""match_score"": 0.0, ""source_class"": ""search_only"", ""parse_warnings"": []}]"
3781,ФАРИНГОСЕПТ ТАБЛ. Д/РАССАС. МЕД-ЛИМОН 10МГ №20 | C.К. ТЕРАПИЯ С.А. | C.К. ТЕРАПИЯ С.А.,drug,Амбазон,otc,,none,none,no_known_inn_token,1,2,2,,[],,unresolved_catalog,single_source,unknown,unknown,,,false,,unresolved,true,catalog_accept_removed,"[{""source"": ""apteka"", ""url"": ""https://apteka.ru/product/faringosept-med-limon-10-mg-20-sht-tabletki-dlya-rassasyvaniya-5e32680e65b5ab000165103a/"", ""title"": ""faringosept med limon 10 mg 20 sht tabletki dlya rassasyvaniya"", ""raw_mnn"": ""Амбазон"", ""mnn"": ""Амбазон"", ""raw_rx_otc"": null, ""field_type"": ""explicit_mnn"", ""source_class"": ""product_card"", ""card_fetched"": true, ""fetched_at"": ""2026-08-13T19:23:49+00:00"", ""http_status"": 0, ""parser_version"": ""mnn_source_identity_v1"", ""query"": ""Фарингосепт 10 мг таблетки"", ""matched_brand"": null, ""matched_form"": null, ""matched_dosage"": null, ""matched_pack"": ""10"", ""serp_match_score"": 1.0, ""error"": null, ""match_status"": ""rejected"", ""match_score"": -0.4, ""match_reasons"": [""brand_title_conflict:-0.60"", ""dose_match:+0.20""], ""match_axes"": [""dose""], ""hard_contradiction"": true, ""matched_product_title"": ""faringosept med limon 10 mg 20 sht tabletki dlya rassasyvaniya""}, {""source"": ""asna"", ""url"": ""https://www.asna.ru/cards/faringosept_n10_tab_drassasyvaniya_sk_terapiya_sa.html"", ""title"": ""/cards/faringosept_n10_tab_drassasyvaniya_sk_terapiya_sa.html"", ""raw_mnn"": ""Амбазон"", ""mnn"": ""Амбазон"", ""raw_rx_otc"": ""otc"", ""field_type"": ""explicit_mnn"", ""source_class"": ""product_card"", ""card_fetched"": true, ""fetched_at"": ""2026-08-13T19:23:49+00:00"", ""http_status"": 0, ""parser_version"": ""mnn_source_identity_v1"", ""query"": ""Фарингосепт 10 мг таблетки"", ""matched_brand"": null, ""matched_form"": null, ""matched_dosage"": null, ""matched_pack"": null, ""serp_match_score"": 0.5, ""error"": null, ""match_status"": ""rejected"", ""match_score"": -0.45, ""match_reasons"": [""brand_title_conflict:-0.60"", ""dose_card_unknown"", ""form_match:+0.15""], ""match_axes"": [""form""], ""hard_contradiction"": true, ""matched_product_title"": ""/cards/faringosept_n10_tab_drassasyvaniya_sk_terapiya_sa.html""}]","[{""source"": ""uteka"", ""url"": ""https://uteka.ru/product/faringosept-33508/"", ""title"": ""Фарингосепт, 10 мг, табл. д/рассас, 20 шт."", ""raw_mnn"": ""Амбазон"", ""mnn"": ""Амбазон"", ""raw_rx_otc"": ""otc"", ""field_type"": ""explicit_mnn"", ""source_class"": ""product_card"", ""card_fetched"": true, ""fetched_at"": ""2026-08-13T19:23:48+00:00"", ""http_status"": 0, ""parser_version"": ""mnn_source_identity_v1"", ""query"": ""Фарингосепт 10 мг таблетки"", ""matched_brand"": null, ""matched_form"": ""таблетки"", ""matched_dosage"": ""10мг"", ""matched_pack"": ""20"", ""serp_match_score"": 1.0, ""error"": null, ""match_status"": ""accepted"", ""match_score"": 0.85, ""match_reasons"": [""brand_title_match:+0.50"", ""dose_match:+0.20"", ""form_match:+0.15""], ""match_axes"": [""brand_title"", ""dose"", ""form""], ""hard_contradiction"": false, ""matched_product_title"": ""Фарингосепт, 10 мг, табл. д/рассас, 20 шт.""}]","[{""source"": ""uteka"", ""raw_mnn"": ""Амбазон"", ""field_type"": ""explicit_mnn"", ""canonical_components"": [""Амбазон""], ""url"": ""https://uteka.ru/product/faringosept-33508/"", ""title"": ""Фарингосепт, 10 мг, табл. д/рассас, 20 шт."", ""match_status"": ""accepted"", ""match_score"": 0.85, ""source_class"": ""product_card"", ""parse_warnings"": []}, {""source"": ""apteka"", ""raw_mnn"": ""Амбазон"", ""field_type"": ""explicit_mnn"", ""canonical_components"": [], ""url"": ""https://apteka.ru/product/faringosept-med-limon-10-mg-20-sht-tabletki-dlya-rassasyvaniya-5e32680e65b5ab000165103a/"", ""title"": ""faringosept med limon 10 mg 20 sht tabletki dlya rassasyvaniya"", ""match_status"": ""rejected"", ""match_score"": -0.4, ""source_class"": ""product_card"", ""parse_warnings"": []}, {""source"": ""asna"", ""raw_mnn"": ""Амбазон"", ""field_type"": ""explicit_mnn"", ""canonical_components"": [], ""url"": ""https://www.asna.ru/cards/faringosept_n10_tab_drassasyvaniya_sk_terapiya_sa.html"", ""title"": ""/cards/faringosept_n10_tab_drassasyvaniya_sk_terapiya_sa.html"", ""match_status"": ""rejected"", ""match_score"": -0.45, ""source_class"": ""product_card"", ""parse_warnings"": []}, {""source"": ""vidal"", ""raw_mnn"": ""Амбазон"", ""field_type"": ""explicit_mnn"", ""canonical_components"": [], ""url"": ""https://www.vidal.ru/drugs/faringosept__17003"", ""title"": ""Фарингосепт"", ""match_status"": ""ambiguous"", ""match_score"": 0.5, ""source_class"": ""product_card"", ""parse_warnings"": []}, {""source"": ""stolichki"", ""raw_mnn"": null, ""field_type"": ""unknown"", ""canonical_components"": [], ""url"": null, ""title"": null, ""match_status"": ""ambiguous"", ""match_score"": 0.0, ""source_class"": ""search_only"", ""parse_warnings"": []}]"
4133,УЛЬЦЕРНИЛ ТАБЛ. КИШ/РАСТ. П/ПЛЕН/ОБ. 20МГ №28 | САН ФАРМАСЬЮТИКАЛ ИНДАСТРИЗ ЛТД | САН ФАРМАСЬЮТИКАЛ ИНДАСТРИЗ ЛТД,drug,,rx,,none,none,no_known_inn_token,1,0,4,,[],,unresolved_catalog,single_source,unknown,unknown,,,false,,unresolved,true,catalog_accept_removed,[],"[{""source"": ""uteka"", ""url"": ""https://uteka.ru/product/ulcernil-362901/"", ""title"": ""Ульцернил, 20 мг, 28 шт."", ""raw_mnn"": ""Рабепразол"", ""mnn"": ""Рабепразол"", ""raw_rx_otc"": ""otc"", ""field_type"": ""explicit_mnn"", ""source_class"": ""product_card"", ""card_fetched"": true, ""fetched_at"": ""2026-08-13T19:23:51+00:00"", ""http_status"": 0, ""parser_version"": ""mnn_source_identity_v1"", ""query"": ""Ульцернил 20 мг"", ""matched_brand"": null, ""matched_form"": null, ""matched_dosage"": ""20мг"", ""matched_pack"": ""28"", ""serp_match_score"": 1.0, ""error"": null, ""match_status"": ""accepted"", ""match_score"": 0.7, ""match_reasons"": [""brand_title_match:+0.50"", ""dose_match:+0.20""], ""match_axes"": [""brand_title"", ""dose""], ""hard_contradiction"": false, ""matched_product_title"": ""Ульцернил, 20 мг, 28 шт.""}]","[{""source"": ""uteka"", ""raw_mnn"": ""Рабепразол"", ""field_type"": ""explicit_mnn"", ""canonical_components"": [""Рабепразол""], ""url"": ""https://uteka.ru/product/ulcernil-362901/"", ""title"": ""Ульцернил, 20 мг, 28 шт."", ""match_status"": ""accepted"", ""match_score"": 0.7, ""source_class"": ""product_card"", ""parse_warnings"": []}, {""source"": ""apteka"", ""raw_mnn"": null, ""field_type"": ""unknown"", ""canonical_components"": [], ""url"": null, ""title"": null, ""match_status"": ""ambiguous"", ""match_score"": 0.0, ""source_class"": ""search_only"", ""parse_warnings"": []}, {""source"": ""asna"", ""raw_mnn"": null, ""field_type"": ""unknown"", ""canonical_components"": [], ""url"": ""https://www.asna.ru/cards/ultsernil_20mg_n28_tab_kishechnorastvorimye_pokrytye_plenochnoy_obolochkoy_san_farmasyutikal_indastriz_ltd.html"", ""title"": ""/cards/ultsernil_20mg_n28_tab_kishechnorastvorimye_pokrytye_plenochnoy_obolochkoy_san_farmasyutikal_indastriz_ltd.html"", ""match_status"": ""ambiguous"", ""match_score"": 0.0, ""source_class"": ""search_only"", ""parse_warnings"": []}, {""source"": ""vidal"", ""raw_mnn"": ""Рабепразол"", ""field_type"": ""explicit_mnn"", ""canonical_components"": [], ""url"": ""https://www.vidal.ru/drugs/ulcernil"", ""title"": ""Ульцернил"", ""match_status"": ""ambiguous"", ""match_score"": 0.5, ""source_class"": ""product_card"", ""parse_warnings"": []}, {""source"": ""stolichki"", ""raw_mnn"": null, ""field_type"": ""unknown"", ""canonical_components"": [], ""url"": null, ""title"": null, ""match_status"": ""ambiguous"", ""match_score"": 0.0, ""source_class"": ""search_only"", ""parse_warnings"": []}]"
4403,ТРИМЕТАЗИДИН-АКОС МВ 35МГ ТАБЛ. МОДИФ. ВЫСВ. П/О №60 | БИОКОМ ЗАО | БИОКОМ ЗАО,drug,Триметазидин,rx,,none,none,no_known_inn_token,1,2,2,,[],,unresolved_catalog,single_source,unknown,unknown,,,false,,unresolved,true,catalog_accept_removed,"[{""source"": ""apteka"", ""url"": ""https://apteka.ru/product/trimetazidin-akos-mv-35-mg-120-sht-tabletki-s-modificzirovannym-vysvobozhdeniem-pokrytye-obolochkoj-6284efc71235eea774678134/"", ""title"": ""trimetazidin akos mv 35 mg 120 sht tabletki s modificzirovannym vysvobozhdeniem pokrytye obolochkoj"", ""raw_mnn"": ""Триметазидин"", ""mnn"": ""Триметазидин"", ""raw_rx_otc"": ""rx"", ""field_type"": ""explicit_mnn"", ""source_class"": ""product_card"", ""card_fetched"": true, ""fetched_at"": ""2026-08-13T19:23:56+00:00"", ""http_status"": 0, ""parser_version"": ""mnn_source_identity_v1"", ""query"": ""Триметазидин-АКОС 35 мг таблетки"", ""matched_brand"": null, ""matched_form"": null, ""matched_dosage"": null, ""matched_pack"": null, ""serp_match_score"": 0.45, ""error"": null, ""match_status"": ""rejected"", ""match_score"": -0.4, ""match_reasons"": [""brand_title_conflict:-0.60"", ""dose_match:+0.20""], ""match_axes"": [""dose""], ""hard_contradiction"": true, ""matched_product_title"": ""trimetazidin akos mv 35 mg 120 sht tabletki s modificzirovannym vysvobozhdeniem pokrytye obolochkoj""}, {""source"": ""asna"", ""url"": ""https://www.asna.ru/cards/trimetazidin-akos_mv_35mg_n60_tab_s_modifitsirovannym_vysvobozhdeniem_pokrytye_obolochkoy_biokom_ao.html"", ""title"": ""/cards/trimetazidin-akos_mv_35mg_n60_tab_s_modifitsirovannym_vysvobozhdeniem_pokrytye_obolochkoy_biokom_ao.html"", ""raw_mnn"": ""Триметазидин"", ""mnn"": ""Триметазидин"", ""raw_rx_otc"": ""rx"", ""field_type"": ""explicit_mnn"", ""source_class"": ""product_card"", ""card_fetched"": true, ""fetched_at"": ""2026-08-13T19:23:56+00:00"", ""http_status"": 0, ""parser_version"": ""mnn_source_identity_v1"", ""query"": ""Триметазидин-АКОС 35 мг таблетки"", ""matched_brand"": null, ""matched_form"": null, ""matched_dosage"": null, ""matched_pack"": null, ""serp_match_score"": 0.5, ""error"": null, ""match_status"": ""rejected"", ""match_score"": -0.25, ""match_reasons"": [""brand_title_conflict:-0.60"", ""dose_match:+0.20"", ""form_match:+0.15""], ""match_axes"": [""dose"", ""form""], ""hard_contradiction"": true, ""matched_product_title"": ""/cards/trimetazidin-akos_mv_35mg_n60_tab_s_modifitsirovannym_vysvobozhdeniem_pokrytye_obolochkoy_biokom_ao.html""}]","[{""source"": ""uteka"", ""url"": ""https://uteka.ru/product/trimetazidin-mv-208734/"", ""title"": ""Триметазидин-АКОС МВ, 35 мг, табл. с модиф. высвоб. п.о, 120 шт."", ""raw_mnn"": ""Триметазидин"", ""mnn"": ""Триметазидин"", ""raw_rx_otc"": ""rx"", ""field_type"": ""explicit_mnn"", ""source_class"": ""product_card"", ""card_fetched"": true, ""fetched_at"": ""2026-08-13T19:23:55+00:00"", ""http_status"": 0, ""parser_version"": ""mnn_source_identity_v1"", ""query"": ""Триметазидин-АКОС 35 мг таблетки"", ""matched_brand"": null, ""matched_form"": ""таблетки"", ""matched_dosage"": ""35мг"", ""matched_pack"": ""120"", ""serp_match_score"": 1.0, ""error"": null, ""match_status"": ""accepted"", ""match_score"": 0.85, ""match_reasons"": [""brand_title_match:+0.50"", ""dose_match:+0.20"", ""form_match:+0.15""], ""match_axes"": [""brand_title"", ""dose"", ""form""], ""hard_contradiction"": false, ""matched_product_title"": ""Триметазидин-АКОС МВ, 35 мг, табл. с модиф. высвоб. п.о, 120 шт.""}]","[{""source"": ""uteka"", ""raw_mnn"": ""Триметазидин"", ""field_type"": ""explicit_mnn"", ""canonical_components"": [""Триметазидин""], ""url"": ""https://uteka.ru/product/trimetazidin-mv-208734/"", ""title"": ""Триметазидин-АКОС МВ, 35 мг, табл. с модиф. высвоб. п.о, 120 шт."", ""match_status"": ""accepted"", ""match_score"": 0.85, ""source_class"": ""product_card"", ""parse_warnings"": []}, {""source"": ""apteka"", ""raw_mnn"": ""Триметазидин"", ""field_type"": ""explicit_mnn"", ""canonical_components"": [], ""url"": ""https://apteka.ru/product/trimetazidin-akos-mv-35-mg-120-sht-tabletki-s-modificzirovannym-vysvobozhdeniem-pokrytye-obolochkoj-6284efc71235eea774678134/"", ""title"": ""trimetazidin akos mv 35 mg 120 sht tabletki s modificzirovannym vysvobozhdeniem pokrytye obolochkoj"", ""match_status"": ""rejected"", ""match_score"": -0.4, ""source_class"": ""product_card"", ""parse_warnings"": []}, {""source"": ""asna"", ""raw_mnn"": ""Триметазидин"", ""field_type"": ""explicit_mnn"", ""canonical_components"": [], ""url"": ""https://www.asna.ru/cards/trimetazidin-akos_mv_35mg_n60_tab_s_modifitsirovannym_vysvobozhdeniem_pokrytye_obolochkoy_biokom_ao.html"", ""title"": ""/cards/trimetazidin-akos_mv_35mg_n60_tab_s_modifitsirovannym_vysvobozhdeniem_pokrytye_obolochkoy_biokom_ao.html"", ""match_status"": ""rejected"", ""match_score"": -0.25, ""source_class"": ""product_card"", ""parse_warnings"": []}, {""source"": ""vidal"", ""raw_mnn"": ""Триметазидин"", ""field_type"": ""explicit_mnn"", ""canonical_components"": [], ""url"": ""https://www.vidal.ru/drugs/trimetazidine-akos-mr-1"", ""title"": ""Триметазидин-АКОС МВ"", ""match_status"": ""ambiguous"", ""match_score"": 0.5, ""source_class"": ""product_card"", ""parse_warnings"": []}, {""source"": ""stolichki"", ""raw_mnn"": null, ""field_type"": ""unknown"", ""canonical_components"": [], ""url"": null, ""title"": null, ""match_status"": ""ambiguous"", ""match_score"": 0.0, ""source_class"": ""search_only"", ""parse_warnings"": []}]"
4481,ТРАНЕКСАМОВАЯ КИСЛОТА ТАБЛ. П/ПЛЕН/ОБ. 250МГ №30 МЭЗ | МОСКОВСКИЙ ЭНДОКРИННЫЙ ЗАВОД ФГУП | МОСКОВСКИЙ ЭНДОКРИННЫЙ ЗАВОД ФГУП,drug,Транексамовая кислота,rx,,none,none,no_known_inn_token,1,1,3,,[],,unresolved_catalog,single_source,unknown,unknown,,,false,,unresolved,true,catalog_accept_removed,"[{""source"": ""apteka"", ""url"": ""https://apteka.ru/product/traneksamovaya-kislota-verteks-250-mg-10-sht-tabletki-pokrytye-plenochnoj-obolochkoj-634d69dfe65cbb5833914689/"", ""title"": ""traneksamovaya kislota verteks 250 mg 10 sht tabletki pokrytye plenochnoj obolochkoj"", ""raw_mnn"": ""Транексамовая кислота"", ""mnn"": ""Транексамовая кислота"", ""raw_rx_otc"": ""rx"", ""field_type"": ""explicit_mnn"", ""source_class"": ""product_card"", ""card_fetched"": true, ""fetched_at"": ""2026-08-13T19:24:01+00:00"", ""http_status"": 0, ""parser_version"": ""mnn_source_identity_v1"", ""query"": ""ТРАНЕКСАМОВАЯ КИСЛОТА 250 мг таблетки"", ""matched_brand"": null, ""matched_form"": null, ""matched_dosage"": null, ""matched_pack"": null, ""serp_match_score"": 0.45, ""error"": null, ""match_status"": ""rejected"", ""match_score"": -0.4, ""match_reasons"": [""brand_title_conflict:-0.60"", ""dose_match:+0.20""], ""match_axes"": [""dose""], ""hard_contradiction"": true, ""matched_product_title"": ""traneksamovaya kislota verteks 250 mg 10 sht tabletki pokrytye plenochnoj obolochkoj""}]","[{""source"": ""uteka"", ""url"": ""https://uteka.ru/product/traneksamovaya-kislota-402814/"", ""title"": ""Транексамовая кислота, 250 мг, табл. п.п.о, 10 шт."", ""raw_mnn"": ""Транексамовая кислота"", ""mnn"": ""Транексамовая кислота"", ""raw_rx_otc"": ""rx"", ""field_type"": ""explicit_mnn"", ""source_class"": ""product_card"", ""card_fetched"": true, ""fetched_at"": ""2026-08-13T19:24:00+00:00"", ""http_status"": 0, ""parser_version"": ""mnn_source_identity_v1"", ""query"": ""ТРАНЕКСАМОВАЯ КИСЛОТА 250 мг таблетки"", ""matched_brand"": null, ""matched_form"": ""таблетки"", ""matched_dosage"": ""250мг"", ""matched_pack"": ""10"", ""serp_match_score"": 0.9, ""error"": null, ""match_status"": ""accepted"", ""match_score"": 0.85, ""match_reasons"": [""brand_title_match:+0.50"", ""dose_match:+0.20"", ""form_match:+0.15""], ""match_axes"": [""brand_title"", ""dose"", ""form""], ""hard_contradiction"": false, ""matched_product_title"": ""Транексамовая кислота, 250 мг, табл. п.п.о, 10 шт.""}]","[{""source"": ""uteka"", ""raw_mnn"": ""Транексамовая кислота"", ""field_type"": ""explicit_mnn"", ""canonical_components"": [""Транексамовая кислота""], ""url"": ""https://uteka.ru/product/traneksamovaya-kislota-402814/"", ""title"": ""Транексамовая кислота, 250 мг, табл. п.п.о, 10 шт."", ""match_status"": ""accepted"", ""match_score"": 0.85, ""source_class"": ""product_card"", ""parse_warnings"": []}, {""source"": ""apteka"", ""raw_mnn"": ""Транексамовая кислота"", ""field_type"": ""explicit_mnn"", ""canonical_components"": [], ""url"": ""https://apteka.ru/product/traneksamovaya-kislota-verteks-250-mg-10-sht-tabletki-pokrytye-plenochnoj-obolochkoj-634d69dfe65cbb5833914689/"", ""title"": ""traneksamovaya kislota verteks 250 mg 10 sht tabletki pokrytye plenochnoj obolochkoj"", ""match_status"": ""rejected"", ""match_score"": -0.4, ""source_class"": ""product_card"", ""parse_warnings"": []}, {""source"": ""asna"", ""raw_mnn"": null, ""field_type"": ""unknown"", ""canonical_components"": [], ""url"": ""https://www.asna.ru/cards/traneksamovaya_kislota-verteks_250mg_n10_tab_pokrytye_plenochnoy_obolochkoy_verteks_ao.html"", ""title"": ""/cards/traneksamovaya_kislota-verteks_250mg_n10_tab_pokrytye_plenochnoy_obolochkoy_verteks_ao.html"", ""match_status"": ""ambiguous"", ""match_score"": 0.0, ""source_class"": ""search_only"", ""parse_warnings"": []}, {""source"": ""vidal"", ""raw_mnn"": null, ""field_type"": ""unknown"", ""canonical_components"": [], ""url"": ""https://www.vidal.ru/drugs/products"", ""title"": ""По алфавиту"", ""match_status"": ""ambiguous"", ""match_score"": 0.0, ""source_class"": ""search_only"", ""parse_warnings"": []}, {""source"": ""stolichki"", ""raw_mnn"": null, ""field_type"": ""unknown"", ""canonical_components"": [], ""url"": null, ""title"": null, ""match_status"": ""ambiguous"", ""match_score"": 0.0, ""source_class"": ""search_only"", ""parse_warnings"": []}]"
4487,ТРАНЕКСАМОВАЯ КИСЛОТА Р-Р ДЛЯ В/В ВВЕД. 50МГ/МЛ АМП. 5МЛ №10 МЭЗ | МОСКОВСКИЙ ЭНДОКРИННЫЙ ЗАВОД ФГУП | МОСКОВСКИЙ ЭНДОКРИННЫЙ ЗАВОД ФГУП,drug,Транексамовая кислота,rx,,none,none,no_known_inn_token,1,1,3,,[],,unresolved_catalog,single_source,unknown,unknown,,,false,,unresolved,true,catalog_accept_removed,"[{""source"": ""apteka"", ""url"": ""https://apteka.ru/product/traneksamovaya-kislota-50-mgml-rastvor-dlya-vnutrivennogo-vvedeniya-5-ml-upakovka-korobka-ampuly-10-sht-6791dab14212848db63a48f6/"", ""title"": ""traneksamovaya kislota 50 mgml rastvor dlya vnutrivennogo vvedeniya 5 ml upakovka korobka ampuly 10 sht"", ""raw_mnn"": ""Транексамовая кислота"", ""mnn"": ""Транексамовая кислота"", ""raw_rx_otc"": ""rx"", ""field_type"": ""explicit_mnn"", ""source_class"": ""product_card"", ""card_fetched"": true, ""fetched_at"": ""2026-08-13T19:24:05+00:00"", ""http_status"": 0, ""parser_version"": ""mnn_source_identity_v1"", ""query"": ""ТРАНЕКСАМОВАЯ КИСЛОТА 50 мг/мл раствор"", ""matched_brand"": null, ""matched_form"": null, ""matched_dosage"": null, ""matched_pack"": null, ""serp_match_score"": 0.375, ""error"": null, ""match_status"": ""rejected"", ""match_score"": -0.75, ""match_reasons"": [""brand_title_conflict:-0.60"", ""dose_conflict:-0.30"", ""form_match:+0.15""], ""match_axes"": [""form""], ""hard_contradiction"": true, ""matched_product_title"": ""traneksamovaya kislota 50 mgml rastvor dlya vnutrivennogo vvedeniya 5 ml upakovka korobka ampuly 10 sht""}]","[{""source"": ""uteka"", ""url"": ""https://uteka.ru/product/traneksamovaya-kislota-404184/"", ""title"": ""Транексамовая кислота, 50 мг/мл, р-р для в/в введ, 5 мл, 10 шт."", ""raw_mnn"": ""Транексамовая кислота"", ""mnn"": ""Транексамовая кислота"", ""raw_rx_otc"": ""rx"", ""field_type"": ""explicit_mnn"", ""source_class"": ""product_card"", ""card_fetched"": true, ""fetched_at"": ""2026-08-13T19:24:04+00:00"", ""http_status"": 0, ""parser_version"": ""mnn_source_identity_v1"", ""query"": ""ТРАНЕКСАМОВАЯ КИСЛОТА 50 мг/мл раствор"", ""matched_brand"": null, ""matched_form"": ""раствор"", ""matched_dosage"": ""50мг"", ""matched_pack"": ""10"", ""serp_match_score"": 0.9333, ""error"": null, ""match_status"": ""accepted"", ""match_score"": 0.85, ""match_reasons"": [""brand_title_match:+0.50"", ""dose_match:+0.20"", ""form_match:+0.15""], ""match_axes"": [""brand_title"", ""dose"", ""form""], ""hard_contradiction"": false, ""matched_product_title"": ""Транексамовая кислота, 50 мг/мл, р-р для в/в введ, 5 мл, 10 шт.""}]","[{""source"": ""uteka"", ""raw_mnn"": ""Транексамовая кислота"", ""field_type"": ""explicit_mnn"", ""canonical_components"": [""Транексамовая кислота""], ""url"": ""https://uteka.ru/product/traneksamovaya-kislota-404184/"", ""title"": ""Транексамовая кислота, 50 мг/мл, р-р для в/в введ, 5 мл, 10 шт."", ""match_status"": ""accepted"", ""match_score"": 0.85, ""source_class"": ""product_card"", ""parse_warnings"": []}, {""source"": ""apteka"", ""raw_mnn"": ""Транексамовая кислота"", ""field_type"": ""explicit_mnn"", ""canonical_components"": [], ""url"": ""https://apteka.ru/product/traneksamovaya-kislota-50-mgml-rastvor-dlya-vnutrivennogo-vvedeniya-5-ml-upakovka-korobka-ampuly-10-sht-6791dab14212848db63a48f6/"", ""title"": ""traneksamovaya kislota 50 mgml rastvor dlya vnutrivennogo vvedeniya 5 ml upakovka korobka ampuly 10 sht"", ""match_status"": ""rejected"", ""match_score"": -0.75, ""source_class"": ""product_card"", ""parse_warnings"": []}, {""source"": ""asna"", ""raw_mnn"": null, ""field_type"": ""unknown"", ""canonical_components"": [], ""url"": ""https://www.asna.ru/cards/traneksamovaya_kislota_50mgml_5ml_n10_r-r_dlya_vv_vvedeniya_ellara_ooo.html"", ""title"": ""/cards/traneksamovaya_kislota_50mgml_5ml_n10_r-r_dlya_vv_vvedeniya_ellara_ooo.html"", ""match_status"": ""ambiguous"", ""match_score"": 0.0, ""source_class"": ""search_only"", ""parse_warnings"": []}, {""source"": ""vidal"", ""raw_mnn"": null, ""field_type"": ""unknown"", ""canonical_components"": [], ""url"": ""https://www.vidal.ru/drugs/products"", ""title"": ""По алфавиту"", ""match_status"": ""ambiguous"", ""match_score"": 0.0, ""source_class"": ""search_only"", ""parse_warnings"": []}, {""source"": ""stolichki"", ""raw_mnn"": null, ""field_type"": ""unknown"", ""canonical_components"": [], ""url"": null, ""title"": null, ""match_status"": ""ambiguous"", ""match_score"": 0.0, ""source_class"": ""search_only"", ""parse_warnings"": []}]"
4570,ТОРАСЕМИД ТАБЛ. 5МГ №60 ПРАНАФАРМ | ПРАНАФАРМ ООО | ПРАНАФАРМ ООО,drug,Торасемид,rx,Торасемид,strong,high,exact_normalized_text_token_start,0,3,2,,[],,resolved_enrichment,empty,unknown,unknown,Торасемид,ok,true,Торасемид,input_plus_enrichment,false,method_changed,"[{""source"": ""uteka"", ""url"": ""https://uteka.ru/product/enalapril-384383/"", ""title"": ""Эналаприл, 5 мг, табл, 60 шт."", ""raw_mnn"": ""Эналаприл"", ""mnn"": ""Эналаприл"", ""raw_rx_otc"": ""rx"", ""field_type"": ""explicit_mnn"", ""source_class"": ""product_card"", ""card_fetched"": true, ""fetched_at"": ""2026-08-13T19:24:07+00:00"", ""http_status"": 0, ""parser_version"": ""mnn_source_identity_v1"", ""query"": ""Пранафарм 5 мг таблетки"", ""matched_brand"": null, ""matched_form"": ""таблетки"", ""matched_dosage"": ""5мг"", ""matched_pack"": ""60"", ""serp_match_score"": 0.4333, ""error"": null, ""match_status"": ""rejected"", ""match_score"": 0.0, ""match_reasons"": [""strong_explicit_mnn_mismatch""], ""matched_product_title"": ""Эналаприл, 5 мг, табл, 60 шт.""}, {""source"": ""apteka"", ""url"": ""https://apteka.ru/product/atenolol-50-mg-n30-tabl-pranafarm-5e326f79f5a9ae000140be23/"", ""title"": ""atenolol 50 mg n30 tabl pranafarm"", ""raw_mnn"": ""Атенолол"", ""mnn"": ""Атенолол"", ""raw_rx_otc"": ""rx"", ""field_type"": ""explicit_mnn"", ""source_class"": ""product_card"", ""card_fetched"": true, ""fetched_at"": ""2026-08-13T19:24:09+00:00"", ""http_status"": 0, ""parser_version"": ""mnn_source_identity_v1"", ""query"": ""Пранафарм 5 мг таблетки"", ""matched_brand"": null, ""matched_form"": null, ""matched_dosage"": null, ""matched_pack"": ""30"", ""serp_match_score"": 0.775, ""error"": null, ""match_status"": ""rejected"", ""match_score"": 0.0, ""match_reasons"": [""strong_explicit_mnn_mismatch""], ""matched_product_title"": ""atenolol 50 mg n30 tabl pranafarm""}, {""source"": ""asna"", ""url"": ""https://www.asna.ru/cards/valsartan_40mg_n30_tab_pokrytye_plenochnoy_obolochkoy_pranafarm.html"", ""title"": ""/cards/valsartan_40mg_n30_tab_pokrytye_plenochnoy_obolochkoy_pranafarm.html"", ""raw_mnn"": ""Валсартан"", ""mnn"": ""Валсартан"", ""raw_rx_otc"": ""rx"", ""field_type"": ""explicit_mnn"", ""source_class"": ""product_card"", ""card_fetched"": true, ""fetched_at"": ""2026-08-13T19:24:08+00:00"", ""http_status"": 0, ""parser_version"": ""mnn_source_identity_v1"", ""query"": ""Пранафарм 5 мг таблетки"", ""matched_brand"": null, ""matched_form"": null, ""matched_dosage"": null, ""matched_pack"": null, ""serp_match_score"": 0.4, ""error"": null, ""match_status"": ""rejected"", ""match_score"": 0.0, ""match_reasons"": [""strong_explicit_mnn_mismatch""], ""matched_product_title"": ""/cards/valsartan_40mg_n30_tab_pokrytye_plenochnoy_obolochkoy_pranafarm.html""}]",[],"[{""source"": ""uteka"", ""raw_mnn"": ""Эналаприл"", ""field_type"": ""explicit_mnn"", ""canonical_components"": [], ""url"": ""https://uteka.ru/product/enalapril-384383/"", ""title"": ""Эналаприл, 5 мг, табл, 60 шт."", ""match_status"": ""rejected"", ""match_score"": 0.0, ""source_class"": ""product_card"", ""parse_warnings"": []}, {""source"": ""apteka"", ""raw_mnn"": ""Атенолол"", ""field_type"": ""explicit_mnn"", ""canonical_components"": [], ""url"": ""https://apteka.ru/product/atenolol-50-mg-n30-tabl-pranafarm-5e326f79f5a9ae000140be23/"", ""title"": ""atenolol 50 mg n30 tabl pranafarm"", ""match_status"": ""rejected"", ""match_score"": 0.0, ""source_class"": ""product_card"", ""parse_warnings"": []}, {""source"": ""asna"", ""raw_mnn"": ""Валсартан"", ""field_type"": ""explicit_mnn"", ""canonical_components"": [], ""url"": ""https://www.asna.ru/cards/valsartan_40mg_n30_tab_pokrytye_plenochnoy_obolochkoy_pranafarm.html"", ""title"": ""/cards/valsartan_40mg_n30_tab_pokrytye_plenochnoy_obolochkoy_pranafarm.html"", ""match_status"": ""rejected"", ""match_score"": 0.0, ""source_class"": ""product_card"", ""parse_warnings"": []}, {""source"": ""vidal"", ""raw_mnn"": null, ""field_type"": ""unknown"", ""canonical_components"": [], ""url"": ""https://www.vidal.ru/drugs/products"", ""title"": ""По алфавиту"", ""match_status"": ""ambiguous"", ""match_score"": 0.0, ""source_class"": ""search_only"", ""parse_warnings"": []}, {""source"": ""stolichki"", ""raw_mnn"": null, ""field_type"": ""unknown"", ""canonical_components"": [], ""url"": null, ""title"": null, ""match_status"": ""ambiguous"", ""match_score"": 0.0, ""source_class"": ""search_only"", ""parse_warnings"": []}]"
4593,ТОРАСЕМИД ТАБЛ. 10МГ №20 ОЗОН | ОЗОН ООО | ОЗОН ООО,drug,Торасемид,rx,Торасемид,strong,high,exact_normalized_text_token_start,1,1,3,,[],,resolved_input_explicit,single_source,unknown,unknown,,,false,Торасемид,input_explicit_mnn,false,catalog_accept_removed,"[{""source"": ""apteka"", ""url"": ""https://apteka.ru/product/torasemid-10-mg-60-sht-tabletki-63f38576eb7ecabcae073843/"", ""title"": ""torasemid 10 mg 60 sht tabletki"", ""raw_mnn"": ""Торасемид"", ""mnn"": ""Торасемид"", ""raw_rx_otc"": ""rx"", ""field_type"": ""explicit_mnn"", ""source_class"": ""product_card"", ""card_fetched"": true, ""fetched_at"": ""2026-08-13T19:24:14+00:00"", ""http_status"": 0, ""parser_version"": ""mnn_source_identity_v1"", ""query"": ""ТОРАСЕМИД 10 мг таблетки"", ""matched_brand"": null, ""matched_form"": null, ""matched_dosage"": null, ""matched_pack"": null, ""serp_match_score"": 0.45, ""error"": null, ""match_status"": ""rejected"", ""match_score"": -0.4, ""match_reasons"": [""brand_title_conflict:-0.60"", ""dose_match:+0.20""], ""match_axes"": [""dose""], ""hard_contradiction"": true, ""matched_product_title"": ""torasemid 10 mg 60 sht tabletki""}]","[{""source"": ""uteka"", ""url"": ""https://uteka.ru/product/torasemid-sz-296554/"", ""title"": ""Торасемид-СЗ, 10 мг, табл, 60 шт."", ""raw_mnn"": ""Торасемид"", ""mnn"": ""Торасемид"", ""raw_rx_otc"": ""rx"", ""field_type"": ""explicit_mnn"", ""source_class"": ""product_card"", ""card_fetched"": true, ""fetched_at"": ""2026-08-13T19:24:12+00:00"", ""http_status"": 0, ""parser_version"": ""mnn_source_identity_v1"", ""query"": ""ТОРАСЕМИД 10 мг таблетки"", ""matched_brand"": null, ""matched_form"": ""таблетки"", ""matched_dosage"": ""10мг"", ""matched_pack"": ""60"", ""serp_match_score"": 0.85, ""error"": null, ""match_status"": ""accepted"", ""match_score"": 0.85, ""match_reasons"": [""brand_title_match:+0.50"", ""dose_match:+0.20"", ""form_match:+0.15""], ""match_axes"": [""brand_title"", ""dose"", ""form""], ""hard_contradiction"": false, ""matched_product_title"": ""Торасемид-СЗ, 10 мг, табл, 60 шт.""}]","[{""source"": ""uteka"", ""raw_mnn"": ""Торасемид"", ""field_type"": ""explicit_mnn"", ""canonical_components"": [""Торасемид""], ""url"": ""https://uteka.ru/product/torasemid-sz-296554/"", ""title"": ""Торасемид-СЗ, 10 мг, табл, 60 шт."", ""match_status"": ""accepted"", ""match_score"": 0.85, ""source_class"": ""product_card"", ""parse_warnings"": []}, {""source"": ""apteka"", ""raw_mnn"": ""Торасемид"", ""field_type"": ""explicit_mnn"", ""canonical_components"": [], ""url"": ""https://apteka.ru/product/torasemid-10-mg-60-sht-tabletki-63f38576eb7ecabcae073843/"", ""title"": ""torasemid 10 mg 60 sht tabletki"", ""match_status"": ""rejected"", ""match_score"": -0.4, ""source_class"": ""product_card"", ""parse_warnings"": []}, {""source"": ""asna"", ""raw_mnn"": null, ""field_type"": ""unknown"", ""canonical_components"": [], ""url"": ""https://www.asna.ru/cards/torasemid-sz_10mg_n60_tab_severnaya_zvezda.html"", ""title"": ""/cards/torasemid-sz_10mg_n60_tab_severnaya_zvezda.html"", ""match_status"": ""ambiguous"", ""match_score"": 0.0, ""source_class"": ""search_only"", ""parse_warnings"": []}, {""source"": ""vidal"", ""raw_mnn"": null, ""field_type"": ""unknown"", ""canonical_components"": [], ""url"": ""https://www.vidal.ru/drugs/products"", ""title"": ""По алфавиту"", ""match_status"": ""ambiguous"", ""match_score"": 0.0, ""source_class"": ""search_only"", ""parse_warnings"": []}, {""source"": ""stolichki"", ""raw_mnn"": null, ""field_type"": ""unknown"", ""canonical_components"": [], ""url"": null, ""title"": null, ""match_status"": ""ambiguous"", ""match_score"": 0.0, ""source_class"": ""search_only"", ""parse_warnings"": []}]"
4602,ТОРАСЕМИД МЕДИСОРБ ТАБЛ. 5МГ №20 | Медисорб АО | Медисорб АО,drug,Торасемид,rx,Торасемид,strong,high,exact_normalized_text_token_start,0,4,1,,[],,resolved_enrichment,empty,unknown,unknown,Торасемид,ok,true,Торасемид,input_plus_enrichment,false,method_changed,"[{""source"": ""uteka"", ""url"": ""https://uteka.ru/product/olanzapin-medisorb-376910/"", ""title"": ""Оланзапин Медисорб, 5 мг, табл. п.п.о, 28 шт."", ""raw_mnn"": ""Оланзапин"", ""mnn"": ""Оланзапин"", ""raw_rx_otc"": ""rx"", ""field_type"": ""explicit_mnn"", ""source_class"": ""product_card"", ""card_fetched"": true, ""fetched_at"": ""2026-08-13T19:24:16+00:00"", ""http_status"": 0, ""parser_version"": ""mnn_source_identity_v1"", ""query"": ""Медисорб 5 мг таблетки"", ""matched_brand"": null, ""matched_form"": ""таблетки"", ""matched_dosage"": ""5мг"", ""matched_pack"": ""28"", ""serp_match_score"": 1.0, ""error"": null, ""match_status"": ""rejected"", ""match_score"": 0.0, ""match_reasons"": [""strong_explicit_mnn_mismatch""], ""matched_product_title"": ""Оланзапин Медисорб, 5 мг, табл. п.п.о, 28 шт.""}, {""source"": ""apteka"", ""url"": ""https://apteka.ru/product/lizinopril-medisorb-5-mg-60-sht-tabletki-67c0589b0b4e00c07633dab4/"", ""title"": ""lizinopril medisorb 5 mg 60 sht tabletki"", ""raw_mnn"": ""Лизиноприл"", ""mnn"": ""Лизиноприл"", ""raw_rx_otc"": ""rx"", ""field_type"": ""explicit_mnn"", ""source_class"": ""product_card"", ""card_fetched"": true, ""fetched_at"": ""2026-08-13T19:24:18+00:00"", ""http_status"": 0, ""parser_version"": ""mnn_source_identity_v1"", ""query"": ""Медисорб 5 мг таблетки"", ""matched_brand"": null, ""matched_form"": null, ""matched_dosage"": null, ""matched_pack"": null, ""serp_match_score"": 1.0, ""error"": null, ""match_status"": ""rejected"", ""match_score"": 0.0, ""match_reasons"": [""strong_explicit_mnn_mismatch""], ""matched_product_title"": ""lizinopril medisorb 5 mg 60 sht tabletki""}, {""source"": ""asna"", ""url"": ""https://www.asna.ru/cards/tsitramon_p_n20_tab_medisorb.html"", ""title"": ""/cards/tsitramon_p_n20_tab_medisorb.html"", ""raw_mnn"": ""Ацетилсалициловая кислота + Кофеин + Парацетамол"", ""mnn"": ""Ацетилсалициловая кислота + Кофеин + Парацетамол"", ""raw_rx_otc"": ""otc"", ""field_type"": ""explicit_mnn"", ""source_class"": ""product_card"", ""card_fetched"": true, ""fetched_at"": ""2026-08-13T19:24:17+00:00"", ""http_status"": 0, ""parser_version"": ""mnn_source_identity_v1"", ""query"": ""Медисорб 5 мг таблетки"", ""matched_brand"": null, ""matched_form"": null, ""matched_dosage"": null, ""matched_pack"": null, ""serp_match_score"": 0.4, ""error"": null, ""match_status"": ""rejected"", ""match_score"": 0.0, ""match_reasons"": [""strong_explicit_mnn_mismatch""], ""matched_product_title"": ""/cards/tsitramon_p_n20_tab_medisorb.html""}, {""source"": ""vidal"", ""url"": ""https://www.vidal.ru/drugs/metagliptin-medisorb"", ""title"": ""Метаглиптин Медисорб"", ""raw_mnn"": ""Метформин"", ""mnn"": ""Метформин"", ""raw_rx_otc"": ""rx"", ""field_type"": ""explicit_mnn"", ""source_class"": ""product_card"", ""card_fetched"": true, ""fetched_at"": ""2026-08-13T19:24:18+00:00"", ""http_status"": 0, ""parser_version"": ""mnn_source_identity_v1"", ""query"": ""Медисорб 5 мг таблетки"", ""matched_brand"": null, ""matched_form"": null, ""matched_dosage"": null, ""matched_pack"": null, ""serp_match_score"": 1.0, ""error"": null, ""match_status"": ""rejected"", ""match_score"": 0.0, ""match_reasons"": [""strong_explicit_mnn_mismatch""], ""matched_product_title"": ""Метаглиптин Медисорб""}]",[],"[{""source"": ""uteka"", ""raw_mnn"": ""Оланзапин"", ""field_type"": ""explicit_mnn"", ""canonical_components"": [], ""url"": ""https://uteka.ru/product/olanzapin-medisorb-376910/"", ""title"": ""Оланзапин Медисорб, 5 мг, табл. п.п.о, 28 шт."", ""match_status"": ""rejected"", ""match_score"": 0.0, ""source_class"": ""product_card"", ""parse_warnings"": []}, {""source"": ""apteka"", ""raw_mnn"": ""Лизиноприл"", ""field_type"": ""explicit_mnn"", ""canonical_components"": [], ""url"": ""https://apteka.ru/product/lizinopril-medisorb-5-mg-60-sht-tabletki-67c0589b0b4e00c07633dab4/"", ""title"": ""lizinopril medisorb 5 mg 60 sht tabletki"", ""match_status"": ""rejected"", ""match_score"": 0.0, ""source_class"": ""product_card"", ""parse_warnings"": []}, {""source"": ""asna"", ""raw_mnn"": ""Ацетилсалициловая кислота + Кофеин + Парацетамол"", ""field_type"": ""explicit_mnn"", ""canonical_components"": [], ""url"": ""https://www.asna.ru/cards/tsitramon_p_n20_tab_medisorb.html"", ""title"": ""/cards/tsitramon_p_n20_tab_medisorb.html"", ""match_status"": ""rejected"", ""match_score"": 0.0, ""source_class"": ""product_card"", ""parse_warnings"": []}, {""source"": ""vidal"", ""raw_mnn"": ""Метформин"", ""field_type"": ""explicit_mnn"", ""canonical_components"": [], ""url"": ""https://www.vidal.ru/drugs/metagliptin-medisorb"", ""title"": ""Метаглиптин Медисорб"", ""match_status"": ""rejected"", ""match_score"": 0.0, ""source_class"": ""product_card"", ""parse_warnings"": []}, {""source"": ""stolichki"", ""raw_mnn"": null, ""field_type"": ""unknown"", ""canonical_components"": [], ""url"": null, ""title"": null, ""match_status"": ""ambiguous"", ""match_score"": 0.0, ""source_class"": ""search_only"", ""parse_warnings"": []}]"
4684,ТОЛПЕРИЗОН ТАБЛ. П/ПЛЕН/ОБ. 150МГ №30 ОЗОН | ОЗОН ООО | ОЗОН ООО,drug,Толперизон,rx,Толперизон,strong,high,exact_normalized_text_token_start,1,1,3,,[],,resolved_input_explicit,single_source,unknown,unknown,,,false,Толперизон,input_explicit_mnn,false,catalog_accept_removed,"[{""source"": ""apteka"", ""url"": ""https://apteka.ru/product/tolperizon-150-mg-30-sht-tabletki-pokrytye-plenochnoj-obolochkoj-5e32754df5a9ae000140e559/"", ""title"": ""tolperizon 150 mg 30 sht tabletki pokrytye plenochnoj obolochkoj"", ""raw_mnn"": ""Толперизон"", ""mnn"": ""Толперизон"", ""raw_rx_otc"": ""rx"", ""field_type"": ""explicit_mnn"", ""source_class"": ""product_card"", ""card_fetched"": true, ""fetched_at"": ""2026-08-13T19:24:22+00:00"", ""http_status"": 0, ""parser_version"": ""mnn_source_identity_v1"", ""query"": ""ТОЛПЕРИЗОН 150 мг таблетки"", ""matched_brand"": null, ""matched_form"": null, ""matched_dosage"": null, ""matched_pack"": ""150"", ""serp_match_score"": 0.45, ""error"": null, ""match_status"": ""rejected"", ""match_score"": -0.4, ""match_reasons"": [""brand_title_conflict:-0.60"", ""dose_match:+0.20""], ""match_axes"": [""dose""], ""hard_contradiction"": true, ""matched_product_title"": ""tolperizon 150 mg 30 sht tabletki pokrytye plenochnoj obolochkoj""}]","[{""source"": ""uteka"", ""url"": ""https://uteka.ru/product/tolperizon-339756/"", ""title"": ""Толперизон, 150 мг, табл. п.п.о, 30 шт."", ""raw_mnn"": ""Толперизон"", ""mnn"": ""Толперизон"", ""raw_rx_otc"": ""rx"", ""field_type"": ""explicit_mnn"", ""source_class"": ""product_card"", ""card_fetched"": true, ""fetched_at"": ""2026-08-13T19:24:20+00:00"", ""http_status"": 0, ""parser_version"": ""mnn_source_identity_v1"", ""query"": ""ТОЛПЕРИЗОН 150 мг таблетки"", ""matched_brand"": null, ""matched_form"": ""таблетки"", ""matched_dosage"": ""150мг"", ""matched_pack"": ""30"", ""serp_match_score"": 0.85, ""error"": null, ""match_status"": ""accepted"", ""match_score"": 0.85, ""match_reasons"": [""brand_title_match:+0.50"", ""dose_match:+0.20"", ""form_match:+0.15""], ""match_axes"": [""brand_title"", ""dose"", ""form""], ""hard_contradiction"": false, ""matched_product_title"": ""Толперизон, 150 мг, табл. п.п.о, 30 шт.""}]","[{""source"": ""uteka"", ""raw_mnn"": ""Толперизон"", ""field_type"": ""explicit_mnn"", ""canonical_components"": [""Толперизон""], ""url"": ""https://uteka.ru/product/tolperizon-339756/"", ""title"": ""Толперизон, 150 мг, табл. п.п.о, 30 шт."", ""match_status"": ""accepted"", ""match_score"": 0.85, ""source_class"": ""product_card"", ""parse_warnings"": []}, {""source"": ""apteka"", ""raw_mnn"": ""Толперизон"", ""field_type"": ""explicit_mnn"", ""canonical_components"": [], ""url"": ""https://apteka.ru/product/tolperizon-150-mg-30-sht-tabletki-pokrytye-plenochnoj-obolochkoj-5e32754df5a9ae000140e559/"", ""title"": ""tolperizon 150 mg 30 sht tabletki pokrytye plenochnoj obolochkoj"", ""match_status"": ""rejected"", ""match_score"": -0.4, ""source_class"": ""product_card"", ""parse_warnings"": []}, {""source"": ""asna"", ""raw_mnn"": null, ""field_type"": ""unknown"", ""canonical_components"": [], ""url"": ""https://www.asna.ru/cards/tolperizon-sz_150mg_n30_tab_pokrytye_plenochnoy_obolochkoy_severnaya_zvezda_nao.html"", ""title"": ""/cards/tolperizon-sz_150mg_n30_tab_pokrytye_plenochnoy_obolochkoy_severnaya_zvezda_nao.html"", ""match_status"": ""ambiguous"", ""match_score"": 0.0, ""source_class"": ""search_only"", ""parse_warnings"": []}, {""source"": ""vidal"", ""raw_mnn"": null, ""field_type"": ""unknown"", ""canonical_components"": [], ""url"": ""https://www.vidal.ru/drugs/products"", ""title"": ""По алфавиту"", ""match_status"": ""ambiguous"", ""match_score"": 0.0, ""source_class"": ""search_only"", ""parse_warnings"": []}, {""source"": ""stolichki"", ""raw_mnn"": null, ""field_type"": ""unknown"", ""canonical_components"": [], ""url"": null, ""title"": null, ""match_status"": ""ambiguous"", ""match_score"": 0.0, ""source_class"": ""search_only"", ""parse_warnings"": []}]"
4922,ТЕРМИКОН СПРЕЙ Д/НАРУЖ. ПРИМ. 1% ФЛ. 30Г | ФАРМСТАНДАРТ-ЛЕКСРЕДСТВА ОАО | ФАРМСТАНДАРТ-ЛЕКСРЕДСТВА ОАО,drug,Тербинафин,rx,,none,none,no_known_inn_token,0,3,2,,[],,unresolved_catalog,empty,unknown,unknown,,,false,,unresolved,true,catalog_accept_removed,"[{""source"": ""uteka"", ""url"": ""https://uteka.ru/product/termikon-147668/"", ""title"": ""Термикон, 1%, спрей д/наружн. прим, спрей противогрибковый, 30 г, 1 шт."", ""raw_mnn"": ""Тербинафин"", ""mnn"": ""Тербинафин"", ""raw_rx_otc"": ""otc"", ""field_type"": ""explicit_mnn"", ""source_class"": ""product_card"", ""card_fetched"": true, ""fetched_at"": ""2026-08-13T19:24:24+00:00"", ""http_status"": 0, ""parser_version"": ""mnn_source_identity_v1"", ""query"": ""Термикон 1% спрей"", ""matched_brand"": null, ""matched_form"": ""спрей"", ""matched_dosage"": ""30г"", ""matched_pack"": ""1"", ""serp_match_score"": 1.0, ""error"": null, ""match_status"": ""rejected"", ""match_score"": 0.35, ""match_reasons"": [""brand_title_match:+0.50"", ""dose_conflict:-0.30"", ""form_match:+0.15""], ""match_axes"": [""brand_title"", ""form""], ""hard_contradiction"": true, ""matched_product_title"": ""Термикон, 1%, спрей д/наружн. прим, спрей противогрибковый, 30 г, 1 шт.""}, {""source"": ""apteka"", ""url"": ""https://apteka.ru/product/termikon-1-krem-15-gr-5e3276d1f5a9ae000140f1e4/"", ""title"": ""termikon 1 krem 15 gr"", ""raw_mnn"": ""Тербинафин"", ""mnn"": ""Тербинафин"", ""raw_rx_otc"": null, ""field_type"": ""explicit_mnn"", ""source_class"": ""product_card"", ""card_fetched"": true, ""fetched_at"": ""2026-08-13T19:24:26+00:00"", ""http_status"": 0, ""parser_version"": ""mnn_source_identity_v1"", ""query"": ""Термикон 1% спрей"", ""matched_brand"": null, ""matched_form"": null, ""matched_dosage"": null, ""matched_pack"": ""1"", ""serp_match_score"": 0.85, ""error"": null, ""match_status"": ""rejected"", ""match_score"": -0.6, ""match_reasons"": [""brand_title_conflict:-0.60"", ""dose_card_unknown""], ""match_axes"": [], ""hard_contradiction"": true, ""matched_product_title"": ""termikon 1 krem 15 gr""}, {""source"": ""asna"", ""url"": ""https://www.asna.ru/cards/termikon_1_30g_sprey_dnaruzhnogo_primeneniya_farmstandart-tomskkhimfarm_oao.html"", ""title"": ""/cards/termikon_1_30g_sprey_dnaruzhnogo_primeneniya_farmstandart-tomskkhimfarm_oao.html"", ""raw_mnn"": ""Тербинафин"", ""mnn"": ""Тербинафин"", ""raw_rx_otc"": ""otc"", ""field_type"": ""explicit_mnn"", ""source_class"": ""product_card"", ""card_fetched"": true, ""fetched_at"": ""2026-08-13T19:24:25+00:00"", ""http_status"": 0, ""parser_version"": ""mnn_source_identity_v1"", ""query"": ""Термикон 1% спрей"", ""matched_brand"": null, ""matched_form"": null, ""matched_dosage"": null, ""matched_pack"": null, ""serp_match_score"": 0.4, ""error"": null, ""match_status"": ""rejected"", ""match_score"": -0.6, ""match_reasons"": [""brand_title_conflict:-0.60"", ""dose_card_unknown""], ""match_axes"": [], ""hard_contradiction"": true, ""matched_product_title"": ""/cards/termikon_1_30g_sprey_dnaruzhnogo_primeneniya_farmstandart-tomskkhimfarm_oao.html""}]",[],"[{""source"": ""uteka"", ""raw_mnn"": ""Тербинафин"", ""field_type"": ""explicit_mnn"", ""canonical_components"": [], ""url"": ""https://uteka.ru/product/termikon-147668/"", ""title"": ""Термикон, 1%, спрей д/наружн. прим, спрей противогрибковый, 30 г, 1 шт."", ""match_status"": ""rejected"", ""match_score"": 0.35, ""source_class"": ""product_card"", ""parse_warnings"": []}, {""source"": ""apteka"", ""raw_mnn"": ""Тербинафин"", ""field_type"": ""explicit_mnn"", ""canonical_components"": [], ""url"": ""https://apteka.ru/product/termikon-1-krem-15-gr-5e3276d1f5a9ae000140f1e4/"", ""title"": ""termikon 1 krem 15 gr"", ""match_status"": ""rejected"", ""match_score"": -0.6, ""source_class"": ""product_card"", ""parse_warnings"": []}, {""source"": ""asna"", ""raw_mnn"": ""Тербинафин"", ""field_type"": ""explicit_mnn"", ""canonical_components"": [], ""url"": ""https://www.asna.ru/cards/termikon_1_30g_sprey_dnaruzhnogo_primeneniya_farmstandart-tomskkhimfarm_oao.html"", ""title"": ""/cards/termikon_1_30g_sprey_dnaruzhnogo_primeneniya_farmstandart-tomskkhimfarm_oao.html"", ""match_status"": ""rejected"", ""match_score"": -0.6, ""source_class"": ""product_card"", ""parse_warnings"": []}, {""source"": ""vidal"", ""raw_mnn"": ""Тербинафин"", ""field_type"": ""explicit_mnn"", ""canonical_components"": [], ""url"": ""https://www.vidal.ru/drugs/termicon"", ""title"": ""Термикон"", ""match_status"": ""ambiguous"", ""match_score"": 0.5, ""source_class"": ""product_card"", ""parse_warnings"": []}, {""source"": ""stolichki"", ""raw_mnn"": null, ""field_type"": ""unknown"", ""canonical_components"": [], ""url"": null, ""title"": null, ""match_status"": ""ambiguous"", ""match_score"": 0.0, ""source_class"": ""search_only"", ""parse_warnings"": []}]"
4924,ТЕРМИКОН КРЕМ Д/НАРУЖ. ПРИМ. 1% ТУБА 15Г | ЛЕККО ЗАО | ЛЕККО ЗАО,drug,,otc,,none,none,no_known_inn_token,0,3,2,,[],,unresolved_catalog,empty,unknown,unknown,,,false,,unresolved,true,catalog_accept_removed,"[{""source"": ""uteka"", ""url"": ""https://uteka.ru/product/termikon-300017/"", ""title"": ""Термикон, 1%, крем д/наружн. прим, противогрибковый, 15 г, 1 шт."", ""raw_mnn"": ""Тербинафин"", ""mnn"": ""Тербинафин"", ""raw_rx_otc"": ""otc"", ""field_type"": ""explicit_mnn"", ""source_class"": ""product_card"", ""card_fetched"": true, ""fetched_at"": ""2026-08-13T19:24:28+00:00"", ""http_status"": 0, ""parser_version"": ""mnn_source_identity_v1"", ""query"": ""Термикон 1% крем"", ""matched_brand"": null, ""matched_form"": ""крем"", ""matched_dosage"": ""15г"", ""matched_pack"": ""1"", ""serp_match_score"": 1.0, ""error"": null, ""match_status"": ""rejected"", ""match_score"": 0.35, ""match_reasons"": [""brand_title_match:+0.50"", ""dose_conflict:-0.30"", ""form_match:+0.15""], ""match_axes"": [""brand_title"", ""form""], ""hard_contradiction"": true, ""matched_product_title"": ""Термикон, 1%, крем д/наружн. прим, противогрибковый, 15 г, 1 шт.""}, {""source"": ""apteka"", ""url"": ""https://apteka.ru/product/termikon-1-krem-15-gr-5e3276d1f5a9ae000140f1e4/"", ""title"": ""termikon 1 krem 15 gr"", ""raw_mnn"": ""Тербинафин"", ""mnn"": ""Тербинафин"", ""raw_rx_otc"": null, ""field_type"": ""explicit_mnn"", ""source_class"": ""product_card"", ""card_fetched"": true, ""fetched_at"": ""2026-08-13T19:24:30+00:00"", ""http_status"": 0, ""parser_version"": ""mnn_source_identity_v1"", ""query"": ""Термикон 1% крем"", ""matched_brand"": null, ""matched_form"": null, ""matched_dosage"": null, ""matched_pack"": ""1"", ""serp_match_score"": 1.0, ""error"": null, ""match_status"": ""rejected"", ""match_score"": -0.6, ""match_reasons"": [""brand_title_conflict:-0.60"", ""dose_card_unknown""], ""match_axes"": [], ""hard_contradiction"": true, ""matched_product_title"": ""termikon 1 krem 15 gr""}, {""source"": ""asna"", ""url"": ""https://www.asna.ru/cards/termikon_1_15g_krem_dnaruzhnogo_primeneniya_farmstandart-tomskkhimfarm_oao.html"", ""title"": ""/cards/termikon_1_15g_krem_dnaruzhnogo_primeneniya_farmstandart-tomskkhimfarm_oao.html"", ""raw_mnn"": ""Тербинафин"", ""mnn"": ""Тербинафин"", ""raw_rx_otc"": ""otc"", ""field_type"": ""explicit_mnn"", ""source_class"": ""product_card"", ""card_fetched"": true, ""fetched_at"": ""2026-08-13T19:24:30+00:00"", ""http_status"": 0, ""parser_version"": ""mnn_source_identity_v1"", ""query"": ""Термикон 1% крем"", ""matched_brand"": null, ""matched_form"": null, ""matched_dosage"": null, ""matched_pack"": null, ""serp_match_score"": 0.4, ""error"": null, ""match_status"": ""rejected"", ""match_score"": -0.6, ""match_reasons"": [""brand_title_conflict:-0.60"", ""dose_card_unknown""], ""match_axes"": [], ""hard_contradiction"": true, ""matched_product_title"": ""/cards/termikon_1_15g_krem_dnaruzhnogo_primeneniya_farmstandart-tomskkhimfarm_oao.html""}]",[],"[{""source"": ""uteka"", ""raw_mnn"": ""Тербинафин"", ""field_type"": ""explicit_mnn"", ""canonical_components"": [], ""url"": ""https://uteka.ru/product/termikon-300017/"", ""title"": ""Термикон, 1%, крем д/наружн. прим, противогрибковый, 15 г, 1 шт."", ""match_status"": ""rejected"", ""match_score"": 0.35, ""source_class"": ""product_card"", ""parse_warnings"": []}, {""source"": ""apteka"", ""raw_mnn"": ""Тербинафин"", ""field_type"": ""explicit_mnn"", ""canonical_components"": [], ""url"": ""https://apteka.ru/product/termikon-1-krem-15-gr-5e3276d1f5a9ae000140f1e4/"", ""title"": ""termikon 1 krem 15 gr"", ""match_status"": ""rejected"", ""match_score"": -0.6, ""source_class"": ""product_card"", ""parse_warnings"": []}, {""source"": ""asna"", ""raw_mnn"": ""Тербинафин"", ""field_type"": ""explicit_mnn"", ""canonical_components"": [], ""url"": ""https://www.asna.ru/cards/termikon_1_15g_krem_dnaruzhnogo_primeneniya_farmstandart-tomskkhimfarm_oao.html"", ""title"": ""/cards/termikon_1_15g_krem_dnaruzhnogo_primeneniya_farmstandart-tomskkhimfarm_oao.html"", ""match_status"": ""rejected"", ""match_score"": -0.6, ""source_class"": ""product_card"", ""parse_warnings"": []}, {""source"": ""vidal"", ""raw_mnn"": ""Тербинафин"", ""field_type"": ""explicit_mnn"", ""canonical_components"": [], ""url"": ""https://www.vidal.ru/drugs/termicon"", ""title"": ""Термикон"", ""match_status"": ""ambiguous"", ""match_score"": 0.5, ""source_class"": ""product_card"", ""parse_warnings"": []}, {""source"": ""stolichki"", ""raw_mnn"": null, ""field_type"": ""unknown"", ""canonical_components"": [], ""url"": null, ""title"": null, ""match_status"": ""ambiguous"", ""match_score"": 0.0, ""source_class"": ""search_only"", ""parse_warnings"": []}]"
5010,ТЕРАФЛЕКС КАПС. 500МГ+400МГ №200 МАКИЗ-ФАРМА | МАКИЗ-ФАРМА | МАКИЗ-ФАРМА,drug,,otc,,none,none,no_known_inn_token,0,2,3,,[],,unresolved_catalog,empty,unknown,unknown,,,false,,unresolved,true,catalog_accept_removed,"[{""source"": ""apteka"", ""url"": ""https://apteka.ru/product/terafleks-500-mg--400-mg-100-sht-kapsuly-5e32736165b5ab0001656645/"", ""title"": ""terafleks 500 mg  400 mg 100 sht kapsuly"", ""raw_mnn"": ""Глюкозамин, Хондроитина сульфат"", ""mnn"": ""Глюкозамин, Хондроитина сульфат"", ""raw_rx_otc"": null, ""field_type"": ""explicit_mnn"", ""source_class"": ""product_card"", ""card_fetched"": true, ""fetched_at"": ""2026-08-13T19:24:34+00:00"", ""http_status"": 0, ""parser_version"": ""mnn_source_identity_v1"", ""query"": ""Терафлекс 500mg+400mg капсулы"", ""matched_brand"": null, ""matched_form"": null, ""matched_dosage"": null, ""matched_pack"": null, ""serp_match_score"": 0.775, ""error"": null, ""match_status"": ""rejected"", ""match_score"": -0.4, ""match_reasons"": [""brand_title_conflict:-0.60"", ""dose_match:+0.20""], ""match_axes"": [""dose""], ""hard_contradiction"": true, ""matched_product_title"": ""terafleks 500 mg  400 mg 100 sht kapsuly""}, {""source"": ""asna"", ""url"": ""https://www.asna.ru/cards/terafleks_n200_kaps_kontrakt_farmakal_korporeyshnmakiz-farma_ooo.html"", ""title"": ""/cards/terafleks_n200_kaps_kontrakt_farmakal_korporeyshnmakiz-farma_ooo.html"", ""raw_mnn"": ""Глюкозамин+Хондроитин сульфат"", ""mnn"": ""Глюкозамин+Хондроитин сульфат"", ""raw_rx_otc"": ""otc"", ""field_type"": ""explicit_mnn"", ""source_class"": ""product_card"", ""card_fetched"": true, ""fetched_at"": ""2026-08-13T19:24:34+00:00"", ""http_status"": 0, ""parser_version"": ""mnn_source_identity_v1"", ""query"": ""Терафлекс 500mg+400mg капсулы"", ""matched_brand"": null, ""matched_form"": null, ""matched_dosage"": null, ""matched_pack"": null, ""serp_match_score"": 0.4, ""error"": null, ""match_status"": ""rejected"", ""match_score"": -0.6, ""match_reasons"": [""brand_title_conflict:-0.60"", ""dose_card_unknown""], ""match_axes"": [], ""hard_contradiction"": true, ""matched_product_title"": ""/cards/terafleks_n200_kaps_kontrakt_farmakal_korporeyshnmakiz-farma_ooo.html""}]",[],"[{""source"": ""apteka"", ""raw_mnn"": ""Глюкозамин, Хондроитина сульфат"", ""field_type"": ""explicit_mnn"", ""canonical_components"": [], ""url"": ""https://apteka.ru/product/terafleks-500-mg--400-mg-100-sht-kapsuly-5e32736165b5ab0001656645/"", ""title"": ""terafleks 500 mg  400 mg 100 sht kapsuly"", ""match_status"": ""rejected"", ""match_score"": -0.4, ""source_class"": ""product_card"", ""parse_warnings"": []}, {""source"": ""asna"", ""raw_mnn"": ""Глюкозамин+Хондроитин сульфат"", ""field_type"": ""explicit_mnn"", ""canonical_components"": [], ""url"": ""https://www.asna.ru/cards/terafleks_n200_kaps_kontrakt_farmakal_korporeyshnmakiz-farma_ooo.html"", ""title"": ""/cards/terafleks_n200_kaps_kontrakt_farmakal_korporeyshnmakiz-farma_ooo.html"", ""match_status"": ""rejected"", ""match_score"": -0.6, ""source_class"": ""product_card"", ""parse_warnings"": []}, {""source"": ""uteka"", ""raw_mnn"": null, ""field_type"": ""unknown"", ""canonical_components"": [], ""url"": null, ""title"": null, ""match_status"": ""ambiguous"", ""match_score"": 0.0, ""source_class"": ""search_only"", ""parse_warnings"": []}, {""source"": ""vidal"", ""raw_mnn"": ""Хондроитина сульфат натрия"", ""field_type"": ""explicit_mnn"", ""canonical_components"": [], ""url"": ""https://www.vidal.ru/drugs/theraflex__3379"", ""title"": ""Терафлекс"", ""match_status"": ""ambiguous"", ""match_score"": 0.5, ""source_class"": ""product_card"", ""parse_warnings"": []}, {""source"": ""stolichki"", ""raw_mnn"": null, ""field_type"": ""unknown"", ""canonical_components"": [], ""url"": null, ""title"": null, ""match_status"": ""ambiguous"", ""match_score"": 0.0, ""source_class"": ""search_only"", ""parse_warnings"": []}]"
5258,"ТАМСУЛОЗИН КАНОН КАПС. КИШ/РАСТ. ПРОЛОНГ. ВЫСВ. 0,4МГ №30 | КАНОНФАРМА ПРОДАКШН ЗАО | КАНОНФАРМА ПРОДАКШН ЗАО",drug,Тамсулозин,rx,,none,none,no_known_inn_token,1,2,2,,[],,unresolved_catalog,single_source,unknown,unknown,,,false,,unresolved,true,catalog_accept_removed,"[{""source"": ""apteka"", ""url"": ""https://apteka.ru/product/tamsulozin-kanon-04-mg-90-sht-kapsuly-kishechnorastvorimye-s-prolongirovannym-vysvobozhdeniem-5fc73d63fd4cfc00015439be/"", ""title"": ""tamsulozin kanon 04 mg 90 sht kapsuly kishechnorastvorimye s prolongirovannym vysvobozhdeniem"", ""raw_mnn"": ""Тамсулозин"", ""mnn"": ""Тамсулозин"", ""raw_rx_otc"": ""rx"", ""field_type"": ""explicit_mnn"", ""source_class"": ""product_card"", ""card_fetched"": true, ""fetched_at"": ""2026-08-13T19:24:39+00:00"", ""http_status"": 0, ""parser_version"": ""mnn_source_identity_v1"", ""query"": ""Тамсулозин Канон 0,4 мг капсулы"", ""matched_brand"": null, ""matched_form"": null, ""matched_dosage"": null, ""matched_pack"": ""04"", ""serp_match_score"": 0.3, ""error"": null, ""match_status"": ""rejected"", ""match_score"": -0.9, ""match_reasons"": [""brand_title_conflict:-0.60"", ""dose_conflict:-0.30""], ""match_axes"": [], ""hard_contradiction"": true, ""matched_product_title"": ""tamsulozin kanon 04 mg 90 sht kapsuly kishechnorastvorimye s prolongirovannym vysvobozhdeniem""}, {""source"": ""asna"", ""url"": ""https://www.asna.ru/cards/tamsulozin_kanon_04mg_n90_kapsuly_kishechnorastvorimye_s_prolongirovannym_vysvobozhdeniem_kanonfarma_prodakshn_zao.html"", ""title"": ""/cards/tamsulozin_kanon_04mg_n90_kapsuly_kishechnorastvorimye_s_prolongirovannym_vysvobozhdeniem_kanonfarma_prodakshn_zao.html"", ""raw_mnn"": ""Тамсулозин"", ""mnn"": ""Тамсулозин"", ""raw_rx_otc"": ""rx"", ""field_type"": ""explicit_mnn"", ""source_class"": ""product_card"", ""card_fetched"": true, ""fetched_at"": ""2026-08-13T19:24:38+00:00"", ""http_status"": 0, ""parser_version"": ""mnn_source_identity_v1"", ""query"": ""Тамсулозин Канон 0,4 мг капсулы"", ""matched_brand"": null, ""matched_form"": null, ""matched_dosage"": null, ""matched_pack"": null, ""serp_match_score"": 0.4, ""error"": null, ""match_status"": ""rejected"", ""match_score"": -0.9, ""match_reasons"": [""brand_title_conflict:-0.60"", ""dose_conflict:-0.30""], ""match_axes"": [], ""hard_contradiction"": true, ""matched_product_title"": ""/cards/tamsulozin_kanon_04mg_n90_kapsuly_kishechnorastvorimye_s_prolongirovannym_vysvobozhdeniem_kanonfarma_prodakshn_zao.html""}]","[{""source"": ""uteka"", ""url"": ""https://uteka.ru/product/tamsulozin-kanon-346887/"", ""title"": ""Тамсулозин Канон, 0,4 мг, капсулы кишечнорастворимые с пролонг. высвоб, 30 шт."", ""raw_mnn"": ""Тамсулозин"", ""mnn"": ""Тамсулозин"", ""raw_rx_otc"": ""rx"", ""field_type"": ""explicit_mnn"", ""source_class"": ""product_card"", ""card_fetched"": true, ""fetched_at"": ""2026-08-13T19:24:36+00:00"", ""http_status"": 0, ""parser_version"": ""mnn_source_identity_v1"", ""query"": ""Тамсулозин Канон 0,4 мг капсулы"", ""matched_brand"": null, ""matched_form"": ""капсулы"", ""matched_dosage"": ""0.4мг"", ""matched_pack"": ""30"", ""serp_match_score"": 1.0, ""error"": null, ""match_status"": ""accepted"", ""match_score"": 0.85, ""match_reasons"": [""brand_title_match:+0.50"", ""dose_match:+0.20"", ""form_match:+0.15""], ""match_axes"": [""brand_title"", ""dose"", ""form""], ""hard_contradiction"": false, ""matched_product_title"": ""Тамсулозин Канон, 0,4 мг, капсулы кишечнорастворимые с пролонг. высвоб, 30 шт.""}]","[{""source"": ""uteka"", ""raw_mnn"": ""Тамсулозин"", ""field_type"": ""explicit_mnn"", ""canonical_components"": [""Тамсулозин""], ""url"": ""https://uteka.ru/product/tamsulozin-kanon-346887/"", ""title"": ""Тамсулозин Канон, 0,4 мг, капсулы кишечнорастворимые с пролонг. высвоб, 30 шт."", ""match_status"": ""accepted"", ""match_score"": 0.85, ""source_class"": ""product_card"", ""parse_warnings"": []}, {""source"": ""apteka"", ""raw_mnn"": ""Тамсулозин"", ""field_type"": ""explicit_mnn"", ""canonical_components"": [], ""url"": ""https://apteka.ru/product/tamsulozin-kanon-04-mg-90-sht-kapsuly-kishechnorastvorimye-s-prolongirovannym-vysvobozhdeniem-5fc73d63fd4cfc00015439be/"", ""title"": ""tamsulozin kanon 04 mg 90 sht kapsuly kishechnorastvorimye s prolongirovannym vysvobozhdeniem"", ""match_status"": ""rejected"", ""match_score"": -0.9, ""source_class"": ""product_card"", ""parse_warnings"": []}, {""source"": ""asna"", ""raw_mnn"": ""Тамсулозин"", ""field_type"": ""explicit_mnn"", ""canonical_components"": [], ""url"": ""https://www.asna.ru/cards/tamsulozin_kanon_04mg_n90_kapsuly_kishechnorastvorimye_s_prolongirovannym_vysvobozhdeniem_kanonfarma_prodakshn_zao.html"", ""title"": ""/cards/tamsulozin_kanon_04mg_n90_kapsuly_kishechnorastvorimye_s_prolongirovannym_vysvobozhdeniem_kanonfarma_prodakshn_zao.html"", ""match_status"": ""rejected"", ""match_score"": -0.9, ""source_class"": ""product_card"", ""parse_warnings"": []}, {""source"": ""vidal"", ""raw_mnn"": ""Тамсулозин"", ""field_type"": ""explicit_mnn"", ""canonical_components"": [], ""url"": ""https://www.vidal.ru/drugs/tamsulosin-canon"", ""title"": ""Тамсулозин Канон"", ""match_status"": ""ambiguous"", ""match_score"": 0.5, ""source_class"": ""product_card"", ""parse_warnings"": []}, {""source"": ""stolichki"", ""raw_mnn"": null, ""field_type"": ""unknown"", ""canonical_components"": [], ""url"": null, ""title"": null, ""match_status"": ""ambiguous"", ""match_score"": 0.0, ""source_class"": ""search_only"", ""parse_warnings"": []}]"
5267,ТАМОКСИФЕН ТАБЛ. 20МГ №30 ОЗОН | ОЗОН ООО | ОЗОН ООО,drug,Тамоксифен,rx,Тамоксифен,strong,high,exact_normalized_text_token_start,0,4,1,,[],,resolved_enrichment,empty,unknown,unknown,Тамоксифен,ok,true,Тамоксифен,input_plus_enrichment,false,method_changed,"[{""source"": ""uteka"", ""url"": ""https://uteka.ru/product/enalapril-nl-20-259660/"", ""title"": ""Эналаприл НЛ 20, 12.5 мг+20 мг, табл, 20 шт."", ""raw_mnn"": ""Гидрохлоротиазид + Эналаприл"", ""mnn"": ""Гидрохлоротиазид + Эналаприл"", ""raw_rx_otc"": ""rx"", ""field_type"": ""explicit_mnn"", ""source_class"": ""product_card"", ""card_fetched"": true, ""fetched_at"": ""2026-08-13T19:24:42+00:00"", ""http_status"": 0, ""parser_version"": ""mnn_source_identity_v1"", ""query"": ""ОЗОН 20 мг таблетки"", ""matched_brand"": null, ""matched_form"": ""таблетки"", ""matched_dosage"": ""12.5мг"", ""matched_pack"": ""20"", ""serp_match_score"": 0.6, ""error"": null, ""match_status"": ""rejected"", ""match_score"": 0.0, ""match_reasons"": [""strong_explicit_mnn_mismatch""], ""matched_product_title"": ""Эналаприл НЛ 20, 12.5 мг+20 мг, табл, 20 шт.""}, {""source"": ""apteka"", ""url"": ""https://apteka.ru/product/meloksikam-75-mg-n20-tabl-ozon-farm-634e99cee65cbb5833914b5b/"", ""title"": ""meloksikam 75 mg n20 tabl ozon farm"", ""raw_mnn"": ""Мелоксикам"", ""mnn"": ""Мелоксикам"", ""raw_rx_otc"": ""rx"", ""field_type"": ""explicit_mnn"", ""source_class"": ""product_card"", ""card_fetched"": true, ""fetched_at"": ""2026-08-13T19:24:45+00:00"", ""http_status"": 0, ""parser_version"": ""mnn_source_identity_v1"", ""query"": ""ОЗОН 20 мг таблетки"", ""matched_brand"": null, ""matched_form"": null, ""matched_dosage"": null, ""matched_pack"": ""20"", ""serp_match_score"": 0.775, ""error"": null, ""match_status"": ""rejected"", ""match_score"": 0.0, ""match_reasons"": [""strong_explicit_mnn_mismatch""], ""matched_product_title"": ""meloksikam 75 mg n20 tabl ozon farm""}, {""source"": ""asna"", ""url"": ""https://www.asna.ru/cards/spironolakton_25mg_n20_tab_ozon.html"", ""title"": ""/cards/spironolakton_25mg_n20_tab_ozon.html"", ""raw_mnn"": ""Спиронолактон"", ""mnn"": ""Спиронолактон"", ""raw_rx_otc"": ""rx"", ""field_type"": ""explicit_mnn"", ""source_class"": ""product_card"", ""card_fetched"": true, ""fetched_at"": ""2026-08-13T19:24:44+00:00"", ""http_status"": 0, ""parser_version"": ""mnn_source_identity_v1"", ""query"": ""ОЗОН 20 мг таблетки"", ""matched_brand"": null, ""matched_form"": null, ""matched_dosage"": null, ""matched_pack"": null, ""serp_match_score"": 0.5, ""error"": null, ""match_status"": ""rejected"", ""match_score"": 0.0, ""match_reasons"": [""strong_explicit_mnn_mismatch""], ""matched_product_title"": ""/cards/spironolakton_25mg_n20_tab_ozon.html""}, {""source"": ""vidal"", ""url"": ""https://www.vidal.ru/drugs/glycine_bio__10481"", ""title"": ""Глицин Озон"", ""raw_mnn"": ""Глицин"", ""mnn"": ""Глицин"", ""raw_rx_otc"": ""otc"", ""field_type"": ""explicit_mnn"", ""source_class"": ""product_card"", ""card_fetched"": true, ""fetched_at"": ""2026-08-13T19:24:45+00:00"", ""http_status"": 0, ""parser_version"": ""mnn_source_identity_v1"", ""query"": ""ОЗОН 20 мг таблетки"", ""matched_brand"": null, ""matched_form"": null, ""matched_dosage"": null, ""matched_pack"": null, ""serp_match_score"": 1.0, ""error"": null, ""match_status"": ""rejected"", ""match_score"": 0.0, ""match_reasons"": [""strong_explicit_mnn_mismatch""], ""matched_product_title"": ""Глицин Озон""}]",[],"[{""source"": ""uteka"", ""raw_mnn"": ""Гидрохлоротиазид + Эналаприл"", ""field_type"": ""explicit_mnn"", ""canonical_components"": [], ""url"": ""https://uteka.ru/product/enalapril-nl-20-259660/"", ""title"": ""Эналаприл НЛ 20, 12.5 мг+20 мг, табл, 20 шт."", ""match_status"": ""rejected"", ""match_score"": 0.0, ""source_class"": ""product_card"", ""parse_warnings"": []}, {""source"": ""apteka"", ""raw_mnn"": ""Мелоксикам"", ""field_type"": ""explicit_mnn"", ""canonical_components"": [], ""url"": ""https://apteka.ru/product/meloksikam-75-mg-n20-tabl-ozon-farm-634e99cee65cbb5833914b5b/"", ""title"": ""meloksikam 75 mg n20 tabl ozon farm"", ""match_status"": ""rejected"", ""match_score"": 0.0, ""source_class"": ""product_card"", ""parse_warnings"": []}, {""source"": ""asna"", ""raw_mnn"": ""Спиронолактон"", ""field_type"": ""explicit_mnn"", ""canonical_components"": [], ""url"": ""https://www.asna.ru/cards/spironolakton_25mg_n20_tab_ozon.html"", ""title"": ""/cards/spironolakton_25mg_n20_tab_ozon.html"", ""match_status"": ""rejected"", ""match_score"": 0.0, ""source_class"": ""product_card"", ""parse_warnings"": []}, {""source"": ""vidal"", ""raw_mnn"": ""Глицин"", ""field_type"": ""explicit_mnn"", ""canonical_components"": [], ""url"": ""https://www.vidal.ru/drugs/glycine_bio__10481"", ""title"": ""Глицин Озон"", ""match_status"": ""rejected"", ""match_score"": 0.0, ""source_class"": ""product_card"", ""parse_warnings"": []}, {""source"": ""stolichki"", ""raw_mnn"": null, ""field_type"": ""unknown"", ""canonical_components"": [], ""url"": null, ""title"": null, ""match_status"": ""ambiguous"", ""match_score"": 0.0, ""source_class"": ""search_only"", ""parse_warnings"": []}]"
5270,ТАМИФЛЮ КАПС. 75МГ №10 | ДЕЛФАРМ МИЛАНО С.Р.Л./Ф.ХОФФМАНН-ЛЯ РОШ ЛТД/СЕНЕКСИ С.А.С. | ДЕЛФАРМ МИЛАНО С.Р.Л./Ф.ХОФФМАНН-ЛЯ РОШ ЛТД/СЕНЕКСИ С.А.С.,drug,Осельтамивир,rx,,none,none,no_known_inn_token,1,1,3,,[],,unresolved_catalog,single_source,unknown,unknown,,,false,,unresolved,true,catalog_accept_removed,"[{""source"": ""asna"", ""url"": ""https://www.asna.ru/cards/tamiflyu_75mg_n10_kaps_fkhoffmann-lya_rosh_ltd.html"", ""title"": ""/cards/tamiflyu_75mg_n10_kaps_fkhoffmann-lya_rosh_ltd.html"", ""raw_mnn"": ""Осельтамивир"", ""mnn"": ""Осельтамивир"", ""raw_rx_otc"": ""rx"", ""field_type"": ""explicit_mnn"", ""source_class"": ""product_card"", ""card_fetched"": true, ""fetched_at"": ""2026-08-13T19:24:48+00:00"", ""http_status"": 0, ""parser_version"": ""mnn_source_identity_v1"", ""query"": ""Тамифлю 75 мг капсулы"", ""matched_brand"": null, ""matched_form"": null, ""matched_dosage"": null, ""matched_pack"": null, ""serp_match_score"": 0.4, ""error"": null, ""match_status"": ""rejected"", ""match_score"": -0.4, ""match_reasons"": [""brand_title_conflict:-0.60"", ""dose_match:+0.20""], ""match_axes"": [""dose""], ""hard_contradiction"": true, ""matched_product_title"": ""/cards/tamiflyu_75mg_n10_kaps_fkhoffmann-lya_rosh_ltd.html""}]","[{""source"": ""uteka"", ""url"": ""https://uteka.ru/product/tamiflyu-140524/"", ""title"": ""Тамифлю, 75 мг, капсулы, 10 шт."", ""raw_mnn"": ""Осельтамивир"", ""mnn"": ""Осельтамивир"", ""raw_rx_otc"": ""rx"", ""field_type"": ""explicit_mnn"", ""source_class"": ""product_card"", ""card_fetched"": true, ""fetched_at"": ""2026-08-13T19:24:47+00:00"", ""http_status"": 0, ""parser_version"": ""mnn_source_identity_v1"", ""query"": ""Тамифлю 75 мг капсулы"", ""matched_brand"": null, ""matched_form"": ""капсулы"", ""matched_dosage"": ""75мг"", ""matched_pack"": ""10"", ""serp_match_score"": 1.0, ""error"": null, ""match_status"": ""accepted"", ""match_score"": 0.85, ""match_reasons"": [""brand_title_match:+0.50"", ""dose_match:+0.20"", ""form_match:+0.15""], ""match_axes"": [""brand_title"", ""dose"", ""form""], ""hard_contradiction"": false, ""matched_product_title"": ""Тамифлю, 75 мг, капсулы, 10 шт.""}]","[{""source"": ""uteka"", ""raw_mnn"": ""Осельтамивир"", ""field_type"": ""explicit_mnn"", ""canonical_components"": [""Осельтамивир""], ""url"": ""https://uteka.ru/product/tamiflyu-140524/"", ""title"": ""Тамифлю, 75 мг, капсулы, 10 шт."", ""match_status"": ""accepted"", ""match_score"": 0.85, ""source_class"": ""product_card"", ""parse_warnings"": []}, {""source"": ""asna"", ""raw_mnn"": ""Осельтамивир"", ""field_type"": ""explicit_mnn"", ""canonical_components"": [], ""url"": ""https://www.asna.ru/cards/tamiflyu_75mg_n10_kaps_fkhoffmann-lya_rosh_ltd.html"", ""title"": ""/cards/tamiflyu_75mg_n10_kaps_fkhoffmann-lya_rosh_ltd.html"", ""match_status"": ""rejected"", ""match_score"": -0.4, ""source_class"": ""product_card"", ""parse_warnings"": []}, {""source"": ""apteka"", ""raw_mnn"": null, ""field_type"": ""unknown"", ""canonical_components"": [], ""url"": null, ""title"": null, ""match_status"": ""ambiguous"", ""match_score"": 0.0, ""source_class"": ""search_only"", ""parse_warnings"": []}, {""source"": ""vidal"", ""raw_mnn"": ""Осельтамивир"", ""field_type"": ""explicit_mnn"", ""canonical_components"": [], ""url"": ""https://www.vidal.ru/drugs/tamiflu__37267"", ""title"": ""Тамифлю"", ""match_status"": ""ambiguous"", ""match_score"": 0.5, ""source_class"": ""product_card"", ""parse_warnings"": []}, {""source"": ""stolichki"", ""raw_mnn"": null, ""field_type"": ""unknown"", ""canonical_components"": [], ""url"": null, ""title"": null, ""match_status"": ""ambiguous"", ""match_score"": 0.0, ""source_class"": ""search_only"", ""parse_warnings"": []}]"
5287,"ТАДАЛАФИЛ-ТЕВА ТАБЛ. П/ПЛЕН/ОБ. 20МГ №8 | ТЕВА ФАРМА, С.Л.У. | ТЕВА ФАРМА, С.Л.У.",drug,Тадалафил,rx,,none,none,no_known_inn_token,1,3,1,,[],,resolved_enrichment,single_source,unknown,unknown,Тадалафил,ok,true,Тадалафил,enrichment,false,sources_rejected_same_final,"[{""source"": ""apteka"", ""url"": ""https://apteka.ru/product/tadalafil-teva-20-mg-2-sht-tabletki-pokrytye-plenochnoj-obolochkoj-67c6f9a082049c27d4616a2c/"", ""title"": ""tadalafil teva 20 mg 2 sht tabletki pokrytye plenochnoj obolochkoj"", ""raw_mnn"": ""Тадалафил"", ""mnn"": ""Тадалафил"", ""raw_rx_otc"": ""rx"", ""field_type"": ""explicit_mnn"", ""source_class"": ""product_card"", ""card_fetched"": true, ""fetched_at"": ""2026-08-13T19:24:53+00:00"", ""http_status"": 0, ""parser_version"": ""mnn_source_identity_v1"", ""query"": ""Тева 20 мг таблетки"", ""matched_brand"": null, ""matched_form"": null, ""matched_dosage"": null, ""matched_pack"": null, ""serp_match_score"": 1.0, ""error"": null, ""match_status"": ""rejected"", ""match_score"": -0.4, ""match_reasons"": [""brand_title_conflict:-0.60"", ""dose_match:+0.20""], ""match_axes"": [""dose""], ""hard_contradiction"": true, ""matched_product_title"": ""tadalafil teva 20 mg 2 sht tabletki pokrytye plenochnoj obolochkoj""}, {""source"": ""asna"", ""url"": ""https://www.asna.ru/cards/finlepsin_retard_200mg_n50_tab_teva_operations_poland_sp_zoo.html"", ""title"": ""/cards/finlepsin_retard_200mg_n50_tab_teva_operations_poland_sp_zoo.html"", ""raw_mnn"": ""Карбамазепин"", ""mnn"": ""Карбамазепин"", ""raw_rx_otc"": ""rx"", ""field_type"": ""explicit_mnn"", ""source_class"": ""product_card"", ""card_fetched"": true, ""fetched_at"": ""2026-08-13T19:24:53+00:00"", ""http_status"": 0, ""parser_version"": ""mnn_source_identity_v1"", ""query"": ""Тева 20 мг таблетки"", ""matched_brand"": null, ""matched_form"": null, ""matched_dosage"": null, ""matched_pack"": null, ""serp_match_score"": 0.5, ""error"": null, ""match_status"": ""rejected"", ""match_score"": -0.75, ""match_reasons"": [""brand_title_conflict:-0.60"", ""dose_conflict:-0.30"", ""form_match:+0.15""], ""match_axes"": [""form""], ""hard_contradiction"": true, ""matched_product_title"": ""/cards/finlepsin_retard_200mg_n50_tab_teva_operations_poland_sp_zoo.html""}, {""source"": ""vidal"", ""url"": ""https://www.vidal.ru/drugs/tevagrastim__37277"", ""title"": ""Теваграстим"", ""raw_mnn"": ""Филграстим"", ""mnn"": ""Филграстим"", ""raw_rx_otc"": ""rx"", ""field_type"": ""explicit_mnn"", ""source_class"": ""product_card"", ""card_fetched"": true, ""fetched_at"": ""2026-08-13T19:24:53+00:00"", ""http_status"": 0, ""parser_version"": ""mnn_source_identity_v1"", ""query"": ""Тева 20 мг таблетки"", ""matched_brand"": null, ""matched_form"": null, ""matched_dosage"": null, ""matched_pack"": null, ""serp_match_score"": 1.0, ""error"": null, ""match_status"": ""rejected"", ""match_score"": -0.6, ""match_reasons"": [""brand_title_conflict:-0.60"", ""dose_card_unknown""], ""match_axes"": [], ""hard_contradiction"": true, ""matched_product_title"": ""Теваграстим""}]","[{""source"": ""uteka"", ""url"": ""https://uteka.ru/product/atorvastatin-teva-220640/"", ""title"": ""Аторвастатин-Тева, 20 мг, табл. п.п.о, 30 шт."", ""raw_mnn"": ""Аторвастатин"", ""mnn"": ""Аторвастатин"", ""raw_rx_otc"": ""rx"", ""field_type"": ""explicit_mnn"", ""source_class"": ""product_card"", ""card_fetched"": true, ""fetched_at"": ""2026-08-13T19:24:51+00:00"", ""http_status"": 0, ""parser_version"": ""mnn_source_identity_v1"", ""query"": ""Тева 20 мг таблетки"", ""matched_brand"": null, ""matched_form"": ""таблетки"", ""matched_dosage"": ""20мг"", ""matched_pack"": ""30"", ""serp_match_score"": 1.0, ""error"": null, ""match_status"": ""accepted"", ""match_score"": 0.85, ""match_reasons"": [""brand_title_match:+0.50"", ""dose_match:+0.20"", ""form_match:+0.15""], ""match_axes"": [""brand_title"", ""dose"", ""form""], ""hard_contradiction"": false, ""matched_product_title"": ""Аторвастатин-Тева, 20 мг, табл. п.п.о, 30 шт.""}]","[{""source"": ""uteka"", ""raw_mnn"": ""Аторвастатин"", ""field_type"": ""explicit_mnn"", ""canonical_components"": [""Аторвастатин""], ""url"": ""https://uteka.ru/product/atorvastatin-teva-220640/"", ""title"": ""Аторвастатин-Тева, 20 мг, табл. п.п.о, 30 шт."", ""match_status"": ""accepted"", ""match_score"": 0.85, ""source_class"": ""product_card"", ""parse_warnings"": []}, {""source"": ""apteka"", ""raw_mnn"": ""Тадалафил"", ""field_type"": ""explicit_mnn"", ""canonical_components"": [], ""url"": ""https://apteka.ru/product/tadalafil-teva-20-mg-2-sht-tabletki-pokrytye-plenochnoj-obolochkoj-67c6f9a082049c27d4616a2c/"", ""title"": ""tadalafil teva 20 mg 2 sht tabletki pokrytye plenochnoj obolochkoj"", ""match_status"": ""rejected"", ""match_score"": -0.4, ""source_class"": ""product_card"", ""parse_warnings"": []}, {""source"": ""asna"", ""raw_mnn"": ""Карбамазепин"", ""field_type"": ""explicit_mnn"", ""canonical_components"": [], ""url"": ""https://www.asna.ru/cards/finlepsin_retard_200mg_n50_tab_teva_operations_poland_sp_zoo.html"", ""title"": ""/cards/finlepsin_retard_200mg_n50_tab_teva_operations_poland_sp_zoo.html"", ""match_status"": ""rejected"", ""match_score"": -0.75, ""source_class"": ""product_card"", ""parse_warnings"": []}, {""source"": ""vidal"", ""raw_mnn"": ""Филграстим"", ""field_type"": ""explicit_mnn"", ""canonical_components"": [], ""url"": ""https://www.vidal.ru/drugs/tevagrastim__37277"", ""title"": ""Теваграстим"", ""match_status"": ""rejected"", ""match_score"": -0.6, ""source_class"": ""product_card"", ""parse_warnings"": []}, {""source"": ""stolichki"", ""raw_mnn"": null, ""field_type"": ""unknown"", ""canonical_components"": [], ""url"": null, ""title"": null, ""match_status"": ""ambiguous"", ""match_score"": 0.0, ""source_class"": ""search_only"", ""parse_warnings"": []}]"
5322,"ТАВОЛГА ВЯЗОЛИСТНАЯ (ЛАБАЗНИК) ТРАВА Ф/П 1,5Г №20 ХЕРБЕС | ХЕРБЕС ООО | ХЕРБЕС ООО",drug,,БАД,,none,none,no_known_inn_token,0,2,3,,[],,unresolved_catalog,empty,unknown,unknown,,ok,false,,unresolved,true,method_changed,"[{""source"": ""apteka"", ""url"": ""https://apteka.ru/product/tavolga-15-20-sht-filtr-paketyzdorove-5e326dc1ca7bdc000192f797/"", ""title"": ""tavolga 15 20 sht filtr paketyzdorove"", ""raw_mnn"": ""Таволга"", ""mnn"": ""Таволга"", ""raw_rx_otc"": null, ""field_type"": ""explicit_mnn"", ""source_class"": ""product_card"", ""card_fetched"": true, ""fetched_at"": ""2026-08-13T19:24:58+00:00"", ""http_status"": 0, ""parser_version"": ""mnn_source_identity_v1"", ""query"": ""ТАВОЛГА ВЯЗОЛИСТНАЯ (ЛАБАЗНИК) ТРАВА Ф/П 1,5Г №20 ХЕРБЕС 1,5 г фильтр-пакеты"", ""matched_brand"": null, ""matched_form"": null, ""matched_dosage"": null, ""matched_pack"": null, ""serp_match_score"": 0.2111, ""error"": null, ""match_status"": ""rejected"", ""match_score"": -0.6, ""match_reasons"": [""brand_title_conflict:-0.60"", ""dose_card_unknown""], ""match_axes"": [], ""hard_contradiction"": true, ""matched_product_title"": ""tavolga 15 20 sht filtr paketyzdorove""}, {""source"": ""asna"", ""url"": ""https://www.asna.ru/cards/romashki_tsvetki_15g_n20_fp_kherbes_ooo.html"", ""title"": ""/cards/romashki_tsvetki_15g_n20_fp_kherbes_ooo.html"", ""raw_mnn"": ""Ромашки аптечной цветки"", ""mnn"": ""Ромашки аптечной цветки"", ""raw_rx_otc"": ""otc"", ""field_type"": ""explicit_mnn"", ""source_class"": ""product_card"", ""card_fetched"": true, ""fetched_at"": ""2026-08-13T19:24:57+00:00"", ""http_status"": 0, ""parser_version"": ""mnn_source_identity_v1"", ""query"": ""ХЕРБЕС 1,5 г"", ""matched_brand"": null, ""matched_form"": null, ""matched_dosage"": null, ""matched_pack"": null, ""serp_match_score"": 0.4, ""error"": null, ""match_status"": ""rejected"", ""match_score"": -0.6, ""match_reasons"": [""brand_title_conflict:-0.60"", ""dose_card_unknown""], ""match_axes"": [], ""hard_contradiction"": true, ""matched_product_title"": ""/cards/romashki_tsvetki_15g_n20_fp_kherbes_ooo.html""}]",[],"[{""source"": ""apteka"", ""raw_mnn"": ""Таволга"", ""field_type"": ""explicit_mnn"", ""canonical_components"": [], ""url"": ""https://apteka.ru/product/tavolga-15-20-sht-filtr-paketyzdorove-5e326dc1ca7bdc000192f797/"", ""title"": ""tavolga 15 20 sht filtr paketyzdorove"", ""match_status"": ""rejected"", ""match_score"": -0.6, ""source_class"": ""product_card"", ""parse_warnings"": []}, {""source"": ""asna"", ""raw_mnn"": ""Ромашки аптечной цветки"", ""field_type"": ""explicit_mnn"", ""canonical_components"": [], ""url"": ""https://www.asna.ru/cards/romashki_tsvetki_15g_n20_fp_kherbes_ooo.html"", ""title"": ""/cards/romashki_tsvetki_15g_n20_fp_kherbes_ooo.html"", ""match_status"": ""rejected"", ""match_score"": -0.6, ""source_class"": ""product_card"", ""parse_warnings"": []}, {""source"": ""uteka"", ""raw_mnn"": null, ""field_type"": ""unknown"", ""canonical_components"": [], ""url"": null, ""title"": null, ""match_status"": ""ambiguous"", ""match_score"": 0.0, ""source_class"": ""search_only"", ""parse_warnings"": []}, {""source"": ""vidal"", ""raw_mnn"": null, ""field_type"": ""unknown"", ""canonical_components"": [], ""url"": ""https://www.vidal.ru/drugs/products"", ""title"": ""По алфавиту"", ""match_status"": ""ambiguous"", ""match_score"": 0.0, ""source_class"": ""search_only"", ""parse_warnings"": []}, {""source"": ""stolichki"", ""raw_mnn"": null, ""field_type"": ""unknown"", ""canonical_components"": [], ""url"": null, ""title"": null, ""match_status"": ""ambiguous"", ""match_score"": 0.0, ""source_class"": ""search_only"", ""parse_warnings"": []}]"
5634,СТРЕПТОЦИД ПОР. Д/НАРУЖ. ПРИМ. 2Г ПАК. №50 ОЗОН | ОЗОН ООО | ОЗОН ООО,drug,Сульфаниламид,otc,,none,none,no_known_inn_token,1,0,4,,[],,unresolved_catalog,single_source,unknown,unknown,,,false,,unresolved,true,catalog_accept_removed,[],"[{""source"": ""uteka"", ""url"": ""https://uteka.ru/product/streptocid-92776/"", ""title"": ""Стрептоцид, пор. д/наружн. прим, 2 г, 1 шт."", ""raw_mnn"": ""Сульфаниламид"", ""mnn"": ""Сульфаниламид"", ""raw_rx_otc"": ""otc"", ""field_type"": ""explicit_mnn"", ""source_class"": ""product_card"", ""card_fetched"": true, ""fetched_at"": ""2026-08-13T19:25:02+00:00"", ""http_status"": 0, ""parser_version"": ""mnn_source_identity_v1"", ""query"": ""Стрептоцид 2 г порошок"", ""matched_brand"": null, ""matched_form"": ""порошок"", ""matched_dosage"": ""2г"", ""matched_pack"": ""1"", ""serp_match_score"": 0.95, ""error"": null, ""match_status"": ""accepted"", ""match_score"": 0.85, ""match_reasons"": [""brand_title_match:+0.50"", ""dose_match:+0.20"", ""form_match:+0.15""], ""match_axes"": [""brand_title"", ""dose"", ""form""], ""hard_contradiction"": false, ""matched_product_title"": ""Стрептоцид, пор. д/наружн. прим, 2 г, 1 шт.""}]","[{""source"": ""uteka"", ""raw_mnn"": ""Сульфаниламид"", ""field_type"": ""explicit_mnn"", ""canonical_components"": [""Сульфаниламид""], ""url"": ""https://uteka.ru/product/streptocid-92776/"", ""title"": ""Стрептоцид, пор. д/наружн. прим, 2 г, 1 шт."", ""match_status"": ""accepted"", ""match_score"": 0.85, ""source_class"": ""product_card"", ""parse_warnings"": []}, {""source"": ""apteka"", ""raw_mnn"": null, ""field_type"": ""unknown"", ""canonical_components"": [], ""url"": null, ""title"": null, ""match_status"": ""ambiguous"", ""match_score"": 0.0, ""source_class"": ""search_only"", ""parse_warnings"": []}, {""source"": ""asna"", ""raw_mnn"": null, ""field_type"": ""unknown"", ""canonical_components"": [], ""url"": ""https://www.asna.ru/cards/fitolaks_tab_500mg_n40_evalar.html"", ""title"": ""/cards/fitolaks_tab_500mg_n40_evalar.html"", ""match_status"": ""ambiguous"", ""match_score"": 0.0, ""source_class"": ""search_only"", ""parse_warnings"": []}, {""source"": ""vidal"", ""raw_mnn"": ""Сульфаниламид"", ""field_type"": ""explicit_mnn"", ""canonical_components"": [], ""url"": ""https://www.vidal.ru/drugs/streptocide__17996"", ""title"": ""Стрептоцид"", ""match_status"": ""ambiguous"", ""match_score"": 0.5, ""source_class"": ""product_card"", ""parse_warnings"": []}, {""source"": ""stolichki"", ""raw_mnn"": null, ""field_type"": ""unknown"", ""canonical_components"": [], ""url"": null, ""title"": null, ""match_status"": ""ambiguous"", ""match_score"": 0.0, ""source_class"": ""search_only"", ""parse_warnings"": []}]"
5729,СТОМАТОФИТ ФРЕШ ОПОЛАСКИВАТЕЛЬ ДЛЯ ПОЛОСТИ РТА ФЛ. 250МЛ | Фитофарм кленка АО | Фитофарм кленка АО,drug,,otc,,none,none,no_known_inn_token,0,1,4,,[],,resolved_enrichment,empty,unknown,unknown,"Ромашки Аптечной Цветки, Дуба Кора, Шалфея Лекарственного Листья, Арники Трава, Аира Обыкновенного Корневища, Мяты Перечной Трава, Тимьяна Трава",ok,true,"Ромашки Аптечной Цветки, Дуба Кора, Шалфея Лекарственного Листья, Арники Трава, Аира Обыкновенного Корневища, Мяты Перечной Трава, Тимьяна Трава",enrichment,false,sources_rejected_same_final,"[{""source"": ""apteka"", ""url"": ""https://apteka.ru/product/stomatofit-flakon-ekstrakt-100-ml-5e32776bf5a9ae000140f845/"", ""title"": ""stomatofit flakon ekstrakt 100 ml"", ""raw_mnn"": null, ""mnn"": null, ""raw_rx_otc"": null, ""field_type"": ""unknown"", ""source_class"": ""product_card"", ""card_fetched"": true, ""fetched_at"": ""2026-08-13T19:25:08+00:00"", ""http_status"": 0, ""parser_version"": ""mnn_source_identity_v1"", ""query"": ""Стоматофит Фреш"", ""matched_brand"": null, ""matched_form"": null, ""matched_dosage"": null, ""matched_pack"": null, ""serp_match_score"": 0.225, ""error"": null, ""match_status"": ""rejected"", ""match_score"": -0.9, ""match_reasons"": [""brand_title_conflict:-0.60"", ""dose_conflict:-0.30""], ""match_axes"": [], ""hard_contradiction"": true, ""matched_product_title"": ""stomatofit flakon ekstrakt 100 ml""}]",[],"[{""source"": ""apteka"", ""raw_mnn"": null, ""field_type"": ""unknown"", ""canonical_components"": [], ""url"": ""https://apteka.ru/product/stomatofit-flakon-ekstrakt-100-ml-5e32776bf5a9ae000140f845/"", ""title"": ""stomatofit flakon ekstrakt 100 ml"", ""match_status"": ""rejected"", ""match_score"": -0.9, ""source_class"": ""product_card"", ""parse_warnings"": []}, {""source"": ""uteka"", ""raw_mnn"": null, ""field_type"": ""unknown"", ""canonical_components"": [], ""url"": null, ""title"": null, ""match_status"": ""ambiguous"", ""match_score"": 0.0, ""source_class"": ""search_only"", ""parse_warnings"": []}, {""source"": ""asna"", ""raw_mnn"": null, ""field_type"": ""unknown"", ""canonical_components"": [], ""url"": ""https://www.asna.ru/cards/fikseyd_eko_kotton_nabor_plastyrey_meditsinskikh_bakteritsidnykh_s_soderzhaniem_serebra_72mmkh19mm_n20_nordeplast_lsez.html"", ""title"": ""/cards/fikseyd_eko_kotton_nabor_plastyrey_meditsinskikh_bakteritsidnykh_s_soderzhaniem_serebra_72mmkh19mm_n20_nordeplast_lsez.html"", ""match_status"": ""ambiguous"", ""match_score"": 0.0, ""source_class"": ""search_only"", ""parse_warnings"": []}, {""source"": ""vidal"", ""raw_mnn"": null, ""field_type"": ""unknown"", ""canonical_components"": [], ""url"": ""https://www.vidal.ru/drugs/products"", ""title"": ""По алфавиту"", ""match_status"": ""ambiguous"", ""match_score"": 0.0, ""source_class"": ""search_only"", ""parse_warnings"": []}, {""source"": ""stolichki"", ""raw_mnn"": null, ""field_type"": ""unknown"", ""canonical_components"": [], ""url"": null, ""title"": null, ""match_status"": ""ambiguous"", ""match_score"": 0.0, ""source_class"": ""search_only"", ""parse_warnings"": []}]"
5736,СТИМУЛОТОН ТАБЛ. П/ПЛЕН/ОБ. 100МГ №28 | ЭГИС ФАРМАЦЕВТИЧЕСКИЙ ЗАВОД ЗАО | ЭГИС ФАРМАЦЕВТИЧЕСКИЙ ЗАВОД ЗАО,drug,сертралин,rx,,none,none,no_known_inn_token,1,2,2,,[],,unresolved_catalog,single_source,unknown,unknown,,,false,,unresolved,true,catalog_accept_removed,"[{""source"": ""apteka"", ""url"": ""https://apteka.ru/product/stimuloton-100-mg-28-sht-tabletki-pokrytye-plenochnoj-obolochkoj-5e326d51ca7bdc000192f3d4/"", ""title"": ""stimuloton 100 mg 28 sht tabletki pokrytye plenochnoj obolochkoj"", ""raw_mnn"": ""Сертралин"", ""mnn"": ""Сертралин"", ""raw_rx_otc"": null, ""field_type"": ""explicit_mnn"", ""source_class"": ""product_card"", ""card_fetched"": true, ""fetched_at"": ""2026-08-13T19:25:11+00:00"", ""http_status"": 0, ""parser_version"": ""mnn_source_identity_v1"", ""query"": ""Стимулотон 100 мг таблетки"", ""matched_brand"": null, ""matched_form"": null, ""matched_dosage"": null, ""matched_pack"": ""100"", ""serp_match_score"": 1.0, ""error"": null, ""match_status"": ""rejected"", ""match_score"": -0.4, ""match_reasons"": [""brand_title_conflict:-0.60"", ""dose_match:+0.20""], ""match_axes"": [""dose""], ""hard_contradiction"": true, ""matched_product_title"": ""stimuloton 100 mg 28 sht tabletki pokrytye plenochnoj obolochkoj""}, {""source"": ""asna"", ""url"": ""https://www.asna.ru/cards/stimuloton_100mg_n28_tab_pokrytye_plenochnoy_obolochkoy_egis.html"", ""title"": ""/cards/stimuloton_100mg_n28_tab_pokrytye_plenochnoy_obolochkoy_egis.html"", ""raw_mnn"": ""Сертралин"", ""mnn"": ""Сертралин"", ""raw_rx_otc"": ""rx"", ""field_type"": ""explicit_mnn"", ""source_class"": ""product_card"", ""card_fetched"": true, ""fetched_at"": ""2026-08-13T19:25:11+00:00"", ""http_status"": 0, ""parser_version"": ""mnn_source_identity_v1"", ""query"": ""Стимулотон 100 мг таблетки"", ""matched_brand"": null, ""matched_form"": null, ""matched_dosage"": null, ""matched_pack"": null, ""serp_match_score"": 0.4, ""error"": null, ""match_status"": ""rejected"", ""match_score"": -0.25, ""match_reasons"": [""brand_title_conflict:-0.60"", ""dose_match:+0.20"", ""form_match:+0.15""], ""match_axes"": [""dose"", ""form""], ""hard_contradiction"": true, ""matched_product_title"": ""/cards/stimuloton_100mg_n28_tab_pokrytye_plenochnoy_obolochkoy_egis.html""}]","[{""source"": ""uteka"", ""url"": ""https://uteka.ru/product/stimuloton-156896/"", ""title"": ""Стимулотон, 100 мг, табл. п.п.о, 28 шт."", ""raw_mnn"": ""Сертралин"", ""mnn"": ""Сертралин"", ""raw_rx_otc"": ""rx"", ""field_type"": ""explicit_mnn"", ""source_class"": ""product_card"", ""card_fetched"": true, ""fetched_at"": ""2026-08-13T19:25:10+00:00"", ""http_status"": 0, ""parser_version"": ""mnn_source_identity_v1"", ""query"": ""Стимулотон 100 мг таблетки"", ""matched_brand"": null, ""matched_form"": ""таблетки"", ""matched_dosage"": ""100мг"", ""matched_pack"": ""28"", ""serp_match_score"": 1.0, ""error"": null, ""match_status"": ""accepted"", ""match_score"": 0.85, ""match_reasons"": [""brand_title_match:+0.50"", ""dose_match:+0.20"", ""form_match:+0.15""], ""match_axes"": [""brand_title"", ""dose"", ""form""], ""hard_contradiction"": false, ""matched_product_title"": ""Стимулотон, 100 мг, табл. п.п.о, 28 шт.""}]","[{""source"": ""uteka"", ""raw_mnn"": ""Сертралин"", ""field_type"": ""explicit_mnn"", ""canonical_components"": [""Сертралин""], ""url"": ""https://uteka.ru/product/stimuloton-156896/"", ""title"": ""Стимулотон, 100 мг, табл. п.п.о, 28 шт."", ""match_status"": ""accepted"", ""match_score"": 0.85, ""source_class"": ""product_card"", ""parse_warnings"": []}, {""source"": ""apteka"", ""raw_mnn"": ""Сертралин"", ""field_type"": ""explicit_mnn"", ""canonical_components"": [], ""url"": ""https://apteka.ru/product/stimuloton-100-mg-28-sht-tabletki-pokrytye-plenochnoj-obolochkoj-5e326d51ca7bdc000192f3d4/"", ""title"": ""stimuloton 100 mg 28 sht tabletki pokrytye plenochnoj obolochkoj"", ""match_status"": ""rejected"", ""match_score"": -0.4, ""source_class"": ""product_card"", ""parse_warnings"": []}, {""source"": ""asna"", ""raw_mnn"": ""Сертралин"", ""field_type"": ""explicit_mnn"", ""canonical_components"": [], ""url"": ""https://www.asna.ru/cards/stimuloton_100mg_n28_tab_pokrytye_plenochnoy_obolochkoy_egis.html"", ""title"": ""/cards/stimuloton_100mg_n28_tab_pokrytye_plenochnoy_obolochkoy_egis.html"", ""match_status"": ""rejected"", ""match_score"": -0.25, ""source_class"": ""product_card"", ""parse_warnings"": []}, {""source"": ""vidal"", ""raw_mnn"": ""Сертралин"", ""field_type"": ""explicit_mnn"", ""canonical_components"": [], ""url"": ""https://www.vidal.ru/drugs/stimuloton__2568"", ""title"": ""Стимулотон"", ""match_status"": ""ambiguous"", ""match_score"": 0.5, ""source_class"": ""product_card"", ""parse_warnings"": []}, {""source"": ""stolichki"", ""raw_mnn"": null, ""field_type"": ""unknown"", ""canonical_components"": [], ""url"": null, ""title"": null, ""match_status"": ""ambiguous"", ""match_score"": 0.0, ""source_class"": ""search_only"", ""parse_warnings"": []}]"
6506,СИРОП ШИПОВНИКА ФЛ. 250МЛ МИРРОЛЛА | МИРРОЛЛА ООО | МИРРОЛЛА ООО,drug,,otc,,none,none,no_known_inn_token,1,2,2,,[],,unresolved_catalog,empty,unknown,unknown,,ok_partial,false,,unresolved,true,method_changed,"[{""source"": ""apteka"", ""url"": ""https://apteka.ru/product/mirrolla-maslo-chajnoe-derevo-efirnoe-10-ml-flakon-v-individualnoj-upakovke-5e3265f365b5ab000164fd3b/"", ""title"": ""mirrolla maslo chajnoe derevo efirnoe 10 ml flakon v individualnoj upakovke"", ""raw_mnn"": null, ""mnn"": null, ""raw_rx_otc"": null, ""field_type"": ""unknown"", ""source_class"": ""product_card"", ""card_fetched"": true, ""fetched_at"": ""2026-08-13T19:25:16+00:00"", ""http_status"": 0, ""parser_version"": ""mnn_source_identity_v1"", ""query"": ""Мирролла сироп"", ""matched_brand"": null, ""matched_form"": null, ""matched_dosage"": null, ""matched_pack"": null, ""serp_match_score"": 0.775, ""error"": null, ""match_status"": ""rejected"", ""match_score"": -0.9, ""match_reasons"": [""brand_title_conflict:-0.60"", ""dose_conflict:-0.30""], ""match_axes"": [], ""hard_contradiction"": true, ""matched_product_title"": ""mirrolla maslo chajnoe derevo efirnoe 10 ml flakon v individualnoj upakovke""}, {""source"": ""asna"", ""url"": ""https://www.asna.ru/cards/mirrolla_sirop_s_shipovnikom_250ml_mirrolla.html"", ""title"": ""/cards/mirrolla_sirop_s_shipovnikom_250ml_mirrolla.html"", ""raw_mnn"": null, ""mnn"": null, ""raw_rx_otc"": ""otc"", ""field_type"": ""unknown"", ""source_class"": ""product_card"", ""card_fetched"": true, ""fetched_at"": ""2026-08-13T19:25:16+00:00"", ""http_status"": 0, ""parser_version"": ""mnn_source_identity_v1"", ""query"": ""Мирролла сироп"", ""matched_brand"": null, ""matched_form"": null, ""matched_dosage"": null, ""matched_pack"": null, ""serp_match_score"": 0.4, ""error"": null, ""match_status"": ""rejected"", ""match_score"": -0.4, ""match_reasons"": [""brand_title_conflict:-0.60"", ""dose_match:+0.20""], ""match_axes"": [""dose""], ""hard_contradiction"": true, ""matched_product_title"": ""/cards/mirrolla_sirop_s_shipovnikom_250ml_mirrolla.html""}]","[{""source"": ""uteka"", ""url"": ""https://uteka.ru/product/mirrolla-sirop-shipovnika-364214/"", ""title"": ""Mirrolla Сироп шиповника, сироп, 250 мл, 1 шт."", ""raw_mnn"": null, ""mnn"": null, ""raw_rx_otc"": null, ""field_type"": ""unknown"", ""source_class"": ""product_card"", ""card_fetched"": true, ""fetched_at"": ""2026-08-13T19:25:14+00:00"", ""http_status"": 0, ""parser_version"": ""mnn_source_identity_v1"", ""query"": ""Мирролла сироп"", ""matched_brand"": null, ""matched_form"": ""сироп"", ""matched_dosage"": ""250мл"", ""matched_pack"": ""1"", ""serp_match_score"": 0.6, ""error"": null, ""match_status"": ""accepted"", ""match_score"": 0.85, ""match_reasons"": [""brand_title_match:+0.50"", ""dose_match:+0.20"", ""form_match:+0.15""], ""match_axes"": [""brand_title"", ""dose"", ""form""], ""hard_contradiction"": false, ""matched_product_title"": ""Mirrolla Сироп шиповника, сироп, 250 мл, 1 шт.""}]","[{""source"": ""uteka"", ""raw_mnn"": null, ""field_type"": ""unknown"", ""canonical_components"": [], ""url"": ""https://uteka.ru/product/mirrolla-sirop-shipovnika-364214/"", ""title"": ""Mirrolla Сироп шиповника, сироп, 250 мл, 1 шт."", ""match_status"": ""accepted"", ""match_score"": 0.85, ""source_class"": ""product_card"", ""parse_warnings"": []}, {""source"": ""apteka"", ""raw_mnn"": null, ""field_type"": ""unknown"", ""canonical_components"": [], ""url"": ""https://apteka.ru/product/mirrolla-maslo-chajnoe-derevo-efirnoe-10-ml-flakon-v-individualnoj-upakovke-5e3265f365b5ab000164fd3b/"", ""title"": ""mirrolla maslo chajnoe derevo efirnoe 10 ml flakon v individualnoj upakovke"", ""match_status"": ""rejected"", ""match_score"": -0.9, ""source_class"": ""product_card"", ""parse_warnings"": []}, {""source"": ""asna"", ""raw_mnn"": null, ""field_type"": ""unknown"", ""canonical_components"": [], ""url"": ""https://www.asna.ru/cards/mirrolla_sirop_s_shipovnikom_250ml_mirrolla.html"", ""title"": ""/cards/mirrolla_sirop_s_shipovnikom_250ml_mirrolla.html"", ""match_status"": ""rejected"", ""match_score"": -0.4, ""source_class"": ""product_card"", ""parse_warnings"": []}, {""source"": ""vidal"", ""raw_mnn"": null, ""field_type"": ""unknown"", ""canonical_components"": [], ""url"": ""https://www.vidal.ru/drugs/products"", ""title"": ""По алфавиту"", ""match_status"": ""ambiguous"", ""match_score"": 0.0, ""source_class"": ""search_only"", ""parse_warnings"": []}, {""source"": ""stolichki"", ""raw_mnn"": null, ""field_type"": ""unknown"", ""canonical_components"": [], ""url"": null, ""title"": null, ""match_status"": ""ambiguous"", ""match_score"": 0.0, ""source_class"": ""search_only"", ""parse_warnings"": []}]"
6592,СИНЕКОД КАПЛИ Д/ПРИЕМА ВНУТРЬ ДЛЯ ДЕТЕЙ 5МГ/МЛ ФЛ. 20МЛ | ГКС КОНСЬЮМЕР ХЕЛС С.А. | ГКС КОНСЬЮМЕР ХЕЛС С.А.,drug,Бутамират,Без рецепта,,none,none,no_known_inn_token,1,2,2,,[],,unresolved_catalog,single_source,unknown,unknown,,,false,,unresolved,true,catalog_accept_removed,"[{""source"": ""apteka"", ""url"": ""https://apteka.ru/product/sinekod-0005ml-flakon-kapli-dlya-priema-vnutr-20-ml-64230b3a5b59d22bc8b06bf7/"", ""title"": ""sinekod 0005ml flakon kapli dlya priema vnutr 20 ml"", ""raw_mnn"": ""Бутамират"", ""mnn"": ""Бутамират"", ""raw_rx_otc"": null, ""field_type"": ""explicit_mnn"", ""source_class"": ""product_card"", ""card_fetched"": true, ""fetched_at"": ""2026-08-13T19:25:21+00:00"", ""http_status"": 0, ""parser_version"": ""mnn_source_identity_v1"", ""query"": ""Синекод 5 мг/мл капли"", ""matched_brand"": null, ""matched_form"": null, ""matched_dosage"": null, ""matched_pack"": null, ""serp_match_score"": 0.82, ""error"": null, ""match_status"": ""rejected"", ""match_score"": -0.9, ""match_reasons"": [""brand_title_conflict:-0.60"", ""dose_conflict:-0.30""], ""match_axes"": [], ""hard_contradiction"": true, ""matched_product_title"": ""sinekod 0005ml flakon kapli dlya priema vnutr 20 ml""}, {""source"": ""asna"", ""url"": ""https://www.asna.ru/cards/sinekod_20ml_kapli_dpriema_vnutr_ddetey_novartis_konsyumer_khels.html"", ""title"": ""/cards/sinekod_20ml_kapli_dpriema_vnutr_ddetey_novartis_konsyumer_khels.html"", ""raw_mnn"": ""Бутамират"", ""mnn"": ""Бутамират"", ""raw_rx_otc"": ""otc"", ""field_type"": ""explicit_mnn"", ""source_class"": ""product_card"", ""card_fetched"": true, ""fetched_at"": ""2026-08-13T19:25:21+00:00"", ""http_status"": 0, ""parser_version"": ""mnn_source_identity_v1"", ""query"": ""Синекод 5 мг/мл капли"", ""matched_brand"": null, ""matched_form"": null, ""matched_dosage"": null, ""matched_pack"": null, ""serp_match_score"": 0.4, ""error"": null, ""match_status"": ""rejected"", ""match_score"": -0.9, ""match_reasons"": [""brand_title_conflict:-0.60"", ""dose_conflict:-0.30""], ""match_axes"": [], ""hard_contradiction"": true, ""matched_product_title"": ""/cards/sinekod_20ml_kapli_dpriema_vnutr_ddetey_novartis_konsyumer_khels.html""}]","[{""source"": ""uteka"", ""url"": ""https://uteka.ru/product/sinekod-30741/"", ""title"": ""Синекод, 5 мг/мл, капли д/пр. внутрь детск, 20 мл, 1 шт."", ""raw_mnn"": ""Бутамират"", ""mnn"": ""Бутамират"", ""raw_rx_otc"": ""otc"", ""field_type"": ""explicit_mnn"", ""source_class"": ""product_card"", ""card_fetched"": true, ""fetched_at"": ""2026-08-13T19:25:19+00:00"", ""http_status"": 0, ""parser_version"": ""mnn_source_identity_v1"", ""query"": ""Синекод 5 мг/мл капли"", ""matched_brand"": null, ""matched_form"": ""капли"", ""matched_dosage"": ""5мг"", ""matched_pack"": ""1"", ""serp_match_score"": 1.0, ""error"": null, ""match_status"": ""accepted"", ""match_score"": 0.85, ""match_reasons"": [""brand_title_match:+0.50"", ""dose_match:+0.20"", ""form_match:+0.15""], ""match_axes"": [""brand_title"", ""dose"", ""form""], ""hard_contradiction"": false, ""matched_product_title"": ""Синекод, 5 мг/мл, капли д/пр. внутрь детск, 20 мл, 1 шт.""}]","[{""source"": ""uteka"", ""raw_mnn"": ""Бутамират"", ""field_type"": ""explicit_mnn"", ""canonical_components"": [""Бутамират""], ""url"": ""https://uteka.ru/product/sinekod-30741/"", ""title"": ""Синекод, 5 мг/мл, капли д/пр. внутрь детск, 20 мл, 1 шт."", ""match_status"": ""accepted"", ""match_score"": 0.85, ""source_class"": ""product_card"", ""parse_warnings"": []}, {""source"": ""apteka"", ""raw_mnn"": ""Бутамират"", ""field_type"": ""explicit_mnn"", ""canonical_components"": [], ""url"": ""https://apteka.ru/product/sinekod-0005ml-flakon-kapli-dlya-priema-vnutr-20-ml-64230b3a5b59d22bc8b06bf7/"", ""title"": ""sinekod 0005ml flakon kapli dlya priema vnutr 20 ml"", ""match_status"": ""rejected"", ""match_score"": -0.9, ""source_class"": ""product_card"", ""parse_warnings"": []}, {""source"": ""asna"", ""raw_mnn"": ""Бутамират"", ""field_type"": ""explicit_mnn"", ""canonical_components"": [], ""url"": ""https://www.asna.ru/cards/sinekod_20ml_kapli_dpriema_vnutr_ddetey_novartis_konsyumer_khels.html"", ""title"": ""/cards/sinekod_20ml_kapli_dpriema_vnutr_ddetey_novartis_konsyumer_khels.html"", ""match_status"": ""rejected"", ""match_score"": -0.9, ""source_class"": ""product_card"", ""parse_warnings"": []}, {""source"": ""vidal"", ""raw_mnn"": ""Бутамират"", ""field_type"": ""explicit_mnn"", ""canonical_components"": [], ""url"": ""https://www.vidal.ru/drugs/sinecod__1576"", ""title"": ""Синекод"", ""match_status"": ""ambiguous"", ""match_score"": 0.5, ""source_class"": ""product_card"", ""parse_warnings"": []}, {""source"": ""stolichki"", ""raw_mnn"": null, ""field_type"": ""unknown"", ""canonical_components"": [], ""url"": null, ""title"": null, ""match_status"": ""ambiguous"", ""match_score"": 0.0, ""source_class"": ""search_only"", ""parse_warnings"": []}]"
6593,СИНДРАНОЛ ТАБЛ. ПРОЛОНГ. П/ПЛЕН/ОБ. 8МГ №28 | ЭГИС ФАРМАЦЕВТИЧЕСКИЙ ЗАВОД АО/ФАРМАТЕН ИНТЕРНЕШНЛ С.А. | ЭГИС ФАРМАЦЕВТИЧЕСКИЙ ЗАВОД АО/ФАРМАТЕН ИНТЕРНЕШНЛ С.А.,drug,,rx,,none,none,no_known_inn_token,1,0,4,,[],,resolved_enrichment,single_source,unknown,unknown,Ропинирол,ok,true,Ропинирол,enrichment,false,unchanged,[],"[{""source"": ""uteka"", ""url"": ""https://uteka.ru/product/sindranol-340285/"", ""title"": ""Синдранол, 8 мг, табл. п.п.о. пролонг, 28 шт."", ""raw_mnn"": ""Ропинирол"", ""mnn"": ""Ропинирол"", ""raw_rx_otc"": ""rx"", ""field_type"": ""explicit_mnn"", ""source_class"": ""product_card"", ""card_fetched"": true, ""fetched_at"": ""2026-08-13T19:25:23+00:00"", ""http_status"": 0, ""parser_version"": ""mnn_source_identity_v1"", ""query"": ""Синдранон 8 мг таблетки"", ""matched_brand"": null, ""matched_form"": ""таблетки"", ""matched_dosage"": ""8мг"", ""matched_pack"": ""28"", ""serp_match_score"": 0.4333, ""error"": null, ""match_status"": ""accepted"", ""match_score"": 0.85, ""match_reasons"": [""brand_title_match:+0.50"", ""dose_match:+0.20"", ""form_match:+0.15""], ""match_axes"": [""brand_title"", ""dose"", ""form""], ""hard_contradiction"": false, ""matched_product_title"": ""Синдранол, 8 мг, табл. п.п.о. пролонг, 28 шт.""}]","[{""source"": ""uteka"", ""raw_mnn"": ""Ропинирол"", ""field_type"": ""explicit_mnn"", ""canonical_components"": [""Ропинирол""], ""url"": ""https://uteka.ru/product/sindranol-340285/"", ""title"": ""Синдранол, 8 мг, табл. п.п.о. пролонг, 28 шт."", ""match_status"": ""accepted"", ""match_score"": 0.85, ""source_class"": ""product_card"", ""parse_warnings"": []}, {""source"": ""apteka"", ""raw_mnn"": null, ""field_type"": ""unknown"", ""canonical_components"": [], ""url"": null, ""title"": null, ""match_status"": ""ambiguous"", ""match_score"": 0.0, ""source_class"": ""search_only"", ""parse_warnings"": []}, {""source"": ""asna"", ""raw_mnn"": null, ""field_type"": ""unknown"", ""canonical_components"": [], ""url"": ""https://www.asna.ru/cards/fikseyd_eko_kotton_nabor_plastyrey_meditsinskikh_bakteritsidnykh_s_soderzhaniem_serebra_72mmkh19mm_n20_nordeplast_lsez.html"", ""title"": ""/cards/fikseyd_eko_kotton_nabor_plastyrey_meditsinskikh_bakteritsidnykh_s_soderzhaniem_serebra_72mmkh19mm_n20_nordeplast_lsez.html"", ""match_status"": ""ambiguous"", ""match_score"": 0.0, ""source_class"": ""search_only"", ""parse_warnings"": []}, {""source"": ""vidal"", ""raw_mnn"": null, ""field_type"": ""unknown"", ""canonical_components"": [], ""url"": ""https://www.vidal.ru/drugs/products"", ""title"": ""По алфавиту"", ""match_status"": ""ambiguous"", ""match_score"": 0.0, ""source_class"": ""search_only"", ""parse_warnings"": []}, {""source"": ""stolichki"", ""raw_mnn"": null, ""field_type"": ""unknown"", ""canonical_components"": [], ""url"": null, ""title"": null, ""match_status"": ""ambiguous"", ""match_score"": 0.0, ""source_class"": ""search_only"", ""parse_warnings"": []}]"
6743,СИЛДЕНАФИЛ ТАБЛ. П/ПЛЕН/ОБ. 100МГ №10 ОЗОН | ОЗОН ООО | ОЗОН ООО,drug,Силденафил,rx,,none,none,no_known_inn_token,1,1,3,,[],,unresolved_catalog,single_source,unknown,unknown,,,false,,unresolved,true,catalog_accept_removed,"[{""source"": ""apteka"", ""url"": ""https://apteka.ru/product/sildenafil-100-mg-2-sht-tabletki-pokrytye-plenochnoj-obolochkoj-5e3274e865b5ab000165710d/"", ""title"": ""sildenafil 100 mg 2 sht tabletki pokrytye plenochnoj obolochkoj"", ""raw_mnn"": ""Силденафил"", ""mnn"": ""Силденафил"", ""raw_rx_otc"": ""rx"", ""field_type"": ""explicit_mnn"", ""source_class"": ""product_card"", ""card_fetched"": true, ""fetched_at"": ""2026-08-13T19:25:31+00:00"", ""http_status"": 0, ""parser_version"": ""mnn_source_identity_v1"", ""query"": ""СИЛДЕНАФИЛ 100 мг таблетки"", ""matched_brand"": null, ""matched_form"": null, ""matched_dosage"": null, ""matched_pack"": null, ""serp_match_score"": 0.45, ""error"": null, ""match_status"": ""rejected"", ""match_score"": -0.4, ""match_reasons"": [""brand_title_conflict:-0.60"", ""dose_match:+0.20""], ""match_axes"": [""dose""], ""hard_contradiction"": true, ""matched_product_title"": ""sildenafil 100 mg 2 sht tabletki pokrytye plenochnoj obolochkoj""}]","[{""source"": ""uteka"", ""url"": ""https://uteka.ru/product/sildenafil-sz-312564/"", ""title"": ""Силденафил-СЗ, 100 мг, табл. п.п.о, 20 шт."", ""raw_mnn"": ""Силденафил"", ""mnn"": ""Силденафил"", ""raw_rx_otc"": ""rx"", ""field_type"": ""explicit_mnn"", ""source_class"": ""product_card"", ""card_fetched"": true, ""fetched_at"": ""2026-08-13T19:25:30+00:00"", ""http_status"": 0, ""parser_version"": ""mnn_source_identity_v1"", ""query"": ""СИЛДЕНАФИЛ 100 мг таблетки"", ""matched_brand"": null, ""matched_form"": ""таблетки"", ""matched_dosage"": ""100мг"", ""matched_pack"": ""20"", ""serp_match_score"": 0.85, ""error"": null, ""match_status"": ""accepted"", ""match_score"": 0.85, ""match_reasons"": [""brand_title_match:+0.50"", ""dose_match:+0.20"", ""form_match:+0.15""], ""match_axes"": [""brand_title"", ""dose"", ""form""], ""hard_contradiction"": false, ""matched_product_title"": ""Силденафил-СЗ, 100 мг, табл. п.п.о, 20 шт.""}]","[{""source"": ""uteka"", ""raw_mnn"": ""Силденафил"", ""field_type"": ""explicit_mnn"", ""canonical_components"": [""Силденафил""], ""url"": ""https://uteka.ru/product/sildenafil-sz-312564/"", ""title"": ""Силденафил-СЗ, 100 мг, табл. п.п.о, 20 шт."", ""match_status"": ""accepted"", ""match_score"": 0.85, ""source_class"": ""product_card"", ""parse_warnings"": []}, {""source"": ""apteka"", ""raw_mnn"": ""Силденафил"", ""field_type"": ""explicit_mnn"", ""canonical_components"": [], ""url"": ""https://apteka.ru/product/sildenafil-100-mg-2-sht-tabletki-pokrytye-plenochnoj-obolochkoj-5e3274e865b5ab000165710d/"", ""title"": ""sildenafil 100 mg 2 sht tabletki pokrytye plenochnoj obolochkoj"", ""match_status"": ""rejected"", ""match_score"": -0.4, ""source_class"": ""product_card"", ""parse_warnings"": []}, {""source"": ""asna"", ""raw_mnn"": null, ""field_type"": ""unknown"", ""canonical_components"": [], ""url"": ""https://www.asna.ru/cards/sildenafil-sz_100mg_n20_tab_pokrytye_plenochnoy_obolochkoy_severnaya_zvezda.html"", ""title"": ""/cards/sildenafil-sz_100mg_n20_tab_pokrytye_plenochnoy_obolochkoy_severnaya_zvezda.html"", ""match_status"": ""ambiguous"", ""match_score"": 0.0, ""source_class"": ""search_only"", ""parse_warnings"": []}, {""source"": ""vidal"", ""raw_mnn"": null, ""field_type"": ""unknown"", ""canonical_components"": [], ""url"": ""https://www.vidal.ru/drugs/products"", ""title"": ""По алфавиту"", ""match_status"": ""ambiguous"", ""match_score"": 0.0, ""source_class"": ""search_only"", ""parse_warnings"": []}, {""source"": ""stolichki"", ""raw_mnn"": null, ""field_type"": ""unknown"", ""canonical_components"": [], ""url"": null, ""title"": null, ""match_status"": ""ambiguous"", ""match_score"": 0.0, ""source_class"": ""search_only"", ""parse_warnings"": []}]"
7275,САНОВАСК ТАБЛ. П/КИШ/РАСТ/ПЛЕН/ОБ. 50МГ №30 | ИРБИТСКИЙ ХИМЗАВОД ОАО | ИРБИТСКИЙ ХИМЗАВОД ОАО,drug,,,,none,none,no_known_inn_token,1,2,2,,[],,unresolved_catalog,single_source,unknown,unknown,,,false,,unresolved,true,catalog_accept_removed,"[{""source"": ""apteka"", ""url"": ""https://apteka.ru/product/sanovask-50-mg-30-sht-tabletki-kishechnorastvorimye--pokrytye-plenochnoj-obolochkoj-65a90284e93c9e7cc57b0b71/"", ""title"": ""sanovask 50 mg 30 sht tabletki kishechnorastvorimye  pokrytye plenochnoj obolochkoj"", ""raw_mnn"": ""Ацетилсалициловая кислота"", ""mnn"": ""Ацетилсалициловая кислота"", ""raw_rx_otc"": null, ""field_type"": ""explicit_mnn"", ""source_class"": ""product_card"", ""card_fetched"": true, ""fetched_at"": ""2026-08-13T19:25:34+00:00"", ""http_status"": 0, ""parser_version"": ""mnn_source_identity_v1"", ""query"": ""САНОВАСК 50 мг таблетки"", ""matched_brand"": null, ""matched_form"": null, ""matched_dosage"": null, ""matched_pack"": null, ""serp_match_score"": 1.0, ""error"": null, ""match_status"": ""rejected"", ""match_score"": -0.4, ""match_reasons"": [""brand_title_conflict:-0.60"", ""dose_match:+0.20""], ""match_axes"": [""dose""], ""hard_contradiction"": true, ""matched_product_title"": ""sanovask 50 mg 30 sht tabletki kishechnorastvorimye  pokrytye plenochnoj obolochkoj""}, {""source"": ""asna"", ""url"": ""https://www.asna.ru/cards/sanovask_50mg_n30_tab_pokrytye_kishechnorastvorimoy_plenochnoy_obolochkoy_irbitskiy_khimfarmzavod_oao.html"", ""title"": ""/cards/sanovask_50mg_n30_tab_pokrytye_kishechnorastvorimoy_plenochnoy_obolochkoy_irbitskiy_khimfarmzavod_oao.html"", ""raw_mnn"": ""Ацетилсалициловая кислота"", ""mnn"": ""Ацетилсалициловая кислота"", ""raw_rx_otc"": ""otc"", ""field_type"": ""explicit_mnn"", ""source_class"": ""product_card"", ""card_fetched"": true, ""fetched_at"": ""2026-08-13T19:25:34+00:00"", ""http_status"": 0, ""parser_version"": ""mnn_source_identity_v1"", ""query"": ""САНОВАСК 50 мг таблетки"", ""matched_brand"": null, ""matched_form"": null, ""matched_dosage"": null, ""matched_pack"": null, ""serp_match_score"": 0.5, ""error"": null, ""match_status"": ""rejected"", ""match_score"": -0.25, ""match_reasons"": [""brand_title_conflict:-0.60"", ""dose_match:+0.20"", ""form_match:+0.15""], ""match_axes"": [""dose"", ""form""], ""hard_contradiction"": true, ""matched_product_title"": ""/cards/sanovask_50mg_n30_tab_pokrytye_kishechnorastvorimoy_plenochnoy_obolochkoy_irbitskiy_khimfarmzavod_oao.html""}]","[{""source"": ""uteka"", ""url"": ""https://uteka.ru/product/sanovask-327683/"", ""title"": ""Сановаск, 50 мг, табл. п.п.о. кишечнорастворимые, 30 шт."", ""raw_mnn"": ""Ацетилсалициловая кислота"", ""mnn"": ""Ацетилсалициловая кислота"", ""raw_rx_otc"": ""otc"", ""field_type"": ""explicit_mnn"", ""source_class"": ""product_card"", ""card_fetched"": true, ""fetched_at"": ""2026-08-13T19:25:33+00:00"", ""http_status"": 0, ""parser_version"": ""mnn_source_identity_v1"", ""query"": ""САНОВАСК 50 мг таблетки"", ""matched_brand"": null, ""matched_form"": ""таблетки"", ""matched_dosage"": ""50мг"", ""matched_pack"": ""30"", ""serp_match_score"": 1.0, ""error"": null, ""match_status"": ""accepted"", ""match_score"": 0.85, ""match_reasons"": [""brand_title_match:+0.50"", ""dose_match:+0.20"", ""form_match:+0.15""], ""match_axes"": [""brand_title"", ""dose"", ""form""], ""hard_contradiction"": false, ""matched_product_title"": ""Сановаск, 50 мг, табл. п.п.о. кишечнорастворимые, 30 шт.""}]","[{""source"": ""uteka"", ""raw_mnn"": ""Ацетилсалициловая кислота"", ""field_type"": ""explicit_mnn"", ""canonical_components"": [""Ацетилсалициловая кислота""], ""url"": ""https://uteka.ru/product/sanovask-327683/"", ""title"": ""Сановаск, 50 мг, табл. п.п.о. кишечнорастворимые, 30 шт."", ""match_status"": ""accepted"", ""match_score"": 0.85, ""source_class"": ""product_card"", ""parse_warnings"": []}, {""source"": ""apteka"", ""raw_mnn"": ""Ацетилсалициловая кислота"", ""field_type"": ""explicit_mnn"", ""canonical_components"": [], ""url"": ""https://apteka.ru/product/sanovask-50-mg-30-sht-tabletki-kishechnorastvorimye--pokrytye-plenochnoj-obolochkoj-65a90284e93c9e7cc57b0b71/"", ""title"": ""sanovask 50 mg 30 sht tabletki kishechnorastvorimye  pokrytye plenochnoj obolochkoj"", ""match_status"": ""rejected"", ""match_score"": -0.4, ""source_class"": ""product_card"", ""parse_warnings"": []}, {""source"": ""asna"", ""raw_mnn"": ""Ацетилсалициловая кислота"", ""field_type"": ""explicit_mnn"", ""canonical_components"": [], ""url"": ""https://www.asna.ru/cards/sanovask_50mg_n30_tab_pokrytye_kishechnorastvorimoy_plenochnoy_obolochkoy_irbitskiy_khimfarmzavod_oao.html"", ""title"": ""/cards/sanovask_50mg_n30_tab_pokrytye_kishechnorastvorimoy_plenochnoy_obolochkoy_irbitskiy_khimfarmzavod_oao.html"", ""match_status"": ""rejected"", ""match_score"": -0.25, ""source_class"": ""product_card"", ""parse_warnings"": []}, {""source"": ""vidal"", ""raw_mnn"": ""Магния гидроксид"", ""field_type"": ""explicit_mnn"", ""canonical_components"": [], ""url"": ""https://www.vidal.ru/drugs/sanovask-magnesium"", ""title"": ""Сановаск"", ""match_status"": ""ambiguous"", ""match_score"": 0.5, ""source_class"": ""product_card"", ""parse_warnings"": []}, {""source"": ""stolichki"", ""raw_mnn"": null, ""field_type"": ""unknown"", ""canonical_components"": [], ""url"": null, ""title"": null, ""match_status"": ""ambiguous"", ""match_score"": 0.0, ""source_class"": ""search_only"", ""parse_warnings"": []}]"
7625,РОСИНСУЛИН С МЕДСИНТЕЗ СУСП. ДЛЯ П/К ВВЕД. 100МЕ/МЛ КАРТРИДЖ 3МЛ №5 | ЗАВОД МЕДСИНТЕЗ ООО | ЗАВОД МЕДСИНТЕЗ ООО,drug,Инсулин человеческий,rx,,none,none,no_known_inn_token,1,2,2,,[],,resolved_enrichment,single_source,unknown,unknown,Инсулин человеческий,ok,true,Инсулин человеческий,enrichment,false,sources_rejected_same_final,"[{""source"": ""apteka"", ""url"": ""https://apteka.ru/product/rosinsulin-s-medsintez-100-meml-5-sht-flakon-suspenziya-dlya-podkozhnogo-vvedeniya-flakon-5-ml-61322f2d45366c1e9a3c6082/"", ""title"": ""rosinsulin s medsintez 100 meml 5 sht flakon suspenziya dlya podkozhnogo vvedeniya flakon 5 ml"", ""raw_mnn"": ""Инсулин-изофан человеческий генно-инженерный"", ""mnn"": ""Инсулин-изофан человеческий генно-инженерный"", ""raw_rx_otc"": ""rx"", ""field_type"": ""explicit_mnn"", ""source_class"": ""product_card"", ""card_fetched"": true, ""fetched_at"": ""2026-08-13T19:25:39+00:00"", ""http_status"": 0, ""parser_version"": ""mnn_source_identity_v1"", ""query"": ""Росинсулин 100 МЕ/мл суспензия"", ""matched_brand"": null, ""matched_form"": null, ""matched_dosage"": null, ""matched_pack"": ""5"", ""serp_match_score"": 0.91, ""error"": null, ""match_status"": ""rejected"", ""match_score"": -0.9, ""match_reasons"": [""brand_title_conflict:-0.60"", ""dose_conflict:-0.30""], ""match_axes"": [], ""hard_contradiction"": true, ""matched_product_title"": ""rosinsulin s medsintez 100 meml 5 sht flakon suspenziya dlya podkozhnogo vvedeniya flakon 5 ml""}, {""source"": ""asna"", ""url"": ""https://www.asna.ru/cards/rosinsulin_s_100meml_3ml_n5_suspenziya_dpkozhnogo_vvedeniya_zavod_medsintez_ooo.html"", ""title"": ""/cards/rosinsulin_s_100meml_3ml_n5_suspenziya_dpkozhnogo_vvedeniya_zavod_medsintez_ooo.html"", ""raw_mnn"": ""Инсулин-изофан [человеческий генно-инженерный]"", ""mnn"": ""Инсулин-изофан [человеческий генно-инженерный]"", ""raw_rx_otc"": ""rx"", ""field_type"": ""explicit_mnn"", ""source_class"": ""product_card"", ""card_fetched"": true, ""fetched_at"": ""2026-08-13T19:25:39+00:00"", ""http_status"": 0, ""parser_version"": ""mnn_source_identity_v1"", ""query"": ""Росинсулин 100 МЕ/мл суспензия"", ""matched_brand"": null, ""matched_form"": null, ""matched_dosage"": null, ""matched_pack"": null, ""serp_match_score"": 0.5, ""error"": null, ""match_status"": ""rejected"", ""match_score"": -0.9, ""match_reasons"": [""brand_title_conflict:-0.60"", ""dose_conflict:-0.30""], ""match_axes"": [], ""hard_contradiction"": true, ""matched_product_title"": ""/cards/rosinsulin_s_100meml_3ml_n5_suspenziya_dpkozhnogo_vvedeniya_zavod_medsintez_ooo.html""}]","[{""source"": ""uteka"", ""url"": ""https://uteka.ru/product/rosinsulin-s-386338/"", ""title"": ""Росинсулин С, 100 МЕ/мл, сусп. для п/к введ, комфорт пен, 3 мл, 5 шт."", ""raw_mnn"": ""Инсулин-изофан [человеческий генно-инженерный]"", ""mnn"": ""Инсулин-изофан [человеческий генно-инженерный]"", ""raw_rx_otc"": ""rx"", ""field_type"": ""explicit_mnn"", ""source_class"": ""product_card"", ""card_fetched"": true, ""fetched_at"": ""2026-08-13T19:25:37+00:00"", ""http_status"": 0, ""parser_version"": ""mnn_source_identity_v1"", ""query"": ""Росинсулин 100 МЕ/мл суспензия"", ""matched_brand"": null, ""matched_form"": ""суспензия"", ""matched_dosage"": ""100ед"", ""matched_pack"": ""5"", ""serp_match_score"": 1.0, ""error"": null, ""match_status"": ""accepted"", ""match_score"": 0.85, ""match_reasons"": [""brand_title_match:+0.50"", ""dose_match:+0.20"", ""form_match:+0.15""], ""match_axes"": [""brand_title"", ""dose"", ""form""], ""hard_contradiction"": false, ""matched_product_title"": ""Росинсулин С, 100 МЕ/мл, сусп. для п/к введ, комфорт пен, 3 мл, 5 шт.""}]","[{""source"": ""uteka"", ""raw_mnn"": ""Инсулин-изофан [человеческий генно-инженерный]"", ""field_type"": ""explicit_mnn"", ""canonical_components"": [""Инсулин-изофан [человеческий генно-инженерный]""], ""url"": ""https://uteka.ru/product/rosinsulin-s-386338/"", ""title"": ""Росинсулин С, 100 МЕ/мл, сусп. для п/к введ, комфорт пен, 3 мл, 5 шт."", ""match_status"": ""accepted"", ""match_score"": 0.85, ""source_class"": ""product_card"", ""parse_warnings"": []}, {""source"": ""apteka"", ""raw_mnn"": ""Инсулин-изофан человеческий генно-инженерный"", ""field_type"": ""explicit_mnn"", ""canonical_components"": [], ""url"": ""https://apteka.ru/product/rosinsulin-s-medsintez-100-meml-5-sht-flakon-suspenziya-dlya-podkozhnogo-vvedeniya-flakon-5-ml-61322f2d45366c1e9a3c6082/"", ""title"": ""rosinsulin s medsintez 100 meml 5 sht flakon suspenziya dlya podkozhnogo vvedeniya flakon 5 ml"", ""match_status"": ""rejected"", ""match_score"": -0.9, ""source_class"": ""product_card"", ""parse_warnings"": []}, {""source"": ""asna"", ""raw_mnn"": ""Инсулин-изофан [человеческий генно-инженерный]"", ""field_type"": ""explicit_mnn"", ""canonical_components"": [], ""url"": ""https://www.asna.ru/cards/rosinsulin_s_100meml_3ml_n5_suspenziya_dpkozhnogo_vvedeniya_zavod_medsintez_ooo.html"", ""title"": ""/cards/rosinsulin_s_100meml_3ml_n5_suspenziya_dpkozhnogo_vvedeniya_zavod_medsintez_ooo.html"", ""match_status"": ""rejected"", ""match_score"": -0.9, ""source_class"": ""product_card"", ""parse_warnings"": []}, {""source"": ""vidal"", ""raw_mnn"": ""Инсулин аспарт"", ""field_type"": ""explicit_mnn"", ""canonical_components"": [], ""url"": ""https://www.vidal.ru/drugs/rosinsulin-aspart-r"", ""title"": ""Росинсулин Аспарт Р"", ""match_status"": ""ambiguous"", ""match_score"": 0.5, ""source_class"": ""product_card"", ""parse_warnings"": []}, {""source"": ""stolichki"", ""raw_mnn"": null, ""field_type"": ""unknown"", ""canonical_components"": [], ""url"": null, ""title"": null, ""match_status"": ""ambiguous"", ""match_score"": 0.0, ""source_class"": ""search_only"", ""parse_warnings"": []}]"
7651,РОМАШКИ АПТЕЧНОЙ ЦВЕТКИ 50Г ХЕРБЕС | ХЕРБЕС ООО | ХЕРБЕС ООО,drug,,otc,,none,none,no_known_inn_token,0,1,4,,[],,resolved_enrichment,empty,unknown,unknown,Ромашки аптечной цветки,ok,true,Ромашки аптечной цветки,enrichment,false,sources_rejected_same_final,"[{""source"": ""asna"", ""url"": ""https://www.asna.ru/cards/romashki_tsvetki_15g_n20_fp_kherbes_ooo.html"", ""title"": ""/cards/romashki_tsvetki_15g_n20_fp_kherbes_ooo.html"", ""raw_mnn"": ""Ромашки аптечной цветки"", ""mnn"": ""Ромашки аптечной цветки"", ""raw_rx_otc"": ""otc"", ""field_type"": ""explicit_mnn"", ""source_class"": ""product_card"", ""card_fetched"": true, ""fetched_at"": ""2026-08-13T19:25:41+00:00"", ""http_status"": 0, ""parser_version"": ""mnn_source_identity_v1"", ""query"": ""Хербес"", ""matched_brand"": null, ""matched_form"": null, ""matched_dosage"": null, ""matched_pack"": null, ""serp_match_score"": 0.4, ""error"": null, ""match_status"": ""rejected"", ""match_score"": -0.6, ""match_reasons"": [""brand_title_conflict:-0.60"", ""dose_card_unknown""], ""match_axes"": [], ""hard_contradiction"": true, ""matched_product_title"": ""/cards/romashki_tsvetki_15g_n20_fp_kherbes_ooo.html""}]",[],"[{""source"": ""asna"", ""raw_mnn"": ""Ромашки аптечной цветки"", ""field_type"": ""explicit_mnn"", ""canonical_components"": [], ""url"": ""https://www.asna.ru/cards/romashki_tsvetki_15g_n20_fp_kherbes_ooo.html"", ""title"": ""/cards/romashki_tsvetki_15g_n20_fp_kherbes_ooo.html"", ""match_status"": ""rejected"", ""match_score"": -0.6, ""source_class"": ""product_card"", ""parse_warnings"": []}, {""source"": ""uteka"", ""raw_mnn"": null, ""field_type"": ""unknown"", ""canonical_components"": [], ""url"": null, ""title"": null, ""match_status"": ""ambiguous"", ""match_score"": 0.0, ""source_class"": ""search_only"", ""parse_warnings"": []}, {""source"": ""apteka"", ""raw_mnn"": null, ""field_type"": ""unknown"", ""canonical_components"": [], ""url"": ""https://apteka.ru/product/polotencza-vlazhnye-detskie-universalnye-s-ekstraktom-romashki-aloe-i-vitaminom-e-60-sht-693083d77022628f12b49cdc/"", ""title"": ""polotencza vlazhnye detskie universalnye s ekstraktom romashki aloe i vitaminom e 60 sht"", ""match_status"": ""ambiguous"", ""match_score"": 0.0, ""source_class"": ""search_only"", ""parse_warnings"": []}, {""source"": ""vidal"", ""raw_mnn"": null, ""field_type"": ""unknown"", ""canonical_components"": [], ""url"": ""https://www.vidal.ru/drugs/products"", ""title"": ""По алфавиту"", ""match_status"": ""ambiguous"", ""match_score"": 0.0, ""source_class"": ""search_only"", ""parse_warnings"": []}, {""source"": ""stolichki"", ""raw_mnn"": null, ""field_type"": ""unknown"", ""canonical_components"": [], ""url"": null, ""title"": null, ""match_status"": ""ambiguous"", ""match_score"": 0.0, ""source_class"": ""search_only"", ""parse_warnings"": []}]"
7803,РОЗУВАСТАТИН-ТАД ТАБЛ. П/ПЛЕН/ОБ. 20МГ №30 | Крка-Рус ООО | Крка-Рус ООО,drug,Розувастатин,rx,Розувастатин,strong,high,exact_normalized_text_token_start,1,2,2,,[],,resolved_input_explicit,single_source,unknown,unknown,,,false,Розувастатин,input_explicit_mnn,false,catalog_accept_removed,"[{""source"": ""apteka"", ""url"": ""https://apteka.ru/product/rozuvastatin-verteks-20-mg-90-sht-blister-tabletki-pokrytye-plenochnoj-obolochkoj-5e3bd2c0bc272f00016ba27e/"", ""title"": ""rozuvastatin verteks 20 mg 90 sht blister tabletki pokrytye plenochnoj obolochkoj"", ""raw_mnn"": ""Розувастатин"", ""mnn"": ""Розувастатин"", ""raw_rx_otc"": ""rx"", ""field_type"": ""explicit_mnn"", ""source_class"": ""product_card"", ""card_fetched"": true, ""fetched_at"": ""2026-08-13T19:25:45+00:00"", ""http_status"": 0, ""parser_version"": ""mnn_source_identity_v1"", ""query"": ""Розувастатин-ТАД 20мг таблетки"", ""matched_brand"": null, ""matched_form"": null, ""matched_dosage"": null, ""matched_pack"": null, ""serp_match_score"": 0.225, ""error"": null, ""match_status"": ""rejected"", ""match_score"": -0.4, ""match_reasons"": [""brand_title_conflict:-0.60"", ""dose_match:+0.20""], ""match_axes"": [""dose""], ""hard_contradiction"": true, ""matched_product_title"": ""rozuvastatin verteks 20 mg 90 sht blister tabletki pokrytye plenochnoj obolochkoj""}, {""source"": ""asna"", ""url"": ""https://www.asna.ru/cards/rozuvastatin-tad_20mg_n30_tab_pokrytye_plenochnoy_obolochkoy_krka-rus_ooo.html"", ""title"": ""/cards/rozuvastatin-tad_20mg_n30_tab_pokrytye_plenochnoy_obolochkoy_krka-rus_ooo.html"", ""raw_mnn"": ""Розувастатин"", ""mnn"": ""Розувастатин"", ""raw_rx_otc"": ""rx"", ""field_type"": ""explicit_mnn"", ""source_class"": ""product_card"", ""card_fetched"": true, ""fetched_at"": ""2026-08-13T19:25:45+00:00"", ""http_status"": 0, ""parser_version"": ""mnn_source_identity_v1"", ""query"": ""Розувастатин-ТАД 20мг таблетки"", ""matched_brand"": null, ""matched_form"": null, ""matched_dosage"": null, ""matched_pack"": null, ""serp_match_score"": 0.4, ""error"": null, ""match_status"": ""rejected"", ""match_score"": -0.25, ""match_reasons"": [""brand_title_conflict:-0.60"", ""dose_match:+0.20"", ""form_match:+0.15""], ""match_axes"": [""dose"", ""form""], ""hard_contradiction"": true, ""matched_product_title"": ""/cards/rozuvastatin-tad_20mg_n30_tab_pokrytye_plenochnoy_obolochkoy_krka-rus_ooo.html""}]","[{""source"": ""uteka"", ""url"": ""https://uteka.ru/product/rozuvastatin-tad-386319/"", ""title"": ""Розувастатин-Тад, 20 мг, табл. п.п.о, 30 шт."", ""raw_mnn"": ""Розувастатин"", ""mnn"": ""Розувастатин"", ""raw_rx_otc"": ""rx"", ""field_type"": ""explicit_mnn"", ""source_class"": ""product_card"", ""card_fetched"": true, ""fetched_at"": ""2026-08-13T19:25:44+00:00"", ""http_status"": 0, ""parser_version"": ""mnn_source_identity_v1"", ""query"": ""Розувастатин-ТАД 20мг таблетки"", ""matched_brand"": null, ""matched_form"": ""таблетки"", ""matched_dosage"": ""20мг"", ""matched_pack"": ""30"", ""serp_match_score"": 0.95, ""error"": null, ""match_status"": ""accepted"", ""match_score"": 0.85, ""match_reasons"": [""brand_title_match:+0.50"", ""dose_match:+0.20"", ""form_match:+0.15""], ""match_axes"": [""brand_title"", ""dose"", ""form""], ""hard_contradiction"": false, ""matched_product_title"": ""Розувастатин-Тад, 20 мг, табл. п.п.о, 30 шт.""}]","[{""source"": ""uteka"", ""raw_mnn"": ""Розувастатин"", ""field_type"": ""explicit_mnn"", ""canonical_components"": [""Розувастатин""], ""url"": ""https://uteka.ru/product/rozuvastatin-tad-386319/"", ""title"": ""Розувастатин-Тад, 20 мг, табл. п.п.о, 30 шт."", ""match_status"": ""accepted"", ""match_score"": 0.85, ""source_class"": ""product_card"", ""parse_warnings"": []}, {""source"": ""apteka"", ""raw_mnn"": ""Розувастатин"", ""field_type"": ""explicit_mnn"", ""canonical_components"": [], ""url"": ""https://apteka.ru/product/rozuvastatin-verteks-20-mg-90-sht-blister-tabletki-pokrytye-plenochnoj-obolochkoj-5e3bd2c0bc272f00016ba27e/"", ""title"": ""rozuvastatin verteks 20 mg 90 sht blister tabletki pokrytye plenochnoj obolochkoj"", ""match_status"": ""rejected"", ""match_score"": -0.4, ""source_class"": ""product_card"", ""parse_warnings"": []}, {""source"": ""asna"", ""raw_mnn"": ""Розувастатин"", ""field_type"": ""explicit_mnn"", ""canonical_components"": [], ""url"": ""https://www.asna.ru/cards/rozuvastatin-tad_20mg_n30_tab_pokrytye_plenochnoy_obolochkoy_krka-rus_ooo.html"", ""title"": ""/cards/rozuvastatin-tad_20mg_n30_tab_pokrytye_plenochnoy_obolochkoy_krka-rus_ooo.html"", ""match_status"": ""rejected"", ""match_score"": -0.25, ""source_class"": ""product_card"", ""parse_warnings"": []}, {""source"": ""vidal"", ""raw_mnn"": null, ""field_type"": ""unknown"", ""canonical_components"": [], ""url"": ""https://www.vidal.ru/drugs/products"", ""title"": ""По алфавиту"", ""match_status"": ""ambiguous"", ""match_score"": 0.0, ""source_class"": ""search_only"", ""parse_warnings"": []}, {""source"": ""stolichki"", ""raw_mnn"": null, ""field_type"": ""unknown"", ""canonical_components"": [], ""url"": null, ""title"": null, ""match_status"": ""ambiguous"", ""match_score"": 0.0, ""source_class"": ""search_only"", ""parse_warnings"": []}]"
7807,РОЗУВАСТАТИН ТАБЛ. П/ПЛЕН/ОБ. 5МГ №30 ПРАНАФАРМ | ПРАНАФАРМ ООО | ПРАНАФАРМ ООО,drug,Розувастатин,rx,Розувастатин,strong,high,exact_normalized_text_token_start,0,3,2,,[],,resolved_enrichment,empty,unknown,unknown,Розувастатин,ok,true,Розувастатин,input_plus_enrichment,false,method_changed,"[{""source"": ""uteka"", ""url"": ""https://uteka.ru/product/enalapril-384383/"", ""title"": ""Эналаприл, 5 мг, табл, 60 шт."", ""raw_mnn"": ""Эналаприл"", ""mnn"": ""Эналаприл"", ""raw_rx_otc"": ""rx"", ""field_type"": ""explicit_mnn"", ""source_class"": ""product_card"", ""card_fetched"": true, ""fetched_at"": ""2026-08-13T19:25:46+00:00"", ""http_status"": 0, ""parser_version"": ""mnn_source_identity_v1"", ""query"": ""Пранафарм 5 мг таблетки"", ""matched_brand"": null, ""matched_form"": ""таблетки"", ""matched_dosage"": ""5мг"", ""matched_pack"": ""60"", ""serp_match_score"": 0.4333, ""error"": null, ""match_status"": ""rejected"", ""match_score"": 0.0, ""match_reasons"": [""strong_explicit_mnn_mismatch""], ""matched_product_title"": ""Эналаприл, 5 мг, табл, 60 шт.""}, {""source"": ""apteka"", ""url"": ""https://apteka.ru/product/atenolol-50-mg-n30-tabl-pranafarm-5e326f79f5a9ae000140be23/"", ""title"": ""atenolol 50 mg n30 tabl pranafarm"", ""raw_mnn"": ""Атенолол"", ""mnn"": ""Атенолол"", ""raw_rx_otc"": ""rx"", ""field_type"": ""explicit_mnn"", ""source_class"": ""product_card"", ""card_fetched"": true, ""fetched_at"": ""2026-08-13T19:25:46+00:00"", ""http_status"": 0, ""parser_version"": ""mnn_source_identity_v1"", ""query"": ""Пранафарм 5 мг таблетки"", ""matched_brand"": null, ""matched_form"": null, ""matched_dosage"": null, ""matched_pack"": ""30"", ""serp_match_score"": 0.775, ""error"": null, ""match_status"": ""rejected"", ""match_score"": 0.0, ""match_reasons"": [""strong_explicit_mnn_mismatch""], ""matched_product_title"": ""atenolol 50 mg n30 tabl pranafarm""}, {""source"": ""asna"", ""url"": ""https://www.asna.ru/cards/valsartan_40mg_n30_tab_pokrytye_plenochnoy_obolochkoy_pranafarm.html"", ""title"": ""/cards/valsartan_40mg_n30_tab_pokrytye_plenochnoy_obolochkoy_pranafarm.html"", ""raw_mnn"": ""Валсартан"", ""mnn"": ""Валсартан"", ""raw_rx_otc"": ""rx"", ""field_type"": ""explicit_mnn"", ""source_class"": ""product_card"", ""card_fetched"": true, ""fetched_at"": ""2026-08-13T19:25:46+00:00"", ""http_status"": 0, ""parser_version"": ""mnn_source_identity_v1"", ""query"": ""Пранафарм 5 мг таблетки"", ""matched_brand"": null, ""matched_form"": null, ""matched_dosage"": null, ""matched_pack"": null, ""serp_match_score"": 0.4, ""error"": null, ""match_status"": ""rejected"", ""match_score"": 0.0, ""match_reasons"": [""strong_explicit_mnn_mismatch""], ""matched_product_title"": ""/cards/valsartan_40mg_n30_tab_pokrytye_plenochnoy_obolochkoy_pranafarm.html""}]",[],"[{""source"": ""uteka"", ""raw_mnn"": ""Эналаприл"", ""field_type"": ""explicit_mnn"", ""canonical_components"": [], ""url"": ""https://uteka.ru/product/enalapril-384383/"", ""title"": ""Эналаприл, 5 мг, табл, 60 шт."", ""match_status"": ""rejected"", ""match_score"": 0.0, ""source_class"": ""product_card"", ""parse_warnings"": []}, {""source"": ""apteka"", ""raw_mnn"": ""Атенолол"", ""field_type"": ""explicit_mnn"", ""canonical_components"": [], ""url"": ""https://apteka.ru/product/atenolol-50-mg-n30-tabl-pranafarm-5e326f79f5a9ae000140be23/"", ""title"": ""atenolol 50 mg n30 tabl pranafarm"", ""match_status"": ""rejected"", ""match_score"": 0.0, ""source_class"": ""product_card"", ""parse_warnings"": []}, {""source"": ""asna"", ""raw_mnn"": ""Валсартан"", ""field_type"": ""explicit_mnn"", ""canonical_components"": [], ""url"": ""https://www.asna.ru/cards/valsartan_40mg_n30_tab_pokrytye_plenochnoy_obolochkoy_pranafarm.html"", ""title"": ""/cards/valsartan_40mg_n30_tab_pokrytye_plenochnoy_obolochkoy_pranafarm.html"", ""match_status"": ""rejected"", ""match_score"": 0.0, ""source_class"": ""product_card"", ""parse_warnings"": []}, {""source"": ""vidal"", ""raw_mnn"": null, ""field_type"": ""unknown"", ""canonical_components"": [], ""url"": ""https://www.vidal.ru/drugs/products"", ""title"": ""По алфавиту"", ""match_status"": ""ambiguous"", ""match_score"": 0.0, ""source_class"": ""search_only"", ""parse_warnings"": []}, {""source"": ""stolichki"", ""raw_mnn"": null, ""field_type"": ""unknown"", ""canonical_components"": [], ""url"": null, ""title"": null, ""match_status"": ""ambiguous"", ""match_score"": 0.0, ""source_class"": ""search_only"", ""parse_warnings"": []}]"
7816,РОЗУВАСТАТИН ТАБЛ. П/ПЛЕН/ОБ. 20МГ №90 ОЗОН | ОЗОН ООО | ОЗОН ООО,drug,Розувастатин,rx,Розувастатин,strong,high,exact_normalized_text_token_start,1,3,1,,[],,resolved_enrichment,single_source,unknown,unknown,Розувастатин,ok,true,Розувастатин,input_plus_enrichment,false,method_changed,"[{""source"": ""apteka"", ""url"": ""https://apteka.ru/product/dobutamin-125-mgml-10ml-n10-amp-koncz-dr-ra-dinf-ozon-687f89aca877d1a738467921/"", ""title"": ""dobutamin 125 mgml 10ml n10 amp koncz dr ra dinf ozon"", ""raw_mnn"": ""Добутамин"", ""mnn"": ""Добутамин"", ""raw_rx_otc"": ""rx"", ""field_type"": ""explicit_mnn"", ""source_class"": ""product_card"", ""card_fetched"": true, ""fetched_at"": ""2026-08-13T19:25:51+00:00"", ""http_status"": 0, ""parser_version"": ""mnn_source_identity_v1"", ""query"": ""ОЗОН 20мг таблетки"", ""matched_brand"": null, ""matched_form"": null, ""matched_dosage"": null, ""matched_pack"": ""125"", ""serp_match_score"": 0.7, ""error"": null, ""match_status"": ""rejected"", ""match_score"": 0.0, ""match_reasons"": [""strong_explicit_mnn_mismatch""], ""matched_product_title"": ""dobutamin 125 mgml 10ml n10 amp koncz dr ra dinf ozon""}, {""source"": ""asna"", ""url"": ""https://www.asna.ru/cards/metotreksat_25mg_n50_tab_pokrytye_obolochkoy_ozon.html"", ""title"": ""/cards/metotreksat_25mg_n50_tab_pokrytye_obolochkoy_ozon.html"", ""raw_mnn"": ""Метотрексат"", ""mnn"": ""Метотрексат"", ""raw_rx_otc"": ""rx"", ""field_type"": ""explicit_mnn"", ""source_class"": ""product_card"", ""card_fetched"": true, ""fetched_at"": ""2026-08-13T19:25:51+00:00"", ""http_status"": 0, ""parser_version"": ""mnn_source_identity_v1"", ""query"": ""ОЗОН 20мг таблетки"", ""matched_brand"": null, ""matched_form"": null, ""matched_dosage"": null, ""matched_pack"": null, ""serp_match_score"": 0.4, ""error"": null, ""match_status"": ""rejected"", ""match_score"": 0.0, ""match_reasons"": [""strong_explicit_mnn_mismatch""], ""matched_product_title"": ""/cards/metotreksat_25mg_n50_tab_pokrytye_obolochkoy_ozon.html""}, {""source"": ""vidal"", ""url"": ""https://www.vidal.ru/drugs/glycine_bio__10481"", ""title"": ""Глицин Озон"", ""raw_mnn"": ""Глицин"", ""mnn"": ""Глицин"", ""raw_rx_otc"": ""otc"", ""field_type"": ""explicit_mnn"", ""source_class"": ""product_card"", ""card_fetched"": true, ""fetched_at"": ""2026-08-13T19:25:52+00:00"", ""http_status"": 0, ""parser_version"": ""mnn_source_identity_v1"", ""query"": ""ОЗОН 20мг таблетки"", ""matched_brand"": null, ""matched_form"": null, ""matched_dosage"": null, ""matched_pack"": null, ""serp_match_score"": 1.0, ""error"": null, ""match_status"": ""rejected"", ""match_score"": 0.0, ""match_reasons"": [""strong_explicit_mnn_mismatch""], ""matched_product_title"": ""Глицин Озон""}]","[{""source"": ""uteka"", ""url"": ""https://uteka.ru/product/rozuvastatin-383231/"", ""title"": ""Розувастатин, 20 мг, табл. п.п.о, 90 шт."", ""raw_mnn"": ""Розувастатин"", ""mnn"": ""Розувастатин"", ""raw_rx_otc"": ""rx"", ""field_type"": ""explicit_mnn"", ""source_class"": ""product_card"", ""card_fetched"": true, ""fetched_at"": ""2026-08-13T19:25:49+00:00"", ""http_status"": 0, ""parser_version"": ""mnn_source_identity_v1"", ""query"": ""РОЗУВАСТАТИН 20мг таблетки"", ""matched_brand"": null, ""matched_form"": ""таблетки"", ""matched_dosage"": ""20мг"", ""matched_pack"": ""90"", ""serp_match_score"": 0.4333, ""error"": null, ""match_status"": ""accepted"", ""match_score"": 0.85, ""match_reasons"": [""brand_title_match:+0.50"", ""dose_match:+0.20"", ""form_match:+0.15""], ""match_axes"": [""brand_title"", ""dose"", ""form""], ""hard_contradiction"": false, ""matched_product_title"": ""Розувастатин, 20 мг, табл. п.п.о, 90 шт.""}]","[{""source"": ""uteka"", ""raw_mnn"": ""Розувастатин"", ""field_type"": ""explicit_mnn"", ""canonical_components"": [""Розувастатин""], ""url"": ""https://uteka.ru/product/rozuvastatin-383231/"", ""title"": ""Розувастатин, 20 мг, табл. п.п.о, 90 шт."", ""match_status"": ""accepted"", ""match_score"": 0.85, ""source_class"": ""product_card"", ""parse_warnings"": []}, {""source"": ""apteka"", ""raw_mnn"": ""Добутамин"", ""field_type"": ""explicit_mnn"", ""canonical_components"": [], ""url"": ""https://apteka.ru/product/dobutamin-125-mgml-10ml-n10-amp-koncz-dr-ra-dinf-ozon-687f89aca877d1a738467921/"", ""title"": ""dobutamin 125 mgml 10ml n10 amp koncz dr ra dinf ozon"", ""match_status"": ""rejected"", ""match_score"": 0.0, ""source_class"": ""product_card"", ""parse_warnings"": []}, {""source"": ""asna"", ""raw_mnn"": ""Метотрексат"", ""field_type"": ""explicit_mnn"", ""canonical_components"": [], ""url"": ""https://www.asna.ru/cards/metotreksat_25mg_n50_tab_pokrytye_obolochkoy_ozon.html"", ""title"": ""/cards/metotreksat_25mg_n50_tab_pokrytye_obolochkoy_ozon.html"", ""match_status"": ""rejected"", ""match_score"": 0.0, ""source_class"": ""product_card"", ""parse_warnings"": []}, {""source"": ""vidal"", ""raw_mnn"": ""Глицин"", ""field_type"": ""explicit_mnn"", ""canonical_components"": [], ""url"": ""https://www.vidal.ru/drugs/glycine_bio__10481"", ""title"": ""Глицин Озон"", ""match_status"": ""rejected"", ""match_score"": 0.0, ""source_class"": ""product_card"", ""parse_warnings"": []}, {""source"": ""stolichki"", ""raw_mnn"": null, ""field_type"": ""unknown"", ""canonical_components"": [], ""url"": null, ""title"": null, ""match_status"": ""ambiguous"", ""match_score"": 0.0, ""source_class"": ""search_only"", ""parse_warnings"": []}]"
7858,РОЗУВАСТАТИН РЕНЕВАЛ ТАБЛ. П/ПЛЕН/ОБ. 10МГ №30 | ОБНОВЛЕНИЕ ПФК АО | ОБНОВЛЕНИЕ ПФК АО,drug,Розувастатин,rx,Розувастатин,strong,high,exact_normalized_text_token_start,0,3,2,,[],,resolved_enrichment,empty,unknown,unknown,Розувастатин,ok,true,Розувастатин,input_plus_enrichment,false,method_changed,"[{""source"": ""uteka"", ""url"": ""https://uteka.ru/product/anaprilin-1277/"", ""title"": ""Анаприлин Реневал, 10 мг, табл, 112 шт."", ""raw_mnn"": ""Пропранолол"", ""mnn"": ""Пропранолол"", ""raw_rx_otc"": ""rx"", ""field_type"": ""explicit_mnn"", ""source_class"": ""product_card"", ""card_fetched"": true, ""fetched_at"": ""2026-08-13T19:25:54+00:00"", ""http_status"": 0, ""parser_version"": ""mnn_source_identity_v1"", ""query"": ""Реневал 10 мг таблетки"", ""matched_brand"": null, ""matched_form"": ""таблетки"", ""matched_dosage"": ""10мг"", ""matched_pack"": ""112"", ""serp_match_score"": 1.0, ""error"": null, ""match_status"": ""rejected"", ""match_score"": 0.0, ""match_reasons"": [""strong_explicit_mnn_mismatch""], ""matched_product_title"": ""Анаприлин Реневал, 10 мг, табл, 112 шт.""}, {""source"": ""apteka"", ""url"": ""https://apteka.ru/product/ramipril-reneval-10-mg-30-sht-tabletki-67b6f8bef92ccd5e673daec7/"", ""title"": ""ramipril reneval 10 mg 30 sht tabletki"", ""raw_mnn"": ""Рамиприл"", ""mnn"": ""Рамиприл"", ""raw_rx_otc"": ""rx"", ""field_type"": ""explicit_mnn"", ""source_class"": ""product_card"", ""card_fetched"": true, ""fetched_at"": ""2026-08-13T19:25:57+00:00"", ""http_status"": 0, ""parser_version"": ""mnn_source_identity_v1"", ""query"": ""Реневал 10 мг таблетки"", ""matched_brand"": null, ""matched_form"": null, ""matched_dosage"": null, ""matched_pack"": null, ""serp_match_score"": 1.0, ""error"": null, ""match_status"": ""rejected"", ""match_score"": 0.0, ""match_reasons"": [""strong_explicit_mnn_mismatch""], ""matched_product_title"": ""ramipril reneval 10 mg 30 sht tabletki""}, {""source"": ""asna"", ""url"": ""https://www.asna.ru/cards/nimesulid_reneval_100mg_n20_tab_obnovlenie_pfk_ao.html"", ""title"": ""/cards/nimesulid_reneval_100mg_n20_tab_obnovlenie_pfk_ao.html"", ""raw_mnn"": ""Нимесулид"", ""mnn"": ""Нимесулид"", ""raw_rx_otc"": ""rx"", ""field_type"": ""explicit_mnn"", ""source_class"": ""product_card"", ""card_fetched"": true, ""fetched_at"": ""2026-08-13T19:25:56+00:00"", ""http_status"": 0, ""parser_version"": ""mnn_source_identity_v1"", ""query"": ""Реневал 10 мг таблетки"", ""matched_brand"": null, ""matched_form"": null, ""matched_dosage"": null, ""matched_pack"": null, ""serp_match_score"": 0.5, ""error"": null, ""match_status"": ""rejected"", ""match_score"": 0.0, ""match_reasons"": [""strong_explicit_mnn_mismatch""], ""matched_product_title"": ""/cards/nimesulid_reneval_100mg_n20_tab_obnovlenie_pfk_ao.html""}]",[],"[{""source"": ""uteka"", ""raw_mnn"": ""Пропранолол"", ""field_type"": ""explicit_mnn"", ""canonical_components"": [], ""url"": ""https://uteka.ru/product/anaprilin-1277/"", ""title"": ""Анаприлин Реневал, 10 мг, табл, 112 шт."", ""match_status"": ""rejected"", ""match_score"": 0.0, ""source_class"": ""product_card"", ""parse_warnings"": []}, {""source"": ""apteka"", ""raw_mnn"": ""Рамиприл"", ""field_type"": ""explicit_mnn"", ""canonical_components"": [], ""url"": ""https://apteka.ru/product/ramipril-reneval-10-mg-30-sht-tabletki-67b6f8bef92ccd5e673daec7/"", ""title"": ""ramipril reneval 10 mg 30 sht tabletki"", ""match_status"": ""rejected"", ""match_score"": 0.0, ""source_class"": ""product_card"", ""parse_warnings"": []}, {""source"": ""asna"", ""raw_mnn"": ""Нимесулид"", ""field_type"": ""explicit_mnn"", ""canonical_components"": [], ""url"": ""https://www.asna.ru/cards/nimesulid_reneval_100mg_n20_tab_obnovlenie_pfk_ao.html"", ""title"": ""/cards/nimesulid_reneval_100mg_n20_tab_obnovlenie_pfk_ao.html"", ""match_status"": ""rejected"", ""match_score"": 0.0, ""source_class"": ""product_card"", ""parse_warnings"": []}, {""source"": ""vidal"", ""raw_mnn"": ""Розувастатин"", ""field_type"": ""explicit_mnn"", ""canonical_components"": [], ""url"": ""https://www.vidal.ru/drugs/rozuvastatin-reneval"", ""title"": ""Розувастатин Реневал"", ""match_status"": ""ambiguous"", ""match_score"": 0.5, ""source_class"": ""product_card"", ""parse_warnings"": []}, {""source"": ""stolichki"", ""raw_mnn"": null, ""field_type"": ""unknown"", ""canonical_components"": [], ""url"": null, ""title"": null, ""match_status"": ""ambiguous"", ""match_score"": 0.0, ""source_class"": ""search_only"", ""parse_warnings"": []}]"
8055,РИМАСОПТ ВМ КАПЛИ ГЛАЗНЫЕ 2МГ/МЛ+5МГ/МЛ ФЛ. 5МЛ №1 | Уорлд медицин илач сан. ве тидж. Аш | Уорлд медицин илач сан. ве тидж. Аш,drug,,rx,,none,none,no_known_inn_token,0,0,5,,[],,resolved_enrichment,empty,unknown,unknown,"Бримонидин, Тимолол",ok,true,"Бримонидин, Тимолол",enrichment,false,unchanged,[],[],"[{""source"": ""uteka"", ""raw_mnn"": null, ""field_type"": ""unknown"", ""canonical_components"": [], ""url"": null, ""title"": null, ""match_status"": ""ambiguous"", ""match_score"": 0.0, ""source_class"": ""search_only"", ""parse_warnings"": []}, {""source"": ""apteka"", ""raw_mnn"": null, ""field_type"": ""unknown"", ""canonical_components"": [], ""url"": null, ""title"": null, ""match_status"": ""ambiguous"", ""match_score"": 0.0, ""source_class"": ""search_only"", ""parse_warnings"": []}, {""source"": ""asna"", ""raw_mnn"": null, ""field_type"": ""unknown"", ""canonical_components"": [], ""url"": ""https://www.asna.ru/cards/fikseyd_eko_kotton_nabor_plastyrey_meditsinskikh_bakteritsidnykh_s_soderzhaniem_serebra_72mmkh19mm_n20_nordeplast_lsez.html"", ""title"": ""/cards/fikseyd_eko_kotton_nabor_plastyrey_meditsinskikh_bakteritsidnykh_s_soderzhaniem_serebra_72mmkh19mm_n20_nordeplast_lsez.html"", ""match_status"": ""ambiguous"", ""match_score"": 0.0, ""source_class"": ""search_only"", ""parse_warnings"": []}, {""source"": ""vidal"", ""raw_mnn"": ""Тимолол"", ""field_type"": ""explicit_mnn"", ""canonical_components"": [], ""url"": ""https://www.vidal.ru/drugs/rimasopt-vm"", ""title"": ""Римасопт ВМ"", ""match_status"": ""ambiguous"", ""match_score"": 0.5, ""source_class"": ""product_card"", ""parse_warnings"": []}, {""source"": ""stolichki"", ""raw_mnn"": null, ""field_type"": ""unknown"", ""canonical_components"": [], ""url"": null, ""title"": null, ""match_status"": ""ambiguous"", ""match_score"": 0.0, ""source_class"": ""search_only"", ""parse_warnings"": []}]"
8201,РЕПЕШОК ОБЫКНОВЕННЫЙ ТРАВА 50Г ЭВАЛАР | ЭВАЛАР ЗАО | ЭВАЛАР ЗАО,drug,,otc,,none,none,no_known_inn_token,0,3,2,,[],,unresolved_catalog,empty,unknown,unknown,,ok,false,,unresolved,true,method_changed,"[{""source"": ""uteka"", ""url"": ""https://uteka.ru/product/evalar-medika-aknelar-gel-dlya-problemnoi-i-kombinirovannoi-kozhi-postakne-440740/"", ""title"": ""Эвалар Медика Акнелар Гель для проблемной и комбинированной кожи постакне, 30 мл, 1 шт."", ""raw_mnn"": null, ""mnn"": null, ""raw_rx_otc"": null, ""field_type"": ""unknown"", ""source_class"": ""product_card"", ""card_fetched"": true, ""fetched_at"": ""2026-08-13T19:26:04+00:00"", ""http_status"": 0, ""parser_version"": ""mnn_source_identity_v1"", ""query"": ""Эвалар"", ""matched_brand"": null, ""matched_form"": ""гель"", ""matched_dosage"": ""30мл"", ""matched_pack"": ""1"", ""serp_match_score"": 1.0, ""error"": null, ""match_status"": ""rejected"", ""match_score"": 0.2, ""match_reasons"": [""brand_title_match:+0.50"", ""dose_conflict:-0.30""], ""match_axes"": [""brand_title""], ""hard_contradiction"": true, ""matched_product_title"": ""Эвалар Медика Акнелар Гель для проблемной и комбинированной кожи постакне, 30 мл, 1 шт.""}, {""source"": ""apteka"", ""url"": ""https://apteka.ru/product/evalar-vitaminy-gruppy-v-30-sht-tabletki-shipuchie-massoj-5-gr-62ecf25b9a4bbad6203e87e8/"", ""title"": ""evalar vitaminy gruppy v 30 sht tabletki shipuchie massoj 5 gr"", ""raw_mnn"": null, ""mnn"": null, ""raw_rx_otc"": null, ""field_type"": ""unknown"", ""source_class"": ""product_card"", ""card_fetched"": true, ""fetched_at"": ""2026-08-13T19:26:04+00:00"", ""http_status"": 0, ""parser_version"": ""mnn_source_identity_v1"", ""query"": ""Эвалар"", ""matched_brand"": null, ""matched_form"": null, ""matched_dosage"": null, ""matched_pack"": null, ""serp_match_score"": 1.0, ""error"": null, ""match_status"": ""rejected"", ""match_score"": -0.6, ""match_reasons"": [""brand_title_conflict:-0.60"", ""dose_card_unknown""], ""match_axes"": [], ""hard_contradiction"": true, ""matched_product_title"": ""evalar vitaminy gruppy v 30 sht tabletki shipuchie massoj 5 gr""}, {""source"": ""asna"", ""url"": ""https://www.asna.ru/cards/ginkoum_80mg_n60_kaps_evalar.html"", ""title"": ""/cards/ginkoum_80mg_n60_kaps_evalar.html"", ""raw_mnn"": ""Гинкго двулопастного листьев экстракт"", ""mnn"": ""Гинкго двулопастного листьев экстракт"", ""raw_rx_otc"": ""otc"", ""field_type"": ""explicit_mnn"", ""source_class"": ""product_card"", ""card_fetched"": true, ""fetched_at"": ""2026-08-13T19:26:04+00:00"", ""http_status"": 0, ""parser_version"": ""mnn_source_identity_v1"", ""query"": ""Эвалар"", ""matched_brand"": null, ""matched_form"": null, ""matched_dosage"": null, ""matched_pack"": null, ""serp_match_score"": 0.4, ""error"": null, ""match_status"": ""rejected"", ""match_score"": -0.9, ""match_reasons"": [""brand_title_conflict:-0.60"", ""dose_conflict:-0.30""], ""match_axes"": [], ""hard_contradiction"": true, ""matched_product_title"": ""/cards/ginkoum_80mg_n60_kaps_evalar.html""}]",[],"[{""source"": ""uteka"", ""raw_mnn"": null, ""field_type"": ""unknown"", ""canonical_components"": [], ""url"": ""https://uteka.ru/product/evalar-medika-aknelar-gel-dlya-problemnoi-i-kombinirovannoi-kozhi-postakne-440740/"", ""title"": ""Эвалар Медика Акнелар Гель для проблемной и комбинированной кожи постакне, 30 мл, 1 шт."", ""match_status"": ""rejected"", ""match_score"": 0.2, ""source_class"": ""product_card"", ""parse_warnings"": []}, {""source"": ""apteka"", ""raw_mnn"": null, ""field_type"": ""unknown"", ""canonical_components"": [], ""url"": ""https://apteka.ru/product/evalar-vitaminy-gruppy-v-30-sht-tabletki-shipuchie-massoj-5-gr-62ecf25b9a4bbad6203e87e8/"", ""title"": ""evalar vitaminy gruppy v 30 sht tabletki shipuchie massoj 5 gr"", ""match_status"": ""rejected"", ""match_score"": -0.6, ""source_class"": ""product_card"", ""parse_warnings"": []}, {""source"": ""asna"", ""raw_mnn"": ""Гинкго двулопастного листьев экстракт"", ""field_type"": ""explicit_mnn"", ""canonical_components"": [], ""url"": ""https://www.asna.ru/cards/ginkoum_80mg_n60_kaps_evalar.html"", ""title"": ""/cards/ginkoum_80mg_n60_kaps_evalar.html"", ""match_status"": ""rejected"", ""match_score"": -0.9, ""source_class"": ""product_card"", ""parse_warnings"": []}, {""source"": ""vidal"", ""raw_mnn"": ""Общетонизирующие препараты"", ""field_type"": ""explicit_mnn"", ""canonical_components"": [], ""url"": ""https://www.vidal.ru/drugs/evalar__20452"", ""title"": ""Эвалар"", ""match_status"": ""ambiguous"", ""match_score"": 0.5, ""source_class"": ""product_card"", ""parse_warnings"": []}, {""source"": ""stolichki"", ""raw_mnn"": null, ""field_type"": ""unknown"", ""canonical_components"": [], ""url"": null, ""title"": null, ""match_status"": ""ambiguous"", ""match_score"": 0.0, ""source_class"": ""search_only"", ""parse_warnings"": []}]"
8374,РЕДЕЦИЛ МАЗЬ Д/НАРУЖ. ПРИМ. ТУБА 35Г | РЕТИНОИДЫ АО | РЕТИНОИДЫ АО,drug,,,,none,none,no_known_inn_token,1,0,4,,[],,unresolved_catalog,single_source,unknown,unknown,,,false,,unresolved,true,catalog_accept_removed,[],"[{""source"": ""uteka"", ""url"": ""https://uteka.ru/product/redecil-155102/"", ""title"": ""Редецил, мазь д/наружн. прим, 35 г, 1 шт."", ""raw_mnn"": ""Диоксометилтетрагидропиримидин + Ретинол"", ""mnn"": ""Диоксометилтетрагидропиримидин + Ретинол"", ""raw_rx_otc"": ""otc"", ""field_type"": ""explicit_mnn"", ""source_class"": ""product_card"", ""card_fetched"": true, ""fetched_at"": ""2026-08-13T19:26:05+00:00"", ""http_status"": 0, ""parser_version"": ""mnn_source_identity_v1"", ""query"": ""Редецил мазь"", ""matched_brand"": null, ""matched_form"": ""мазь"", ""matched_dosage"": ""35г"", ""matched_pack"": ""1"", ""serp_match_score"": 1.0, ""error"": null, ""match_status"": ""accepted"", ""match_score"": 0.85, ""match_reasons"": [""brand_title_match:+0.50"", ""dose_match:+0.20"", ""form_match:+0.15""], ""match_axes"": [""brand_title"", ""dose"", ""form""], ""hard_contradiction"": false, ""matched_product_title"": ""Редецил, мазь д/наружн. прим, 35 г, 1 шт.""}]","[{""source"": ""uteka"", ""raw_mnn"": ""Диоксометилтетрагидропиримидин + Ретинол"", ""field_type"": ""explicit_mnn"", ""canonical_components"": [""Диоксометилтетрагидропиримидин"", ""Ретинол""], ""url"": ""https://uteka.ru/product/redecil-155102/"", ""title"": ""Редецил, мазь д/наружн. прим, 35 г, 1 шт."", ""match_status"": ""accepted"", ""match_score"": 0.85, ""source_class"": ""product_card"", ""parse_warnings"": []}, {""source"": ""apteka"", ""raw_mnn"": null, ""field_type"": ""unknown"", ""canonical_components"": [], ""url"": null, ""title"": null, ""match_status"": ""ambiguous"", ""match_score"": 0.0, ""source_class"": ""search_only"", ""parse_warnings"": []}, {""source"": ""asna"", ""raw_mnn"": null, ""field_type"": ""unknown"", ""canonical_components"": [], ""url"": ""https://www.asna.ru/cards/redetsil_35g_maz_dnaruzhnogo_primeneniya_retinoidy.html"", ""title"": ""/cards/redetsil_35g_maz_dnaruzhnogo_primeneniya_retinoidy.html"", ""match_status"": ""ambiguous"", ""match_score"": 0.0, ""source_class"": ""search_only"", ""parse_warnings"": []}, {""source"": ""vidal"", ""raw_mnn"": ""Диоксометилтетрагидропиримидин"", ""field_type"": ""explicit_mnn"", ""canonical_components"": [], ""url"": ""https://www.vidal.ru/drugs/redecil__15776"", ""title"": ""Редецил"", ""match_status"": ""ambiguous"", ""match_score"": 0.5, ""source_class"": ""product_card"", ""parse_warnings"": []}, {""source"": ""stolichki"", ""raw_mnn"": null, ""field_type"": ""unknown"", ""canonical_components"": [], ""url"": null, ""title"": null, ""match_status"": ""ambiguous"", ""match_score"": 0.0, ""source_class"": ""search_only"", ""parse_warnings"": []}]"
8414,РЕБАМИПИД ТАБЛ. П/ПЛЕН/ОБ. 100МГ №90 | ОБНИНСКАЯ ХИМИКО-ФАРМАЦЕВТИЧЕСКАЯ КОМПАНИЯ | ОБНИНСКАЯ ХИМИКО-ФАРМАЦЕВТИЧЕСКАЯ КОМПАНИЯ,drug,Ребамипид,rx,,none,none,no_known_inn_token,1,1,3,,[],,unresolved_catalog,single_source,unknown,unknown,,,false,,unresolved,true,catalog_accept_removed,"[{""source"": ""apteka"", ""url"": ""https://apteka.ru/product/rebamipid-sz-100-mg-60-sht-tabletki-pokrytye-plenochnoj-obolochkoj-61a8ad4d227890b6ef08e6b8/"", ""title"": ""rebamipid sz 100 mg 60 sht tabletki pokrytye plenochnoj obolochkoj"", ""raw_mnn"": ""Ребамипид"", ""mnn"": ""Ребамипид"", ""raw_rx_otc"": ""rx"", ""field_type"": ""explicit_mnn"", ""source_class"": ""product_card"", ""card_fetched"": true, ""fetched_at"": ""2026-08-13T19:26:12+00:00"", ""http_status"": 0, ""parser_version"": ""mnn_source_identity_v1"", ""query"": ""РЕБАМИПИД 100 мг таблетки"", ""matched_brand"": null, ""matched_form"": null, ""matched_dosage"": null, ""matched_pack"": null, ""serp_match_score"": 0.45, ""error"": null, ""match_status"": ""rejected"", ""match_score"": -0.4, ""match_reasons"": [""brand_title_conflict:-0.60"", ""dose_match:+0.20""], ""match_axes"": [""dose""], ""hard_contradiction"": true, ""matched_product_title"": ""rebamipid sz 100 mg 60 sht tabletki pokrytye plenochnoj obolochkoj""}]","[{""source"": ""uteka"", ""url"": ""https://uteka.ru/product/rebamipid-sz-371955/"", ""title"": ""Ребамипид-СЗ, 100 мг, табл. п.п.о, 30 шт."", ""raw_mnn"": ""Ребамипид"", ""mnn"": ""Ребамипид"", ""raw_rx_otc"": ""rx"", ""field_type"": ""explicit_mnn"", ""source_class"": ""product_card"", ""card_fetched"": true, ""fetched_at"": ""2026-08-13T19:26:09+00:00"", ""http_status"": 0, ""parser_version"": ""mnn_source_identity_v1"", ""query"": ""РЕБАМИПИД 100 мг таблетки"", ""matched_brand"": null, ""matched_form"": ""таблетки"", ""matched_dosage"": ""100мг"", ""matched_pack"": ""30"", ""serp_match_score"": 0.85, ""error"": null, ""match_status"": ""accepted"", ""match_score"": 0.85, ""match_reasons"": [""brand_title_match:+0.50"", ""dose_match:+0.20"", ""form_match:+0.15""], ""match_axes"": [""brand_title"", ""dose"", ""form""], ""hard_contradiction"": false, ""matched_product_title"": ""Ребамипид-СЗ, 100 мг, табл. п.п.о, 30 шт.""}]","[{""source"": ""uteka"", ""raw_mnn"": ""Ребамипид"", ""field_type"": ""explicit_mnn"", ""canonical_components"": [""Ребамипид""], ""url"": ""https://uteka.ru/product/rebamipid-sz-371955/"", ""title"": ""Ребамипид-СЗ, 100 мг, табл. п.п.о, 30 шт."", ""match_status"": ""accepted"", ""match_score"": 0.85, ""source_class"": ""product_card"", ""parse_warnings"": []}, {""source"": ""apteka"", ""raw_mnn"": ""Ребамипид"", ""field_type"": ""explicit_mnn"", ""canonical_components"": [], ""url"": ""https://apteka.ru/product/rebamipid-sz-100-mg-60-sht-tabletki-pokrytye-plenochnoj-obolochkoj-61a8ad4d227890b6ef08e6b8/"", ""title"": ""rebamipid sz 100 mg 60 sht tabletki pokrytye plenochnoj obolochkoj"", ""match_status"": ""rejected"", ""match_score"": -0.4, ""source_class"": ""product_card"", ""parse_warnings"": []}, {""source"": ""asna"", ""raw_mnn"": null, ""field_type"": ""unknown"", ""canonical_components"": [], ""url"": ""https://www.asna.ru/cards/rebamipid-sz_100mg_n90_tab_pokrytye_plenochnoy_obolochkoy_severnaya_zvezda_nao.html"", ""title"": ""/cards/rebamipid-sz_100mg_n90_tab_pokrytye_plenochnoy_obolochkoy_severnaya_zvezda_nao.html"", ""match_status"": ""ambiguous"", ""match_score"": 0.0, ""source_class"": ""search_only"", ""parse_warnings"": []}, {""source"": ""vidal"", ""raw_mnn"": null, ""field_type"": ""unknown"", ""canonical_components"": [], ""url"": ""https://www.vidal.ru/drugs/products"", ""title"": ""По алфавиту"", ""match_status"": ""ambiguous"", ""match_score"": 0.0, ""source_class"": ""search_only"", ""parse_warnings"": []}, {""source"": ""stolichki"", ""raw_mnn"": null, ""field_type"": ""unknown"", ""canonical_components"": [], ""url"": null, ""title"": null, ""match_status"": ""ambiguous"", ""match_score"": 0.0, ""source_class"": ""search_only"", ""parse_warnings"": []}]"
8566,РАБИЕТ КАПС. КИШ/РАСТ. 20МГ №14 АЛИУМ | АЛИУМ АО | АЛИУМ АО,drug,,,,none,none,no_known_inn_token,0,3,2,,[],,resolved_enrichment,empty,unknown,unknown,Рабепразол,ok,true,Рабепразол,enrichment,false,sources_rejected_same_final,"[{""source"": ""uteka"", ""url"": ""https://uteka.ru/product/loperamid-alium-376851/"", ""title"": ""Лоперамид-Алиум, 2 мг, капсулы, 20 шт."", ""raw_mnn"": ""Лоперамид"", ""mnn"": ""Лоперамид"", ""raw_rx_otc"": ""otc"", ""field_type"": ""explicit_mnn"", ""source_class"": ""product_card"", ""card_fetched"": true, ""fetched_at"": ""2026-08-13T19:26:15+00:00"", ""http_status"": 0, ""parser_version"": ""mnn_source_identity_v1"", ""query"": ""АЛИУМ 20 мг капсулы"", ""matched_brand"": null, ""matched_form"": ""капсулы"", ""matched_dosage"": ""2мг"", ""matched_pack"": ""20"", ""serp_match_score"": 1.0, ""error"": null, ""match_status"": ""rejected"", ""match_score"": 0.35, ""match_reasons"": [""brand_title_match:+0.50"", ""dose_conflict:-0.30"", ""form_match:+0.15""], ""match_axes"": [""brand_title"", ""form""], ""hard_contradiction"": true, ""matched_product_title"": ""Лоперамид-Алиум, 2 мг, капсулы, 20 шт.""}, {""source"": ""apteka"", ""url"": ""https://apteka.ru/product/loperamid-alium-2-mg-20-sht-kapsuly-606edb15b905a1659c5ca9d1/"", ""title"": ""loperamid alium 2 mg 20 sht kapsuly"", ""raw_mnn"": ""Лоперамид"", ""mnn"": ""Лоперамид"", ""raw_rx_otc"": null, ""field_type"": ""explicit_mnn"", ""source_class"": ""product_card"", ""card_fetched"": true, ""fetched_at"": ""2026-08-13T19:26:18+00:00"", ""http_status"": 0, ""parser_version"": ""mnn_source_identity_v1"", ""query"": ""АЛИУМ 20 мг капсулы"", ""matched_brand"": null, ""matched_form"": null, ""matched_dosage"": null, ""matched_pack"": null, ""serp_match_score"": 1.0, ""error"": null, ""match_status"": ""rejected"", ""match_score"": -0.9, ""match_reasons"": [""brand_title_conflict:-0.60"", ""dose_conflict:-0.30""], ""match_axes"": [], ""hard_contradiction"": true, ""matched_product_title"": ""loperamid alium 2 mg 20 sht kapsuly""}, {""source"": ""asna"", ""url"": ""https://www.asna.ru/cards/molnupiravir_200mg_n40_kaps_alium_ao.html"", ""title"": ""/cards/molnupiravir_200mg_n40_kaps_alium_ao.html"", ""raw_mnn"": ""Молнупиравир"", ""mnn"": ""Молнупиравир"", ""raw_rx_otc"": ""rx"", ""field_type"": ""explicit_mnn"", ""source_class"": ""product_card"", ""card_fetched"": true, ""fetched_at"": ""2026-08-13T19:26:17+00:00"", ""http_status"": 0, ""parser_version"": ""mnn_source_identity_v1"", ""query"": ""АЛИУМ 20 мг капсулы"", ""matched_brand"": null, ""matched_form"": null, ""matched_dosage"": null, ""matched_pack"": null, ""serp_match_score"": 0.5, ""error"": null, ""match_status"": ""rejected"", ""match_score"": -0.9, ""match_reasons"": [""brand_title_conflict:-0.60"", ""dose_conflict:-0.30""], ""match_axes"": [], ""hard_contradiction"": true, ""matched_product_title"": ""/cards/molnupiravir_200mg_n40_kaps_alium_ao.html""}]",[],"[{""source"": ""uteka"", ""raw_mnn"": ""Лоперамид"", ""field_type"": ""explicit_mnn"", ""canonical_components"": [], ""url"": ""https://uteka.ru/product/loperamid-alium-376851/"", ""title"": ""Лоперамид-Алиум, 2 мг, капсулы, 20 шт."", ""match_status"": ""rejected"", ""match_score"": 0.35, ""source_class"": ""product_card"", ""parse_warnings"": []}, {""source"": ""apteka"", ""raw_mnn"": ""Лоперамид"", ""field_type"": ""explicit_mnn"", ""canonical_components"": [], ""url"": ""https://apteka.ru/product/loperamid-alium-2-mg-20-sht-kapsuly-606edb15b905a1659c5ca9d1/"", ""title"": ""loperamid alium 2 mg 20 sht kapsuly"", ""match_status"": ""rejected"", ""match_score"": -0.9, ""source_class"": ""product_card"", ""parse_warnings"": []}, {""source"": ""asna"", ""raw_mnn"": ""Молнупиравир"", ""field_type"": ""explicit_mnn"", ""canonical_components"": [], ""url"": ""https://www.asna.ru/cards/molnupiravir_200mg_n40_kaps_alium_ao.html"", ""title"": ""/cards/molnupiravir_200mg_n40_kaps_alium_ao.html"", ""match_status"": ""rejected"", ""match_score"": -0.9, ""source_class"": ""product_card"", ""parse_warnings"": []}, {""source"": ""vidal"", ""raw_mnn"": ""Албендазол"", ""field_type"": ""explicit_mnn"", ""canonical_components"": [], ""url"": ""https://www.vidal.ru/drugs/albendazole-alium"", ""title"": ""Албендазол-Алиум"", ""match_status"": ""ambiguous"", ""match_score"": 0.5, ""source_class"": ""product_card"", ""parse_warnings"": []}, {""source"": ""stolichki"", ""raw_mnn"": null, ""field_type"": ""unknown"", ""canonical_components"": [], ""url"": null, ""title"": null, ""match_status"": ""ambiguous"", ""match_score"": 0.0, ""source_class"": ""search_only"", ""parse_warnings"": []}]"
8753,ПРОСТАНОРМ ЭКСТРАКТ Д/ПРИЕМА ВНУТРЬ ЖИДК. ФЛ. 100МЛ | ФАРМВИЛАР НПО ООО | ФАРМВИЛАР НПО ООО,drug,,otc,,none,none,no_known_inn_token,0,3,2,,[],,unresolved_catalog,empty,unknown,unknown,,ok_partial,false,,unresolved,true,method_changed,"[{""source"": ""uteka"", ""url"": ""https://uteka.ru/product/prostanorm-357842/"", ""title"": ""Простанорм, 200 мг, табл. п.о, 30 шт."", ""raw_mnn"": ""Зверобоя продырявленного трава +Золотарника канадского трава+Солодки корни+Эхинацеи пурпурной корневища с корнями"", ""mnn"": ""Зверобоя продырявленного трава +Золотарника канадского трава+Солодки корни+Эхинацеи пурпурной корневища с корнями"", ""raw_rx_otc"": ""otc"", ""field_type"": ""explicit_mnn"", ""source_class"": ""product_card"", ""card_fetched"": true, ""fetched_at"": ""2026-08-13T19:26:20+00:00"", ""http_status"": 0, ""parser_version"": ""mnn_source_identity_v1"", ""query"": ""Простанорм"", ""matched_brand"": null, ""matched_form"": ""таблетки"", ""matched_dosage"": ""200мг"", ""matched_pack"": ""30"", ""serp_match_score"": 1.0, ""error"": null, ""match_status"": ""rejected"", ""match_score"": 0.2, ""match_reasons"": [""brand_title_match:+0.50"", ""dose_conflict:-0.30""], ""match_axes"": [""brand_title""], ""hard_contradiction"": true, ""matched_product_title"": ""Простанорм, 200 мг, табл. п.о, 30 шт.""}, {""source"": ""apteka"", ""url"": ""https://apteka.ru/product/prostanorm-flakon-kapelnicza-ekstrakt-dlya-priema-vnutr-zhidkij-100-ml-5e32673bca7bdc000192c4bd/"", ""title"": ""prostanorm flakon kapelnicza ekstrakt dlya priema vnutr zhidkij 100 ml"", ""raw_mnn"": null, ""mnn"": null, ""raw_rx_otc"": null, ""field_type"": ""unknown"", ""source_class"": ""product_card"", ""card_fetched"": true, ""fetched_at"": ""2026-08-13T19:26:20+00:00"", ""http_status"": 0, ""parser_version"": ""mnn_source_identity_v1"", ""query"": ""Простанорм"", ""matched_brand"": null, ""matched_form"": null, ""matched_dosage"": null, ""matched_pack"": null, ""serp_match_score"": 1.0, ""error"": null, ""match_status"": ""rejected"", ""match_score"": -0.4, ""match_reasons"": [""brand_title_conflict:-0.60"", ""dose_match:+0.20""], ""match_axes"": [""dose""], ""hard_contradiction"": true, ""matched_product_title"": ""prostanorm flakon kapelnicza ekstrakt dlya priema vnutr zhidkij 100 ml""}, {""source"": ""asna"", ""url"": ""https://www.asna.ru/cards/prostanorm_200mg_n30_tab_pokrytye_obolochkoy_vilar_farmtsentr.html"", ""title"": ""/cards/prostanorm_200mg_n30_tab_pokrytye_obolochkoy_vilar_farmtsentr.html"", ""raw_mnn"": null, ""mnn"": null, ""raw_rx_otc"": ""otc"", ""field_type"": ""unknown"", ""source_class"": ""product_card"", ""card_fetched"": true, ""fetched_at"": ""2026-08-13T19:26:20+00:00"", ""http_status"": 0, ""parser_version"": ""mnn_source_identity_v1"", ""query"": ""Простанорм"", ""matched_brand"": null, ""matched_form"": null, ""matched_dosage"": null, ""matched_pack"": null, ""serp_match_score"": 0.4, ""error"": null, ""match_status"": ""rejected"", ""match_score"": -0.9, ""match_reasons"": [""brand_title_conflict:-0.60"", ""dose_conflict:-0.30""], ""match_axes"": [], ""hard_contradiction"": true, ""matched_product_title"": ""/cards/prostanorm_200mg_n30_tab_pokrytye_obolochkoy_vilar_farmtsentr.html""}]",[],"[{""source"": ""uteka"", ""raw_mnn"": ""Зверобоя продырявленного трава +Золотарника канадского трава+Солодки корни+Эхинацеи пурпурной корневища с корнями"", ""field_type"": ""explicit_mnn"", ""canonical_components"": [], ""url"": ""https://uteka.ru/product/prostanorm-357842/"", ""title"": ""Простанорм, 200 мг, табл. п.о, 30 шт."", ""match_status"": ""rejected"", ""match_score"": 0.2, ""source_class"": ""product_card"", ""parse_warnings"": []}, {""source"": ""apteka"", ""raw_mnn"": null, ""field_type"": ""unknown"", ""canonical_components"": [], ""url"": ""https://apteka.ru/product/prostanorm-flakon-kapelnicza-ekstrakt-dlya-priema-vnutr-zhidkij-100-ml-5e32673bca7bdc000192c4bd/"", ""title"": ""prostanorm flakon kapelnicza ekstrakt dlya priema vnutr zhidkij 100 ml"", ""match_status"": ""rejected"", ""match_score"": -0.4, ""source_class"": ""product_card"", ""parse_warnings"": []}, {""source"": ""asna"", ""raw_mnn"": null, ""field_type"": ""unknown"", ""canonical_components"": [], ""url"": ""https://www.asna.ru/cards/prostanorm_200mg_n30_tab_pokrytye_obolochkoy_vilar_farmtsentr.html"", ""title"": ""/cards/prostanorm_200mg_n30_tab_pokrytye_obolochkoy_vilar_farmtsentr.html"", ""match_status"": ""rejected"", ""match_score"": -0.9, ""source_class"": ""product_card"", ""parse_warnings"": []}, {""source"": ""vidal"", ""raw_mnn"": null, ""field_type"": ""unknown"", ""canonical_components"": [], ""url"": ""https://www.vidal.ru/drugs/prostanorm__15913"", ""title"": ""Простанорм"", ""match_status"": ""ambiguous"", ""match_score"": 0.5, ""source_class"": ""product_card"", ""parse_warnings"": []}, {""source"": ""stolichki"", ""raw_mnn"": null, ""field_type"": ""unknown"", ""canonical_components"": [], ""url"": null, ""title"": null, ""match_status"": ""ambiguous"", ""match_score"": 0.0, ""source_class"": ""search_only"", ""parse_warnings"": []}]"
8788,ПРОПИЦИЛ ТАБЛ. 50МГ №20 | ХАУПТ ФАРМА МЮНСТЕР ГМБХ | ХАУПТ ФАРМА МЮНСТЕР ГМБХ,drug,Пропилтиоурацил,rx,,none,none,no_known_inn_token,1,0,4,,[],,unresolved_catalog,single_source,unknown,unknown,,,false,,unresolved,true,catalog_accept_removed,[],"[{""source"": ""uteka"", ""url"": ""https://uteka.ru/product/propicil-92661/"", ""title"": ""Пропицил, 50 мг, табл, 20 шт."", ""raw_mnn"": ""Пропилтиоурацил"", ""mnn"": ""Пропилтиоурацил"", ""raw_rx_otc"": ""rx"", ""field_type"": ""explicit_mnn"", ""source_class"": ""product_card"", ""card_fetched"": true, ""fetched_at"": ""2026-08-13T19:26:21+00:00"", ""http_status"": 0, ""parser_version"": ""mnn_source_identity_v1"", ""query"": ""Пропицил 50 мг таблетки"", ""matched_brand"": null, ""matched_form"": ""таблетки"", ""matched_dosage"": ""50мг"", ""matched_pack"": ""20"", ""serp_match_score"": 1.0, ""error"": null, ""match_status"": ""accepted"", ""match_score"": 0.85, ""match_reasons"": [""brand_title_match:+0.50"", ""dose_match:+0.20"", ""form_match:+0.15""], ""match_axes"": [""brand_title"", ""dose"", ""form""], ""hard_contradiction"": false, ""matched_product_title"": ""Пропицил, 50 мг, табл, 20 шт.""}]","[{""source"": ""uteka"", ""raw_mnn"": ""Пропилтиоурацил"", ""field_type"": ""explicit_mnn"", ""canonical_components"": [""Пропилтиоурацил""], ""url"": ""https://uteka.ru/product/propicil-92661/"", ""title"": ""Пропицил, 50 мг, табл, 20 шт."", ""match_status"": ""accepted"", ""match_score"": 0.85, ""source_class"": ""product_card"", ""parse_warnings"": []}, {""source"": ""apteka"", ""raw_mnn"": null, ""field_type"": ""unknown"", ""canonical_components"": [], ""url"": null, ""title"": null, ""match_status"": ""ambiguous"", ""match_score"": 0.0, ""source_class"": ""search_only"", ""parse_warnings"": []}, {""source"": ""asna"", ""raw_mnn"": null, ""field_type"": ""unknown"", ""canonical_components"": [], ""url"": ""https://www.asna.ru/cards/propitsil_50mg_n20_tab_haupt_pharma_munster_gmbh.html"", ""title"": ""/cards/propitsil_50mg_n20_tab_haupt_pharma_munster_gmbh.html"", ""match_status"": ""ambiguous"", ""match_score"": 0.0, ""source_class"": ""search_only"", ""parse_warnings"": []}, {""source"": ""vidal"", ""raw_mnn"": ""Пропилтиоурацил"", ""field_type"": ""explicit_mnn"", ""canonical_components"": [], ""url"": ""https://www.vidal.ru/drugs/propycil__5744"", ""title"": ""Пропицил"", ""match_status"": ""ambiguous"", ""match_score"": 0.5, ""source_class"": ""product_card"", ""parse_warnings"": []}, {""source"": ""stolichki"", ""raw_mnn"": null, ""field_type"": ""unknown"", ""canonical_components"": [], ""url"": null, ""title"": null, ""match_status"": ""ambiguous"", ""match_score"": 0.0, ""source_class"": ""search_only"", ""parse_warnings"": []}]"
9096,"ПРЕДНИЗОЛОН МАЗЬ Д/НАРУЖ. ПРИМ. 0,5% ТУБА 15Г БИОСИНТЕЗ | БИОСИНТЕЗ ПАО | БИОСИНТЕЗ ПАО",drug,Преднизолон,rx,Преднизолон,strong,high,exact_normalized_text_token_start,0,4,1,,[],,resolved_enrichment,empty,unknown,unknown,Преднизолон,ok,true,Преднизолон,input_plus_enrichment,false,method_changed,"[{""source"": ""uteka"", ""url"": ""https://uteka.ru/product/prednizolon-maz-8091/"", ""title"": ""Преднизолон (мазь), 0.5%, мазь д/наружн. прим, 15 г, 1 шт."", ""raw_mnn"": ""Преднизолон"", ""mnn"": ""Преднизолон"", ""raw_rx_otc"": ""rx"", ""field_type"": ""explicit_mnn"", ""source_class"": ""product_card"", ""card_fetched"": true, ""fetched_at"": ""2026-08-13T19:26:26+00:00"", ""http_status"": 0, ""parser_version"": ""mnn_source_identity_v1"", ""query"": ""Биосинтез 0.5% мазь"", ""matched_brand"": null, ""matched_form"": ""мазь"", ""matched_dosage"": ""15г"", ""matched_pack"": ""1"", ""serp_match_score"": 0.6, ""error"": null, ""match_status"": ""rejected"", ""match_score"": 0.35, ""match_reasons"": [""brand_title_match:+0.50"", ""dose_conflict:-0.30"", ""form_match:+0.15""], ""match_axes"": [""brand_title"", ""form""], ""hard_contradiction"": true, ""matched_product_title"": ""Преднизолон (мазь), 0.5%, мазь д/наружн. прим, 15 г, 1 шт.""}, {""source"": ""apteka"", ""url"": ""https://apteka.ru/product/tetracziklin-100-mg-n20-tabl-pplenobolochbiosintez-5e32784eca7bdc0001934a4d/"", ""title"": ""tetracziklin 100 mg n20 tabl pplenobolochbiosintez"", ""raw_mnn"": ""Тетрациклин"", ""mnn"": ""Тетрациклин"", ""raw_rx_otc"": ""rx"", ""field_type"": ""explicit_mnn"", ""source_class"": ""product_card"", ""card_fetched"": true, ""fetched_at"": ""2026-08-13T19:26:28+00:00"", ""http_status"": 0, ""parser_version"": ""mnn_source_identity_v1"", ""query"": ""Биосинтез 0.5% мазь"", ""matched_brand"": null, ""matched_form"": null, ""matched_dosage"": null, ""matched_pack"": ""100"", ""serp_match_score"": 0.55, ""error"": null, ""match_status"": ""rejected"", ""match_score"": 0.0, ""match_reasons"": [""strong_explicit_mnn_mismatch""], ""matched_product_title"": ""tetracziklin 100 mg n20 tabl pplenobolochbiosintez""}, {""source"": ""asna"", ""url"": ""https://www.asna.ru/cards/nistatin_100000ed_30g_maz_dnaruzhnogo_primeneniya_biosintez.html"", ""title"": ""/cards/nistatin_100000ed_30g_maz_dnaruzhnogo_primeneniya_biosintez.html"", ""raw_mnn"": ""Нистатин"", ""mnn"": ""Нистатин"", ""raw_rx_otc"": ""rx"", ""field_type"": ""explicit_mnn"", ""source_class"": ""product_card"", ""card_fetched"": true, ""fetched_at"": ""2026-08-13T19:26:28+00:00"", ""http_status"": 0, ""parser_version"": ""mnn_source_identity_v1"", ""query"": ""Биосинтез 0.5% мазь"", ""matched_brand"": null, ""matched_form"": null, ""matched_dosage"": null, ""matched_pack"": null, ""serp_match_score"": 0.4, ""error"": null, ""match_status"": ""rejected"", ""match_score"": 0.0, ""match_reasons"": [""strong_explicit_mnn_mismatch""], ""matched_product_title"": ""/cards/nistatin_100000ed_30g_maz_dnaruzhnogo_primeneniya_biosintez.html""}, {""source"": ""vidal"", ""url"": ""https://www.vidal.ru/drugs/captopril-biosynthes__4963"", ""title"": ""Каптоприл-Биосинтез"", ""raw_mnn"": ""Каптоприл"", ""mnn"": ""Каптоприл"", ""raw_rx_otc"": ""rx"", ""field_type"": ""explicit_mnn"", ""source_class"": ""product_card"", ""card_fetched"": true, ""fetched_at"": ""2026-08-13T19:26:28+00:00"", ""http_status"": 0, ""parser_version"": ""mnn_source_identity_v1"", ""query"": ""Биосинтез 0.5% мазь"", ""matched_brand"": null, ""matched_form"": null, ""matched_dosage"": null, ""matched_pack"": null, ""serp_match_score"": 1.0, ""error"": null, ""match_status"": ""rejected"", ""match_score"": 0.0, ""match_reasons"": [""strong_explicit_mnn_mismatch""], ""matched_product_title"": ""Каптоприл-Биосинтез""}]",[],"[{""source"": ""uteka"", ""raw_mnn"": ""Преднизолон"", ""field_type"": ""explicit_mnn"", ""canonical_components"": [], ""url"": ""https://uteka.ru/product/prednizolon-maz-8091/"", ""title"": ""Преднизолон (мазь), 0.5%, мазь д/наружн. прим, 15 г, 1 шт."", ""match_status"": ""rejected"", ""match_score"": 0.35, ""source_class"": ""product_card"", ""parse_warnings"": []}, {""source"": ""apteka"", ""raw_mnn"": ""Тетрациклин"", ""field_type"": ""explicit_mnn"", ""canonical_components"": [], ""url"": ""https://apteka.ru/product/tetracziklin-100-mg-n20-tabl-pplenobolochbiosintez-5e32784eca7bdc0001934a4d/"", ""title"": ""tetracziklin 100 mg n20 tabl pplenobolochbiosintez"", ""match_status"": ""rejected"", ""match_score"": 0.0, ""source_class"": ""product_card"", ""parse_warnings"": []}, {""source"": ""asna"", ""raw_mnn"": ""Нистатин"", ""field_type"": ""explicit_mnn"", ""canonical_components"": [], ""url"": ""https://www.asna.ru/cards/nistatin_100000ed_30g_maz_dnaruzhnogo_primeneniya_biosintez.html"", ""title"": ""/cards/nistatin_100000ed_30g_maz_dnaruzhnogo_primeneniya_biosintez.html"", ""match_status"": ""rejected"", ""match_score"": 0.0, ""source_class"": ""product_card"", ""parse_warnings"": []}, {""source"": ""vidal"", ""raw_mnn"": ""Каптоприл"", ""field_type"": ""explicit_mnn"", ""canonical_components"": [], ""url"": ""https://www.vidal.ru/drugs/captopril-biosynthes__4963"", ""title"": ""Каптоприл-Биосинтез"", ""match_status"": ""rejected"", ""match_score"": 0.0, ""source_class"": ""product_card"", ""parse_warnings"": []}, {""source"": ""stolichki"", ""raw_mnn"": null, ""field_type"": ""unknown"", ""canonical_components"": [], ""url"": null, ""title"": null, ""match_status"": ""ambiguous"", ""match_score"": 0.0, ""source_class"": ""search_only"", ""parse_warnings"": []}]"
9197,ПОМОГУША СИРОП ДЕТСКИЙ ДЛЯ ДЕТЕЙ С 3-Х ЛЕТ ПРОТИВОПРОСТУДНЫЙ 100МЛ | ЮГ ООО | ЮГ ООО,drug,,otc,,none,none,no_known_inn_token,1,2,2,,[],,unresolved_catalog,empty,unknown,unknown,,ok,false,,unresolved,true,method_changed,"[{""source"": ""apteka"", ""url"": ""https://apteka.ru/product/pomogusha-sirop-detskij-immunomodulir-100-ml-dlya-detej-s-3-x-let-5e326c6565b5ab00016533be/"", ""title"": ""pomogusha sirop detskij immunomodulir 100 ml dlya detej s 3 x let"", ""raw_mnn"": null, ""mnn"": null, ""raw_rx_otc"": null, ""field_type"": ""unknown"", ""source_class"": ""product_card"", ""card_fetched"": true, ""fetched_at"": ""2026-08-13T19:26:32+00:00"", ""http_status"": 0, ""parser_version"": ""mnn_source_identity_v1"", ""query"": ""ПОМОГУША сироп"", ""matched_brand"": null, ""matched_form"": null, ""matched_dosage"": null, ""matched_pack"": null, ""serp_match_score"": 1.0, ""error"": null, ""match_status"": ""rejected"", ""match_score"": -0.4, ""match_reasons"": [""brand_title_conflict:-0.60"", ""dose_match:+0.20""], ""match_axes"": [""dose""], ""hard_contradiction"": true, ""matched_product_title"": ""pomogusha sirop detskij immunomodulir 100 ml dlya detej s 3 x let""}, {""source"": ""asna"", ""url"": ""https://www.asna.ru/cards/pomogusha_sirop_detskiy_immunomoduliruyushchiy_s_3-kh_let_100ml_yug_ooo.html"", ""title"": ""/cards/pomogusha_sirop_detskiy_immunomoduliruyushchiy_s_3-kh_let_100ml_yug_ooo.html"", ""raw_mnn"": null, ""mnn"": null, ""raw_rx_otc"": ""otc"", ""field_type"": ""unknown"", ""source_class"": ""product_card"", ""card_fetched"": true, ""fetched_at"": ""2026-08-13T19:26:32+00:00"", ""http_status"": 0, ""parser_version"": ""mnn_source_identity_v1"", ""query"": ""ПОМОГУША сироп"", ""matched_brand"": null, ""matched_form"": null, ""matched_dosage"": null, ""matched_pack"": null, ""serp_match_score"": 0.4, ""error"": null, ""match_status"": ""rejected"", ""match_score"": -0.4, ""match_reasons"": [""brand_title_conflict:-0.60"", ""dose_match:+0.20""], ""match_axes"": [""dose""], ""hard_contradiction"": true, ""matched_product_title"": ""/cards/pomogusha_sirop_detskiy_immunomoduliruyushchiy_s_3-kh_let_100ml_yug_ooo.html""}]","[{""source"": ""uteka"", ""url"": ""https://uteka.ru/product/pomogusha-protivoprostudnyy-364643/"", ""title"": ""Помогуша противопростудный, сироп детск, 100 мл, 1 шт."", ""raw_mnn"": null, ""mnn"": null, ""raw_rx_otc"": null, ""field_type"": ""unknown"", ""source_class"": ""product_card"", ""card_fetched"": true, ""fetched_at"": ""2026-08-13T19:26:31+00:00"", ""http_status"": 0, ""parser_version"": ""mnn_source_identity_v1"", ""query"": ""ПОМОГУША сироп"", ""matched_brand"": null, ""matched_form"": ""сироп"", ""matched_dosage"": ""100мл"", ""matched_pack"": ""1"", ""serp_match_score"": 1.0, ""error"": null, ""match_status"": ""accepted"", ""match_score"": 0.85, ""match_reasons"": [""brand_title_match:+0.50"", ""dose_match:+0.20"", ""form_match:+0.15""], ""match_axes"": [""brand_title"", ""dose"", ""form""], ""hard_contradiction"": false, ""matched_product_title"": ""Помогуша противопростудный, сироп детск, 100 мл, 1 шт.""}]","[{""source"": ""uteka"", ""raw_mnn"": null, ""field_type"": ""unknown"", ""canonical_components"": [], ""url"": ""https://uteka.ru/product/pomogusha-protivoprostudnyy-364643/"", ""title"": ""Помогуша противопростудный, сироп детск, 100 мл, 1 шт."", ""match_status"": ""accepted"", ""match_score"": 0.85, ""source_class"": ""product_card"", ""parse_warnings"": []}, {""source"": ""apteka"", ""raw_mnn"": null, ""field_type"": ""unknown"", ""canonical_components"": [], ""url"": ""https://apteka.ru/product/pomogusha-sirop-detskij-immunomodulir-100-ml-dlya-detej-s-3-x-let-5e326c6565b5ab00016533be/"", ""title"": ""pomogusha sirop detskij immunomodulir 100 ml dlya detej s 3 x let"", ""match_status"": ""rejected"", ""match_score"": -0.4, ""source_class"": ""product_card"", ""parse_warnings"": []}, {""source"": ""asna"", ""raw_mnn"": null, ""field_type"": ""unknown"", ""canonical_components"": [], ""url"": ""https://www.asna.ru/cards/pomogusha_sirop_detskiy_immunomoduliruyushchiy_s_3-kh_let_100ml_yug_ooo.html"", ""title"": ""/cards/pomogusha_sirop_detskiy_immunomoduliruyushchiy_s_3-kh_let_100ml_yug_ooo.html"", ""match_status"": ""rejected"", ""match_score"": -0.4, ""source_class"": ""product_card"", ""parse_warnings"": []}, {""source"": ""vidal"", ""raw_mnn"": null, ""field_type"": ""unknown"", ""canonical_components"": [], ""url"": ""https://www.vidal.ru/drugs/products"", ""title"": ""По алфавиту"", ""match_status"": ""ambiguous"", ""match_score"": 0.0, ""source_class"": ""search_only"", ""parse_warnings"": []}, {""source"": ""stolichki"", ""raw_mnn"": null, ""field_type"": ""unknown"", ""canonical_components"": [], ""url"": null, ""title"": null, ""match_status"": ""ambiguous"", ""match_score"": 0.0, ""source_class"": ""search_only"", ""parse_warnings"": []}]"
9301,ПОЛЫНИ ГОРЬКОЙ ТРАВА 50Г ФИТОФАРМ | ФИТОФАРМ ООО | ФИТОФАРМ ООО,drug,Полыни горькой трава,otc,,none,none,no_known_inn_token,0,0,5,,[],,resolved_enrichment,empty,unknown,unknown,Полыни горькой трава,ok,true,Полыни горькой трава,enrichment,false,unchanged,[],[],"[{""source"": ""uteka"", ""raw_mnn"": null, ""field_type"": ""unknown"", ""canonical_components"": [], ""url"": null, ""title"": null, ""match_status"": ""ambiguous"", ""match_score"": 0.0, ""source_class"": ""search_only"", ""parse_warnings"": []}, {""source"": ""apteka"", ""raw_mnn"": null, ""field_type"": ""unknown"", ""canonical_components"": [], ""url"": ""https://apteka.ru/product/polyni-gorkoj-trava-50-gr-5e3274b1ca7bdc00019329ea/"", ""title"": ""polyni gorkoj trava 50 gr"", ""match_status"": ""ambiguous"", ""match_score"": 0.0, ""source_class"": ""search_only"", ""parse_warnings"": []}, {""source"": ""asna"", ""raw_mnn"": null, ""field_type"": ""unknown"", ""canonical_components"": [], ""url"": ""https://www.asna.ru/cards/polyn_gorkaya_trava_50g_fitofarm.html"", ""title"": ""/cards/polyn_gorkaya_trava_50g_fitofarm.html"", ""match_status"": ""ambiguous"", ""match_score"": 0.0, ""source_class"": ""search_only"", ""parse_warnings"": []}, {""source"": ""vidal"", ""raw_mnn"": null, ""field_type"": ""unknown"", ""canonical_components"": [], ""url"": ""https://www.vidal.ru/drugs/products"", ""title"": ""По алфавиту"", ""match_status"": ""ambiguous"", ""match_score"": 0.0, ""source_class"": ""search_only"", ""parse_warnings"": []}, {""source"": ""stolichki"", ""raw_mnn"": null, ""field_type"": ""unknown"", ""canonical_components"": [], ""url"": null, ""title"": null, ""match_status"": ""ambiguous"", ""match_score"": 0.0, ""source_class"": ""search_only"", ""parse_warnings"": []}]"
9306,ПОЛИФЕПАН ПОР. Д/ПРИЕМА ВНУТРЬ ПАК. 10Г №10 | ВОСТОК ООО | ВОСТОК ООО,drug,,,,none,none,no_known_inn_token,0,0,5,,[],,resolved_enrichment,empty,unknown,unknown,Лигнин гидролизный,ok,true,Лигнин гидролизный,enrichment,false,unchanged,[],[],"[{""source"": ""uteka"", ""raw_mnn"": null, ""field_type"": ""unknown"", ""canonical_components"": [], ""url"": null, ""title"": null, ""match_status"": ""ambiguous"", ""match_score"": 0.0, ""source_class"": ""search_only"", ""parse_warnings"": []}, {""source"": ""apteka"", ""raw_mnn"": null, ""field_type"": ""unknown"", ""canonical_components"": [], ""url"": null, ""title"": null, ""match_status"": ""ambiguous"", ""match_score"": 0.0, ""source_class"": ""search_only"", ""parse_warnings"": []}, {""source"": ""asna"", ""raw_mnn"": null, ""field_type"": ""unknown"", ""canonical_components"": [], ""url"": ""https://www.asna.ru/cards/fikseyd_eko_kotton_nabor_plastyrey_meditsinskikh_bakteritsidnykh_s_soderzhaniem_serebra_72mmkh19mm_n20_nordeplast_lsez.html"", ""title"": ""/cards/fikseyd_eko_kotton_nabor_plastyrey_meditsinskikh_bakteritsidnykh_s_soderzhaniem_serebra_72mmkh19mm_n20_nordeplast_lsez.html"", ""match_status"": ""ambiguous"", ""match_score"": 0.0, ""source_class"": ""search_only"", ""parse_warnings"": []}, {""source"": ""vidal"", ""raw_mnn"": null, ""field_type"": ""unknown"", ""canonical_components"": [], ""url"": ""https://www.vidal.ru/drugs/products"", ""title"": ""По алфавиту"", ""match_status"": ""ambiguous"", ""match_score"": 0.0, ""source_class"": ""search_only"", ""parse_warnings"": []}, {""source"": ""stolichki"", ""raw_mnn"": null, ""field_type"": ""unknown"", ""canonical_components"": [], ""url"": null, ""title"": null, ""match_status"": ""ambiguous"", ""match_score"": 0.0, ""source_class"": ""search_only"", ""parse_warnings"": []}]"
9511,ПИОНА НАСТОЙКА РЕНЕВАЛ ФЛ. 25МЛ | ОБНОВЛЕНИЕ ПФК АО | ОБНОВЛЕНИЕ ПФК АО,drug,,otc,,none,none,no_known_inn_token,0,3,2,,[],,resolved_enrichment,empty,unknown,unknown,"Пиона уклоняющегося травы, корневищ и корней настойка",ok,true,"Пиона уклоняющегося травы, корневищ и корней настойка",enrichment,false,sources_rejected_same_final,"[{""source"": ""uteka"", ""url"": ""https://uteka.ru/product/anaprilin-1277/"", ""title"": ""Анаприлин Реневал, 10 мг, табл, 112 шт."", ""raw_mnn"": ""Пропранолол"", ""mnn"": ""Пропранолол"", ""raw_rx_otc"": ""rx"", ""field_type"": ""explicit_mnn"", ""source_class"": ""product_card"", ""card_fetched"": true, ""fetched_at"": ""2026-08-13T19:26:40+00:00"", ""http_status"": 0, ""parser_version"": ""mnn_source_identity_v1"", ""query"": ""Реневал"", ""matched_brand"": null, ""matched_form"": ""таблетки"", ""matched_dosage"": ""10мг"", ""matched_pack"": ""112"", ""serp_match_score"": 1.0, ""error"": null, ""match_status"": ""rejected"", ""match_score"": 0.2, ""match_reasons"": [""brand_title_match:+0.50"", ""dose_conflict:-0.30""], ""match_axes"": [""brand_title""], ""hard_contradiction"": true, ""matched_product_title"": ""Анаприлин Реневал, 10 мг, табл, 112 шт.""}, {""source"": ""apteka"", ""url"": ""https://apteka.ru/product/aczetilsaliczilovaya-kislota-plyus-reneval-500-mg25-mg-20-sht-tabletki-6603c3386e481dcf5cbbfee0/"", ""title"": ""aczetilsaliczilovaya kislota plyus reneval 500 mg25 mg 20 sht tabletki"", ""raw_mnn"": ""Ацетилсалициловая кислота, Аскорбиновая кислота"", ""mnn"": ""Ацетилсалициловая кислота, Аскорбиновая кислота"", ""raw_rx_otc"": null, ""field_type"": ""explicit_mnn"", ""source_class"": ""product_card"", ""card_fetched"": true, ""fetched_at"": ""2026-08-13T19:26:40+00:00"", ""http_status"": 0, ""parser_version"": ""mnn_source_identity_v1"", ""query"": ""Реневал"", ""matched_brand"": null, ""matched_form"": null, ""matched_dosage"": null, ""matched_pack"": null, ""serp_match_score"": 1.0, ""error"": null, ""match_status"": ""rejected"", ""match_score"": -0.9, ""match_reasons"": [""brand_title_conflict:-0.60"", ""dose_conflict:-0.30""], ""match_axes"": [], ""hard_contradiction"": true, ""matched_product_title"": ""aczetilsaliczilovaya kislota plyus reneval 500 mg25 mg 20 sht tabletki""}, {""source"": ""asna"", ""url"": ""https://www.asna.ru/cards/natriya_khlorid_bufus_09_5ml_n10_r-r_dinektsiy_obnovlenie_reneval_pfk.html"", ""title"": ""/cards/natriya_khlorid_bufus_09_5ml_n10_r-r_dinektsiy_obnovlenie_reneval_pfk.html"", ""raw_mnn"": ""Натрия хлорид"", ""mnn"": ""Натрия хлорид"", ""raw_rx_otc"": ""rx"", ""field_type"": ""explicit_mnn"", ""source_class"": ""product_card"", ""card_fetched"": true, ""fetched_at"": ""2026-08-13T19:26:40+00:00"", ""http_status"": 0, ""parser_version"": ""mnn_source_identity_v1"", ""query"": ""Реневал"", ""matched_brand"": null, ""matched_form"": null, ""matched_dosage"": null, ""matched_pack"": null, ""serp_match_score"": 0.4, ""error"": null, ""match_status"": ""rejected"", ""match_score"": -0.9, ""match_reasons"": [""brand_title_conflict:-0.60"", ""dose_conflict:-0.30""], ""match_axes"": [], ""hard_contradiction"": true, ""matched_product_title"": ""/cards/natriya_khlorid_bufus_09_5ml_n10_r-r_dinektsiy_obnovlenie_reneval_pfk.html""}]",[],"[{""source"": ""uteka"", ""raw_mnn"": ""Пропранолол"", ""field_type"": ""explicit_mnn"", ""canonical_components"": [], ""url"": ""https://uteka.ru/product/anaprilin-1277/"", ""title"": ""Анаприлин Реневал, 10 мг, табл, 112 шт."", ""match_status"": ""rejected"", ""match_score"": 0.2, ""source_class"": ""product_card"", ""parse_warnings"": []}, {""source"": ""apteka"", ""raw_mnn"": ""Ацетилсалициловая кислота, Аскорбиновая кислота"", ""field_type"": ""explicit_mnn"", ""canonical_components"": [], ""url"": ""https://apteka.ru/product/aczetilsaliczilovaya-kislota-plyus-reneval-500-mg25-mg-20-sht-tabletki-6603c3386e481dcf5cbbfee0/"", ""title"": ""aczetilsaliczilovaya kislota plyus reneval 500 mg25 mg 20 sht tabletki"", ""match_status"": ""rejected"", ""match_score"": -0.9, ""source_class"": ""product_card"", ""parse_warnings"": []}, {""source"": ""asna"", ""raw_mnn"": ""Натрия хлорид"", ""field_type"": ""explicit_mnn"", ""canonical_components"": [], ""url"": ""https://www.asna.ru/cards/natriya_khlorid_bufus_09_5ml_n10_r-r_dinektsiy_obnovlenie_reneval_pfk.html"", ""title"": ""/cards/natriya_khlorid_bufus_09_5ml_n10_r-r_dinektsiy_obnovlenie_reneval_pfk.html"", ""match_status"": ""rejected"", ""match_score"": -0.9, ""source_class"": ""product_card"", ""parse_warnings"": []}, {""source"": ""vidal"", ""raw_mnn"": ""Розувастатин"", ""field_type"": ""explicit_mnn"", ""canonical_components"": [], ""url"": ""https://www.vidal.ru/drugs/rozuvastatin-reneval"", ""title"": ""Розувастатин Реневал"", ""match_status"": ""ambiguous"", ""match_score"": 0.5, ""source_class"": ""product_card"", ""parse_warnings"": []}, {""source"": ""stolichki"", ""raw_mnn"": null, ""field_type"": ""unknown"", ""canonical_components"": [], ""url"": null, ""title"": null, ""match_status"": ""ambiguous"", ""match_score"": 0.0, ""source_class"": ""search_only"", ""parse_warnings"": []}]"
9539,"ПИКОДИНАР КАПЛИ Д/ПРИЕМА ВНУТРЬ 7,5МГ/МЛ ФЛ. 15МЛ | ГРОТЕКС ООО | ГРОТЕКС ООО",drug,,otc,,none,none,no_known_inn_token,1,2,2,,[],,unresolved_catalog,single_source,unknown,unknown,,,false,,unresolved,true,catalog_accept_removed,"[{""source"": ""apteka"", ""url"": ""https://apteka.ru/product/pikodinar-75mgml-flakon-kapli-dlya-priema-vnutr-30-ml-5e3278d765b5ab0001659320/"", ""title"": ""pikodinar 75mgml flakon kapli dlya priema vnutr 30 ml"", ""raw_mnn"": ""Натрия пикосульфат"", ""mnn"": ""Натрия пикосульфат"", ""raw_rx_otc"": null, ""field_type"": ""explicit_mnn"", ""source_class"": ""product_card"", ""card_fetched"": true, ""fetched_at"": ""2026-08-13T19:26:42+00:00"", ""http_status"": 0, ""parser_version"": ""mnn_source_identity_v1"", ""query"": ""Пикодина 7.5 мг/мл капли"", ""matched_brand"": null, ""matched_form"": null, ""matched_dosage"": null, ""matched_pack"": null, ""serp_match_score"": 0.7, ""error"": null, ""match_status"": ""rejected"", ""match_score"": -0.9, ""match_reasons"": [""brand_title_conflict:-0.60"", ""dose_conflict:-0.30""], ""match_axes"": [], ""hard_contradiction"": true, ""matched_product_title"": ""pikodinar 75mgml flakon kapli dlya priema vnutr 30 ml""}, {""source"": ""asna"", ""url"": ""https://www.asna.ru/cards/pikodinar_75mgml_30ml_kapli_dpriema_vnutr.html"", ""title"": ""/cards/pikodinar_75mgml_30ml_kapli_dpriema_vnutr.html"", ""raw_mnn"": ""Натрия пикосульфат"", ""mnn"": ""Натрия пикосульфат"", ""raw_rx_otc"": ""otc"", ""field_type"": ""explicit_mnn"", ""source_class"": ""product_card"", ""card_fetched"": true, ""fetched_at"": ""2026-08-13T19:26:42+00:00"", ""http_status"": 0, ""parser_version"": ""mnn_source_identity_v1"", ""query"": ""Пикодина 7.5 мг/мл капли"", ""matched_brand"": null, ""matched_form"": null, ""matched_dosage"": null, ""matched_pack"": null, ""serp_match_score"": 0.4, ""error"": null, ""match_status"": ""rejected"", ""match_score"": -0.9, ""match_reasons"": [""brand_title_conflict:-0.60"", ""dose_conflict:-0.30""], ""match_axes"": [], ""hard_contradiction"": true, ""matched_product_title"": ""/cards/pikodinar_75mgml_30ml_kapli_dpriema_vnutr.html""}]","[{""source"": ""uteka"", ""url"": ""https://uteka.ru/product/pikodinar-359527/"", ""title"": ""Пикодинар, 7.5 мг/мл, капли д/пр. внутрь, 30 мл, 1 шт."", ""raw_mnn"": ""Натрия пикосульфат"", ""mnn"": ""Натрия пикосульфат"", ""raw_rx_otc"": ""otc"", ""field_type"": ""explicit_mnn"", ""source_class"": ""product_card"", ""card_fetched"": true, ""fetched_at"": ""2026-08-13T19:26:41+00:00"", ""http_status"": 0, ""parser_version"": ""mnn_source_identity_v1"", ""query"": ""Пикодина 7.5 мг/мл капли"", ""matched_brand"": null, ""matched_form"": ""капли"", ""matched_dosage"": ""7.5мг"", ""matched_pack"": ""1"", ""serp_match_score"": 1.0, ""error"": null, ""match_status"": ""accepted"", ""match_score"": 0.85, ""match_reasons"": [""brand_title_match:+0.50"", ""dose_match:+0.20"", ""form_match:+0.15""], ""match_axes"": [""brand_title"", ""dose"", ""form""], ""hard_contradiction"": false, ""matched_product_title"": ""Пикодинар, 7.5 мг/мл, капли д/пр. внутрь, 30 мл, 1 шт.""}]","[{""source"": ""uteka"", ""raw_mnn"": ""Натрия пикосульфат"", ""field_type"": ""explicit_mnn"", ""canonical_components"": [""Натрия пикосульфат""], ""url"": ""https://uteka.ru/product/pikodinar-359527/"", ""title"": ""Пикодинар, 7.5 мг/мл, капли д/пр. внутрь, 30 мл, 1 шт."", ""match_status"": ""accepted"", ""match_score"": 0.85, ""source_class"": ""product_card"", ""parse_warnings"": []}, {""source"": ""apteka"", ""raw_mnn"": ""Натрия пикосульфат"", ""field_type"": ""explicit_mnn"", ""canonical_components"": [], ""url"": ""https://apteka.ru/product/pikodinar-75mgml-flakon-kapli-dlya-priema-vnutr-30-ml-5e3278d765b5ab0001659320/"", ""title"": ""pikodinar 75mgml flakon kapli dlya priema vnutr 30 ml"", ""match_status"": ""rejected"", ""match_score"": -0.9, ""source_class"": ""product_card"", ""parse_warnings"": []}, {""source"": ""asna"", ""raw_mnn"": ""Натрия пикосульфат"", ""field_type"": ""explicit_mnn"", ""canonical_components"": [], ""url"": ""https://www.asna.ru/cards/pikodinar_75mgml_30ml_kapli_dpriema_vnutr.html"", ""title"": ""/cards/pikodinar_75mgml_30ml_kapli_dpriema_vnutr.html"", ""match_status"": ""rejected"", ""match_score"": -0.9, ""source_class"": ""product_card"", ""parse_warnings"": []}, {""source"": ""vidal"", ""raw_mnn"": ""Натрия пикосульфат"", ""field_type"": ""explicit_mnn"", ""canonical_components"": [], ""url"": ""https://www.vidal.ru/drugs/picodinar"", ""title"": ""Пикодинар"", ""match_status"": ""ambiguous"", ""match_score"": 0.5, ""source_class"": ""product_card"", ""parse_warnings"": []}, {""source"": ""stolichki"", ""raw_mnn"": null, ""field_type"": ""unknown"", ""canonical_components"": [], ""url"": null, ""title"": null, ""match_status"": ""ambiguous"", ""match_score"": 0.0, ""source_class"": ""search_only"", ""parse_warnings"": []}]"
9941,ПАРОДОНТОЦИД ОПОЛАСКИВАТЕЛЬ ДЛЯ ПОЛОСТИ РТА 250МЛ | МОСКОВСКАЯ ФФ | МОСКОВСКАЯ ФФ,drug,,otc,,none,none,no_known_inn_token,1,0,4,,[],,unresolved_catalog,empty,unknown,unknown,,ok_partial,false,,unresolved,true,method_changed,[],"[{""source"": ""uteka"", ""url"": ""https://uteka.ru/product/parodontocid-opolaskivatel-dlya-polosti-rta-364938/"", ""title"": ""Пародонтоцид Ополаскиватель для полости рта, р-р д/обраб. полости рта, 250 мл, 1 шт."", ""raw_mnn"": null, ""mnn"": null, ""raw_rx_otc"": null, ""field_type"": ""unknown"", ""source_class"": ""product_card"", ""card_fetched"": true, ""fetched_at"": ""2026-08-13T19:26:44+00:00"", ""http_status"": 0, ""parser_version"": ""mnn_source_identity_v1"", ""query"": ""Пародонтоцид"", ""matched_brand"": null, ""matched_form"": ""раствор"", ""matched_dosage"": ""250мл"", ""matched_pack"": ""1"", ""serp_match_score"": 1.0, ""error"": null, ""match_status"": ""accepted"", ""match_score"": 0.7, ""match_reasons"": [""brand_title_match:+0.50"", ""dose_match:+0.20""], ""match_axes"": [""brand_title"", ""dose""], ""hard_contradiction"": false, ""matched_product_title"": ""Пародонтоцид Ополаскиватель для полости рта, р-р д/обраб. полости рта, 250 мл, 1 шт.""}]","[{""source"": ""uteka"", ""raw_mnn"": null, ""field_type"": ""unknown"", ""canonical_components"": [], ""url"": ""https://uteka.ru/product/parodontocid-opolaskivatel-dlya-polosti-rta-364938/"", ""title"": ""Пародонтоцид Ополаскиватель для полости рта, р-р д/обраб. полости рта, 250 мл, 1 шт."", ""match_status"": ""accepted"", ""match_score"": 0.7, ""source_class"": ""product_card"", ""parse_warnings"": []}, {""source"": ""apteka"", ""raw_mnn"": null, ""field_type"": ""unknown"", ""canonical_components"": [], ""url"": null, ""title"": null, ""match_status"": ""ambiguous"", ""match_score"": 0.0, ""source_class"": ""search_only"", ""parse_warnings"": []}, {""source"": ""asna"", ""raw_mnn"": null, ""field_type"": ""unknown"", ""canonical_components"": [], ""url"": ""https://www.asna.ru/cards/parodontotsid_opolaskivatel_dpolosti_rta_250ml_mff.html"", ""title"": ""/cards/parodontotsid_opolaskivatel_dpolosti_rta_250ml_mff.html"", ""match_status"": ""ambiguous"", ""match_score"": 0.0, ""source_class"": ""search_only"", ""parse_warnings"": []}, {""source"": ""vidal"", ""raw_mnn"": null, ""field_type"": ""unknown"", ""canonical_components"": [], ""url"": ""https://www.vidal.ru/drugs/parodontocide"", ""title"": ""Пародонтоцид"", ""match_status"": ""ambiguous"", ""match_score"": 0.5, ""source_class"": ""product_card"", ""parse_warnings"": []}, {""source"": ""stolichki"", ""raw_mnn"": null, ""field_type"": ""unknown"", ""canonical_components"": [], ""url"": null, ""title"": null, ""match_status"": ""ambiguous"", ""match_score"": 0.0, ""source_class"": ""search_only"", ""parse_warnings"": []}]"
9993,ПАРАЦЕТАМОЛ ТАБЛ. 500МГ №10 ОЗОН | ОЗОН ООО | ОЗОН ООО,drug,Парацетамол,otc,Парацетамол,strong,high,exact_normalized_text_token_start,1,0,4,,[],,resolved_enrichment,single_source,unknown,unknown,Парацетамол,ok,true,Парацетамол,input_plus_enrichment,false,method_changed,[],"[{""source"": ""uteka"", ""url"": ""https://uteka.ru/product/paracetamol-12208/"", ""title"": ""Парацетамол Реневал, 500 мг, табл, 20 шт."", ""raw_mnn"": ""Парацетамол"", ""mnn"": ""Парацетамол"", ""raw_rx_otc"": ""otc"", ""field_type"": ""explicit_mnn"", ""source_class"": ""product_card"", ""card_fetched"": true, ""fetched_at"": ""2026-08-13T19:26:46+00:00"", ""http_status"": 0, ""parser_version"": ""mnn_source_identity_v1"", ""query"": ""ПАРАЦЕТАМОЛ 500 мг таблетки"", ""matched_brand"": null, ""matched_form"": ""таблетки"", ""matched_dosage"": ""500мг"", ""matched_pack"": ""20"", ""serp_match_score"": 0.85, ""error"": null, ""match_status"": ""accepted"", ""match_score"": 0.85, ""match_reasons"": [""brand_title_match:+0.50"", ""dose_match:+0.20"", ""form_match:+0.15""], ""match_axes"": [""brand_title"", ""dose"", ""form""], ""hard_contradiction"": false, ""matched_product_title"": ""Парацетамол Реневал, 500 мг, табл, 20 шт.""}]","[{""source"": ""uteka"", ""raw_mnn"": ""Парацетамол"", ""field_type"": ""explicit_mnn"", ""canonical_components"": [""Парацетамол""], ""url"": ""https://uteka.ru/product/paracetamol-12208/"", ""title"": ""Парацетамол Реневал, 500 мг, табл, 20 шт."", ""match_status"": ""accepted"", ""match_score"": 0.85, ""source_class"": ""product_card"", ""parse_warnings"": []}, {""source"": ""apteka"", ""raw_mnn"": null, ""field_type"": ""unknown"", ""canonical_components"": [], ""url"": null, ""title"": null, ""match_status"": ""ambiguous"", ""match_score"": 0.0, ""source_class"": ""search_only"", ""parse_warnings"": []}, {""source"": ""asna"", ""raw_mnn"": null, ""field_type"": ""unknown"", ""canonical_components"": [], ""url"": ""https://www.asna.ru/cards/paratsetamol_500mg_n20_tab_farmstandart-leksredstva.html"", ""title"": ""/cards/paratsetamol_500mg_n20_tab_farmstandart-leksredstva.html"", ""match_status"": ""ambiguous"", ""match_score"": 0.0, ""source_class"": ""search_only"", ""parse_warnings"": []}, {""source"": ""vidal"", ""raw_mnn"": null, ""field_type"": ""unknown"", ""canonical_components"": [], ""url"": ""https://www.vidal.ru/drugs/products"", ""title"": ""По алфавиту"", ""match_status"": ""ambiguous"", ""match_score"": 0.0, ""source_class"": ""search_only"", ""parse_warnings"": []}, {""source"": ""stolichki"", ""raw_mnn"": null, ""field_type"": ""unknown"", ""canonical_components"": [], ""url"": null, ""title"": null, ""match_status"": ""ambiguous"", ""match_score"": 0.0, ""source_class"": ""search_only"", ""parse_warnings"": []}]"
9996,ПАРАЦЕТАМОЛ СУСП. Д/ПРИЕМА ВНУТРЬ ДЛЯ ДЕТЕЙ 120МГ/5МЛ ФЛ. 100МЛ СИНТЕЗ | СИНТЕЗ | СИНТЕЗ,drug,Парацетамол,otc,Парацетамол,strong,high,exact_normalized_text_token_start,0,0,5,,[],,resolved_enrichment,empty,unknown,unknown,Парацетамол,ok,true,Парацетамол,input_plus_enrichment,false,method_changed,[],[],"[{""source"": ""uteka"", ""raw_mnn"": null, ""field_type"": ""unknown"", ""canonical_components"": [], ""url"": null, ""title"": null, ""match_status"": ""ambiguous"", ""match_score"": 0.0, ""source_class"": ""search_only"", ""parse_warnings"": []}, {""source"": ""apteka"", ""raw_mnn"": null, ""field_type"": ""unknown"", ""canonical_components"": [], ""url"": null, ""title"": null, ""match_status"": ""ambiguous"", ""match_score"": 0.0, ""source_class"": ""search_only"", ""parse_warnings"": []}, {""source"": ""asna"", ""raw_mnn"": null, ""field_type"": ""unknown"", ""canonical_components"": [], ""url"": ""https://www.asna.ru/cards/fikseyd_eko_kotton_nabor_plastyrey_meditsinskikh_bakteritsidnykh_s_soderzhaniem_serebra_72mmkh19mm_n20_nordeplast_lsez.html"", ""title"": ""/cards/fikseyd_eko_kotton_nabor_plastyrey_meditsinskikh_bakteritsidnykh_s_soderzhaniem_serebra_72mmkh19mm_n20_nordeplast_lsez.html"", ""match_status"": ""ambiguous"", ""match_score"": 0.0, ""source_class"": ""search_only"", ""parse_warnings"": []}, {""source"": ""vidal"", ""raw_mnn"": null, ""field_type"": ""unknown"", ""canonical_components"": [], ""url"": ""https://www.vidal.ru/drugs/products"", ""title"": ""По алфавиту"", ""match_status"": ""ambiguous"", ""match_score"": 0.0, ""source_class"": ""search_only"", ""parse_warnings"": []}, {""source"": ""stolichki"", ""raw_mnn"": null, ""field_type"": ""unknown"", ""canonical_components"": [], ""url"": null, ""title"": null, ""match_status"": ""ambiguous"", ""match_score"": 0.0, ""source_class"": ""search_only"", ""parse_warnings"": []}]"
10005,ПАРАЦЕТАМОЛ РЕНЕВАЛ ТАБЛ. 500МГ №20 | ОБНОВЛЕНИЕ ПФК АО | ОБНОВЛЕНИЕ ПФК АО,drug,Парацетамол,otc,Парацетамол,strong,high,exact_normalized_text_token_start,0,4,1,,[],,resolved_enrichment,empty,unknown,unknown,Парацетамол,ok,true,Парацетамол,input_plus_enrichment,false,method_changed,"[{""source"": ""uteka"", ""url"": ""https://uteka.ru/product/analgin-reneval-4701/"", ""title"": ""Анальгин Реневал, 500 мг, табл, 20 шт."", ""raw_mnn"": ""Метамизол натрия"", ""mnn"": ""Метамизол натрия"", ""raw_rx_otc"": ""otc"", ""field_type"": ""explicit_mnn"", ""source_class"": ""product_card"", ""card_fetched"": true, ""fetched_at"": ""2026-08-13T19:26:57+00:00"", ""http_status"": 0, ""parser_version"": ""mnn_source_identity_v1"", ""query"": ""Реневал 500 мг таблетки"", ""matched_brand"": null, ""matched_form"": ""таблетки"", ""matched_dosage"": ""500мг"", ""matched_pack"": ""20"", ""serp_match_score"": 1.0, ""error"": null, ""match_status"": ""rejected"", ""match_score"": 0.0, ""match_reasons"": [""strong_explicit_mnn_mismatch""], ""matched_product_title"": ""Анальгин Реневал, 500 мг, табл, 20 шт.""}, {""source"": ""apteka"", ""url"": ""https://apteka.ru/product/aczetilsaliczilovaya-kislota-plyus-reneval-500-mg25-mg-20-sht-tabletki-6603c3386e481dcf5cbbfee0/"", ""title"": ""aczetilsaliczilovaya kislota plyus reneval 500 mg25 mg 20 sht tabletki"", ""raw_mnn"": ""Ацетилсалициловая кислота, Аскорбиновая кислота"", ""mnn"": ""Ацетилсалициловая кислота, Аскорбиновая кислота"", ""raw_rx_otc"": null, ""field_type"": ""explicit_mnn"", ""source_class"": ""product_card"", ""card_fetched"": true, ""fetched_at"": ""2026-08-13T19:26:59+00:00"", ""http_status"": 0, ""parser_version"": ""mnn_source_identity_v1"", ""query"": ""Реневал 500 мг таблетки"", ""matched_brand"": null, ""matched_form"": null, ""matched_dosage"": null, ""matched_pack"": null, ""serp_match_score"": 1.0, ""error"": null, ""match_status"": ""rejected"", ""match_score"": 0.0, ""match_reasons"": [""strong_explicit_mnn_mismatch""], ""matched_product_title"": ""aczetilsaliczilovaya kislota plyus reneval 500 mg25 mg 20 sht tabletki""}, {""source"": ""asna"", ""url"": ""https://www.asna.ru/cards/paratsetamol_500mg_n20_tab_obnovlenie_reneval_pfk.html"", ""title"": ""/cards/paratsetamol_500mg_n20_tab_obnovlenie_reneval_pfk.html"", ""raw_mnn"": ""Парацетамол"", ""mnn"": ""Парацетамол"", ""raw_rx_otc"": ""otc"", ""field_type"": ""explicit_mnn"", ""source_class"": ""product_card"", ""card_fetched"": true, ""fetched_at"": ""2026-08-13T19:26:58+00:00"", ""http_status"": 0, ""parser_version"": ""mnn_source_identity_v1"", ""query"": ""Реневал 500 мг таблетки"", ""matched_brand"": null, ""matched_form"": null, ""matched_dosage"": null, ""matched_pack"": null, ""serp_match_score"": 0.5, ""error"": null, ""match_status"": ""rejected"", ""match_score"": -0.25, ""match_reasons"": [""brand_title_conflict:-0.60"", ""dose_match:+0.20"", ""form_match:+0.15""], ""match_axes"": [""dose"", ""form""], ""hard_contradiction"": true, ""matched_product_title"": ""/cards/paratsetamol_500mg_n20_tab_obnovlenie_reneval_pfk.html""}, {""source"": ""vidal"", ""url"": ""https://www.vidal.ru/drugs/rozuvastatin-reneval"", ""title"": ""Розувастатин Реневал"", ""raw_mnn"": ""Розувастатин"", ""mnn"": ""Розувастатин"", ""raw_rx_otc"": ""rx"", ""field_type"": ""explicit_mnn"", ""source_class"": ""product_card"", ""card_fetched"": true, ""fetched_at"": ""2026-08-13T19:26:59+00:00"", ""http_status"": 0, ""parser_version"": ""mnn_source_identity_v1"", ""query"": ""Реневал 500 мг таблетки"", ""matched_brand"": null, ""matched_form"": null, ""matched_dosage"": null, ""matched_pack"": null, ""serp_match_score"": 1.0, ""error"": null, ""match_status"": ""rejected"", ""match_score"": 0.0, ""match_reasons"": [""strong_explicit_mnn_mismatch""], ""matched_product_title"": ""Розувастатин Реневал""}]",[],"[{""source"": ""uteka"", ""raw_mnn"": ""Метамизол натрия"", ""field_type"": ""explicit_mnn"", ""canonical_components"": [], ""url"": ""https://uteka.ru/product/analgin-reneval-4701/"", ""title"": ""Анальгин Реневал, 500 мг, табл, 20 шт."", ""match_status"": ""rejected"", ""match_score"": 0.0, ""source_class"": ""product_card"", ""parse_warnings"": []}, {""source"": ""apteka"", ""raw_mnn"": ""Ацетилсалициловая кислота, Аскорбиновая кислота"", ""field_type"": ""explicit_mnn"", ""canonical_components"": [], ""url"": ""https://apteka.ru/product/aczetilsaliczilovaya-kislota-plyus-reneval-500-mg25-mg-20-sht-tabletki-6603c3386e481dcf5cbbfee0/"", ""title"": ""aczetilsaliczilovaya kislota plyus reneval 500 mg25 mg 20 sht tabletki"", ""match_status"": ""rejected"", ""match_score"": 0.0, ""source_class"": ""product_card"", ""parse_warnings"": []}, {""source"": ""asna"", ""raw_mnn"": ""Парацетамол"", ""field_type"": ""explicit_mnn"", ""canonical_components"": [], ""url"": ""https://www.asna.ru/cards/paratsetamol_500mg_n20_tab_obnovlenie_reneval_pfk.html"", ""title"": ""/cards/paratsetamol_500mg_n20_tab_obnovlenie_reneval_pfk.html"", ""match_status"": ""rejected"", ""match_score"": -0.25, ""source_class"": ""product_card"", ""parse_warnings"": []}, {""source"": ""vidal"", ""raw_mnn"": ""Розувастатин"", ""field_type"": ""explicit_mnn"", ""canonical_components"": [], ""url"": ""https://www.vidal.ru/drugs/rozuvastatin-reneval"", ""title"": ""Розувастатин Реневал"", ""match_status"": ""rejected"", ""match_score"": 0.0, ""source_class"": ""product_card"", ""parse_warnings"": []}, {""source"": ""stolichki"", ""raw_mnn"": null, ""field_type"": ""unknown"", ""canonical_components"": [], ""url"": null, ""title"": null, ""match_status"": ""ambiguous"", ""match_score"": 0.0, ""source_class"": ""search_only"", ""parse_warnings"": []}]"
10009,ПАРАЦЕТАМОЛ ДЕТСКИЙ СУСП. Д/ПРИЕМА ВНУТРЬ МАЛИНА 120МГ/5МЛ ФЛ. 100Г ФАРМСТАНДАРТ | ФАРМСТАНДАРТ-ЛЕКСРЕДСТВА ОАО | ФАРМСТАНДАРТ-ЛЕКСРЕДСТВА ОАО,drug,Парацетамол,otc,Парацетамол,strong,high,exact_normalized_text_token_start,0,0,5,,[],,resolved_enrichment,empty,unknown,unknown,Парацетамол,ok,true,Парацетамол,input_plus_enrichment,false,method_changed,[],[],"[{""source"": ""uteka"", ""raw_mnn"": null, ""field_type"": ""unknown"", ""canonical_components"": [], ""url"": null, ""title"": null, ""match_status"": ""ambiguous"", ""match_score"": 0.0, ""source_class"": ""search_only"", ""parse_warnings"": []}, {""source"": ""apteka"", ""raw_mnn"": null, ""field_type"": ""unknown"", ""canonical_components"": [], ""url"": null, ""title"": null, ""match_status"": ""ambiguous"", ""match_score"": 0.0, ""source_class"": ""search_only"", ""parse_warnings"": []}, {""source"": ""asna"", ""raw_mnn"": null, ""field_type"": ""unknown"", ""canonical_components"": [], ""url"": ""https://www.asna.ru/cards/fikseyd_eko_kotton_nabor_plastyrey_meditsinskikh_bakteritsidnykh_s_soderzhaniem_serebra_72mmkh19mm_n20_nordeplast_lsez.html"", ""title"": ""/cards/fikseyd_eko_kotton_nabor_plastyrey_meditsinskikh_bakteritsidnykh_s_soderzhaniem_serebra_72mmkh19mm_n20_nordeplast_lsez.html"", ""match_status"": ""ambiguous"", ""match_score"": 0.0, ""source_class"": ""search_only"", ""parse_warnings"": []}, {""source"": ""vidal"", ""raw_mnn"": null, ""field_type"": ""unknown"", ""canonical_components"": [], ""url"": ""https://www.vidal.ru/drugs/products"", ""title"": ""По алфавиту"", ""match_status"": ""ambiguous"", ""match_score"": 0.0, ""source_class"": ""search_only"", ""parse_warnings"": []}, {""source"": ""stolichki"", ""raw_mnn"": null, ""field_type"": ""unknown"", ""canonical_components"": [], ""url"": null, ""title"": null, ""match_status"": ""ambiguous"", ""match_score"": 0.0, ""source_class"": ""search_only"", ""parse_warnings"": []}]"
10046,ПАПАВЕРИН ТАБЛ. 40МГ №10 ИРБИТСКИЙ ХФЗ | ИРБИТСКИЙ ХИМЗАВОД ОАО | ИРБИТСКИЙ ХИМЗАВОД ОАО,drug,Папаверин,rx,,none,none,no_known_inn_token,1,2,2,,[],,unresolved_catalog,single_source,unknown,unknown,,,false,,unresolved,true,catalog_accept_removed,"[{""source"": ""apteka"", ""url"": ""https://apteka.ru/product/papaverin-40-mg-20-sht-tabletki-5e326dde65b5ab0001653ddf/"", ""title"": ""papaverin 40 mg 20 sht tabletki"", ""raw_mnn"": ""Папаверин"", ""mnn"": ""Папаверин"", ""raw_rx_otc"": null, ""field_type"": ""explicit_mnn"", ""source_class"": ""product_card"", ""card_fetched"": true, ""fetched_at"": ""2026-08-13T19:27:09+00:00"", ""http_status"": 0, ""parser_version"": ""mnn_source_identity_v1"", ""query"": ""Папаверин 40 мг таблетки"", ""matched_brand"": null, ""matched_form"": null, ""matched_dosage"": null, ""matched_pack"": ""40"", ""serp_match_score"": 1.0, ""error"": null, ""match_status"": ""rejected"", ""match_score"": -0.4, ""match_reasons"": [""brand_title_conflict:-0.60"", ""dose_match:+0.20""], ""match_axes"": [""dose""], ""hard_contradiction"": true, ""matched_product_title"": ""papaverin 40 mg 20 sht tabletki""}, {""source"": ""asna"", ""url"": ""https://www.asna.ru/cards/papaverina_gidrokhlorid_40mg_n10_tab_farmstandart-tomskkhimfarm_oao.html"", ""title"": ""/cards/papaverina_gidrokhlorid_40mg_n10_tab_farmstandart-tomskkhimfarm_oao.html"", ""raw_mnn"": ""Папаверин"", ""mnn"": ""Папаверин"", ""raw_rx_otc"": ""otc"", ""field_type"": ""explicit_mnn"", ""source_class"": ""product_card"", ""card_fetched"": true, ""fetched_at"": ""2026-08-13T19:27:09+00:00"", ""http_status"": 0, ""parser_version"": ""mnn_source_identity_v1"", ""query"": ""Папаверин 40 мг таблетки"", ""matched_brand"": null, ""matched_form"": null, ""matched_dosage"": null, ""matched_pack"": null, ""serp_match_score"": 0.5, ""error"": null, ""match_status"": ""rejected"", ""match_score"": -0.25, ""match_reasons"": [""brand_title_conflict:-0.60"", ""dose_match:+0.20"", ""form_match:+0.15""], ""match_axes"": [""dose"", ""form""], ""hard_contradiction"": true, ""matched_product_title"": ""/cards/papaverina_gidrokhlorid_40mg_n10_tab_farmstandart-tomskkhimfarm_oao.html""}]","[{""source"": ""uteka"", ""url"": ""https://uteka.ru/product/papaverina-gidrohlorid-64130/"", ""title"": ""Папаверин, 40 мг, табл, 20 шт."", ""raw_mnn"": ""Папаверин"", ""mnn"": ""Папаверин"", ""raw_rx_otc"": ""otc"", ""field_type"": ""explicit_mnn"", ""source_class"": ""product_card"", ""card_fetched"": true, ""fetched_at"": ""2026-08-13T19:27:09+00:00"", ""http_status"": 0, ""parser_version"": ""mnn_source_identity_v1"", ""query"": ""Папаверин 40 мг таблетки"", ""matched_brand"": null, ""matched_form"": ""таблетки"", ""matched_dosage"": ""40мг"", ""matched_pack"": ""20"", ""serp_match_score"": 1.0, ""error"": null, ""match_status"": ""accepted"", ""match_score"": 0.85, ""match_reasons"": [""brand_title_match:+0.50"", ""dose_match:+0.20"", ""form_match:+0.15""], ""match_axes"": [""brand_title"", ""dose"", ""form""], ""hard_contradiction"": false, ""matched_product_title"": ""Папаверин, 40 мг, табл, 20 шт.""}]","[{""source"": ""uteka"", ""raw_mnn"": ""Папаверин"", ""field_type"": ""explicit_mnn"", ""canonical_components"": [""Папаверин""], ""url"": ""https://uteka.ru/product/papaverina-gidrohlorid-64130/"", ""title"": ""Папаверин, 40 мг, табл, 20 шт."", ""match_status"": ""accepted"", ""match_score"": 0.85, ""source_class"": ""product_card"", ""parse_warnings"": []}, {""source"": ""apteka"", ""raw_mnn"": ""Папаверин"", ""field_type"": ""explicit_mnn"", ""canonical_components"": [], ""url"": ""https://apteka.ru/product/papaverin-40-mg-20-sht-tabletki-5e326dde65b5ab0001653ddf/"", ""title"": ""papaverin 40 mg 20 sht tabletki"", ""match_status"": ""rejected"", ""match_score"": -0.4, ""source_class"": ""product_card"", ""parse_warnings"": []}, {""source"": ""asna"", ""raw_mnn"": ""Папаверин"", ""field_type"": ""explicit_mnn"", ""canonical_components"": [], ""url"": ""https://www.asna.ru/cards/papaverina_gidrokhlorid_40mg_n10_tab_farmstandart-tomskkhimfarm_oao.html"", ""title"": ""/cards/papaverina_gidrokhlorid_40mg_n10_tab_farmstandart-tomskkhimfarm_oao.html"", ""match_status"": ""rejected"", ""match_score"": -0.25, ""source_class"": ""product_card"", ""parse_warnings"": []}, {""source"": ""vidal"", ""raw_mnn"": ""Папаверин"", ""field_type"": ""explicit_mnn"", ""canonical_components"": [], ""url"": ""https://www.vidal.ru/drugs/papaverin__5582"", ""title"": ""Папаверин"", ""match_status"": ""ambiguous"", ""match_score"": 0.5, ""source_class"": ""product_card"", ""parse_warnings"": []}, {""source"": ""stolichki"", ""raw_mnn"": null, ""field_type"": ""unknown"", ""canonical_components"": [], ""url"": null, ""title"": null, ""match_status"": ""ambiguous"", ""match_score"": 0.0, ""source_class"": ""search_only"", ""parse_warnings"": []}]"
10097,ПАНТОКАЛЬЦИН ТАБЛ. 500МГ №50 | ВАЛЕНТА ФАРМ АО | ВАЛЕНТА ФАРМ АО,drug,,,,none,none,no_known_inn_token,0,2,3,,[],,resolved_enrichment,empty,unknown,unknown,Гопантеновая кислота,ok,true,Гопантеновая кислота,enrichment,false,sources_rejected_same_final,"[{""source"": ""uteka"", ""url"": ""https://uteka.ru/product/normomed-359464/"", ""title"": ""Нормомед, 500 мг, табл, 50 шт."", ""raw_mnn"": ""Инозин пранобекс"", ""mnn"": ""Инозин пранобекс"", ""raw_rx_otc"": ""rx"", ""field_type"": ""explicit_mnn"", ""source_class"": ""product_card"", ""card_fetched"": true, ""fetched_at"": ""2026-08-13T19:27:13+00:00"", ""http_status"": 0, ""parser_version"": ""mnn_source_identity_v1"", ""query"": ""ВАЛЕНТА ФАРМ 500 мг таблетки"", ""matched_brand"": null, ""matched_form"": ""таблетки"", ""matched_dosage"": ""500мг"", ""matched_pack"": ""50"", ""serp_match_score"": 0.5, ""error"": null, ""match_status"": ""rejected"", ""match_score"": -0.25, ""match_reasons"": [""brand_title_conflict:-0.60"", ""dose_match:+0.20"", ""form_match:+0.15""], ""match_axes"": [""dose"", ""form""], ""hard_contradiction"": true, ""matched_product_title"": ""Нормомед, 500 мг, табл, 50 шт.""}, {""source"": ""asna"", ""url"": ""https://www.asna.ru/cards/pantokaltsin_500mg_n50_tab_valenta_farmatsevtika.html"", ""title"": ""/cards/pantokaltsin_500mg_n50_tab_valenta_farmatsevtika.html"", ""raw_mnn"": ""Гопантеновая кислота"", ""mnn"": ""Гопантеновая кислота"", ""raw_rx_otc"": ""rx"", ""field_type"": ""explicit_mnn"", ""source_class"": ""product_card"", ""card_fetched"": true, ""fetched_at"": ""2026-08-13T19:27:15+00:00"", ""http_status"": 0, ""parser_version"": ""mnn_source_identity_v1"", ""query"": ""ВАЛЕНТА ФАРМ 500 мг таблетки"", ""matched_brand"": null, ""matched_form"": null, ""matched_dosage"": null, ""matched_pack"": null, ""serp_match_score"": 0.5, ""error"": null, ""match_status"": ""rejected"", ""match_score"": -0.25, ""match_reasons"": [""brand_title_conflict:-0.60"", ""dose_match:+0.20"", ""form_match:+0.15""], ""match_axes"": [""dose"", ""form""], ""hard_contradiction"": true, ""matched_product_title"": ""/cards/pantokaltsin_500mg_n50_tab_valenta_farmatsevtika.html""}]",[],"[{""source"": ""uteka"", ""raw_mnn"": ""Инозин пранобекс"", ""field_type"": ""explicit_mnn"", ""canonical_components"": [], ""url"": ""https://uteka.ru/product/normomed-359464/"", ""title"": ""Нормомед, 500 мг, табл, 50 шт."", ""match_status"": ""rejected"", ""match_score"": -0.25, ""source_class"": ""product_card"", ""parse_warnings"": []}, {""source"": ""asna"", ""raw_mnn"": ""Гопантеновая кислота"", ""field_type"": ""explicit_mnn"", ""canonical_components"": [], ""url"": ""https://www.asna.ru/cards/pantokaltsin_500mg_n50_tab_valenta_farmatsevtika.html"", ""title"": ""/cards/pantokaltsin_500mg_n50_tab_valenta_farmatsevtika.html"", ""match_status"": ""rejected"", ""match_score"": -0.25, ""source_class"": ""product_card"", ""parse_warnings"": []}, {""source"": ""apteka"", ""raw_mnn"": null, ""field_type"": ""unknown"", ""canonical_components"": [], ""url"": ""https://apteka.ru/product/plastyr-perczovyj-10x18valenta-farm-63a55015024b42ab2f2d5d83/"", ""title"": ""plastyr perczovyj 10x18valenta farm"", ""match_status"": ""ambiguous"", ""match_score"": 0.0, ""source_class"": ""search_only"", ""parse_warnings"": []}, {""source"": ""vidal"", ""raw_mnn"": null, ""field_type"": ""unknown"", ""canonical_components"": [], ""url"": ""https://www.vidal.ru/drugs/products"", ""title"": ""По алфавиту"", ""match_status"": ""ambiguous"", ""match_score"": 0.0, ""source_class"": ""search_only"", ""parse_warnings"": []}, {""source"": ""stolichki"", ""raw_mnn"": null, ""field_type"": ""unknown"", ""canonical_components"": [], ""url"": null, ""title"": null, ""match_status"": ""ambiguous"", ""match_score"": 0.0, ""source_class"": ""search_only"", ""parse_warnings"": []}]"
10121,ПАНТЕНОЛ-ТЕВА МАЗЬ Д/НАРУЖ. ПРИМ. 5% ТУБА 35Г | МЕРКЛЕ ГМБХ | МЕРКЛЕ ГМБХ,drug,Декспантенол,otc,,none,none,no_known_inn_token,0,3,2,,[],,unresolved_catalog,empty,unknown,unknown,,,false,,unresolved,true,catalog_accept_removed,"[{""source"": ""uteka"", ""url"": ""https://uteka.ru/product/pantenol-teva-251488/"", ""title"": ""Пантенол-Тева, 5%, мазь д/наружн. прим, 35 г, 1 шт."", ""raw_mnn"": ""Декспантенол"", ""mnn"": ""Декспантенол"", ""raw_rx_otc"": ""otc"", ""field_type"": ""explicit_mnn"", ""source_class"": ""product_card"", ""card_fetched"": true, ""fetched_at"": ""2026-08-13T19:27:19+00:00"", ""http_status"": 0, ""parser_version"": ""mnn_source_identity_v1"", ""query"": ""Пантенол-Тева 5% мазь"", ""matched_brand"": null, ""matched_form"": ""мазь"", ""matched_dosage"": ""35г"", ""matched_pack"": ""1"", ""serp_match_score"": 1.0, ""error"": null, ""match_status"": ""rejected"", ""match_score"": 0.35, ""match_reasons"": [""brand_title_match:+0.50"", ""dose_conflict:-0.30"", ""form_match:+0.15""], ""match_axes"": [""brand_title"", ""form""], ""hard_contradiction"": true, ""matched_product_title"": ""Пантенол-Тева, 5%, мазь д/наружн. прим, 35 г, 1 шт.""}, {""source"": ""apteka"", ""url"": ""https://apteka.ru/product/pantenol-teva-5-maz-dlya-naruzhnogo-primeneniya-35-gr-5e326620ca7bdc000192b950/"", ""title"": ""pantenol teva 5 maz dlya naruzhnogo primeneniya 35 gr"", ""raw_mnn"": ""Декспантенол"", ""mnn"": ""Декспантенол"", ""raw_rx_otc"": null, ""field_type"": ""explicit_mnn"", ""source_class"": ""product_card"", ""card_fetched"": true, ""fetched_at"": ""2026-08-13T19:27:20+00:00"", ""http_status"": 0, ""parser_version"": ""mnn_source_identity_v1"", ""query"": ""Пантенол-Тева 5% мазь"", ""matched_brand"": null, ""matched_form"": null, ""matched_dosage"": null, ""matched_pack"": null, ""serp_match_score"": 0.45, ""error"": null, ""match_status"": ""rejected"", ""match_score"": -0.6, ""match_reasons"": [""brand_title_conflict:-0.60"", ""dose_card_unknown""], ""match_axes"": [], ""hard_contradiction"": true, ""matched_product_title"": ""pantenol teva 5 maz dlya naruzhnogo primeneniya 35 gr""}, {""source"": ""asna"", ""url"": ""https://www.asna.ru/cards/pantenol-teva_5_35g_maz_merckle.html"", ""title"": ""/cards/pantenol-teva_5_35g_maz_merckle.html"", ""raw_mnn"": ""Декспантенол"", ""mnn"": ""Декспантенол"", ""raw_rx_otc"": ""otc"", ""field_type"": ""explicit_mnn"", ""source_class"": ""product_card"", ""card_fetched"": true, ""fetched_at"": ""2026-08-13T19:27:20+00:00"", ""http_status"": 0, ""parser_version"": ""mnn_source_identity_v1"", ""query"": ""Пантенол-Тева 5% мазь"", ""matched_brand"": null, ""matched_form"": null, ""matched_dosage"": null, ""matched_pack"": null, ""serp_match_score"": 0.4, ""error"": null, ""match_status"": ""rejected"", ""match_score"": -0.6, ""match_reasons"": [""brand_title_conflict:-0.60"", ""dose_card_unknown""], ""match_axes"": [], ""hard_contradiction"": true, ""matched_product_title"": ""/cards/pantenol-teva_5_35g_maz_merckle.html""}]",[],"[{""source"": ""uteka"", ""raw_mnn"": ""Декспантенол"", ""field_type"": ""explicit_mnn"", ""canonical_components"": [], ""url"": ""https://uteka.ru/product/pantenol-teva-251488/"", ""title"": ""Пантенол-Тева, 5%, мазь д/наружн. прим, 35 г, 1 шт."", ""match_status"": ""rejected"", ""match_score"": 0.35, ""source_class"": ""product_card"", ""parse_warnings"": []}, {""source"": ""apteka"", ""raw_mnn"": ""Декспантенол"", ""field_type"": ""explicit_mnn"", ""canonical_components"": [], ""url"": ""https://apteka.ru/product/pantenol-teva-5-maz-dlya-naruzhnogo-primeneniya-35-gr-5e326620ca7bdc000192b950/"", ""title"": ""pantenol teva 5 maz dlya naruzhnogo primeneniya 35 gr"", ""match_status"": ""rejected"", ""match_score"": -0.6, ""source_class"": ""product_card"", ""parse_warnings"": []}, {""source"": ""asna"", ""raw_mnn"": ""Декспантенол"", ""field_type"": ""explicit_mnn"", ""canonical_components"": [], ""url"": ""https://www.asna.ru/cards/pantenol-teva_5_35g_maz_merckle.html"", ""title"": ""/cards/pantenol-teva_5_35g_maz_merckle.html"", ""match_status"": ""rejected"", ""match_score"": -0.6, ""source_class"": ""product_card"", ""parse_warnings"": []}, {""source"": ""vidal"", ""raw_mnn"": ""Декспантенол"", ""field_type"": ""explicit_mnn"", ""canonical_components"": [], ""url"": ""https://www.vidal.ru/drugs/panthenol-teva__7122"", ""title"": ""Пантенол-Тева"", ""match_status"": ""ambiguous"", ""match_score"": 0.5, ""source_class"": ""product_card"", ""parse_warnings"": []}, {""source"": ""stolichki"", ""raw_mnn"": null, ""field_type"": ""unknown"", ""canonical_components"": [], ""url"": null, ""title"": null, ""match_status"": ""ambiguous"", ""match_score"": 0.0, ""source_class"": ""search_only"", ""parse_warnings"": []}]"
10283,"ОТРИВИН КОМПЛЕКС СПРЕЙ НАЗ. 0,6МГ/МЛ + 0,5МГ/МЛ (84МКГ/ДОЗА+70МКГ/ДОЗА) ФЛ. 10МЛ | ГКС КОНСЬЮМЕР ХЕЛС С.А. | ГКС КОНСЬЮМЕР ХЕЛС С.А.",drug,,otc,,none,none,no_known_inn_token,0,2,3,,[],,unresolved_catalog,empty,unknown,unknown,,,false,,unresolved,true,catalog_accept_removed,"[{""source"": ""apteka"", ""url"": ""https://apteka.ru/product/otrivin-kompleks-84-mkgdoza--70-mkgdoza-flakon-sprej-nazalnyj-dozirovannyj-10-ml-5e326d8fca7bdc000192f606/"", ""title"": ""otrivin kompleks 84 mkgdoza  70 mkgdoza flakon sprej nazalnyj dozirovannyj 10 ml"", ""raw_mnn"": ""Ипратропия бромид, Ксилометазолин"", ""mnn"": ""Ипратропия бромид, Ксилометазолин"", ""raw_rx_otc"": null, ""field_type"": ""explicit_mnn"", ""source_class"": ""product_card"", ""card_fetched"": true, ""fetched_at"": ""2026-08-13T19:27:24+00:00"", ""http_status"": 0, ""parser_version"": ""mnn_source_identity_v1"", ""query"": ""Отривин 0,6 мг/мл + 0,5 мг/мл (84 мкг/доза + 70 спрей"", ""matched_brand"": null, ""matched_form"": null, ""matched_dosage"": null, ""matched_pack"": null, ""serp_match_score"": 0.7136, ""error"": null, ""match_status"": ""rejected"", ""match_score"": -0.9, ""match_reasons"": [""brand_title_conflict:-0.60"", ""dose_conflict:-0.30""], ""match_axes"": [], ""hard_contradiction"": true, ""matched_product_title"": ""otrivin kompleks 84 mkgdoza  70 mkgdoza flakon sprej nazalnyj dozirovannyj 10 ml""}, {""source"": ""asna"", ""url"": ""https://www.asna.ru/cards/otrivin_01_10ml_sprey_nazalnyy_mentol-evkalipt_novartis_konsyumer_khels.html"", ""title"": ""/cards/otrivin_01_10ml_sprey_nazalnyy_mentol-evkalipt_novartis_konsyumer_khels.html"", ""raw_mnn"": ""Ксилометазолин"", ""mnn"": ""Ксилометазолин"", ""raw_rx_otc"": ""otc"", ""field_type"": ""explicit_mnn"", ""source_class"": ""product_card"", ""card_fetched"": true, ""fetched_at"": ""2026-08-13T19:27:24+00:00"", ""http_status"": 0, ""parser_version"": ""mnn_source_identity_v1"", ""query"": ""Отривин 0,6 мг/мл + 0,5 мг/мл (84 мкг/доза + 70 спрей"", ""matched_brand"": null, ""matched_form"": null, ""matched_dosage"": null, ""matched_pack"": null, ""serp_match_score"": 0.4, ""error"": null, ""match_status"": ""rejected"", ""match_score"": -0.9, ""match_reasons"": [""brand_title_conflict:-0.60"", ""dose_conflict:-0.30""], ""match_axes"": [], ""hard_contradiction"": true, ""matched_product_title"": ""/cards/otrivin_01_10ml_sprey_nazalnyy_mentol-evkalipt_novartis_konsyumer_khels.html""}]",[],"[{""source"": ""apteka"", ""raw_mnn"": ""Ипратропия бромид, Ксилометазолин"", ""field_type"": ""explicit_mnn"", ""canonical_components"": [], ""url"": ""https://apteka.ru/product/otrivin-kompleks-84-mkgdoza--70-mkgdoza-flakon-sprej-nazalnyj-dozirovannyj-10-ml-5e326d8fca7bdc000192f606/"", ""title"": ""otrivin kompleks 84 mkgdoza  70 mkgdoza flakon sprej nazalnyj dozirovannyj 10 ml"", ""match_status"": ""rejected"", ""match_score"": -0.9, ""source_class"": ""product_card"", ""parse_warnings"": []}, {""source"": ""asna"", ""raw_mnn"": ""Ксилометазолин"", ""field_type"": ""explicit_mnn"", ""canonical_components"": [], ""url"": ""https://www.asna.ru/cards/otrivin_01_10ml_sprey_nazalnyy_mentol-evkalipt_novartis_konsyumer_khels.html"", ""title"": ""/cards/otrivin_01_10ml_sprey_nazalnyy_mentol-evkalipt_novartis_konsyumer_khels.html"", ""match_status"": ""rejected"", ""match_score"": -0.9, ""source_class"": ""product_card"", ""parse_warnings"": []}, {""source"": ""uteka"", ""raw_mnn"": null, ""field_type"": ""unknown"", ""canonical_components"": [], ""url"": null, ""title"": null, ""match_status"": ""ambiguous"", ""match_score"": 0.0, ""source_class"": ""search_only"", ""parse_warnings"": []}, {""source"": ""vidal"", ""raw_mnn"": ""Ксилометазолин"", ""field_type"": ""explicit_mnn"", ""canonical_components"": [], ""url"": ""https://www.vidal.ru/drugs/otrivin__1573"", ""title"": ""Отривин"", ""match_status"": ""ambiguous"", ""match_score"": 0.5, ""source_class"": ""product_card"", ""parse_warnings"": []}, {""source"": ""stolichki"", ""raw_mnn"": null, ""field_type"": ""unknown"", ""canonical_components"": [], ""url"": null, ""title"": null, ""match_status"": ""ambiguous"", ""match_score"": 0.0, ""source_class"": ""search_only"", ""parse_warnings"": []}]"
10536,ОМЕПРАЗОЛ-ОBL КАПС. КИШ/РАСТ. 20МГ №28 | ОБОЛЕНСКОЕ ФП АО | ОБОЛЕНСКОЕ ФП АО,drug,Омепразол,rx,Омепразол,strong,high,exact_normalized_text_token_start,1,2,2,,[],,resolved_input_explicit,single_source,unknown,unknown,,,false,Омепразол,input_explicit_mnn,false,catalog_accept_removed,"[{""source"": ""apteka"", ""url"": ""https://apteka.ru/product/omeprazol-obl-20-mg-56-sht-kapsuly-kishechnorastvorimye-693abaa06c6101ee03061751/"", ""title"": ""omeprazol obl 20 mg 56 sht kapsuly kishechnorastvorimye"", ""raw_mnn"": ""Омепразол"", ""mnn"": ""Омепразол"", ""raw_rx_otc"": ""rx"", ""field_type"": ""explicit_mnn"", ""source_class"": ""product_card"", ""card_fetched"": true, ""fetched_at"": ""2026-08-13T19:27:30+00:00"", ""http_status"": 0, ""parser_version"": ""mnn_source_identity_v1"", ""query"": ""Омепразол-Обл 20 мг капсулы"", ""matched_brand"": null, ""matched_form"": null, ""matched_dosage"": null, ""matched_pack"": null, ""serp_match_score"": 0.45, ""error"": null, ""match_status"": ""rejected"", ""match_score"": -0.4, ""match_reasons"": [""brand_title_conflict:-0.60"", ""dose_match:+0.20""], ""match_axes"": [""dose""], ""hard_contradiction"": true, ""matched_product_title"": ""omeprazol obl 20 mg 56 sht kapsuly kishechnorastvorimye""}, {""source"": ""asna"", ""url"": ""https://www.asna.ru/cards/omeprazol-obl_20mg_n28_kaps_kishechnorastvorimye_niarmedik_farma_oooobolenskoe_fpo.html"", ""title"": ""/cards/omeprazol-obl_20mg_n28_kaps_kishechnorastvorimye_niarmedik_farma_oooobolenskoe_fpo.html"", ""raw_mnn"": ""Омепразол"", ""mnn"": ""Омепразол"", ""raw_rx_otc"": ""rx"", ""field_type"": ""explicit_mnn"", ""source_class"": ""product_card"", ""card_fetched"": true, ""fetched_at"": ""2026-08-13T19:27:29+00:00"", ""http_status"": 0, ""parser_version"": ""mnn_source_identity_v1"", ""query"": ""Омепразол-Обл 20 мг капсулы"", ""matched_brand"": null, ""matched_form"": null, ""matched_dosage"": null, ""matched_pack"": null, ""serp_match_score"": 0.4, ""error"": null, ""match_status"": ""rejected"", ""match_score"": -0.4, ""match_reasons"": [""brand_title_conflict:-0.60"", ""dose_match:+0.20""], ""match_axes"": [""dose""], ""hard_contradiction"": true, ""matched_product_title"": ""/cards/omeprazol-obl_20mg_n28_kaps_kishechnorastvorimye_niarmedik_farma_oooobolenskoe_fpo.html""}]","[{""source"": ""uteka"", ""url"": ""https://uteka.ru/product/omeprazol-379079/"", ""title"": ""Омепразол, 20 мг, капсулы кишечнорастворимые, 30 шт."", ""raw_mnn"": ""Омепразол"", ""mnn"": ""Омепразол"", ""raw_rx_otc"": ""rx"", ""field_type"": ""explicit_mnn"", ""source_class"": ""product_card"", ""card_fetched"": true, ""fetched_at"": ""2026-08-13T19:27:28+00:00"", ""http_status"": 0, ""parser_version"": ""mnn_source_identity_v1"", ""query"": ""Омепразол-Обл 20 мг капсулы"", ""matched_brand"": null, ""matched_form"": ""капсулы"", ""matched_dosage"": ""20мг"", ""matched_pack"": ""30"", ""serp_match_score"": 0.9, ""error"": null, ""match_status"": ""accepted"", ""match_score"": 0.85, ""match_reasons"": [""brand_title_match:+0.50"", ""dose_match:+0.20"", ""form_match:+0.15""], ""match_axes"": [""brand_title"", ""dose"", ""form""], ""hard_contradiction"": false, ""matched_product_title"": ""Омепразол, 20 мг, капсулы кишечнорастворимые, 30 шт.""}]","[{""source"": ""uteka"", ""raw_mnn"": ""Омепразол"", ""field_type"": ""explicit_mnn"", ""canonical_components"": [""Омепразол""], ""url"": ""https://uteka.ru/product/omeprazol-379079/"", ""title"": ""Омепразол, 20 мг, капсулы кишечнорастворимые, 30 шт."", ""match_status"": ""accepted"", ""match_score"": 0.85, ""source_class"": ""product_card"", ""parse_warnings"": []}, {""source"": ""apteka"", ""raw_mnn"": ""Омепразол"", ""field_type"": ""explicit_mnn"", ""canonical_components"": [], ""url"": ""https://apteka.ru/product/omeprazol-obl-20-mg-56-sht-kapsuly-kishechnorastvorimye-693abaa06c6101ee03061751/"", ""title"": ""omeprazol obl 20 mg 56 sht kapsuly kishechnorastvorimye"", ""match_status"": ""rejected"", ""match_score"": -0.4, ""source_class"": ""product_card"", ""parse_warnings"": []}, {""source"": ""asna"", ""raw_mnn"": ""Омепразол"", ""field_type"": ""explicit_mnn"", ""canonical_components"": [], ""url"": ""https://www.asna.ru/cards/omeprazol-obl_20mg_n28_kaps_kishechnorastvorimye_niarmedik_farma_oooobolenskoe_fpo.html"", ""title"": ""/cards/omeprazol-obl_20mg_n28_kaps_kishechnorastvorimye_niarmedik_farma_oooobolenskoe_fpo.html"", ""match_status"": ""rejected"", ""match_score"": -0.4, ""source_class"": ""product_card"", ""parse_warnings"": []}, {""source"": ""vidal"", ""raw_mnn"": null, ""field_type"": ""unknown"", ""canonical_components"": [], ""url"": ""https://www.vidal.ru/drugs/products"", ""title"": ""По алфавиту"", ""match_status"": ""ambiguous"", ""match_score"": 0.0, ""source_class"": ""search_only"", ""parse_warnings"": []}, {""source"": ""stolichki"", ""raw_mnn"": null, ""field_type"": ""unknown"", ""canonical_components"": [], ""url"": null, ""title"": null, ""match_status"": ""ambiguous"", ""match_score"": 0.0, ""source_class"": ""search_only"", ""parse_warnings"": []}]"
11142,НУРОФАСТ ТАБЛ. П/ПЛЕН/ОБ. 200МГ №20 | АЛИУМ АО | АЛИУМ АО,drug,Ибупрофен,otc,,none,none,no_known_inn_token,1,2,2,,[],,unresolved_catalog,single_source,unknown,unknown,,,false,,unresolved,true,catalog_accept_removed,"[{""source"": ""apteka"", ""url"": ""https://apteka.ru/product/nurofast-200-mg-20-sht-tabletki-pokrytye-plenochnoj-obolochkoj-5e326cf465b5ab0001653667/"", ""title"": ""nurofast 200 mg 20 sht tabletki pokrytye plenochnoj obolochkoj"", ""raw_mnn"": ""Ибупрофен"", ""mnn"": ""Ибупрофен"", ""raw_rx_otc"": null, ""field_type"": ""explicit_mnn"", ""source_class"": ""product_card"", ""card_fetched"": true, ""fetched_at"": ""2026-08-13T19:27:34+00:00"", ""http_status"": 0, ""parser_version"": ""mnn_source_identity_v1"", ""query"": ""Нурофаст 200 мг таблетки"", ""matched_brand"": null, ""matched_form"": null, ""matched_dosage"": null, ""matched_pack"": null, ""serp_match_score"": 1.0, ""error"": null, ""match_status"": ""rejected"", ""match_score"": -0.4, ""match_reasons"": [""brand_title_conflict:-0.60"", ""dose_match:+0.20""], ""match_axes"": [""dose""], ""hard_contradiction"": true, ""matched_product_title"": ""nurofast 200 mg 20 sht tabletki pokrytye plenochnoj obolochkoj""}, {""source"": ""asna"", ""url"": ""https://www.asna.ru/cards/nurofast_forte_400mg_n20_tab_pokrytye_plenochnoy_obolochkoy_obolenskoe_fp.html"", ""title"": ""/cards/nurofast_forte_400mg_n20_tab_pokrytye_plenochnoy_obolochkoy_obolenskoe_fp.html"", ""raw_mnn"": ""Ибупрофен"", ""mnn"": ""Ибупрофен"", ""raw_rx_otc"": ""otc"", ""field_type"": ""explicit_mnn"", ""source_class"": ""product_card"", ""card_fetched"": true, ""fetched_at"": ""2026-08-13T19:27:34+00:00"", ""http_status"": 0, ""parser_version"": ""mnn_source_identity_v1"", ""query"": ""Нурофаст 200 мг таблетки"", ""matched_brand"": null, ""matched_form"": null, ""matched_dosage"": null, ""matched_pack"": null, ""serp_match_score"": 0.4, ""error"": null, ""match_status"": ""rejected"", ""match_score"": -0.75, ""match_reasons"": [""brand_title_conflict:-0.60"", ""dose_conflict:-0.30"", ""form_match:+0.15""], ""match_axes"": [""form""], ""hard_contradiction"": true, ""matched_product_title"": ""/cards/nurofast_forte_400mg_n20_tab_pokrytye_plenochnoy_obolochkoy_obolenskoe_fp.html""}]","[{""source"": ""uteka"", ""url"": ""https://uteka.ru/product/nurofast-364287/"", ""title"": ""Нурофаст, 200 мг, табл. п.п.о, 20 шт."", ""raw_mnn"": ""Ибупрофен"", ""mnn"": ""Ибупрофен"", ""raw_rx_otc"": ""otc"", ""field_type"": ""explicit_mnn"", ""source_class"": ""product_card"", ""card_fetched"": true, ""fetched_at"": ""2026-08-13T19:27:33+00:00"", ""http_status"": 0, ""parser_version"": ""mnn_source_identity_v1"", ""query"": ""Нурофаст 200 мг таблетки"", ""matched_brand"": null, ""matched_form"": ""таблетки"", ""matched_dosage"": ""200мг"", ""matched_pack"": ""20"", ""serp_match_score"": 1.0, ""error"": null, ""match_status"": ""accepted"", ""match_score"": 0.85, ""match_reasons"": [""brand_title_match:+0.50"", ""dose_match:+0.20"", ""form_match:+0.15""], ""match_axes"": [""brand_title"", ""dose"", ""form""], ""hard_contradiction"": false, ""matched_product_title"": ""Нурофаст, 200 мг, табл. п.п.о, 20 шт.""}]","[{""source"": ""uteka"", ""raw_mnn"": ""Ибупрофен"", ""field_type"": ""explicit_mnn"", ""canonical_components"": [""Ибупрофен""], ""url"": ""https://uteka.ru/product/nurofast-364287/"", ""title"": ""Нурофаст, 200 мг, табл. п.п.о, 20 шт."", ""match_status"": ""accepted"", ""match_score"": 0.85, ""source_class"": ""product_card"", ""parse_warnings"": []}, {""source"": ""apteka"", ""raw_mnn"": ""Ибупрофен"", ""field_type"": ""explicit_mnn"", ""canonical_components"": [], ""url"": ""https://apteka.ru/product/nurofast-200-mg-20-sht-tabletki-pokrytye-plenochnoj-obolochkoj-5e326cf465b5ab0001653667/"", ""title"": ""nurofast 200 mg 20 sht tabletki pokrytye plenochnoj obolochkoj"", ""match_status"": ""rejected"", ""match_score"": -0.4, ""source_class"": ""product_card"", ""parse_warnings"": []}, {""source"": ""asna"", ""raw_mnn"": ""Ибупрофен"", ""field_type"": ""explicit_mnn"", ""canonical_components"": [], ""url"": ""https://www.asna.ru/cards/nurofast_forte_400mg_n20_tab_pokrytye_plenochnoy_obolochkoy_obolenskoe_fp.html"", ""title"": ""/cards/nurofast_forte_400mg_n20_tab_pokrytye_plenochnoy_obolochkoy_obolenskoe_fp.html"", ""match_status"": ""rejected"", ""match_score"": -0.75, ""source_class"": ""product_card"", ""parse_warnings"": []}, {""source"": ""vidal"", ""raw_mnn"": ""Ибупрофен"", ""field_type"": ""explicit_mnn"", ""canonical_components"": [], ""url"": ""https://www.vidal.ru/drugs/nurofast-forte"", ""title"": ""Нурофаст"", ""match_status"": ""ambiguous"", ""match_score"": 0.5, ""source_class"": ""product_card"", ""parse_warnings"": []}, {""source"": ""stolichki"", ""raw_mnn"": null, ""field_type"": ""unknown"", ""canonical_components"": [], ""url"": null, ""title"": null, ""match_status"": ""ambiguous"", ""match_score"": 0.0, ""source_class"": ""search_only"", ""parse_warnings"": []}]"
11173,НО-ШПА ДУО ТАБЛ. 40МГ+500МГ №12 | ХИНОИН ЗАВОД ФАРМАЦЕВТИЧЕСКИХ И ХИМИЧЕСКИХ ПРОДУКТОВ ЗАО/ОПЕЛЛА ХЕЛСКЕА ВЕНГРИЯ ЛТД | ХИНОИН ЗАВОД ФАРМАЦЕВТИЧЕСКИХ И ХИМИЧЕСКИХ ПРОДУКТОВ ЗАО/ОПЕЛЛА ХЕЛСКЕА ВЕНГРИЯ ЛТД,drug,Дротаверин + Парацетамол,Без рецепта,,none,none,no_known_inn_token,0,2,3,,[],,unresolved_catalog,empty,unknown,unknown,,,false,,unresolved,true,catalog_accept_removed,"[{""source"": ""apteka"", ""url"": ""https://apteka.ru/product/no-shpa-duo-40-mg--500-mg-12-sht-tabletki-6350ea2c5d0cc7efccd23d04/"", ""title"": ""no shpa duo 40 mg  500 mg 12 sht tabletki"", ""raw_mnn"": ""Парацетамол, Дротаверин"", ""mnn"": ""Парацетамол, Дротаверин"", ""raw_rx_otc"": null, ""field_type"": ""explicit_mnn"", ""source_class"": ""product_card"", ""card_fetched"": true, ""fetched_at"": ""2026-08-13T19:27:37+00:00"", ""http_status"": 0, ""parser_version"": ""mnn_source_identity_v1"", ""query"": ""Но-Шпа Дуо 40мг+500мг таблетки"", ""matched_brand"": null, ""matched_form"": null, ""matched_dosage"": null, ""matched_pack"": null, ""serp_match_score"": 0.3, ""error"": null, ""match_status"": ""rejected"", ""match_score"": -0.4, ""match_reasons"": [""brand_title_conflict:-0.60"", ""dose_match:+0.20""], ""match_axes"": [""dose""], ""hard_contradiction"": true, ""matched_product_title"": ""no shpa duo 40 mg  500 mg 12 sht tabletki""}, {""source"": ""asna"", ""url"": ""https://www.asna.ru/cards/no-shpa_duo_40mg500mg_n12_tab_khinoin_zavod_farmatsevticheskikh_i_khimicheskikh_produktov.html"", ""title"": ""/cards/no-shpa_duo_40mg500mg_n12_tab_khinoin_zavod_farmatsevticheskikh_i_khimicheskikh_produktov.html"", ""raw_mnn"": ""Дротаверин + Парацетамол"", ""mnn"": ""Дротаверин + Парацетамол"", ""raw_rx_otc"": ""otc"", ""field_type"": ""explicit_mnn"", ""source_class"": ""product_card"", ""card_fetched"": true, ""fetched_at"": ""2026-08-13T19:27:37+00:00"", ""http_status"": 0, ""parser_version"": ""mnn_source_identity_v1"", ""query"": ""Но-Шпа Дуо 40мг+500мг таблетки"", ""matched_brand"": null, ""matched_form"": null, ""matched_dosage"": null, ""matched_pack"": null, ""serp_match_score"": 0.4, ""error"": null, ""match_status"": ""rejected"", ""match_score"": -0.25, ""match_reasons"": [""brand_title_conflict:-0.60"", ""dose_match:+0.20"", ""form_match:+0.15""], ""match_axes"": [""dose"", ""form""], ""hard_contradiction"": true, ""matched_product_title"": ""/cards/no-shpa_duo_40mg500mg_n12_tab_khinoin_zavod_farmatsevticheskikh_i_khimicheskikh_produktov.html""}]",[],"[{""source"": ""apteka"", ""raw_mnn"": ""Парацетамол, Дротаверин"", ""field_type"": ""explicit_mnn"", ""canonical_components"": [], ""url"": ""https://apteka.ru/product/no-shpa-duo-40-mg--500-mg-12-sht-tabletki-6350ea2c5d0cc7efccd23d04/"", ""title"": ""no shpa duo 40 mg  500 mg 12 sht tabletki"", ""match_status"": ""rejected"", ""match_score"": -0.4, ""source_class"": ""product_card"", ""parse_warnings"": []}, {""source"": ""asna"", ""raw_mnn"": ""Дротаверин + Парацетамол"", ""field_type"": ""explicit_mnn"", ""canonical_components"": [], ""url"": ""https://www.asna.ru/cards/no-shpa_duo_40mg500mg_n12_tab_khinoin_zavod_farmatsevticheskikh_i_khimicheskikh_produktov.html"", ""title"": ""/cards/no-shpa_duo_40mg500mg_n12_tab_khinoin_zavod_farmatsevticheskikh_i_khimicheskikh_produktov.html"", ""match_status"": ""rejected"", ""match_score"": -0.25, ""source_class"": ""product_card"", ""parse_warnings"": []}, {""source"": ""uteka"", ""raw_mnn"": null, ""field_type"": ""unknown"", ""canonical_components"": [], ""url"": null, ""title"": null, ""match_status"": ""ambiguous"", ""match_score"": 0.0, ""source_class"": ""search_only"", ""parse_warnings"": []}, {""source"": ""vidal"", ""raw_mnn"": ""Парацетамол"", ""field_type"": ""explicit_mnn"", ""canonical_components"": [], ""url"": ""https://www.vidal.ru/drugs/unispaz_n__25205"", ""title"": ""Но-шпа"", ""match_status"": ""ambiguous"", ""match_score"": 0.5, ""source_class"": ""product_card"", ""parse_warnings"": []}, {""source"": ""stolichki"", ""raw_mnn"": null, ""field_type"": ""unknown"", ""canonical_components"": [], ""url"": null, ""title"": null, ""match_status"": ""ambiguous"", ""match_score"": 0.0, ""source_class"": ""search_only"", ""parse_warnings"": []}]"
11272,НООТРОП КАПС. №48 | ВИС ООО | ВИС ООО,drug,,,,none,none,no_known_inn_token,1,0,4,,[],,unresolved_catalog,empty,unknown,unknown,,ok,false,,unresolved,true,method_changed,[],"[{""source"": ""uteka"", ""url"": ""https://uteka.ru/product/nootrop-203923/"", ""title"": ""Ноотроп, 0.4 г, капсулы, 48 шт."", ""raw_mnn"": null, ""mnn"": null, ""raw_rx_otc"": null, ""field_type"": ""unknown"", ""source_class"": ""product_card"", ""card_fetched"": true, ""fetched_at"": ""2026-08-13T19:27:39+00:00"", ""http_status"": 0, ""parser_version"": ""mnn_source_identity_v1"", ""query"": ""НООТРОП КАПС. №48 капсулы"", ""matched_brand"": null, ""matched_form"": ""капсулы"", ""matched_dosage"": ""0.4г"", ""matched_pack"": ""48"", ""serp_match_score"": 0.85, ""error"": null, ""match_status"": ""accepted"", ""match_score"": 0.65, ""match_reasons"": [""brand_title_match:+0.50"", ""form_match:+0.15""], ""match_axes"": [""brand_title"", ""form""], ""hard_contradiction"": false, ""matched_product_title"": ""Ноотроп, 0.4 г, капсулы, 48 шт.""}]","[{""source"": ""uteka"", ""raw_mnn"": null, ""field_type"": ""unknown"", ""canonical_components"": [], ""url"": ""https://uteka.ru/product/nootrop-203923/"", ""title"": ""Ноотроп, 0.4 г, капсулы, 48 шт."", ""match_status"": ""accepted"", ""match_score"": 0.65, ""source_class"": ""product_card"", ""parse_warnings"": []}, {""source"": ""apteka"", ""raw_mnn"": null, ""field_type"": ""unknown"", ""canonical_components"": [], ""url"": ""https://apteka.ru/product/nootropil-1200-mg-20-sht-blister-tabletki-pokrytye-plenochnoj-obolochkoj-62bab0925f367f686e20c480/"", ""title"": ""nootropil 1200 mg 20 sht blister tabletki pokrytye plenochnoj obolochkoj"", ""match_status"": ""ambiguous"", ""match_score"": 0.0, ""source_class"": ""search_only"", ""parse_warnings"": []}, {""source"": ""asna"", ""raw_mnn"": null, ""field_type"": ""unknown"", ""canonical_components"": [], ""url"": ""https://www.asna.ru/cards/nootrop_kaps_400mg_n48_farma_gnts_pm.html"", ""title"": ""/cards/nootrop_kaps_400mg_n48_farma_gnts_pm.html"", ""match_status"": ""ambiguous"", ""match_score"": 0.0, ""source_class"": ""search_only"", ""parse_warnings"": []}, {""source"": ""vidal"", ""raw_mnn"": null, ""field_type"": ""unknown"", ""canonical_components"": [], ""url"": ""https://www.vidal.ru/drugs/products"", ""title"": ""По алфавиту"", ""match_status"": ""ambiguous"", ""match_score"": 0.0, ""source_class"": ""search_only"", ""parse_warnings"": []}, {""source"": ""stolichki"", ""raw_mnn"": null, ""field_type"": ""unknown"", ""canonical_components"": [], ""url"": null, ""title"": null, ""match_status"": ""ambiguous"", ""match_score"": 0.0, ""source_class"": ""search_only"", ""parse_warnings"": []}]"
11277,НООКЛЕРИН Р-Р Д/ПРИЕМА ВНУТРЬ 200МГ/МЛ ФЛ. 100МЛ | ЭКОХИМ-ИННОВАЦИИ ООО | ЭКОХИМ-ИННОВАЦИИ ООО,drug,,,,none,none,no_known_inn_token,0,2,3,,[],,unresolved_catalog,empty,unknown,unknown,,,false,,unresolved,true,catalog_accept_removed,"[{""source"": ""apteka"", ""url"": ""https://apteka.ru/product/nooklerin-20-rastvor-100-ml-5e327635f5a9ae000140ed86/"", ""title"": ""nooklerin 20 rastvor 100 ml"", ""raw_mnn"": ""Деанола ацеглумат"", ""mnn"": ""Деанола ацеглумат"", ""raw_rx_otc"": ""rx"", ""field_type"": ""explicit_mnn"", ""source_class"": ""product_card"", ""card_fetched"": true, ""fetched_at"": ""2026-08-13T19:27:45+00:00"", ""http_status"": 0, ""parser_version"": ""mnn_source_identity_v1"", ""query"": ""Нооклерин 200 мг/мл раствор"", ""matched_brand"": null, ""matched_form"": null, ""matched_dosage"": null, ""matched_pack"": ""20"", ""serp_match_score"": 0.82, ""error"": null, ""match_status"": ""rejected"", ""match_score"": -0.75, ""match_reasons"": [""brand_title_conflict:-0.60"", ""dose_conflict:-0.30"", ""form_match:+0.15""], ""match_axes"": [""form""], ""hard_contradiction"": true, ""matched_product_title"": ""nooklerin 20 rastvor 100 ml""}, {""source"": ""asna"", ""url"": ""https://www.asna.ru/cards/nooklerin_20_100ml_r-r_dpriema_vnutr_ekokhim-innovatsiya_ooo.html"", ""title"": ""/cards/nooklerin_20_100ml_r-r_dpriema_vnutr_ekokhim-innovatsiya_ooo.html"", ""raw_mnn"": ""Деанола ацеглумат"", ""mnn"": ""Деанола ацеглумат"", ""raw_rx_otc"": ""rx"", ""field_type"": ""explicit_mnn"", ""source_class"": ""product_card"", ""card_fetched"": true, ""fetched_at"": ""2026-08-13T19:27:45+00:00"", ""http_status"": 0, ""parser_version"": ""mnn_source_identity_v1"", ""query"": ""Нооклерин 200 мг/мл раствор"", ""matched_brand"": null, ""matched_form"": null, ""matched_dosage"": null, ""matched_pack"": null, ""serp_match_score"": 0.4, ""error"": null, ""match_status"": ""rejected"", ""match_score"": -0.9, ""match_reasons"": [""brand_title_conflict:-0.60"", ""dose_conflict:-0.30""], ""match_axes"": [], ""hard_contradiction"": true, ""matched_product_title"": ""/cards/nooklerin_20_100ml_r-r_dpriema_vnutr_ekokhim-innovatsiya_ooo.html""}]",[],"[{""source"": ""apteka"", ""raw_mnn"": ""Деанола ацеглумат"", ""field_type"": ""explicit_mnn"", ""canonical_components"": [], ""url"": ""https://apteka.ru/product/nooklerin-20-rastvor-100-ml-5e327635f5a9ae000140ed86/"", ""title"": ""nooklerin 20 rastvor 100 ml"", ""match_status"": ""rejected"", ""match_score"": -0.75, ""source_class"": ""product_card"", ""parse_warnings"": []}, {""source"": ""asna"", ""raw_mnn"": ""Деанола ацеглумат"", ""field_type"": ""explicit_mnn"", ""canonical_components"": [], ""url"": ""https://www.asna.ru/cards/nooklerin_20_100ml_r-r_dpriema_vnutr_ekokhim-innovatsiya_ooo.html"", ""title"": ""/cards/nooklerin_20_100ml_r-r_dpriema_vnutr_ekokhim-innovatsiya_ooo.html"", ""match_status"": ""rejected"", ""match_score"": -0.9, ""source_class"": ""product_card"", ""parse_warnings"": []}, {""source"": ""uteka"", ""raw_mnn"": null, ""field_type"": ""unknown"", ""canonical_components"": [], ""url"": null, ""title"": null, ""match_status"": ""ambiguous"", ""match_score"": 0.0, ""source_class"": ""search_only"", ""parse_warnings"": []}, {""source"": ""vidal"", ""raw_mnn"": ""Деанол ацеглумат"", ""field_type"": ""explicit_mnn"", ""canonical_components"": [], ""url"": ""https://www.vidal.ru/drugs/nooclerin__2971"", ""title"": ""Нооклерин"", ""match_status"": ""ambiguous"", ""match_score"": 0.5, ""source_class"": ""product_card"", ""parse_warnings"": []}, {""source"": ""stolichki"", ""raw_mnn"": null, ""field_type"": ""unknown"", ""canonical_components"": [], ""url"": null, ""title"": null, ""match_status"": ""ambiguous"", ""match_score"": 0.0, ""source_class"": ""search_only"", ""parse_warnings"": []}]"
11292,"НОЛЬПАЗА ТАБЛ. КИШ/РАСТ. П/ПЛЕН/ОБ. 20МГ №28 | КРКА Д.Д., НОВО МЕСТО АО/КРКА-РУС ООО | КРКА Д.Д., НОВО МЕСТО АО/КРКА-РУС ООО",drug,Пантопразол,rx,,none,none,no_known_inn_token,1,2,2,,[],,unresolved_catalog,single_source,unknown,unknown,,,false,,unresolved,true,catalog_accept_removed,"[{""source"": ""apteka"", ""url"": ""https://apteka.ru/product/nolpaza-20-mg-28-sht-tabletki-kishechnorastvorimye--pokrytye-plenochnoj-obolochkoj-5e326df565b5ab0001653ea2/"", ""title"": ""nolpaza 20 mg 28 sht tabletki kishechnorastvorimye  pokrytye plenochnoj obolochkoj"", ""raw_mnn"": ""Пантопразол"", ""mnn"": ""Пантопразол"", ""raw_rx_otc"": ""rx"", ""field_type"": ""explicit_mnn"", ""source_class"": ""product_card"", ""card_fetched"": true, ""fetched_at"": ""2026-08-13T19:27:48+00:00"", ""http_status"": 0, ""parser_version"": ""mnn_source_identity_v1"", ""query"": ""Нольпаза 20 мг таблетки"", ""matched_brand"": null, ""matched_form"": null, ""matched_dosage"": null, ""matched_pack"": null, ""serp_match_score"": 1.0, ""error"": null, ""match_status"": ""rejected"", ""match_score"": -0.4, ""match_reasons"": [""brand_title_conflict:-0.60"", ""dose_match:+0.20""], ""match_axes"": [""dose""], ""hard_contradiction"": true, ""matched_product_title"": ""nolpaza 20 mg 28 sht tabletki kishechnorastvorimye  pokrytye plenochnoj obolochkoj""}, {""source"": ""asna"", ""url"": ""https://www.asna.ru/cards/nolpaza_20mg_n14_tab_kishechnorastvorimye_krka_dd_novo_mesto.html"", ""title"": ""/cards/nolpaza_20mg_n14_tab_kishechnorastvorimye_krka_dd_novo_mesto.html"", ""raw_mnn"": ""Пантопразол"", ""mnn"": ""Пантопразол"", ""raw_rx_otc"": ""rx"", ""field_type"": ""explicit_mnn"", ""source_class"": ""product_card"", ""card_fetched"": true, ""fetched_at"": ""2026-08-13T19:27:47+00:00"", ""http_status"": 0, ""parser_version"": ""mnn_source_identity_v1"", ""query"": ""Нольпаза 20 мг таблетки"", ""matched_brand"": null, ""matched_form"": null, ""matched_dosage"": null, ""matched_pack"": null, ""serp_match_score"": 0.5, ""error"": null, ""match_status"": ""rejected"", ""match_score"": -0.25, ""match_reasons"": [""brand_title_conflict:-0.60"", ""dose_match:+0.20"", ""form_match:+0.15""], ""match_axes"": [""dose"", ""form""], ""hard_contradiction"": true, ""matched_product_title"": ""/cards/nolpaza_20mg_n14_tab_kishechnorastvorimye_krka_dd_novo_mesto.html""}]","[{""source"": ""uteka"", ""url"": ""https://uteka.ru/product/nolpaza-220682/"", ""title"": ""Нольпаза, 20 мг, табл. п.о. кишечнорастворимые, 28 шт."", ""raw_mnn"": ""Пантопразол"", ""mnn"": ""Пантопразол"", ""raw_rx_otc"": ""rx"", ""field_type"": ""explicit_mnn"", ""source_class"": ""product_card"", ""card_fetched"": true, ""fetched_at"": ""2026-08-13T19:27:47+00:00"", ""http_status"": 0, ""parser_version"": ""mnn_source_identity_v1"", ""query"": ""Нольпаза 20 мг таблетки"", ""matched_brand"": null, ""matched_form"": ""таблетки"", ""matched_dosage"": ""20мг"", ""matched_pack"": ""28"", ""serp_match_score"": 1.0, ""error"": null, ""match_status"": ""accepted"", ""match_score"": 0.85, ""match_reasons"": [""brand_title_match:+0.50"", ""dose_match:+0.20"", ""form_match:+0.15""], ""match_axes"": [""brand_title"", ""dose"", ""form""], ""hard_contradiction"": false, ""matched_product_title"": ""Нольпаза, 20 мг, табл. п.о. кишечнорастворимые, 28 шт.""}]","[{""source"": ""uteka"", ""raw_mnn"": ""Пантопразол"", ""field_type"": ""explicit_mnn"", ""canonical_components"": [""Пантопразол""], ""url"": ""https://uteka.ru/product/nolpaza-220682/"", ""title"": ""Нольпаза, 20 мг, табл. п.о. кишечнорастворимые, 28 шт."", ""match_status"": ""accepted"", ""match_score"": 0.85, ""source_class"": ""product_card"", ""parse_warnings"": []}, {""source"": ""apteka"", ""raw_mnn"": ""Пантопразол"", ""field_type"": ""explicit_mnn"", ""canonical_components"": [], ""url"": ""https://apteka.ru/product/nolpaza-20-mg-28-sht-tabletki-kishechnorastvorimye--pokrytye-plenochnoj-obolochkoj-5e326df565b5ab0001653ea2/"", ""title"": ""nolpaza 20 mg 28 sht tabletki kishechnorastvorimye  pokrytye plenochnoj obolochkoj"", ""match_status"": ""rejected"", ""match_score"": -0.4, ""source_class"": ""product_card"", ""parse_warnings"": []}, {""source"": ""asna"", ""raw_mnn"": ""Пантопразол"", ""field_type"": ""explicit_mnn"", ""canonical_components"": [], ""url"": ""https://www.asna.ru/cards/nolpaza_20mg_n14_tab_kishechnorastvorimye_krka_dd_novo_mesto.html"", ""title"": ""/cards/nolpaza_20mg_n14_tab_kishechnorastvorimye_krka_dd_novo_mesto.html"", ""match_status"": ""rejected"", ""match_score"": -0.25, ""source_class"": ""product_card"", ""parse_warnings"": []}, {""source"": ""vidal"", ""raw_mnn"": ""Пантопразол"", ""field_type"": ""explicit_mnn"", ""canonical_components"": [], ""url"": ""https://www.vidal.ru/drugs/nolpaza__21166"", ""title"": ""Нольпаза"", ""match_status"": ""ambiguous"", ""match_score"": 0.5, ""source_class"": ""product_card"", ""parse_warnings"": []}, {""source"": ""stolichki"", ""raw_mnn"": null, ""field_type"": ""unknown"", ""canonical_components"": [], ""url"": null, ""title"": null, ""match_status"": ""ambiguous"", ""match_score"": 0.0, ""source_class"": ""search_only"", ""parse_warnings"": []}]"
11293,"НОЛЬПАЗА ТАБЛ. КИШ/РАСТ. П/ПЛЕН/ОБ. 20МГ №14 | КРКА Д.Д., НОВО МЕСТО АО/КРКА-РУС ООО | КРКА Д.Д., НОВО МЕСТО АО/КРКА-РУС ООО",drug,Пантопразол,rx,,none,none,no_known_inn_token,1,2,2,,[],,unresolved_catalog,single_source,unknown,unknown,,,false,,unresolved,true,catalog_accept_removed,"[{""source"": ""apteka"", ""url"": ""https://apteka.ru/product/nolpaza-20-mg-28-sht-tabletki-kishechnorastvorimye--pokrytye-plenochnoj-obolochkoj-5e326df565b5ab0001653ea2/"", ""title"": ""nolpaza 20 mg 28 sht tabletki kishechnorastvorimye  pokrytye plenochnoj obolochkoj"", ""raw_mnn"": ""Пантопразол"", ""mnn"": ""Пантопразол"", ""raw_rx_otc"": ""rx"", ""field_type"": ""explicit_mnn"", ""source_class"": ""product_card"", ""card_fetched"": true, ""fetched_at"": ""2026-08-13T19:27:49+00:00"", ""http_status"": 0, ""parser_version"": ""mnn_source_identity_v1"", ""query"": ""Нольпаза 20 мг таблетки"", ""matched_brand"": null, ""matched_form"": null, ""matched_dosage"": null, ""matched_pack"": null, ""serp_match_score"": 1.0, ""error"": null, ""match_status"": ""rejected"", ""match_score"": -0.4, ""match_reasons"": [""brand_title_conflict:-0.60"", ""dose_match:+0.20""], ""match_axes"": [""dose""], ""hard_contradiction"": true, ""matched_product_title"": ""nolpaza 20 mg 28 sht tabletki kishechnorastvorimye  pokrytye plenochnoj obolochkoj""}, {""source"": ""asna"", ""url"": ""https://www.asna.ru/cards/nolpaza_20mg_n14_tab_kishechnorastvorimye_krka_dd_novo_mesto.html"", ""title"": ""/cards/nolpaza_20mg_n14_tab_kishechnorastvorimye_krka_dd_novo_mesto.html"", ""raw_mnn"": ""Пантопразол"", ""mnn"": ""Пантопразол"", ""raw_rx_otc"": ""rx"", ""field_type"": ""explicit_mnn"", ""source_class"": ""product_card"", ""card_fetched"": true, ""fetched_at"": ""2026-08-13T19:27:49+00:00"", ""http_status"": 0, ""parser_version"": ""mnn_source_identity_v1"", ""query"": ""Нольпаза 20 мг таблетки"", ""matched_brand"": null, ""matched_form"": null, ""matched_dosage"": null, ""matched_pack"": null, ""serp_match_score"": 0.5, ""error"": null, ""match_status"": ""rejected"", ""match_score"": -0.25, ""match_reasons"": [""brand_title_conflict:-0.60"", ""dose_match:+0.20"", ""form_match:+0.15""], ""match_axes"": [""dose"", ""form""], ""hard_contradiction"": true, ""matched_product_title"": ""/cards/nolpaza_20mg_n14_tab_kishechnorastvorimye_krka_dd_novo_mesto.html""}]","[{""source"": ""uteka"", ""url"": ""https://uteka.ru/product/nolpaza-220682/"", ""title"": ""Нольпаза, 20 мг, табл. п.о. кишечнорастворимые, 28 шт."", ""raw_mnn"": ""Пантопразол"", ""mnn"": ""Пантопразол"", ""raw_rx_otc"": ""rx"", ""field_type"": ""explicit_mnn"", ""source_class"": ""product_card"", ""card_fetched"": true, ""fetched_at"": ""2026-08-13T19:27:49+00:00"", ""http_status"": 0, ""parser_version"": ""mnn_source_identity_v1"", ""query"": ""Нольпаза 20 мг таблетки"", ""matched_brand"": null, ""matched_form"": ""таблетки"", ""matched_dosage"": ""20мг"", ""matched_pack"": ""28"", ""serp_match_score"": 1.0, ""error"": null, ""match_status"": ""accepted"", ""match_score"": 0.85, ""match_reasons"": [""brand_title_match:+0.50"", ""dose_match:+0.20"", ""form_match:+0.15""], ""match_axes"": [""brand_title"", ""dose"", ""form""], ""hard_contradiction"": false, ""matched_product_title"": ""Нольпаза, 20 мг, табл. п.о. кишечнорастворимые, 28 шт.""}]","[{""source"": ""uteka"", ""raw_mnn"": ""Пантопразол"", ""field_type"": ""explicit_mnn"", ""canonical_components"": [""Пантопразол""], ""url"": ""https://uteka.ru/product/nolpaza-220682/"", ""title"": ""Нольпаза, 20 мг, табл. п.о. кишечнорастворимые, 28 шт."", ""match_status"": ""accepted"", ""match_score"": 0.85, ""source_class"": ""product_card"", ""parse_warnings"": []}, {""source"": ""apteka"", ""raw_mnn"": ""Пантопразол"", ""field_type"": ""explicit_mnn"", ""canonical_components"": [], ""url"": ""https://apteka.ru/product/nolpaza-20-mg-28-sht-tabletki-kishechnorastvorimye--pokrytye-plenochnoj-obolochkoj-5e326df565b5ab0001653ea2/"", ""title"": ""nolpaza 20 mg 28 sht tabletki kishechnorastvorimye  pokrytye plenochnoj obolochkoj"", ""match_status"": ""rejected"", ""match_score"": -0.4, ""source_class"": ""product_card"", ""parse_warnings"": []}, {""source"": ""asna"", ""raw_mnn"": ""Пантопразол"", ""field_type"": ""explicit_mnn"", ""canonical_components"": [], ""url"": ""https://www.asna.ru/cards/nolpaza_20mg_n14_tab_kishechnorastvorimye_krka_dd_novo_mesto.html"", ""title"": ""/cards/nolpaza_20mg_n14_tab_kishechnorastvorimye_krka_dd_novo_mesto.html"", ""match_status"": ""rejected"", ""match_score"": -0.25, ""source_class"": ""product_card"", ""parse_warnings"": []}, {""source"": ""vidal"", ""raw_mnn"": ""Пантопразол"", ""field_type"": ""explicit_mnn"", ""canonical_components"": [], ""url"": ""https://www.vidal.ru/drugs/nolpaza__21166"", ""title"": ""Нольпаза"", ""match_status"": ""ambiguous"", ""match_score"": 0.5, ""source_class"": ""product_card"", ""parse_warnings"": []}, {""source"": ""stolichki"", ""raw_mnn"": null, ""field_type"": ""unknown"", ""canonical_components"": [], ""url"": null, ""title"": null, ""match_status"": ""ambiguous"", ""match_score"": 0.0, ""source_class"": ""search_only"", ""parse_warnings"": []}]"
11667,"НИКОРЕТТЕ СПРЕЙ Д/СЛИЗИСТ. ОБОЛОЧ. ПОЛОСТИ РТА ДОЗИР. ФРУКТОВО-МЯТНЫЙ 1МГ/ДОЗА ФЛ. 13,2МЛ 150ДОЗ №2 | МАКНИЛ АБ | МАКНИЛ АБ",drug,,otc,,none,none,no_known_inn_token,1,2,2,,[],,unresolved_catalog,single_source,unknown,unknown,,,false,,unresolved,true,catalog_accept_removed,"[{""source"": ""apteka"", ""url"": ""https://apteka.ru/product/nikorette-2-mg-20-sht-tabletki-dlya-rassasyvaniya-pokrytye-plenochnoj-obolochkoj-vkus-fruktovye-603e2afffa2f34485bcd40de/"", ""title"": ""nikorette 2 mg 20 sht tabletki dlya rassasyvaniya pokrytye plenochnoj obolochkoj vkus fruktovye"", ""raw_mnn"": ""Никотин"", ""mnn"": ""Никотин"", ""raw_rx_otc"": null, ""field_type"": ""explicit_mnn"", ""source_class"": ""product_card"", ""card_fetched"": true, ""fetched_at"": ""2026-08-13T19:27:51+00:00"", ""http_status"": 0, ""parser_version"": ""mnn_source_identity_v1"", ""query"": ""Никоретте 1 мг/доза спрей"", ""matched_brand"": null, ""matched_form"": null, ""matched_dosage"": null, ""matched_pack"": null, ""serp_match_score"": 0.73, ""error"": null, ""match_status"": ""rejected"", ""match_score"": -0.9, ""match_reasons"": [""brand_title_conflict:-0.60"", ""dose_conflict:-0.30""], ""match_axes"": [], ""hard_contradiction"": true, ""matched_product_title"": ""nikorette 2 mg 20 sht tabletki dlya rassasyvaniya pokrytye plenochnoj obolochkoj vkus fruktovye""}, {""source"": ""asna"", ""url"": ""https://www.asna.ru/cards/nikorette_1mgdoza_132ml_n2_sprey_dslizistoy_obolochki_polosti_rta_dozirovannyy_myatnyy_maknil_ab.html"", ""title"": ""/cards/nikorette_1mgdoza_132ml_n2_sprey_dslizistoy_obolochki_polosti_rta_dozirovannyy_myatnyy_maknil_ab.html"", ""raw_mnn"": ""Никотин"", ""mnn"": ""Никотин"", ""raw_rx_otc"": ""otc"", ""field_type"": ""explicit_mnn"", ""source_class"": ""product_card"", ""card_fetched"": true, ""fetched_at"": ""2026-08-13T19:27:50+00:00"", ""http_status"": 0, ""parser_version"": ""mnn_source_identity_v1"", ""query"": ""Никоретте 1 мг/доза спрей"", ""matched_brand"": null, ""matched_form"": null, ""matched_dosage"": null, ""matched_pack"": null, ""serp_match_score"": 0.4, ""error"": null, ""match_status"": ""rejected"", ""match_score"": -0.9, ""match_reasons"": [""brand_title_conflict:-0.60"", ""dose_conflict:-0.30""], ""match_axes"": [], ""hard_contradiction"": true, ""matched_product_title"": ""/cards/nikorette_1mgdoza_132ml_n2_sprey_dslizistoy_obolochki_polosti_rta_dozirovannyy_myatnyy_maknil_ab.html""}]","[{""source"": ""uteka"", ""url"": ""https://uteka.ru/product/nikorette-299368/"", ""title"": ""Никоретте, 1 мг/доза, 150 доз, спрей д/местн. прим. доз, мята, 13.2 мл, 1 шт."", ""raw_mnn"": ""Никотин"", ""mnn"": ""Никотин"", ""raw_rx_otc"": ""otc"", ""field_type"": ""explicit_mnn"", ""source_class"": ""product_card"", ""card_fetched"": true, ""fetched_at"": ""2026-08-13T19:27:50+00:00"", ""http_status"": 0, ""parser_version"": ""mnn_source_identity_v1"", ""query"": ""Никоретте 1 мг/доза спрей"", ""matched_brand"": null, ""matched_form"": ""спрей"", ""matched_dosage"": ""1мг"", ""matched_pack"": ""1"", ""serp_match_score"": 1.0, ""error"": null, ""match_status"": ""accepted"", ""match_score"": 0.85, ""match_reasons"": [""brand_title_match:+0.50"", ""dose_match:+0.20"", ""form_match:+0.15""], ""match_axes"": [""brand_title"", ""dose"", ""form""], ""hard_contradiction"": false, ""matched_product_title"": ""Никоретте, 1 мг/доза, 150 доз, спрей д/местн. прим. доз, мята, 13.2 мл, 1 шт.""}]","[{""source"": ""uteka"", ""raw_mnn"": ""Никотин"", ""field_type"": ""explicit_mnn"", ""canonical_components"": [""Никотин""], ""url"": ""https://uteka.ru/product/nikorette-299368/"", ""title"": ""Никоретте, 1 мг/доза, 150 доз, спрей д/местн. прим. доз, мята, 13.2 мл, 1 шт."", ""match_status"": ""accepted"", ""match_score"": 0.85, ""source_class"": ""product_card"", ""parse_warnings"": []}, {""source"": ""apteka"", ""raw_mnn"": ""Никотин"", ""field_type"": ""explicit_mnn"", ""canonical_components"": [], ""url"": ""https://apteka.ru/product/nikorette-2-mg-20-sht-tabletki-dlya-rassasyvaniya-pokrytye-plenochnoj-obolochkoj-vkus-fruktovye-603e2afffa2f34485bcd40de/"", ""title"": ""nikorette 2 mg 20 sht tabletki dlya rassasyvaniya pokrytye plenochnoj obolochkoj vkus fruktovye"", ""match_status"": ""rejected"", ""match_score"": -0.9, ""source_class"": ""product_card"", ""parse_warnings"": []}, {""source"": ""asna"", ""raw_mnn"": ""Никотин"", ""field_type"": ""explicit_mnn"", ""canonical_components"": [], ""url"": ""https://www.asna.ru/cards/nikorette_1mgdoza_132ml_n2_sprey_dslizistoy_obolochki_polosti_rta_dozirovannyy_myatnyy_maknil_ab.html"", ""title"": ""/cards/nikorette_1mgdoza_132ml_n2_sprey_dslizistoy_obolochki_polosti_rta_dozirovannyy_myatnyy_maknil_ab.html"", ""match_status"": ""rejected"", ""match_score"": -0.9, ""source_class"": ""product_card"", ""parse_warnings"": []}, {""source"": ""vidal"", ""raw_mnn"": ""Никотин"", ""field_type"": ""explicit_mnn"", ""canonical_components"": [], ""url"": ""https://www.vidal.ru/drugs/nicorette"", ""title"": ""Никоретте"", ""match_status"": ""ambiguous"", ""match_score"": 0.5, ""source_class"": ""product_card"", ""parse_warnings"": []}, {""source"": ""stolichki"", ""raw_mnn"": null, ""field_type"": ""unknown"", ""canonical_components"": [], ""url"": null, ""title"": null, ""match_status"": ""ambiguous"", ""match_score"": 0.0, ""source_class"": ""search_only"", ""parse_warnings"": []}]"
12389,"МЯТЫ ПЕРЕЧНОЙ ЛИСТЬЯ Ф/П 1,5Г №20 ЗДОРОВЬЕ | ЗДОРОВЬЕ ФИРМА ООО | ЗДОРОВЬЕ ФИРМА ООО",drug,Мяты перечной листья,otc,,none,none,no_known_inn_token,1,2,2,,[],,unresolved_catalog,empty,unknown,unknown,,ok_partial,false,,unresolved,true,method_changed,"[{""source"": ""apteka"", ""url"": ""https://apteka.ru/product/fitochaj-zdorovechernika-2-gr-20-sht-filtr-pakety-5e32723665b5ab0001655da0/"", ""title"": ""fitochaj zdorovechernika 2 gr 20 sht filtr pakety"", ""raw_mnn"": null, ""mnn"": null, ""raw_rx_otc"": null, ""field_type"": ""unknown"", ""source_class"": ""product_card"", ""card_fetched"": true, ""fetched_at"": ""2026-08-13T19:27:52+00:00"", ""http_status"": 0, ""parser_version"": ""mnn_source_identity_v1"", ""query"": ""Здоровье 1,5 г фильтр-пакеты"", ""matched_brand"": null, ""matched_form"": null, ""matched_dosage"": null, ""matched_pack"": null, ""serp_match_score"": 0.7, ""error"": null, ""match_status"": ""rejected"", ""match_score"": -0.6, ""match_reasons"": [""brand_title_conflict:-0.60"", ""dose_card_unknown""], ""match_axes"": [], ""hard_contradiction"": true, ""matched_product_title"": ""fitochaj zdorovechernika 2 gr 20 sht filtr pakety""}, {""source"": ""asna"", ""url"": ""https://www.asna.ru/cards/krapiva_listya_15g_n20_fp_zdorove.html"", ""title"": ""/cards/krapiva_listya_15g_n20_fp_zdorove.html"", ""raw_mnn"": ""Крапивы двудомной листья"", ""mnn"": ""Крапивы двудомной листья"", ""raw_rx_otc"": ""otc"", ""field_type"": ""explicit_mnn"", ""source_class"": ""product_card"", ""card_fetched"": true, ""fetched_at"": ""2026-08-13T19:27:52+00:00"", ""http_status"": 0, ""parser_version"": ""mnn_source_identity_v1"", ""query"": ""Здоровье 1,5 г фильтр-пакеты"", ""matched_brand"": null, ""matched_form"": null, ""matched_dosage"": null, ""matched_pack"": null, ""serp_match_score"": 0.4, ""error"": null, ""match_status"": ""rejected"", ""match_score"": -0.6, ""match_reasons"": [""brand_title_conflict:-0.60"", ""dose_card_unknown""], ""match_axes"": [], ""hard_contradiction"": true, ""matched_product_title"": ""/cards/krapiva_listya_15g_n20_fp_zdorove.html""}]","[{""source"": ""uteka"", ""url"": ""https://uteka.ru/product/m-zdorove-krapivi-listya-436042/"", ""title"": ""М Здоровье Крапивы листья, 1.5 г, 20 шт."", ""raw_mnn"": null, ""mnn"": null, ""raw_rx_otc"": null, ""field_type"": ""unknown"", ""source_class"": ""product_card"", ""card_fetched"": true, ""fetched_at"": ""2026-08-13T19:27:52+00:00"", ""http_status"": 0, ""parser_version"": ""mnn_source_identity_v1"", ""query"": ""Здоровье 1,5 г"", ""matched_brand"": null, ""matched_form"": null, ""matched_dosage"": ""1.5г"", ""matched_pack"": ""20"", ""serp_match_score"": 1.0, ""error"": null, ""match_status"": ""accepted"", ""match_score"": 0.7, ""match_reasons"": [""brand_title_match:+0.50"", ""dose_match:+0.20""], ""match_axes"": [""brand_title"", ""dose""], ""hard_contradiction"": false, ""matched_product_title"": ""М Здоровье Крапивы листья, 1.5 г, 20 шт.""}]","[{""source"": ""uteka"", ""raw_mnn"": null, ""field_type"": ""unknown"", ""canonical_components"": [], ""url"": ""https://uteka.ru/product/m-zdorove-krapivi-listya-436042/"", ""title"": ""М Здоровье Крапивы листья, 1.5 г, 20 шт."", ""match_status"": ""accepted"", ""match_score"": 0.7, ""source_class"": ""product_card"", ""parse_warnings"": []}, {""source"": ""apteka"", ""raw_mnn"": null, ""field_type"": ""unknown"", ""canonical_components"": [], ""url"": ""https://apteka.ru/product/fitochaj-zdorovechernika-2-gr-20-sht-filtr-pakety-5e32723665b5ab0001655da0/"", ""title"": ""fitochaj zdorovechernika 2 gr 20 sht filtr pakety"", ""match_status"": ""rejected"", ""match_score"": -0.6, ""source_class"": ""product_card"", ""parse_warnings"": []}, {""source"": ""asna"", ""raw_mnn"": ""Крапивы двудомной листья"", ""field_type"": ""explicit_mnn"", ""canonical_components"": [], ""url"": ""https://www.asna.ru/cards/krapiva_listya_15g_n20_fp_zdorove.html"", ""title"": ""/cards/krapiva_listya_15g_n20_fp_zdorove.html"", ""match_status"": ""rejected"", ""match_score"": -0.6, ""source_class"": ""product_card"", ""parse_warnings"": []}, {""source"": ""vidal"", ""raw_mnn"": null, ""field_type"": ""unknown"", ""canonical_components"": [], ""url"": ""https://www.vidal.ru/drugs/alphavit_mamino_zdorovie__38112"", ""title"": ""Алфавит Мамино Здоровье"", ""match_status"": ""ambiguous"", ""match_score"": 0.5, ""source_class"": ""product_card"", ""parse_warnings"": []}, {""source"": ""stolichki"", ""raw_mnn"": null, ""field_type"": ""unknown"", ""canonical_components"": [], ""url"": null, ""title"": null, ""match_status"": ""ambiguous"", ""match_score"": 0.0, ""source_class"": ""search_only"", ""parse_warnings"": []}]"
12495,МУКОСАТ МАЗЬ Д/НАРУЖ. ПРИМ. 5% ТУБА 30Г | ЗЕЛЕНАЯ ДУБРАВА ЗАО | ЗЕЛЕНАЯ ДУБРАВА ЗАО,drug,,otc,,none,none,no_known_inn_token,0,3,2,,[],,resolved_enrichment,empty,unknown,unknown,Хондроитина Сульфат Натрия,ok,true,Хондроитина Сульфат Натрия,enrichment,false,sources_rejected_same_final,"[{""source"": ""uteka"", ""url"": ""https://uteka.ru/product/mukosat-maz-81008/"", ""title"": ""Мукосат мазь, 5%, мазь д/наружн. прим, 30 г, 1 шт."", ""raw_mnn"": ""Хондроитина сульфат"", ""mnn"": ""Хондроитина сульфат"", ""raw_rx_otc"": ""otc"", ""field_type"": ""explicit_mnn"", ""source_class"": ""product_card"", ""card_fetched"": true, ""fetched_at"": ""2026-08-13T19:27:54+00:00"", ""http_status"": 0, ""parser_version"": ""mnn_source_identity_v1"", ""query"": ""Зеленая дубрава 5% мазь"", ""matched_brand"": null, ""matched_form"": ""мазь"", ""matched_dosage"": ""30г"", ""matched_pack"": ""1"", ""serp_match_score"": 0.4333, ""error"": null, ""match_status"": ""rejected"", ""match_score"": 0.35, ""match_reasons"": [""brand_title_match:+0.50"", ""dose_conflict:-0.30"", ""form_match:+0.15""], ""match_axes"": [""brand_title"", ""form""], ""hard_contradiction"": true, ""matched_product_title"": ""Мукосат мазь, 5%, мазь д/наружн. прим, 30 г, 1 шт.""}, {""source"": ""apteka"", ""url"": ""https://apteka.ru/product/mukosat-maz-5-maz-dlya-naruzhnogo-primeneniya-30-gr-5e3269ae65b5ab0001651d4c/"", ""title"": ""mukosat maz 5 maz dlya naruzhnogo primeneniya 30 gr"", ""raw_mnn"": ""Хондроитина сульфат"", ""mnn"": ""Хондроитина сульфат"", ""raw_rx_otc"": null, ""field_type"": ""explicit_mnn"", ""source_class"": ""product_card"", ""card_fetched"": true, ""fetched_at"": ""2026-08-13T19:27:57+00:00"", ""http_status"": 0, ""parser_version"": ""mnn_source_identity_v1"", ""query"": ""МУКОСАТ 5% мазь"", ""matched_brand"": null, ""matched_form"": null, ""matched_dosage"": null, ""matched_pack"": null, ""serp_match_score"": 0.45, ""error"": null, ""match_status"": ""rejected"", ""match_score"": -0.6, ""match_reasons"": [""brand_title_conflict:-0.60"", ""dose_card_unknown""], ""match_axes"": [], ""hard_contradiction"": true, ""matched_product_title"": ""mukosat maz 5 maz dlya naruzhnogo primeneniya 30 gr""}, {""source"": ""asna"", ""url"": ""https://www.asna.ru/cards/levometil_40g_maz_dnaruzhnogo_primeneniya_zelenaya_dubrava.html"", ""title"": ""/cards/levometil_40g_maz_dnaruzhnogo_primeneniya_zelenaya_dubrava.html"", ""raw_mnn"": ""Оксиметилурацил+Хлорамфеникол"", ""mnn"": ""Оксиметилурацил+Хлорамфеникол"", ""raw_rx_otc"": ""otc"", ""field_type"": ""explicit_mnn"", ""source_class"": ""product_card"", ""card_fetched"": true, ""fetched_at"": ""2026-08-13T19:27:56+00:00"", ""http_status"": 0, ""parser_version"": ""mnn_source_identity_v1"", ""query"": ""Зеленая дубрава 5% мазь"", ""matched_brand"": null, ""matched_form"": null, ""matched_dosage"": null, ""matched_pack"": null, ""serp_match_score"": 0.4, ""error"": null, ""match_status"": ""rejected"", ""match_score"": -0.6, ""match_reasons"": [""brand_title_conflict:-0.60"", ""dose_card_unknown""], ""match_axes"": [], ""hard_contradiction"": true, ""matched_product_title"": ""/cards/levometil_40g_maz_dnaruzhnogo_primeneniya_zelenaya_dubrava.html""}]",[],"[{""source"": ""uteka"", ""raw_mnn"": ""Хондроитина сульфат"", ""field_type"": ""explicit_mnn"", ""canonical_components"": [], ""url"": ""https://uteka.ru/product/mukosat-maz-81008/"", ""title"": ""Мукосат мазь, 5%, мазь д/наружн. прим, 30 г, 1 шт."", ""match_status"": ""rejected"", ""match_score"": 0.35, ""source_class"": ""product_card"", ""parse_warnings"": []}, {""source"": ""apteka"", ""raw_mnn"": ""Хондроитина сульфат"", ""field_type"": ""explicit_mnn"", ""canonical_components"": [], ""url"": ""https://apteka.ru/product/mukosat-maz-5-maz-dlya-naruzhnogo-primeneniya-30-gr-5e3269ae65b5ab0001651d4c/"", ""title"": ""mukosat maz 5 maz dlya naruzhnogo primeneniya 30 gr"", ""match_status"": ""rejected"", ""match_score"": -0.6, ""source_class"": ""product_card"", ""parse_warnings"": []}, {""source"": ""asna"", ""raw_mnn"": ""Оксиметилурацил+Хлорамфеникол"", ""field_type"": ""explicit_mnn"", ""canonical_components"": [], ""url"": ""https://www.asna.ru/cards/levometil_40g_maz_dnaruzhnogo_primeneniya_zelenaya_dubrava.html"", ""title"": ""/cards/levometil_40g_maz_dnaruzhnogo_primeneniya_zelenaya_dubrava.html"", ""match_status"": ""rejected"", ""match_score"": -0.6, ""source_class"": ""product_card"", ""parse_warnings"": []}, {""source"": ""vidal"", ""raw_mnn"": null, ""field_type"": ""unknown"", ""canonical_components"": [], ""url"": ""https://www.vidal.ru/drugs/products"", ""title"": ""По алфавиту"", ""match_status"": ""ambiguous"", ""match_score"": 0.0, ""source_class"": ""search_only"", ""parse_warnings"": []}, {""source"": ""stolichki"", ""raw_mnn"": null, ""field_type"": ""unknown"", ""canonical_components"": [], ""url"": null, ""title"": null, ""match_status"": ""ambiguous"", ""match_score"": 0.0, ""source_class"": ""search_only"", ""parse_warnings"": []}]"
13125,МИКРОГИНОН ТАБЛ. П/О 150МКГ+30МКГ №21 | ДЕЛЬФАРМ ЛИЛЛЬ С.А.С | ДЕЛЬФАРМ ЛИЛЛЬ С.А.С,drug,,rx,,none,none,no_known_inn_token,0,2,3,,[],,unresolved_catalog,empty,unknown,unknown,,,false,,unresolved,true,catalog_accept_removed,"[{""source"": ""apteka"", ""url"": ""https://apteka.ru/product/mikroginon-150-mkg--30-mkg-21-sht-tabletki-pokrytye-obolochkoj-5e32690565b5ab0001651940/"", ""title"": ""mikroginon 150 mkg  30 mkg 21 sht tabletki pokrytye obolochkoj"", ""raw_mnn"": ""Этинилэстрадиол, Левоноргестрел"", ""mnn"": ""Этинилэстрадиол, Левоноргестрел"", ""raw_rx_otc"": ""rx"", ""field_type"": ""explicit_mnn"", ""source_class"": ""product_card"", ""card_fetched"": true, ""fetched_at"": ""2026-08-13T19:28:01+00:00"", ""http_status"": 0, ""parser_version"": ""mnn_source_identity_v1"", ""query"": ""МИКРОГИНОН 150мкг+30мкг таблетки"", ""matched_brand"": null, ""matched_form"": null, ""matched_dosage"": null, ""matched_pack"": ""150"", ""serp_match_score"": 0.775, ""error"": null, ""match_status"": ""rejected"", ""match_score"": -0.6, ""match_reasons"": [""brand_title_conflict:-0.60"", ""dose_card_unknown""], ""match_axes"": [], ""hard_contradiction"": true, ""matched_product_title"": ""mikroginon 150 mkg  30 mkg 21 sht tabletki pokrytye obolochkoj""}, {""source"": ""asna"", ""url"": ""https://www.asna.ru/cards/mikroginon_150mkg30mkg_n21_tab_pokrytye_obolochkoy_delfarm_lill_sas.html"", ""title"": ""/cards/mikroginon_150mkg30mkg_n21_tab_pokrytye_obolochkoy_delfarm_lill_sas.html"", ""raw_mnn"": ""Левоноргестрел+Этинилэстрадиол"", ""mnn"": ""Левоноргестрел+Этинилэстрадиол"", ""raw_rx_otc"": ""rx"", ""field_type"": ""explicit_mnn"", ""source_class"": ""product_card"", ""card_fetched"": true, ""fetched_at"": ""2026-08-13T19:28:01+00:00"", ""http_status"": 0, ""parser_version"": ""mnn_source_identity_v1"", ""query"": ""МИКРОГИНОН 150мкг+30мкг таблетки"", ""matched_brand"": null, ""matched_form"": null, ""matched_dosage"": null, ""matched_pack"": null, ""serp_match_score"": 0.4, ""error"": null, ""match_status"": ""rejected"", ""match_score"": -0.45, ""match_reasons"": [""brand_title_conflict:-0.60"", ""dose_card_unknown"", ""form_match:+0.15""], ""match_axes"": [""form""], ""hard_contradiction"": true, ""matched_product_title"": ""/cards/mikroginon_150mkg30mkg_n21_tab_pokrytye_obolochkoy_delfarm_lill_sas.html""}]",[],"[{""source"": ""apteka"", ""raw_mnn"": ""Этинилэстрадиол, Левоноргестрел"", ""field_type"": ""explicit_mnn"", ""canonical_components"": [], ""url"": ""https://apteka.ru/product/mikroginon-150-mkg--30-mkg-21-sht-tabletki-pokrytye-obolochkoj-5e32690565b5ab0001651940/"", ""title"": ""mikroginon 150 mkg  30 mkg 21 sht tabletki pokrytye obolochkoj"", ""match_status"": ""rejected"", ""match_score"": -0.6, ""source_class"": ""product_card"", ""parse_warnings"": []}, {""source"": ""asna"", ""raw_mnn"": ""Левоноргестрел+Этинилэстрадиол"", ""field_type"": ""explicit_mnn"", ""canonical_components"": [], ""url"": ""https://www.asna.ru/cards/mikroginon_150mkg30mkg_n21_tab_pokrytye_obolochkoy_delfarm_lill_sas.html"", ""title"": ""/cards/mikroginon_150mkg30mkg_n21_tab_pokrytye_obolochkoy_delfarm_lill_sas.html"", ""match_status"": ""rejected"", ""match_score"": -0.45, ""source_class"": ""product_card"", ""parse_warnings"": []}, {""source"": ""uteka"", ""raw_mnn"": null, ""field_type"": ""unknown"", ""canonical_components"": [], ""url"": null, ""title"": null, ""match_status"": ""ambiguous"", ""match_score"": 0.0, ""source_class"": ""search_only"", ""parse_warnings"": []}, {""source"": ""vidal"", ""raw_mnn"": ""Этинилэстрадиол"", ""field_type"": ""explicit_mnn"", ""canonical_components"": [], ""url"": ""https://www.vidal.ru/drugs/microgynon__533"", ""title"": ""Микрогинон"", ""match_status"": ""ambiguous"", ""match_score"": 0.5, ""source_class"": ""product_card"", ""parse_warnings"": []}, {""source"": ""stolichki"", ""raw_mnn"": null, ""field_type"": ""unknown"", ""canonical_components"": [], ""url"": null, ""title"": null, ""match_status"": ""ambiguous"", ""match_score"": 0.0, ""source_class"": ""search_only"", ""parse_warnings"": []}]"
13533,МЕЛЬДОНИЙ КАПС. 500МГ №60 ФАРМСТАНДАРТ | ФАРМСТАНДАРТ-ЛЕКСРЕДСТВА ОАО | ФАРМСТАНДАРТ-ЛЕКСРЕДСТВА ОАО,drug,Мельдоний,rx,Мельдоний,strong,high,exact_normalized_text_token_start,1,3,1,,[],,resolved_enrichment,single_source,unknown,unknown,Мельдоний,ok,true,Мельдоний,input_plus_enrichment,false,method_changed,"[{""source"": ""apteka"", ""url"": ""https://apteka.ru/product/valacziklovir-farmstandart-500-mg-40-sht-tabletki-pokrytye-plenochnoj-obolochkoj-65b101304426875737e15c1a/"", ""title"": ""valacziklovir farmstandart 500 mg 40 sht tabletki pokrytye plenochnoj obolochkoj"", ""raw_mnn"": ""Валацикловир"", ""mnn"": ""Валацикловир"", ""raw_rx_otc"": ""rx"", ""field_type"": ""explicit_mnn"", ""source_class"": ""product_card"", ""card_fetched"": true, ""fetched_at"": ""2026-08-13T19:28:06+00:00"", ""http_status"": 0, ""parser_version"": ""mnn_source_identity_v1"", ""query"": ""Фармстандарт 500 мг капсулы"", ""matched_brand"": null, ""matched_form"": null, ""matched_dosage"": null, ""matched_pack"": null, ""serp_match_score"": 0.8875, ""error"": null, ""match_status"": ""rejected"", ""match_score"": 0.0, ""match_reasons"": [""strong_explicit_mnn_mismatch""], ""matched_product_title"": ""valacziklovir farmstandart 500 mg 40 sht tabletki pokrytye plenochnoj obolochkoj""}, {""source"": ""asna"", ""url"": ""https://www.asna.ru/cards/analgin-ekstrakap_500mg_n10_kaps_farmstandart-leksredstva.html"", ""title"": ""/cards/analgin-ekstrakap_500mg_n10_kaps_farmstandart-leksredstva.html"", ""raw_mnn"": ""Метамизол натрия"", ""mnn"": ""Метамизол натрия"", ""raw_rx_otc"": ""otc"", ""field_type"": ""explicit_mnn"", ""source_class"": ""product_card"", ""card_fetched"": true, ""fetched_at"": ""2026-08-13T19:28:06+00:00"", ""http_status"": 0, ""parser_version"": ""mnn_source_identity_v1"", ""query"": ""Фармстандарт 500 мг капсулы"", ""matched_brand"": null, ""matched_form"": null, ""matched_dosage"": null, ""matched_pack"": null, ""serp_match_score"": 0.5, ""error"": null, ""match_status"": ""rejected"", ""match_score"": 0.0, ""match_reasons"": [""strong_explicit_mnn_mismatch""], ""matched_product_title"": ""/cards/analgin-ekstrakap_500mg_n10_kaps_farmstandart-leksredstva.html""}, {""source"": ""vidal"", ""url"": ""https://www.vidal.ru/drugs/flurbiprofen-pharmstandard"", ""title"": ""Флурбипрофен-Фармстандарт"", ""raw_mnn"": ""Флурбипрофен"", ""mnn"": ""Флурбипрофен"", ""raw_rx_otc"": ""otc"", ""field_type"": ""explicit_mnn"", ""source_class"": ""product_card"", ""card_fetched"": true, ""fetched_at"": ""2026-08-13T19:28:07+00:00"", ""http_status"": 0, ""parser_version"": ""mnn_source_identity_v1"", ""query"": ""Фармстандарт 500 мг капсулы"", ""matched_brand"": null, ""matched_form"": null, ""matched_dosage"": null, ""matched_pack"": null, ""serp_match_score"": 1.0, ""error"": null, ""match_status"": ""rejected"", ""match_score"": 0.0, ""match_reasons"": [""strong_explicit_mnn_mismatch""], ""matched_product_title"": ""Флурбипрофен-Фармстандарт""}]","[{""source"": ""uteka"", ""url"": ""https://uteka.ru/product/meldonij-217496/"", ""title"": ""Мельдоний Фармстандарт, 500 мг, капсулы, 60 шт."", ""raw_mnn"": ""Мельдоний"", ""mnn"": ""Мельдоний"", ""raw_rx_otc"": ""rx"", ""field_type"": ""explicit_mnn"", ""source_class"": ""product_card"", ""card_fetched"": true, ""fetched_at"": ""2026-08-13T19:28:04+00:00"", ""http_status"": 0, ""parser_version"": ""mnn_source_identity_v1"", ""query"": ""Фармстандарт 500 мг капсулы"", ""matched_brand"": null, ""matched_form"": ""капсулы"", ""matched_dosage"": ""500мг"", ""matched_pack"": ""60"", ""serp_match_score"": 1.0, ""error"": null, ""match_status"": ""accepted"", ""match_score"": 0.85, ""match_reasons"": [""brand_title_match:+0.50"", ""dose_match:+0.20"", ""form_match:+0.15""], ""match_axes"": [""brand_title"", ""dose"", ""form""], ""hard_contradiction"": false, ""matched_product_title"": ""Мельдоний Фармстандарт, 500 мг, капсулы, 60 шт.""}]","[{""source"": ""uteka"", ""raw_mnn"": ""Мельдоний"", ""field_type"": ""explicit_mnn"", ""canonical_components"": [""Мельдоний""], ""url"": ""https://uteka.ru/product/meldonij-217496/"", ""title"": ""Мельдоний Фармстандарт, 500 мг, капсулы, 60 шт."", ""match_status"": ""accepted"", ""match_score"": 0.85, ""source_class"": ""product_card"", ""parse_warnings"": []}, {""source"": ""apteka"", ""raw_mnn"": ""Валацикловир"", ""field_type"": ""explicit_mnn"", ""canonical_components"": [], ""url"": ""https://apteka.ru/product/valacziklovir-farmstandart-500-mg-40-sht-tabletki-pokrytye-plenochnoj-obolochkoj-65b101304426875737e15c1a/"", ""title"": ""valacziklovir farmstandart 500 mg 40 sht tabletki pokrytye plenochnoj obolochkoj"", ""match_status"": ""rejected"", ""match_score"": 0.0, ""source_class"": ""product_card"", ""parse_warnings"": []}, {""source"": ""asna"", ""raw_mnn"": ""Метамизол натрия"", ""field_type"": ""explicit_mnn"", ""canonical_components"": [], ""url"": ""https://www.asna.ru/cards/analgin-ekstrakap_500mg_n10_kaps_farmstandart-leksredstva.html"", ""title"": ""/cards/analgin-ekstrakap_500mg_n10_kaps_farmstandart-leksredstva.html"", ""match_status"": ""rejected"", ""match_score"": 0.0, ""source_class"": ""product_card"", ""parse_warnings"": []}, {""source"": ""vidal"", ""raw_mnn"": ""Флурбипрофен"", ""field_type"": ""explicit_mnn"", ""canonical_components"": [], ""url"": ""https://www.vidal.ru/drugs/flurbiprofen-pharmstandard"", ""title"": ""Флурбипрофен-Фармстандарт"", ""match_status"": ""rejected"", ""match_score"": 0.0, ""source_class"": ""product_card"", ""parse_warnings"": []}, {""source"": ""stolichki"", ""raw_mnn"": null, ""field_type"": ""unknown"", ""canonical_components"": [], ""url"": null, ""title"": null, ""match_status"": ""ambiguous"", ""match_score"": 0.0, ""source_class"": ""search_only"", ""parse_warnings"": []}]"
13616,"МЕЛИССЫ ЛЕКАРСТВЕННОЙ ТРАВА Ф/П 1,5Г №20 ЗДОРОВЬЕ | ЗДОРОВЬЕ ФИРМА ООО | ЗДОРОВЬЕ ФИРМА ООО",drug,Мелиссы лекарственной трава,Без рецепта,,none,none,no_known_inn_token,1,2,2,,[],,resolved_enrichment,empty,unknown,unknown,Melissae officinalis herba,ok,true,Melissae officinalis herba,enrichment,false,sources_rejected_same_final,"[{""source"": ""apteka"", ""url"": ""https://apteka.ru/product/fitochaj-zdorovechernika-2-gr-20-sht-filtr-pakety-5e32723665b5ab0001655da0/"", ""title"": ""fitochaj zdorovechernika 2 gr 20 sht filtr pakety"", ""raw_mnn"": null, ""mnn"": null, ""raw_rx_otc"": null, ""field_type"": ""unknown"", ""source_class"": ""product_card"", ""card_fetched"": true, ""fetched_at"": ""2026-08-13T19:28:08+00:00"", ""http_status"": 0, ""parser_version"": ""mnn_source_identity_v1"", ""query"": ""Здоровье 1,5 г фильтр-пакеты"", ""matched_brand"": null, ""matched_form"": null, ""matched_dosage"": null, ""matched_pack"": null, ""serp_match_score"": 0.7, ""error"": null, ""match_status"": ""rejected"", ""match_score"": -0.6, ""match_reasons"": [""brand_title_conflict:-0.60"", ""dose_card_unknown""], ""match_axes"": [], ""hard_contradiction"": true, ""matched_product_title"": ""fitochaj zdorovechernika 2 gr 20 sht filtr pakety""}, {""source"": ""asna"", ""url"": ""https://www.asna.ru/cards/krapiva_listya_15g_n20_fp_zdorove.html"", ""title"": ""/cards/krapiva_listya_15g_n20_fp_zdorove.html"", ""raw_mnn"": ""Крапивы двудомной листья"", ""mnn"": ""Крапивы двудомной листья"", ""raw_rx_otc"": ""otc"", ""field_type"": ""explicit_mnn"", ""source_class"": ""product_card"", ""card_fetched"": true, ""fetched_at"": ""2026-08-13T19:28:08+00:00"", ""http_status"": 0, ""parser_version"": ""mnn_source_identity_v1"", ""query"": ""Здоровье 1,5 г фильтр-пакеты"", ""matched_brand"": null, ""matched_form"": null, ""matched_dosage"": null, ""matched_pack"": null, ""serp_match_score"": 0.4, ""error"": null, ""match_status"": ""rejected"", ""match_score"": -0.6, ""match_reasons"": [""brand_title_conflict:-0.60"", ""dose_card_unknown""], ""match_axes"": [], ""hard_contradiction"": true, ""matched_product_title"": ""/cards/krapiva_listya_15g_n20_fp_zdorove.html""}]","[{""source"": ""uteka"", ""url"": ""https://uteka.ru/product/m-zdorove-krapivi-listya-436042/"", ""title"": ""М Здоровье Крапивы листья, 1.5 г, 20 шт."", ""raw_mnn"": null, ""mnn"": null, ""raw_rx_otc"": null, ""field_type"": ""unknown"", ""source_class"": ""product_card"", ""card_fetched"": true, ""fetched_at"": ""2026-08-13T19:28:08+00:00"", ""http_status"": 0, ""parser_version"": ""mnn_source_identity_v1"", ""query"": ""Здоровье 1,5 г"", ""matched_brand"": null, ""matched_form"": null, ""matched_dosage"": ""1.5г"", ""matched_pack"": ""20"", ""serp_match_score"": 1.0, ""error"": null, ""match_status"": ""accepted"", ""match_score"": 0.7, ""match_reasons"": [""brand_title_match:+0.50"", ""dose_match:+0.20""], ""match_axes"": [""brand_title"", ""dose""], ""hard_contradiction"": false, ""matched_product_title"": ""М Здоровье Крапивы листья, 1.5 г, 20 шт.""}]","[{""source"": ""uteka"", ""raw_mnn"": null, ""field_type"": ""unknown"", ""canonical_components"": [], ""url"": ""https://uteka.ru/product/m-zdorove-krapivi-listya-436042/"", ""title"": ""М Здоровье Крапивы листья, 1.5 г, 20 шт."", ""match_status"": ""accepted"", ""match_score"": 0.7, ""source_class"": ""product_card"", ""parse_warnings"": []}, {""source"": ""apteka"", ""raw_mnn"": null, ""field_type"": ""unknown"", ""canonical_components"": [], ""url"": ""https://apteka.ru/product/fitochaj-zdorovechernika-2-gr-20-sht-filtr-pakety-5e32723665b5ab0001655da0/"", ""title"": ""fitochaj zdorovechernika 2 gr 20 sht filtr pakety"", ""match_status"": ""rejected"", ""match_score"": -0.6, ""source_class"": ""product_card"", ""parse_warnings"": []}, {""source"": ""asna"", ""raw_mnn"": ""Крапивы двудомной листья"", ""field_type"": ""explicit_mnn"", ""canonical_components"": [], ""url"": ""https://www.asna.ru/cards/krapiva_listya_15g_n20_fp_zdorove.html"", ""title"": ""/cards/krapiva_listya_15g_n20_fp_zdorove.html"", ""match_status"": ""rejected"", ""match_score"": -0.6, ""source_class"": ""product_card"", ""parse_warnings"": []}, {""source"": ""vidal"", ""raw_mnn"": null, ""field_type"": ""unknown"", ""canonical_components"": [], ""url"": ""https://www.vidal.ru/drugs/alphavit_mamino_zdorovie__38112"", ""title"": ""Алфавит Мамино Здоровье"", ""match_status"": ""ambiguous"", ""match_score"": 0.5, ""source_class"": ""product_card"", ""parse_warnings"": []}, {""source"": ""stolichki"", ""raw_mnn"": null, ""field_type"": ""unknown"", ""canonical_components"": [], ""url"": null, ""title"": null, ""match_status"": ""ambiguous"", ""match_score"": 0.0, ""source_class"": ""search_only"", ""parse_warnings"": []}]"
13645,МЕКСИПРИМ ТАБЛ. П/ПЛЕН/ОБ. 125МГ №60 | ОБНИНСКАЯ ХИМИКО-ФАРМАЦЕВТИЧЕСКАЯ КОМПАНИЯ | ОБНИНСКАЯ ХИМИКО-ФАРМАЦЕВТИЧЕСКАЯ КОМПАНИЯ,drug,Этилметилгидроксипиридина сукцинат,rx,,none,none,no_known_inn_token,1,2,2,,[],,unresolved_catalog,single_source,unknown,unknown,,,false,,unresolved,true,catalog_accept_removed,"[{""source"": ""apteka"", ""url"": ""https://apteka.ru/product/meksiprim-125-mg-60-sht-tabletki-pokrytye-plenochnoj-obolochkoj-5e32662b65b5ab000164ff13/"", ""title"": ""meksiprim 125 mg 60 sht tabletki pokrytye plenochnoj obolochkoj"", ""raw_mnn"": ""Этилметилгидроксипиридина сукцинат"", ""mnn"": ""Этилметилгидроксипиридина сукцинат"", ""raw_rx_otc"": ""rx"", ""field_type"": ""explicit_mnn"", ""source_class"": ""product_card"", ""card_fetched"": true, ""fetched_at"": ""2026-08-13T19:28:10+00:00"", ""http_status"": 0, ""parser_version"": ""mnn_source_identity_v1"", ""query"": ""Мексиприм 125 мг таблетки"", ""matched_brand"": null, ""matched_form"": null, ""matched_dosage"": null, ""matched_pack"": null, ""serp_match_score"": 1.0, ""error"": null, ""match_status"": ""rejected"", ""match_score"": -0.4, ""match_reasons"": [""brand_title_conflict:-0.60"", ""dose_match:+0.20""], ""match_axes"": [""dose""], ""hard_contradiction"": true, ""matched_product_title"": ""meksiprim 125 mg 60 sht tabletki pokrytye plenochnoj obolochkoj""}, {""source"": ""asna"", ""url"": ""https://www.asna.ru/cards/meksiprim_125mg_n60_tab_obninskaya_khfk.html"", ""title"": ""/cards/meksiprim_125mg_n60_tab_obninskaya_khfk.html"", ""raw_mnn"": ""Этилметилгидроксипиридина сукцинат"", ""mnn"": ""Этилметилгидроксипиридина сукцинат"", ""raw_rx_otc"": ""rx"", ""field_type"": ""explicit_mnn"", ""source_class"": ""product_card"", ""card_fetched"": true, ""fetched_at"": ""2026-08-13T19:28:10+00:00"", ""http_status"": 0, ""parser_version"": ""mnn_source_identity_v1"", ""query"": ""Мексиприм 125 мг таблетки"", ""matched_brand"": null, ""matched_form"": null, ""matched_dosage"": null, ""matched_pack"": null, ""serp_match_score"": 0.5, ""error"": null, ""match_status"": ""rejected"", ""match_score"": -0.25, ""match_reasons"": [""brand_title_conflict:-0.60"", ""dose_match:+0.20"", ""form_match:+0.15""], ""match_axes"": [""dose"", ""form""], ""hard_contradiction"": true, ""matched_product_title"": ""/cards/meksiprim_125mg_n60_tab_obninskaya_khfk.html""}]","[{""source"": ""uteka"", ""url"": ""https://uteka.ru/product/meksiprim-206735/"", ""title"": ""Мексиприм, 125 мг, табл. п.п.о, 30 шт."", ""raw_mnn"": ""Этилметилгидроксипиридина сукцинат"", ""mnn"": ""Этилметилгидроксипиридина сукцинат"", ""raw_rx_otc"": ""rx"", ""field_type"": ""explicit_mnn"", ""source_class"": ""product_card"", ""card_fetched"": true, ""fetched_at"": ""2026-08-13T19:28:09+00:00"", ""http_status"": 0, ""parser_version"": ""mnn_source_identity_v1"", ""query"": ""Мексиприм 125 мг таблетки"", ""matched_brand"": null, ""matched_form"": ""таблетки"", ""matched_dosage"": ""125мг"", ""matched_pack"": ""30"", ""serp_match_score"": 1.0, ""error"": null, ""match_status"": ""accepted"", ""match_score"": 0.85, ""match_reasons"": [""brand_title_match:+0.50"", ""dose_match:+0.20"", ""form_match:+0.15""], ""match_axes"": [""brand_title"", ""dose"", ""form""], ""hard_contradiction"": false, ""matched_product_title"": ""Мексиприм, 125 мг, табл. п.п.о, 30 шт.""}]","[{""source"": ""uteka"", ""raw_mnn"": ""Этилметилгидроксипиридина сукцинат"", ""field_type"": ""explicit_mnn"", ""canonical_components"": [""Этилметилгидроксипиридина сукцинат""], ""url"": ""https://uteka.ru/product/meksiprim-206735/"", ""title"": ""Мексиприм, 125 мг, табл. п.п.о, 30 шт."", ""match_status"": ""accepted"", ""match_score"": 0.85, ""source_class"": ""product_card"", ""parse_warnings"": []}, {""source"": ""apteka"", ""raw_mnn"": ""Этилметилгидроксипиридина сукцинат"", ""field_type"": ""explicit_mnn"", ""canonical_components"": [], ""url"": ""https://apteka.ru/product/meksiprim-125-mg-60-sht-tabletki-pokrytye-plenochnoj-obolochkoj-5e32662b65b5ab000164ff13/"", ""title"": ""meksiprim 125 mg 60 sht tabletki pokrytye plenochnoj obolochkoj"", ""match_status"": ""rejected"", ""match_score"": -0.4, ""source_class"": ""product_card"", ""parse_warnings"": []}, {""source"": ""asna"", ""raw_mnn"": ""Этилметилгидроксипиридина сукцинат"", ""field_type"": ""explicit_mnn"", ""canonical_components"": [], ""url"": ""https://www.asna.ru/cards/meksiprim_125mg_n60_tab_obninskaya_khfk.html"", ""title"": ""/cards/meksiprim_125mg_n60_tab_obninskaya_khfk.html"", ""match_status"": ""rejected"", ""match_score"": -0.25, ""source_class"": ""product_card"", ""parse_warnings"": []}, {""source"": ""vidal"", ""raw_mnn"": ""Этилметилгидроксипиридина сукцинат"", ""field_type"": ""explicit_mnn"", ""canonical_components"": [], ""url"": ""https://www.vidal.ru/drugs/mexiprim__39581"", ""title"": ""Мексиприм"", ""match_status"": ""ambiguous"", ""match_score"": 0.5, ""source_class"": ""product_card"", ""parse_warnings"": []}, {""source"": ""stolichki"", ""raw_mnn"": null, ""field_type"": ""unknown"", ""canonical_components"": [], ""url"": null, ""title"": null, ""match_status"": ""ambiguous"", ""match_score"": 0.0, ""source_class"": ""search_only"", ""parse_warnings"": []}]"
14164,"МАКСИКОЛД ЛОР ТАБС ДВОЙНОЕ ДЕЙСТВИЕ ТАБЛ. Д/РАССАС. 8,75МГ+1МГ №20 | ФАРМСТАНДАРТ-ЛЕКСРЕДСТВА / ОТИСИФАРМ ПРО | ФАРМСТАНДАРТ-ЛЕКСРЕДСТВА / ОТИСИФАРМ ПРО",drug,Бензокаин + Цетилпиридиния хлорид,otc,,none,none,no_known_inn_token,0,2,3,,[],,unresolved_catalog,empty,unknown,unknown,,,false,,unresolved,true,catalog_accept_removed,"[{""source"": ""apteka"", ""url"": ""https://apteka.ru/product/maksikold-lor-tabs-dvojnoe-dejstvie-875-mg--1-mg-20-sht-tabletki-dlya-rassasyvaniya-66bdbce4862fae32de8b4755/"", ""title"": ""maksikold lor tabs dvojnoe dejstvie 875 mg  1 mg 20 sht tabletki dlya rassasyvaniya"", ""raw_mnn"": ""Флурбипрофен, Цетилпиридиния хлорид"", ""mnn"": ""Флурбипрофен, Цетилпиридиния хлорид"", ""raw_rx_otc"": null, ""field_type"": ""explicit_mnn"", ""source_class"": ""product_card"", ""card_fetched"": true, ""fetched_at"": ""2026-08-13T19:28:14+00:00"", ""http_status"": 0, ""parser_version"": ""mnn_source_identity_v1"", ""query"": ""Максиколд Лор 8,75 мг + 1 мг таблетки"", ""matched_brand"": null, ""matched_form"": null, ""matched_dosage"": null, ""matched_pack"": null, ""serp_match_score"": 0.3214, ""error"": null, ""match_status"": ""rejected"", ""match_score"": -0.25, ""match_reasons"": [""brand_title_conflict:-0.60"", ""dose_match:+0.20"", ""form_match:+0.15""], ""match_axes"": [""dose"", ""form""], ""hard_contradiction"": true, ""matched_product_title"": ""maksikold lor tabs dvojnoe dejstvie 875 mg  1 mg 20 sht tabletki dlya rassasyvaniya""}, {""source"": ""asna"", ""url"": ""https://www.asna.ru/cards/maksikold_lor_tabs_dvoynoe_deystvie_875mg1mg_n20_tab_drassasyvaniya_farmstandart-leksredstva.html"", ""title"": ""/cards/maksikold_lor_tabs_dvoynoe_deystvie_875mg1mg_n20_tab_drassasyvaniya_farmstandart-leksredstva.html"", ""raw_mnn"": ""Флурбипрофен+Цетилпиридиния хлорид"", ""mnn"": ""Флурбипрофен+Цетилпиридиния хлорид"", ""raw_rx_otc"": ""otc"", ""field_type"": ""explicit_mnn"", ""source_class"": ""product_card"", ""card_fetched"": true, ""fetched_at"": ""2026-08-13T19:28:14+00:00"", ""http_status"": 0, ""parser_version"": ""mnn_source_identity_v1"", ""query"": ""Максиколд Лор 8,75 мг + 1 мг таблетки"", ""matched_brand"": null, ""matched_form"": null, ""matched_dosage"": null, ""matched_pack"": null, ""serp_match_score"": 0.4, ""error"": null, ""match_status"": ""rejected"", ""match_score"": -0.25, ""match_reasons"": [""brand_title_conflict:-0.60"", ""dose_match:+0.20"", ""form_match:+0.15""], ""match_axes"": [""dose"", ""form""], ""hard_contradiction"": true, ""matched_product_title"": ""/cards/maksikold_lor_tabs_dvoynoe_deystvie_875mg1mg_n20_tab_drassasyvaniya_farmstandart-leksredstva.html""}]",[],"[{""source"": ""apteka"", ""raw_mnn"": ""Флурбипрофен, Цетилпиридиния хлорид"", ""field_type"": ""explicit_mnn"", ""canonical_components"": [], ""url"": ""https://apteka.ru/product/maksikold-lor-tabs-dvojnoe-dejstvie-875-mg--1-mg-20-sht-tabletki-dlya-rassasyvaniya-66bdbce4862fae32de8b4755/"", ""title"": ""maksikold lor tabs dvojnoe dejstvie 875 mg  1 mg 20 sht tabletki dlya rassasyvaniya"", ""match_status"": ""rejected"", ""match_score"": -0.25, ""source_class"": ""product_card"", ""parse_warnings"": []}, {""source"": ""asna"", ""raw_mnn"": ""Флурбипрофен+Цетилпиридиния хлорид"", ""field_type"": ""explicit_mnn"", ""canonical_components"": [], ""url"": ""https://www.asna.ru/cards/maksikold_lor_tabs_dvoynoe_deystvie_875mg1mg_n20_tab_drassasyvaniya_farmstandart-leksredstva.html"", ""title"": ""/cards/maksikold_lor_tabs_dvoynoe_deystvie_875mg1mg_n20_tab_drassasyvaniya_farmstandart-leksredstva.html"", ""match_status"": ""rejected"", ""match_score"": -0.25, ""source_class"": ""product_card"", ""parse_warnings"": []}, {""source"": ""uteka"", ""raw_mnn"": null, ""field_type"": ""unknown"", ""canonical_components"": [], ""url"": null, ""title"": null, ""match_status"": ""ambiguous"", ""match_score"": 0.0, ""source_class"": ""search_only"", ""parse_warnings"": []}, {""source"": ""vidal"", ""raw_mnn"": ""Гексэтидин"", ""field_type"": ""explicit_mnn"", ""canonical_components"": [], ""url"": ""https://www.vidal.ru/drugs/maxicold_lor__39685"", ""title"": ""Максиколд"", ""match_status"": ""ambiguous"", ""match_score"": 0.5, ""source_class"": ""product_card"", ""parse_warnings"": []}, {""source"": ""stolichki"", ""raw_mnn"": null, ""field_type"": ""unknown"", ""canonical_components"": [], ""url"": null, ""title"": null, ""match_status"": ""ambiguous"", ""match_score"": 0.0, ""source_class"": ""search_only"", ""parse_warnings"": []}]"
14593,ЛОРНОКСЕФ ТАБЛ. П/ПЛЕН/ОБ. 8МГ №10 | ФАРМПРОЕКТ АО | ФАРМПРОЕКТ АО,drug,Лорноксикам,rx,,none,none,no_known_inn_token,1,2,2,,[],,unresolved_catalog,single_source,unknown,unknown,,,false,,unresolved,true,catalog_accept_removed,"[{""source"": ""apteka"", ""url"": ""https://apteka.ru/product/lornoksef-8-mg-10-sht-tabletki-pokrytye-plenochnoj-obolochkoj-67a08c85e81b62dc87899723/"", ""title"": ""lornoksef 8 mg 10 sht tabletki pokrytye plenochnoj obolochkoj"", ""raw_mnn"": ""Лорноксикам"", ""mnn"": ""Лорноксикам"", ""raw_rx_otc"": ""rx"", ""field_type"": ""explicit_mnn"", ""source_class"": ""product_card"", ""card_fetched"": true, ""fetched_at"": ""2026-08-13T19:28:18+00:00"", ""http_status"": 0, ""parser_version"": ""mnn_source_identity_v1"", ""query"": ""Лорноксеф 8 мг таблетки"", ""matched_brand"": null, ""matched_form"": null, ""matched_dosage"": null, ""matched_pack"": null, ""serp_match_score"": 1.0, ""error"": null, ""match_status"": ""rejected"", ""match_score"": -0.4, ""match_reasons"": [""brand_title_conflict:-0.60"", ""dose_match:+0.20""], ""match_axes"": [""dose""], ""hard_contradiction"": true, ""matched_product_title"": ""lornoksef 8 mg 10 sht tabletki pokrytye plenochnoj obolochkoj""}, {""source"": ""asna"", ""url"": ""https://www.asna.ru/cards/lornoksef_8mg_n10_tab_pokrytye_plenochnoy_obolochkoy_farmproekt_ao.html"", ""title"": ""/cards/lornoksef_8mg_n10_tab_pokrytye_plenochnoy_obolochkoy_farmproekt_ao.html"", ""raw_mnn"": ""Лорноксикам"", ""mnn"": ""Лорноксикам"", ""raw_rx_otc"": ""rx"", ""field_type"": ""explicit_mnn"", ""source_class"": ""product_card"", ""card_fetched"": true, ""fetched_at"": ""2026-08-13T19:28:17+00:00"", ""http_status"": 0, ""parser_version"": ""mnn_source_identity_v1"", ""query"": ""Лорноксеф 8 мг таблетки"", ""matched_brand"": null, ""matched_form"": null, ""matched_dosage"": null, ""matched_pack"": null, ""serp_match_score"": 0.4, ""error"": null, ""match_status"": ""rejected"", ""match_score"": -0.25, ""match_reasons"": [""brand_title_conflict:-0.60"", ""dose_match:+0.20"", ""form_match:+0.15""], ""match_axes"": [""dose"", ""form""], ""hard_contradiction"": true, ""matched_product_title"": ""/cards/lornoksef_8mg_n10_tab_pokrytye_plenochnoy_obolochkoy_farmproekt_ao.html""}]","[{""source"": ""uteka"", ""url"": ""https://uteka.ru/product/lornoksikam-438903/"", ""title"": ""Лорноксеф, 8 мг, табл. п.п.о, 10 шт."", ""raw_mnn"": ""Лорноксикам"", ""mnn"": ""Лорноксикам"", ""raw_rx_otc"": ""rx"", ""field_type"": ""explicit_mnn"", ""source_class"": ""product_card"", ""card_fetched"": true, ""fetched_at"": ""2026-08-13T19:28:17+00:00"", ""http_status"": 0, ""parser_version"": ""mnn_source_identity_v1"", ""query"": ""Лорноксеф 8 мг таблетки"", ""matched_brand"": null, ""matched_form"": ""таблетки"", ""matched_dosage"": ""8мг"", ""matched_pack"": ""10"", ""serp_match_score"": 1.0, ""error"": null, ""match_status"": ""accepted"", ""match_score"": 0.85, ""match_reasons"": [""brand_title_match:+0.50"", ""dose_match:+0.20"", ""form_match:+0.15""], ""match_axes"": [""brand_title"", ""dose"", ""form""], ""hard_contradiction"": false, ""matched_product_title"": ""Лорноксеф, 8 мг, табл. п.п.о, 10 шт.""}]","[{""source"": ""uteka"", ""raw_mnn"": ""Лорноксикам"", ""field_type"": ""explicit_mnn"", ""canonical_components"": [""Лорноксикам""], ""url"": ""https://uteka.ru/product/lornoksikam-438903/"", ""title"": ""Лорноксеф, 8 мг, табл. п.п.о, 10 шт."", ""match_status"": ""accepted"", ""match_score"": 0.85, ""source_class"": ""product_card"", ""parse_warnings"": []}, {""source"": ""apteka"", ""raw_mnn"": ""Лорноксикам"", ""field_type"": ""explicit_mnn"", ""canonical_components"": [], ""url"": ""https://apteka.ru/product/lornoksef-8-mg-10-sht-tabletki-pokrytye-plenochnoj-obolochkoj-67a08c85e81b62dc87899723/"", ""title"": ""lornoksef 8 mg 10 sht tabletki pokrytye plenochnoj obolochkoj"", ""match_status"": ""rejected"", ""match_score"": -0.4, ""source_class"": ""product_card"", ""parse_warnings"": []}, {""source"": ""asna"", ""raw_mnn"": ""Лорноксикам"", ""field_type"": ""explicit_mnn"", ""canonical_components"": [], ""url"": ""https://www.asna.ru/cards/lornoksef_8mg_n10_tab_pokrytye_plenochnoy_obolochkoy_farmproekt_ao.html"", ""title"": ""/cards/lornoksef_8mg_n10_tab_pokrytye_plenochnoy_obolochkoy_farmproekt_ao.html"", ""match_status"": ""rejected"", ""match_score"": -0.25, ""source_class"": ""product_card"", ""parse_warnings"": []}, {""source"": ""vidal"", ""raw_mnn"": ""Лорноксикам"", ""field_type"": ""explicit_mnn"", ""canonical_components"": [], ""url"": ""https://www.vidal.ru/drugs/lornoksef"", ""title"": ""Лорноксеф"", ""match_status"": ""ambiguous"", ""match_score"": 0.5, ""source_class"": ""product_card"", ""parse_warnings"": []}, {""source"": ""stolichki"", ""raw_mnn"": null, ""field_type"": ""unknown"", ""canonical_components"": [], ""url"": null, ""title"": null, ""match_status"": ""ambiguous"", ""match_score"": 0.0, ""source_class"": ""search_only"", ""parse_warnings"": []}]"
14679,ЛОПЕРАМИД ТАБЛ. 2МГ №30 ОЗОН | ОЗОН ООО | ОЗОН ООО,drug,Лоперамид,otc,,none,none,no_known_inn_token,1,1,3,,[],,unresolved_catalog,single_source,unknown,unknown,,,false,,unresolved,true,catalog_accept_removed,"[{""source"": ""apteka"", ""url"": ""https://apteka.ru/product/loperamid-2-mg-20-sht-tabletki-6839b46d0c2a656e635247cd/"", ""title"": ""loperamid 2 mg 20 sht tabletki"", ""raw_mnn"": ""Лоперамид"", ""mnn"": ""Лоперамид"", ""raw_rx_otc"": null, ""field_type"": ""explicit_mnn"", ""source_class"": ""product_card"", ""card_fetched"": true, ""fetched_at"": ""2026-08-13T19:28:24+00:00"", ""http_status"": 0, ""parser_version"": ""mnn_source_identity_v1"", ""query"": ""ЛОПЕРАМИД 2 мг таблетки"", ""matched_brand"": null, ""matched_form"": null, ""matched_dosage"": null, ""matched_pack"": null, ""serp_match_score"": 0.45, ""error"": null, ""match_status"": ""rejected"", ""match_score"": -0.4, ""match_reasons"": [""brand_title_conflict:-0.60"", ""dose_match:+0.20""], ""match_axes"": [""dose""], ""hard_contradiction"": true, ""matched_product_title"": ""loperamid 2 mg 20 sht tabletki""}]","[{""source"": ""uteka"", ""url"": ""https://uteka.ru/product/loperamid-22805/"", ""title"": ""Лоперамид, 2 мг, табл, 20 шт."", ""raw_mnn"": ""Лоперамид"", ""mnn"": ""Лоперамид"", ""raw_rx_otc"": ""otc"", ""field_type"": ""explicit_mnn"", ""source_class"": ""product_card"", ""card_fetched"": true, ""fetched_at"": ""2026-08-13T19:28:21+00:00"", ""http_status"": 0, ""parser_version"": ""mnn_source_identity_v1"", ""query"": ""ЛОПЕРАМИД 2 мг таблетки"", ""matched_brand"": null, ""matched_form"": ""таблетки"", ""matched_dosage"": ""2мг"", ""matched_pack"": ""20"", ""serp_match_score"": 0.7667, ""error"": null, ""match_status"": ""accepted"", ""match_score"": 0.85, ""match_reasons"": [""brand_title_match:+0.50"", ""dose_match:+0.20"", ""form_match:+0.15""], ""match_axes"": [""brand_title"", ""dose"", ""form""], ""hard_contradiction"": false, ""matched_product_title"": ""Лоперамид, 2 мг, табл, 20 шт.""}]","[{""source"": ""uteka"", ""raw_mnn"": ""Лоперамид"", ""field_type"": ""explicit_mnn"", ""canonical_components"": [""Лоперамид""], ""url"": ""https://uteka.ru/product/loperamid-22805/"", ""title"": ""Лоперамид, 2 мг, табл, 20 шт."", ""match_status"": ""accepted"", ""match_score"": 0.85, ""source_class"": ""product_card"", ""parse_warnings"": []}, {""source"": ""apteka"", ""raw_mnn"": ""Лоперамид"", ""field_type"": ""explicit_mnn"", ""canonical_components"": [], ""url"": ""https://apteka.ru/product/loperamid-2-mg-20-sht-tabletki-6839b46d0c2a656e635247cd/"", ""title"": ""loperamid 2 mg 20 sht tabletki"", ""match_status"": ""rejected"", ""match_score"": -0.4, ""source_class"": ""product_card"", ""parse_warnings"": []}, {""source"": ""asna"", ""raw_mnn"": null, ""field_type"": ""unknown"", ""canonical_components"": [], ""url"": ""https://www.asna.ru/cards/loperamid-_akrikhin_2mg_n20_kaps_akrikhin.html"", ""title"": ""/cards/loperamid-_akrikhin_2mg_n20_kaps_akrikhin.html"", ""match_status"": ""ambiguous"", ""match_score"": 0.0, ""source_class"": ""search_only"", ""parse_warnings"": []}, {""source"": ""vidal"", ""raw_mnn"": null, ""field_type"": ""unknown"", ""canonical_components"": [], ""url"": ""https://www.vidal.ru/drugs/products"", ""title"": ""По алфавиту"", ""match_status"": ""ambiguous"", ""match_score"": 0.0, ""source_class"": ""search_only"", ""parse_warnings"": []}, {""source"": ""stolichki"", ""raw_mnn"": null, ""field_type"": ""unknown"", ""canonical_components"": [], ""url"": null, ""title"": null, ""match_status"": ""ambiguous"", ""match_score"": 0.0, ""source_class"": ""search_only"", ""parse_warnings"": []}]"
14719,"ЛОКОИД КРЕЛО ЭМУЛЬСИЯ Д/НАРУЖ. ПРИМ. 0,1% ФЛ. 30Г | ТЕММЛЕР ИТАЛИА С.Р.Л | ТЕММЛЕР ИТАЛИА С.Р.Л",drug,Гидрокортизон,rx,,none,none,no_known_inn_token,0,3,2,,[],,unresolved_catalog,empty,unknown,unknown,,,false,,unresolved,true,catalog_accept_removed,"[{""source"": ""uteka"", ""url"": ""https://uteka.ru/product/lokoid-22721/"", ""title"": ""Локоид, 0.1%, мазь д/наружн. прим, 30 г, 1 шт."", ""raw_mnn"": ""Гидрокортизон"", ""mnn"": ""Гидрокортизон"", ""raw_rx_otc"": ""otc"", ""field_type"": ""explicit_mnn"", ""source_class"": ""product_card"", ""card_fetched"": true, ""fetched_at"": ""2026-08-13T19:28:25+00:00"", ""http_status"": 0, ""parser_version"": ""mnn_source_identity_v1"", ""query"": ""Локоид 0,1%"", ""matched_brand"": null, ""matched_form"": ""мазь"", ""matched_dosage"": ""30г"", ""matched_pack"": ""1"", ""serp_match_score"": 1.0, ""error"": null, ""match_status"": ""rejected"", ""match_score"": 0.2, ""match_reasons"": [""brand_title_match:+0.50"", ""dose_conflict:-0.30""], ""match_axes"": [""brand_title""], ""hard_contradiction"": true, ""matched_product_title"": ""Локоид, 0.1%, мазь д/наружн. прим, 30 г, 1 шт.""}, {""source"": ""apteka"", ""url"": ""https://apteka.ru/product/lokoid-01-maz-dlya-naruzhnogo-primeneniya-30-gr-5e327623f5a9ae000140ecd6/"", ""title"": ""lokoid 01 maz dlya naruzhnogo primeneniya 30 gr"", ""raw_mnn"": ""Гидрокортизон"", ""mnn"": ""Гидрокортизон"", ""raw_rx_otc"": null, ""field_type"": ""explicit_mnn"", ""source_class"": ""product_card"", ""card_fetched"": true, ""fetched_at"": ""2026-08-13T19:28:25+00:00"", ""http_status"": 0, ""parser_version"": ""mnn_source_identity_v1"", ""query"": ""Локоид 0,1%"", ""matched_brand"": null, ""matched_form"": null, ""matched_dosage"": null, ""matched_pack"": null, ""serp_match_score"": 0.7, ""error"": null, ""match_status"": ""rejected"", ""match_score"": -0.6, ""match_reasons"": [""brand_title_conflict:-0.60"", ""dose_card_unknown""], ""match_axes"": [], ""hard_contradiction"": true, ""matched_product_title"": ""lokoid 01 maz dlya naruzhnogo primeneniya 30 gr""}, {""source"": ""asna"", ""url"": ""https://www.asna.ru/cards/lokoid_krelo_01_30g_emulsiya_dnaruzhnogo_primeneniya_temmler_italia_srl.html"", ""title"": ""/cards/lokoid_krelo_01_30g_emulsiya_dnaruzhnogo_primeneniya_temmler_italia_srl.html"", ""raw_mnn"": ""Гидрокортизон"", ""mnn"": ""Гидрокортизон"", ""raw_rx_otc"": ""otc"", ""field_type"": ""explicit_mnn"", ""source_class"": ""product_card"", ""card_fetched"": true, ""fetched_at"": ""2026-08-13T19:28:25+00:00"", ""http_status"": 0, ""parser_version"": ""mnn_source_identity_v1"", ""query"": ""Локоид 0,1%"", ""matched_brand"": null, ""matched_form"": null, ""matched_dosage"": null, ""matched_pack"": null, ""serp_match_score"": 0.4, ""error"": null, ""match_status"": ""rejected"", ""match_score"": -0.6, ""match_reasons"": [""brand_title_conflict:-0.60"", ""dose_card_unknown""], ""match_axes"": [], ""hard_contradiction"": true, ""matched_product_title"": ""/cards/lokoid_krelo_01_30g_emulsiya_dnaruzhnogo_primeneniya_temmler_italia_srl.html""}]",[],"[{""source"": ""uteka"", ""raw_mnn"": ""Гидрокортизон"", ""field_type"": ""explicit_mnn"", ""canonical_components"": [], ""url"": ""https://uteka.ru/product/lokoid-22721/"", ""title"": ""Локоид, 0.1%, мазь д/наружн. прим, 30 г, 1 шт."", ""match_status"": ""rejected"", ""match_score"": 0.2, ""source_class"": ""product_card"", ""parse_warnings"": []}, {""source"": ""apteka"", ""raw_mnn"": ""Гидрокортизон"", ""field_type"": ""explicit_mnn"", ""canonical_components"": [], ""url"": ""https://apteka.ru/product/lokoid-01-maz-dlya-naruzhnogo-primeneniya-30-gr-5e327623f5a9ae000140ecd6/"", ""title"": ""lokoid 01 maz dlya naruzhnogo primeneniya 30 gr"", ""match_status"": ""rejected"", ""match_score"": -0.6, ""source_class"": ""product_card"", ""parse_warnings"": []}, {""source"": ""asna"", ""raw_mnn"": ""Гидрокортизон"", ""field_type"": ""explicit_mnn"", ""canonical_components"": [], ""url"": ""https://www.asna.ru/cards/lokoid_krelo_01_30g_emulsiya_dnaruzhnogo_primeneniya_temmler_italia_srl.html"", ""title"": ""/cards/lokoid_krelo_01_30g_emulsiya_dnaruzhnogo_primeneniya_temmler_italia_srl.html"", ""match_status"": ""rejected"", ""match_score"": -0.6, ""source_class"": ""product_card"", ""parse_warnings"": []}, {""source"": ""vidal"", ""raw_mnn"": ""Гидрокортизона бутират"", ""field_type"": ""explicit_mnn"", ""canonical_components"": [], ""url"": ""https://www.vidal.ru/drugs/locoid_lipocrem__30233"", ""title"": ""Локоид Липокрем"", ""match_status"": ""ambiguous"", ""match_score"": 0.5, ""source_class"": ""product_card"", ""parse_warnings"": []}, {""source"": ""stolichki"", ""raw_mnn"": null, ""field_type"": ""unknown"", ""canonical_components"": [], ""url"": null, ""title"": null, ""match_status"": ""ambiguous"", ""match_score"": 0.0, ""source_class"": ""search_only"", ""parse_warnings"": []}]"
14758,"ЛОЗАРТАН Н ТАБЛ. П/ПЛЕН/ОБ. 12,5МГ+100МГ №30 ОЗОН | ОЗОН ООО | ОЗОН ООО",drug,Лозартан + Гидрохлоротиазид,rx,,none,none,no_known_inn_token,0,2,3,,[],,unresolved_catalog,empty,unknown,unknown,,,false,,unresolved,true,catalog_accept_removed,"[{""source"": ""uteka"", ""url"": ""https://uteka.ru/product/lorista-n-100-260647/"", ""title"": ""Лориста Н 100, 12.5 мг+100 мг, табл. п.п.о, 30 шт."", ""raw_mnn"": ""Гидрохлоротиазид + Лозартан"", ""mnn"": ""Гидрохлоротиазид + Лозартан"", ""raw_rx_otc"": ""rx"", ""field_type"": ""explicit_mnn"", ""source_class"": ""product_card"", ""card_fetched"": true, ""fetched_at"": ""2026-08-13T19:28:27+00:00"", ""http_status"": 0, ""parser_version"": ""mnn_source_identity_v1"", ""query"": ""ЛОЗАРТАН Н 12,5 мг + 100 мг таблетки"", ""matched_brand"": null, ""matched_form"": ""таблетки"", ""matched_dosage"": ""12.5мг"", ""matched_pack"": ""30"", ""serp_match_score"": 0.7, ""error"": null, ""match_status"": ""rejected"", ""match_score"": -0.25, ""match_reasons"": [""brand_title_conflict:-0.60"", ""dose_match:+0.20"", ""form_match:+0.15""], ""match_axes"": [""dose"", ""form""], ""hard_contradiction"": true, ""matched_product_title"": ""Лориста Н 100, 12.5 мг+100 мг, табл. п.п.о, 30 шт.""}, {""source"": ""apteka"", ""url"": ""https://apteka.ru/product/lozartan-n-125-mg--100-mg-90-sht-blister-tabletki-pokrytye-plenochnoj-obolochkoj-67091b43306640d83d26b1fe/"", ""title"": ""lozartan n 125 mg  100 mg 90 sht blister tabletki pokrytye plenochnoj obolochkoj"", ""raw_mnn"": ""Гидрохлоротиазид, Лозартан"", ""mnn"": ""Гидрохлоротиазид, Лозартан"", ""raw_rx_otc"": ""rx"", ""field_type"": ""explicit_mnn"", ""source_class"": ""product_card"", ""card_fetched"": true, ""fetched_at"": ""2026-08-13T19:28:28+00:00"", ""http_status"": 0, ""parser_version"": ""mnn_source_identity_v1"", ""query"": ""ЛОЗАРТАН Н 12,5 мг + 100 мг таблетки"", ""matched_brand"": null, ""matched_form"": null, ""matched_dosage"": null, ""matched_pack"": ""125"", ""serp_match_score"": 0.3214, ""error"": null, ""match_status"": ""rejected"", ""match_score"": -0.4, ""match_reasons"": [""brand_title_conflict:-0.60"", ""dose_match:+0.20""], ""match_axes"": [""dose""], ""hard_contradiction"": true, ""matched_product_title"": ""lozartan n 125 mg  100 mg 90 sht blister tabletki pokrytye plenochnoj obolochkoj""}]",[],"[{""source"": ""uteka"", ""raw_mnn"": ""Гидрохлоротиазид + Лозартан"", ""field_type"": ""explicit_mnn"", ""canonical_components"": [], ""url"": ""https://uteka.ru/product/lorista-n-100-260647/"", ""title"": ""Лориста Н 100, 12.5 мг+100 мг, табл. п.п.о, 30 шт."", ""match_status"": ""rejected"", ""match_score"": -0.25, ""source_class"": ""product_card"", ""parse_warnings"": []}, {""source"": ""apteka"", ""raw_mnn"": ""Гидрохлоротиазид, Лозартан"", ""field_type"": ""explicit_mnn"", ""canonical_components"": [], ""url"": ""https://apteka.ru/product/lozartan-n-125-mg--100-mg-90-sht-blister-tabletki-pokrytye-plenochnoj-obolochkoj-67091b43306640d83d26b1fe/"", ""title"": ""lozartan n 125 mg  100 mg 90 sht blister tabletki pokrytye plenochnoj obolochkoj"", ""match_status"": ""rejected"", ""match_score"": -0.4, ""source_class"": ""product_card"", ""parse_warnings"": []}, {""source"": ""asna"", ""raw_mnn"": null, ""field_type"": ""unknown"", ""canonical_components"": [], ""url"": ""https://www.asna.ru/cards/lozartan_125mg_n30_tab_pokrytye_plenochnoy_obolochkoy_ozon.html"", ""title"": ""/cards/lozartan_125mg_n30_tab_pokrytye_plenochnoy_obolochkoy_ozon.html"", ""match_status"": ""ambiguous"", ""match_score"": 0.0, ""source_class"": ""search_only"", ""parse_warnings"": []}, {""source"": ""vidal"", ""raw_mnn"": null, ""field_type"": ""unknown"", ""canonical_components"": [], ""url"": ""https://www.vidal.ru/drugs/products"", ""title"": ""По алфавиту"", ""match_status"": ""ambiguous"", ""match_score"": 0.0, ""source_class"": ""search_only"", ""parse_warnings"": []}, {""source"": ""stolichki"", ""raw_mnn"": null, ""field_type"": ""unknown"", ""canonical_components"": [], ""url"": null, ""title"": null, ""match_status"": ""ambiguous"", ""match_score"": 0.0, ""source_class"": ""search_only"", ""parse_warnings"": []}]"
14780,ЛОЗАРТАН-ВЕРТЕКС ТАБЛ. П/ПЛЕН/ОБ. 25МГ №30 | ВЕРТЕКС АО | ВЕРТЕКС АО,drug,Лозартан,rx,,none,none,no_known_inn_token,1,2,2,,[],,unresolved_catalog,single_source,unknown,unknown,,,false,,unresolved,true,catalog_accept_removed,"[{""source"": ""apteka"", ""url"": ""https://apteka.ru/product/lozartan-verteks-25-mg-90-sht-tabletki-pokrytye-plenochnoj-obolochkoj-67164136f50cacb0d0185236/"", ""title"": ""lozartan verteks 25 mg 90 sht tabletki pokrytye plenochnoj obolochkoj"", ""raw_mnn"": ""Лозартан"", ""mnn"": ""Лозартан"", ""raw_rx_otc"": ""rx"", ""field_type"": ""explicit_mnn"", ""source_class"": ""product_card"", ""card_fetched"": true, ""fetched_at"": ""2026-08-13T19:28:31+00:00"", ""http_status"": 0, ""parser_version"": ""mnn_source_identity_v1"", ""query"": ""Лозартан-Вертекс 25 мг таблетки"", ""matched_brand"": null, ""matched_form"": null, ""matched_dosage"": null, ""matched_pack"": null, ""serp_match_score"": 0.45, ""error"": null, ""match_status"": ""rejected"", ""match_score"": -0.4, ""match_reasons"": [""brand_title_conflict:-0.60"", ""dose_match:+0.20""], ""match_axes"": [""dose""], ""hard_contradiction"": true, ""matched_product_title"": ""lozartan verteks 25 mg 90 sht tabletki pokrytye plenochnoj obolochkoj""}, {""source"": ""asna"", ""url"": ""https://www.asna.ru/cards/lozartan-verteks_25mg_n90_tab_pokrytye_plenochnoy_obolochkoy_verteks_ao.html"", ""title"": ""/cards/lozartan-verteks_25mg_n90_tab_pokrytye_plenochnoy_obolochkoy_verteks_ao.html"", ""raw_mnn"": ""Лозартан"", ""mnn"": ""Лозартан"", ""raw_rx_otc"": ""rx"", ""field_type"": ""explicit_mnn"", ""source_class"": ""product_card"", ""card_fetched"": true, ""fetched_at"": ""2026-08-13T19:28:31+00:00"", ""http_status"": 0, ""parser_version"": ""mnn_source_identity_v1"", ""query"": ""Лозартан-Вертекс 25 мг таблетки"", ""matched_brand"": null, ""matched_form"": null, ""matched_dosage"": null, ""matched_pack"": null, ""serp_match_score"": 0.5, ""error"": null, ""match_status"": ""rejected"", ""match_score"": -0.25, ""match_reasons"": [""brand_title_conflict:-0.60"", ""dose_match:+0.20"", ""form_match:+0.15""], ""match_axes"": [""dose"", ""form""], ""hard_contradiction"": true, ""matched_product_title"": ""/cards/lozartan-verteks_25mg_n90_tab_pokrytye_plenochnoy_obolochkoy_verteks_ao.html""}]","[{""source"": ""uteka"", ""url"": ""https://uteka.ru/product/lozartan-199942/"", ""title"": ""Лозартан, 25 мг, табл. п.п.о, 30 шт."", ""raw_mnn"": ""Лозартан"", ""mnn"": ""Лозартан"", ""raw_rx_otc"": ""rx"", ""field_type"": ""explicit_mnn"", ""source_class"": ""product_card"", ""card_fetched"": true, ""fetched_at"": ""2026-08-13T19:28:30+00:00"", ""http_status"": 0, ""parser_version"": ""mnn_source_identity_v1"", ""query"": ""Лозартан-Вертекс 25 мг таблетки"", ""matched_brand"": null, ""matched_form"": ""таблетки"", ""matched_dosage"": ""25мг"", ""matched_pack"": ""30"", ""serp_match_score"": 0.7, ""error"": null, ""match_status"": ""accepted"", ""match_score"": 0.85, ""match_reasons"": [""brand_title_match:+0.50"", ""dose_match:+0.20"", ""form_match:+0.15""], ""match_axes"": [""brand_title"", ""dose"", ""form""], ""hard_contradiction"": false, ""matched_product_title"": ""Лозартан, 25 мг, табл. п.п.о, 30 шт.""}]","[{""source"": ""uteka"", ""raw_mnn"": ""Лозартан"", ""field_type"": ""explicit_mnn"", ""canonical_components"": [""Лозартан""], ""url"": ""https://uteka.ru/product/lozartan-199942/"", ""title"": ""Лозартан, 25 мг, табл. п.п.о, 30 шт."", ""match_status"": ""accepted"", ""match_score"": 0.85, ""source_class"": ""product_card"", ""parse_warnings"": []}, {""source"": ""apteka"", ""raw_mnn"": ""Лозартан"", ""field_type"": ""explicit_mnn"", ""canonical_components"": [], ""url"": ""https://apteka.ru/product/lozartan-verteks-25-mg-90-sht-tabletki-pokrytye-plenochnoj-obolochkoj-67164136f50cacb0d0185236/"", ""title"": ""lozartan verteks 25 mg 90 sht tabletki pokrytye plenochnoj obolochkoj"", ""match_status"": ""rejected"", ""match_score"": -0.4, ""source_class"": ""product_card"", ""parse_warnings"": []}, {""source"": ""asna"", ""raw_mnn"": ""Лозартан"", ""field_type"": ""explicit_mnn"", ""canonical_components"": [], ""url"": ""https://www.asna.ru/cards/lozartan-verteks_25mg_n90_tab_pokrytye_plenochnoy_obolochkoy_verteks_ao.html"", ""title"": ""/cards/lozartan-verteks_25mg_n90_tab_pokrytye_plenochnoy_obolochkoy_verteks_ao.html"", ""match_status"": ""rejected"", ""match_score"": -0.25, ""source_class"": ""product_card"", ""parse_warnings"": []}, {""source"": ""vidal"", ""raw_mnn"": ""Лозартан"", ""field_type"": ""explicit_mnn"", ""canonical_components"": [], ""url"": ""https://www.vidal.ru/drugs/losartan__42178"", ""title"": ""Лозартан-ВЕРТЕКС"", ""match_status"": ""ambiguous"", ""match_score"": 0.5, ""source_class"": ""product_card"", ""parse_warnings"": []}, {""source"": ""stolichki"", ""raw_mnn"": null, ""field_type"": ""unknown"", ""canonical_components"": [], ""url"": null, ""title"": null, ""match_status"": ""ambiguous"", ""match_score"": 0.0, ""source_class"": ""search_only"", ""parse_warnings"": []}]"
15062,ЛИЗИНОПРИЛ-ТЕВА ТАБЛ. 10МГ №30 Р-ФАРМ | Р-ФАРМ НОВОСЕЛКИ ООО | Р-ФАРМ НОВОСЕЛКИ ООО,drug,Лизиноприл,rx,Лизиноприл,strong,high,exact_normalized_text_token_start,1,2,2,,[],,resolved_input_explicit,single_source,unknown,unknown,,,false,Лизиноприл,input_explicit_mnn,false,catalog_accept_removed,"[{""source"": ""apteka"", ""url"": ""https://apteka.ru/product/lizinopril-teva-10-mg-30-sht-tabletki-6261222c0f171069a775ee5c/"", ""title"": ""lizinopril teva 10 mg 30 sht tabletki"", ""raw_mnn"": ""Лизиноприл"", ""mnn"": ""Лизиноприл"", ""raw_rx_otc"": ""rx"", ""field_type"": ""explicit_mnn"", ""source_class"": ""product_card"", ""card_fetched"": true, ""fetched_at"": ""2026-08-13T19:28:35+00:00"", ""http_status"": 0, ""parser_version"": ""mnn_source_identity_v1"", ""query"": ""Лизиноприл-Тева 10 мг таблетки"", ""matched_brand"": null, ""matched_form"": null, ""matched_dosage"": null, ""matched_pack"": null, ""serp_match_score"": 0.45, ""error"": null, ""match_status"": ""rejected"", ""match_score"": -0.4, ""match_reasons"": [""brand_title_conflict:-0.60"", ""dose_match:+0.20""], ""match_axes"": [""dose""], ""hard_contradiction"": true, ""matched_product_title"": ""lizinopril teva 10 mg 30 sht tabletki""}, {""source"": ""asna"", ""url"": ""https://www.asna.ru/cards/lizinopril-teva_5mg_n30_tab_teva_pharmaceutical_works_private_co.html"", ""title"": ""/cards/lizinopril-teva_5mg_n30_tab_teva_pharmaceutical_works_private_co.html"", ""raw_mnn"": ""Лизиноприл"", ""mnn"": ""Лизиноприл"", ""raw_rx_otc"": ""rx"", ""field_type"": ""explicit_mnn"", ""source_class"": ""product_card"", ""card_fetched"": true, ""fetched_at"": ""2026-08-13T19:28:35+00:00"", ""http_status"": 0, ""parser_version"": ""mnn_source_identity_v1"", ""query"": ""Лизиноприл-Тева 10 мг таблетки"", ""matched_brand"": null, ""matched_form"": null, ""matched_dosage"": null, ""matched_pack"": null, ""serp_match_score"": 0.4, ""error"": null, ""match_status"": ""rejected"", ""match_score"": -0.75, ""match_reasons"": [""brand_title_conflict:-0.60"", ""dose_conflict:-0.30"", ""form_match:+0.15""], ""match_axes"": [""form""], ""hard_contradiction"": true, ""matched_product_title"": ""/cards/lizinopril-teva_5mg_n30_tab_teva_pharmaceutical_works_private_co.html""}]","[{""source"": ""uteka"", ""url"": ""https://uteka.ru/product/lizinopril-teva-244316/"", ""title"": ""Лизиноприл-Тева, 10 мг, табл, 30 шт."", ""raw_mnn"": ""Лизиноприл"", ""mnn"": ""Лизиноприл"", ""raw_rx_otc"": ""rx"", ""field_type"": ""explicit_mnn"", ""source_class"": ""product_card"", ""card_fetched"": true, ""fetched_at"": ""2026-08-13T19:28:33+00:00"", ""http_status"": 0, ""parser_version"": ""mnn_source_identity_v1"", ""query"": ""Лизиноприл-Тева 10 мг таблетки"", ""matched_brand"": null, ""matched_form"": ""таблетки"", ""matched_dosage"": ""10мг"", ""matched_pack"": ""30"", ""serp_match_score"": 1.0, ""error"": null, ""match_status"": ""accepted"", ""match_score"": 0.85, ""match_reasons"": [""brand_title_match:+0.50"", ""dose_match:+0.20"", ""form_match:+0.15""], ""match_axes"": [""brand_title"", ""dose"", ""form""], ""hard_contradiction"": false, ""matched_product_title"": ""Лизиноприл-Тева, 10 мг, табл, 30 шт.""}]","[{""source"": ""uteka"", ""raw_mnn"": ""Лизиноприл"", ""field_type"": ""explicit_mnn"", ""canonical_components"": [""Лизиноприл""], ""url"": ""https://uteka.ru/product/lizinopril-teva-244316/"", ""title"": ""Лизиноприл-Тева, 10 мг, табл, 30 шт."", ""match_status"": ""accepted"", ""match_score"": 0.85, ""source_class"": ""product_card"", ""parse_warnings"": []}, {""source"": ""apteka"", ""raw_mnn"": ""Лизиноприл"", ""field_type"": ""explicit_mnn"", ""canonical_components"": [], ""url"": ""https://apteka.ru/product/lizinopril-teva-10-mg-30-sht-tabletki-6261222c0f171069a775ee5c/"", ""title"": ""lizinopril teva 10 mg 30 sht tabletki"", ""match_status"": ""rejected"", ""match_score"": -0.4, ""source_class"": ""product_card"", ""parse_warnings"": []}, {""source"": ""asna"", ""raw_mnn"": ""Лизиноприл"", ""field_type"": ""explicit_mnn"", ""canonical_components"": [], ""url"": ""https://www.asna.ru/cards/lizinopril-teva_5mg_n30_tab_teva_pharmaceutical_works_private_co.html"", ""title"": ""/cards/lizinopril-teva_5mg_n30_tab_teva_pharmaceutical_works_private_co.html"", ""match_status"": ""rejected"", ""match_score"": -0.75, ""source_class"": ""product_card"", ""parse_warnings"": []}, {""source"": ""vidal"", ""raw_mnn"": ""Лизиноприл"", ""field_type"": ""explicit_mnn"", ""canonical_components"": [], ""url"": ""https://www.vidal.ru/drugs/lisinopril-teva__31494"", ""title"": ""Лизиноприл-Тева"", ""match_status"": ""ambiguous"", ""match_score"": 0.5, ""source_class"": ""product_card"", ""parse_warnings"": []}, {""source"": ""stolichki"", ""raw_mnn"": null, ""field_type"": ""unknown"", ""canonical_components"": [], ""url"": null, ""title"": null, ""match_status"": ""ambiguous"", ""match_score"": 0.0, ""source_class"": ""search_only"", ""parse_warnings"": []}]"
15070,ЛИЗИНОПРИЛ ТАБЛ. 5МГ №30 БИОХИМИК | БИОХИМИК АО | БИОХИМИК АО,drug,Лизиноприл,rx,Лизиноприл,strong,high,exact_normalized_text_token_start,0,2,3,,[],,resolved_enrichment,empty,unknown,unknown,Лизиноприл,ok,true,Лизиноприл,input_plus_enrichment,false,method_changed,"[{""source"": ""uteka"", ""url"": ""https://uteka.ru/product/amoksicillin-3845/"", ""title"": ""Амоксициллин, 500 мг, табл, 20 шт."", ""raw_mnn"": ""Амоксициллин"", ""mnn"": ""Амоксициллин"", ""raw_rx_otc"": ""rx"", ""field_type"": ""explicit_mnn"", ""source_class"": ""product_card"", ""card_fetched"": true, ""fetched_at"": ""2026-08-13T19:28:39+00:00"", ""http_status"": 0, ""parser_version"": ""mnn_source_identity_v1"", ""query"": ""Биохимик 5 мг таблетки"", ""matched_brand"": null, ""matched_form"": ""таблетки"", ""matched_dosage"": ""500мг"", ""matched_pack"": ""20"", ""serp_match_score"": 0.4333, ""error"": null, ""match_status"": ""rejected"", ""match_score"": 0.0, ""match_reasons"": [""strong_explicit_mnn_mismatch""], ""matched_product_title"": ""Амоксициллин, 500 мг, табл, 20 шт.""}, {""source"": ""apteka"", ""url"": ""https://apteka.ru/product/lizinopril-medisorb-5-mg-60-sht-tabletki-67c0589b0b4e00c07633dab4/"", ""title"": ""lizinopril medisorb 5 mg 60 sht tabletki"", ""raw_mnn"": ""Лизиноприл"", ""mnn"": ""Лизиноприл"", ""raw_rx_otc"": ""rx"", ""field_type"": ""explicit_mnn"", ""source_class"": ""product_card"", ""card_fetched"": true, ""fetched_at"": ""2026-08-13T19:28:42+00:00"", ""http_status"": 0, ""parser_version"": ""mnn_source_identity_v1"", ""query"": ""ЛИЗИНОПРИЛ 5 мг таблетки"", ""matched_brand"": null, ""matched_form"": null, ""matched_dosage"": null, ""matched_pack"": null, ""serp_match_score"": 0.45, ""error"": null, ""match_status"": ""rejected"", ""match_score"": -0.4, ""match_reasons"": [""brand_title_conflict:-0.60"", ""dose_match:+0.20""], ""match_axes"": [""dose""], ""hard_contradiction"": true, ""matched_product_title"": ""lizinopril medisorb 5 mg 60 sht tabletki""}]",[],"[{""source"": ""uteka"", ""raw_mnn"": ""Амоксициллин"", ""field_type"": ""explicit_mnn"", ""canonical_components"": [], ""url"": ""https://uteka.ru/product/amoksicillin-3845/"", ""title"": ""Амоксициллин, 500 мг, табл, 20 шт."", ""match_status"": ""rejected"", ""match_score"": 0.0, ""source_class"": ""product_card"", ""parse_warnings"": []}, {""source"": ""apteka"", ""raw_mnn"": ""Лизиноприл"", ""field_type"": ""explicit_mnn"", ""canonical_components"": [], ""url"": ""https://apteka.ru/product/lizinopril-medisorb-5-mg-60-sht-tabletki-67c0589b0b4e00c07633dab4/"", ""title"": ""lizinopril medisorb 5 mg 60 sht tabletki"", ""match_status"": ""rejected"", ""match_score"": -0.4, ""source_class"": ""product_card"", ""parse_warnings"": []}, {""source"": ""asna"", ""raw_mnn"": null, ""field_type"": ""unknown"", ""canonical_components"": [], ""url"": ""https://www.asna.ru/cards/lizinopril-alsi_10mg_n30_tab_alsi_farma_novyy_dizayn.html"", ""title"": ""/cards/lizinopril-alsi_10mg_n30_tab_alsi_farma_novyy_dizayn.html"", ""match_status"": ""ambiguous"", ""match_score"": 0.0, ""source_class"": ""search_only"", ""parse_warnings"": []}, {""source"": ""vidal"", ""raw_mnn"": null, ""field_type"": ""unknown"", ""canonical_components"": [], ""url"": ""https://www.vidal.ru/drugs/products"", ""title"": ""По алфавиту"", ""match_status"": ""ambiguous"", ""match_score"": 0.0, ""source_class"": ""search_only"", ""parse_warnings"": []}, {""source"": ""stolichki"", ""raw_mnn"": null, ""field_type"": ""unknown"", ""canonical_components"": [], ""url"": null, ""title"": null, ""match_status"": ""ambiguous"", ""match_score"": 0.0, ""source_class"": ""search_only"", ""parse_warnings"": []}]"
15076,ЛИЗИНОПРИЛ ТАБЛ. 20МГ №20 ПРАНАФАРМ | ПРАНАФАРМ ООО | ПРАНАФАРМ ООО,drug,Лизиноприл,rx,Лизиноприл,strong,high,exact_normalized_text_token_start,0,3,2,,[],,resolved_enrichment,empty,unknown,unknown,Лизиноприл,ok,true,Лизиноприл,input_plus_enrichment,false,method_changed,"[{""source"": ""uteka"", ""url"": ""https://uteka.ru/product/enalapril-384380/"", ""title"": ""Эналаприл, 20 мг, табл, 60 шт."", ""raw_mnn"": ""Эналаприл"", ""mnn"": ""Эналаприл"", ""raw_rx_otc"": ""rx"", ""field_type"": ""explicit_mnn"", ""source_class"": ""product_card"", ""card_fetched"": true, ""fetched_at"": ""2026-08-13T19:28:45+00:00"", ""http_status"": 0, ""parser_version"": ""mnn_source_identity_v1"", ""query"": ""Пранафарм 20 мг таблетки"", ""matched_brand"": null, ""matched_form"": ""таблетки"", ""matched_dosage"": ""20мг"", ""matched_pack"": ""60"", ""serp_match_score"": 0.6, ""error"": null, ""match_status"": ""rejected"", ""match_score"": 0.0, ""match_reasons"": [""strong_explicit_mnn_mismatch""], ""matched_product_title"": ""Эналаприл, 20 мг, табл, 60 шт.""}, {""source"": ""apteka"", ""url"": ""https://apteka.ru/product/atenolol-50-mg-n30-tabl-pranafarm-5e326f79f5a9ae000140be23/"", ""title"": ""atenolol 50 mg n30 tabl pranafarm"", ""raw_mnn"": ""Атенолол"", ""mnn"": ""Атенолол"", ""raw_rx_otc"": ""rx"", ""field_type"": ""explicit_mnn"", ""source_class"": ""product_card"", ""card_fetched"": true, ""fetched_at"": ""2026-08-13T19:28:47+00:00"", ""http_status"": 0, ""parser_version"": ""mnn_source_identity_v1"", ""query"": ""Пранафарм 20 мг таблетки"", ""matched_brand"": null, ""matched_form"": null, ""matched_dosage"": null, ""matched_pack"": ""30"", ""serp_match_score"": 0.775, ""error"": null, ""match_status"": ""rejected"", ""match_score"": 0.0, ""match_reasons"": [""strong_explicit_mnn_mismatch""], ""matched_product_title"": ""atenolol 50 mg n30 tabl pranafarm""}, {""source"": ""asna"", ""url"": ""https://www.asna.ru/cards/meloksikam-prana_15mg_n20_tab_pranafarm.html"", ""title"": ""/cards/meloksikam-prana_15mg_n20_tab_pranafarm.html"", ""raw_mnn"": ""Мелоксикам"", ""mnn"": ""Мелоксикам"", ""raw_rx_otc"": ""rx"", ""field_type"": ""explicit_mnn"", ""source_class"": ""product_card"", ""card_fetched"": true, ""fetched_at"": ""2026-08-13T19:28:47+00:00"", ""http_status"": 0, ""parser_version"": ""mnn_source_identity_v1"", ""query"": ""Пранафарм 20 мг таблетки"", ""matched_brand"": null, ""matched_form"": null, ""matched_dosage"": null, ""matched_pack"": null, ""serp_match_score"": 0.5, ""error"": null, ""match_status"": ""rejected"", ""match_score"": 0.0, ""match_reasons"": [""strong_explicit_mnn_mismatch""], ""matched_product_title"": ""/cards/meloksikam-prana_15mg_n20_tab_pranafarm.html""}]",[],"[{""source"": ""uteka"", ""raw_mnn"": ""Эналаприл"", ""field_type"": ""explicit_mnn"", ""canonical_components"": [], ""url"": ""https://uteka.ru/product/enalapril-384380/"", ""title"": ""Эналаприл, 20 мг, табл, 60 шт."", ""match_status"": ""rejected"", ""match_score"": 0.0, ""source_class"": ""product_card"", ""parse_warnings"": []}, {""source"": ""apteka"", ""raw_mnn"": ""Атенолол"", ""field_type"": ""explicit_mnn"", ""canonical_components"": [], ""url"": ""https://apteka.ru/product/atenolol-50-mg-n30-tabl-pranafarm-5e326f79f5a9ae000140be23/"", ""title"": ""atenolol 50 mg n30 tabl pranafarm"", ""match_status"": ""rejected"", ""match_score"": 0.0, ""source_class"": ""product_card"", ""parse_warnings"": []}, {""source"": ""asna"", ""raw_mnn"": ""Мелоксикам"", ""field_type"": ""explicit_mnn"", ""canonical_components"": [], ""url"": ""https://www.asna.ru/cards/meloksikam-prana_15mg_n20_tab_pranafarm.html"", ""title"": ""/cards/meloksikam-prana_15mg_n20_tab_pranafarm.html"", ""match_status"": ""rejected"", ""match_score"": 0.0, ""source_class"": ""product_card"", ""parse_warnings"": []}, {""source"": ""vidal"", ""raw_mnn"": null, ""field_type"": ""unknown"", ""canonical_components"": [], ""url"": ""https://www.vidal.ru/drugs/products"", ""title"": ""По алфавиту"", ""match_status"": ""ambiguous"", ""match_score"": 0.0, ""source_class"": ""search_only"", ""parse_warnings"": []}, {""source"": ""stolichki"", ""raw_mnn"": null, ""field_type"": ""unknown"", ""canonical_components"": [], ""url"": null, ""title"": null, ""match_status"": ""ambiguous"", ""match_score"": 0.0, ""source_class"": ""search_only"", ""parse_warnings"": []}]"
15150,ЛИДОКАИН БУФУС Р-Р Д/ИН. 100МГ/МЛ АМП. 2МЛ №10 ОБНОВЛЕНИЕ | ОБНОВЛЕНИЕ ПФК АО | ОБНОВЛЕНИЕ ПФК АО,drug,Лидокаин,rx,Лидокаин,strong,high,exact_normalized_text_token_start,1,1,3,,[],,resolved_input_explicit,single_source,unknown,unknown,,,false,Лидокаин,input_explicit_mnn,false,catalog_accept_removed,"[{""source"": ""apteka"", ""url"": ""https://apteka.ru/product/tolperizonlidokain-binergiya-100-mgml25-mgml-5-sht-ampuly-rastvor-dlya-vnutrimyshechnogo-vvedeniya-1-ml-648fd771f61c3dd27b8817bb/"", ""title"": ""tolperizonlidokain binergiya 100 mgml25 mgml 5 sht ampuly rastvor dlya vnutrimyshechnogo vvedeniya 1 ml"", ""raw_mnn"": ""Толперизон, Лидокаин"", ""mnn"": ""Толперизон, Лидокаин"", ""raw_rx_otc"": ""rx"", ""field_type"": ""explicit_mnn"", ""source_class"": ""product_card"", ""card_fetched"": true, ""fetched_at"": ""2026-08-13T19:28:51+00:00"", ""http_status"": 0, ""parser_version"": ""mnn_source_identity_v1"", ""query"": ""ЛИДОКАИН БУФУС 100 мг/мл раствор"", ""matched_brand"": null, ""matched_form"": null, ""matched_dosage"": null, ""matched_pack"": null, ""serp_match_score"": 0.2667, ""error"": null, ""match_status"": ""rejected"", ""match_score"": -0.75, ""match_reasons"": [""brand_title_conflict:-0.60"", ""dose_conflict:-0.30"", ""form_match:+0.15""], ""match_axes"": [""form""], ""hard_contradiction"": true, ""matched_product_title"": ""tolperizonlidokain binergiya 100 mgml25 mgml 5 sht ampuly rastvor dlya vnutrimyshechnogo vvedeniya 1 ml""}]","[{""source"": ""uteka"", ""url"": ""https://uteka.ru/product/lidokain-bufus-303207/"", ""title"": ""Лидокаин буфус, 100 мг/мл, р-р д/ин, 2 мл, 10 шт."", ""raw_mnn"": ""Лидокаин"", ""mnn"": ""Лидокаин"", ""raw_rx_otc"": ""rx"", ""field_type"": ""explicit_mnn"", ""source_class"": ""product_card"", ""card_fetched"": true, ""fetched_at"": ""2026-08-13T19:28:50+00:00"", ""http_status"": 0, ""parser_version"": ""mnn_source_identity_v1"", ""query"": ""ЛИДОКАИН БУФУС 100 мг/мл раствор"", ""matched_brand"": null, ""matched_form"": ""раствор"", ""matched_dosage"": ""100мг"", ""matched_pack"": ""10"", ""serp_match_score"": 0.9333, ""error"": null, ""match_status"": ""accepted"", ""match_score"": 0.85, ""match_reasons"": [""brand_title_match:+0.50"", ""dose_match:+0.20"", ""form_match:+0.15""], ""match_axes"": [""brand_title"", ""dose"", ""form""], ""hard_contradiction"": false, ""matched_product_title"": ""Лидокаин буфус, 100 мг/мл, р-р д/ин, 2 мл, 10 шт.""}]","[{""source"": ""uteka"", ""raw_mnn"": ""Лидокаин"", ""field_type"": ""explicit_mnn"", ""canonical_components"": [""Лидокаин""], ""url"": ""https://uteka.ru/product/lidokain-bufus-303207/"", ""title"": ""Лидокаин буфус, 100 мг/мл, р-р д/ин, 2 мл, 10 шт."", ""match_status"": ""accepted"", ""match_score"": 0.85, ""source_class"": ""product_card"", ""parse_warnings"": []}, {""source"": ""apteka"", ""raw_mnn"": ""Толперизон, Лидокаин"", ""field_type"": ""explicit_mnn"", ""canonical_components"": [], ""url"": ""https://apteka.ru/product/tolperizonlidokain-binergiya-100-mgml25-mgml-5-sht-ampuly-rastvor-dlya-vnutrimyshechnogo-vvedeniya-1-ml-648fd771f61c3dd27b8817bb/"", ""title"": ""tolperizonlidokain binergiya 100 mgml25 mgml 5 sht ampuly rastvor dlya vnutrimyshechnogo vvedeniya 1 ml"", ""match_status"": ""rejected"", ""match_score"": -0.75, ""source_class"": ""product_card"", ""parse_warnings"": []}, {""source"": ""asna"", ""raw_mnn"": null, ""field_type"": ""unknown"", ""canonical_components"": [], ""url"": ""https://www.asna.ru/cards/lidokain_bufus_2_2ml_n10_r-r_dinektsiy_obnovlenie_reneval_pfk.html"", ""title"": ""/cards/lidokain_bufus_2_2ml_n10_r-r_dinektsiy_obnovlenie_reneval_pfk.html"", ""match_status"": ""ambiguous"", ""match_score"": 0.0, ""source_class"": ""search_only"", ""parse_warnings"": []}, {""source"": ""vidal"", ""raw_mnn"": null, ""field_type"": ""unknown"", ""canonical_components"": [], ""url"": ""https://www.vidal.ru/drugs/products"", ""title"": ""По алфавиту"", ""match_status"": ""ambiguous"", ""match_score"": 0.0, ""source_class"": ""search_only"", ""parse_warnings"": []}, {""source"": ""stolichki"", ""raw_mnn"": null, ""field_type"": ""unknown"", ""canonical_components"": [], ""url"": null, ""title"": null, ""match_status"": ""ambiguous"", ""match_score"": 0.0, ""source_class"": ""search_only"", ""parse_warnings"": []}]"
16485,КРУШИНЫ КОРА Ф/П 2Г №20 ФИТО-БОТ | ФИТО-БОТ ФИРМА ООО | ФИТО-БОТ ФИРМА ООО,drug,,otc,,none,none,no_known_inn_token,0,2,3,,[],,resolved_enrichment,empty,unknown,unknown,Крушины ольховидной кора,ok,true,Крушины ольховидной кора,enrichment,false,sources_rejected_same_final,"[{""source"": ""apteka"", ""url"": ""https://apteka.ru/product/fito-altaj-shalfej-20-sht-filtr-pakety-massoj-15-g-5e326c86f5a9ae000140a5e7/"", ""title"": ""fito altaj shalfej 20 sht filtr pakety massoj 15 g"", ""raw_mnn"": ""Шалфей"", ""mnn"": ""Шалфей"", ""raw_rx_otc"": null, ""field_type"": ""explicit_mnn"", ""source_class"": ""product_card"", ""card_fetched"": true, ""fetched_at"": ""2026-08-13T19:28:56+00:00"", ""http_status"": 0, ""parser_version"": ""mnn_source_identity_v1"", ""query"": ""ФИТО-БОТ 2 г фильтр-пакеты"", ""matched_brand"": null, ""matched_form"": null, ""matched_dosage"": null, ""matched_pack"": null, ""serp_match_score"": 0.3, ""error"": null, ""match_status"": ""rejected"", ""match_score"": -0.6, ""match_reasons"": [""brand_title_conflict:-0.60"", ""dose_card_unknown""], ""match_axes"": [], ""hard_contradiction"": true, ""matched_product_title"": ""fito altaj shalfej 20 sht filtr pakety massoj 15 g""}, {""source"": ""asna"", ""url"": ""https://www.asna.ru/cards/polyni_gorkoy_trava_izmelchennaya_50g_fito-bot.html"", ""title"": ""/cards/polyni_gorkoy_trava_izmelchennaya_50g_fito-bot.html"", ""raw_mnn"": ""Полыни горькой трава"", ""mnn"": ""Полыни горькой трава"", ""raw_rx_otc"": ""otc"", ""field_type"": ""explicit_mnn"", ""source_class"": ""product_card"", ""card_fetched"": true, ""fetched_at"": ""2026-08-13T19:28:55+00:00"", ""http_status"": 0, ""parser_version"": ""mnn_source_identity_v1"", ""query"": ""ФИТО-БОТ 2 г"", ""matched_brand"": null, ""matched_form"": null, ""matched_dosage"": null, ""matched_pack"": null, ""serp_match_score"": 0.4, ""error"": null, ""match_status"": ""rejected"", ""match_score"": -0.6, ""match_reasons"": [""brand_title_conflict:-0.60"", ""dose_card_unknown""], ""match_axes"": [], ""hard_contradiction"": true, ""matched_product_title"": ""/cards/polyni_gorkoy_trava_izmelchennaya_50g_fito-bot.html""}]",[],"[{""source"": ""apteka"", ""raw_mnn"": ""Шалфей"", ""field_type"": ""explicit_mnn"", ""canonical_components"": [], ""url"": ""https://apteka.ru/product/fito-altaj-shalfej-20-sht-filtr-pakety-massoj-15-g-5e326c86f5a9ae000140a5e7/"", ""title"": ""fito altaj shalfej 20 sht filtr pakety massoj 15 g"", ""match_status"": ""rejected"", ""match_score"": -0.6, ""source_class"": ""product_card"", ""parse_warnings"": []}, {""source"": ""asna"", ""raw_mnn"": ""Полыни горькой трава"", ""field_type"": ""explicit_mnn"", ""canonical_components"": [], ""url"": ""https://www.asna.ru/cards/polyni_gorkoy_trava_izmelchennaya_50g_fito-bot.html"", ""title"": ""/cards/polyni_gorkoy_trava_izmelchennaya_50g_fito-bot.html"", ""match_status"": ""rejected"", ""match_score"": -0.6, ""source_class"": ""product_card"", ""parse_warnings"": []}, {""source"": ""uteka"", ""raw_mnn"": null, ""field_type"": ""unknown"", ""canonical_components"": [], ""url"": null, ""title"": null, ""match_status"": ""ambiguous"", ""match_score"": 0.0, ""source_class"": ""search_only"", ""parse_warnings"": []}, {""source"": ""vidal"", ""raw_mnn"": null, ""field_type"": ""unknown"", ""canonical_components"": [], ""url"": ""https://www.vidal.ru/drugs/products"", ""title"": ""По алфавиту"", ""match_status"": ""ambiguous"", ""match_score"": 0.0, ""source_class"": ""search_only"", ""parse_warnings"": []}, {""source"": ""stolichki"", ""raw_mnn"": null, ""field_type"": ""unknown"", ""canonical_components"": [], ""url"": null, ""title"": null, ""match_status"": ""ambiguous"", ""match_score"": 0.0, ""source_class"": ""search_only"", ""parse_warnings"": []}]"
16623,КОФЕИН-БЕНЗОАТ НАТРИЯ ТАБЛ. 100МГ №10 ТАТХИМФАРМПРЕПАРАТЫ | ТАТХИМФАРМПРЕПАРАТЫ АО | ТАТХИМФАРМПРЕПАРАТЫ АО,drug,Кофеин,rx,,none,none,no_known_inn_token,1,2,2,,[],,unresolved_catalog,single_source,unknown,unknown,,,false,,unresolved,true,catalog_accept_removed,"[{""source"": ""apteka"", ""url"": ""https://apteka.ru/product/kofein-benzoat-natriya-100-mg-10-sht-tabletki-60755c27fc3e58107d0b2cfa/"", ""title"": ""kofein benzoat natriya 100 mg 10 sht tabletki"", ""raw_mnn"": ""Кофеин"", ""mnn"": ""Кофеин"", ""raw_rx_otc"": ""rx"", ""field_type"": ""explicit_mnn"", ""source_class"": ""product_card"", ""card_fetched"": true, ""fetched_at"": ""2026-08-13T19:29:01+00:00"", ""http_status"": 0, ""parser_version"": ""mnn_source_identity_v1"", ""query"": ""Кофеин-бензоат натрия 100 мг таблетки"", ""matched_brand"": null, ""matched_form"": null, ""matched_dosage"": null, ""matched_pack"": null, ""serp_match_score"": 0.45, ""error"": null, ""match_status"": ""rejected"", ""match_score"": -0.4, ""match_reasons"": [""brand_title_conflict:-0.60"", ""dose_match:+0.20""], ""match_axes"": [""dose""], ""hard_contradiction"": true, ""matched_product_title"": ""kofein benzoat natriya 100 mg 10 sht tabletki""}, {""source"": ""asna"", ""url"": ""https://www.asna.ru/cards/kofein_benzoat_natriya_100mg_n10_tab_tatkhimfarm.html"", ""title"": ""/cards/kofein_benzoat_natriya_100mg_n10_tab_tatkhimfarm.html"", ""raw_mnn"": ""Кофеин"", ""mnn"": ""Кофеин"", ""raw_rx_otc"": ""rx"", ""field_type"": ""explicit_mnn"", ""source_class"": ""product_card"", ""card_fetched"": true, ""fetched_at"": ""2026-08-13T19:29:01+00:00"", ""http_status"": 0, ""parser_version"": ""mnn_source_identity_v1"", ""query"": ""Кофеин-бензоат натрия 100 мг таблетки"", ""matched_brand"": null, ""matched_form"": null, ""matched_dosage"": null, ""matched_pack"": null, ""serp_match_score"": 0.5, ""error"": null, ""match_status"": ""rejected"", ""match_score"": -0.25, ""match_reasons"": [""brand_title_conflict:-0.60"", ""dose_match:+0.20"", ""form_match:+0.15""], ""match_axes"": [""dose"", ""form""], ""hard_contradiction"": true, ""matched_product_title"": ""/cards/kofein_benzoat_natriya_100mg_n10_tab_tatkhimfarm.html""}]","[{""source"": ""uteka"", ""url"": ""https://uteka.ru/product/kofeina-benzoat-natriya-55364/"", ""title"": ""Кофеина-бензоат натрия, 100 мг, табл, 10 шт."", ""raw_mnn"": ""Кофеин"", ""mnn"": ""Кофеин"", ""raw_rx_otc"": ""rx"", ""field_type"": ""explicit_mnn"", ""source_class"": ""product_card"", ""card_fetched"": true, ""fetched_at"": ""2026-08-13T19:29:00+00:00"", ""http_status"": 0, ""parser_version"": ""mnn_source_identity_v1"", ""query"": ""Кофеин-бензоат натрия 100 мг таблетки"", ""matched_brand"": null, ""matched_form"": ""таблетки"", ""matched_dosage"": ""100мг"", ""matched_pack"": ""10"", ""serp_match_score"": 0.7667, ""error"": null, ""match_status"": ""accepted"", ""match_score"": 0.85, ""match_reasons"": [""brand_title_match:+0.50"", ""dose_match:+0.20"", ""form_match:+0.15""], ""match_axes"": [""brand_title"", ""dose"", ""form""], ""hard_contradiction"": false, ""matched_product_title"": ""Кофеина-бензоат натрия, 100 мг, табл, 10 шт.""}]","[{""source"": ""uteka"", ""raw_mnn"": ""Кофеин"", ""field_type"": ""explicit_mnn"", ""canonical_components"": [""Кофеин""], ""url"": ""https://uteka.ru/product/kofeina-benzoat-natriya-55364/"", ""title"": ""Кофеина-бензоат натрия, 100 мг, табл, 10 шт."", ""match_status"": ""accepted"", ""match_score"": 0.85, ""source_class"": ""product_card"", ""parse_warnings"": []}, {""source"": ""apteka"", ""raw_mnn"": ""Кофеин"", ""field_type"": ""explicit_mnn"", ""canonical_components"": [], ""url"": ""https://apteka.ru/product/kofein-benzoat-natriya-100-mg-10-sht-tabletki-60755c27fc3e58107d0b2cfa/"", ""title"": ""kofein benzoat natriya 100 mg 10 sht tabletki"", ""match_status"": ""rejected"", ""match_score"": -0.4, ""source_class"": ""product_card"", ""parse_warnings"": []}, {""source"": ""asna"", ""raw_mnn"": ""Кофеин"", ""field_type"": ""explicit_mnn"", ""canonical_components"": [], ""url"": ""https://www.asna.ru/cards/kofein_benzoat_natriya_100mg_n10_tab_tatkhimfarm.html"", ""title"": ""/cards/kofein_benzoat_natriya_100mg_n10_tab_tatkhimfarm.html"", ""match_status"": ""rejected"", ""match_score"": -0.25, ""source_class"": ""product_card"", ""parse_warnings"": []}, {""source"": ""vidal"", ""raw_mnn"": ""Кофеин"", ""field_type"": ""explicit_mnn"", ""canonical_components"": [], ""url"": ""https://www.vidal.ru/drugs/coffein-benzoate_sodium__37368"", ""title"": ""Кофеин-бензоат натрия"", ""match_status"": ""ambiguous"", ""match_score"": 0.5, ""source_class"": ""product_card"", ""parse_warnings"": []}, {""source"": ""stolichki"", ""raw_mnn"": null, ""field_type"": ""unknown"", ""canonical_components"": [], ""url"": null, ""title"": null, ""match_status"": ""ambiguous"", ""match_score"": 0.0, ""source_class"": ""search_only"", ""parse_warnings"": []}]"
17516,КЛАРИТРОМИЦИН-OBL ТАБЛ. П/ПЛЕН/ОБ. 500МГ №7 АЛИУМ | АЛИУМ АО | АЛИУМ АО,drug,Кларитромицин,rx,,none,none,no_known_inn_token,1,0,4,,[],,resolved_enrichment,single_source,unknown,unknown,Кларитромицин,ok,true,Кларитромицин,enrichment,false,unchanged,[],"[{""source"": ""uteka"", ""url"": ""https://uteka.ru/product/klaritromicin-obl-242677/"", ""title"": ""Кларитромицин-OBL, 500 мг, табл. п.п.о, 14 шт."", ""raw_mnn"": ""Кларитромицин"", ""mnn"": ""Кларитромицин"", ""raw_rx_otc"": ""rx"", ""field_type"": ""explicit_mnn"", ""source_class"": ""product_card"", ""card_fetched"": true, ""fetched_at"": ""2026-08-13T19:29:05+00:00"", ""http_status"": 0, ""parser_version"": ""mnn_source_identity_v1"", ""query"": ""КЛАРИТРОМИЦИН-OBL 500 мг таблетки"", ""matched_brand"": null, ""matched_form"": ""таблетки"", ""matched_dosage"": ""500мг"", ""matched_pack"": ""14"", ""serp_match_score"": 0.9, ""error"": null, ""match_status"": ""accepted"", ""match_score"": 0.85, ""match_reasons"": [""brand_title_match:+0.50"", ""dose_match:+0.20"", ""form_match:+0.15""], ""match_axes"": [""brand_title"", ""dose"", ""form""], ""hard_contradiction"": false, ""matched_product_title"": ""Кларитромицин-OBL, 500 мг, табл. п.п.о, 14 шт.""}]","[{""source"": ""uteka"", ""raw_mnn"": ""Кларитромицин"", ""field_type"": ""explicit_mnn"", ""canonical_components"": [""Кларитромицин""], ""url"": ""https://uteka.ru/product/klaritromicin-obl-242677/"", ""title"": ""Кларитромицин-OBL, 500 мг, табл. п.п.о, 14 шт."", ""match_status"": ""accepted"", ""match_score"": 0.85, ""source_class"": ""product_card"", ""parse_warnings"": []}, {""source"": ""apteka"", ""raw_mnn"": null, ""field_type"": ""unknown"", ""canonical_components"": [], ""url"": null, ""title"": null, ""match_status"": ""ambiguous"", ""match_score"": 0.0, ""source_class"": ""search_only"", ""parse_warnings"": []}, {""source"": ""asna"", ""raw_mnn"": null, ""field_type"": ""unknown"", ""canonical_components"": [], ""url"": ""https://www.asna.ru/cards/klaritromitsin-obl_500mg_n14_tab_pokrytye_plenochnoy_obolochkoy_obolenskoe_fpo.html"", ""title"": ""/cards/klaritromitsin-obl_500mg_n14_tab_pokrytye_plenochnoy_obolochkoy_obolenskoe_fpo.html"", ""match_status"": ""ambiguous"", ""match_score"": 0.0, ""source_class"": ""search_only"", ""parse_warnings"": []}, {""source"": ""vidal"", ""raw_mnn"": null, ""field_type"": ""unknown"", ""canonical_components"": [], ""url"": ""https://www.vidal.ru/drugs/products"", ""title"": ""По алфавиту"", ""match_status"": ""ambiguous"", ""match_score"": 0.0, ""source_class"": ""search_only"", ""parse_warnings"": []}, {""source"": ""stolichki"", ""raw_mnn"": null, ""field_type"": ""unknown"", ""canonical_components"": [], ""url"": null, ""title"": null, ""match_status"": ""ambiguous"", ""match_score"": 0.0, ""source_class"": ""search_only"", ""parse_warnings"": []}]"
17666,КЕТОПРОФЕН-АКОС ГЕЛЬ Д/НАРУЖ. ПРИМ. 5% ТУБА 30Г | СИНТЕЗ | СИНТЕЗ,drug,Кетопрофен,rx,,none,none,no_known_inn_token,0,2,3,,[],,unresolved_catalog,empty,unknown,unknown,,,false,,unresolved,true,catalog_accept_removed,"[{""source"": ""uteka"", ""url"": ""https://uteka.ru/product/ketoprofen-akos-366116/"", ""title"": ""Кетопрофен-АКОС, 5%, гель д/наружн. прим, 100 г, 1 шт."", ""raw_mnn"": ""Кетопрофен"", ""mnn"": ""Кетопрофен"", ""raw_rx_otc"": ""otc"", ""field_type"": ""explicit_mnn"", ""source_class"": ""product_card"", ""card_fetched"": true, ""fetched_at"": ""2026-08-13T19:29:08+00:00"", ""http_status"": 0, ""parser_version"": ""mnn_source_identity_v1"", ""query"": ""Кетопрофен-АКОС 5% гель"", ""matched_brand"": null, ""matched_form"": ""гель"", ""matched_dosage"": ""100г"", ""matched_pack"": ""1"", ""serp_match_score"": 1.0, ""error"": null, ""match_status"": ""rejected"", ""match_score"": 0.35, ""match_reasons"": [""brand_title_match:+0.50"", ""dose_conflict:-0.30"", ""form_match:+0.15""], ""match_axes"": [""brand_title"", ""form""], ""hard_contradiction"": true, ""matched_product_title"": ""Кетопрофен-АКОС, 5%, гель д/наружн. прим, 100 г, 1 шт.""}, {""source"": ""apteka"", ""url"": ""https://apteka.ru/product/ketoprofen-akos-5-gel-dlya-naruzhnogo-primeneniya-50-gr-5ef45df8eda5cb000198e0bd/"", ""title"": ""ketoprofen akos 5 gel dlya naruzhnogo primeneniya 50 gr"", ""raw_mnn"": ""Кетопрофен"", ""mnn"": ""Кетопрофен"", ""raw_rx_otc"": null, ""field_type"": ""explicit_mnn"", ""source_class"": ""product_card"", ""card_fetched"": true, ""fetched_at"": ""2026-08-13T19:29:11+00:00"", ""http_status"": 0, ""parser_version"": ""mnn_source_identity_v1"", ""query"": ""Кетопрофен-АКОС 5% гель"", ""matched_brand"": null, ""matched_form"": null, ""matched_dosage"": null, ""matched_pack"": null, ""serp_match_score"": 0.45, ""error"": null, ""match_status"": ""rejected"", ""match_score"": -0.45, ""match_reasons"": [""brand_title_conflict:-0.60"", ""dose_card_unknown"", ""form_match:+0.15""], ""match_axes"": [""form""], ""hard_contradiction"": true, ""matched_product_title"": ""ketoprofen akos 5 gel dlya naruzhnogo primeneniya 50 gr""}]",[],"[{""source"": ""uteka"", ""raw_mnn"": ""Кетопрофен"", ""field_type"": ""explicit_mnn"", ""canonical_components"": [], ""url"": ""https://uteka.ru/product/ketoprofen-akos-366116/"", ""title"": ""Кетопрофен-АКОС, 5%, гель д/наружн. прим, 100 г, 1 шт."", ""match_status"": ""rejected"", ""match_score"": 0.35, ""source_class"": ""product_card"", ""parse_warnings"": []}, {""source"": ""apteka"", ""raw_mnn"": ""Кетопрофен"", ""field_type"": ""explicit_mnn"", ""canonical_components"": [], ""url"": ""https://apteka.ru/product/ketoprofen-akos-5-gel-dlya-naruzhnogo-primeneniya-50-gr-5ef45df8eda5cb000198e0bd/"", ""title"": ""ketoprofen akos 5 gel dlya naruzhnogo primeneniya 50 gr"", ""match_status"": ""rejected"", ""match_score"": -0.45, ""source_class"": ""product_card"", ""parse_warnings"": []}, {""source"": ""asna"", ""raw_mnn"": null, ""field_type"": ""unknown"", ""canonical_components"": [], ""url"": ""https://www.asna.ru/cards/fikseyd_eko_kotton_nabor_plastyrey_meditsinskikh_bakteritsidnykh_s_soderzhaniem_serebra_72mmkh19mm_n20_nordeplast_lsez.html"", ""title"": ""/cards/fikseyd_eko_kotton_nabor_plastyrey_meditsinskikh_bakteritsidnykh_s_soderzhaniem_serebra_72mmkh19mm_n20_nordeplast_lsez.html"", ""match_status"": ""ambiguous"", ""match_score"": 0.0, ""source_class"": ""search_only"", ""parse_warnings"": []}, {""source"": ""vidal"", ""raw_mnn"": ""Кетопрофен"", ""field_type"": ""explicit_mnn"", ""canonical_components"": [], ""url"": ""https://www.vidal.ru/drugs/ketoprofen-acos"", ""title"": ""Кетопрофен-АКОС"", ""match_status"": ""ambiguous"", ""match_score"": 0.5, ""source_class"": ""product_card"", ""parse_warnings"": []}, {""source"": ""stolichki"", ""raw_mnn"": null, ""field_type"": ""unknown"", ""canonical_components"": [], ""url"": null, ""title"": null, ""match_status"": ""ambiguous"", ""match_score"": 0.0, ""source_class"": ""search_only"", ""parse_warnings"": []}]"
17884,КАРДИОЛИП ТАБЛ. П/ПЛЕН/ОБ. 10МГ №90 | АЛСИ ФАРМА ЗАО | АЛСИ ФАРМА ЗАО,drug,,,,none,none,no_known_inn_token,1,2,2,,[],,unresolved_catalog,single_source,unknown,unknown,,,false,,unresolved,true,catalog_accept_removed,"[{""source"": ""apteka"", ""url"": ""https://apteka.ru/product/kardiolip-10-mg-30-sht-tabletki-pokrytye-plenochnoj-obolochkoj-5e3278dfca7bdc0001934e1c/"", ""title"": ""kardiolip 10 mg 30 sht tabletki pokrytye plenochnoj obolochkoj"", ""raw_mnn"": ""Розувастатин"", ""mnn"": ""Розувастатин"", ""raw_rx_otc"": ""rx"", ""field_type"": ""explicit_mnn"", ""source_class"": ""product_card"", ""card_fetched"": true, ""fetched_at"": ""2026-08-13T19:29:15+00:00"", ""http_status"": 0, ""parser_version"": ""mnn_source_identity_v1"", ""query"": ""Кардиолип 10 мг таблетки"", ""matched_brand"": null, ""matched_form"": null, ""matched_dosage"": null, ""matched_pack"": null, ""serp_match_score"": 1.0, ""error"": null, ""match_status"": ""rejected"", ""match_score"": -0.4, ""match_reasons"": [""brand_title_conflict:-0.60"", ""dose_match:+0.20""], ""match_axes"": [""dose""], ""hard_contradiction"": true, ""matched_product_title"": ""kardiolip 10 mg 30 sht tabletki pokrytye plenochnoj obolochkoj""}, {""source"": ""asna"", ""url"": ""https://www.asna.ru/cards/kardiolip_10mg_n60_tab_pokrytye_plenochnoy_obolochkoy_alsi_farma.html"", ""title"": ""/cards/kardiolip_10mg_n60_tab_pokrytye_plenochnoy_obolochkoy_alsi_farma.html"", ""raw_mnn"": ""Розувастатин"", ""mnn"": ""Розувастатин"", ""raw_rx_otc"": ""rx"", ""field_type"": ""explicit_mnn"", ""source_class"": ""product_card"", ""card_fetched"": true, ""fetched_at"": ""2026-08-13T19:29:14+00:00"", ""http_status"": 0, ""parser_version"": ""mnn_source_identity_v1"", ""query"": ""Кардиолип 10 мг таблетки"", ""matched_brand"": null, ""matched_form"": null, ""matched_dosage"": null, ""matched_pack"": null, ""serp_match_score"": 0.5, ""error"": null, ""match_status"": ""rejected"", ""match_score"": -0.25, ""match_reasons"": [""brand_title_conflict:-0.60"", ""dose_match:+0.20"", ""form_match:+0.15""], ""match_axes"": [""dose"", ""form""], ""hard_contradiction"": true, ""matched_product_title"": ""/cards/kardiolip_10mg_n60_tab_pokrytye_plenochnoy_obolochkoy_alsi_farma.html""}]","[{""source"": ""uteka"", ""url"": ""https://uteka.ru/product/kardiolip-359446/"", ""title"": ""Кардиолип, 10 мг, табл. п.п.о, 30 шт."", ""raw_mnn"": ""Розувастатин"", ""mnn"": ""Розувастатин"", ""raw_rx_otc"": ""rx"", ""field_type"": ""explicit_mnn"", ""source_class"": ""product_card"", ""card_fetched"": true, ""fetched_at"": ""2026-08-13T19:29:13+00:00"", ""http_status"": 0, ""parser_version"": ""mnn_source_identity_v1"", ""query"": ""Кардиолип 10 мг таблетки"", ""matched_brand"": null, ""matched_form"": ""таблетки"", ""matched_dosage"": ""10мг"", ""matched_pack"": ""30"", ""serp_match_score"": 1.0, ""error"": null, ""match_status"": ""accepted"", ""match_score"": 0.85, ""match_reasons"": [""brand_title_match:+0.50"", ""dose_match:+0.20"", ""form_match:+0.15""], ""match_axes"": [""brand_title"", ""dose"", ""form""], ""hard_contradiction"": false, ""matched_product_title"": ""Кардиолип, 10 мг, табл. п.п.о, 30 шт.""}]","[{""source"": ""uteka"", ""raw_mnn"": ""Розувастатин"", ""field_type"": ""explicit_mnn"", ""canonical_components"": [""Розувастатин""], ""url"": ""https://uteka.ru/product/kardiolip-359446/"", ""title"": ""Кардиолип, 10 мг, табл. п.п.о, 30 шт."", ""match_status"": ""accepted"", ""match_score"": 0.85, ""source_class"": ""product_card"", ""parse_warnings"": []}, {""source"": ""apteka"", ""raw_mnn"": ""Розувастатин"", ""field_type"": ""explicit_mnn"", ""canonical_components"": [], ""url"": ""https://apteka.ru/product/kardiolip-10-mg-30-sht-tabletki-pokrytye-plenochnoj-obolochkoj-5e3278dfca7bdc0001934e1c/"", ""title"": ""kardiolip 10 mg 30 sht tabletki pokrytye plenochnoj obolochkoj"", ""match_status"": ""rejected"", ""match_score"": -0.4, ""source_class"": ""product_card"", ""parse_warnings"": []}, {""source"": ""asna"", ""raw_mnn"": ""Розувастатин"", ""field_type"": ""explicit_mnn"", ""canonical_components"": [], ""url"": ""https://www.asna.ru/cards/kardiolip_10mg_n60_tab_pokrytye_plenochnoy_obolochkoy_alsi_farma.html"", ""title"": ""/cards/kardiolip_10mg_n60_tab_pokrytye_plenochnoy_obolochkoy_alsi_farma.html"", ""match_status"": ""rejected"", ""match_score"": -0.25, ""source_class"": ""product_card"", ""parse_warnings"": []}, {""source"": ""vidal"", ""raw_mnn"": ""Розувастатин"", ""field_type"": ""explicit_mnn"", ""canonical_components"": [], ""url"": ""https://www.vidal.ru/drugs/cardiolip"", ""title"": ""Кардиолип"", ""match_status"": ""ambiguous"", ""match_score"": 0.5, ""source_class"": ""product_card"", ""parse_warnings"": []}, {""source"": ""stolichki"", ""raw_mnn"": null, ""field_type"": ""unknown"", ""canonical_components"": [], ""url"": null, ""title"": null, ""match_status"": ""ambiguous"", ""match_score"": 0.0, ""source_class"": ""search_only"", ""parse_warnings"": []}]"
17886,КАРДИОЛИП ТАБЛ. П/ПЛЕН/ОБ. 10МГ №30 | АЛСИ ФАРМА ЗАО | АЛСИ ФАРМА ЗАО,drug,,,,none,none,no_known_inn_token,1,2,2,,[],,unresolved_catalog,single_source,unknown,unknown,,,false,,unresolved,true,catalog_accept_removed,"[{""source"": ""apteka"", ""url"": ""https://apteka.ru/product/kardiolip-10-mg-30-sht-tabletki-pokrytye-plenochnoj-obolochkoj-5e3278dfca7bdc0001934e1c/"", ""title"": ""kardiolip 10 mg 30 sht tabletki pokrytye plenochnoj obolochkoj"", ""raw_mnn"": ""Розувастатин"", ""mnn"": ""Розувастатин"", ""raw_rx_otc"": ""rx"", ""field_type"": ""explicit_mnn"", ""source_class"": ""product_card"", ""card_fetched"": true, ""fetched_at"": ""2026-08-13T19:29:16+00:00"", ""http_status"": 0, ""parser_version"": ""mnn_source_identity_v1"", ""query"": ""Кардиолип 10 мг таблетки"", ""matched_brand"": null, ""matched_form"": null, ""matched_dosage"": null, ""matched_pack"": null, ""serp_match_score"": 1.0, ""error"": null, ""match_status"": ""rejected"", ""match_score"": -0.4, ""match_reasons"": [""brand_title_conflict:-0.60"", ""dose_match:+0.20""], ""match_axes"": [""dose""], ""hard_contradiction"": true, ""matched_product_title"": ""kardiolip 10 mg 30 sht tabletki pokrytye plenochnoj obolochkoj""}, {""source"": ""asna"", ""url"": ""https://www.asna.ru/cards/kardiolip_10mg_n60_tab_pokrytye_plenochnoy_obolochkoy_alsi_farma.html"", ""title"": ""/cards/kardiolip_10mg_n60_tab_pokrytye_plenochnoy_obolochkoy_alsi_farma.html"", ""raw_mnn"": ""Розувастатин"", ""mnn"": ""Розувастатин"", ""raw_rx_otc"": ""rx"", ""field_type"": ""explicit_mnn"", ""source_class"": ""product_card"", ""card_fetched"": true, ""fetched_at"": ""2026-08-13T19:29:16+00:00"", ""http_status"": 0, ""parser_version"": ""mnn_source_identity_v1"", ""query"": ""Кардиолип 10 мг таблетки"", ""matched_brand"": null, ""matched_form"": null, ""matched_dosage"": null, ""matched_pack"": null, ""serp_match_score"": 0.5, ""error"": null, ""match_status"": ""rejected"", ""match_score"": -0.25, ""match_reasons"": [""brand_title_conflict:-0.60"", ""dose_match:+0.20"", ""form_match:+0.15""], ""match_axes"": [""dose"", ""form""], ""hard_contradiction"": true, ""matched_product_title"": ""/cards/kardiolip_10mg_n60_tab_pokrytye_plenochnoy_obolochkoy_alsi_farma.html""}]","[{""source"": ""uteka"", ""url"": ""https://uteka.ru/product/kardiolip-359446/"", ""title"": ""Кардиолип, 10 мг, табл. п.п.о, 30 шт."", ""raw_mnn"": ""Розувастатин"", ""mnn"": ""Розувастатин"", ""raw_rx_otc"": ""rx"", ""field_type"": ""explicit_mnn"", ""source_class"": ""product_card"", ""card_fetched"": true, ""fetched_at"": ""2026-08-13T19:29:16+00:00"", ""http_status"": 0, ""parser_version"": ""mnn_source_identity_v1"", ""query"": ""Кардиолип 10 мг таблетки"", ""matched_brand"": null, ""matched_form"": ""таблетки"", ""matched_dosage"": ""10мг"", ""matched_pack"": ""30"", ""serp_match_score"": 1.0, ""error"": null, ""match_status"": ""accepted"", ""match_score"": 0.85, ""match_reasons"": [""brand_title_match:+0.50"", ""dose_match:+0.20"", ""form_match:+0.15""], ""match_axes"": [""brand_title"", ""dose"", ""form""], ""hard_contradiction"": false, ""matched_product_title"": ""Кардиолип, 10 мг, табл. п.п.о, 30 шт.""}]","[{""source"": ""uteka"", ""raw_mnn"": ""Розувастатин"", ""field_type"": ""explicit_mnn"", ""canonical_components"": [""Розувастатин""], ""url"": ""https://uteka.ru/product/kardiolip-359446/"", ""title"": ""Кардиолип, 10 мг, табл. п.п.о, 30 шт."", ""match_status"": ""accepted"", ""match_score"": 0.85, ""source_class"": ""product_card"", ""parse_warnings"": []}, {""source"": ""apteka"", ""raw_mnn"": ""Розувастатин"", ""field_type"": ""explicit_mnn"", ""canonical_components"": [], ""url"": ""https://apteka.ru/product/kardiolip-10-mg-30-sht-tabletki-pokrytye-plenochnoj-obolochkoj-5e3278dfca7bdc0001934e1c/"", ""title"": ""kardiolip 10 mg 30 sht tabletki pokrytye plenochnoj obolochkoj"", ""match_status"": ""rejected"", ""match_score"": -0.4, ""source_class"": ""product_card"", ""parse_warnings"": []}, {""source"": ""asna"", ""raw_mnn"": ""Розувастатин"", ""field_type"": ""explicit_mnn"", ""canonical_components"": [], ""url"": ""https://www.asna.ru/cards/kardiolip_10mg_n60_tab_pokrytye_plenochnoy_obolochkoy_alsi_farma.html"", ""title"": ""/cards/kardiolip_10mg_n60_tab_pokrytye_plenochnoy_obolochkoy_alsi_farma.html"", ""match_status"": ""rejected"", ""match_score"": -0.25, ""source_class"": ""product_card"", ""parse_warnings"": []}, {""source"": ""vidal"", ""raw_mnn"": ""Розувастатин"", ""field_type"": ""explicit_mnn"", ""canonical_components"": [], ""url"": ""https://www.vidal.ru/drugs/cardiolip"", ""title"": ""Кардиолип"", ""match_status"": ""ambiguous"", ""match_score"": 0.5, ""source_class"": ""product_card"", ""parse_warnings"": []}, {""source"": ""stolichki"", ""raw_mnn"": null, ""field_type"": ""unknown"", ""canonical_components"": [], ""url"": null, ""title"": null, ""match_status"": ""ambiguous"", ""match_score"": 0.0, ""source_class"": ""search_only"", ""parse_warnings"": []}]"
18125,КАНДЕСАРТАН ТАБЛ. 16МГ №28 БЕРЕЗОВСКИЙ ФЗ | БЕРЕЗОВСКИЙ ФЗ | БЕРЕЗОВСКИЙ ФЗ,drug,Кандесартан,rx,,none,none,no_known_inn_token,1,1,3,,[],,resolved_enrichment,single_source,unknown,unknown,Кандесартан,ok,true,Кандесартан,enrichment,false,sources_rejected_same_final,"[{""source"": ""apteka"", ""url"": ""https://apteka.ru/product/kandesartan-sz-16-mg-30-sht-tabletki-5e3269d6f5a9ae0001408fb5/"", ""title"": ""kandesartan sz 16 mg 30 sht tabletki"", ""raw_mnn"": ""Кандесартан"", ""mnn"": ""Кандесартан"", ""raw_rx_otc"": ""rx"", ""field_type"": ""explicit_mnn"", ""source_class"": ""product_card"", ""card_fetched"": true, ""fetched_at"": ""2026-08-13T19:29:20+00:00"", ""http_status"": 0, ""parser_version"": ""mnn_source_identity_v1"", ""query"": ""КАНДЕСАРТАН 16 мг таблетки"", ""matched_brand"": null, ""matched_form"": null, ""matched_dosage"": null, ""matched_pack"": null, ""serp_match_score"": 0.45, ""error"": null, ""match_status"": ""rejected"", ""match_score"": -0.4, ""match_reasons"": [""brand_title_conflict:-0.60"", ""dose_match:+0.20""], ""match_axes"": [""dose""], ""hard_contradiction"": true, ""matched_product_title"": ""kandesartan sz 16 mg 30 sht tabletki""}]","[{""source"": ""uteka"", ""url"": ""https://uteka.ru/product/kandesartan-sz-280775/"", ""title"": ""Кандесартан-СЗ, 16 мг, табл, 30 шт."", ""raw_mnn"": ""Кандесартан"", ""mnn"": ""Кандесартан"", ""raw_rx_otc"": ""rx"", ""field_type"": ""explicit_mnn"", ""source_class"": ""product_card"", ""card_fetched"": true, ""fetched_at"": ""2026-08-13T19:29:17+00:00"", ""http_status"": 0, ""parser_version"": ""mnn_source_identity_v1"", ""query"": ""КАНДЕСАРТАН 16 мг таблетки"", ""matched_brand"": null, ""matched_form"": ""таблетки"", ""matched_dosage"": ""16мг"", ""matched_pack"": ""30"", ""serp_match_score"": 0.85, ""error"": null, ""match_status"": ""accepted"", ""match_score"": 0.85, ""match_reasons"": [""brand_title_match:+0.50"", ""dose_match:+0.20"", ""form_match:+0.15""], ""match_axes"": [""brand_title"", ""dose"", ""form""], ""hard_contradiction"": false, ""matched_product_title"": ""Кандесартан-СЗ, 16 мг, табл, 30 шт.""}]","[{""source"": ""uteka"", ""raw_mnn"": ""Кандесартан"", ""field_type"": ""explicit_mnn"", ""canonical_components"": [""Кандесартан""], ""url"": ""https://uteka.ru/product/kandesartan-sz-280775/"", ""title"": ""Кандесартан-СЗ, 16 мг, табл, 30 шт."", ""match_status"": ""accepted"", ""match_score"": 0.85, ""source_class"": ""product_card"", ""parse_warnings"": []}, {""source"": ""apteka"", ""raw_mnn"": ""Кандесартан"", ""field_type"": ""explicit_mnn"", ""canonical_components"": [], ""url"": ""https://apteka.ru/product/kandesartan-sz-16-mg-30-sht-tabletki-5e3269d6f5a9ae0001408fb5/"", ""title"": ""kandesartan sz 16 mg 30 sht tabletki"", ""match_status"": ""rejected"", ""match_score"": -0.4, ""source_class"": ""product_card"", ""parse_warnings"": []}, {""source"": ""asna"", ""raw_mnn"": null, ""field_type"": ""unknown"", ""canonical_components"": [], ""url"": ""https://www.asna.ru/cards/kandesartan-sz_16mg_n30_tab_severnaya_zvezda.html"", ""title"": ""/cards/kandesartan-sz_16mg_n30_tab_severnaya_zvezda.html"", ""match_status"": ""ambiguous"", ""match_score"": 0.0, ""source_class"": ""search_only"", ""parse_warnings"": []}, {""source"": ""vidal"", ""raw_mnn"": null, ""field_type"": ""unknown"", ""canonical_components"": [], ""url"": ""https://www.vidal.ru/drugs/products"", ""title"": ""По алфавиту"", ""match_status"": ""ambiguous"", ""match_score"": 0.0, ""source_class"": ""search_only"", ""parse_warnings"": []}, {""source"": ""stolichki"", ""raw_mnn"": null, ""field_type"": ""unknown"", ""canonical_components"": [], ""url"": null, ""title"": null, ""match_status"": ""ambiguous"", ""match_score"": 0.0, ""source_class"": ""search_only"", ""parse_warnings"": []}]"
18179,КАЛЬЦИЯ ГЛЮКОНАТ ЭКО ТАБЛ. ПО 500МГ №10 | ЭКОТЕКС ООО | ЭКОТЕКС ООО,drug,Кальция глюконат,Без рецепта,,none,none,no_known_inn_token,0,0,5,,[],,unresolved_catalog,empty,unknown,unknown,,ok,false,,unresolved,true,method_changed,[],[],"[{""source"": ""uteka"", ""raw_mnn"": null, ""field_type"": ""unknown"", ""canonical_components"": [], ""url"": null, ""title"": null, ""match_status"": ""ambiguous"", ""match_score"": 0.0, ""source_class"": ""search_only"", ""parse_warnings"": []}, {""source"": ""apteka"", ""raw_mnn"": null, ""field_type"": ""unknown"", ""canonical_components"": [], ""url"": null, ""title"": null, ""match_status"": ""ambiguous"", ""match_score"": 0.0, ""source_class"": ""search_only"", ""parse_warnings"": []}, {""source"": ""asna"", ""raw_mnn"": null, ""field_type"": ""unknown"", ""canonical_components"": [], ""url"": ""https://www.asna.ru/cards/kaltsiya_glyukonat_eko_tab_05g_n10_ekoteks.html"", ""title"": ""/cards/kaltsiya_glyukonat_eko_tab_05g_n10_ekoteks.html"", ""match_status"": ""ambiguous"", ""match_score"": 0.0, ""source_class"": ""search_only"", ""parse_warnings"": []}, {""source"": ""vidal"", ""raw_mnn"": null, ""field_type"": ""unknown"", ""canonical_components"": [], ""url"": ""https://www.vidal.ru/drugs/products"", ""title"": ""По алфавиту"", ""match_status"": ""ambiguous"", ""match_score"": 0.0, ""source_class"": ""search_only"", ""parse_warnings"": []}, {""source"": ""stolichki"", ""raw_mnn"": null, ""field_type"": ""unknown"", ""canonical_components"": [], ""url"": null, ""title"": null, ""match_status"": ""ambiguous"", ""match_score"": 0.0, ""source_class"": ""search_only"", ""parse_warnings"": []}]"
18306,КАЛЕНДУЛЫ НАСТОЙКА ФЛ. 25МЛ ИВАНОВСКАЯ ФФ | ИВАНОВСКАЯ ФФ | ИВАНОВСКАЯ ФФ,drug,Календулы лекарственной цветков настойка,otc,,none,none,no_known_inn_token,0,1,4,,[],,resolved_enrichment,empty,unknown,unknown,Календулы лекарственной цветков настойка,ok,true,Календулы лекарственной цветков настойка,enrichment,false,sources_rejected_same_final,"[{""source"": ""asna"", ""url"": ""https://www.asna.ru/cards/natriya_tetraborata_rastvor_v_glitserine_20_30g_r-r_dmestnogo_i_naruzhnogo_primeneniya_ivanovskaya_ff.html"", ""title"": ""/cards/natriya_tetraborata_rastvor_v_glitserine_20_30g_r-r_dmestnogo_i_naruzhnogo_primeneniya_ivanovskaya_ff.html"", ""raw_mnn"": ""Натрия тетраборат"", ""mnn"": ""Натрия тетраборат"", ""raw_rx_otc"": ""otc"", ""field_type"": ""explicit_mnn"", ""source_class"": ""product_card"", ""card_fetched"": true, ""fetched_at"": ""2026-08-13T19:29:25+00:00"", ""http_status"": 0, ""parser_version"": ""mnn_source_identity_v1"", ""query"": ""Ивановская ФФ"", ""matched_brand"": null, ""matched_form"": null, ""matched_dosage"": null, ""matched_pack"": null, ""serp_match_score"": 0.4, ""error"": null, ""match_status"": ""rejected"", ""match_score"": -0.6, ""match_reasons"": [""brand_title_conflict:-0.60"", ""dose_card_unknown""], ""match_axes"": [], ""hard_contradiction"": true, ""matched_product_title"": ""/cards/natriya_tetraborata_rastvor_v_glitserine_20_30g_r-r_dmestnogo_i_naruzhnogo_primeneniya_ivanovskaya_ff.html""}]",[],"[{""source"": ""asna"", ""raw_mnn"": ""Натрия тетраборат"", ""field_type"": ""explicit_mnn"", ""canonical_components"": [], ""url"": ""https://www.asna.ru/cards/natriya_tetraborata_rastvor_v_glitserine_20_30g_r-r_dmestnogo_i_naruzhnogo_primeneniya_ivanovskaya_ff.html"", ""title"": ""/cards/natriya_tetraborata_rastvor_v_glitserine_20_30g_r-r_dmestnogo_i_naruzhnogo_primeneniya_ivanovskaya_ff.html"", ""match_status"": ""rejected"", ""match_score"": -0.6, ""source_class"": ""product_card"", ""parse_warnings"": []}, {""source"": ""uteka"", ""raw_mnn"": null, ""field_type"": ""unknown"", ""canonical_components"": [], ""url"": null, ""title"": null, ""match_status"": ""ambiguous"", ""match_score"": 0.0, ""source_class"": ""search_only"", ""parse_warnings"": []}, {""source"": ""apteka"", ""raw_mnn"": null, ""field_type"": ""unknown"", ""canonical_components"": [], ""url"": ""https://apteka.ru/product/czvetki-kalenduly-lekra-set-15-20-sht-filtr-pakety-5e57b180abec960001f937df/"", ""title"": ""czvetki kalenduly lekra set 15 20 sht filtr pakety"", ""match_status"": ""ambiguous"", ""match_score"": 0.0, ""source_class"": ""search_only"", ""parse_warnings"": []}, {""source"": ""vidal"", ""raw_mnn"": null, ""field_type"": ""unknown"", ""canonical_components"": [], ""url"": ""https://www.vidal.ru/drugs/products"", ""title"": ""По алфавиту"", ""match_status"": ""ambiguous"", ""match_score"": 0.0, ""source_class"": ""search_only"", ""parse_warnings"": []}, {""source"": ""stolichki"", ""raw_mnn"": null, ""field_type"": ""unknown"", ""canonical_components"": [], ""url"": null, ""title"": null, ""match_status"": ""ambiguous"", ""match_score"": 0.0, ""source_class"": ""search_only"", ""parse_warnings"": []}]"
18377,ЙОД Р-Р Д/НАРУЖ. ПРИМ. СПИРТ. 5% ФЛ. 25МЛ ГИППОКРАТ | ГИППОКРАТ | ГИППОКРАТ,drug,Йод,otc,,none,none,no_known_inn_token,1,2,2,,[],,resolved_enrichment,single_source,unknown,unknown,Йод,ok,true,Йод,enrichment,false,sources_rejected_same_final,"[{""source"": ""uteka"", ""url"": ""https://uteka.ru/product/joda-rastvor-spirtovoj-5-385337/"", ""title"": ""Йода раствор спиртовой 5%, 5%, р-р д/наружн. прим. спирт, 25 мл, 1 шт."", ""raw_mnn"": ""Йод + [Калия йодид + Этанол]"", ""mnn"": ""Йод + [Калия йодид + Этанол]"", ""raw_rx_otc"": ""otc"", ""field_type"": ""explicit_mnn"", ""source_class"": ""product_card"", ""card_fetched"": true, ""fetched_at"": ""2026-08-13T19:29:30+00:00"", ""http_status"": 0, ""parser_version"": ""mnn_source_identity_v1"", ""query"": ""ЙОД 5% раствор"", ""matched_brand"": null, ""matched_form"": ""раствор"", ""matched_dosage"": ""25мл"", ""matched_pack"": ""1"", ""serp_match_score"": 0.6, ""error"": null, ""match_status"": ""rejected"", ""match_score"": 0.35, ""match_reasons"": [""brand_title_match:+0.50"", ""dose_conflict:-0.30"", ""form_match:+0.15""], ""match_axes"": [""brand_title"", ""form""], ""hard_contradiction"": true, ""matched_product_title"": ""Йода раствор спиртовой 5%, 5%, р-р д/наружн. прим. спирт, 25 мл, 1 шт.""}, {""source"": ""asna"", ""url"": ""https://www.asna.ru/cards/muravinyy_spirt_14_50ml_r-r_dnaruzhnogo_primeneniya_spirtovoy_do_25_grad_gippokrat_ooo.html"", ""title"": ""/cards/muravinyy_spirt_14_50ml_r-r_dnaruzhnogo_primeneniya_spirtovoy_do_25_grad_gippokrat_ooo.html"", ""raw_mnn"": ""Муравьиная кислота"", ""mnn"": ""Муравьиная кислота"", ""raw_rx_otc"": ""otc"", ""field_type"": ""explicit_mnn"", ""source_class"": ""product_card"", ""card_fetched"": true, ""fetched_at"": ""2026-08-13T19:29:31+00:00"", ""http_status"": 0, ""parser_version"": ""mnn_source_identity_v1"", ""query"": ""Гиппократ 5% раствор"", ""matched_brand"": null, ""matched_form"": null, ""matched_dosage"": null, ""matched_pack"": null, ""serp_match_score"": 0.4, ""error"": null, ""match_status"": ""rejected"", ""match_score"": -0.9, ""match_reasons"": [""brand_title_conflict:-0.60"", ""dose_conflict:-0.30""], ""match_axes"": [], ""hard_contradiction"": true, ""matched_product_title"": ""/cards/muravinyy_spirt_14_50ml_r-r_dnaruzhnogo_primeneniya_spirtovoy_do_25_grad_gippokrat_ooo.html""}]","[{""source"": ""vidal"", ""url"": ""https://www.vidal.ru/drugs/iod_solution_spirtuosa_5___29212"", ""title"": ""Йода раствор спиртовой 5%"", ""raw_mnn"": ""Йод"", ""mnn"": ""Йод"", ""raw_rx_otc"": ""otc"", ""field_type"": ""explicit_mnn"", ""source_class"": ""product_card"", ""card_fetched"": true, ""fetched_at"": ""2026-08-13T19:29:36+00:00"", ""http_status"": 0, ""parser_version"": ""mnn_source_identity_v1"", ""query"": ""ЙОД 5% раствор"", ""matched_brand"": null, ""matched_form"": ""раствор"", ""matched_dosage"": null, ""matched_pack"": null, ""serp_match_score"": 0.6, ""error"": null, ""match_status"": ""accepted"", ""match_score"": 0.85, ""match_reasons"": [""brand_title_match:+0.50"", ""dose_match:+0.20"", ""form_match:+0.15""], ""match_axes"": [""brand_title"", ""dose"", ""form""], ""hard_contradiction"": false, ""matched_product_title"": ""Йода раствор спиртовой 5%""}]","[{""source"": ""vidal"", ""raw_mnn"": ""Йод"", ""field_type"": ""explicit_mnn"", ""canonical_components"": [""Йод""], ""url"": ""https://www.vidal.ru/drugs/iod_solution_spirtuosa_5___29212"", ""title"": ""Йода раствор спиртовой 5%"", ""match_status"": ""accepted"", ""match_score"": 0.85, ""source_class"": ""product_card"", ""parse_warnings"": []}, {""source"": ""uteka"", ""raw_mnn"": ""Йод + [Калия йодид + Этанол]"", ""field_type"": ""explicit_mnn"", ""canonical_components"": [], ""url"": ""https://uteka.ru/product/joda-rastvor-spirtovoj-5-385337/"", ""title"": ""Йода раствор спиртовой 5%, 5%, р-р д/наружн. прим. спирт, 25 мл, 1 шт."", ""match_status"": ""rejected"", ""match_score"": 0.35, ""source_class"": ""product_card"", ""parse_warnings"": []}, {""source"": ""asna"", ""raw_mnn"": ""Муравьиная кислота"", ""field_type"": ""explicit_mnn"", ""canonical_components"": [], ""url"": ""https://www.asna.ru/cards/muravinyy_spirt_14_50ml_r-r_dnaruzhnogo_primeneniya_spirtovoy_do_25_grad_gippokrat_ooo.html"", ""title"": ""/cards/muravinyy_spirt_14_50ml_r-r_dnaruzhnogo_primeneniya_spirtovoy_do_25_grad_gippokrat_ooo.html"", ""match_status"": ""rejected"", ""match_score"": -0.9, ""source_class"": ""product_card"", ""parse_warnings"": []}, {""source"": ""apteka"", ""raw_mnn"": null, ""field_type"": ""unknown"", ""canonical_components"": [], ""url"": ""https://apteka.ru/product/bauschlomb-biotrue-oneday-odnodnevnye-kontaktnye-linzy-125-30-sht-5e32759265b5ab00016575ee/"", ""title"": ""bauschlomb biotrue oneday odnodnevnye kontaktnye linzy 125 30 sht"", ""match_status"": ""ambiguous"", ""match_score"": 0.0, ""source_class"": ""search_only"", ""parse_warnings"": []}, {""source"": ""stolichki"", ""raw_mnn"": null, ""field_type"": ""unknown"", ""canonical_components"": [], ""url"": null, ""title"": null, ""match_status"": ""ambiguous"", ""match_score"": 0.0, ""source_class"": ""search_only"", ""parse_warnings"": []}]"
18400,ЙОДИНОЛ Р-Р Д/МЕСТН. И НАРУЖ. ПРИМ. ФЛ. ПОЛИМЕР. 100МЛ САМАРАМЕДПРОМ | САМАРАМЕДПРОМ ОАО | САМАРАМЕДПРОМ ОАО,drug,Йод,otc,,none,none,no_known_inn_token,1,0,4,,[],,unresolved_catalog,single_source,unknown,unknown,,,false,,unresolved,true,catalog_accept_removed,[],"[{""source"": ""uteka"", ""url"": ""https://uteka.ru/product/jodinol-52250/"", ""title"": ""Йодинол, р-р д/местн. и наружн. прим, 100 мл, 1 шт."", ""raw_mnn"": ""Йод + [Калия йодид + Поливиниловый спирт]"", ""mnn"": ""Йод + [Калия йодид + Поливиниловый спирт]"", ""raw_rx_otc"": ""otc"", ""field_type"": ""explicit_mnn"", ""source_class"": ""product_card"", ""card_fetched"": true, ""fetched_at"": ""2026-08-13T19:29:38+00:00"", ""http_status"": 0, ""parser_version"": ""mnn_source_identity_v1"", ""query"": ""ЙОДИНОЛ раствор"", ""matched_brand"": null, ""matched_form"": ""раствор"", ""matched_dosage"": ""100мл"", ""matched_pack"": ""1"", ""serp_match_score"": 0.6, ""error"": null, ""match_status"": ""accepted"", ""match_score"": 0.85, ""match_reasons"": [""brand_title_match:+0.50"", ""dose_match:+0.20"", ""form_match:+0.15""], ""match_axes"": [""brand_title"", ""dose"", ""form""], ""hard_contradiction"": false, ""matched_product_title"": ""Йодинол, р-р д/местн. и наружн. прим, 100 мл, 1 шт.""}]","[{""source"": ""uteka"", ""raw_mnn"": ""Йод + [Калия йодид + Поливиниловый спирт]"", ""field_type"": ""explicit_mnn"", ""canonical_components"": [""Йод"", ""Калия йодид"", ""Поливиниловый спирт""], ""url"": ""https://uteka.ru/product/jodinol-52250/"", ""title"": ""Йодинол, р-р д/местн. и наружн. прим, 100 мл, 1 шт."", ""match_status"": ""accepted"", ""match_score"": 0.85, ""source_class"": ""product_card"", ""parse_warnings"": []}, {""source"": ""apteka"", ""raw_mnn"": null, ""field_type"": ""unknown"", ""canonical_components"": [], ""url"": null, ""title"": null, ""match_status"": ""ambiguous"", ""match_score"": 0.0, ""source_class"": ""search_only"", ""parse_warnings"": []}, {""source"": ""asna"", ""raw_mnn"": null, ""field_type"": ""unknown"", ""canonical_components"": [], ""url"": ""https://www.asna.ru/cards/yodinol_100ml_r-r_dmestnogo_i_naruzhnogo_primeneniya_tulskaya_farmatsevticheskaya_fabrika_ooo.html"", ""title"": ""/cards/yodinol_100ml_r-r_dmestnogo_i_naruzhnogo_primeneniya_tulskaya_farmatsevticheskaya_fabrika_ooo.html"", ""match_status"": ""ambiguous"", ""match_score"": 0.0, ""source_class"": ""search_only"", ""parse_warnings"": []}, {""source"": ""vidal"", ""raw_mnn"": ""Йод"", ""field_type"": ""explicit_mnn"", ""canonical_components"": [], ""url"": ""https://www.vidal.ru/drugs/iodinol__38480"", ""title"": ""Йодинол"", ""match_status"": ""ambiguous"", ""match_score"": 0.5, ""source_class"": ""product_card"", ""parse_warnings"": []}, {""source"": ""stolichki"", ""raw_mnn"": null, ""field_type"": ""unknown"", ""canonical_components"": [], ""url"": null, ""title"": null, ""match_status"": ""ambiguous"", ""match_score"": 0.0, ""source_class"": ""search_only"", ""parse_warnings"": []}]"
18418,ЙОВИДОКС МАЗЬ Д/НАРУЖ. ПРИМ. 10% ТУБА 20Г | Тульская фармацевтическая фабрика ООО | Тульская фармацевтическая фабрика ООО,drug,,,,none,none,no_known_inn_token,0,1,4,,[],,resolved_enrichment,empty,unknown,unknown,Повидон-йод,ok,true,Повидон-йод,enrichment,false,sources_rejected_same_final,"[{""source"": ""uteka"", ""url"": ""https://uteka.ru/product/yovidoks-388882/"", ""title"": ""Йовидокс, 10%, мазь д/наружн. прим, 20 г, 1 шт."", ""raw_mnn"": ""Повидон-йод"", ""mnn"": ""Повидон-йод"", ""raw_rx_otc"": ""otc"", ""field_type"": ""explicit_mnn"", ""source_class"": ""product_card"", ""card_fetched"": true, ""fetched_at"": ""2026-08-13T19:29:41+00:00"", ""http_status"": 0, ""parser_version"": ""mnn_source_identity_v1"", ""query"": ""ЙОВИДОКС 10% мазь"", ""matched_brand"": null, ""matched_form"": ""мазь"", ""matched_dosage"": ""20г"", ""matched_pack"": ""1"", ""serp_match_score"": 1.0, ""error"": null, ""match_status"": ""rejected"", ""match_score"": 0.35, ""match_reasons"": [""brand_title_match:+0.50"", ""dose_conflict:-0.30"", ""form_match:+0.15""], ""match_axes"": [""brand_title"", ""form""], ""hard_contradiction"": true, ""matched_product_title"": ""Йовидокс, 10%, мазь д/наружн. прим, 20 г, 1 шт.""}]",[],"[{""source"": ""uteka"", ""raw_mnn"": ""Повидон-йод"", ""field_type"": ""explicit_mnn"", ""canonical_components"": [], ""url"": ""https://uteka.ru/product/yovidoks-388882/"", ""title"": ""Йовидокс, 10%, мазь д/наружн. прим, 20 г, 1 шт."", ""match_status"": ""rejected"", ""match_score"": 0.35, ""source_class"": ""product_card"", ""parse_warnings"": []}, {""source"": ""apteka"", ""raw_mnn"": null, ""field_type"": ""unknown"", ""canonical_components"": [], ""url"": null, ""title"": null, ""match_status"": ""ambiguous"", ""match_score"": 0.0, ""source_class"": ""search_only"", ""parse_warnings"": []}, {""source"": ""asna"", ""raw_mnn"": null, ""field_type"": ""unknown"", ""canonical_components"": [], ""url"": ""https://www.asna.ru/cards/yovidoks_200mg_n10_suppozitorii_vaginalnye_tulskaya_farmatsevticheskaya_fabrika.html"", ""title"": ""/cards/yovidoks_200mg_n10_suppozitorii_vaginalnye_tulskaya_farmatsevticheskaya_fabrika.html"", ""match_status"": ""ambiguous"", ""match_score"": 0.0, ""source_class"": ""search_only"", ""parse_warnings"": []}, {""source"": ""vidal"", ""raw_mnn"": null, ""field_type"": ""unknown"", ""canonical_components"": [], ""url"": ""https://www.vidal.ru/drugs/products"", ""title"": ""По алфавиту"", ""match_status"": ""ambiguous"", ""match_score"": 0.0, ""source_class"": ""search_only"", ""parse_warnings"": []}, {""source"": ""stolichki"", ""raw_mnn"": null, ""field_type"": ""unknown"", ""canonical_components"": [], ""url"": null, ""title"": null, ""match_status"": ""ambiguous"", ""match_score"": 0.0, ""source_class"": ""search_only"", ""parse_warnings"": []}]"
18473,ИТОПРИД ВЕЛФАРМ ТАБЛ. П/ПЛЕН/ОБ. 50МГ №40 | ВЕЛФАРМ ООО | ВЕЛФАРМ ООО,drug,Итоприд,rx,,none,none,no_known_inn_token,1,2,2,,[],,resolved_enrichment,single_source,unknown,unknown,Итоприд,ok,true,Итоприд,enrichment,false,sources_rejected_same_final,"[{""source"": ""apteka"", ""url"": ""https://apteka.ru/product/tolperizon-velfarm-50-mg-30-sht-blister-tabletki-pokrytye-plenochnoj-obolochkoj-69933d6bd95c7edb9d30d62d/"", ""title"": ""tolperizon velfarm 50 mg 30 sht blister tabletki pokrytye plenochnoj obolochkoj"", ""raw_mnn"": ""Толперизон"", ""mnn"": ""Толперизон"", ""raw_rx_otc"": ""rx"", ""field_type"": ""explicit_mnn"", ""source_class"": ""product_card"", ""card_fetched"": true, ""fetched_at"": ""2026-08-13T19:29:47+00:00"", ""http_status"": 0, ""parser_version"": ""mnn_source_identity_v1"", ""query"": ""Велфарм 50 мг таблетки"", ""matched_brand"": null, ""matched_form"": null, ""matched_dosage"": null, ""matched_pack"": null, ""serp_match_score"": 1.0, ""error"": null, ""match_status"": ""rejected"", ""match_score"": -0.4, ""match_reasons"": [""brand_title_conflict:-0.60"", ""dose_match:+0.20""], ""match_axes"": [""dose""], ""hard_contradiction"": true, ""matched_product_title"": ""tolperizon velfarm 50 mg 30 sht blister tabletki pokrytye plenochnoj obolochkoj""}, {""source"": ""asna"", ""url"": ""https://www.asna.ru/cards/karbamazepin_200mg_n50_tab_velfarm_ooo.html"", ""title"": ""/cards/karbamazepin_200mg_n50_tab_velfarm_ooo.html"", ""raw_mnn"": ""Карбамазепин"", ""mnn"": ""Карбамазепин"", ""raw_rx_otc"": ""rx"", ""field_type"": ""explicit_mnn"", ""source_class"": ""product_card"", ""card_fetched"": true, ""fetched_at"": ""2026-08-13T19:29:46+00:00"", ""http_status"": 0, ""parser_version"": ""mnn_source_identity_v1"", ""query"": ""Велфарм 50 мг таблетки"", ""matched_brand"": null, ""matched_form"": null, ""matched_dosage"": null, ""matched_pack"": null, ""serp_match_score"": 0.5, ""error"": null, ""match_status"": ""rejected"", ""match_score"": -0.75, ""match_reasons"": [""brand_title_conflict:-0.60"", ""dose_conflict:-0.30"", ""form_match:+0.15""], ""match_axes"": [""form""], ""hard_contradiction"": true, ""matched_product_title"": ""/cards/karbamazepin_200mg_n50_tab_velfarm_ooo.html""}]","[{""source"": ""uteka"", ""url"": ""https://uteka.ru/product/kaptopril-velfarm-365080/"", ""title"": ""Каптоприл Велфарм, 50 мг, табл, 40 шт."", ""raw_mnn"": ""Каптоприл"", ""mnn"": ""Каптоприл"", ""raw_rx_otc"": ""rx"", ""field_type"": ""explicit_mnn"", ""source_class"": ""product_card"", ""card_fetched"": true, ""fetched_at"": ""2026-08-13T19:29:45+00:00"", ""http_status"": 0, ""parser_version"": ""mnn_source_identity_v1"", ""query"": ""Велфарм 50 мг таблетки"", ""matched_brand"": null, ""matched_form"": ""таблетки"", ""matched_dosage"": ""50мг"", ""matched_pack"": ""40"", ""serp_match_score"": 1.0, ""error"": null, ""match_status"": ""accepted"", ""match_score"": 0.85, ""match_reasons"": [""brand_title_match:+0.50"", ""dose_match:+0.20"", ""form_match:+0.15""], ""match_axes"": [""brand_title"", ""dose"", ""form""], ""hard_contradiction"": false, ""matched_product_title"": ""Каптоприл Велфарм, 50 мг, табл, 40 шт.""}]","[{""source"": ""uteka"", ""raw_mnn"": ""Каптоприл"", ""field_type"": ""explicit_mnn"", ""canonical_components"": [""Каптоприл""], ""url"": ""https://uteka.ru/product/kaptopril-velfarm-365080/"", ""title"": ""Каптоприл Велфарм, 50 мг, табл, 40 шт."", ""match_status"": ""accepted"", ""match_score"": 0.85, ""source_class"": ""product_card"", ""parse_warnings"": []}, {""source"": ""apteka"", ""raw_mnn"": ""Толперизон"", ""field_type"": ""explicit_mnn"", ""canonical_components"": [], ""url"": ""https://apteka.ru/product/tolperizon-velfarm-50-mg-30-sht-blister-tabletki-pokrytye-plenochnoj-obolochkoj-69933d6bd95c7edb9d30d62d/"", ""title"": ""tolperizon velfarm 50 mg 30 sht blister tabletki pokrytye plenochnoj obolochkoj"", ""match_status"": ""rejected"", ""match_score"": -0.4, ""source_class"": ""product_card"", ""parse_warnings"": []}, {""source"": ""asna"", ""raw_mnn"": ""Карбамазепин"", ""field_type"": ""explicit_mnn"", ""canonical_components"": [], ""url"": ""https://www.asna.ru/cards/karbamazepin_200mg_n50_tab_velfarm_ooo.html"", ""title"": ""/cards/karbamazepin_200mg_n50_tab_velfarm_ooo.html"", ""match_status"": ""rejected"", ""match_score"": -0.75, ""source_class"": ""product_card"", ""parse_warnings"": []}, {""source"": ""vidal"", ""raw_mnn"": ""Менадион"", ""field_type"": ""explicit_mnn"", ""canonical_components"": [], ""url"": ""https://www.vidal.ru/drugs/vikasol-velfarm"", ""title"": ""Викасол Велфарм"", ""match_status"": ""ambiguous"", ""match_score"": 0.5, ""source_class"": ""product_card"", ""parse_warnings"": []}, {""source"": ""stolichki"", ""raw_mnn"": null, ""field_type"": ""unknown"", ""canonical_components"": [], ""url"": null, ""title"": null, ""match_status"": ""ambiguous"", ""match_score"": 0.0, ""source_class"": ""search_only"", ""parse_warnings"": []}]"
18830,ИЗЖОГАНЕТ АНТАЦИДНЫЙ КОМПЛЕКС СО ВКУСОМ МЯТЫ ТАБЛ. 600МГ №40 | ГРИН САЙД ООО | ГРИН САЙД ООО,drug,,otc,,none,none,no_known_inn_token,0,2,3,,[],,unresolved_catalog,empty,unknown,unknown,,ok,false,,unresolved,true,method_changed,"[{""source"": ""apteka"", ""url"": ""https://apteka.ru/product/green-side-antaczidnyj-kompleks-izzhoganet-so-vkusom-myaty-20-sht-tabletki-massoj-630-mg-6846ccef67292421ab0c1f90/"", ""title"": ""green side antaczidnyj kompleks izzhoganet so vkusom myaty 20 sht tabletki massoj 630 mg"", ""raw_mnn"": null, ""mnn"": null, ""raw_rx_otc"": null, ""field_type"": ""unknown"", ""source_class"": ""product_card"", ""card_fetched"": true, ""fetched_at"": ""2026-08-13T19:29:52+00:00"", ""http_status"": 0, ""parser_version"": ""mnn_source_identity_v1"", ""query"": ""ИЗЖОГАНЕТ 600 мг таблетки"", ""matched_brand"": null, ""matched_form"": null, ""matched_dosage"": null, ""matched_pack"": null, ""serp_match_score"": 0.8875, ""error"": null, ""match_status"": ""rejected"", ""match_score"": -0.9, ""match_reasons"": [""brand_title_conflict:-0.60"", ""dose_conflict:-0.30""], ""match_axes"": [], ""hard_contradiction"": true, ""matched_product_title"": ""green side antaczidnyj kompleks izzhoganet so vkusom myaty 20 sht tabletki massoj 630 mg""}, {""source"": ""asna"", ""url"": ""https://www.asna.ru/cards/antatsidnyy_kompleks_izzhoganet_tab_so_vkusom_apelsina_n20_grin_sayd_ooo.html"", ""title"": ""/cards/antatsidnyy_kompleks_izzhoganet_tab_so_vkusom_apelsina_n20_grin_sayd_ooo.html"", ""raw_mnn"": null, ""mnn"": null, ""raw_rx_otc"": ""otc"", ""field_type"": ""unknown"", ""source_class"": ""product_card"", ""card_fetched"": true, ""fetched_at"": ""2026-08-13T19:29:51+00:00"", ""http_status"": 0, ""parser_version"": ""mnn_source_identity_v1"", ""query"": ""ИЗЖОГАНЕТ 600 мг таблетки"", ""matched_brand"": null, ""matched_form"": null, ""matched_dosage"": null, ""matched_pack"": null, ""serp_match_score"": 0.4, ""error"": null, ""match_status"": ""rejected"", ""match_score"": -0.45, ""match_reasons"": [""brand_title_conflict:-0.60"", ""dose_card_unknown"", ""form_match:+0.15""], ""match_axes"": [""form""], ""hard_contradiction"": true, ""matched_product_title"": ""/cards/antatsidnyy_kompleks_izzhoganet_tab_so_vkusom_apelsina_n20_grin_sayd_ooo.html""}]",[],"[{""source"": ""apteka"", ""raw_mnn"": null, ""field_type"": ""unknown"", ""canonical_components"": [], ""url"": ""https://apteka.ru/product/green-side-antaczidnyj-kompleks-izzhoganet-so-vkusom-myaty-20-sht-tabletki-massoj-630-mg-6846ccef67292421ab0c1f90/"", ""title"": ""green side antaczidnyj kompleks izzhoganet so vkusom myaty 20 sht tabletki massoj 630 mg"", ""match_status"": ""rejected"", ""match_score"": -0.9, ""source_class"": ""product_card"", ""parse_warnings"": []}, {""source"": ""asna"", ""raw_mnn"": null, ""field_type"": ""unknown"", ""canonical_components"": [], ""url"": ""https://www.asna.ru/cards/antatsidnyy_kompleks_izzhoganet_tab_so_vkusom_apelsina_n20_grin_sayd_ooo.html"", ""title"": ""/cards/antatsidnyy_kompleks_izzhoganet_tab_so_vkusom_apelsina_n20_grin_sayd_ooo.html"", ""match_status"": ""rejected"", ""match_score"": -0.45, ""source_class"": ""product_card"", ""parse_warnings"": []}, {""source"": ""uteka"", ""raw_mnn"": null, ""field_type"": ""unknown"", ""canonical_components"": [], ""url"": null, ""title"": null, ""match_status"": ""ambiguous"", ""match_score"": 0.0, ""source_class"": ""search_only"", ""parse_warnings"": []}, {""source"": ""vidal"", ""raw_mnn"": null, ""field_type"": ""unknown"", ""canonical_components"": [], ""url"": ""https://www.vidal.ru/drugs/products"", ""title"": ""По алфавиту"", ""match_status"": ""ambiguous"", ""match_score"": 0.0, ""source_class"": ""search_only"", ""parse_warnings"": []}, {""source"": ""stolichki"", ""raw_mnn"": null, ""field_type"": ""unknown"", ""canonical_components"": [], ""url"": null, ""title"": null, ""match_status"": ""ambiguous"", ""match_score"": 0.0, ""source_class"": ""search_only"", ""parse_warnings"": []}]"
18925,ИБУПРОФЕН ВЕЛФАРМ ТАБЛ. П/ПЛЕН/ОБ. 400МГ №30 УРАЛБИОФАРМ | УРАЛБИОФАРМ ОАО | УРАЛБИОФАРМ ОАО,drug,Ибупрофен,otc,Ибупрофен,strong,high,exact_normalized_text_token_start,0,4,1,,[],,resolved_enrichment,empty,unknown,unknown,Ибупрофен,ok,true,Ибупрофен,input_plus_enrichment,false,method_changed,"[{""source"": ""uteka"", ""url"": ""https://uteka.ru/product/aciklovir-velfarm-368260/"", ""title"": ""Ацикловир Велфарм, 400 мг, табл, 30 шт."", ""raw_mnn"": ""Ацикловир"", ""mnn"": ""Ацикловир"", ""raw_rx_otc"": ""rx"", ""field_type"": ""explicit_mnn"", ""source_class"": ""product_card"", ""card_fetched"": true, ""fetched_at"": ""2026-08-13T19:29:56+00:00"", ""http_status"": 0, ""parser_version"": ""mnn_source_identity_v1"", ""query"": ""Велфарм 400 мг таблетки"", ""matched_brand"": null, ""matched_form"": ""таблетки"", ""matched_dosage"": ""400мг"", ""matched_pack"": ""30"", ""serp_match_score"": 1.0, ""error"": null, ""match_status"": ""rejected"", ""match_score"": 0.0, ""match_reasons"": [""strong_explicit_mnn_mismatch""], ""matched_product_title"": ""Ацикловир Велфарм, 400 мг, табл, 30 шт.""}, {""source"": ""apteka"", ""url"": ""https://apteka.ru/product/acziklovir-velfarm-400-mg-20-sht-tabletki-65a58d80521d45b874dee2c3/"", ""title"": ""acziklovir velfarm 400 mg 20 sht tabletki"", ""raw_mnn"": ""Ацикловир"", ""mnn"": ""Ацикловир"", ""raw_rx_otc"": ""rx"", ""field_type"": ""explicit_mnn"", ""source_class"": ""product_card"", ""card_fetched"": true, ""fetched_at"": ""2026-08-13T19:29:58+00:00"", ""http_status"": 0, ""parser_version"": ""mnn_source_identity_v1"", ""query"": ""Велфарм 400 мг таблетки"", ""matched_brand"": null, ""matched_form"": null, ""matched_dosage"": null, ""matched_pack"": null, ""serp_match_score"": 1.0, ""error"": null, ""match_status"": ""rejected"", ""match_score"": 0.0, ""match_reasons"": [""strong_explicit_mnn_mismatch""], ""matched_product_title"": ""acziklovir velfarm 400 mg 20 sht tabletki""}, {""source"": ""asna"", ""url"": ""https://www.asna.ru/cards/ademetionin_400mg_n20_tab_kishechnorastvorimye_pokrytye_plenochnoy_obolochkoy_velfarm_ooo.html"", ""title"": ""/cards/ademetionin_400mg_n20_tab_kishechnorastvorimye_pokrytye_plenochnoy_obolochkoy_velfarm_ooo.html"", ""raw_mnn"": ""Адеметионин"", ""mnn"": ""Адеметионин"", ""raw_rx_otc"": ""otc"", ""field_type"": ""explicit_mnn"", ""source_class"": ""product_card"", ""card_fetched"": true, ""fetched_at"": ""2026-08-13T19:29:57+00:00"", ""http_status"": 0, ""parser_version"": ""mnn_source_identity_v1"", ""query"": ""Велфарм 400 мг таблетки"", ""matched_brand"": null, ""matched_form"": null, ""matched_dosage"": null, ""matched_pack"": null, ""serp_match_score"": 0.5, ""error"": null, ""match_status"": ""rejected"", ""match_score"": 0.0, ""match_reasons"": [""strong_explicit_mnn_mismatch""], ""matched_product_title"": ""/cards/ademetionin_400mg_n20_tab_kishechnorastvorimye_pokrytye_plenochnoy_obolochkoy_velfarm_ooo.html""}, {""source"": ""vidal"", ""url"": ""https://www.vidal.ru/drugs/vikasol-velfarm"", ""title"": ""Викасол Велфарм"", ""raw_mnn"": ""Менадион"", ""mnn"": ""Менадион"", ""raw_rx_otc"": ""rx"", ""field_type"": ""explicit_mnn"", ""source_class"": ""product_card"", ""card_fetched"": true, ""fetched_at"": ""2026-08-13T19:29:59+00:00"", ""http_status"": 0, ""parser_version"": ""mnn_source_identity_v1"", ""query"": ""Велфарм 400 мг таблетки"", ""matched_brand"": null, ""matched_form"": null, ""matched_dosage"": null, ""matched_pack"": null, ""serp_match_score"": 1.0, ""error"": null, ""match_status"": ""rejected"", ""match_score"": 0.0, ""match_reasons"": [""strong_explicit_mnn_mismatch""], ""matched_product_title"": ""Викасол Велфарм""}]",[],"[{""source"": ""uteka"", ""raw_mnn"": ""Ацикловир"", ""field_type"": ""explicit_mnn"", ""canonical_components"": [], ""url"": ""https://uteka.ru/product/aciklovir-velfarm-368260/"", ""title"": ""Ацикловир Велфарм, 400 мг, табл, 30 шт."", ""match_status"": ""rejected"", ""match_score"": 0.0, ""source_class"": ""product_card"", ""parse_warnings"": []}, {""source"": ""apteka"", ""raw_mnn"": ""Ацикловир"", ""field_type"": ""explicit_mnn"", ""canonical_components"": [], ""url"": ""https://apteka.ru/product/acziklovir-velfarm-400-mg-20-sht-tabletki-65a58d80521d45b874dee2c3/"", ""title"": ""acziklovir velfarm 400 mg 20 sht tabletki"", ""match_status"": ""rejected"", ""match_score"": 0.0, ""source_class"": ""product_card"", ""parse_warnings"": []}, {""source"": ""asna"", ""raw_mnn"": ""Адеметионин"", ""field_type"": ""explicit_mnn"", ""canonical_components"": [], ""url"": ""https://www.asna.ru/cards/ademetionin_400mg_n20_tab_kishechnorastvorimye_pokrytye_plenochnoy_obolochkoy_velfarm_ooo.html"", ""title"": ""/cards/ademetionin_400mg_n20_tab_kishechnorastvorimye_pokrytye_plenochnoy_obolochkoy_velfarm_ooo.html"", ""match_status"": ""rejected"", ""match_score"": 0.0, ""source_class"": ""product_card"", ""parse_warnings"": []}, {""source"": ""vidal"", ""raw_mnn"": ""Менадион"", ""field_type"": ""explicit_mnn"", ""canonical_components"": [], ""url"": ""https://www.vidal.ru/drugs/vikasol-velfarm"", ""title"": ""Викасол Велфарм"", ""match_status"": ""rejected"", ""match_score"": 0.0, ""source_class"": ""product_card"", ""parse_warnings"": []}, {""source"": ""stolichki"", ""raw_mnn"": null, ""field_type"": ""unknown"", ""canonical_components"": [], ""url"": null, ""title"": null, ""match_status"": ""ambiguous"", ""match_score"": 0.0, ""source_class"": ""search_only"", ""parse_warnings"": []}]"
19198,ЗВЕРОБОЯ ТРАВА 50Г ФИТОФАРМ | ФИТОФАРМ ООО | ФИТОФАРМ ООО,drug,Зверобоя трава,otc,,none,none,no_known_inn_token,0,3,2,,[],,unresolved_catalog,empty,unknown,unknown,,ok_partial,false,,unresolved,true,method_changed,"[{""source"": ""uteka"", ""url"": ""https://uteka.ru/product/fitofarm-tisyachelistnika-trava-433581/"", ""title"": ""Фитофарм Тысячелистника трава, сырье раст.-пор, 1.5 г, 20 шт."", ""raw_mnn"": null, ""mnn"": null, ""raw_rx_otc"": null, ""field_type"": ""unknown"", ""source_class"": ""product_card"", ""card_fetched"": true, ""fetched_at"": ""2026-08-13T19:30:00+00:00"", ""http_status"": 0, ""parser_version"": ""mnn_source_identity_v1"", ""query"": ""Фитофарм"", ""matched_brand"": null, ""matched_form"": ""порошок"", ""matched_dosage"": ""1.5г"", ""matched_pack"": ""20"", ""serp_match_score"": 1.0, ""error"": null, ""match_status"": ""rejected"", ""match_score"": 0.2, ""match_reasons"": [""brand_title_match:+0.50"", ""dose_conflict:-0.30""], ""match_axes"": [""brand_title""], ""hard_contradiction"": true, ""matched_product_title"": ""Фитофарм Тысячелистника трава, сырье раст.-пор, 1.5 г, 20 шт.""}, {""source"": ""apteka"", ""url"": ""https://apteka.ru/product/brusniki-listya-50-gr-fitofarm-5e32640fca7bdc000192adef/"", ""title"": ""brusniki listya 50 gr fitofarm"", ""raw_mnn"": null, ""mnn"": null, ""raw_rx_otc"": null, ""field_type"": ""unknown"", ""source_class"": ""product_card"", ""card_fetched"": true, ""fetched_at"": ""2026-08-13T19:30:01+00:00"", ""http_status"": 0, ""parser_version"": ""mnn_source_identity_v1"", ""query"": ""Фитофарм"", ""matched_brand"": null, ""matched_form"": null, ""matched_dosage"": null, ""matched_pack"": null, ""serp_match_score"": 1.0, ""error"": null, ""match_status"": ""rejected"", ""match_score"": -0.6, ""match_reasons"": [""brand_title_conflict:-0.60"", ""dose_card_unknown""], ""match_axes"": [], ""hard_contradiction"": true, ""matched_product_title"": ""brusniki listya 50 gr fitofarm""}, {""source"": ""asna"", ""url"": ""https://www.asna.ru/cards/stomatofit_100ml_ekstrakt_zhidkiy_dmestnogo_primeneniya_fitofarm_klenka_ao.html"", ""title"": ""/cards/stomatofit_100ml_ekstrakt_zhidkiy_dmestnogo_primeneniya_fitofarm_klenka_ao.html"", ""raw_mnn"": null, ""mnn"": null, ""raw_rx_otc"": ""otc"", ""field_type"": ""unknown"", ""source_class"": ""product_card"", ""card_fetched"": true, ""fetched_at"": ""2026-08-13T19:30:00+00:00"", ""http_status"": 0, ""parser_version"": ""mnn_source_identity_v1"", ""query"": ""Фитофарм"", ""matched_brand"": null, ""matched_form"": null, ""matched_dosage"": null, ""matched_pack"": null, ""serp_match_score"": 0.4, ""error"": null, ""match_status"": ""rejected"", ""match_score"": -0.9, ""match_reasons"": [""brand_title_conflict:-0.60"", ""dose_conflict:-0.30""], ""match_axes"": [], ""hard_contradiction"": true, ""matched_product_title"": ""/cards/stomatofit_100ml_ekstrakt_zhidkiy_dmestnogo_primeneniya_fitofarm_klenka_ao.html""}]",[],"[{""source"": ""uteka"", ""raw_mnn"": null, ""field_type"": ""unknown"", ""canonical_components"": [], ""url"": ""https://uteka.ru/product/fitofarm-tisyachelistnika-trava-433581/"", ""title"": ""Фитофарм Тысячелистника трава, сырье раст.-пор, 1.5 г, 20 шт."", ""match_status"": ""rejected"", ""match_score"": 0.2, ""source_class"": ""product_card"", ""parse_warnings"": []}, {""source"": ""apteka"", ""raw_mnn"": null, ""field_type"": ""unknown"", ""canonical_components"": [], ""url"": ""https://apteka.ru/product/brusniki-listya-50-gr-fitofarm-5e32640fca7bdc000192adef/"", ""title"": ""brusniki listya 50 gr fitofarm"", ""match_status"": ""rejected"", ""match_score"": -0.6, ""source_class"": ""product_card"", ""parse_warnings"": []}, {""source"": ""asna"", ""raw_mnn"": null, ""field_type"": ""unknown"", ""canonical_components"": [], ""url"": ""https://www.asna.ru/cards/stomatofit_100ml_ekstrakt_zhidkiy_dmestnogo_primeneniya_fitofarm_klenka_ao.html"", ""title"": ""/cards/stomatofit_100ml_ekstrakt_zhidkiy_dmestnogo_primeneniya_fitofarm_klenka_ao.html"", ""match_status"": ""rejected"", ""match_score"": -0.9, ""source_class"": ""product_card"", ""parse_warnings"": []}, {""source"": ""vidal"", ""raw_mnn"": null, ""field_type"": ""unknown"", ""canonical_components"": [], ""url"": ""https://www.vidal.ru/drugs/products"", ""title"": ""По алфавиту"", ""match_status"": ""ambiguous"", ""match_score"": 0.0, ""source_class"": ""search_only"", ""parse_warnings"": []}, {""source"": ""stolichki"", ""raw_mnn"": null, ""field_type"": ""unknown"", ""canonical_components"": [], ""url"": null, ""title"": null, ""match_status"": ""ambiguous"", ""match_score"": 0.0, ""source_class"": ""search_only"", ""parse_warnings"": []}]"
19368,ДЮФАЛАК СИРОП 667МГ/МЛ ПАК. 15МЛ №10 | ЭББОТ БИОЛОДЖИКАЛЗ Б.В./ВЕРОФАРМ АО | ЭББОТ БИОЛОДЖИКАЛЗ Б.В./ВЕРОФАРМ АО,drug,Лактулоза,otc,,none,none,no_known_inn_token,1,2,2,,[],,unresolved_catalog,single_source,unknown,unknown,,,false,,unresolved,true,catalog_accept_removed,"[{""source"": ""apteka"", ""url"": ""https://apteka.ru/product/dyufalak-667-mgml-sirop-200-ml-flakon-6054a1cdc74c21ecda2ab2dd/"", ""title"": ""dyufalak 667 mgml sirop 200 ml flakon"", ""raw_mnn"": ""Лактулоза"", ""mnn"": ""Лактулоза"", ""raw_rx_otc"": null, ""field_type"": ""explicit_mnn"", ""source_class"": ""product_card"", ""card_fetched"": true, ""fetched_at"": ""2026-08-13T19:30:05+00:00"", ""http_status"": 0, ""parser_version"": ""mnn_source_identity_v1"", ""query"": ""Дюфалак 667 мг/мл сироп"", ""matched_brand"": null, ""matched_form"": null, ""matched_dosage"": null, ""matched_pack"": null, ""serp_match_score"": 0.91, ""error"": null, ""match_status"": ""rejected"", ""match_score"": -0.9, ""match_reasons"": [""brand_title_conflict:-0.60"", ""dose_conflict:-0.30""], ""match_axes"": [], ""hard_contradiction"": true, ""matched_product_title"": ""dyufalak 667 mgml sirop 200 ml flakon""}, {""source"": ""asna"", ""url"": ""https://www.asna.ru/cards/dyufalak_667mgml_200ml_sirop_verofarm_ao.html"", ""title"": ""/cards/dyufalak_667mgml_200ml_sirop_verofarm_ao.html"", ""raw_mnn"": ""Лактулоза"", ""mnn"": ""Лактулоза"", ""raw_rx_otc"": ""otc"", ""field_type"": ""explicit_mnn"", ""source_class"": ""product_card"", ""card_fetched"": true, ""fetched_at"": ""2026-08-13T19:30:04+00:00"", ""http_status"": 0, ""parser_version"": ""mnn_source_identity_v1"", ""query"": ""Дюфалак 667 мг/мл сироп"", ""matched_brand"": null, ""matched_form"": null, ""matched_dosage"": null, ""matched_pack"": null, ""serp_match_score"": 0.5, ""error"": null, ""match_status"": ""rejected"", ""match_score"": -0.9, ""match_reasons"": [""brand_title_conflict:-0.60"", ""dose_conflict:-0.30""], ""match_axes"": [], ""hard_contradiction"": true, ""matched_product_title"": ""/cards/dyufalak_667mgml_200ml_sirop_verofarm_ao.html""}]","[{""source"": ""uteka"", ""url"": ""https://uteka.ru/product/dyufalak-98868/"", ""title"": ""Дюфалак, 667 мг/мл, сироп, 500 мл, 1 шт."", ""raw_mnn"": ""Лактулоза"", ""mnn"": ""Лактулоза"", ""raw_rx_otc"": ""otc"", ""field_type"": ""explicit_mnn"", ""source_class"": ""product_card"", ""card_fetched"": true, ""fetched_at"": ""2026-08-13T19:30:03+00:00"", ""http_status"": 0, ""parser_version"": ""mnn_source_identity_v1"", ""query"": ""Дюфалак 667 мг/мл сироп"", ""matched_brand"": null, ""matched_form"": ""сироп"", ""matched_dosage"": ""667мг"", ""matched_pack"": ""1"", ""serp_match_score"": 1.0, ""error"": null, ""match_status"": ""accepted"", ""match_score"": 0.85, ""match_reasons"": [""brand_title_match:+0.50"", ""dose_match:+0.20"", ""form_match:+0.15""], ""match_axes"": [""brand_title"", ""dose"", ""form""], ""hard_contradiction"": false, ""matched_product_title"": ""Дюфалак, 667 мг/мл, сироп, 500 мл, 1 шт.""}]","[{""source"": ""uteka"", ""raw_mnn"": ""Лактулоза"", ""field_type"": ""explicit_mnn"", ""canonical_components"": [""Лактулоза""], ""url"": ""https://uteka.ru/product/dyufalak-98868/"", ""title"": ""Дюфалак, 667 мг/мл, сироп, 500 мл, 1 шт."", ""match_status"": ""accepted"", ""match_score"": 0.85, ""source_class"": ""product_card"", ""parse_warnings"": []}, {""source"": ""apteka"", ""raw_mnn"": ""Лактулоза"", ""field_type"": ""explicit_mnn"", ""canonical_components"": [], ""url"": ""https://apteka.ru/product/dyufalak-667-mgml-sirop-200-ml-flakon-6054a1cdc74c21ecda2ab2dd/"", ""title"": ""dyufalak 667 mgml sirop 200 ml flakon"", ""match_status"": ""rejected"", ""match_score"": -0.9, ""source_class"": ""product_card"", ""parse_warnings"": []}, {""source"": ""asna"", ""raw_mnn"": ""Лактулоза"", ""field_type"": ""explicit_mnn"", ""canonical_components"": [], ""url"": ""https://www.asna.ru/cards/dyufalak_667mgml_200ml_sirop_verofarm_ao.html"", ""title"": ""/cards/dyufalak_667mgml_200ml_sirop_verofarm_ao.html"", ""match_status"": ""rejected"", ""match_score"": -0.9, ""source_class"": ""product_card"", ""parse_warnings"": []}, {""source"": ""vidal"", ""raw_mnn"": ""Лактулоза"", ""field_type"": ""explicit_mnn"", ""canonical_components"": [], ""url"": ""https://www.vidal.ru/drugs/duphalac__44475"", ""title"": ""Дюфалак"", ""match_status"": ""ambiguous"", ""match_score"": 0.5, ""source_class"": ""product_card"", ""parse_warnings"": []}, {""source"": ""stolichki"", ""raw_mnn"": null, ""field_type"": ""unknown"", ""canonical_components"": [], ""url"": null, ""title"": null, ""match_status"": ""ambiguous"", ""match_score"": 0.0, ""source_class"": ""search_only"", ""parse_warnings"": []}]"
19370,ДЮСПАТАЛИН ТАБЛ. П/О 135МГ №15 ВЕРОФАРМ | ВЕРОФАРМ АО | ВЕРОФАРМ АО,drug,Мебеверин,rx,,none,none,no_known_inn_token,1,2,2,,[],,unresolved_catalog,single_source,unknown,unknown,,,false,,unresolved,true,catalog_accept_removed,"[{""source"": ""apteka"", ""url"": ""https://apteka.ru/product/dyuspatalin-duo-135-mg8443-mg-30-sht-tabletki-pokrytye-plenochnoj-obolochkoj-65857c146365683593e5fbf2/"", ""title"": ""dyuspatalin duo 135 mg8443 mg 30 sht tabletki pokrytye plenochnoj obolochkoj"", ""raw_mnn"": ""Симетикон, Мебеверин"", ""mnn"": ""Симетикон, Мебеверин"", ""raw_rx_otc"": null, ""field_type"": ""explicit_mnn"", ""source_class"": ""product_card"", ""card_fetched"": true, ""fetched_at"": ""2026-08-13T19:30:10+00:00"", ""http_status"": 0, ""parser_version"": ""mnn_source_identity_v1"", ""query"": ""Дюспаталин 135 мг таблетки"", ""matched_brand"": null, ""matched_form"": null, ""matched_dosage"": null, ""matched_pack"": null, ""serp_match_score"": 1.0, ""error"": null, ""match_status"": ""rejected"", ""match_score"": -0.4, ""match_reasons"": [""brand_title_conflict:-0.60"", ""dose_match:+0.20""], ""match_axes"": [""dose""], ""hard_contradiction"": true, ""matched_product_title"": ""dyuspatalin duo 135 mg8443 mg 30 sht tabletki pokrytye plenochnoj obolochkoj""}, {""source"": ""asna"", ""url"": ""https://www.asna.ru/cards/dyuspatalin_135mg_n15_tab_pokrytye_obolochkoy_verofarm_ao.html"", ""title"": ""/cards/dyuspatalin_135mg_n15_tab_pokrytye_obolochkoy_verofarm_ao.html"", ""raw_mnn"": ""Мебеверин"", ""mnn"": ""Мебеверин"", ""raw_rx_otc"": ""otc"", ""field_type"": ""explicit_mnn"", ""source_class"": ""product_card"", ""card_fetched"": true, ""fetched_at"": ""2026-08-13T19:30:09+00:00"", ""http_status"": 0, ""parser_version"": ""mnn_source_identity_v1"", ""query"": ""Дюспаталин 135 мг таблетки"", ""matched_brand"": null, ""matched_form"": null, ""matched_dosage"": null, ""matched_pack"": null, ""serp_match_score"": 0.5, ""error"": null, ""match_status"": ""rejected"", ""match_score"": -0.25, ""match_reasons"": [""brand_title_conflict:-0.60"", ""dose_match:+0.20"", ""form_match:+0.15""], ""match_axes"": [""dose"", ""form""], ""hard_contradiction"": true, ""matched_product_title"": ""/cards/dyuspatalin_135mg_n15_tab_pokrytye_obolochkoy_verofarm_ao.html""}]","[{""source"": ""uteka"", ""url"": ""https://uteka.ru/product/dyuspatalin-duo-403549/"", ""title"": ""Дюспаталин Дуо, 135 мг + 84,43 мг, табл. п.о, 30 шт."", ""raw_mnn"": ""Мебеверин + Симетикон"", ""mnn"": ""Мебеверин + Симетикон"", ""raw_rx_otc"": ""otc"", ""field_type"": ""explicit_mnn"", ""source_class"": ""product_card"", ""card_fetched"": true, ""fetched_at"": ""2026-08-13T19:30:07+00:00"", ""http_status"": 0, ""parser_version"": ""mnn_source_identity_v1"", ""query"": ""Дюспаталин 135 мг таблетки"", ""matched_brand"": null, ""matched_form"": ""таблетки"", ""matched_dosage"": ""135мг"", ""matched_pack"": ""30"", ""serp_match_score"": 1.0, ""error"": null, ""match_status"": ""accepted"", ""match_score"": 0.85, ""match_reasons"": [""brand_title_match:+0.50"", ""dose_match:+0.20"", ""form_match:+0.15""], ""match_axes"": [""brand_title"", ""dose"", ""form""], ""hard_contradiction"": false, ""matched_product_title"": ""Дюспаталин Дуо, 135 мг + 84,43 мг, табл. п.о, 30 шт.""}]","[{""source"": ""uteka"", ""raw_mnn"": ""Мебеверин + Симетикон"", ""field_type"": ""explicit_mnn"", ""canonical_components"": [""Мебеверин"", ""Симетикон""], ""url"": ""https://uteka.ru/product/dyuspatalin-duo-403549/"", ""title"": ""Дюспаталин Дуо, 135 мг + 84,43 мг, табл. п.о, 30 шт."", ""match_status"": ""accepted"", ""match_score"": 0.85, ""source_class"": ""product_card"", ""parse_warnings"": []}, {""source"": ""apteka"", ""raw_mnn"": ""Симетикон, Мебеверин"", ""field_type"": ""explicit_mnn"", ""canonical_components"": [], ""url"": ""https://apteka.ru/product/dyuspatalin-duo-135-mg8443-mg-30-sht-tabletki-pokrytye-plenochnoj-obolochkoj-65857c146365683593e5fbf2/"", ""title"": ""dyuspatalin duo 135 mg8443 mg 30 sht tabletki pokrytye plenochnoj obolochkoj"", ""match_status"": ""rejected"", ""match_score"": -0.4, ""source_class"": ""product_card"", ""parse_warnings"": []}, {""source"": ""asna"", ""raw_mnn"": ""Мебеверин"", ""field_type"": ""explicit_mnn"", ""canonical_components"": [], ""url"": ""https://www.asna.ru/cards/dyuspatalin_135mg_n15_tab_pokrytye_obolochkoy_verofarm_ao.html"", ""title"": ""/cards/dyuspatalin_135mg_n15_tab_pokrytye_obolochkoy_verofarm_ao.html"", ""match_status"": ""rejected"", ""match_score"": -0.25, ""source_class"": ""product_card"", ""parse_warnings"": []}, {""source"": ""vidal"", ""raw_mnn"": ""Симетикон"", ""field_type"": ""explicit_mnn"", ""canonical_components"": [], ""url"": ""https://www.vidal.ru/drugs/dyuspatalin-duo"", ""title"": ""Дюспаталин"", ""match_status"": ""ambiguous"", ""match_score"": 0.5, ""source_class"": ""product_card"", ""parse_warnings"": []}, {""source"": ""stolichki"", ""raw_mnn"": null, ""field_type"": ""unknown"", ""canonical_components"": [], ""url"": null, ""title"": null, ""match_status"": ""ambiguous"", ""match_score"": 0.0, ""source_class"": ""search_only"", ""parse_warnings"": []}]"
19875,ДОЛГИТБЛОК ГЕЛЬ Д/НАРУЖ. ПРИМ. 5%+3% ТУБА 20Г | ДОЛОРГИТ ГМБХ И КО.КГ | ДОЛОРГИТ ГМБХ И КО.КГ,drug,,otc,,none,none,no_known_inn_token,0,3,2,,[],,unresolved_catalog,empty,unknown,unknown,,,false,,unresolved,true,catalog_accept_removed,"[{""source"": ""uteka"", ""url"": ""https://uteka.ru/product/dolgitblok-388664/"", ""title"": ""Долгитблок, 5%+3%, гель д/наружн. прим, 100 г, 1 шт."", ""raw_mnn"": ""Ибупрофен + Левоментол"", ""mnn"": ""Ибупрофен + Левоментол"", ""raw_rx_otc"": ""otc"", ""field_type"": ""explicit_mnn"", ""source_class"": ""product_card"", ""card_fetched"": true, ""fetched_at"": ""2026-08-13T19:30:12+00:00"", ""http_status"": 0, ""parser_version"": ""mnn_source_identity_v1"", ""query"": ""Долгитблок 5%+3% гель"", ""matched_brand"": null, ""matched_form"": ""гель"", ""matched_dosage"": ""100г"", ""matched_pack"": ""1"", ""serp_match_score"": 1.0, ""error"": null, ""match_status"": ""rejected"", ""match_score"": 0.35, ""match_reasons"": [""brand_title_match:+0.50"", ""dose_conflict:-0.30"", ""form_match:+0.15""], ""match_axes"": [""brand_title"", ""form""], ""hard_contradiction"": true, ""matched_product_title"": ""Долгитблок, 5%+3%, гель д/наружн. прим, 100 г, 1 шт.""}, {""source"": ""apteka"", ""url"": ""https://apteka.ru/product/dolgitblok-53-gel-dlya-naruzhnogo-primeneniya-100-gr-64465a7e38405b69ba32d00d/"", ""title"": ""dolgitblok 53 gel dlya naruzhnogo primeneniya 100 gr"", ""raw_mnn"": ""Ибупрофен, Левоментол"", ""mnn"": ""Ибупрофен, Левоментол"", ""raw_rx_otc"": null, ""field_type"": ""explicit_mnn"", ""source_class"": ""product_card"", ""card_fetched"": true, ""fetched_at"": ""2026-08-13T19:30:14+00:00"", ""http_status"": 0, ""parser_version"": ""mnn_source_identity_v1"", ""query"": ""Долгитблок 5%+3% гель"", ""matched_brand"": null, ""matched_form"": null, ""matched_dosage"": null, ""matched_pack"": null, ""serp_match_score"": 0.775, ""error"": null, ""match_status"": ""rejected"", ""match_score"": -0.45, ""match_reasons"": [""brand_title_conflict:-0.60"", ""dose_card_unknown"", ""form_match:+0.15""], ""match_axes"": [""form""], ""hard_contradiction"": true, ""matched_product_title"": ""dolgitblok 53 gel dlya naruzhnogo primeneniya 100 gr""}, {""source"": ""asna"", ""url"": ""https://www.asna.ru/cards/dolgitblok_5_3_100g_gel_dnaruzhnogo_primeneniya_dolorgit_gmbkh_i_kokg.html"", ""title"": ""/cards/dolgitblok_5_3_100g_gel_dnaruzhnogo_primeneniya_dolorgit_gmbkh_i_kokg.html"", ""raw_mnn"": ""Ибупрофен+ Левоментол"", ""mnn"": ""Ибупрофен+ Левоментол"", ""raw_rx_otc"": ""otc"", ""field_type"": ""explicit_mnn"", ""source_class"": ""product_card"", ""card_fetched"": true, ""fetched_at"": ""2026-08-13T19:30:13+00:00"", ""http_status"": 0, ""parser_version"": ""mnn_source_identity_v1"", ""query"": ""Долгитблок 5%+3% гель"", ""matched_brand"": null, ""matched_form"": null, ""matched_dosage"": null, ""matched_pack"": null, ""serp_match_score"": 0.4, ""error"": null, ""match_status"": ""rejected"", ""match_score"": -0.45, ""match_reasons"": [""brand_title_conflict:-0.60"", ""dose_card_unknown"", ""form_match:+0.15""], ""match_axes"": [""form""], ""hard_contradiction"": true, ""matched_product_title"": ""/cards/dolgitblok_5_3_100g_gel_dnaruzhnogo_primeneniya_dolorgit_gmbkh_i_kokg.html""}]",[],"[{""source"": ""uteka"", ""raw_mnn"": ""Ибупрофен + Левоментол"", ""field_type"": ""explicit_mnn"", ""canonical_components"": [], ""url"": ""https://uteka.ru/product/dolgitblok-388664/"", ""title"": ""Долгитблок, 5%+3%, гель д/наружн. прим, 100 г, 1 шт."", ""match_status"": ""rejected"", ""match_score"": 0.35, ""source_class"": ""product_card"", ""parse_warnings"": []}, {""source"": ""apteka"", ""raw_mnn"": ""Ибупрофен, Левоментол"", ""field_type"": ""explicit_mnn"", ""canonical_components"": [], ""url"": ""https://apteka.ru/product/dolgitblok-53-gel-dlya-naruzhnogo-primeneniya-100-gr-64465a7e38405b69ba32d00d/"", ""title"": ""dolgitblok 53 gel dlya naruzhnogo primeneniya 100 gr"", ""match_status"": ""rejected"", ""match_score"": -0.45, ""source_class"": ""product_card"", ""parse_warnings"": []}, {""source"": ""asna"", ""raw_mnn"": ""Ибупрофен+ Левоментол"", ""field_type"": ""explicit_mnn"", ""canonical_components"": [], ""url"": ""https://www.asna.ru/cards/dolgitblok_5_3_100g_gel_dnaruzhnogo_primeneniya_dolorgit_gmbkh_i_kokg.html"", ""title"": ""/cards/dolgitblok_5_3_100g_gel_dnaruzhnogo_primeneniya_dolorgit_gmbkh_i_kokg.html"", ""match_status"": ""rejected"", ""match_score"": -0.45, ""source_class"": ""product_card"", ""parse_warnings"": []}, {""source"": ""vidal"", ""raw_mnn"": ""Ибупрофен"", ""field_type"": ""explicit_mnn"", ""canonical_components"": [], ""url"": ""https://www.vidal.ru/drugs/dolgitblok"", ""title"": ""Долгитблок"", ""match_status"": ""ambiguous"", ""match_score"": 0.5, ""source_class"": ""product_card"", ""parse_warnings"": []}, {""source"": ""stolichki"", ""raw_mnn"": null, ""field_type"": ""unknown"", ""canonical_components"": [], ""url"": null, ""title"": null, ""match_status"": ""ambiguous"", ""match_score"": 0.0, ""source_class"": ""search_only"", ""parse_warnings"": []}]"
20027,ДОКСАЗОЗИН ТАБЛ. 2МГ №30 ОЗОН | ОЗОН ООО | ОЗОН ООО,drug,Доксазозин,rx,,none,none,no_known_inn_token,1,1,3,,[],,resolved_enrichment,single_source,unknown,unknown,Доксазозин,ok,true,Доксазозин,enrichment,false,sources_rejected_same_final,"[{""source"": ""apteka"", ""url"": ""https://apteka.ru/product/doksazozin-2-mg-30-sht-tabletki-671f188544648086ba3c53bc/"", ""title"": ""doksazozin 2 mg 30 sht tabletki"", ""raw_mnn"": ""Доксазозин"", ""mnn"": ""Доксазозин"", ""raw_rx_otc"": ""rx"", ""field_type"": ""explicit_mnn"", ""source_class"": ""product_card"", ""card_fetched"": true, ""fetched_at"": ""2026-08-13T19:30:19+00:00"", ""http_status"": 0, ""parser_version"": ""mnn_source_identity_v1"", ""query"": ""ДОКСАЗОЗИН 2 мг таблетки"", ""matched_brand"": null, ""matched_form"": null, ""matched_dosage"": null, ""matched_pack"": ""2"", ""serp_match_score"": 0.45, ""error"": null, ""match_status"": ""rejected"", ""match_score"": -0.4, ""match_reasons"": [""brand_title_conflict:-0.60"", ""dose_match:+0.20""], ""match_axes"": [""dose""], ""hard_contradiction"": true, ""matched_product_title"": ""doksazozin 2 mg 30 sht tabletki""}]","[{""source"": ""uteka"", ""url"": ""https://uteka.ru/product/doksazozin-293080/"", ""title"": ""Доксазозин, 2 мг, табл, 30 шт."", ""raw_mnn"": ""Доксазозин"", ""mnn"": ""Доксазозин"", ""raw_rx_otc"": ""rx"", ""field_type"": ""explicit_mnn"", ""source_class"": ""product_card"", ""card_fetched"": true, ""fetched_at"": ""2026-08-13T19:30:16+00:00"", ""http_status"": 0, ""parser_version"": ""mnn_source_identity_v1"", ""query"": ""ДОКСАЗОЗИН 2 мг таблетки"", ""matched_brand"": null, ""matched_form"": ""таблетки"", ""matched_dosage"": ""2мг"", ""matched_pack"": ""30"", ""serp_match_score"": 0.7667, ""error"": null, ""match_status"": ""accepted"", ""match_score"": 0.85, ""match_reasons"": [""brand_title_match:+0.50"", ""dose_match:+0.20"", ""form_match:+0.15""], ""match_axes"": [""brand_title"", ""dose"", ""form""], ""hard_contradiction"": false, ""matched_product_title"": ""Доксазозин, 2 мг, табл, 30 шт.""}]","[{""source"": ""uteka"", ""raw_mnn"": ""Доксазозин"", ""field_type"": ""explicit_mnn"", ""canonical_components"": [""Доксазозин""], ""url"": ""https://uteka.ru/product/doksazozin-293080/"", ""title"": ""Доксазозин, 2 мг, табл, 30 шт."", ""match_status"": ""accepted"", ""match_score"": 0.85, ""source_class"": ""product_card"", ""parse_warnings"": []}, {""source"": ""apteka"", ""raw_mnn"": ""Доксазозин"", ""field_type"": ""explicit_mnn"", ""canonical_components"": [], ""url"": ""https://apteka.ru/product/doksazozin-2-mg-30-sht-tabletki-671f188544648086ba3c53bc/"", ""title"": ""doksazozin 2 mg 30 sht tabletki"", ""match_status"": ""rejected"", ""match_score"": -0.4, ""source_class"": ""product_card"", ""parse_warnings"": []}, {""source"": ""asna"", ""raw_mnn"": null, ""field_type"": ""unknown"", ""canonical_components"": [], ""url"": ""https://www.asna.ru/cards/doksazozin-teva_4mg_n30_tab_teva_pharmaceutical_works_private_co.html"", ""title"": ""/cards/doksazozin-teva_4mg_n30_tab_teva_pharmaceutical_works_private_co.html"", ""match_status"": ""ambiguous"", ""match_score"": 0.0, ""source_class"": ""search_only"", ""parse_warnings"": []}, {""source"": ""vidal"", ""raw_mnn"": null, ""field_type"": ""unknown"", ""canonical_components"": [], ""url"": ""https://www.vidal.ru/drugs/products"", ""title"": ""По алфавиту"", ""match_status"": ""ambiguous"", ""match_score"": 0.0, ""source_class"": ""search_only"", ""parse_warnings"": []}, {""source"": ""stolichki"", ""raw_mnn"": null, ""field_type"": ""unknown"", ""canonical_components"": [], ""url"": null, ""title"": null, ""match_status"": ""ambiguous"", ""match_score"": 0.0, ""source_class"": ""search_only"", ""parse_warnings"": []}]"
20122,ДИОСМИН ТАБЛ. П/ПЛЕН/ОБ. 600МГ №60 ОЗОН | ОЗОН ООО | ОЗОН ООО,drug,Диосмин,otc,Диосмин,strong,high,exact_normalized_text_token_start,1,2,2,,[],,resolved_input_explicit,single_source,unknown,unknown,,,false,Диосмин,input_explicit_mnn,false,catalog_accept_removed,"[{""source"": ""apteka"", ""url"": ""https://apteka.ru/product/diosmin-600-mg-30-sht-tabletki-pokrytye-plenochnoj-obolochkoj-5e32754d65b5ab00016573ff/"", ""title"": ""diosmin 600 mg 30 sht tabletki pokrytye plenochnoj obolochkoj"", ""raw_mnn"": ""Диосмин"", ""mnn"": ""Диосмин"", ""raw_rx_otc"": null, ""field_type"": ""explicit_mnn"", ""source_class"": ""product_card"", ""card_fetched"": true, ""fetched_at"": ""2026-08-13T19:30:23+00:00"", ""http_status"": 0, ""parser_version"": ""mnn_source_identity_v1"", ""query"": ""Диосмин 600 мг таблетки"", ""matched_brand"": null, ""matched_form"": null, ""matched_dosage"": null, ""matched_pack"": ""600"", ""serp_match_score"": 1.0, ""error"": null, ""match_status"": ""rejected"", ""match_score"": -0.4, ""match_reasons"": [""brand_title_conflict:-0.60"", ""dose_match:+0.20""], ""match_axes"": [""dose""], ""hard_contradiction"": true, ""matched_product_title"": ""diosmin 600 mg 30 sht tabletki pokrytye plenochnoj obolochkoj""}, {""source"": ""asna"", ""url"": ""https://www.asna.ru/cards/diosmin_600mg_n60_tab_pokrytye_plenochnoy_obolochkoy_verteks.html"", ""title"": ""/cards/diosmin_600mg_n60_tab_pokrytye_plenochnoy_obolochkoy_verteks.html"", ""raw_mnn"": ""Диосмин"", ""mnn"": ""Диосмин"", ""raw_rx_otc"": ""otc"", ""field_type"": ""explicit_mnn"", ""source_class"": ""product_card"", ""card_fetched"": true, ""fetched_at"": ""2026-08-13T19:30:22+00:00"", ""http_status"": 0, ""parser_version"": ""mnn_source_identity_v1"", ""query"": ""Диосмин 600 мг таблетки"", ""matched_brand"": null, ""matched_form"": null, ""matched_dosage"": null, ""matched_pack"": null, ""serp_match_score"": 0.5, ""error"": null, ""match_status"": ""rejected"", ""match_score"": -0.25, ""match_reasons"": [""brand_title_conflict:-0.60"", ""dose_match:+0.20"", ""form_match:+0.15""], ""match_axes"": [""dose"", ""form""], ""hard_contradiction"": true, ""matched_product_title"": ""/cards/diosmin_600mg_n60_tab_pokrytye_plenochnoy_obolochkoy_verteks.html""}]","[{""source"": ""uteka"", ""url"": ""https://uteka.ru/product/diosmin-357058/"", ""title"": ""Диосмин, 600 мг, табл. п.п.о, 60 шт."", ""raw_mnn"": ""Диосмин"", ""mnn"": ""Диосмин"", ""raw_rx_otc"": ""otc"", ""field_type"": ""explicit_mnn"", ""source_class"": ""product_card"", ""card_fetched"": true, ""fetched_at"": ""2026-08-13T19:30:21+00:00"", ""http_status"": 0, ""parser_version"": ""mnn_source_identity_v1"", ""query"": ""Диосмин 600 мг таблетки"", ""matched_brand"": null, ""matched_form"": ""таблетки"", ""matched_dosage"": ""600мг"", ""matched_pack"": ""60"", ""serp_match_score"": 1.0, ""error"": null, ""match_status"": ""accepted"", ""match_score"": 0.85, ""match_reasons"": [""brand_title_match:+0.50"", ""dose_match:+0.20"", ""form_match:+0.15""], ""match_axes"": [""brand_title"", ""dose"", ""form""], ""hard_contradiction"": false, ""matched_product_title"": ""Диосмин, 600 мг, табл. п.п.о, 60 шт.""}]","[{""source"": ""uteka"", ""raw_mnn"": ""Диосмин"", ""field_type"": ""explicit_mnn"", ""canonical_components"": [""Диосмин""], ""url"": ""https://uteka.ru/product/diosmin-357058/"", ""title"": ""Диосмин, 600 мг, табл. п.п.о, 60 шт."", ""match_status"": ""accepted"", ""match_score"": 0.85, ""source_class"": ""product_card"", ""parse_warnings"": []}, {""source"": ""apteka"", ""raw_mnn"": ""Диосмин"", ""field_type"": ""explicit_mnn"", ""canonical_components"": [], ""url"": ""https://apteka.ru/product/diosmin-600-mg-30-sht-tabletki-pokrytye-plenochnoj-obolochkoj-5e32754d65b5ab00016573ff/"", ""title"": ""diosmin 600 mg 30 sht tabletki pokrytye plenochnoj obolochkoj"", ""match_status"": ""rejected"", ""match_score"": -0.4, ""source_class"": ""product_card"", ""parse_warnings"": []}, {""source"": ""asna"", ""raw_mnn"": ""Диосмин"", ""field_type"": ""explicit_mnn"", ""canonical_components"": [], ""url"": ""https://www.asna.ru/cards/diosmin_600mg_n60_tab_pokrytye_plenochnoy_obolochkoy_verteks.html"", ""title"": ""/cards/diosmin_600mg_n60_tab_pokrytye_plenochnoy_obolochkoy_verteks.html"", ""match_status"": ""rejected"", ""match_score"": -0.25, ""source_class"": ""product_card"", ""parse_warnings"": []}, {""source"": ""vidal"", ""raw_mnn"": ""Диосмин"", ""field_type"": ""explicit_mnn"", ""canonical_components"": [], ""url"": ""https://www.vidal.ru/drugs/diosmin"", ""title"": ""Диосмин"", ""match_status"": ""ambiguous"", ""match_score"": 0.5, ""source_class"": ""product_card"", ""parse_warnings"": []}, {""source"": ""stolichki"", ""raw_mnn"": null, ""field_type"": ""unknown"", ""canonical_components"": [], ""url"": null, ""title"": null, ""match_status"": ""ambiguous"", ""match_score"": 0.0, ""source_class"": ""search_only"", ""parse_warnings"": []}]"
20151,ДИОВЕНГЕС ТАБЛ. П/ПЛЕН/ОБ. 100МГ+900МГ №30 | ФАРМВИЛАР НПО ООО | ФАРМВИЛАР НПО ООО,drug,,,,none,none,no_known_inn_token,0,2,3,,[],,unresolved_catalog,empty,unknown,unknown,,,false,,unresolved,true,catalog_accept_removed,"[{""source"": ""apteka"", ""url"": ""https://apteka.ru/product/diovenges-100-mg900-mg-60-sht-tabletki-pokrytye-plenochnoj-obolochkoj-663b67e2297949542e9a26f5/"", ""title"": ""diovenges 100 mg900 mg 60 sht tabletki pokrytye plenochnoj obolochkoj"", ""raw_mnn"": ""Гесперидин, Диосмин"", ""mnn"": ""Гесперидин, Диосмин"", ""raw_rx_otc"": null, ""field_type"": ""explicit_mnn"", ""source_class"": ""product_card"", ""card_fetched"": true, ""fetched_at"": ""2026-08-13T19:30:27+00:00"", ""http_status"": 0, ""parser_version"": ""mnn_source_identity_v1"", ""query"": ""Диовенгес 100 мг + 900 мг таблетки"", ""matched_brand"": null, ""matched_form"": null, ""matched_dosage"": null, ""matched_pack"": null, ""serp_match_score"": 0.91, ""error"": null, ""match_status"": ""rejected"", ""match_score"": -0.4, ""match_reasons"": [""brand_title_conflict:-0.60"", ""dose_match:+0.20""], ""match_axes"": [""dose""], ""hard_contradiction"": true, ""matched_product_title"": ""diovenges 100 mg900 mg 60 sht tabletki pokrytye plenochnoj obolochkoj""}, {""source"": ""asna"", ""url"": ""https://www.asna.ru/cards/diovenges_100mg900mg_n60_tab_pokrytye_plenochnoy_obolochkoy_farmvilar_npo.html"", ""title"": ""/cards/diovenges_100mg900mg_n60_tab_pokrytye_plenochnoy_obolochkoy_farmvilar_npo.html"", ""raw_mnn"": ""Гесперидин + Диосмин"", ""mnn"": ""Гесперидин + Диосмин"", ""raw_rx_otc"": ""otc"", ""field_type"": ""explicit_mnn"", ""source_class"": ""product_card"", ""card_fetched"": true, ""fetched_at"": ""2026-08-13T19:30:26+00:00"", ""http_status"": 0, ""parser_version"": ""mnn_source_identity_v1"", ""query"": ""Диовенгес 100 мг + 900 мг таблетки"", ""matched_brand"": null, ""matched_form"": null, ""matched_dosage"": null, ""matched_pack"": null, ""serp_match_score"": 0.5, ""error"": null, ""match_status"": ""rejected"", ""match_score"": -0.25, ""match_reasons"": [""brand_title_conflict:-0.60"", ""dose_match:+0.20"", ""form_match:+0.15""], ""match_axes"": [""dose"", ""form""], ""hard_contradiction"": true, ""matched_product_title"": ""/cards/diovenges_100mg900mg_n60_tab_pokrytye_plenochnoy_obolochkoy_farmvilar_npo.html""}]",[],"[{""source"": ""apteka"", ""raw_mnn"": ""Гесперидин, Диосмин"", ""field_type"": ""explicit_mnn"", ""canonical_components"": [], ""url"": ""https://apteka.ru/product/diovenges-100-mg900-mg-60-sht-tabletki-pokrytye-plenochnoj-obolochkoj-663b67e2297949542e9a26f5/"", ""title"": ""diovenges 100 mg900 mg 60 sht tabletki pokrytye plenochnoj obolochkoj"", ""match_status"": ""rejected"", ""match_score"": -0.4, ""source_class"": ""product_card"", ""parse_warnings"": []}, {""source"": ""asna"", ""raw_mnn"": ""Гесперидин + Диосмин"", ""field_type"": ""explicit_mnn"", ""canonical_components"": [], ""url"": ""https://www.asna.ru/cards/diovenges_100mg900mg_n60_tab_pokrytye_plenochnoy_obolochkoy_farmvilar_npo.html"", ""title"": ""/cards/diovenges_100mg900mg_n60_tab_pokrytye_plenochnoy_obolochkoy_farmvilar_npo.html"", ""match_status"": ""rejected"", ""match_score"": -0.25, ""source_class"": ""product_card"", ""parse_warnings"": []}, {""source"": ""uteka"", ""raw_mnn"": null, ""field_type"": ""unknown"", ""canonical_components"": [], ""url"": null, ""title"": null, ""match_status"": ""ambiguous"", ""match_score"": 0.0, ""source_class"": ""search_only"", ""parse_warnings"": []}, {""source"": ""vidal"", ""raw_mnn"": ""Диосмин"", ""field_type"": ""explicit_mnn"", ""canonical_components"": [], ""url"": ""https://www.vidal.ru/drugs/diovenges"", ""title"": ""Диовенгес"", ""match_status"": ""ambiguous"", ""match_score"": 0.5, ""source_class"": ""product_card"", ""parse_warnings"": []}, {""source"": ""stolichki"", ""raw_mnn"": null, ""field_type"": ""unknown"", ""canonical_components"": [], ""url"": null, ""title"": null, ""match_status"": ""ambiguous"", ""match_score"": 0.0, ""source_class"": ""search_only"", ""parse_warnings"": []}]"
20290,ДИКЛОФЕНАК-АКОС Р-Р ДЛЯ В/М ВВЕД. 25МГ/МЛ АМП. 3МЛ №5 | СИНТЕЗ | СИНТЕЗ,drug,Диклофенак,rx,,none,none,no_known_inn_token,1,2,2,,[],,unresolved_catalog,single_source,unknown,unknown,,,false,,unresolved,true,catalog_accept_removed,"[{""source"": ""apteka"", ""url"": ""https://apteka.ru/product/diklofenak-25-mgml-rastvor-dlya-vnutrimyshechnogo-vvedeniya-3-ml-ampuly-5-sht-5e326bc9ca7bdc000192e980/"", ""title"": ""diklofenak 25 mgml rastvor dlya vnutrimyshechnogo vvedeniya 3 ml ampuly 5 sht"", ""raw_mnn"": ""Диклофенак"", ""mnn"": ""Диклофенак"", ""raw_rx_otc"": ""rx"", ""field_type"": ""explicit_mnn"", ""source_class"": ""product_card"", ""card_fetched"": true, ""fetched_at"": ""2026-08-13T19:30:31+00:00"", ""http_status"": 0, ""parser_version"": ""mnn_source_identity_v1"", ""query"": ""Диклофенак-АКОС 25 мг/мл, 3 мл раствор"", ""matched_brand"": null, ""matched_form"": null, ""matched_dosage"": null, ""matched_pack"": null, ""serp_match_score"": 0.3214, ""error"": null, ""match_status"": ""rejected"", ""match_score"": -0.25, ""match_reasons"": [""brand_title_conflict:-0.60"", ""dose_match:+0.20"", ""form_match:+0.15""], ""match_axes"": [""dose"", ""form""], ""hard_contradiction"": true, ""matched_product_title"": ""diklofenak 25 mgml rastvor dlya vnutrimyshechnogo vvedeniya 3 ml ampuly 5 sht""}, {""source"": ""asna"", ""url"": ""https://www.asna.ru/cards/diklofenak-akos_1_30g_maz_dnaruzhnogo_primeneniya_sintez.html"", ""title"": ""/cards/diklofenak-akos_1_30g_maz_dnaruzhnogo_primeneniya_sintez.html"", ""raw_mnn"": ""Диклофенак"", ""mnn"": ""Диклофенак"", ""raw_rx_otc"": ""otc"", ""field_type"": ""explicit_mnn"", ""source_class"": ""product_card"", ""card_fetched"": true, ""fetched_at"": ""2026-08-13T19:30:31+00:00"", ""http_status"": 0, ""parser_version"": ""mnn_source_identity_v1"", ""query"": ""Диклофенак-АКОС 25 мг/мл, 3 мл"", ""matched_brand"": null, ""matched_form"": null, ""matched_dosage"": null, ""matched_pack"": null, ""serp_match_score"": 0.4, ""error"": null, ""match_status"": ""rejected"", ""match_score"": -0.6, ""match_reasons"": [""brand_title_conflict:-0.60"", ""dose_card_unknown""], ""match_axes"": [], ""hard_contradiction"": true, ""matched_product_title"": ""/cards/diklofenak-akos_1_30g_maz_dnaruzhnogo_primeneniya_sintez.html""}]","[{""source"": ""uteka"", ""url"": ""https://uteka.ru/product/diklofenak-akos-164982/"", ""title"": ""Диклофенак-АКОС, 25 мг/мл, р-р для в/м введ, 3 мл, 5 шт."", ""raw_mnn"": ""Диклофенак"", ""mnn"": ""Диклофенак"", ""raw_rx_otc"": ""rx"", ""field_type"": ""explicit_mnn"", ""source_class"": ""product_card"", ""card_fetched"": true, ""fetched_at"": ""2026-08-13T19:30:29+00:00"", ""http_status"": 0, ""parser_version"": ""mnn_source_identity_v1"", ""query"": ""Диклофенак-АКОС 25 мг/мл, 3 мл раствор"", ""matched_brand"": null, ""matched_form"": ""раствор"", ""matched_dosage"": ""25мг"", ""matched_pack"": ""5"", ""serp_match_score"": 1.0, ""error"": null, ""match_status"": ""accepted"", ""match_score"": 0.85, ""match_reasons"": [""brand_title_match:+0.50"", ""dose_match:+0.20"", ""form_match:+0.15""], ""match_axes"": [""brand_title"", ""dose"", ""form""], ""hard_contradiction"": false, ""matched_product_title"": ""Диклофенак-АКОС, 25 мг/мл, р-р для в/м введ, 3 мл, 5 шт.""}]","[{""source"": ""uteka"", ""raw_mnn"": ""Диклофенак"", ""field_type"": ""explicit_mnn"", ""canonical_components"": [""Диклофенак""], ""url"": ""https://uteka.ru/product/diklofenak-akos-164982/"", ""title"": ""Диклофенак-АКОС, 25 мг/мл, р-р для в/м введ, 3 мл, 5 шт."", ""match_status"": ""accepted"", ""match_score"": 0.85, ""source_class"": ""product_card"", ""parse_warnings"": []}, {""source"": ""apteka"", ""raw_mnn"": ""Диклофенак"", ""field_type"": ""explicit_mnn"", ""canonical_components"": [], ""url"": ""https://apteka.ru/product/diklofenak-25-mgml-rastvor-dlya-vnutrimyshechnogo-vvedeniya-3-ml-ampuly-5-sht-5e326bc9ca7bdc000192e980/"", ""title"": ""diklofenak 25 mgml rastvor dlya vnutrimyshechnogo vvedeniya 3 ml ampuly 5 sht"", ""match_status"": ""rejected"", ""match_score"": -0.25, ""source_class"": ""product_card"", ""parse_warnings"": []}, {""source"": ""asna"", ""raw_mnn"": ""Диклофенак"", ""field_type"": ""explicit_mnn"", ""canonical_components"": [], ""url"": ""https://www.asna.ru/cards/diklofenak-akos_1_30g_maz_dnaruzhnogo_primeneniya_sintez.html"", ""title"": ""/cards/diklofenak-akos_1_30g_maz_dnaruzhnogo_primeneniya_sintez.html"", ""match_status"": ""rejected"", ""match_score"": -0.6, ""source_class"": ""product_card"", ""parse_warnings"": []}, {""source"": ""vidal"", ""raw_mnn"": ""Диклофенак"", ""field_type"": ""explicit_mnn"", ""canonical_components"": [], ""url"": ""https://www.vidal.ru/drugs/diclofenac-akos-4"", ""title"": ""Диклофенак-АКОС"", ""match_status"": ""ambiguous"", ""match_score"": 0.5, ""source_class"": ""product_card"", ""parse_warnings"": []}, {""source"": ""stolichki"", ""raw_mnn"": null, ""field_type"": ""unknown"", ""canonical_components"": [], ""url"": null, ""title"": null, ""match_status"": ""ambiguous"", ""match_score"": 0.0, ""source_class"": ""search_only"", ""parse_warnings"": []}]"
20291,"ДИКЛОФЕНАК-АКОС КАПЛИ ГЛАЗН. 0,1% ФЛ. 5МЛ | СИНТЕЗ | СИНТЕЗ",drug,Диклофенак,rx,,none,none,no_known_inn_token,0,2,3,,[],,unresolved_catalog,empty,unknown,unknown,,,false,,unresolved,true,catalog_accept_removed,"[{""source"": ""apteka"", ""url"": ""https://apteka.ru/product/diklofenak-teva-1-gel-dlya-naruzhnogo-primeneniya-100-gr-5e327525ca7bdc0001932da1/"", ""title"": ""diklofenak teva 1 gel dlya naruzhnogo primeneniya 100 gr"", ""raw_mnn"": ""Диклофенак"", ""mnn"": ""Диклофенак"", ""raw_rx_otc"": null, ""field_type"": ""explicit_mnn"", ""source_class"": ""product_card"", ""card_fetched"": true, ""fetched_at"": ""2026-08-13T19:30:36+00:00"", ""http_status"": 0, ""parser_version"": ""mnn_source_identity_v1"", ""query"": ""Диклофенак-АКОС 0,1%"", ""matched_brand"": null, ""matched_form"": null, ""matched_dosage"": null, ""matched_pack"": null, ""serp_match_score"": 0.225, ""error"": null, ""match_status"": ""rejected"", ""match_score"": -0.85, ""match_reasons"": [""brand_title_conflict:-0.60"", ""dose_card_unknown"", ""form_conflict:-0.25""], ""match_axes"": [], ""hard_contradiction"": true, ""matched_product_title"": ""diklofenak teva 1 gel dlya naruzhnogo primeneniya 100 gr""}, {""source"": ""asna"", ""url"": ""https://www.asna.ru/cards/diklofenak-akos_1_30g_maz_dnaruzhnogo_primeneniya_sintez.html"", ""title"": ""/cards/diklofenak-akos_1_30g_maz_dnaruzhnogo_primeneniya_sintez.html"", ""raw_mnn"": ""Диклофенак"", ""mnn"": ""Диклофенак"", ""raw_rx_otc"": ""otc"", ""field_type"": ""explicit_mnn"", ""source_class"": ""product_card"", ""card_fetched"": true, ""fetched_at"": ""2026-08-13T19:30:35+00:00"", ""http_status"": 0, ""parser_version"": ""mnn_source_identity_v1"", ""query"": ""Диклофенак-АКОС 0,1%"", ""matched_brand"": null, ""matched_form"": null, ""matched_dosage"": null, ""matched_pack"": null, ""serp_match_score"": 0.4, ""error"": null, ""match_status"": ""rejected"", ""match_score"": -0.6, ""match_reasons"": [""brand_title_conflict:-0.60"", ""dose_card_unknown""], ""match_axes"": [], ""hard_contradiction"": true, ""matched_product_title"": ""/cards/diklofenak-akos_1_30g_maz_dnaruzhnogo_primeneniya_sintez.html""}]",[],"[{""source"": ""apteka"", ""raw_mnn"": ""Диклофенак"", ""field_type"": ""explicit_mnn"", ""canonical_components"": [], ""url"": ""https://apteka.ru/product/diklofenak-teva-1-gel-dlya-naruzhnogo-primeneniya-100-gr-5e327525ca7bdc0001932da1/"", ""title"": ""diklofenak teva 1 gel dlya naruzhnogo primeneniya 100 gr"", ""match_status"": ""rejected"", ""match_score"": -0.85, ""source_class"": ""product_card"", ""parse_warnings"": []}, {""source"": ""asna"", ""raw_mnn"": ""Диклофенак"", ""field_type"": ""explicit_mnn"", ""canonical_components"": [], ""url"": ""https://www.asna.ru/cards/diklofenak-akos_1_30g_maz_dnaruzhnogo_primeneniya_sintez.html"", ""title"": ""/cards/diklofenak-akos_1_30g_maz_dnaruzhnogo_primeneniya_sintez.html"", ""match_status"": ""rejected"", ""match_score"": -0.6, ""source_class"": ""product_card"", ""parse_warnings"": []}, {""source"": ""uteka"", ""raw_mnn"": null, ""field_type"": ""unknown"", ""canonical_components"": [], ""url"": null, ""title"": null, ""match_status"": ""ambiguous"", ""match_score"": 0.0, ""source_class"": ""search_only"", ""parse_warnings"": []}, {""source"": ""vidal"", ""raw_mnn"": ""Диклофенак"", ""field_type"": ""explicit_mnn"", ""canonical_components"": [], ""url"": ""https://www.vidal.ru/drugs/diclofenac-akos-4"", ""title"": ""Диклофенак-АКОС"", ""match_status"": ""ambiguous"", ""match_score"": 0.5, ""source_class"": ""product_card"", ""parse_warnings"": []}, {""source"": ""stolichki"", ""raw_mnn"": null, ""field_type"": ""unknown"", ""canonical_components"": [], ""url"": null, ""title"": null, ""match_status"": ""ambiguous"", ""match_score"": 0.0, ""source_class"": ""search_only"", ""parse_warnings"": []}]"
20364,"ДИБАЗОЛ ТАБЛ. 0,02Г №10 МОСКОВСКАЯ ФФ | МОСКОВСКАЯ ФФ | МОСКОВСКАЯ ФФ",drug,Бендазол,rx,,none,none,no_known_inn_token,1,1,3,,[],,unresolved_catalog,single_source,unknown,unknown,,,false,,unresolved,true,catalog_accept_removed,"[{""source"": ""vidal"", ""url"": ""https://www.vidal.ru/drugs/dibazol_tablets_0_02__28001"", ""title"": ""Дибазола таблетки 0.02 г"", ""raw_mnn"": ""Бендазол"", ""mnn"": ""Бендазол"", ""raw_rx_otc"": ""otc"", ""field_type"": ""explicit_mnn"", ""source_class"": ""product_card"", ""card_fetched"": true, ""fetched_at"": ""2026-08-13T19:30:41+00:00"", ""http_status"": 0, ""parser_version"": ""mnn_source_identity_v1"", ""query"": ""ДИБАЗОЛ 0,02 г таблетки"", ""matched_brand"": null, ""matched_form"": ""таблетки"", ""matched_dosage"": ""0.02г"", ""matched_pack"": null, ""serp_match_score"": 1.0, ""error"": null, ""match_status"": ""rejected"", ""match_score"": -0.25, ""match_reasons"": [""brand_title_conflict:-0.60"", ""dose_match:+0.20"", ""form_match:+0.15""], ""match_axes"": [""dose"", ""form""], ""hard_contradiction"": true, ""matched_product_title"": ""Дибазола таблетки 0.02 г""}]","[{""source"": ""uteka"", ""url"": ""https://uteka.ru/product/dibazol-ubf-166178/"", ""title"": ""Дибазол-УБФ, 0.02 г, табл, 30 шт."", ""raw_mnn"": ""Бендазол"", ""mnn"": ""Бендазол"", ""raw_rx_otc"": ""otc"", ""field_type"": ""explicit_mnn"", ""source_class"": ""product_card"", ""card_fetched"": true, ""fetched_at"": ""2026-08-13T19:30:38+00:00"", ""http_status"": 0, ""parser_version"": ""mnn_source_identity_v1"", ""query"": ""ДИБАЗОЛ 0,02 г таблетки"", ""matched_brand"": null, ""matched_form"": ""таблетки"", ""matched_dosage"": ""0.02г"", ""matched_pack"": ""30"", ""serp_match_score"": 0.7667, ""error"": null, ""match_status"": ""accepted"", ""match_score"": 0.85, ""match_reasons"": [""brand_title_match:+0.50"", ""dose_match:+0.20"", ""form_match:+0.15""], ""match_axes"": [""brand_title"", ""dose"", ""form""], ""hard_contradiction"": false, ""matched_product_title"": ""Дибазол-УБФ, 0.02 г, табл, 30 шт.""}]","[{""source"": ""uteka"", ""raw_mnn"": ""Бендазол"", ""field_type"": ""explicit_mnn"", ""canonical_components"": [""Бендазол""], ""url"": ""https://uteka.ru/product/dibazol-ubf-166178/"", ""title"": ""Дибазол-УБФ, 0.02 г, табл, 30 шт."", ""match_status"": ""accepted"", ""match_score"": 0.85, ""source_class"": ""product_card"", ""parse_warnings"": []}, {""source"": ""vidal"", ""raw_mnn"": ""Бендазол"", ""field_type"": ""explicit_mnn"", ""canonical_components"": [], ""url"": ""https://www.vidal.ru/drugs/dibazol_tablets_0_02__28001"", ""title"": ""Дибазола таблетки 0.02 г"", ""match_status"": ""rejected"", ""match_score"": -0.25, ""source_class"": ""product_card"", ""parse_warnings"": []}, {""source"": ""apteka"", ""raw_mnn"": null, ""field_type"": ""unknown"", ""canonical_components"": [], ""url"": ""https://apteka.ru/product/dibazol-ubf-20-mg-30-sht-blister-tabletki-6799c50a04744d6d3b385d3f/"", ""title"": ""dibazol ubf 20 mg 30 sht blister tabletki"", ""match_status"": ""ambiguous"", ""match_score"": 0.0, ""source_class"": ""search_only"", ""parse_warnings"": []}, {""source"": ""asna"", ""raw_mnn"": null, ""field_type"": ""unknown"", ""canonical_components"": [], ""url"": ""https://www.asna.ru/cards/dibazol_20mg_n10_tab_mff.html"", ""title"": ""/cards/dibazol_20mg_n10_tab_mff.html"", ""match_status"": ""ambiguous"", ""match_score"": 0.0, ""source_class"": ""search_only"", ""parse_warnings"": []}, {""source"": ""stolichki"", ""raw_mnn"": null, ""field_type"": ""unknown"", ""canonical_components"": [], ""url"": null, ""title"": null, ""match_status"": ""ambiguous"", ""match_score"": 0.0, ""source_class"": ""search_only"", ""parse_warnings"": []}]"
20437,ДЖОЗАФЕН ТАБЛ. П/ПЛЕН/ОБ. 500МГ №10 | ФАРМСТАНДАРТ-ЛЕКСРЕДСТВА ОАО | ФАРМСТАНДАРТ-ЛЕКСРЕДСТВА ОАО,drug,Джозамицин,rx,,none,none,no_known_inn_token,1,2,2,,[],,unresolved_catalog,single_source,unknown,unknown,,,false,,unresolved,true,catalog_accept_removed,"[{""source"": ""apteka"", ""url"": ""https://apteka.ru/product/dzhozafen-500-mg-10-sht-tabletki-pokrytye-plenochnoj-obolochkoj-67d15348d069c2af86f8f8c6/"", ""title"": ""dzhozafen 500 mg 10 sht tabletki pokrytye plenochnoj obolochkoj"", ""raw_mnn"": ""Джозамицин"", ""mnn"": ""Джозамицин"", ""raw_rx_otc"": ""rx"", ""field_type"": ""explicit_mnn"", ""source_class"": ""product_card"", ""card_fetched"": true, ""fetched_at"": ""2026-08-13T19:30:46+00:00"", ""http_status"": 0, ""parser_version"": ""mnn_source_identity_v1"", ""query"": ""Джозафен 500 мг таблетки"", ""matched_brand"": null, ""matched_form"": null, ""matched_dosage"": null, ""matched_pack"": ""500"", ""serp_match_score"": 1.0, ""error"": null, ""match_status"": ""rejected"", ""match_score"": -0.4, ""match_reasons"": [""brand_title_conflict:-0.60"", ""dose_match:+0.20""], ""match_axes"": [""dose""], ""hard_contradiction"": true, ""matched_product_title"": ""dzhozafen 500 mg 10 sht tabletki pokrytye plenochnoj obolochkoj""}, {""source"": ""asna"", ""url"": ""https://www.asna.ru/cards/dzhozafen_500mg_n10_tab_pokrytye_plenochnoy_obolochkoy_farmstandart-leksredstva_oao.html"", ""title"": ""/cards/dzhozafen_500mg_n10_tab_pokrytye_plenochnoy_obolochkoy_farmstandart-leksredstva_oao.html"", ""raw_mnn"": ""Джозамицин"", ""mnn"": ""Джозамицин"", ""raw_rx_otc"": ""rx"", ""field_type"": ""explicit_mnn"", ""source_class"": ""product_card"", ""card_fetched"": true, ""fetched_at"": ""2026-08-13T19:30:45+00:00"", ""http_status"": 0, ""parser_version"": ""mnn_source_identity_v1"", ""query"": ""Джозафен 500 мг таблетки"", ""matched_brand"": null, ""matched_form"": null, ""matched_dosage"": null, ""matched_pack"": null, ""serp_match_score"": 0.5, ""error"": null, ""match_status"": ""rejected"", ""match_score"": -0.25, ""match_reasons"": [""brand_title_conflict:-0.60"", ""dose_match:+0.20"", ""form_match:+0.15""], ""match_axes"": [""dose"", ""form""], ""hard_contradiction"": true, ""matched_product_title"": ""/cards/dzhozafen_500mg_n10_tab_pokrytye_plenochnoy_obolochkoy_farmstandart-leksredstva_oao.html""}]","[{""source"": ""uteka"", ""url"": ""https://uteka.ru/product/dzhozafen-424832/"", ""title"": ""Джозафен, 500 мг, табл. п.п.о, 20 шт."", ""raw_mnn"": ""Джозамицин"", ""mnn"": ""Джозамицин"", ""raw_rx_otc"": ""rx"", ""field_type"": ""explicit_mnn"", ""source_class"": ""product_card"", ""card_fetched"": true, ""fetched_at"": ""2026-08-13T19:30:44+00:00"", ""http_status"": 0, ""parser_version"": ""mnn_source_identity_v1"", ""query"": ""Джозафен 500 мг таблетки"", ""matched_brand"": null, ""matched_form"": ""таблетки"", ""matched_dosage"": ""500мг"", ""matched_pack"": ""20"", ""serp_match_score"": 1.0, ""error"": null, ""match_status"": ""accepted"", ""match_score"": 0.85, ""match_reasons"": [""brand_title_match:+0.50"", ""dose_match:+0.20"", ""form_match:+0.15""], ""match_axes"": [""brand_title"", ""dose"", ""form""], ""hard_contradiction"": false, ""matched_product_title"": ""Джозафен, 500 мг, табл. п.п.о, 20 шт.""}]","[{""source"": ""uteka"", ""raw_mnn"": ""Джозамицин"", ""field_type"": ""explicit_mnn"", ""canonical_components"": [""Джозамицин""], ""url"": ""https://uteka.ru/product/dzhozafen-424832/"", ""title"": ""Джозафен, 500 мг, табл. п.п.о, 20 шт."", ""match_status"": ""accepted"", ""match_score"": 0.85, ""source_class"": ""product_card"", ""parse_warnings"": []}, {""source"": ""apteka"", ""raw_mnn"": ""Джозамицин"", ""field_type"": ""explicit_mnn"", ""canonical_components"": [], ""url"": ""https://apteka.ru/product/dzhozafen-500-mg-10-sht-tabletki-pokrytye-plenochnoj-obolochkoj-67d15348d069c2af86f8f8c6/"", ""title"": ""dzhozafen 500 mg 10 sht tabletki pokrytye plenochnoj obolochkoj"", ""match_status"": ""rejected"", ""match_score"": -0.4, ""source_class"": ""product_card"", ""parse_warnings"": []}, {""source"": ""asna"", ""raw_mnn"": ""Джозамицин"", ""field_type"": ""explicit_mnn"", ""canonical_components"": [], ""url"": ""https://www.asna.ru/cards/dzhozafen_500mg_n10_tab_pokrytye_plenochnoy_obolochkoy_farmstandart-leksredstva_oao.html"", ""title"": ""/cards/dzhozafen_500mg_n10_tab_pokrytye_plenochnoy_obolochkoy_farmstandart-leksredstva_oao.html"", ""match_status"": ""rejected"", ""match_score"": -0.25, ""source_class"": ""product_card"", ""parse_warnings"": []}, {""source"": ""vidal"", ""raw_mnn"": ""Джозамицин"", ""field_type"": ""explicit_mnn"", ""canonical_components"": [], ""url"": ""https://www.vidal.ru/drugs/dzhozafen"", ""title"": ""Джозафен"", ""match_status"": ""ambiguous"", ""match_score"": 0.5, ""source_class"": ""product_card"", ""parse_warnings"": []}, {""source"": ""stolichki"", ""raw_mnn"": null, ""field_type"": ""unknown"", ""canonical_components"": [], ""url"": null, ""title"": null, ""match_status"": ""ambiguous"", ""match_score"": 0.0, ""source_class"": ""search_only"", ""parse_warnings"": []}]"
20469,ДЕТРАЛЕКС ТАБЛ. П/ПЛЕН/ОБ. 1000МГ №60 | СЕРВЬЕ РУС ООО | СЕРВЬЕ РУС ООО,drug,диосмин+гесперидин,rx,,none,none,no_known_inn_token,1,2,2,,[],,unresolved_catalog,single_source,unknown,unknown,,,false,,unresolved,true,catalog_accept_removed,"[{""source"": ""apteka"", ""url"": ""https://apteka.ru/product/detraleks-1000-mg-30-sht-tabletki-pokrytye-plenochnoj-obolochkoj-5e32767fca7bdc0001933936/"", ""title"": ""detraleks 1000 mg 30 sht tabletki pokrytye plenochnoj obolochkoj"", ""raw_mnn"": ""Очищенная микронизированная флавоноидная фракция (диосмин + флавоноиды в пересчете на гесперидин)"", ""mnn"": ""Очищенная микронизированная флавоноидная фракция (диосмин + флавоноиды в пересчете на гесперидин)"", ""raw_rx_otc"": null, ""field_type"": ""explicit_mnn"", ""source_class"": ""product_card"", ""card_fetched"": true, ""fetched_at"": ""2026-08-13T19:30:51+00:00"", ""http_status"": 0, ""parser_version"": ""mnn_source_identity_v1"", ""query"": ""Детралекс 1000 мг таблетки"", ""matched_brand"": null, ""matched_form"": null, ""matched_dosage"": null, ""matched_pack"": null, ""serp_match_score"": 1.0, ""error"": null, ""match_status"": ""rejected"", ""match_score"": -0.4, ""match_reasons"": [""brand_title_conflict:-0.60"", ""dose_match:+0.20""], ""match_axes"": [""dose""], ""hard_contradiction"": true, ""matched_product_title"": ""detraleks 1000 mg 30 sht tabletki pokrytye plenochnoj obolochkoj""}, {""source"": ""asna"", ""url"": ""https://www.asna.ru/cards/detraleks_1000mg_n60_tab_pokrytye_plenochnoy_obolochkoy_serdiks_ooo.html"", ""title"": ""/cards/detraleks_1000mg_n60_tab_pokrytye_plenochnoy_obolochkoy_serdiks_ooo.html"", ""raw_mnn"": ""Гесперидин + Диосмин"", ""mnn"": ""Гесперидин + Диосмин"", ""raw_rx_otc"": ""otc"", ""field_type"": ""explicit_mnn"", ""source_class"": ""product_card"", ""card_fetched"": true, ""fetched_at"": ""2026-08-13T19:30:49+00:00"", ""http_status"": 0, ""parser_version"": ""mnn_source_identity_v1"", ""query"": ""Детралекс 1000 мг таблетки"", ""matched_brand"": null, ""matched_form"": null, ""matched_dosage"": null, ""matched_pack"": null, ""serp_match_score"": 0.5, ""error"": null, ""match_status"": ""rejected"", ""match_score"": -0.25, ""match_reasons"": [""brand_title_conflict:-0.60"", ""dose_match:+0.20"", ""form_match:+0.15""], ""match_axes"": [""dose"", ""form""], ""hard_contradiction"": true, ""matched_product_title"": ""/cards/detraleks_1000mg_n60_tab_pokrytye_plenochnoy_obolochkoy_serdiks_ooo.html""}]","[{""source"": ""uteka"", ""url"": ""https://uteka.ru/product/detraleks-333266/"", ""title"": ""Детралекс, 1000 мг, табл. п.п.о, 30 шт."", ""raw_mnn"": ""Очищенная микронизированная флавоноидная фракция (диосмин + флавоноиды в пересчете на гесперидин)"", ""mnn"": ""Очищенная микронизированная флавоноидная фракция (диосмин + флавоноиды в пересчете на гесперидин)"", ""raw_rx_otc"": ""otc"", ""field_type"": ""explicit_mnn"", ""source_class"": ""product_card"", ""card_fetched"": true, ""fetched_at"": ""2026-08-13T19:30:48+00:00"", ""http_status"": 0, ""parser_version"": ""mnn_source_identity_v1"", ""query"": ""Детралекс 1000 мг таблетки"", ""matched_brand"": null, ""matched_form"": ""таблетки"", ""matched_dosage"": ""1000мг"", ""matched_pack"": ""30"", ""serp_match_score"": 1.0, ""error"": null, ""match_status"": ""accepted"", ""match_score"": 0.85, ""match_reasons"": [""brand_title_match:+0.50"", ""dose_match:+0.20"", ""form_match:+0.15""], ""match_axes"": [""brand_title"", ""dose"", ""form""], ""hard_contradiction"": false, ""matched_product_title"": ""Детралекс, 1000 мг, табл. п.п.о, 30 шт.""}]","[{""source"": ""uteka"", ""raw_mnn"": ""Очищенная микронизированная флавоноидная фракция (диосмин + флавоноиды в пересчете на гесперидин)"", ""field_type"": ""explicit_mnn"", ""canonical_components"": [""Очищенная микронизированная флавоноидная фракция""], ""url"": ""https://uteka.ru/product/detraleks-333266/"", ""title"": ""Детралекс, 1000 мг, табл. п.п.о, 30 шт."", ""match_status"": ""accepted"", ""match_score"": 0.85, ""source_class"": ""product_card"", ""parse_warnings"": []}, {""source"": ""apteka"", ""raw_mnn"": ""Очищенная микронизированная флавоноидная фракция (диосмин + флавоноиды в пересчете на гесперидин)"", ""field_type"": ""explicit_mnn"", ""canonical_components"": [], ""url"": ""https://apteka.ru/product/detraleks-1000-mg-30-sht-tabletki-pokrytye-plenochnoj-obolochkoj-5e32767fca7bdc0001933936/"", ""title"": ""detraleks 1000 mg 30 sht tabletki pokrytye plenochnoj obolochkoj"", ""match_status"": ""rejected"", ""match_score"": -0.4, ""source_class"": ""product_card"", ""parse_warnings"": []}, {""source"": ""asna"", ""raw_mnn"": ""Гесперидин + Диосмин"", ""field_type"": ""explicit_mnn"", ""canonical_components"": [], ""url"": ""https://www.asna.ru/cards/detraleks_1000mg_n60_tab_pokrytye_plenochnoy_obolochkoy_serdiks_ooo.html"", ""title"": ""/cards/detraleks_1000mg_n60_tab_pokrytye_plenochnoy_obolochkoy_serdiks_ooo.html"", ""match_status"": ""rejected"", ""match_score"": -0.25, ""source_class"": ""product_card"", ""parse_warnings"": []}, {""source"": ""vidal"", ""raw_mnn"": ""Очищенная микронизированная флавоноидная фракция (диосмин+флавоноиды в пересчете на гесперидин)"", ""field_type"": ""explicit_mnn"", ""canonical_components"": [], ""url"": ""https://www.vidal.ru/drugs/detralex__38634"", ""title"": ""Детралекс"", ""match_status"": ""ambiguous"", ""match_score"": 0.5, ""source_class"": ""product_card"", ""parse_warnings"": []}, {""source"": ""stolichki"", ""raw_mnn"": null, ""field_type"": ""unknown"", ""canonical_components"": [], ""url"": null, ""title"": null, ""match_status"": ""ambiguous"", ""match_score"": 0.0, ""source_class"": ""search_only"", ""parse_warnings"": []}]"
20518,ДЕПАКИН ХРОНОСФЕРА ГРАН. ПРОЛОНГ. 100МГ ПАК. №30 | САНОФИ ВИНТРОП ИНДУСТРИЯ | САНОФИ ВИНТРОП ИНДУСТРИЯ,drug,Вальпроевая кислота,rx,,none,none,no_known_inn_token,0,2,3,,[],,unresolved_catalog,empty,unknown,unknown,,,false,,unresolved,true,catalog_accept_removed,"[{""source"": ""uteka"", ""url"": ""https://uteka.ru/product/depakin-hronosfera-217280/"", ""title"": ""Депакин Хроносфера, 1000 мг, гран. пролонг, 30 шт."", ""raw_mnn"": ""Вальпроевая кислота"", ""mnn"": ""Вальпроевая кислота"", ""raw_rx_otc"": ""rx"", ""field_type"": ""explicit_mnn"", ""source_class"": ""product_card"", ""card_fetched"": true, ""fetched_at"": ""2026-08-13T19:30:53+00:00"", ""http_status"": 0, ""parser_version"": ""mnn_source_identity_v1"", ""query"": ""Депакин Хроносфера 100 мг гранулы"", ""matched_brand"": null, ""matched_form"": null, ""matched_dosage"": ""1000мг"", ""matched_pack"": ""30"", ""serp_match_score"": 1.0, ""error"": null, ""match_status"": ""rejected"", ""match_score"": 0.2, ""match_reasons"": [""brand_title_match:+0.50"", ""dose_conflict:-0.30""], ""match_axes"": [""brand_title""], ""hard_contradiction"": true, ""matched_product_title"": ""Депакин Хроносфера, 1000 мг, гран. пролонг, 30 шт.""}, {""source"": ""apteka"", ""url"": ""https://apteka.ru/product/depakin-300-enterik-300-mg-100-sht-tabletki-pokrytye-kishechnorastvorimoj-obolochkoj-5e32737265b5ab0001656689/"", ""title"": ""depakin 300 enterik 300 mg 100 sht tabletki pokrytye kishechnorastvorimoj obolochkoj"", ""raw_mnn"": ""Вальпроевая кислота"", ""mnn"": ""Вальпроевая кислота"", ""raw_rx_otc"": ""rx"", ""field_type"": ""explicit_mnn"", ""source_class"": ""product_card"", ""card_fetched"": true, ""fetched_at"": ""2026-08-13T19:30:58+00:00"", ""http_status"": 0, ""parser_version"": ""mnn_source_identity_v1"", ""query"": ""Депакин Хроносфера 100 мг гранулы"", ""matched_brand"": null, ""matched_form"": null, ""matched_dosage"": null, ""matched_pack"": ""300"", ""serp_match_score"": 0.3, ""error"": null, ""match_status"": ""rejected"", ""match_score"": -0.9, ""match_reasons"": [""brand_title_conflict:-0.60"", ""dose_conflict:-0.30""], ""match_axes"": [], ""hard_contradiction"": true, ""matched_product_title"": ""depakin 300 enterik 300 mg 100 sht tabletki pokrytye kishechnorastvorimoj obolochkoj""}]",[],"[{""source"": ""uteka"", ""raw_mnn"": ""Вальпроевая кислота"", ""field_type"": ""explicit_mnn"", ""canonical_components"": [], ""url"": ""https://uteka.ru/product/depakin-hronosfera-217280/"", ""title"": ""Депакин Хроносфера, 1000 мг, гран. пролонг, 30 шт."", ""match_status"": ""rejected"", ""match_score"": 0.2, ""source_class"": ""product_card"", ""parse_warnings"": []}, {""source"": ""apteka"", ""raw_mnn"": ""Вальпроевая кислота"", ""field_type"": ""explicit_mnn"", ""canonical_components"": [], ""url"": ""https://apteka.ru/product/depakin-300-enterik-300-mg-100-sht-tabletki-pokrytye-kishechnorastvorimoj-obolochkoj-5e32737265b5ab0001656689/"", ""title"": ""depakin 300 enterik 300 mg 100 sht tabletki pokrytye kishechnorastvorimoj obolochkoj"", ""match_status"": ""rejected"", ""match_score"": -0.9, ""source_class"": ""product_card"", ""parse_warnings"": []}, {""source"": ""asna"", ""raw_mnn"": null, ""field_type"": ""unknown"", ""canonical_components"": [], ""url"": ""https://www.asna.ru/cards/melatonin_evalar_3mg_n100_tab_pokrytye_plenochnoy_obolochkoy_evalar_zao.html"", ""title"": ""/cards/melatonin_evalar_3mg_n100_tab_pokrytye_plenochnoy_obolochkoy_evalar_zao.html"", ""match_status"": ""ambiguous"", ""match_score"": 0.0, ""source_class"": ""search_only"", ""parse_warnings"": []}, {""source"": ""vidal"", ""raw_mnn"": ""Вальпроевая кислота"", ""field_type"": ""explicit_mnn"", ""canonical_components"": [], ""url"": ""https://www.vidal.ru/drugs/depakine_chronosphere__18375"", ""title"": ""Депакин"", ""match_status"": ""ambiguous"", ""match_score"": 0.5, ""source_class"": ""product_card"", ""parse_warnings"": []}, {""source"": ""stolichki"", ""raw_mnn"": null, ""field_type"": ""unknown"", ""canonical_components"": [], ""url"": null, ""title"": null, ""match_status"": ""ambiguous"", ""match_score"": 0.0, ""source_class"": ""search_only"", ""parse_warnings"": []}]"
20606,ДЕКСАМЕТАЗОН Р-Р Д/ИН. 4МГ/МЛ АМП. 1МЛ №10 ЭСКОМ | ЭСКОМ НПК | ЭСКОМ НПК,drug,Дексаметазон,rx,Дексаметазон,strong,high,exact_normalized_text_token_start,0,4,1,,[],,resolved_enrichment,empty,unknown,unknown,Дексаметазон,ok,true,Дексаметазон,input_plus_enrichment,false,method_changed,"[{""source"": ""uteka"", ""url"": ""https://uteka.ru/product/glyukoza-eskom-219238/"", ""title"": ""Глюкоза-Эском, 400 мг/мл, р-р для в/в введ, 10 мл, 10 шт."", ""raw_mnn"": ""Декстроза"", ""mnn"": ""Декстроза"", ""raw_rx_otc"": ""rx"", ""field_type"": ""explicit_mnn"", ""source_class"": ""product_card"", ""card_fetched"": true, ""fetched_at"": ""2026-08-13T19:31:00+00:00"", ""http_status"": 0, ""parser_version"": ""mnn_source_identity_v1"", ""query"": ""Эском 4 мг/мл раствор"", ""matched_brand"": null, ""matched_form"": ""раствор"", ""matched_dosage"": ""400мг"", ""matched_pack"": ""10"", ""serp_match_score"": 1.0, ""error"": null, ""match_status"": ""rejected"", ""match_score"": 0.0, ""match_reasons"": [""strong_explicit_mnn_mismatch""], ""matched_product_title"": ""Глюкоза-Эском, 400 мг/мл, р-р для в/в введ, 10 мл, 10 шт.""}, {""source"": ""apteka"", ""url"": ""https://apteka.ru/product/bubchen-shampun-i-opolaskivatel-dlya-volos-detskij-s-volshebnym-bleskom-princzessa-rozaleya-230-ml-5e3279f565b5ab0001659d8c/"", ""title"": ""bubchen shampun i opolaskivatel dlya volos detskij s volshebnym bleskom princzessa rozaleya 230 ml"", ""raw_mnn"": null, ""mnn"": null, ""raw_rx_otc"": null, ""field_type"": ""unknown"", ""source_class"": ""product_card"", ""card_fetched"": true, ""fetched_at"": ""2026-08-13T19:31:02+00:00"", ""http_status"": 0, ""parser_version"": ""mnn_source_identity_v1"", ""query"": ""Эском 4 мг/мл раствор"", ""matched_brand"": null, ""matched_form"": null, ""matched_dosage"": null, ""matched_pack"": null, ""serp_match_score"": 0.64, ""error"": null, ""match_status"": ""rejected"", ""match_score"": -0.6, ""match_reasons"": [""explicit_inn_missing_in_card_title""], ""match_axes"": [], ""hard_contradiction"": true, ""matched_product_title"": ""bubchen shampun i opolaskivatel dlya volos detskij s volshebnym bleskom princzessa rozaleya 230 ml""}, {""source"": ""asna"", ""url"": ""https://www.asna.ru/cards/natriya_khlorid_09_200ml_r-r_dinfuziy_eskom_npk_steklo.html"", ""title"": ""/cards/natriya_khlorid_09_200ml_r-r_dinfuziy_eskom_npk_steklo.html"", ""raw_mnn"": ""Натрия хлорид"", ""mnn"": ""Натрия хлорид"", ""raw_rx_otc"": ""rx"", ""field_type"": ""explicit_mnn"", ""source_class"": ""product_card"", ""card_fetched"": true, ""fetched_at"": ""2026-08-13T19:31:01+00:00"", ""http_status"": 0, ""parser_version"": ""mnn_source_identity_v1"", ""query"": ""Эском 4 мг/мл раствор"", ""matched_brand"": null, ""matched_form"": null, ""matched_dosage"": null, ""matched_pack"": null, ""serp_match_score"": 0.4, ""error"": null, ""match_status"": ""rejected"", ""match_score"": 0.0, ""match_reasons"": [""strong_explicit_mnn_mismatch""], ""matched_product_title"": ""/cards/natriya_khlorid_09_200ml_r-r_dinfuziy_eskom_npk_steklo.html""}, {""source"": ""vidal"", ""url"": ""https://www.vidal.ru/drugs/etamzilate-eskom__23143"", ""title"": ""Этамзилат-ЭСКОМ"", ""raw_mnn"": ""Этамзилат"", ""mnn"": ""Этамзилат"", ""raw_rx_otc"": ""rx"", ""field_type"": ""explicit_mnn"", ""source_class"": ""product_card"", ""card_fetched"": true, ""fetched_at"": ""2026-08-13T19:31:04+00:00"", ""http_status"": 0, ""parser_version"": ""mnn_source_identity_v1"", ""query"": ""Эском 4 мг/мл раствор"", ""matched_brand"": null, ""matched_form"": null, ""matched_dosage"": null, ""matched_pack"": null, ""serp_match_score"": 1.0, ""error"": null, ""match_status"": ""rejected"", ""match_score"": 0.0, ""match_reasons"": [""strong_explicit_mnn_mismatch""], ""matched_product_title"": ""Этамзилат-ЭСКОМ""}]",[],"[{""source"": ""uteka"", ""raw_mnn"": ""Декстроза"", ""field_type"": ""explicit_mnn"", ""canonical_components"": [], ""url"": ""https://uteka.ru/product/glyukoza-eskom-219238/"", ""title"": ""Глюкоза-Эском, 400 мг/мл, р-р для в/в введ, 10 мл, 10 шт."", ""match_status"": ""rejected"", ""match_score"": 0.0, ""source_class"": ""product_card"", ""parse_warnings"": []}, {""source"": ""apteka"", ""raw_mnn"": null, ""field_type"": ""unknown"", ""canonical_components"": [], ""url"": ""https://apteka.ru/product/bubchen-shampun-i-opolaskivatel-dlya-volos-detskij-s-volshebnym-bleskom-princzessa-rozaleya-230-ml-5e3279f565b5ab0001659d8c/"", ""title"": ""bubchen shampun i opolaskivatel dlya volos detskij s volshebnym bleskom princzessa rozaleya 230 ml"", ""match_status"": ""rejected"", ""match_score"": -0.6, ""source_class"": ""product_card"", ""parse_warnings"": []}, {""source"": ""asna"", ""raw_mnn"": ""Натрия хлорид"", ""field_type"": ""explicit_mnn"", ""canonical_components"": [], ""url"": ""https://www.asna.ru/cards/natriya_khlorid_09_200ml_r-r_dinfuziy_eskom_npk_steklo.html"", ""title"": ""/cards/natriya_khlorid_09_200ml_r-r_dinfuziy_eskom_npk_steklo.html"", ""match_status"": ""rejected"", ""match_score"": 0.0, ""source_class"": ""product_card"", ""parse_warnings"": []}, {""source"": ""vidal"", ""raw_mnn"": ""Этамзилат"", ""field_type"": ""explicit_mnn"", ""canonical_components"": [], ""url"": ""https://www.vidal.ru/drugs/etamzilate-eskom__23143"", ""title"": ""Этамзилат-ЭСКОМ"", ""match_status"": ""rejected"", ""match_score"": 0.0, ""source_class"": ""product_card"", ""parse_warnings"": []}, {""source"": ""stolichki"", ""raw_mnn"": null, ""field_type"": ""unknown"", ""canonical_components"": [], ""url"": null, ""title"": null, ""match_status"": ""ambiguous"", ""match_score"": 0.0, ""source_class"": ""search_only"", ""parse_warnings"": []}]"
20614,"ДЕКСАМЕТАЗОН-КРКА ТАБЛ. 4МГ №20 | КРКА Д.Д., НОВО МЕСТО АО/КРКА-РУС ООО | КРКА Д.Д., НОВО МЕСТО АО/КРКА-РУС ООО",drug,Дексаметазон,rx,Дексаметазон,strong,high,exact_normalized_text_token_start,1,2,2,,[],,resolved_input_explicit,single_source,unknown,unknown,,,false,Дексаметазон,input_explicit_mnn,false,catalog_accept_removed,"[{""source"": ""apteka"", ""url"": ""https://apteka.ru/product/deksametazon-krka-4-mg-10-sht-tabletki-618a3e57f02299d258660549/"", ""title"": ""deksametazon krka 4 mg 10 sht tabletki"", ""raw_mnn"": ""Дексаметазон"", ""mnn"": ""Дексаметазон"", ""raw_rx_otc"": ""rx"", ""field_type"": ""explicit_mnn"", ""source_class"": ""product_card"", ""card_fetched"": true, ""fetched_at"": ""2026-08-13T19:31:08+00:00"", ""http_status"": 0, ""parser_version"": ""mnn_source_identity_v1"", ""query"": ""Дексаметазон-КРКА 4 мг таблетки"", ""matched_brand"": null, ""matched_form"": null, ""matched_dosage"": null, ""matched_pack"": null, ""serp_match_score"": 0.45, ""error"": null, ""match_status"": ""rejected"", ""match_score"": -0.4, ""match_reasons"": [""brand_title_conflict:-0.60"", ""dose_match:+0.20""], ""match_axes"": [""dose""], ""hard_contradiction"": true, ""matched_product_title"": ""deksametazon krka 4 mg 10 sht tabletki""}, {""source"": ""asna"", ""url"": ""https://www.asna.ru/cards/deksametazon-krka_4mg_n20_tab_krka_dd_novo_mesto.html"", ""title"": ""/cards/deksametazon-krka_4mg_n20_tab_krka_dd_novo_mesto.html"", ""raw_mnn"": ""Дексаметазон"", ""mnn"": ""Дексаметазон"", ""raw_rx_otc"": ""rx"", ""field_type"": ""explicit_mnn"", ""source_class"": ""product_card"", ""card_fetched"": true, ""fetched_at"": ""2026-08-13T19:31:07+00:00"", ""http_status"": 0, ""parser_version"": ""mnn_source_identity_v1"", ""query"": ""Дексаметазон-КРКА 4 мг таблетки"", ""matched_brand"": null, ""matched_form"": null, ""matched_dosage"": null, ""matched_pack"": null, ""serp_match_score"": 0.4, ""error"": null, ""match_status"": ""rejected"", ""match_score"": -0.25, ""match_reasons"": [""brand_title_conflict:-0.60"", ""dose_match:+0.20"", ""form_match:+0.15""], ""match_axes"": [""dose"", ""form""], ""hard_contradiction"": true, ""matched_product_title"": ""/cards/deksametazon-krka_4mg_n20_tab_krka_dd_novo_mesto.html""}]","[{""source"": ""uteka"", ""url"": ""https://uteka.ru/product/deksametazon-krka-379712/"", ""title"": ""Дексаметазон-КРКА, 4 мг, табл, 10 шт."", ""raw_mnn"": ""Дексаметазон"", ""mnn"": ""Дексаметазон"", ""raw_rx_otc"": ""rx"", ""field_type"": ""explicit_mnn"", ""source_class"": ""product_card"", ""card_fetched"": true, ""fetched_at"": ""2026-08-13T19:31:06+00:00"", ""http_status"": 0, ""parser_version"": ""mnn_source_identity_v1"", ""query"": ""Дексаметазон-КРКА 4 мг таблетки"", ""matched_brand"": null, ""matched_form"": ""таблетки"", ""matched_dosage"": ""4мг"", ""matched_pack"": ""10"", ""serp_match_score"": 1.0, ""error"": null, ""match_status"": ""accepted"", ""match_score"": 0.85, ""match_reasons"": [""brand_title_match:+0.50"", ""dose_match:+0.20"", ""form_match:+0.15""], ""match_axes"": [""brand_title"", ""dose"", ""form""], ""hard_contradiction"": false, ""matched_product_title"": ""Дексаметазон-КРКА, 4 мг, табл, 10 шт.""}]","[{""source"": ""uteka"", ""raw_mnn"": ""Дексаметазон"", ""field_type"": ""explicit_mnn"", ""canonical_components"": [""Дексаметазон""], ""url"": ""https://uteka.ru/product/deksametazon-krka-379712/"", ""title"": ""Дексаметазон-КРКА, 4 мг, табл, 10 шт."", ""match_status"": ""accepted"", ""match_score"": 0.85, ""source_class"": ""product_card"", ""parse_warnings"": []}, {""source"": ""apteka"", ""raw_mnn"": ""Дексаметазон"", ""field_type"": ""explicit_mnn"", ""canonical_components"": [], ""url"": ""https://apteka.ru/product/deksametazon-krka-4-mg-10-sht-tabletki-618a3e57f02299d258660549/"", ""title"": ""deksametazon krka 4 mg 10 sht tabletki"", ""match_status"": ""rejected"", ""match_score"": -0.4, ""source_class"": ""product_card"", ""parse_warnings"": []}, {""source"": ""asna"", ""raw_mnn"": ""Дексаметазон"", ""field_type"": ""explicit_mnn"", ""canonical_components"": [], ""url"": ""https://www.asna.ru/cards/deksametazon-krka_4mg_n20_tab_krka_dd_novo_mesto.html"", ""title"": ""/cards/deksametazon-krka_4mg_n20_tab_krka_dd_novo_mesto.html"", ""match_status"": ""rejected"", ""match_score"": -0.25, ""source_class"": ""product_card"", ""parse_warnings"": []}, {""source"": ""vidal"", ""raw_mnn"": ""Дексаметазон"", ""field_type"": ""explicit_mnn"", ""canonical_components"": [], ""url"": ""https://www.vidal.ru/drugs/dexamethasone__222"", ""title"": ""Дексаметазон-КРКА"", ""match_status"": ""ambiguous"", ""match_score"": 0.5, ""source_class"": ""product_card"", ""parse_warnings"": []}, {""source"": ""stolichki"", ""raw_mnn"": null, ""field_type"": ""unknown"", ""canonical_components"": [], ""url"": null, ""title"": null, ""match_status"": ""ambiguous"", ""match_score"": 0.0, ""source_class"": ""search_only"", ""parse_warnings"": []}]"
20628,ДЕКСА-ГЕНТАМИЦИН КАПЛИ ГЛАЗН. ФЛ-КАП. 5МЛ | УРСАФАРМ АРЦНАЙМИТТЕЛЬ ГМБХ | УРСАФАРМ АРЦНАЙМИТТЕЛЬ ГМБХ,drug,Дексаметазон + Гентамицин,rx,,none,none,no_known_inn_token,1,0,4,,[],,unresolved_catalog,single_source,unknown,unknown,,,false,,unresolved,true,catalog_accept_removed,[],"[{""source"": ""uteka"", ""url"": ""https://uteka.ru/product/deksa-gentamicin-99238/"", ""title"": ""Декса-Гентамицин, капли глазные, 5 мл, 1 шт."", ""raw_mnn"": ""Гентамицин + Дексаметазон"", ""mnn"": ""Гентамицин + Дексаметазон"", ""raw_rx_otc"": ""rx"", ""field_type"": ""explicit_mnn"", ""source_class"": ""product_card"", ""card_fetched"": true, ""fetched_at"": ""2026-08-13T19:31:10+00:00"", ""http_status"": 0, ""parser_version"": ""mnn_source_identity_v1"", ""query"": ""Декса-Гентамицин капли"", ""matched_brand"": null, ""matched_form"": ""капли"", ""matched_dosage"": ""5мл"", ""matched_pack"": ""1"", ""serp_match_score"": 1.0, ""error"": null, ""match_status"": ""accepted"", ""match_score"": 0.85, ""match_reasons"": [""brand_title_match:+0.50"", ""dose_match:+0.20"", ""form_match:+0.15""], ""match_axes"": [""brand_title"", ""dose"", ""form""], ""hard_contradiction"": false, ""matched_product_title"": ""Декса-Гентамицин, капли глазные, 5 мл, 1 шт.""}]","[{""source"": ""uteka"", ""raw_mnn"": ""Гентамицин + Дексаметазон"", ""field_type"": ""explicit_mnn"", ""canonical_components"": [""Гентамицин"", ""Дексаметазон""], ""url"": ""https://uteka.ru/product/deksa-gentamicin-99238/"", ""title"": ""Декса-Гентамицин, капли глазные, 5 мл, 1 шт."", ""match_status"": ""accepted"", ""match_score"": 0.85, ""source_class"": ""product_card"", ""parse_warnings"": []}, {""source"": ""apteka"", ""raw_mnn"": null, ""field_type"": ""unknown"", ""canonical_components"": [], ""url"": ""https://apteka.ru/product/neodeksa-1-mgml--3500-meml--6000-meml-flakon-kapli-glaznye-5-ml-6a423849bf21b2825012ac1a/"", ""title"": ""neodeksa 1 mgml  3500 meml  6000 meml flakon kapli glaznye 5 ml"", ""match_status"": ""ambiguous"", ""match_score"": 0.0, ""source_class"": ""search_only"", ""parse_warnings"": []}, {""source"": ""asna"", ""raw_mnn"": null, ""field_type"": ""unknown"", ""canonical_components"": [], ""url"": ""https://www.asna.ru/cards/fikseyd_eko_kotton_nabor_plastyrey_meditsinskikh_bakteritsidnykh_s_soderzhaniem_serebra_72mmkh19mm_n20_nordeplast_lsez.html"", ""title"": ""/cards/fikseyd_eko_kotton_nabor_plastyrey_meditsinskikh_bakteritsidnykh_s_soderzhaniem_serebra_72mmkh19mm_n20_nordeplast_lsez.html"", ""match_status"": ""ambiguous"", ""match_score"": 0.0, ""source_class"": ""search_only"", ""parse_warnings"": []}, {""source"": ""vidal"", ""raw_mnn"": ""Дексаметазон"", ""field_type"": ""explicit_mnn"", ""canonical_components"": [], ""url"": ""https://www.vidal.ru/drugs/dexa-gentamicin__1841"", ""title"": ""Декса-Гентамицин"", ""match_status"": ""ambiguous"", ""match_score"": 0.5, ""source_class"": ""product_card"", ""parse_warnings"": []}, {""source"": ""stolichki"", ""raw_mnn"": null, ""field_type"": ""unknown"", ""canonical_components"": [], ""url"": null, ""title"": null, ""match_status"": ""ambiguous"", ""match_score"": 0.0, ""source_class"": ""search_only"", ""parse_warnings"": []}]"
20726,ДАБИКСОМ КАПС. 150МГ №60 | КРКА-РУС ООО | КРКА-РУС ООО,drug,дабигатрана этексилат,rx,,none,none,no_known_inn_token,1,2,2,,[],,unresolved_catalog,single_source,unknown,unknown,,,false,,unresolved,true,catalog_accept_removed,"[{""source"": ""apteka"", ""url"": ""https://apteka.ru/product/dabiksom-150-mg-60-sht-kapsuly-641435f9c22247c3483c1497/"", ""title"": ""dabiksom 150 mg 60 sht kapsuly"", ""raw_mnn"": ""Дабигатрана этексилат"", ""mnn"": ""Дабигатрана этексилат"", ""raw_rx_otc"": ""rx"", ""field_type"": ""explicit_mnn"", ""source_class"": ""product_card"", ""card_fetched"": true, ""fetched_at"": ""2026-08-13T19:31:17+00:00"", ""http_status"": 0, ""parser_version"": ""mnn_source_identity_v1"", ""query"": ""Дабиксом 150 мг капсулы"", ""matched_brand"": null, ""matched_form"": null, ""matched_dosage"": null, ""matched_pack"": null, ""serp_match_score"": 1.0, ""error"": null, ""match_status"": ""rejected"", ""match_score"": -0.4, ""match_reasons"": [""brand_title_conflict:-0.60"", ""dose_match:+0.20""], ""match_axes"": [""dose""], ""hard_contradiction"": true, ""matched_product_title"": ""dabiksom 150 mg 60 sht kapsuly""}, {""source"": ""asna"", ""url"": ""https://www.asna.ru/cards/dabiksom_150mg_n60_kaps_krka-rus_ooo.html"", ""title"": ""/cards/dabiksom_150mg_n60_kaps_krka-rus_ooo.html"", ""raw_mnn"": ""Дабигатрана этексилат"", ""mnn"": ""Дабигатрана этексилат"", ""raw_rx_otc"": ""rx"", ""field_type"": ""explicit_mnn"", ""source_class"": ""product_card"", ""card_fetched"": true, ""fetched_at"": ""2026-08-13T19:31:16+00:00"", ""http_status"": 0, ""parser_version"": ""mnn_source_identity_v1"", ""query"": ""Дабиксом 150 мг капсулы"", ""matched_brand"": null, ""matched_form"": null, ""matched_dosage"": null, ""matched_pack"": null, ""serp_match_score"": 0.4, ""error"": null, ""match_status"": ""rejected"", ""match_score"": -0.4, ""match_reasons"": [""brand_title_conflict:-0.60"", ""dose_match:+0.20""], ""match_axes"": [""dose""], ""hard_contradiction"": true, ""matched_product_title"": ""/cards/dabiksom_150mg_n60_kaps_krka-rus_ooo.html""}]","[{""source"": ""uteka"", ""url"": ""https://uteka.ru/product/dabiksom-387323/"", ""title"": ""Дабиксом, 150 мг, капсулы, 60 шт."", ""raw_mnn"": ""Дабигатрана этексилат"", ""mnn"": ""Дабигатрана этексилат"", ""raw_rx_otc"": ""rx"", ""field_type"": ""explicit_mnn"", ""source_class"": ""product_card"", ""card_fetched"": true, ""fetched_at"": ""2026-08-13T19:31:16+00:00"", ""http_status"": 0, ""parser_version"": ""mnn_source_identity_v1"", ""query"": ""Дабиксом 150 мг капсулы"", ""matched_brand"": null, ""matched_form"": ""капсулы"", ""matched_dosage"": ""150мг"", ""matched_pack"": ""60"", ""serp_match_score"": 1.0, ""error"": null, ""match_status"": ""accepted"", ""match_score"": 0.85, ""match_reasons"": [""brand_title_match:+0.50"", ""dose_match:+0.20"", ""form_match:+0.15""], ""match_axes"": [""brand_title"", ""dose"", ""form""], ""hard_contradiction"": false, ""matched_product_title"": ""Дабиксом, 150 мг, капсулы, 60 шт.""}]","[{""source"": ""uteka"", ""raw_mnn"": ""Дабигатрана этексилат"", ""field_type"": ""explicit_mnn"", ""canonical_components"": [""Дабигатрана этексилат""], ""url"": ""https://uteka.ru/product/dabiksom-387323/"", ""title"": ""Дабиксом, 150 мг, капсулы, 60 шт."", ""match_status"": ""accepted"", ""match_score"": 0.85, ""source_class"": ""product_card"", ""parse_warnings"": []}, {""source"": ""apteka"", ""raw_mnn"": ""Дабигатрана этексилат"", ""field_type"": ""explicit_mnn"", ""canonical_components"": [], ""url"": ""https://apteka.ru/product/dabiksom-150-mg-60-sht-kapsuly-641435f9c22247c3483c1497/"", ""title"": ""dabiksom 150 mg 60 sht kapsuly"", ""match_status"": ""rejected"", ""match_score"": -0.4, ""source_class"": ""product_card"", ""parse_warnings"": []}, {""source"": ""asna"", ""raw_mnn"": ""Дабигатрана этексилат"", ""field_type"": ""explicit_mnn"", ""canonical_components"": [], ""url"": ""https://www.asna.ru/cards/dabiksom_150mg_n60_kaps_krka-rus_ooo.html"", ""title"": ""/cards/dabiksom_150mg_n60_kaps_krka-rus_ooo.html"", ""match_status"": ""rejected"", ""match_score"": -0.4, ""source_class"": ""product_card"", ""parse_warnings"": []}, {""source"": ""vidal"", ""raw_mnn"": ""Дабигатрана этексилат"", ""field_type"": ""explicit_mnn"", ""canonical_components"": [], ""url"": ""https://www.vidal.ru/drugs/dabiksom"", ""title"": ""Дабиксом"", ""match_status"": ""ambiguous"", ""match_score"": 0.5, ""source_class"": ""product_card"", ""parse_warnings"": []}, {""source"": ""stolichki"", ""raw_mnn"": null, ""field_type"": ""unknown"", ""canonical_components"": [], ""url"": null, ""title"": null, ""match_status"": ""ambiguous"", ""match_score"": 0.0, ""source_class"": ""search_only"", ""parse_warnings"": []}]"
20781,ГРОПРИНОСИН ТАБЛ. 500МГ №30 | ГЕДЕОН РИХТЕР ПОЛЬША ООО/ГЕДЕОН РИХТЕР-РУС АО | ГЕДЕОН РИХТЕР ПОЛЬША ООО/ГЕДЕОН РИХТЕР-РУС АО,drug,Инозин пранобекс,rx,,none,none,no_known_inn_token,1,2,2,,[],,unresolved_catalog,single_source,unknown,unknown,,,false,,unresolved,true,catalog_accept_removed,"[{""source"": ""apteka"", ""url"": ""https://apteka.ru/product/groprinosin-500-mg-50-sht-tabletki-5e32771eca7bdc0001933efe/"", ""title"": ""groprinosin 500 mg 50 sht tabletki"", ""raw_mnn"": ""Инозин пранобекс"", ""mnn"": ""Инозин пранобекс"", ""raw_rx_otc"": ""rx"", ""field_type"": ""explicit_mnn"", ""source_class"": ""product_card"", ""card_fetched"": true, ""fetched_at"": ""2026-08-13T19:31:22+00:00"", ""http_status"": 0, ""parser_version"": ""mnn_source_identity_v1"", ""query"": ""Гроприносин 500 мг таблетки"", ""matched_brand"": null, ""matched_form"": null, ""matched_dosage"": null, ""matched_pack"": ""500"", ""serp_match_score"": 1.0, ""error"": null, ""match_status"": ""rejected"", ""match_score"": -0.4, ""match_reasons"": [""brand_title_conflict:-0.60"", ""dose_match:+0.20""], ""match_axes"": [""dose""], ""hard_contradiction"": true, ""matched_product_title"": ""groprinosin 500 mg 50 sht tabletki""}, {""source"": ""asna"", ""url"": ""https://www.asna.ru/cards/groprinosin_500mg_n20_tab_gedeon_rikhter.html"", ""title"": ""/cards/groprinosin_500mg_n20_tab_gedeon_rikhter.html"", ""raw_mnn"": ""Инозин* пранобекс"", ""mnn"": ""Инозин* пранобекс"", ""raw_rx_otc"": ""rx"", ""field_type"": ""explicit_mnn"", ""source_class"": ""product_card"", ""card_fetched"": true, ""fetched_at"": ""2026-08-13T19:31:21+00:00"", ""http_status"": 0, ""parser_version"": ""mnn_source_identity_v1"", ""query"": ""Гроприносин 500 мг таблетки"", ""matched_brand"": null, ""matched_form"": null, ""matched_dosage"": null, ""matched_pack"": null, ""serp_match_score"": 0.5, ""error"": null, ""match_status"": ""rejected"", ""match_score"": -0.25, ""match_reasons"": [""brand_title_conflict:-0.60"", ""dose_match:+0.20"", ""form_match:+0.15""], ""match_axes"": [""dose"", ""form""], ""hard_contradiction"": true, ""matched_product_title"": ""/cards/groprinosin_500mg_n20_tab_gedeon_rikhter.html""}]","[{""source"": ""uteka"", ""url"": ""https://uteka.ru/product/groprinosin-13407/"", ""title"": ""Гроприносин, 500 мг, табл, 30 шт."", ""raw_mnn"": ""Инозин пранобекс"", ""mnn"": ""Инозин пранобекс"", ""raw_rx_otc"": ""rx"", ""field_type"": ""explicit_mnn"", ""source_class"": ""product_card"", ""card_fetched"": true, ""fetched_at"": ""2026-08-13T19:31:20+00:00"", ""http_status"": 0, ""parser_version"": ""mnn_source_identity_v1"", ""query"": ""Гроприносин 500 мг таблетки"", ""matched_brand"": null, ""matched_form"": ""таблетки"", ""matched_dosage"": ""500мг"", ""matched_pack"": ""30"", ""serp_match_score"": 1.0, ""error"": null, ""match_status"": ""accepted"", ""match_score"": 0.85, ""match_reasons"": [""brand_title_match:+0.50"", ""dose_match:+0.20"", ""form_match:+0.15""], ""match_axes"": [""brand_title"", ""dose"", ""form""], ""hard_contradiction"": false, ""matched_product_title"": ""Гроприносин, 500 мг, табл, 30 шт.""}]","[{""source"": ""uteka"", ""raw_mnn"": ""Инозин пранобекс"", ""field_type"": ""explicit_mnn"", ""canonical_components"": [""Инозин пранобекс""], ""url"": ""https://uteka.ru/product/groprinosin-13407/"", ""title"": ""Гроприносин, 500 мг, табл, 30 шт."", ""match_status"": ""accepted"", ""match_score"": 0.85, ""source_class"": ""product_card"", ""parse_warnings"": []}, {""source"": ""apteka"", ""raw_mnn"": ""Инозин пранобекс"", ""field_type"": ""explicit_mnn"", ""canonical_components"": [], ""url"": ""https://apteka.ru/product/groprinosin-500-mg-50-sht-tabletki-5e32771eca7bdc0001933efe/"", ""title"": ""groprinosin 500 mg 50 sht tabletki"", ""match_status"": ""rejected"", ""match_score"": -0.4, ""source_class"": ""product_card"", ""parse_warnings"": []}, {""source"": ""asna"", ""raw_mnn"": ""Инозин* пранобекс"", ""field_type"": ""explicit_mnn"", ""canonical_components"": [], ""url"": ""https://www.asna.ru/cards/groprinosin_500mg_n20_tab_gedeon_rikhter.html"", ""title"": ""/cards/groprinosin_500mg_n20_tab_gedeon_rikhter.html"", ""match_status"": ""rejected"", ""match_score"": -0.25, ""source_class"": ""product_card"", ""parse_warnings"": []}, {""source"": ""vidal"", ""raw_mnn"": ""Инозин пранобекс"", ""field_type"": ""explicit_mnn"", ""canonical_components"": [], ""url"": ""https://www.vidal.ru/drugs/groprinosin"", ""title"": ""Гроприносин"", ""match_status"": ""ambiguous"", ""match_score"": 0.5, ""source_class"": ""product_card"", ""parse_warnings"": []}, {""source"": ""stolichki"", ""raw_mnn"": null, ""field_type"": ""unknown"", ""canonical_components"": [], ""url"": null, ""title"": null, ""match_status"": ""ambiguous"", ""match_score"": 0.0, ""source_class"": ""search_only"", ""parse_warnings"": []}]"
20890,ГОПАНТОМИД ТАБЛ. 250МГ №50 | УСОЛЬЕ-СИБИРСКИЙ ХИМИКО-ФАРМАЦЕВТИЧЕСКИЙ ЗАВОД АО | УСОЛЬЕ-СИБИРСКИЙ ХИМИКО-ФАРМАЦЕВТИЧЕСКИЙ ЗАВОД АО,drug,Гопантеновая кислота,rx,,none,none,no_known_inn_token,1,2,2,,[],,unresolved_catalog,single_source,unknown,unknown,,,false,,unresolved,true,catalog_accept_removed,"[{""source"": ""apteka"", ""url"": ""https://apteka.ru/product/gopantomid-250-mg-50-sht-tabletki-5eb550e649df440001fd4fe6/"", ""title"": ""gopantomid 250 mg 50 sht tabletki"", ""raw_mnn"": ""Гопантеновая кислота"", ""mnn"": ""Гопантеновая кислота"", ""raw_rx_otc"": ""rx"", ""field_type"": ""explicit_mnn"", ""source_class"": ""product_card"", ""card_fetched"": true, ""fetched_at"": ""2026-08-13T19:31:26+00:00"", ""http_status"": 0, ""parser_version"": ""mnn_source_identity_v1"", ""query"": ""Гопантомид 250 мг таблетки"", ""matched_brand"": null, ""matched_form"": null, ""matched_dosage"": null, ""matched_pack"": null, ""serp_match_score"": 1.0, ""error"": null, ""match_status"": ""rejected"", ""match_score"": -0.4, ""match_reasons"": [""brand_title_conflict:-0.60"", ""dose_match:+0.20""], ""match_axes"": [""dose""], ""hard_contradiction"": true, ""matched_product_title"": ""gopantomid 250 mg 50 sht tabletki""}, {""source"": ""asna"", ""url"": ""https://www.asna.ru/cards/gopantomid_250mg_50_sht__tabletki_usole_sibirskiy_khimiko_farmacevticheskiy_zavod_ao.html"", ""title"": ""/cards/gopantomid_250mg_50_sht__tabletki_usole_sibirskiy_khimiko_farmacevticheskiy_zavod_ao.html"", ""raw_mnn"": ""Гопантеновая кислота"", ""mnn"": ""Гопантеновая кислота"", ""raw_rx_otc"": ""rx"", ""field_type"": ""explicit_mnn"", ""source_class"": ""product_card"", ""card_fetched"": true, ""fetched_at"": ""2026-08-13T19:31:25+00:00"", ""http_status"": 0, ""parser_version"": ""mnn_source_identity_v1"", ""query"": ""Гопантомид 250 мг таблетки"", ""matched_brand"": null, ""matched_form"": null, ""matched_dosage"": null, ""matched_pack"": null, ""serp_match_score"": 0.5, ""error"": null, ""match_status"": ""rejected"", ""match_score"": -0.4, ""match_reasons"": [""brand_title_conflict:-0.60"", ""dose_match:+0.20""], ""match_axes"": [""dose""], ""hard_contradiction"": true, ""matched_product_title"": ""/cards/gopantomid_250mg_50_sht__tabletki_usole_sibirskiy_khimiko_farmacevticheskiy_zavod_ao.html""}]","[{""source"": ""uteka"", ""url"": ""https://uteka.ru/product/gopantomid-372978/"", ""title"": ""Гопантомид, 250 мг, табл, 50 шт."", ""raw_mnn"": ""Гопантеновая кислота"", ""mnn"": ""Гопантеновая кислота"", ""raw_rx_otc"": ""rx"", ""field_type"": ""explicit_mnn"", ""source_class"": ""product_card"", ""card_fetched"": true, ""fetched_at"": ""2026-08-13T19:31:24+00:00"", ""http_status"": 0, ""parser_version"": ""mnn_source_identity_v1"", ""query"": ""Гопантомид 250 мг таблетки"", ""matched_brand"": null, ""matched_form"": ""таблетки"", ""matched_dosage"": ""250мг"", ""matched_pack"": ""50"", ""serp_match_score"": 1.0, ""error"": null, ""match_status"": ""accepted"", ""match_score"": 0.85, ""match_reasons"": [""brand_title_match:+0.50"", ""dose_match:+0.20"", ""form_match:+0.15""], ""match_axes"": [""brand_title"", ""dose"", ""form""], ""hard_contradiction"": false, ""matched_product_title"": ""Гопантомид, 250 мг, табл, 50 шт.""}]","[{""source"": ""uteka"", ""raw_mnn"": ""Гопантеновая кислота"", ""field_type"": ""explicit_mnn"", ""canonical_components"": [""Гопантеновая кислота""], ""url"": ""https://uteka.ru/product/gopantomid-372978/"", ""title"": ""Гопантомид, 250 мг, табл, 50 шт."", ""match_status"": ""accepted"", ""match_score"": 0.85, ""source_class"": ""product_card"", ""parse_warnings"": []}, {""source"": ""apteka"", ""raw_mnn"": ""Гопантеновая кислота"", ""field_type"": ""explicit_mnn"", ""canonical_components"": [], ""url"": ""https://apteka.ru/product/gopantomid-250-mg-50-sht-tabletki-5eb550e649df440001fd4fe6/"", ""title"": ""gopantomid 250 mg 50 sht tabletki"", ""match_status"": ""rejected"", ""match_score"": -0.4, ""source_class"": ""product_card"", ""parse_warnings"": []}, {""source"": ""asna"", ""raw_mnn"": ""Гопантеновая кислота"", ""field_type"": ""explicit_mnn"", ""canonical_components"": [], ""url"": ""https://www.asna.ru/cards/gopantomid_250mg_50_sht__tabletki_usole_sibirskiy_khimiko_farmacevticheskiy_zavod_ao.html"", ""title"": ""/cards/gopantomid_250mg_50_sht__tabletki_usole_sibirskiy_khimiko_farmacevticheskiy_zavod_ao.html"", ""match_status"": ""rejected"", ""match_score"": -0.4, ""source_class"": ""product_card"", ""parse_warnings"": []}, {""source"": ""vidal"", ""raw_mnn"": ""Гопантеновая кислота"", ""field_type"": ""explicit_mnn"", ""canonical_components"": [], ""url"": ""https://www.vidal.ru/drugs/gopantenova-acid"", ""title"": ""Гопантомид"", ""match_status"": ""ambiguous"", ""match_score"": 0.5, ""source_class"": ""product_card"", ""parse_warnings"": []}, {""source"": ""stolichki"", ""raw_mnn"": null, ""field_type"": ""unknown"", ""canonical_components"": [], ""url"": null, ""title"": null, ""match_status"": ""ambiguous"", ""match_score"": 0.0, ""source_class"": ""search_only"", ""parse_warnings"": []}]"
20982,"ГЛЮКОВАНС ТАБЛ. П/ПЛЕН/ОБ. 2,5МГ+500МГ №30 | МЕРК САНТЭ С.А.С. | МЕРК САНТЭ С.А.С.",drug,Метформин+Глибенкламид,rx,,none,none,no_known_inn_token,0,2,3,,[],,unresolved_catalog,empty,unknown,unknown,,,false,,unresolved,true,catalog_accept_removed,"[{""source"": ""apteka"", ""url"": ""https://apteka.ru/product/glyukovans-5-mg--500-mg-60-sht-tabletki-pokrytye-plenochnoj-obolochkoj-5e326416ca7bdc000192ae25/"", ""title"": ""glyukovans 5 mg  500 mg 60 sht tabletki pokrytye plenochnoj obolochkoj"", ""raw_mnn"": ""Глибенкламид, Метформин"", ""mnn"": ""Глибенкламид, Метформин"", ""raw_rx_otc"": ""rx"", ""field_type"": ""explicit_mnn"", ""source_class"": ""product_card"", ""card_fetched"": true, ""fetched_at"": ""2026-08-13T19:31:31+00:00"", ""http_status"": 0, ""parser_version"": ""mnn_source_identity_v1"", ""query"": ""Глюкованс 2,5 мг + 500 мг таблетки"", ""matched_brand"": null, ""matched_form"": null, ""matched_dosage"": null, ""matched_pack"": null, ""serp_match_score"": 0.925, ""error"": null, ""match_status"": ""rejected"", ""match_score"": -0.4, ""match_reasons"": [""brand_title_conflict:-0.60"", ""dose_match:+0.20""], ""match_axes"": [""dose""], ""hard_contradiction"": true, ""matched_product_title"": ""glyukovans 5 mg  500 mg 60 sht tabletki pokrytye plenochnoj obolochkoj""}, {""source"": ""asna"", ""url"": ""https://www.asna.ru/cards/glyukovans_5mg500mg_n60_tab_pokrytye_plenochnoy_obolochkoy_merck_sante_cac.html"", ""title"": ""/cards/glyukovans_5mg500mg_n60_tab_pokrytye_plenochnoy_obolochkoy_merck_sante_cac.html"", ""raw_mnn"": ""Глибенкламид*+ Метформин"", ""mnn"": ""Глибенкламид*+ Метформин"", ""raw_rx_otc"": ""rx"", ""field_type"": ""explicit_mnn"", ""source_class"": ""product_card"", ""card_fetched"": true, ""fetched_at"": ""2026-08-13T19:31:29+00:00"", ""http_status"": 0, ""parser_version"": ""mnn_source_identity_v1"", ""query"": ""Глюкованс 2,5 мг + 500 мг таблетки"", ""matched_brand"": null, ""matched_form"": null, ""matched_dosage"": null, ""matched_pack"": null, ""serp_match_score"": 0.5, ""error"": null, ""match_status"": ""rejected"", ""match_score"": -0.25, ""match_reasons"": [""brand_title_conflict:-0.60"", ""dose_match:+0.20"", ""form_match:+0.15""], ""match_axes"": [""dose"", ""form""], ""hard_contradiction"": true, ""matched_product_title"": ""/cards/glyukovans_5mg500mg_n60_tab_pokrytye_plenochnoy_obolochkoy_merck_sante_cac.html""}]",[],"[{""source"": ""apteka"", ""raw_mnn"": ""Глибенкламид, Метформин"", ""field_type"": ""explicit_mnn"", ""canonical_components"": [], ""url"": ""https://apteka.ru/product/glyukovans-5-mg--500-mg-60-sht-tabletki-pokrytye-plenochnoj-obolochkoj-5e326416ca7bdc000192ae25/"", ""title"": ""glyukovans 5 mg  500 mg 60 sht tabletki pokrytye plenochnoj obolochkoj"", ""match_status"": ""rejected"", ""match_score"": -0.4, ""source_class"": ""product_card"", ""parse_warnings"": []}, {""source"": ""asna"", ""raw_mnn"": ""Глибенкламид*+ Метформин"", ""field_type"": ""explicit_mnn"", ""canonical_components"": [], ""url"": ""https://www.asna.ru/cards/glyukovans_5mg500mg_n60_tab_pokrytye_plenochnoy_obolochkoy_merck_sante_cac.html"", ""title"": ""/cards/glyukovans_5mg500mg_n60_tab_pokrytye_plenochnoy_obolochkoy_merck_sante_cac.html"", ""match_status"": ""rejected"", ""match_score"": -0.25, ""source_class"": ""product_card"", ""parse_warnings"": []}, {""source"": ""uteka"", ""raw_mnn"": null, ""field_type"": ""unknown"", ""canonical_components"": [], ""url"": null, ""title"": null, ""match_status"": ""ambiguous"", ""match_score"": 0.0, ""source_class"": ""search_only"", ""parse_warnings"": []}, {""source"": ""vidal"", ""raw_mnn"": ""Метформин"", ""field_type"": ""explicit_mnn"", ""canonical_components"": [], ""url"": ""https://www.vidal.ru/drugs/glucovance__6790"", ""title"": ""Глюкованс"", ""match_status"": ""ambiguous"", ""match_score"": 0.5, ""source_class"": ""product_card"", ""parse_warnings"": []}, {""source"": ""stolichki"", ""raw_mnn"": null, ""field_type"": ""unknown"", ""canonical_components"": [], ""url"": null, ""title"": null, ""match_status"": ""ambiguous"", ""match_score"": 0.0, ""source_class"": ""search_only"", ""parse_warnings"": []}]"
21010,ГЛИЦИН ФОРТЕ ТАБЛ. ЗАЩЕЧН. И П/ЯЗЫЧН. 250МГ №20 ОЗОН | ОЗОН ООО | ОЗОН ООО,drug,Глицин,Без рецепта,Глицин,strong,high,exact_normalized_text_token_start,1,0,4,,[],,resolved_input_explicit,single_source,unknown,unknown,,,false,Глицин,input_explicit_mnn,false,catalog_accept_removed,[],"[{""source"": ""uteka"", ""url"": ""https://uteka.ru/product/glicin-forte-248536/"", ""title"": ""Глицин форте, 250 мг, табл. защечн, 30 шт."", ""raw_mnn"": ""Глицин"", ""mnn"": ""Глицин"", ""raw_rx_otc"": ""rx"", ""field_type"": ""explicit_mnn"", ""source_class"": ""product_card"", ""card_fetched"": true, ""fetched_at"": ""2026-08-13T19:31:36+00:00"", ""http_status"": 0, ""parser_version"": ""mnn_source_identity_v1"", ""query"": ""Глицин Форте 250 мг таблетки"", ""matched_brand"": null, ""matched_form"": ""таблетки"", ""matched_dosage"": ""250мг"", ""matched_pack"": ""30"", ""serp_match_score"": 1.0, ""error"": null, ""match_status"": ""accepted"", ""match_score"": 0.85, ""match_reasons"": [""brand_title_match:+0.50"", ""dose_match:+0.20"", ""form_match:+0.15""], ""match_axes"": [""brand_title"", ""dose"", ""form""], ""hard_contradiction"": false, ""matched_product_title"": ""Глицин форте, 250 мг, табл. защечн, 30 шт.""}]","[{""source"": ""uteka"", ""raw_mnn"": ""Глицин"", ""field_type"": ""explicit_mnn"", ""canonical_components"": [""Глицин""], ""url"": ""https://uteka.ru/product/glicin-forte-248536/"", ""title"": ""Глицин форте, 250 мг, табл. защечн, 30 шт."", ""match_status"": ""accepted"", ""match_score"": 0.85, ""source_class"": ""product_card"", ""parse_warnings"": []}, {""source"": ""apteka"", ""raw_mnn"": null, ""field_type"": ""unknown"", ""canonical_components"": [], ""url"": null, ""title"": null, ""match_status"": ""ambiguous"", ""match_score"": 0.0, ""source_class"": ""search_only"", ""parse_warnings"": []}, {""source"": ""asna"", ""raw_mnn"": null, ""field_type"": ""unknown"", ""canonical_components"": [], ""url"": ""https://www.asna.ru/cards/naturalis_glitsin_forte_s_vitaminami_v1_v6_v12_tab_n60_amateg_odo.html"", ""title"": ""/cards/naturalis_glitsin_forte_s_vitaminami_v1_v6_v12_tab_n60_amateg_odo.html"", ""match_status"": ""ambiguous"", ""match_score"": 0.0, ""source_class"": ""search_only"", ""parse_warnings"": []}, {""source"": ""vidal"", ""raw_mnn"": ""Глицин"", ""field_type"": ""explicit_mnn"", ""canonical_components"": [], ""url"": ""https://www.vidal.ru/drugs/glycine_forte__41175"", ""title"": ""Глицин Форте"", ""match_status"": ""ambiguous"", ""match_score"": 0.5, ""source_class"": ""product_card"", ""parse_warnings"": []}, {""source"": ""stolichki"", ""raw_mnn"": null, ""field_type"": ""unknown"", ""canonical_components"": [], ""url"": null, ""title"": null, ""match_status"": ""ambiguous"", ""match_score"": 0.0, ""source_class"": ""search_only"", ""parse_warnings"": []}]"
21018,ГЛИЦИН ТАБЛ. П/ЯЗЫЧН. 100МГ №50 ОЗОН ФАРМ | ОЗОН ФАРМ ООО | ОЗОН ФАРМ ООО,drug,Глицин,otc,Глицин,strong,high,exact_normalized_text_token_start,1,2,2,,[],,resolved_enrichment,single_source,unknown,unknown,Глицин,ok,true,Глицин,input_plus_enrichment,false,method_changed,"[{""source"": ""apteka"", ""url"": ""https://apteka.ru/product/meloksikam-75-mg-n20-tabl-ozon-farm-634e99cee65cbb5833914b5b/"", ""title"": ""meloksikam 75 mg n20 tabl ozon farm"", ""raw_mnn"": ""Мелоксикам"", ""mnn"": ""Мелоксикам"", ""raw_rx_otc"": ""rx"", ""field_type"": ""explicit_mnn"", ""source_class"": ""product_card"", ""card_fetched"": true, ""fetched_at"": ""2026-08-13T19:31:44+00:00"", ""http_status"": 0, ""parser_version"": ""mnn_source_identity_v1"", ""query"": ""ОЗОН ФАРМ 100 мг таблетки"", ""matched_brand"": null, ""matched_form"": null, ""matched_dosage"": null, ""matched_pack"": ""20"", ""serp_match_score"": 0.27, ""error"": null, ""match_status"": ""rejected"", ""match_score"": 0.0, ""match_reasons"": [""strong_explicit_mnn_mismatch""], ""matched_product_title"": ""meloksikam 75 mg n20 tabl ozon farm""}, {""source"": ""asna"", ""url"": ""https://www.asna.ru/cards/glitsin_100mg_n50_tab_podyazychnye_ozon_farm_ooo.html"", ""title"": ""/cards/glitsin_100mg_n50_tab_podyazychnye_ozon_farm_ooo.html"", ""raw_mnn"": ""Глицин"", ""mnn"": ""Глицин"", ""raw_rx_otc"": ""otc"", ""field_type"": ""explicit_mnn"", ""source_class"": ""product_card"", ""card_fetched"": true, ""fetched_at"": ""2026-08-13T19:31:43+00:00"", ""http_status"": 0, ""parser_version"": ""mnn_source_identity_v1"", ""query"": ""ОЗОН ФАРМ 100 мг таблетки"", ""matched_brand"": null, ""matched_form"": null, ""matched_dosage"": null, ""matched_pack"": null, ""serp_match_score"": 0.5, ""error"": null, ""match_status"": ""rejected"", ""match_score"": -0.25, ""match_reasons"": [""brand_title_conflict:-0.60"", ""dose_match:+0.20"", ""form_match:+0.15""], ""match_axes"": [""dose"", ""form""], ""hard_contradiction"": true, ""matched_product_title"": ""/cards/glitsin_100mg_n50_tab_podyazychnye_ozon_farm_ooo.html""}]","[{""source"": ""uteka"", ""url"": ""https://uteka.ru/product/glicin-414125/"", ""title"": ""Глицин, 100 мг, табл. подъязычн, 50 шт."", ""raw_mnn"": ""Глицин"", ""mnn"": ""Глицин"", ""raw_rx_otc"": ""otc"", ""field_type"": ""explicit_mnn"", ""source_class"": ""product_card"", ""card_fetched"": true, ""fetched_at"": ""2026-08-13T19:31:42+00:00"", ""http_status"": 0, ""parser_version"": ""mnn_source_identity_v1"", ""query"": ""ОЗОН ФАРМ 100 мг таблетки"", ""matched_brand"": null, ""matched_form"": ""таблетки"", ""matched_dosage"": ""100мг"", ""matched_pack"": ""50"", ""serp_match_score"": 0.5, ""error"": null, ""match_status"": ""accepted"", ""match_score"": 0.85, ""match_reasons"": [""brand_title_match:+0.50"", ""dose_match:+0.20"", ""form_match:+0.15""], ""match_axes"": [""brand_title"", ""dose"", ""form""], ""hard_contradiction"": false, ""matched_product_title"": ""Глицин, 100 мг, табл. подъязычн, 50 шт.""}]","[{""source"": ""uteka"", ""raw_mnn"": ""Глицин"", ""field_type"": ""explicit_mnn"", ""canonical_components"": [""Глицин""], ""url"": ""https://uteka.ru/product/glicin-414125/"", ""title"": ""Глицин, 100 мг, табл. подъязычн, 50 шт."", ""match_status"": ""accepted"", ""match_score"": 0.85, ""source_class"": ""product_card"", ""parse_warnings"": []}, {""source"": ""apteka"", ""raw_mnn"": ""Мелоксикам"", ""field_type"": ""explicit_mnn"", ""canonical_components"": [], ""url"": ""https://apteka.ru/product/meloksikam-75-mg-n20-tabl-ozon-farm-634e99cee65cbb5833914b5b/"", ""title"": ""meloksikam 75 mg n20 tabl ozon farm"", ""match_status"": ""rejected"", ""match_score"": 0.0, ""source_class"": ""product_card"", ""parse_warnings"": []}, {""source"": ""asna"", ""raw_mnn"": ""Глицин"", ""field_type"": ""explicit_mnn"", ""canonical_components"": [], ""url"": ""https://www.asna.ru/cards/glitsin_100mg_n50_tab_podyazychnye_ozon_farm_ooo.html"", ""title"": ""/cards/glitsin_100mg_n50_tab_podyazychnye_ozon_farm_ooo.html"", ""match_status"": ""rejected"", ""match_score"": -0.25, ""source_class"": ""product_card"", ""parse_warnings"": []}, {""source"": ""vidal"", ""raw_mnn"": null, ""field_type"": ""unknown"", ""canonical_components"": [], ""url"": ""https://www.vidal.ru/drugs/products"", ""title"": ""По алфавиту"", ""match_status"": ""ambiguous"", ""match_score"": 0.0, ""source_class"": ""search_only"", ""parse_warnings"": []}, {""source"": ""stolichki"", ""raw_mnn"": null, ""field_type"": ""unknown"", ""canonical_components"": [], ""url"": null, ""title"": null, ""match_status"": ""ambiguous"", ""match_score"": 0.0, ""source_class"": ""search_only"", ""parse_warnings"": []}]"
21019,ГЛИЦИН ТАБЛ. П/ЯЗЫЧН. 100МГ №50 ОЗОН | ОЗОН ООО | ОЗОН ООО,drug,Глицин,Без рецепта,Глицин,strong,high,exact_normalized_text_token_start,0,3,2,,[],,resolved_enrichment,empty,unknown,unknown,Глицин,ok,true,Глицин,input_plus_enrichment,false,method_changed,"[{""source"": ""uteka"", ""url"": ""https://uteka.ru/product/diazolin-18157/"", ""title"": ""Диазолин, 100 мг, табл, 10 шт."", ""raw_mnn"": ""Мебгидролин"", ""mnn"": ""Мебгидролин"", ""raw_rx_otc"": ""otc"", ""field_type"": ""explicit_mnn"", ""source_class"": ""product_card"", ""card_fetched"": true, ""fetched_at"": ""2026-08-13T19:31:47+00:00"", ""http_status"": 0, ""parser_version"": ""mnn_source_identity_v1"", ""query"": ""ОЗОН 100 мг таблетки"", ""matched_brand"": null, ""matched_form"": ""таблетки"", ""matched_dosage"": ""100мг"", ""matched_pack"": ""10"", ""serp_match_score"": 0.6, ""error"": null, ""match_status"": ""rejected"", ""match_score"": 0.0, ""match_reasons"": [""strong_explicit_mnn_mismatch""], ""matched_product_title"": ""Диазолин, 100 мг, табл, 10 шт.""}, {""source"": ""apteka"", ""url"": ""https://apteka.ru/product/meloksikam-75-mg-n20-tabl-ozon-farm-634e99cee65cbb5833914b5b/"", ""title"": ""meloksikam 75 mg n20 tabl ozon farm"", ""raw_mnn"": ""Мелоксикам"", ""mnn"": ""Мелоксикам"", ""raw_rx_otc"": ""rx"", ""field_type"": ""explicit_mnn"", ""source_class"": ""product_card"", ""card_fetched"": true, ""fetched_at"": ""2026-08-13T19:31:48+00:00"", ""http_status"": 0, ""parser_version"": ""mnn_source_identity_v1"", ""query"": ""ОЗОН 100 мг таблетки"", ""matched_brand"": null, ""matched_form"": null, ""matched_dosage"": null, ""matched_pack"": ""20"", ""serp_match_score"": 0.775, ""error"": null, ""match_status"": ""rejected"", ""match_score"": 0.0, ""match_reasons"": [""strong_explicit_mnn_mismatch""], ""matched_product_title"": ""meloksikam 75 mg n20 tabl ozon farm""}, {""source"": ""asna"", ""url"": ""https://www.asna.ru/cards/metotreksat_25mg_n50_tab_pokrytye_obolochkoy_ozon.html"", ""title"": ""/cards/metotreksat_25mg_n50_tab_pokrytye_obolochkoy_ozon.html"", ""raw_mnn"": ""Метотрексат"", ""mnn"": ""Метотрексат"", ""raw_rx_otc"": ""rx"", ""field_type"": ""explicit_mnn"", ""source_class"": ""product_card"", ""card_fetched"": true, ""fetched_at"": ""2026-08-13T19:31:48+00:00"", ""http_status"": 0, ""parser_version"": ""mnn_source_identity_v1"", ""query"": ""ОЗОН 100 мг таблетки"", ""matched_brand"": null, ""matched_form"": null, ""matched_dosage"": null, ""matched_pack"": null, ""serp_match_score"": 0.4, ""error"": null, ""match_status"": ""rejected"", ""match_score"": 0.0, ""match_reasons"": [""strong_explicit_mnn_mismatch""], ""matched_product_title"": ""/cards/metotreksat_25mg_n50_tab_pokrytye_obolochkoy_ozon.html""}]",[],"[{""source"": ""uteka"", ""raw_mnn"": ""Мебгидролин"", ""field_type"": ""explicit_mnn"", ""canonical_components"": [], ""url"": ""https://uteka.ru/product/diazolin-18157/"", ""title"": ""Диазолин, 100 мг, табл, 10 шт."", ""match_status"": ""rejected"", ""match_score"": 0.0, ""source_class"": ""product_card"", ""parse_warnings"": []}, {""source"": ""apteka"", ""raw_mnn"": ""Мелоксикам"", ""field_type"": ""explicit_mnn"", ""canonical_components"": [], ""url"": ""https://apteka.ru/product/meloksikam-75-mg-n20-tabl-ozon-farm-634e99cee65cbb5833914b5b/"", ""title"": ""meloksikam 75 mg n20 tabl ozon farm"", ""match_status"": ""rejected"", ""match_score"": 0.0, ""source_class"": ""product_card"", ""parse_warnings"": []}, {""source"": ""asna"", ""raw_mnn"": ""Метотрексат"", ""field_type"": ""explicit_mnn"", ""canonical_components"": [], ""url"": ""https://www.asna.ru/cards/metotreksat_25mg_n50_tab_pokrytye_obolochkoy_ozon.html"", ""title"": ""/cards/metotreksat_25mg_n50_tab_pokrytye_obolochkoy_ozon.html"", ""match_status"": ""rejected"", ""match_score"": 0.0, ""source_class"": ""product_card"", ""parse_warnings"": []}, {""source"": ""vidal"", ""raw_mnn"": ""Глицин"", ""field_type"": ""explicit_mnn"", ""canonical_components"": [], ""url"": ""https://www.vidal.ru/drugs/glycine_bio__10481"", ""title"": ""Глицин Озон"", ""match_status"": ""ambiguous"", ""match_score"": 0.5, ""source_class"": ""product_card"", ""parse_warnings"": []}, {""source"": ""stolichki"", ""raw_mnn"": null, ""field_type"": ""unknown"", ""canonical_components"": [], ""url"": null, ""title"": null, ""match_status"": ""ambiguous"", ""match_score"": 0.0, ""source_class"": ""search_only"", ""parse_warnings"": []}]"
21137,ГЛИБЕНКЛАМИД ТАБЛ. 5МГ №120 ОЗОН ФАРМ | ОЗОН ФАРМ ООО | ОЗОН ФАРМ ООО,drug,Глибенкламид,rx,,none,none,no_known_inn_token,0,4,1,,[],,resolved_enrichment,empty,unknown,unknown,Глибенкламид,ok,true,Глибенкламид,enrichment,false,sources_rejected_same_final,"[{""source"": ""uteka"", ""url"": ""https://uteka.ru/product/ambroksol-alfaktiv-432841/"", ""title"": ""Амброксол Альфактив, 30 мг, табл, 50 шт."", ""raw_mnn"": ""Амброксол"", ""mnn"": ""Амброксол"", ""raw_rx_otc"": ""otc"", ""field_type"": ""explicit_mnn"", ""source_class"": ""product_card"", ""card_fetched"": true, ""fetched_at"": ""2026-08-13T19:31:50+00:00"", ""http_status"": 0, ""parser_version"": ""mnn_source_identity_v1"", ""query"": ""Озон Фарм 5 мг таблетки"", ""matched_brand"": null, ""matched_form"": ""таблетки"", ""matched_dosage"": ""30мг"", ""matched_pack"": ""50"", ""serp_match_score"": 0.35, ""error"": null, ""match_status"": ""rejected"", ""match_score"": -0.75, ""match_reasons"": [""brand_title_conflict:-0.60"", ""dose_conflict:-0.30"", ""form_match:+0.15""], ""match_axes"": [""form""], ""hard_contradiction"": true, ""matched_product_title"": ""Амброксол Альфактив, 30 мг, табл, 50 шт.""}, {""source"": ""apteka"", ""url"": ""https://apteka.ru/product/meloksikam-75-mg-n20-tabl-ozon-farm-634e99cee65cbb5833914b5b/"", ""title"": ""meloksikam 75 mg n20 tabl ozon farm"", ""raw_mnn"": ""Мелоксикам"", ""mnn"": ""Мелоксикам"", ""raw_rx_otc"": ""rx"", ""field_type"": ""explicit_mnn"", ""source_class"": ""product_card"", ""card_fetched"": true, ""fetched_at"": ""2026-08-13T19:31:52+00:00"", ""http_status"": 0, ""parser_version"": ""mnn_source_identity_v1"", ""query"": ""Озон Фарм 5 мг таблетки"", ""matched_brand"": null, ""matched_form"": null, ""matched_dosage"": null, ""matched_pack"": ""20"", ""serp_match_score"": 0.27, ""error"": null, ""match_status"": ""rejected"", ""match_score"": -0.9, ""match_reasons"": [""brand_title_conflict:-0.60"", ""dose_conflict:-0.30""], ""match_axes"": [], ""hard_contradiction"": true, ""matched_product_title"": ""meloksikam 75 mg n20 tabl ozon farm""}, {""source"": ""asna"", ""url"": ""https://www.asna.ru/cards/glitsin_100mg_n50_tab_podyazychnye_ozon_farm_ooo.html"", ""title"": ""/cards/glitsin_100mg_n50_tab_podyazychnye_ozon_farm_ooo.html"", ""raw_mnn"": ""Глицин"", ""mnn"": ""Глицин"", ""raw_rx_otc"": ""otc"", ""field_type"": ""explicit_mnn"", ""source_class"": ""product_card"", ""card_fetched"": true, ""fetched_at"": ""2026-08-13T19:31:51+00:00"", ""http_status"": 0, ""parser_version"": ""mnn_source_identity_v1"", ""query"": ""Озон Фарм 5 мг таблетки"", ""matched_brand"": null, ""matched_form"": null, ""matched_dosage"": null, ""matched_pack"": null, ""serp_match_score"": 0.4, ""error"": null, ""match_status"": ""rejected"", ""match_score"": -0.75, ""match_reasons"": [""brand_title_conflict:-0.60"", ""dose_conflict:-0.30"", ""form_match:+0.15""], ""match_axes"": [""form""], ""hard_contradiction"": true, ""matched_product_title"": ""/cards/glitsin_100mg_n50_tab_podyazychnye_ozon_farm_ooo.html""}, {""source"": ""vidal"", ""url"": ""https://www.vidal.ru/drugs/glibenclamide_tablets_0_005__27480"", ""title"": ""Глибенкламида таблетки 0.005 г"", ""raw_mnn"": ""Глибенкламид"", ""mnn"": ""Глибенкламид"", ""raw_rx_otc"": ""otc"", ""field_type"": ""explicit_mnn"", ""source_class"": ""product_card"", ""card_fetched"": true, ""fetched_at"": ""2026-08-13T19:31:53+00:00"", ""http_status"": 0, ""parser_version"": ""mnn_source_identity_v1"", ""query"": ""ГЛИБЕНКЛАМИД 5 мг таблетки"", ""matched_brand"": null, ""matched_form"": ""таблетки"", ""matched_dosage"": ""0.005г"", ""matched_pack"": null, ""serp_match_score"": 0.4333, ""error"": null, ""match_status"": ""rejected"", ""match_score"": -0.75, ""match_reasons"": [""brand_title_conflict:-0.60"", ""dose_conflict:-0.30"", ""form_match:+0.15""], ""match_axes"": [""form""], ""hard_contradiction"": true, ""matched_product_title"": ""Глибенкламида таблетки 0.005 г""}]",[],"[{""source"": ""uteka"", ""raw_mnn"": ""Амброксол"", ""field_type"": ""explicit_mnn"", ""canonical_components"": [], ""url"": ""https://uteka.ru/product/ambroksol-alfaktiv-432841/"", ""title"": ""Амброксол Альфактив, 30 мг, табл, 50 шт."", ""match_status"": ""rejected"", ""match_score"": -0.75, ""source_class"": ""product_card"", ""parse_warnings"": []}, {""source"": ""apteka"", ""raw_mnn"": ""Мелоксикам"", ""field_type"": ""explicit_mnn"", ""canonical_components"": [], ""url"": ""https://apteka.ru/product/meloksikam-75-mg-n20-tabl-ozon-farm-634e99cee65cbb5833914b5b/"", ""title"": ""meloksikam 75 mg n20 tabl ozon farm"", ""match_status"": ""rejected"", ""match_score"": -0.9, ""source_class"": ""product_card"", ""parse_warnings"": []}, {""source"": ""asna"", ""raw_mnn"": ""Глицин"", ""field_type"": ""explicit_mnn"", ""canonical_components"": [], ""url"": ""https://www.asna.ru/cards/glitsin_100mg_n50_tab_podyazychnye_ozon_farm_ooo.html"", ""title"": ""/cards/glitsin_100mg_n50_tab_podyazychnye_ozon_farm_ooo.html"", ""match_status"": ""rejected"", ""match_score"": -0.75, ""source_class"": ""product_card"", ""parse_warnings"": []}, {""source"": ""vidal"", ""raw_mnn"": ""Глибенкламид"", ""field_type"": ""explicit_mnn"", ""canonical_components"": [], ""url"": ""https://www.vidal.ru/drugs/glibenclamide_tablets_0_005__27480"", ""title"": ""Глибенкламида таблетки 0.005 г"", ""match_status"": ""rejected"", ""match_score"": -0.75, ""source_class"": ""product_card"", ""parse_warnings"": []}, {""source"": ""stolichki"", ""raw_mnn"": null, ""field_type"": ""unknown"", ""canonical_components"": [], ""url"": null, ""title"": null, ""match_status"": ""ambiguous"", ""match_score"": 0.0, ""source_class"": ""search_only"", ""parse_warnings"": []}]"
21387,ГЕПАВИЗИМ ФОСФОЛИПИДЫ+L-ОРИНИТИН+КУРКУМИН КАПС. ПО 495МГ №30 | ВТФ ООО | ВТФ ООО,drug,,БАД,,none,none,no_known_inn_token,0,3,2,,[],,unresolved_catalog,empty,unknown,unknown,,ok,false,,unresolved,true,method_changed,"[{""source"": ""apteka"", ""url"": ""https://apteka.ru/product/plantcomplex-gepavizim-trojnaya-zashhita-pecheni-30-sht-kapsuly-massoj-400-mg-630de9ecbb7256f6b07f61b6/"", ""title"": ""plantcomplex gepavizim trojnaya zashhita pecheni 30 sht kapsuly massoj 400 mg"", ""raw_mnn"": ""Лецитин"", ""mnn"": ""Лецитин"", ""raw_rx_otc"": null, ""field_type"": ""explicit_mnn"", ""source_class"": ""product_card"", ""card_fetched"": true, ""fetched_at"": ""2026-08-13T19:31:58+00:00"", ""http_status"": 0, ""parser_version"": ""mnn_source_identity_v1"", ""query"": ""Гепавизим 495 мг капсулы"", ""matched_brand"": null, ""matched_form"": null, ""matched_dosage"": null, ""matched_pack"": null, ""serp_match_score"": 0.8875, ""error"": null, ""match_status"": ""rejected"", ""match_score"": -0.9, ""match_reasons"": [""brand_title_conflict:-0.60"", ""dose_conflict:-0.30""], ""match_axes"": [], ""hard_contradiction"": true, ""matched_product_title"": ""plantcomplex gepavizim trojnaya zashhita pecheni 30 sht kapsuly massoj 400 mg""}, {""source"": ""asna"", ""url"": ""https://www.asna.ru/cards/gepavizim_kaps_troynaya_zashchita_pecheni_n30_vtf_ooo.html"", ""title"": ""/cards/gepavizim_kaps_troynaya_zashchita_pecheni_n30_vtf_ooo.html"", ""raw_mnn"": null, ""mnn"": null, ""raw_rx_otc"": ""otc"", ""field_type"": ""unknown"", ""source_class"": ""product_card"", ""card_fetched"": true, ""fetched_at"": ""2026-08-13T19:31:57+00:00"", ""http_status"": 0, ""parser_version"": ""mnn_source_identity_v1"", ""query"": ""Гепавизим 495 мг капсулы"", ""matched_brand"": null, ""matched_form"": null, ""matched_dosage"": null, ""matched_pack"": null, ""serp_match_score"": 0.4, ""error"": null, ""match_status"": ""rejected"", ""match_score"": -0.6, ""match_reasons"": [""brand_title_conflict:-0.60"", ""dose_card_unknown""], ""match_axes"": [], ""hard_contradiction"": true, ""matched_product_title"": ""/cards/gepavizim_kaps_troynaya_zashchita_pecheni_n30_vtf_ooo.html""}, {""source"": ""vidal"", ""url"": ""https://www.vidal.ru/drugs/products"", ""title"": ""По алфавиту"", ""raw_mnn"": null, ""mnn"": null, ""raw_rx_otc"": ""rx"", ""field_type"": ""unknown"", ""source_class"": ""product_card"", ""card_fetched"": true, ""fetched_at"": ""2026-08-13T19:32:00+00:00"", ""http_status"": 0, ""parser_version"": ""mnn_source_identity_v1"", ""query"": ""ГЕПАВИЗИМ ФОСФОЛИПИДЫ+L-ОРИНИТИН+КУРКУМИН КАПС. ПО 495МГ №30 495 мг капсулы"", ""matched_brand"": null, ""matched_form"": ""по"", ""matched_dosage"": null, ""matched_pack"": null, ""serp_match_score"": 0.1909, ""error"": null, ""match_status"": ""rejected"", ""match_score"": -0.85, ""match_reasons"": [""brand_title_conflict:-0.60"", ""dose_card_unknown"", ""form_conflict:-0.25""], ""match_axes"": [], ""hard_contradiction"": true, ""matched_product_title"": ""По алфавиту""}]",[],"[{""source"": ""apteka"", ""raw_mnn"": ""Лецитин"", ""field_type"": ""explicit_mnn"", ""canonical_components"": [], ""url"": ""https://apteka.ru/product/plantcomplex-gepavizim-trojnaya-zashhita-pecheni-30-sht-kapsuly-massoj-400-mg-630de9ecbb7256f6b07f61b6/"", ""title"": ""plantcomplex gepavizim trojnaya zashhita pecheni 30 sht kapsuly massoj 400 mg"", ""match_status"": ""rejected"", ""match_score"": -0.9, ""source_class"": ""product_card"", ""parse_warnings"": []}, {""source"": ""asna"", ""raw_mnn"": null, ""field_type"": ""unknown"", ""canonical_components"": [], ""url"": ""https://www.asna.ru/cards/gepavizim_kaps_troynaya_zashchita_pecheni_n30_vtf_ooo.html"", ""title"": ""/cards/gepavizim_kaps_troynaya_zashchita_pecheni_n30_vtf_ooo.html"", ""match_status"": ""rejected"", ""match_score"": -0.6, ""source_class"": ""product_card"", ""parse_warnings"": []}, {""source"": ""vidal"", ""raw_mnn"": null, ""field_type"": ""unknown"", ""canonical_components"": [], ""url"": ""https://www.vidal.ru/drugs/products"", ""title"": ""По алфавиту"", ""match_status"": ""rejected"", ""match_score"": -0.85, ""source_class"": ""product_card"", ""parse_warnings"": []}, {""source"": ""uteka"", ""raw_mnn"": null, ""field_type"": ""unknown"", ""canonical_components"": [], ""url"": null, ""title"": null, ""match_status"": ""ambiguous"", ""match_score"": 0.0, ""source_class"": ""search_only"", ""parse_warnings"": []}, {""source"": ""stolichki"", ""raw_mnn"": null, ""field_type"": ""unknown"", ""canonical_components"": [], ""url"": null, ""title"": null, ""match_status"": ""ambiguous"", ""match_score"": 0.0, ""source_class"": ""search_only"", ""parse_warnings"": []}]"
22406,ВИЛДАГЛИПТИН-ВЕРТЕКС ТАБЛ. 50МГ №56 | ВЕРТЕКС АО | ВЕРТЕКС АО,drug,Вилдаглиптин,rx,,none,none,no_known_inn_token,1,2,2,,[],,unresolved_catalog,single_source,unknown,unknown,,,false,,unresolved,true,catalog_accept_removed,"[{""source"": ""apteka"", ""url"": ""https://apteka.ru/product/vildagliptin-50-mg-30-sht-tabletki-685d5f32e62bf143e01cfaa0/"", ""title"": ""vildagliptin 50 mg 30 sht tabletki"", ""raw_mnn"": ""Вилдаглиптин"", ""mnn"": ""Вилдаглиптин"", ""raw_rx_otc"": ""rx"", ""field_type"": ""explicit_mnn"", ""source_class"": ""product_card"", ""card_fetched"": true, ""fetched_at"": ""2026-08-13T19:32:05+00:00"", ""http_status"": 0, ""parser_version"": ""mnn_source_identity_v1"", ""query"": ""Вилдаглиптин-Вертекс 50 мг таблетки"", ""matched_brand"": null, ""matched_form"": null, ""matched_dosage"": null, ""matched_pack"": ""50"", ""serp_match_score"": 0.36, ""error"": null, ""match_status"": ""rejected"", ""match_score"": -0.4, ""match_reasons"": [""brand_title_conflict:-0.60"", ""dose_match:+0.20""], ""match_axes"": [""dose""], ""hard_contradiction"": true, ""matched_product_title"": ""vildagliptin 50 mg 30 sht tabletki""}, {""source"": ""asna"", ""url"": ""https://www.asna.ru/cards/vildagliptin-verteks_50mg_n56_tab_verteks_ao.html"", ""title"": ""/cards/vildagliptin-verteks_50mg_n56_tab_verteks_ao.html"", ""raw_mnn"": ""Вилдаглиптин"", ""mnn"": ""Вилдаглиптин"", ""raw_rx_otc"": ""rx"", ""field_type"": ""explicit_mnn"", ""source_class"": ""product_card"", ""card_fetched"": true, ""fetched_at"": ""2026-08-13T19:32:04+00:00"", ""http_status"": 0, ""parser_version"": ""mnn_source_identity_v1"", ""query"": ""Вилдаглиптин-Вертекс 50 мг таблетки"", ""matched_brand"": null, ""matched_form"": null, ""matched_dosage"": null, ""matched_pack"": null, ""serp_match_score"": 0.5, ""error"": null, ""match_status"": ""rejected"", ""match_score"": -0.25, ""match_reasons"": [""brand_title_conflict:-0.60"", ""dose_match:+0.20"", ""form_match:+0.15""], ""match_axes"": [""dose"", ""form""], ""hard_contradiction"": true, ""matched_product_title"": ""/cards/vildagliptin-verteks_50mg_n56_tab_verteks_ao.html""}]","[{""source"": ""uteka"", ""url"": ""https://uteka.ru/product/vildagliptin-verteks-411968/"", ""title"": ""Вилдаглиптин-Вертекс, 50 мг, табл, 28 шт."", ""raw_mnn"": ""Вилдаглиптин"", ""mnn"": ""Вилдаглиптин"", ""raw_rx_otc"": ""rx"", ""field_type"": ""explicit_mnn"", ""source_class"": ""product_card"", ""card_fetched"": true, ""fetched_at"": ""2026-08-13T19:32:03+00:00"", ""http_status"": 0, ""parser_version"": ""mnn_source_identity_v1"", ""query"": ""Вилдаглиптин-Вертекс 50 мг таблетки"", ""matched_brand"": null, ""matched_form"": ""таблетки"", ""matched_dosage"": ""50мг"", ""matched_pack"": ""28"", ""serp_match_score"": 1.0, ""error"": null, ""match_status"": ""accepted"", ""match_score"": 0.85, ""match_reasons"": [""brand_title_match:+0.50"", ""dose_match:+0.20"", ""form_match:+0.15""], ""match_axes"": [""brand_title"", ""dose"", ""form""], ""hard_contradiction"": false, ""matched_product_title"": ""Вилдаглиптин-Вертекс, 50 мг, табл, 28 шт.""}]","[{""source"": ""uteka"", ""raw_mnn"": ""Вилдаглиптин"", ""field_type"": ""explicit_mnn"", ""canonical_components"": [""Вилдаглиптин""], ""url"": ""https://uteka.ru/product/vildagliptin-verteks-411968/"", ""title"": ""Вилдаглиптин-Вертекс, 50 мг, табл, 28 шт."", ""match_status"": ""accepted"", ""match_score"": 0.85, ""source_class"": ""product_card"", ""parse_warnings"": []}, {""source"": ""apteka"", ""raw_mnn"": ""Вилдаглиптин"", ""field_type"": ""explicit_mnn"", ""canonical_components"": [], ""url"": ""https://apteka.ru/product/vildagliptin-50-mg-30-sht-tabletki-685d5f32e62bf143e01cfaa0/"", ""title"": ""vildagliptin 50 mg 30 sht tabletki"", ""match_status"": ""rejected"", ""match_score"": -0.4, ""source_class"": ""product_card"", ""parse_warnings"": []}, {""source"": ""asna"", ""raw_mnn"": ""Вилдаглиптин"", ""field_type"": ""explicit_mnn"", ""canonical_components"": [], ""url"": ""https://www.asna.ru/cards/vildagliptin-verteks_50mg_n56_tab_verteks_ao.html"", ""title"": ""/cards/vildagliptin-verteks_50mg_n56_tab_verteks_ao.html"", ""match_status"": ""rejected"", ""match_score"": -0.25, ""source_class"": ""product_card"", ""parse_warnings"": []}, {""source"": ""vidal"", ""raw_mnn"": ""Вилдаглиптин"", ""field_type"": ""explicit_mnn"", ""canonical_components"": [], ""url"": ""https://www.vidal.ru/drugs/vildagliptin-verteks"", ""title"": ""Вилдаглиптин-Вертекс"", ""match_status"": ""ambiguous"", ""match_score"": 0.5, ""source_class"": ""product_card"", ""parse_warnings"": []}, {""source"": ""stolichki"", ""raw_mnn"": null, ""field_type"": ""unknown"", ""canonical_components"": [], ""url"": null, ""title"": null, ""match_status"": ""ambiguous"", ""match_score"": 0.0, ""source_class"": ""search_only"", ""parse_warnings"": []}]"
22468,"ВИДОРА МИКРО ТАБЛ. П/ПЛЕН/ОБ. 3МГ+0,02МГ №21+7 | ЛАБОРАТОРИОС ЛЕОН ФАРМА С.А. | ЛАБОРАТОРИОС ЛЕОН ФАРМА С.А.",drug,Дроспиренон + Этинилэстрадиол,rx,,none,none,no_known_inn_token,0,2,3,,[],,unresolved_catalog,empty,unknown,unknown,,,false,,unresolved,true,catalog_accept_removed,"[{""source"": ""apteka"", ""url"": ""https://apteka.ru/product/vidora-mikro-3-mg--002-mg-28-sht-tabletki-pokrytye-plenochnoj-obolochkoj-5e3271a5f5a9ae000140cc6b/"", ""title"": ""vidora mikro 3 mg  002 mg 28 sht tabletki pokrytye plenochnoj obolochkoj"", ""raw_mnn"": ""Этинилэстрадиол, Дроспиренон"", ""mnn"": ""Этинилэстрадиол, Дроспиренон"", ""raw_rx_otc"": ""rx"", ""field_type"": ""explicit_mnn"", ""source_class"": ""product_card"", ""card_fetched"": true, ""fetched_at"": ""2026-08-13T19:32:09+00:00"", ""http_status"": 0, ""parser_version"": ""mnn_source_identity_v1"", ""query"": ""Видора Микро 3 мг + 0,02 мг таблетки"", ""matched_brand"": null, ""matched_form"": null, ""matched_dosage"": null, ""matched_pack"": null, ""serp_match_score"": 0.3214, ""error"": null, ""match_status"": ""rejected"", ""match_score"": -0.4, ""match_reasons"": [""brand_title_conflict:-0.60"", ""dose_match:+0.20""], ""match_axes"": [""dose""], ""hard_contradiction"": true, ""matched_product_title"": ""vidora mikro 3 mg  002 mg 28 sht tabletki pokrytye plenochnoj obolochkoj""}, {""source"": ""asna"", ""url"": ""https://www.asna.ru/cards/vidora_mikro_n244_tab_pokrytye_plenochnoy_obolochkoy_laboratorios_leon_farma_sa.html"", ""title"": ""/cards/vidora_mikro_n244_tab_pokrytye_plenochnoy_obolochkoy_laboratorios_leon_farma_sa.html"", ""raw_mnn"": ""Дроспиренон + Этинилэстрадиол"", ""mnn"": ""Дроспиренон + Этинилэстрадиол"", ""raw_rx_otc"": ""rx"", ""field_type"": ""explicit_mnn"", ""source_class"": ""product_card"", ""card_fetched"": true, ""fetched_at"": ""2026-08-13T19:32:08+00:00"", ""http_status"": 0, ""parser_version"": ""mnn_source_identity_v1"", ""query"": ""Видора Микро 3 мг + 0,02 мг таблетки"", ""matched_brand"": null, ""matched_form"": null, ""matched_dosage"": null, ""matched_pack"": null, ""serp_match_score"": 0.4, ""error"": null, ""match_status"": ""rejected"", ""match_score"": -0.45, ""match_reasons"": [""brand_title_conflict:-0.60"", ""dose_card_unknown"", ""form_match:+0.15""], ""match_axes"": [""form""], ""hard_contradiction"": true, ""matched_product_title"": ""/cards/vidora_mikro_n244_tab_pokrytye_plenochnoy_obolochkoy_laboratorios_leon_farma_sa.html""}]",[],"[{""source"": ""apteka"", ""raw_mnn"": ""Этинилэстрадиол, Дроспиренон"", ""field_type"": ""explicit_mnn"", ""canonical_components"": [], ""url"": ""https://apteka.ru/product/vidora-mikro-3-mg--002-mg-28-sht-tabletki-pokrytye-plenochnoj-obolochkoj-5e3271a5f5a9ae000140cc6b/"", ""title"": ""vidora mikro 3 mg  002 mg 28 sht tabletki pokrytye plenochnoj obolochkoj"", ""match_status"": ""rejected"", ""match_score"": -0.4, ""source_class"": ""product_card"", ""parse_warnings"": []}, {""source"": ""asna"", ""raw_mnn"": ""Дроспиренон + Этинилэстрадиол"", ""field_type"": ""explicit_mnn"", ""canonical_components"": [], ""url"": ""https://www.asna.ru/cards/vidora_mikro_n244_tab_pokrytye_plenochnoy_obolochkoy_laboratorios_leon_farma_sa.html"", ""title"": ""/cards/vidora_mikro_n244_tab_pokrytye_plenochnoy_obolochkoy_laboratorios_leon_farma_sa.html"", ""match_status"": ""rejected"", ""match_score"": -0.45, ""source_class"": ""product_card"", ""parse_warnings"": []}, {""source"": ""uteka"", ""raw_mnn"": null, ""field_type"": ""unknown"", ""canonical_components"": [], ""url"": null, ""title"": null, ""match_status"": ""ambiguous"", ""match_score"": 0.0, ""source_class"": ""search_only"", ""parse_warnings"": []}, {""source"": ""vidal"", ""raw_mnn"": ""Этинилэстрадиол"", ""field_type"": ""explicit_mnn"", ""canonical_components"": [], ""url"": ""https://www.vidal.ru/drugs/vidora_micro__44246"", ""title"": ""Видора"", ""match_status"": ""ambiguous"", ""match_score"": 0.5, ""source_class"": ""product_card"", ""parse_warnings"": []}, {""source"": ""stolichki"", ""raw_mnn"": null, ""field_type"": ""unknown"", ""canonical_components"": [], ""url"": null, ""title"": null, ""match_status"": ""ambiguous"", ""match_score"": 0.0, ""source_class"": ""search_only"", ""parse_warnings"": []}]"
22548,ВЕЧЕРНЕЕ ВАЛЕРИАНА+МЯТА+МЕЛИССА ДРАЖЕ №50 ПАРАФАРМ | ПАРАФАРМ ООО | ПАРАФАРМ ООО,drug,,otc,,none,none,no_known_inn_token,0,2,3,,[],,unresolved_catalog,empty,unknown,unknown,,ok,false,,unresolved,true,method_changed,"[{""source"": ""apteka"", ""url"": ""https://apteka.ru/product/vechernee-biokor-60-sht-tabletki-massoj-018-g-642d189a6442cbb2a7854135/"", ""title"": ""vechernee biokor 60 sht tabletki massoj 018 g"", ""raw_mnn"": null, ""mnn"": null, ""raw_rx_otc"": null, ""field_type"": ""unknown"", ""source_class"": ""product_card"", ""card_fetched"": true, ""fetched_at"": ""2026-08-13T19:32:11+00:00"", ""http_status"": 0, ""parser_version"": ""mnn_source_identity_v1"", ""query"": ""Вечернее"", ""matched_brand"": null, ""matched_form"": null, ""matched_dosage"": null, ""matched_pack"": null, ""serp_match_score"": 1.0, ""error"": null, ""match_status"": ""rejected"", ""match_score"": -0.6, ""match_reasons"": [""brand_title_conflict:-0.60""], ""match_axes"": [], ""hard_contradiction"": true, ""matched_product_title"": ""vechernee biokor 60 sht tabletki massoj 018 g""}, {""source"": ""asna"", ""url"": ""https://www.asna.ru/cards/vechernee_forte_drazhe_valeriana_khmel_myata_melissa_n60_parafarm.html"", ""title"": ""/cards/vechernee_forte_drazhe_valeriana_khmel_myata_melissa_n60_parafarm.html"", ""raw_mnn"": null, ""mnn"": null, ""raw_rx_otc"": ""otc"", ""field_type"": ""unknown"", ""source_class"": ""product_card"", ""card_fetched"": true, ""fetched_at"": ""2026-08-13T19:32:10+00:00"", ""http_status"": 0, ""parser_version"": ""mnn_source_identity_v1"", ""query"": ""Вечернее"", ""matched_brand"": null, ""matched_form"": null, ""matched_dosage"": null, ""matched_pack"": null, ""serp_match_score"": 0.4, ""error"": null, ""match_status"": ""rejected"", ""match_score"": -0.6, ""match_reasons"": [""brand_title_conflict:-0.60""], ""match_axes"": [], ""hard_contradiction"": true, ""matched_product_title"": ""/cards/vechernee_forte_drazhe_valeriana_khmel_myata_melissa_n60_parafarm.html""}]",[],"[{""source"": ""apteka"", ""raw_mnn"": null, ""field_type"": ""unknown"", ""canonical_components"": [], ""url"": ""https://apteka.ru/product/vechernee-biokor-60-sht-tabletki-massoj-018-g-642d189a6442cbb2a7854135/"", ""title"": ""vechernee biokor 60 sht tabletki massoj 018 g"", ""match_status"": ""rejected"", ""match_score"": -0.6, ""source_class"": ""product_card"", ""parse_warnings"": []}, {""source"": ""asna"", ""raw_mnn"": null, ""field_type"": ""unknown"", ""canonical_components"": [], ""url"": ""https://www.asna.ru/cards/vechernee_forte_drazhe_valeriana_khmel_myata_melissa_n60_parafarm.html"", ""title"": ""/cards/vechernee_forte_drazhe_valeriana_khmel_myata_melissa_n60_parafarm.html"", ""match_status"": ""rejected"", ""match_score"": -0.6, ""source_class"": ""product_card"", ""parse_warnings"": []}, {""source"": ""uteka"", ""raw_mnn"": null, ""field_type"": ""unknown"", ""canonical_components"": [], ""url"": ""https://uteka.ru/product/vechernee-biokor-valeriana--hmel--myata-198171/"", ""title"": ""Вечернее Биокор Валериана + Хмель + Мята, драже, 120 шт."", ""match_status"": ""ambiguous"", ""match_score"": 0.5, ""source_class"": ""product_card"", ""parse_warnings"": []}, {""source"": ""vidal"", ""raw_mnn"": null, ""field_type"": ""unknown"", ""canonical_components"": [], ""url"": ""https://www.vidal.ru/drugs/products"", ""title"": ""По алфавиту"", ""match_status"": ""ambiguous"", ""match_score"": 0.0, ""source_class"": ""search_only"", ""parse_warnings"": []}, {""source"": ""stolichki"", ""raw_mnn"": null, ""field_type"": ""unknown"", ""canonical_components"": [], ""url"": null, ""title"": null, ""match_status"": ""ambiguous"", ""match_score"": 0.0, ""source_class"": ""search_only"", ""parse_warnings"": []}]"
23214,БРОМГЕКСИН ТАБЛ. 8МГ №20 ФАРМСТАНДАРТ | ФАРМСТАНДАРТ-ЛЕКСРЕДСТВА ОАО | ФАРМСТАНДАРТ-ЛЕКСРЕДСТВА ОАО,drug,Бромгексин,rx,,none,none,no_known_inn_token,1,3,1,,[],,unresolved_catalog,single_source,unknown,unknown,,,false,,unresolved,true,catalog_accept_removed,"[{""source"": ""apteka"", ""url"": ""https://apteka.ru/product/bromgeksin-8-mg-50-sht-tabletki-63a014015f6f25b090f22b49/"", ""title"": ""bromgeksin 8 mg 50 sht tabletki"", ""raw_mnn"": ""Бромгексин"", ""mnn"": ""Бромгексин"", ""raw_rx_otc"": null, ""field_type"": ""explicit_mnn"", ""source_class"": ""product_card"", ""card_fetched"": true, ""fetched_at"": ""2026-08-13T19:32:16+00:00"", ""http_status"": 0, ""parser_version"": ""mnn_source_identity_v1"", ""query"": ""Бромгексин 8 мг таблетки"", ""matched_brand"": null, ""matched_form"": null, ""matched_dosage"": null, ""matched_pack"": ""8"", ""serp_match_score"": 1.0, ""error"": null, ""match_status"": ""rejected"", ""match_score"": -0.4, ""match_reasons"": [""brand_title_conflict:-0.60"", ""dose_match:+0.20""], ""match_axes"": [""dose""], ""hard_contradiction"": true, ""matched_product_title"": ""bromgeksin 8 mg 50 sht tabletki""}, {""source"": ""asna"", ""url"": ""https://www.asna.ru/cards/bromgeksin_8_berlin_khemi_n25_tab_pokrytye_obolochkoy_berlin-farma_zao.html"", ""title"": ""/cards/bromgeksin_8_berlin_khemi_n25_tab_pokrytye_obolochkoy_berlin-farma_zao.html"", ""raw_mnn"": ""Бромгексин"", ""mnn"": ""Бромгексин"", ""raw_rx_otc"": ""otc"", ""field_type"": ""explicit_mnn"", ""source_class"": ""product_card"", ""card_fetched"": true, ""fetched_at"": ""2026-08-13T19:32:15+00:00"", ""http_status"": 0, ""parser_version"": ""mnn_source_identity_v1"", ""query"": ""Бромгексин 8 мг таблетки"", ""matched_brand"": null, ""matched_form"": null, ""matched_dosage"": null, ""matched_pack"": null, ""serp_match_score"": 0.4, ""error"": null, ""match_status"": ""rejected"", ""match_score"": -0.45, ""match_reasons"": [""brand_title_conflict:-0.60"", ""dose_card_unknown"", ""form_match:+0.15""], ""match_axes"": [""form""], ""hard_contradiction"": true, ""matched_product_title"": ""/cards/bromgeksin_8_berlin_khemi_n25_tab_pokrytye_obolochkoy_berlin-farma_zao.html""}, {""source"": ""vidal"", ""url"": ""https://www.vidal.ru/drugs/bromhexine_tablets_0_008__20930"", ""title"": ""Бромгексина таблетки 0,008 г"", ""raw_mnn"": ""Бромгексин"", ""mnn"": ""Бромгексин"", ""raw_rx_otc"": ""otc"", ""field_type"": ""explicit_mnn"", ""source_class"": ""product_card"", ""card_fetched"": true, ""fetched_at"": ""2026-08-13T19:32:16+00:00"", ""http_status"": 0, ""parser_version"": ""mnn_source_identity_v1"", ""query"": ""Бромгексин 8 мг таблетки"", ""matched_brand"": null, ""matched_form"": ""таблетки"", ""matched_dosage"": ""0.008г"", ""matched_pack"": null, ""serp_match_score"": 0.7833, ""error"": null, ""match_status"": ""rejected"", ""match_score"": -0.75, ""match_reasons"": [""brand_title_conflict:-0.60"", ""dose_conflict:-0.30"", ""form_match:+0.15""], ""match_axes"": [""form""], ""hard_contradiction"": true, ""matched_product_title"": ""Бромгексина таблетки 0,008 г""}]","[{""source"": ""uteka"", ""url"": ""https://uteka.ru/product/bromgeksin-8-berlin-hemi-8625/"", ""title"": ""Бромгексин 8 Берлин-Хеми, 8 мг, табл. п.о, 25 шт."", ""raw_mnn"": ""Бромгексин"", ""mnn"": ""Бромгексин"", ""raw_rx_otc"": ""otc"", ""field_type"": ""explicit_mnn"", ""source_class"": ""product_card"", ""card_fetched"": true, ""fetched_at"": ""2026-08-13T19:32:14+00:00"", ""http_status"": 0, ""parser_version"": ""mnn_source_identity_v1"", ""query"": ""Бромгексин 8 мг таблетки"", ""matched_brand"": null, ""matched_form"": ""таблетки"", ""matched_dosage"": ""8мг"", ""matched_pack"": ""25"", ""serp_match_score"": 1.0, ""error"": null, ""match_status"": ""accepted"", ""match_score"": 0.85, ""match_reasons"": [""brand_title_match:+0.50"", ""dose_match:+0.20"", ""form_match:+0.15""], ""match_axes"": [""brand_title"", ""dose"", ""form""], ""hard_contradiction"": false, ""matched_product_title"": ""Бромгексин 8 Берлин-Хеми, 8 мг, табл. п.о, 25 шт.""}]","[{""source"": ""uteka"", ""raw_mnn"": ""Бромгексин"", ""field_type"": ""explicit_mnn"", ""canonical_components"": [""Бромгексин""], ""url"": ""https://uteka.ru/product/bromgeksin-8-berlin-hemi-8625/"", ""title"": ""Бромгексин 8 Берлин-Хеми, 8 мг, табл. п.о, 25 шт."", ""match_status"": ""accepted"", ""match_score"": 0.85, ""source_class"": ""product_card"", ""parse_warnings"": []}, {""source"": ""apteka"", ""raw_mnn"": ""Бромгексин"", ""field_type"": ""explicit_mnn"", ""canonical_components"": [], ""url"": ""https://apteka.ru/product/bromgeksin-8-mg-50-sht-tabletki-63a014015f6f25b090f22b49/"", ""title"": ""bromgeksin 8 mg 50 sht tabletki"", ""match_status"": ""rejected"", ""match_score"": -0.4, ""source_class"": ""product_card"", ""parse_warnings"": []}, {""source"": ""asna"", ""raw_mnn"": ""Бромгексин"", ""field_type"": ""explicit_mnn"", ""canonical_components"": [], ""url"": ""https://www.asna.ru/cards/bromgeksin_8_berlin_khemi_n25_tab_pokrytye_obolochkoy_berlin-farma_zao.html"", ""title"": ""/cards/bromgeksin_8_berlin_khemi_n25_tab_pokrytye_obolochkoy_berlin-farma_zao.html"", ""match_status"": ""rejected"", ""match_score"": -0.45, ""source_class"": ""product_card"", ""parse_warnings"": []}, {""source"": ""vidal"", ""raw_mnn"": ""Бромгексин"", ""field_type"": ""explicit_mnn"", ""canonical_components"": [], ""url"": ""https://www.vidal.ru/drugs/bromhexine_tablets_0_008__20930"", ""title"": ""Бромгексина таблетки 0,008 г"", ""match_status"": ""rejected"", ""match_score"": -0.75, ""source_class"": ""product_card"", ""parse_warnings"": []}, {""source"": ""stolichki"", ""raw_mnn"": null, ""field_type"": ""unknown"", ""canonical_components"": [], ""url"": null, ""title"": null, ""match_status"": ""ambiguous"", ""match_score"": 0.0, ""source_class"": ""search_only"", ""parse_warnings"": []}]"
23633,БИСОПРОЛОЛ-АЛСИ ТАБЛ. 5МГ №60 | АЛСИ ФАРМА АО | АЛСИ ФАРМА АО,drug,Бисопролол,rx,,none,none,no_known_inn_token,1,2,2,,[],,unresolved_catalog,single_source,unknown,unknown,,,false,,unresolved,true,catalog_accept_removed,"[{""source"": ""apteka"", ""url"": ""https://apteka.ru/product/bisoprolol-alsi-5-mg-60-sht-tabletki-669f9d1aa41bb4060ab40ba4/"", ""title"": ""bisoprolol alsi 5 mg 60 sht tabletki"", ""raw_mnn"": ""Бисопролол"", ""mnn"": ""Бисопролол"", ""raw_rx_otc"": ""rx"", ""field_type"": ""explicit_mnn"", ""source_class"": ""product_card"", ""card_fetched"": true, ""fetched_at"": ""2026-08-13T19:32:20+00:00"", ""http_status"": 0, ""parser_version"": ""mnn_source_identity_v1"", ""query"": ""Бисопролол-АЛСИ 5 мг таблетки"", ""matched_brand"": null, ""matched_form"": null, ""matched_dosage"": null, ""matched_pack"": null, ""serp_match_score"": 0.45, ""error"": null, ""match_status"": ""rejected"", ""match_score"": -0.4, ""match_reasons"": [""brand_title_conflict:-0.60"", ""dose_match:+0.20""], ""match_axes"": [""dose""], ""hard_contradiction"": true, ""matched_product_title"": ""bisoprolol alsi 5 mg 60 sht tabletki""}, {""source"": ""asna"", ""url"": ""https://www.asna.ru/cards/bisoprolol-alsi_5mg_n60_tab_alsi_farma_ao.html"", ""title"": ""/cards/bisoprolol-alsi_5mg_n60_tab_alsi_farma_ao.html"", ""raw_mnn"": ""Бисопролол"", ""mnn"": ""Бисопролол"", ""raw_rx_otc"": ""rx"", ""field_type"": ""explicit_mnn"", ""source_class"": ""product_card"", ""card_fetched"": true, ""fetched_at"": ""2026-08-13T19:32:19+00:00"", ""http_status"": 0, ""parser_version"": ""mnn_source_identity_v1"", ""query"": ""Бисопролол-АЛСИ 5 мг таблетки"", ""matched_brand"": null, ""matched_form"": null, ""matched_dosage"": null, ""matched_pack"": null, ""serp_match_score"": 0.4, ""error"": null, ""match_status"": ""rejected"", ""match_score"": -0.25, ""match_reasons"": [""brand_title_conflict:-0.60"", ""dose_match:+0.20"", ""form_match:+0.15""], ""match_axes"": [""dose"", ""form""], ""hard_contradiction"": true, ""matched_product_title"": ""/cards/bisoprolol-alsi_5mg_n60_tab_alsi_farma_ao.html""}]","[{""source"": ""uteka"", ""url"": ""https://uteka.ru/product/bisoprolol-alsi-413681/"", ""title"": ""Бисопролол-Алси, 5 мг, табл, 30 шт."", ""raw_mnn"": ""Бисопролол"", ""mnn"": ""Бисопролол"", ""raw_rx_otc"": ""rx"", ""field_type"": ""explicit_mnn"", ""source_class"": ""product_card"", ""card_fetched"": true, ""fetched_at"": ""2026-08-13T19:32:18+00:00"", ""http_status"": 0, ""parser_version"": ""mnn_source_identity_v1"", ""query"": ""Бисопролол-АЛСИ 5 мг таблетки"", ""matched_brand"": null, ""matched_form"": ""таблетки"", ""matched_dosage"": ""5мг"", ""matched_pack"": ""30"", ""serp_match_score"": 1.0, ""error"": null, ""match_status"": ""accepted"", ""match_score"": 0.85, ""match_reasons"": [""brand_title_match:+0.50"", ""dose_match:+0.20"", ""form_match:+0.15""], ""match_axes"": [""brand_title"", ""dose"", ""form""], ""hard_contradiction"": false, ""matched_product_title"": ""Бисопролол-Алси, 5 мг, табл, 30 шт.""}]","[{""source"": ""uteka"", ""raw_mnn"": ""Бисопролол"", ""field_type"": ""explicit_mnn"", ""canonical_components"": [""Бисопролол""], ""url"": ""https://uteka.ru/product/bisoprolol-alsi-413681/"", ""title"": ""Бисопролол-Алси, 5 мг, табл, 30 шт."", ""match_status"": ""accepted"", ""match_score"": 0.85, ""source_class"": ""product_card"", ""parse_warnings"": []}, {""source"": ""apteka"", ""raw_mnn"": ""Бисопролол"", ""field_type"": ""explicit_mnn"", ""canonical_components"": [], ""url"": ""https://apteka.ru/product/bisoprolol-alsi-5-mg-60-sht-tabletki-669f9d1aa41bb4060ab40ba4/"", ""title"": ""bisoprolol alsi 5 mg 60 sht tabletki"", ""match_status"": ""rejected"", ""match_score"": -0.4, ""source_class"": ""product_card"", ""parse_warnings"": []}, {""source"": ""asna"", ""raw_mnn"": ""Бисопролол"", ""field_type"": ""explicit_mnn"", ""canonical_components"": [], ""url"": ""https://www.asna.ru/cards/bisoprolol-alsi_5mg_n60_tab_alsi_farma_ao.html"", ""title"": ""/cards/bisoprolol-alsi_5mg_n60_tab_alsi_farma_ao.html"", ""match_status"": ""rejected"", ""match_score"": -0.25, ""source_class"": ""product_card"", ""parse_warnings"": []}, {""source"": ""vidal"", ""raw_mnn"": ""Бисопролол"", ""field_type"": ""explicit_mnn"", ""canonical_components"": [], ""url"": ""https://www.vidal.ru/drugs/bisoprolol-alsi"", ""title"": ""Бисопролол-Алси"", ""match_status"": ""ambiguous"", ""match_score"": 0.5, ""source_class"": ""product_card"", ""parse_warnings"": []}, {""source"": ""stolichki"", ""raw_mnn"": null, ""field_type"": ""unknown"", ""canonical_components"": [], ""url"": null, ""title"": null, ""match_status"": ""ambiguous"", ""match_score"": 0.0, ""source_class"": ""search_only"", ""parse_warnings"": []}]"
23641,БИСОПРОЛОЛ-АКОС ТАБЛ. П/ПЛЕН/ОБ. 5МГ №30 | БИОКОМ ЗАО | БИОКОМ ЗАО,drug,Бисопролол,rx,,none,none,no_known_inn_token,1,2,2,,[],,unresolved_catalog,single_source,unknown,unknown,,,false,,unresolved,true,catalog_accept_removed,"[{""source"": ""apteka"", ""url"": ""https://apteka.ru/product/bisoprolol-akos-5-mg-30-sht-tabletki-pokrytye-plenochnoj-obolochkoj-628610d2e71acaf4a0490872/"", ""title"": ""bisoprolol akos 5 mg 30 sht tabletki pokrytye plenochnoj obolochkoj"", ""raw_mnn"": ""Бисопролол"", ""mnn"": ""Бисопролол"", ""raw_rx_otc"": ""rx"", ""field_type"": ""explicit_mnn"", ""source_class"": ""product_card"", ""card_fetched"": true, ""fetched_at"": ""2026-08-13T19:32:24+00:00"", ""http_status"": 0, ""parser_version"": ""mnn_source_identity_v1"", ""query"": ""Бисопролол-АКОС 5мг таблетки"", ""matched_brand"": null, ""matched_form"": null, ""matched_dosage"": null, ""matched_pack"": null, ""serp_match_score"": 0.3375, ""error"": null, ""match_status"": ""rejected"", ""match_score"": -0.4, ""match_reasons"": [""brand_title_conflict:-0.60"", ""dose_match:+0.20""], ""match_axes"": [""dose""], ""hard_contradiction"": true, ""matched_product_title"": ""bisoprolol akos 5 mg 30 sht tabletki pokrytye plenochnoj obolochkoj""}, {""source"": ""asna"", ""url"": ""https://www.asna.ru/cards/bisoprolol-akos_10mg_n50_tab_pokrytye_plenochnoy_obolochkoy_biokom_ao.html"", ""title"": ""/cards/bisoprolol-akos_10mg_n50_tab_pokrytye_plenochnoy_obolochkoy_biokom_ao.html"", ""raw_mnn"": ""Бисопролол"", ""mnn"": ""Бисопролол"", ""raw_rx_otc"": ""rx"", ""field_type"": ""explicit_mnn"", ""source_class"": ""product_card"", ""card_fetched"": true, ""fetched_at"": ""2026-08-13T19:32:23+00:00"", ""http_status"": 0, ""parser_version"": ""mnn_source_identity_v1"", ""query"": ""Бисопролол-АКОС 5мг таблетки"", ""matched_brand"": null, ""matched_form"": null, ""matched_dosage"": null, ""matched_pack"": null, ""serp_match_score"": 0.4, ""error"": null, ""match_status"": ""rejected"", ""match_score"": -0.75, ""match_reasons"": [""brand_title_conflict:-0.60"", ""dose_conflict:-0.30"", ""form_match:+0.15""], ""match_axes"": [""form""], ""hard_contradiction"": true, ""matched_product_title"": ""/cards/bisoprolol-akos_10mg_n50_tab_pokrytye_plenochnoy_obolochkoy_biokom_ao.html""}]","[{""source"": ""uteka"", ""url"": ""https://uteka.ru/product/bisoprolol-akos-379350/"", ""title"": ""Бисопролол-АКОС, 5 мг, табл. п.п.о, 50 шт."", ""raw_mnn"": ""Бисопролол"", ""mnn"": ""Бисопролол"", ""raw_rx_otc"": ""rx"", ""field_type"": ""explicit_mnn"", ""source_class"": ""product_card"", ""card_fetched"": true, ""fetched_at"": ""2026-08-13T19:32:22+00:00"", ""http_status"": 0, ""parser_version"": ""mnn_source_identity_v1"", ""query"": ""Бисопролол-АКОС 5мг таблетки"", ""matched_brand"": null, ""matched_form"": ""таблетки"", ""matched_dosage"": ""5мг"", ""matched_pack"": ""50"", ""serp_match_score"": 0.95, ""error"": null, ""match_status"": ""accepted"", ""match_score"": 0.85, ""match_reasons"": [""brand_title_match:+0.50"", ""dose_match:+0.20"", ""form_match:+0.15""], ""match_axes"": [""brand_title"", ""dose"", ""form""], ""hard_contradiction"": false, ""matched_product_title"": ""Бисопролол-АКОС, 5 мг, табл. п.п.о, 50 шт.""}]","[{""source"": ""uteka"", ""raw_mnn"": ""Бисопролол"", ""field_type"": ""explicit_mnn"", ""canonical_components"": [""Бисопролол""], ""url"": ""https://uteka.ru/product/bisoprolol-akos-379350/"", ""title"": ""Бисопролол-АКОС, 5 мг, табл. п.п.о, 50 шт."", ""match_status"": ""accepted"", ""match_score"": 0.85, ""source_class"": ""product_card"", ""parse_warnings"": []}, {""source"": ""apteka"", ""raw_mnn"": ""Бисопролол"", ""field_type"": ""explicit_mnn"", ""canonical_components"": [], ""url"": ""https://apteka.ru/product/bisoprolol-akos-5-mg-30-sht-tabletki-pokrytye-plenochnoj-obolochkoj-628610d2e71acaf4a0490872/"", ""title"": ""bisoprolol akos 5 mg 30 sht tabletki pokrytye plenochnoj obolochkoj"", ""match_status"": ""rejected"", ""match_score"": -0.4, ""source_class"": ""product_card"", ""parse_warnings"": []}, {""source"": ""asna"", ""raw_mnn"": ""Бисопролол"", ""field_type"": ""explicit_mnn"", ""canonical_components"": [], ""url"": ""https://www.asna.ru/cards/bisoprolol-akos_10mg_n50_tab_pokrytye_plenochnoy_obolochkoy_biokom_ao.html"", ""title"": ""/cards/bisoprolol-akos_10mg_n50_tab_pokrytye_plenochnoy_obolochkoy_biokom_ao.html"", ""match_status"": ""rejected"", ""match_score"": -0.75, ""source_class"": ""product_card"", ""parse_warnings"": []}, {""source"": ""vidal"", ""raw_mnn"": ""Бисопролол"", ""field_type"": ""explicit_mnn"", ""canonical_components"": [], ""url"": ""https://www.vidal.ru/drugs/bisoprolol-akos"", ""title"": ""Бисопролол-Акос"", ""match_status"": ""ambiguous"", ""match_score"": 0.5, ""source_class"": ""product_card"", ""parse_warnings"": []}, {""source"": ""stolichki"", ""raw_mnn"": null, ""field_type"": ""unknown"", ""canonical_components"": [], ""url"": null, ""title"": null, ""match_status"": ""ambiguous"", ""match_score"": 0.0, ""source_class"": ""search_only"", ""parse_warnings"": []}]"
23643,БИСОПРОЛОЛ-АКОС ТАБЛ. П/ПЛЕН/ОБ. 10МГ №30 | БИОКОМ ЗАО | БИОКОМ ЗАО,drug,Бисопролол,rx,,none,none,no_known_inn_token,1,2,2,,[],,unresolved_catalog,single_source,unknown,unknown,,,false,,unresolved,true,catalog_accept_removed,"[{""source"": ""apteka"", ""url"": ""https://apteka.ru/product/bisoprolol-akos-10-mg-50-sht-tabletki-pokrytye-plenochnoj-obolochkoj-63c024ea281d92cf04a22eba/"", ""title"": ""bisoprolol akos 10 mg 50 sht tabletki pokrytye plenochnoj obolochkoj"", ""raw_mnn"": ""Бисопролол"", ""mnn"": ""Бисопролол"", ""raw_rx_otc"": ""rx"", ""field_type"": ""explicit_mnn"", ""source_class"": ""product_card"", ""card_fetched"": true, ""fetched_at"": ""2026-08-13T19:32:28+00:00"", ""http_status"": 0, ""parser_version"": ""mnn_source_identity_v1"", ""query"": ""Бисопролол-АКОС 10 мг таблетки"", ""matched_brand"": null, ""matched_form"": null, ""matched_dosage"": null, ""matched_pack"": null, ""serp_match_score"": 0.45, ""error"": null, ""match_status"": ""rejected"", ""match_score"": -0.4, ""match_reasons"": [""brand_title_conflict:-0.60"", ""dose_match:+0.20""], ""match_axes"": [""dose""], ""hard_contradiction"": true, ""matched_product_title"": ""bisoprolol akos 10 mg 50 sht tabletki pokrytye plenochnoj obolochkoj""}, {""source"": ""asna"", ""url"": ""https://www.asna.ru/cards/bisoprolol-akos_10mg_n50_tab_pokrytye_plenochnoy_obolochkoy_biokom_ao.html"", ""title"": ""/cards/bisoprolol-akos_10mg_n50_tab_pokrytye_plenochnoy_obolochkoy_biokom_ao.html"", ""raw_mnn"": ""Бисопролол"", ""mnn"": ""Бисопролол"", ""raw_rx_otc"": ""rx"", ""field_type"": ""explicit_mnn"", ""source_class"": ""product_card"", ""card_fetched"": true, ""fetched_at"": ""2026-08-13T19:32:27+00:00"", ""http_status"": 0, ""parser_version"": ""mnn_source_identity_v1"", ""query"": ""Бисопролол-АКОС 10 мг таблетки"", ""matched_brand"": null, ""matched_form"": null, ""matched_dosage"": null, ""matched_pack"": null, ""serp_match_score"": 0.4, ""error"": null, ""match_status"": ""rejected"", ""match_score"": -0.25, ""match_reasons"": [""brand_title_conflict:-0.60"", ""dose_match:+0.20"", ""form_match:+0.15""], ""match_axes"": [""dose"", ""form""], ""hard_contradiction"": true, ""matched_product_title"": ""/cards/bisoprolol-akos_10mg_n50_tab_pokrytye_plenochnoy_obolochkoy_biokom_ao.html""}]","[{""source"": ""uteka"", ""url"": ""https://uteka.ru/product/bisoprolol-akos-380925/"", ""title"": ""Бисопролол-АКОС, 10 мг, табл. п.п.о, 30 шт."", ""raw_mnn"": ""Бисопролол"", ""mnn"": ""Бисопролол"", ""raw_rx_otc"": ""rx"", ""field_type"": ""explicit_mnn"", ""source_class"": ""product_card"", ""card_fetched"": true, ""fetched_at"": ""2026-08-13T19:32:26+00:00"", ""http_status"": 0, ""parser_version"": ""mnn_source_identity_v1"", ""query"": ""Бисопролол-АКОС 10 мг таблетки"", ""matched_brand"": null, ""matched_form"": ""таблетки"", ""matched_dosage"": ""10мг"", ""matched_pack"": ""30"", ""serp_match_score"": 1.0, ""error"": null, ""match_status"": ""accepted"", ""match_score"": 0.85, ""match_reasons"": [""brand_title_match:+0.50"", ""dose_match:+0.20"", ""form_match:+0.15""], ""match_axes"": [""brand_title"", ""dose"", ""form""], ""hard_contradiction"": false, ""matched_product_title"": ""Бисопролол-АКОС, 10 мг, табл. п.п.о, 30 шт.""}]","[{""source"": ""uteka"", ""raw_mnn"": ""Бисопролол"", ""field_type"": ""explicit_mnn"", ""canonical_components"": [""Бисопролол""], ""url"": ""https://uteka.ru/product/bisoprolol-akos-380925/"", ""title"": ""Бисопролол-АКОС, 10 мг, табл. п.п.о, 30 шт."", ""match_status"": ""accepted"", ""match_score"": 0.85, ""source_class"": ""product_card"", ""parse_warnings"": []}, {""source"": ""apteka"", ""raw_mnn"": ""Бисопролол"", ""field_type"": ""explicit_mnn"", ""canonical_components"": [], ""url"": ""https://apteka.ru/product/bisoprolol-akos-10-mg-50-sht-tabletki-pokrytye-plenochnoj-obolochkoj-63c024ea281d92cf04a22eba/"", ""title"": ""bisoprolol akos 10 mg 50 sht tabletki pokrytye plenochnoj obolochkoj"", ""match_status"": ""rejected"", ""match_score"": -0.4, ""source_class"": ""product_card"", ""parse_warnings"": []}, {""source"": ""asna"", ""raw_mnn"": ""Бисопролол"", ""field_type"": ""explicit_mnn"", ""canonical_components"": [], ""url"": ""https://www.asna.ru/cards/bisoprolol-akos_10mg_n50_tab_pokrytye_plenochnoy_obolochkoy_biokom_ao.html"", ""title"": ""/cards/bisoprolol-akos_10mg_n50_tab_pokrytye_plenochnoy_obolochkoy_biokom_ao.html"", ""match_status"": ""rejected"", ""match_score"": -0.25, ""source_class"": ""product_card"", ""parse_warnings"": []}, {""source"": ""vidal"", ""raw_mnn"": ""Бисопролол"", ""field_type"": ""explicit_mnn"", ""canonical_components"": [], ""url"": ""https://www.vidal.ru/drugs/bisoprolol-akos"", ""title"": ""Бисопролол-Акос"", ""match_status"": ""ambiguous"", ""match_score"": 0.5, ""source_class"": ""product_card"", ""parse_warnings"": []}, {""source"": ""stolichki"", ""raw_mnn"": null, ""field_type"": ""unknown"", ""canonical_components"": [], ""url"": null, ""title"": null, ""match_status"": ""ambiguous"", ""match_score"": 0.0, ""source_class"": ""search_only"", ""parse_warnings"": []}]"
23695,БИОРИТМ АНТИСТРЕСС 24 ДЕНЬ/НОЧЬ ТАБЛ. П/О №32 | ЭВАЛАР ЗАО | ЭВАЛАР ЗАО,drug,,over_the_counter,,none,none,no_known_inn_token,1,2,2,,[],,unresolved_catalog,empty,unknown,unknown,,ok,false,,unresolved,true,method_changed,"[{""source"": ""apteka"", ""url"": ""https://apteka.ru/product/evalar-vitaminy-gruppy-v-30-sht-tabletki-shipuchie-massoj-5-gr-62ecf25b9a4bbad6203e87e8/"", ""title"": ""evalar vitaminy gruppy v 30 sht tabletki shipuchie massoj 5 gr"", ""raw_mnn"": null, ""mnn"": null, ""raw_rx_otc"": null, ""field_type"": ""unknown"", ""source_class"": ""product_card"", ""card_fetched"": true, ""fetched_at"": ""2026-08-13T19:32:32+00:00"", ""http_status"": 0, ""parser_version"": ""mnn_source_identity_v1"", ""query"": ""Эвалар таблетки"", ""matched_brand"": null, ""matched_form"": null, ""matched_dosage"": null, ""matched_pack"": null, ""serp_match_score"": 1.0, ""error"": null, ""match_status"": ""rejected"", ""match_score"": -0.6, ""match_reasons"": [""brand_title_conflict:-0.60""], ""match_axes"": [], ""hard_contradiction"": true, ""matched_product_title"": ""evalar vitaminy gruppy v 30 sht tabletki shipuchie massoj 5 gr""}, {""source"": ""asna"", ""url"": ""https://www.asna.ru/cards/nefrosten_n60_tab_pokrytye_plenochnoy_obolochkoy_evalar.html"", ""title"": ""/cards/nefrosten_n60_tab_pokrytye_plenochnoy_obolochkoy_evalar.html"", ""raw_mnn"": ""Золототысячника трава+Любистока лекарственного корни+Розмарина обыкновенного листья"", ""mnn"": ""Золототысячника трава+Любистока лекарственного корни+Розмарина обыкновенного листья"", ""raw_rx_otc"": ""otc"", ""field_type"": ""explicit_mnn"", ""source_class"": ""product_card"", ""card_fetched"": true, ""fetched_at"": ""2026-08-13T19:32:32+00:00"", ""http_status"": 0, ""parser_version"": ""mnn_source_identity_v1"", ""query"": ""Эвалар таблетки"", ""matched_brand"": null, ""matched_form"": null, ""matched_dosage"": null, ""matched_pack"": null, ""serp_match_score"": 0.4, ""error"": null, ""match_status"": ""rejected"", ""match_score"": -0.45, ""match_reasons"": [""brand_title_conflict:-0.60"", ""form_match:+0.15""], ""match_axes"": [""form""], ""hard_contradiction"": true, ""matched_product_title"": ""/cards/nefrosten_n60_tab_pokrytye_plenochnoy_obolochkoy_evalar.html""}]","[{""source"": ""uteka"", ""url"": ""https://uteka.ru/product/glicin--melatonin-evalar-379673/"", ""title"": ""Глицин + Мелатонин Эвалар, табл. подъязычн, 20 шт."", ""raw_mnn"": null, ""mnn"": null, ""raw_rx_otc"": ""otc"", ""field_type"": ""unknown"", ""source_class"": ""product_card"", ""card_fetched"": true, ""fetched_at"": ""2026-08-13T19:32:31+00:00"", ""http_status"": 0, ""parser_version"": ""mnn_source_identity_v1"", ""query"": ""Эвалар таблетки"", ""matched_brand"": null, ""matched_form"": ""таблетки"", ""matched_dosage"": null, ""matched_pack"": ""20"", ""serp_match_score"": 0.95, ""error"": null, ""match_status"": ""accepted"", ""match_score"": 0.65, ""match_reasons"": [""brand_title_match:+0.50"", ""form_match:+0.15""], ""match_axes"": [""brand_title"", ""form""], ""hard_contradiction"": false, ""matched_product_title"": ""Глицин + Мелатонин Эвалар, табл. подъязычн, 20 шт.""}]","[{""source"": ""uteka"", ""raw_mnn"": null, ""field_type"": ""unknown"", ""canonical_components"": [], ""url"": ""https://uteka.ru/product/glicin--melatonin-evalar-379673/"", ""title"": ""Глицин + Мелатонин Эвалар, табл. подъязычн, 20 шт."", ""match_status"": ""accepted"", ""match_score"": 0.65, ""source_class"": ""product_card"", ""parse_warnings"": []}, {""source"": ""apteka"", ""raw_mnn"": null, ""field_type"": ""unknown"", ""canonical_components"": [], ""url"": ""https://apteka.ru/product/evalar-vitaminy-gruppy-v-30-sht-tabletki-shipuchie-massoj-5-gr-62ecf25b9a4bbad6203e87e8/"", ""title"": ""evalar vitaminy gruppy v 30 sht tabletki shipuchie massoj 5 gr"", ""match_status"": ""rejected"", ""match_score"": -0.6, ""source_class"": ""product_card"", ""parse_warnings"": []}, {""source"": ""asna"", ""raw_mnn"": ""Золототысячника трава+Любистока лекарственного корни+Розмарина обыкновенного листья"", ""field_type"": ""explicit_mnn"", ""canonical_components"": [], ""url"": ""https://www.asna.ru/cards/nefrosten_n60_tab_pokrytye_plenochnoy_obolochkoy_evalar.html"", ""title"": ""/cards/nefrosten_n60_tab_pokrytye_plenochnoy_obolochkoy_evalar.html"", ""match_status"": ""rejected"", ""match_score"": -0.45, ""source_class"": ""product_card"", ""parse_warnings"": []}, {""source"": ""vidal"", ""raw_mnn"": ""Общетонизирующие препараты"", ""field_type"": ""explicit_mnn"", ""canonical_components"": [], ""url"": ""https://www.vidal.ru/drugs/evalar__20452"", ""title"": ""Эвалар"", ""match_status"": ""ambiguous"", ""match_score"": 0.5, ""source_class"": ""product_card"", ""parse_warnings"": []}, {""source"": ""stolichki"", ""raw_mnn"": null, ""field_type"": ""unknown"", ""canonical_components"": [], ""url"": null, ""title"": null, ""match_status"": ""ambiguous"", ""match_score"": 0.0, ""source_class"": ""search_only"", ""parse_warnings"": []}]"
24080,БЕТАГИСТИН ТАБЛ. 8МГ №30 ОЗОН | ОЗОН ООО/ОЗОН ФАРМ ООО | ОЗОН ООО/ОЗОН ФАРМ ООО,drug,Бетагистин,rx,,none,none,no_known_inn_token,1,1,3,,[],,resolved_enrichment,single_source,unknown,unknown,Бетагистин,ok,true,Бетагистин,enrichment,false,sources_rejected_same_final,"[{""source"": ""apteka"", ""url"": ""https://apteka.ru/product/betagistin-verteks-24-mg-60-sht-tabletki-5e326ccf65b5ab0001653591/"", ""title"": ""betagistin verteks 24 mg 60 sht tabletki"", ""raw_mnn"": ""Бетагистин"", ""mnn"": ""Бетагистин"", ""raw_rx_otc"": ""rx"", ""field_type"": ""explicit_mnn"", ""source_class"": ""product_card"", ""card_fetched"": true, ""fetched_at"": ""2026-08-13T19:32:37+00:00"", ""http_status"": 0, ""parser_version"": ""mnn_source_identity_v1"", ""query"": ""БЕТАГИСТИН 8мг таблетки"", ""matched_brand"": null, ""matched_form"": null, ""matched_dosage"": null, ""matched_pack"": null, ""serp_match_score"": 0.3, ""error"": null, ""match_status"": ""rejected"", ""match_score"": -0.9, ""match_reasons"": [""brand_title_conflict:-0.60"", ""dose_conflict:-0.30""], ""match_axes"": [], ""hard_contradiction"": true, ""matched_product_title"": ""betagistin verteks 24 mg 60 sht tabletki""}]","[{""source"": ""uteka"", ""url"": ""https://uteka.ru/product/betagistin-208343/"", ""title"": ""Бетагистин, 8 мг, табл, 30 шт."", ""raw_mnn"": ""Бетагистин"", ""mnn"": ""Бетагистин"", ""raw_rx_otc"": ""rx"", ""field_type"": ""explicit_mnn"", ""source_class"": ""product_card"", ""card_fetched"": true, ""fetched_at"": ""2026-08-13T19:32:34+00:00"", ""http_status"": 0, ""parser_version"": ""mnn_source_identity_v1"", ""query"": ""БЕТАГИСТИН 8мг таблетки"", ""matched_brand"": null, ""matched_form"": ""таблетки"", ""matched_dosage"": ""8мг"", ""matched_pack"": ""30"", ""serp_match_score"": 0.4333, ""error"": null, ""match_status"": ""accepted"", ""match_score"": 0.85, ""match_reasons"": [""brand_title_match:+0.50"", ""dose_match:+0.20"", ""form_match:+0.15""], ""match_axes"": [""brand_title"", ""dose"", ""form""], ""hard_contradiction"": false, ""matched_product_title"": ""Бетагистин, 8 мг, табл, 30 шт.""}]","[{""source"": ""uteka"", ""raw_mnn"": ""Бетагистин"", ""field_type"": ""explicit_mnn"", ""canonical_components"": [""Бетагистин""], ""url"": ""https://uteka.ru/product/betagistin-208343/"", ""title"": ""Бетагистин, 8 мг, табл, 30 шт."", ""match_status"": ""accepted"", ""match_score"": 0.85, ""source_class"": ""product_card"", ""parse_warnings"": []}, {""source"": ""apteka"", ""raw_mnn"": ""Бетагистин"", ""field_type"": ""explicit_mnn"", ""canonical_components"": [], ""url"": ""https://apteka.ru/product/betagistin-verteks-24-mg-60-sht-tabletki-5e326ccf65b5ab0001653591/"", ""title"": ""betagistin verteks 24 mg 60 sht tabletki"", ""match_status"": ""rejected"", ""match_score"": -0.9, ""source_class"": ""product_card"", ""parse_warnings"": []}, {""source"": ""asna"", ""raw_mnn"": null, ""field_type"": ""unknown"", ""canonical_components"": [], ""url"": ""https://www.asna.ru/cards/betagistin_24mg_n60_tab_ozon.html"", ""title"": ""/cards/betagistin_24mg_n60_tab_ozon.html"", ""match_status"": ""ambiguous"", ""match_score"": 0.0, ""source_class"": ""search_only"", ""parse_warnings"": []}, {""source"": ""vidal"", ""raw_mnn"": null, ""field_type"": ""unknown"", ""canonical_components"": [], ""url"": ""https://www.vidal.ru/drugs/products"", ""title"": ""По алфавиту"", ""match_status"": ""ambiguous"", ""match_score"": 0.0, ""source_class"": ""search_only"", ""parse_warnings"": []}, {""source"": ""stolichki"", ""raw_mnn"": null, ""field_type"": ""unknown"", ""canonical_components"": [], ""url"": null, ""title"": null, ""match_status"": ""ambiguous"", ""match_score"": 0.0, ""source_class"": ""search_only"", ""parse_warnings"": []}]"
24095,БЕТАГИСТИН ТАБЛ. 16МГ №30 ОЗОН | ОЗОН ООО | ОЗОН ООО,drug,Бетагистин,rx,,none,none,no_known_inn_token,1,2,2,,[],,resolved_enrichment,single_source,unknown,unknown,Бетагистин,ok,true,Бетагистин,enrichment,false,sources_rejected_same_final,"[{""source"": ""apteka"", ""url"": ""https://apteka.ru/product/meloksikam-75-mg-n20-tabl-ozon-farm-634e99cee65cbb5833914b5b/"", ""title"": ""meloksikam 75 mg n20 tabl ozon farm"", ""raw_mnn"": ""Мелоксикам"", ""mnn"": ""Мелоксикам"", ""raw_rx_otc"": ""rx"", ""field_type"": ""explicit_mnn"", ""source_class"": ""product_card"", ""card_fetched"": true, ""fetched_at"": ""2026-08-13T19:32:41+00:00"", ""http_status"": 0, ""parser_version"": ""mnn_source_identity_v1"", ""query"": ""ОЗОН 16 мг таблетки"", ""matched_brand"": null, ""matched_form"": null, ""matched_dosage"": null, ""matched_pack"": ""20"", ""serp_match_score"": 0.775, ""error"": null, ""match_status"": ""rejected"", ""match_score"": -0.9, ""match_reasons"": [""brand_title_conflict:-0.60"", ""dose_conflict:-0.30""], ""match_axes"": [], ""hard_contradiction"": true, ""matched_product_title"": ""meloksikam 75 mg n20 tabl ozon farm""}, {""source"": ""asna"", ""url"": ""https://www.asna.ru/cards/metotreksat_25mg_n50_tab_pokrytye_obolochkoy_ozon.html"", ""title"": ""/cards/metotreksat_25mg_n50_tab_pokrytye_obolochkoy_ozon.html"", ""raw_mnn"": ""Метотрексат"", ""mnn"": ""Метотрексат"", ""raw_rx_otc"": ""rx"", ""field_type"": ""explicit_mnn"", ""source_class"": ""product_card"", ""card_fetched"": true, ""fetched_at"": ""2026-08-13T19:32:41+00:00"", ""http_status"": 0, ""parser_version"": ""mnn_source_identity_v1"", ""query"": ""ОЗОН 16 мг таблетки"", ""matched_brand"": null, ""matched_form"": null, ""matched_dosage"": null, ""matched_pack"": null, ""serp_match_score"": 0.4, ""error"": null, ""match_status"": ""rejected"", ""match_score"": -0.75, ""match_reasons"": [""brand_title_conflict:-0.60"", ""dose_conflict:-0.30"", ""form_match:+0.15""], ""match_axes"": [""form""], ""hard_contradiction"": true, ""matched_product_title"": ""/cards/metotreksat_25mg_n50_tab_pokrytye_obolochkoy_ozon.html""}]","[{""source"": ""uteka"", ""url"": ""https://uteka.ru/product/betagistin-208072/"", ""title"": ""Бетагистин, 16 мг, табл, 30 шт."", ""raw_mnn"": ""Бетагистин"", ""mnn"": ""Бетагистин"", ""raw_rx_otc"": ""rx"", ""field_type"": ""explicit_mnn"", ""source_class"": ""product_card"", ""card_fetched"": true, ""fetched_at"": ""2026-08-13T19:32:39+00:00"", ""http_status"": 0, ""parser_version"": ""mnn_source_identity_v1"", ""query"": ""ОЗОН 16 мг таблетки"", ""matched_brand"": null, ""matched_form"": ""таблетки"", ""matched_dosage"": ""16мг"", ""matched_pack"": ""30"", ""serp_match_score"": 0.6, ""error"": null, ""match_status"": ""accepted"", ""match_score"": 0.85, ""match_reasons"": [""brand_title_match:+0.50"", ""dose_match:+0.20"", ""form_match:+0.15""], ""match_axes"": [""brand_title"", ""dose"", ""form""], ""hard_contradiction"": false, ""matched_product_title"": ""Бетагистин, 16 мг, табл, 30 шт.""}]","[{""source"": ""uteka"", ""raw_mnn"": ""Бетагистин"", ""field_type"": ""explicit_mnn"", ""canonical_components"": [""Бетагистин""], ""url"": ""https://uteka.ru/product/betagistin-208072/"", ""title"": ""Бетагистин, 16 мг, табл, 30 шт."", ""match_status"": ""accepted"", ""match_score"": 0.85, ""source_class"": ""product_card"", ""parse_warnings"": []}, {""source"": ""apteka"", ""raw_mnn"": ""Мелоксикам"", ""field_type"": ""explicit_mnn"", ""canonical_components"": [], ""url"": ""https://apteka.ru/product/meloksikam-75-mg-n20-tabl-ozon-farm-634e99cee65cbb5833914b5b/"", ""title"": ""meloksikam 75 mg n20 tabl ozon farm"", ""match_status"": ""rejected"", ""match_score"": -0.9, ""source_class"": ""product_card"", ""parse_warnings"": []}, {""source"": ""asna"", ""raw_mnn"": ""Метотрексат"", ""field_type"": ""explicit_mnn"", ""canonical_components"": [], ""url"": ""https://www.asna.ru/cards/metotreksat_25mg_n50_tab_pokrytye_obolochkoy_ozon.html"", ""title"": ""/cards/metotreksat_25mg_n50_tab_pokrytye_obolochkoy_ozon.html"", ""match_status"": ""rejected"", ""match_score"": -0.75, ""source_class"": ""product_card"", ""parse_warnings"": []}, {""source"": ""vidal"", ""raw_mnn"": ""Глицин"", ""field_type"": ""explicit_mnn"", ""canonical_components"": [], ""url"": ""https://www.vidal.ru/drugs/glycine_bio__10481"", ""title"": ""Глицин Озон"", ""match_status"": ""ambiguous"", ""match_score"": 0.5, ""source_class"": ""product_card"", ""parse_warnings"": []}, {""source"": ""stolichki"", ""raw_mnn"": null, ""field_type"": ""unknown"", ""canonical_components"": [], ""url"": null, ""title"": null, ""match_status"": ""ambiguous"", ""match_score"": 0.0, ""source_class"": ""search_only"", ""parse_warnings"": []}]"
24098,БЕТАГИСТИН СОЛОФАРМ ТАБЛ. 16МГ №30 | ГРОТЕКС ООО | ГРОТЕКС ООО,drug,Бетагистин,rx,,none,none,no_known_inn_token,1,2,2,,[],,resolved_enrichment,single_source,unknown,unknown,Бетагистин,ok,true,Бетагистин,enrichment,false,sources_rejected_same_final,"[{""source"": ""apteka"", ""url"": ""https://apteka.ru/product/betagistin-solofarm-16-mg-30-sht-tabletki-67d2871dfa3f3db8a712ab18/"", ""title"": ""betagistin solofarm 16 mg 30 sht tabletki"", ""raw_mnn"": ""Бетагистин"", ""mnn"": ""Бетагистин"", ""raw_rx_otc"": ""rx"", ""field_type"": ""explicit_mnn"", ""source_class"": ""product_card"", ""card_fetched"": true, ""fetched_at"": ""2026-08-13T19:32:46+00:00"", ""http_status"": 0, ""parser_version"": ""mnn_source_identity_v1"", ""query"": ""Солофарм 16 мг таблетки"", ""matched_brand"": null, ""matched_form"": null, ""matched_dosage"": null, ""matched_pack"": null, ""serp_match_score"": 1.0, ""error"": null, ""match_status"": ""rejected"", ""match_score"": -0.4, ""match_reasons"": [""brand_title_conflict:-0.60"", ""dose_match:+0.20""], ""match_axes"": [""dose""], ""hard_contradiction"": true, ""matched_product_title"": ""betagistin solofarm 16 mg 30 sht tabletki""}, {""source"": ""asna"", ""url"": ""https://www.asna.ru/cards/betagistin_solofarm_16mg_n30_tab_groteks_ooo.html"", ""title"": ""/cards/betagistin_solofarm_16mg_n30_tab_groteks_ooo.html"", ""raw_mnn"": ""Бетагистин"", ""mnn"": ""Бетагистин"", ""raw_rx_otc"": ""rx"", ""field_type"": ""explicit_mnn"", ""source_class"": ""product_card"", ""card_fetched"": true, ""fetched_at"": ""2026-08-13T19:32:45+00:00"", ""http_status"": 0, ""parser_version"": ""mnn_source_identity_v1"", ""query"": ""Солофарм 16 мг таблетки"", ""matched_brand"": null, ""matched_form"": null, ""matched_dosage"": null, ""matched_pack"": null, ""serp_match_score"": 0.5, ""error"": null, ""match_status"": ""rejected"", ""match_score"": -0.25, ""match_reasons"": [""brand_title_conflict:-0.60"", ""dose_match:+0.20"", ""form_match:+0.15""], ""match_axes"": [""dose"", ""form""], ""hard_contradiction"": true, ""matched_product_title"": ""/cards/betagistin_solofarm_16mg_n30_tab_groteks_ooo.html""}]","[{""source"": ""uteka"", ""url"": ""https://uteka.ru/product/betagistin-solofarm-423196/"", ""title"": ""Бетагистин солофарм, 16 мг, табл, 30 шт."", ""raw_mnn"": ""Бетагистин"", ""mnn"": ""Бетагистин"", ""raw_rx_otc"": ""rx"", ""field_type"": ""explicit_mnn"", ""source_class"": ""product_card"", ""card_fetched"": true, ""fetched_at"": ""2026-08-13T19:32:43+00:00"", ""http_status"": 0, ""parser_version"": ""mnn_source_identity_v1"", ""query"": ""Солофарм 16 мг таблетки"", ""matched_brand"": null, ""matched_form"": ""таблетки"", ""matched_dosage"": ""16мг"", ""matched_pack"": ""30"", ""serp_match_score"": 1.0, ""error"": null, ""match_status"": ""accepted"", ""match_score"": 0.85, ""match_reasons"": [""brand_title_match:+0.50"", ""dose_match:+0.20"", ""form_match:+0.15""], ""match_axes"": [""brand_title"", ""dose"", ""form""], ""hard_contradiction"": false, ""matched_product_title"": ""Бетагистин солофарм, 16 мг, табл, 30 шт.""}]","[{""source"": ""uteka"", ""raw_mnn"": ""Бетагистин"", ""field_type"": ""explicit_mnn"", ""canonical_components"": [""Бетагистин""], ""url"": ""https://uteka.ru/product/betagistin-solofarm-423196/"", ""title"": ""Бетагистин солофарм, 16 мг, табл, 30 шт."", ""match_status"": ""accepted"", ""match_score"": 0.85, ""source_class"": ""product_card"", ""parse_warnings"": []}, {""source"": ""apteka"", ""raw_mnn"": ""Бетагистин"", ""field_type"": ""explicit_mnn"", ""canonical_components"": [], ""url"": ""https://apteka.ru/product/betagistin-solofarm-16-mg-30-sht-tabletki-67d2871dfa3f3db8a712ab18/"", ""title"": ""betagistin solofarm 16 mg 30 sht tabletki"", ""match_status"": ""rejected"", ""match_score"": -0.4, ""source_class"": ""product_card"", ""parse_warnings"": []}, {""source"": ""asna"", ""raw_mnn"": ""Бетагистин"", ""field_type"": ""explicit_mnn"", ""canonical_components"": [], ""url"": ""https://www.asna.ru/cards/betagistin_solofarm_16mg_n30_tab_groteks_ooo.html"", ""title"": ""/cards/betagistin_solofarm_16mg_n30_tab_groteks_ooo.html"", ""match_status"": ""rejected"", ""match_score"": -0.25, ""source_class"": ""product_card"", ""parse_warnings"": []}, {""source"": ""vidal"", ""raw_mnn"": ""Суматриптан"", ""field_type"": ""explicit_mnn"", ""canonical_components"": [], ""url"": ""https://www.vidal.ru/drugs/sumatriptan-solofarm"", ""title"": ""Суматриптан солофарм"", ""match_status"": ""ambiguous"", ""match_score"": 0.5, ""source_class"": ""product_card"", ""parse_warnings"": []}, {""source"": ""stolichki"", ""raw_mnn"": null, ""field_type"": ""unknown"", ""canonical_components"": [], ""url"": null, ""title"": null, ""match_status"": ""ambiguous"", ""match_score"": 0.0, ""source_class"": ""search_only"", ""parse_warnings"": []}]"
24255,"БЕЛОДЕРМ КРЕМ Д/НАРУЖ. ПРИМ. 0,05% ТУБА 30Г | БЕЛУПО | БЕЛУПО",drug,Бетаметазон,rx,,none,none,no_known_inn_token,0,3,2,,[],,unresolved_catalog,empty,unknown,unknown,,,false,,unresolved,true,catalog_accept_removed,"[{""source"": ""uteka"", ""url"": ""https://uteka.ru/product/beloderm-98359/"", ""title"": ""Белодерм, 0.05%, крем д/наружн. прим, 40 г, 1 шт."", ""raw_mnn"": ""Бетаметазон"", ""mnn"": ""Бетаметазон"", ""raw_rx_otc"": ""otc"", ""field_type"": ""explicit_mnn"", ""source_class"": ""product_card"", ""card_fetched"": true, ""fetched_at"": ""2026-08-13T19:32:48+00:00"", ""http_status"": 0, ""parser_version"": ""mnn_source_identity_v1"", ""query"": ""Белодерм 0,05% крем"", ""matched_brand"": null, ""matched_form"": ""крем"", ""matched_dosage"": ""40г"", ""matched_pack"": ""1"", ""serp_match_score"": 1.0, ""error"": null, ""match_status"": ""rejected"", ""match_score"": 0.35, ""match_reasons"": [""brand_title_match:+0.50"", ""dose_conflict:-0.30"", ""form_match:+0.15""], ""match_axes"": [""brand_title"", ""form""], ""hard_contradiction"": true, ""matched_product_title"": ""Белодерм, 0.05%, крем д/наружн. прим, 40 г, 1 шт.""}, {""source"": ""apteka"", ""url"": ""https://apteka.ru/product/beloderm-005-krem-dlya-naruzhnogo-primeneniya-15-gr-5e3266a165b5ab00016503da/"", ""title"": ""beloderm 005 krem dlya naruzhnogo primeneniya 15 gr"", ""raw_mnn"": ""Бетаметазон"", ""mnn"": ""Бетаметазон"", ""raw_rx_otc"": null, ""field_type"": ""explicit_mnn"", ""source_class"": ""product_card"", ""card_fetched"": true, ""fetched_at"": ""2026-08-13T19:32:51+00:00"", ""http_status"": 0, ""parser_version"": ""mnn_source_identity_v1"", ""query"": ""Белодерм 0,05% крем"", ""matched_brand"": null, ""matched_form"": null, ""matched_dosage"": null, ""matched_pack"": null, ""serp_match_score"": 0.775, ""error"": null, ""match_status"": ""rejected"", ""match_score"": -0.6, ""match_reasons"": [""brand_title_conflict:-0.60"", ""dose_card_unknown""], ""match_axes"": [], ""hard_contradiction"": true, ""matched_product_title"": ""beloderm 005 krem dlya naruzhnogo primeneniya 15 gr""}, {""source"": ""asna"", ""url"": ""https://www.asna.ru/cards/beloderm_005_40g_krem_belupo.html"", ""title"": ""/cards/beloderm_005_40g_krem_belupo.html"", ""raw_mnn"": ""Бетаметазон"", ""mnn"": ""Бетаметазон"", ""raw_rx_otc"": ""otc"", ""field_type"": ""explicit_mnn"", ""source_class"": ""product_card"", ""card_fetched"": true, ""fetched_at"": ""2026-08-13T19:32:49+00:00"", ""http_status"": 0, ""parser_version"": ""mnn_source_identity_v1"", ""query"": ""Белодерм 0,05% крем"", ""matched_brand"": null, ""matched_form"": null, ""matched_dosage"": null, ""matched_pack"": null, ""serp_match_score"": 0.5, ""error"": null, ""match_status"": ""rejected"", ""match_score"": -0.6, ""match_reasons"": [""brand_title_conflict:-0.60"", ""dose_card_unknown""], ""match_axes"": [], ""hard_contradiction"": true, ""matched_product_title"": ""/cards/beloderm_005_40g_krem_belupo.html""}]",[],"[{""source"": ""uteka"", ""raw_mnn"": ""Бетаметазон"", ""field_type"": ""explicit_mnn"", ""canonical_components"": [], ""url"": ""https://uteka.ru/product/beloderm-98359/"", ""title"": ""Белодерм, 0.05%, крем д/наружн. прим, 40 г, 1 шт."", ""match_status"": ""rejected"", ""match_score"": 0.35, ""source_class"": ""product_card"", ""parse_warnings"": []}, {""source"": ""apteka"", ""raw_mnn"": ""Бетаметазон"", ""field_type"": ""explicit_mnn"", ""canonical_components"": [], ""url"": ""https://apteka.ru/product/beloderm-005-krem-dlya-naruzhnogo-primeneniya-15-gr-5e3266a165b5ab00016503da/"", ""title"": ""beloderm 005 krem dlya naruzhnogo primeneniya 15 gr"", ""match_status"": ""rejected"", ""match_score"": -0.6, ""source_class"": ""product_card"", ""parse_warnings"": []}, {""source"": ""asna"", ""raw_mnn"": ""Бетаметазон"", ""field_type"": ""explicit_mnn"", ""canonical_components"": [], ""url"": ""https://www.asna.ru/cards/beloderm_005_40g_krem_belupo.html"", ""title"": ""/cards/beloderm_005_40g_krem_belupo.html"", ""match_status"": ""rejected"", ""match_score"": -0.6, ""source_class"": ""product_card"", ""parse_warnings"": []}, {""source"": ""vidal"", ""raw_mnn"": ""Бетаметазон"", ""field_type"": ""explicit_mnn"", ""canonical_components"": [], ""url"": ""https://www.vidal.ru/drugs/beloderm__3563"", ""title"": ""Белодерм"", ""match_status"": ""ambiguous"", ""match_score"": 0.5, ""source_class"": ""product_card"", ""parse_warnings"": []}, {""source"": ""stolichki"", ""raw_mnn"": null, ""field_type"": ""unknown"", ""canonical_components"": [], ""url"": null, ""title"": null, ""match_status"": ""ambiguous"", ""match_score"": 0.0, ""source_class"": ""search_only"", ""parse_warnings"": []}]"
24335,БЕКЛОМЕТАЗОН АЭРОЗ. Д/ИНГ. ДОЗИР. 250МКГ/ДОЗА 200ДОЗ | БИННОФАРМ АО | БИННОФАРМ АО,drug,Беклометазон,rx,,none,none,no_known_inn_token,1,1,3,,[],,unresolved_catalog,single_source,unknown,unknown,,,false,,unresolved,true,catalog_accept_removed,"[{""source"": ""asna"", ""url"": ""https://www.asna.ru/cards/salbutamol_100mkgdoza_200doz_12ml_aerozol_binnofarm.html"", ""title"": ""/cards/salbutamol_100mkgdoza_200doz_12ml_aerozol_binnofarm.html"", ""raw_mnn"": ""Сальбутамол"", ""mnn"": ""Сальбутамол"", ""raw_rx_otc"": ""rx"", ""field_type"": ""explicit_mnn"", ""source_class"": ""product_card"", ""card_fetched"": true, ""fetched_at"": ""2026-08-13T19:32:55+00:00"", ""http_status"": 0, ""parser_version"": ""mnn_source_identity_v1"", ""query"": ""Биннофарм 250 мкг/доза аэрозоль"", ""matched_brand"": null, ""matched_form"": null, ""matched_dosage"": null, ""matched_pack"": null, ""serp_match_score"": 0.4, ""error"": null, ""match_status"": ""rejected"", ""match_score"": -0.9, ""match_reasons"": [""brand_title_conflict:-0.60"", ""dose_conflict:-0.30""], ""match_axes"": [], ""hard_contradiction"": true, ""matched_product_title"": ""/cards/salbutamol_100mkgdoza_200doz_12ml_aerozol_binnofarm.html""}]","[{""source"": ""uteka"", ""url"": ""https://uteka.ru/product/beklometazon-108005/"", ""title"": ""Беклометазон, 250 мкг/доза, 200 доз, аэроз. д/ингал. доз, 1 шт."", ""raw_mnn"": ""Беклометазон"", ""mnn"": ""Беклометазон"", ""raw_rx_otc"": ""rx"", ""field_type"": ""explicit_mnn"", ""source_class"": ""product_card"", ""card_fetched"": true, ""fetched_at"": ""2026-08-13T19:32:54+00:00"", ""http_status"": 0, ""parser_version"": ""mnn_source_identity_v1"", ""query"": ""Биннофарм 250 мкг/доза аэрозоль"", ""matched_brand"": null, ""matched_form"": null, ""matched_dosage"": ""250мкг"", ""matched_pack"": ""1"", ""serp_match_score"": 0.7, ""error"": null, ""match_status"": ""accepted"", ""match_score"": 0.7, ""match_reasons"": [""brand_title_match:+0.50"", ""dose_match:+0.20""], ""match_axes"": [""brand_title"", ""dose""], ""hard_contradiction"": false, ""matched_product_title"": ""Беклометазон, 250 мкг/доза, 200 доз, аэроз. д/ингал. доз, 1 шт.""}]","[{""source"": ""uteka"", ""raw_mnn"": ""Беклометазон"", ""field_type"": ""explicit_mnn"", ""canonical_components"": [""Беклометазон""], ""url"": ""https://uteka.ru/product/beklometazon-108005/"", ""title"": ""Беклометазон, 250 мкг/доза, 200 доз, аэроз. д/ингал. доз, 1 шт."", ""match_status"": ""accepted"", ""match_score"": 0.7, ""source_class"": ""product_card"", ""parse_warnings"": []}, {""source"": ""asna"", ""raw_mnn"": ""Сальбутамол"", ""field_type"": ""explicit_mnn"", ""canonical_components"": [], ""url"": ""https://www.asna.ru/cards/salbutamol_100mkgdoza_200doz_12ml_aerozol_binnofarm.html"", ""title"": ""/cards/salbutamol_100mkgdoza_200doz_12ml_aerozol_binnofarm.html"", ""match_status"": ""rejected"", ""match_score"": -0.9, ""source_class"": ""product_card"", ""parse_warnings"": []}, {""source"": ""apteka"", ""raw_mnn"": null, ""field_type"": ""unknown"", ""canonical_components"": [], ""url"": ""https://apteka.ru/product/beklometazon-aero-250-mkgdoza-200-doz-aerozol-dlya-ingalyaczij-dozirovannyj-63ea31cd3a407ef864aad7f4/"", ""title"": ""beklometazon aero 250 mkgdoza 200 doz aerozol dlya ingalyaczij dozirovannyj"", ""match_status"": ""ambiguous"", ""match_score"": 0.0, ""source_class"": ""search_only"", ""parse_warnings"": []}, {""source"": ""vidal"", ""raw_mnn"": ""Ибупрофен"", ""field_type"": ""explicit_mnn"", ""canonical_components"": [], ""url"": ""https://www.vidal.ru/drugs/ibuprofen-binnofarm"", ""title"": ""Ибупрофен-Биннофарм"", ""match_status"": ""ambiguous"", ""match_score"": 0.5, ""source_class"": ""product_card"", ""parse_warnings"": []}, {""source"": ""stolichki"", ""raw_mnn"": null, ""field_type"": ""unknown"", ""canonical_components"": [], ""url"": null, ""title"": null, ""match_status"": ""ambiguous"", ""match_score"": 0.0, ""source_class"": ""search_only"", ""parse_warnings"": []}]"
24682,АЦИКЛОВИР ТАБЛ. 200МГ №20 АВЕКСИМА | ИРБИТСКИЙ ХИМЗАВОД ОАО | ИРБИТСКИЙ ХИМЗАВОД ОАО,drug,Ацикловир,rx,Ацикловир,strong,high,exact_normalized_text_token_start,1,3,1,,[],,resolved_enrichment,single_source,unknown,unknown,Ацикловир,ok,true,Ацикловир,input_plus_enrichment,false,method_changed,"[{""source"": ""apteka"", ""url"": ""https://apteka.ru/product/riboksin-aveksima-200-mg-50-sht-tabletki-pokrytye-plenochnoj-obolochkoj-5e326c76ca7bdc000192eed5/"", ""title"": ""riboksin aveksima 200 mg 50 sht tabletki pokrytye plenochnoj obolochkoj"", ""raw_mnn"": ""Инозин"", ""mnn"": ""Инозин"", ""raw_rx_otc"": ""rx"", ""field_type"": ""explicit_mnn"", ""source_class"": ""product_card"", ""card_fetched"": true, ""fetched_at"": ""2026-08-13T19:33:02+00:00"", ""http_status"": 0, ""parser_version"": ""mnn_source_identity_v1"", ""query"": ""Авексима 200 мг таблетки"", ""matched_brand"": null, ""matched_form"": null, ""matched_dosage"": null, ""matched_pack"": null, ""serp_match_score"": 1.0, ""error"": null, ""match_status"": ""rejected"", ""match_score"": 0.0, ""match_reasons"": [""strong_explicit_mnn_mismatch""], ""matched_product_title"": ""riboksin aveksima 200 mg 50 sht tabletki pokrytye plenochnoj obolochkoj""}, {""source"": ""asna"", ""url"": ""https://www.asna.ru/cards/allopurinol_aveksima_100mg_n50_tab_irbitskiy_khimfarmzavod_oao.html"", ""title"": ""/cards/allopurinol_aveksima_100mg_n50_tab_irbitskiy_khimfarmzavod_oao.html"", ""raw_mnn"": ""Аллопуринол"", ""mnn"": ""Аллопуринол"", ""raw_rx_otc"": ""rx"", ""field_type"": ""explicit_mnn"", ""source_class"": ""product_card"", ""card_fetched"": true, ""fetched_at"": ""2026-08-13T19:33:01+00:00"", ""http_status"": 0, ""parser_version"": ""mnn_source_identity_v1"", ""query"": ""Авексима 200 мг таблетки"", ""matched_brand"": null, ""matched_form"": null, ""matched_dosage"": null, ""matched_pack"": null, ""serp_match_score"": 0.4, ""error"": null, ""match_status"": ""rejected"", ""match_score"": 0.0, ""match_reasons"": [""strong_explicit_mnn_mismatch""], ""matched_product_title"": ""/cards/allopurinol_aveksima_100mg_n50_tab_irbitskiy_khimfarmzavod_oao.html""}, {""source"": ""vidal"", ""url"": ""https://www.vidal.ru/drugs/azitromicin-aveksima"", ""title"": ""АЗИТРОМИЦИН АВЕКСИМА"", ""raw_mnn"": ""Азитромицин"", ""mnn"": ""Азитромицин"", ""raw_rx_otc"": ""rx"", ""field_type"": ""explicit_mnn"", ""source_class"": ""product_card"", ""card_fetched"": true, ""fetched_at"": ""2026-08-13T19:33:03+00:00"", ""http_status"": 0, ""parser_version"": ""mnn_source_identity_v1"", ""query"": ""Авексима 200 мг таблетки"", ""matched_brand"": null, ""matched_form"": null, ""matched_dosage"": null, ""matched_pack"": null, ""serp_match_score"": 1.0, ""error"": null, ""match_status"": ""rejected"", ""match_score"": 0.0, ""match_reasons"": [""strong_explicit_mnn_mismatch""], ""matched_product_title"": ""АЗИТРОМИЦИН АВЕКСИМА""}]","[{""source"": ""uteka"", ""url"": ""https://uteka.ru/product/aciklovir-aveksima-7278/"", ""title"": ""Ацикловир Авексима, 200 мг, табл, 20 шт."", ""raw_mnn"": ""Ацикловир"", ""mnn"": ""Ацикловир"", ""raw_rx_otc"": ""rx"", ""field_type"": ""explicit_mnn"", ""source_class"": ""product_card"", ""card_fetched"": true, ""fetched_at"": ""2026-08-13T19:33:00+00:00"", ""http_status"": 0, ""parser_version"": ""mnn_source_identity_v1"", ""query"": ""Авексима 200 мг таблетки"", ""matched_brand"": null, ""matched_form"": ""таблетки"", ""matched_dosage"": ""200мг"", ""matched_pack"": ""20"", ""serp_match_score"": 1.0, ""error"": null, ""match_status"": ""accepted"", ""match_score"": 0.85, ""match_reasons"": [""brand_title_match:+0.50"", ""dose_match:+0.20"", ""form_match:+0.15""], ""match_axes"": [""brand_title"", ""dose"", ""form""], ""hard_contradiction"": false, ""matched_product_title"": ""Ацикловир Авексима, 200 мг, табл, 20 шт.""}]","[{""source"": ""uteka"", ""raw_mnn"": ""Ацикловир"", ""field_type"": ""explicit_mnn"", ""canonical_components"": [""Ацикловир""], ""url"": ""https://uteka.ru/product/aciklovir-aveksima-7278/"", ""title"": ""Ацикловир Авексима, 200 мг, табл, 20 шт."", ""match_status"": ""accepted"", ""match_score"": 0.85, ""source_class"": ""product_card"", ""parse_warnings"": []}, {""source"": ""apteka"", ""raw_mnn"": ""Инозин"", ""field_type"": ""explicit_mnn"", ""canonical_components"": [], ""url"": ""https://apteka.ru/product/riboksin-aveksima-200-mg-50-sht-tabletki-pokrytye-plenochnoj-obolochkoj-5e326c76ca7bdc000192eed5/"", ""title"": ""riboksin aveksima 200 mg 50 sht tabletki pokrytye plenochnoj obolochkoj"", ""match_status"": ""rejected"", ""match_score"": 0.0, ""source_class"": ""product_card"", ""parse_warnings"": []}, {""source"": ""asna"", ""raw_mnn"": ""Аллопуринол"", ""field_type"": ""explicit_mnn"", ""canonical_components"": [], ""url"": ""https://www.asna.ru/cards/allopurinol_aveksima_100mg_n50_tab_irbitskiy_khimfarmzavod_oao.html"", ""title"": ""/cards/allopurinol_aveksima_100mg_n50_tab_irbitskiy_khimfarmzavod_oao.html"", ""match_status"": ""rejected"", ""match_score"": 0.0, ""source_class"": ""product_card"", ""parse_warnings"": []}, {""source"": ""vidal"", ""raw_mnn"": ""Азитромицин"", ""field_type"": ""explicit_mnn"", ""canonical_components"": [], ""url"": ""https://www.vidal.ru/drugs/azitromicin-aveksima"", ""title"": ""АЗИТРОМИЦИН АВЕКСИМА"", ""match_status"": ""rejected"", ""match_score"": 0.0, ""source_class"": ""product_card"", ""parse_warnings"": []}, {""source"": ""stolichki"", ""raw_mnn"": null, ""field_type"": ""unknown"", ""canonical_components"": [], ""url"": null, ""title"": null, ""match_status"": ""ambiguous"", ""match_score"": 0.0, ""source_class"": ""search_only"", ""parse_warnings"": []}]"
24750,АЦЕТИЛСАЛИЦИЛОВАЯ КИСЛОТА ПЛЮС РЕНЕВАЛ ТАБЛ. 500МГ+25МГ №20 | ОБНОВЛЕНИЕ ПФК АО | ОБНОВЛЕНИЕ ПФК АО,drug,Ацетилсалициловая кислота + Аскорбиновая кислота,Без рецепта,,none,none,no_known_inn_token,1,2,2,,[],,resolved_enrichment,single_source,unknown,unknown,"Ацетилсалициловая кислота, Аскорбиновая кислота",ok,true,"Ацетилсалициловая кислота, Аскорбиновая кислота",enrichment,false,sources_rejected_same_final,"[{""source"": ""apteka"", ""url"": ""https://apteka.ru/product/aczetilsaliczilovaya-kislota-plyus-reneval-500-mg25-mg-20-sht-tabletki-6603c3386e481dcf5cbbfee0/"", ""title"": ""aczetilsaliczilovaya kislota plyus reneval 500 mg25 mg 20 sht tabletki"", ""raw_mnn"": ""Ацетилсалициловая кислота, Аскорбиновая кислота"", ""mnn"": ""Ацетилсалициловая кислота, Аскорбиновая кислота"", ""raw_rx_otc"": null, ""field_type"": ""explicit_mnn"", ""source_class"": ""product_card"", ""card_fetched"": true, ""fetched_at"": ""2026-08-13T19:33:06+00:00"", ""http_status"": 0, ""parser_version"": ""mnn_source_identity_v1"", ""query"": ""Реневал 500мг+25мг таблетки"", ""matched_brand"": null, ""matched_form"": null, ""matched_dosage"": null, ""matched_pack"": null, ""serp_match_score"": 0.775, ""error"": null, ""match_status"": ""rejected"", ""match_score"": -0.4, ""match_reasons"": [""brand_title_conflict:-0.60"", ""dose_match:+0.20""], ""match_axes"": [""dose""], ""hard_contradiction"": true, ""matched_product_title"": ""aczetilsaliczilovaya kislota plyus reneval 500 mg25 mg 20 sht tabletki""}, {""source"": ""asna"", ""url"": ""https://www.asna.ru/cards/paratsetamol_500mg_n20_tab_obnovlenie_reneval_pfk.html"", ""title"": ""/cards/paratsetamol_500mg_n20_tab_obnovlenie_reneval_pfk.html"", ""raw_mnn"": ""Парацетамол"", ""mnn"": ""Парацетамол"", ""raw_rx_otc"": ""otc"", ""field_type"": ""explicit_mnn"", ""source_class"": ""product_card"", ""card_fetched"": true, ""fetched_at"": ""2026-08-13T19:33:06+00:00"", ""http_status"": 0, ""parser_version"": ""mnn_source_identity_v1"", ""query"": ""Реневал 500мг+25мг таблетки"", ""matched_brand"": null, ""matched_form"": null, ""matched_dosage"": null, ""matched_pack"": null, ""serp_match_score"": 0.4, ""error"": null, ""match_status"": ""rejected"", ""match_score"": -0.25, ""match_reasons"": [""brand_title_conflict:-0.60"", ""dose_match:+0.20"", ""form_match:+0.15""], ""match_axes"": [""dose"", ""form""], ""hard_contradiction"": true, ""matched_product_title"": ""/cards/paratsetamol_500mg_n20_tab_obnovlenie_reneval_pfk.html""}]","[{""source"": ""uteka"", ""url"": ""https://uteka.ru/product/acetilsalicilovaya-kislota-plyus-reneval-409422/"", ""title"": ""Ацетилсалициловая кислота плюс Реневал, 500мг+25мг, табл, 20 шт."", ""raw_mnn"": ""Ацетилсалициловая кислота + Аскорбиновая кислота"", ""mnn"": ""Ацетилсалициловая кислота + Аскорбиновая кислота"", ""raw_rx_otc"": ""otc"", ""field_type"": ""explicit_mnn"", ""source_class"": ""product_card"", ""card_fetched"": true, ""fetched_at"": ""2026-08-13T19:33:05+00:00"", ""http_status"": 0, ""parser_version"": ""mnn_source_identity_v1"", ""query"": ""Реневал 500мг+25мг таблетки"", ""matched_brand"": null, ""matched_form"": ""таблетки"", ""matched_dosage"": ""500мг"", ""matched_pack"": ""20"", ""serp_match_score"": 1.0, ""error"": null, ""match_status"": ""accepted"", ""match_score"": 0.85, ""match_reasons"": [""brand_title_match:+0.50"", ""dose_match:+0.20"", ""form_match:+0.15""], ""match_axes"": [""brand_title"", ""dose"", ""form""], ""hard_contradiction"": false, ""matched_product_title"": ""Ацетилсалициловая кислота плюс Реневал, 500мг+25мг, табл, 20 шт.""}]","[{""source"": ""uteka"", ""raw_mnn"": ""Ацетилсалициловая кислота + Аскорбиновая кислота"", ""field_type"": ""explicit_mnn"", ""canonical_components"": [""Ацетилсалициловая кислота"", ""Аскорбиновая кислота""], ""url"": ""https://uteka.ru/product/acetilsalicilovaya-kislota-plyus-reneval-409422/"", ""title"": ""Ацетилсалициловая кислота плюс Реневал, 500мг+25мг, табл, 20 шт."", ""match_status"": ""accepted"", ""match_score"": 0.85, ""source_class"": ""product_card"", ""parse_warnings"": []}, {""source"": ""apteka"", ""raw_mnn"": ""Ацетилсалициловая кислота, Аскорбиновая кислота"", ""field_type"": ""explicit_mnn"", ""canonical_components"": [], ""url"": ""https://apteka.ru/product/aczetilsaliczilovaya-kislota-plyus-reneval-500-mg25-mg-20-sht-tabletki-6603c3386e481dcf5cbbfee0/"", ""title"": ""aczetilsaliczilovaya kislota plyus reneval 500 mg25 mg 20 sht tabletki"", ""match_status"": ""rejected"", ""match_score"": -0.4, ""source_class"": ""product_card"", ""parse_warnings"": []}, {""source"": ""asna"", ""raw_mnn"": ""Парацетамол"", ""field_type"": ""explicit_mnn"", ""canonical_components"": [], ""url"": ""https://www.asna.ru/cards/paratsetamol_500mg_n20_tab_obnovlenie_reneval_pfk.html"", ""title"": ""/cards/paratsetamol_500mg_n20_tab_obnovlenie_reneval_pfk.html"", ""match_status"": ""rejected"", ""match_score"": -0.25, ""source_class"": ""product_card"", ""parse_warnings"": []}, {""source"": ""vidal"", ""raw_mnn"": ""Розувастатин"", ""field_type"": ""explicit_mnn"", ""canonical_components"": [], ""url"": ""https://www.vidal.ru/drugs/rozuvastatin-reneval"", ""title"": ""Розувастатин Реневал"", ""match_status"": ""ambiguous"", ""match_score"": 0.5, ""source_class"": ""product_card"", ""parse_warnings"": []}, {""source"": ""stolichki"", ""raw_mnn"": null, ""field_type"": ""unknown"", ""canonical_components"": [], ""url"": null, ""title"": null, ""match_status"": ""ambiguous"", ""match_score"": 0.0, ""source_class"": ""search_only"", ""parse_warnings"": []}]"
24896,АТОРВАСТАТИН-ФП ТАБЛ. П/ПЛЕН/ОБ. 20МГ №30 | ФАРМПРОЕКТ АО | ФАРМПРОЕКТ АО,drug,Аторвастатин,rx,Аторвастатин,strong,high,exact_normalized_text_token_start,1,0,4,,[],,resolved_enrichment,single_source,unknown,unknown,Аторвастатин,ok,true,Аторвастатин,input_plus_enrichment,false,method_changed,[],"[{""source"": ""uteka"", ""url"": ""https://uteka.ru/product/atorvastatin-fp-396705/"", ""title"": ""Аторвастатин-ФП, 20 мг, табл. п.п.о, 90 шт."", ""raw_mnn"": ""Аторвастатин"", ""mnn"": ""Аторвастатин"", ""raw_rx_otc"": ""rx"", ""field_type"": ""explicit_mnn"", ""source_class"": ""product_card"", ""card_fetched"": true, ""fetched_at"": ""2026-08-13T19:33:09+00:00"", ""http_status"": 0, ""parser_version"": ""mnn_source_identity_v1"", ""query"": ""АТОРВАСТАТИН-ФП 20мг таблетки"", ""matched_brand"": null, ""matched_form"": ""таблетки"", ""matched_dosage"": ""20мг"", ""matched_pack"": ""90"", ""serp_match_score"": 0.6, ""error"": null, ""match_status"": ""accepted"", ""match_score"": 0.85, ""match_reasons"": [""brand_title_match:+0.50"", ""dose_match:+0.20"", ""form_match:+0.15""], ""match_axes"": [""brand_title"", ""dose"", ""form""], ""hard_contradiction"": false, ""matched_product_title"": ""Аторвастатин-ФП, 20 мг, табл. п.п.о, 90 шт.""}]","[{""source"": ""uteka"", ""raw_mnn"": ""Аторвастатин"", ""field_type"": ""explicit_mnn"", ""canonical_components"": [""Аторвастатин""], ""url"": ""https://uteka.ru/product/atorvastatin-fp-396705/"", ""title"": ""Аторвастатин-ФП, 20 мг, табл. п.п.о, 90 шт."", ""match_status"": ""accepted"", ""match_score"": 0.85, ""source_class"": ""product_card"", ""parse_warnings"": []}, {""source"": ""apteka"", ""raw_mnn"": null, ""field_type"": ""unknown"", ""canonical_components"": [], ""url"": ""https://apteka.ru/product/atorvastatin-fp-20-mg-90-sht-tabletki-pokrytye-plenochnoj-obolochkoj-63909370ce0e1bb9461ac5bf/"", ""title"": ""atorvastatin fp 20 mg 90 sht tabletki pokrytye plenochnoj obolochkoj"", ""match_status"": ""ambiguous"", ""match_score"": 0.0, ""source_class"": ""search_only"", ""parse_warnings"": []}, {""source"": ""asna"", ""raw_mnn"": null, ""field_type"": ""unknown"", ""canonical_components"": [], ""url"": ""https://www.asna.ru/cards/atorvastatin_80mg_n30_tab_pokrytye_plenochnoy_obolochkoy_ozon.html"", ""title"": ""/cards/atorvastatin_80mg_n30_tab_pokrytye_plenochnoy_obolochkoy_ozon.html"", ""match_status"": ""ambiguous"", ""match_score"": 0.0, ""source_class"": ""search_only"", ""parse_warnings"": []}, {""source"": ""vidal"", ""raw_mnn"": null, ""field_type"": ""unknown"", ""canonical_components"": [], ""url"": ""https://www.vidal.ru/drugs/products"", ""title"": ""По алфавиту"", ""match_status"": ""ambiguous"", ""match_score"": 0.0, ""source_class"": ""search_only"", ""parse_warnings"": []}, {""source"": ""stolichki"", ""raw_mnn"": null, ""field_type"": ""unknown"", ""canonical_components"": [], ""url"": null, ""title"": null, ""match_status"": ""ambiguous"", ""match_score"": 0.0, ""source_class"": ""search_only"", ""parse_warnings"": []}]"
24901,АТОРВАСТАТИН-ТЕВА ТАБЛ. П/ПЛЕН/ОБ. 10МГ №30 АЛКАЛОИД | АЛКАЛОИД АД Скопье | АЛКАЛОИД АД Скопье,drug,Аторвастатин,rx,Аторвастатин,strong,high,exact_normalized_text_token_start,1,1,3,,[],,resolved_input_explicit,single_source,unknown,unknown,,,false,Аторвастатин,input_explicit_mnn,false,catalog_accept_removed,"[{""source"": ""asna"", ""url"": ""https://www.asna.ru/cards/atorvastatin-teva_40mg_n30_tab_pokrytye_plenochnoy_obolochkoy_alkaloid_ad_skope.html"", ""title"": ""/cards/atorvastatin-teva_40mg_n30_tab_pokrytye_plenochnoy_obolochkoy_alkaloid_ad_skope.html"", ""raw_mnn"": ""Аторвастатин"", ""mnn"": ""Аторвастатин"", ""raw_rx_otc"": ""rx"", ""field_type"": ""explicit_mnn"", ""source_class"": ""product_card"", ""card_fetched"": true, ""fetched_at"": ""2026-08-13T19:33:22+00:00"", ""http_status"": 0, ""parser_version"": ""mnn_source_identity_v1"", ""query"": ""Аторвастатин-Тева 10мг таблетки"", ""matched_brand"": null, ""matched_form"": null, ""matched_dosage"": null, ""matched_pack"": null, ""serp_match_score"": 0.4, ""error"": null, ""match_status"": ""rejected"", ""match_score"": -0.75, ""match_reasons"": [""brand_title_conflict:-0.60"", ""dose_conflict:-0.30"", ""form_match:+0.15""], ""match_axes"": [""form""], ""hard_contradiction"": true, ""matched_product_title"": ""/cards/atorvastatin-teva_40mg_n30_tab_pokrytye_plenochnoy_obolochkoy_alkaloid_ad_skope.html""}]","[{""source"": ""uteka"", ""url"": ""https://uteka.ru/product/atorvastatin-teva-220639/"", ""title"": ""Аторвастатин-Тева, 10 мг, табл. п.п.о, 30 шт."", ""raw_mnn"": ""Аторвастатин"", ""mnn"": ""Аторвастатин"", ""raw_rx_otc"": ""rx"", ""field_type"": ""explicit_mnn"", ""source_class"": ""product_card"", ""card_fetched"": true, ""fetched_at"": ""2026-08-13T19:33:21+00:00"", ""http_status"": 0, ""parser_version"": ""mnn_source_identity_v1"", ""query"": ""Аторвастатин-Тева 10мг таблетки"", ""matched_brand"": null, ""matched_form"": ""таблетки"", ""matched_dosage"": ""10мг"", ""matched_pack"": ""30"", ""serp_match_score"": 0.95, ""error"": null, ""match_status"": ""accepted"", ""match_score"": 0.85, ""match_reasons"": [""brand_title_match:+0.50"", ""dose_match:+0.20"", ""form_match:+0.15""], ""match_axes"": [""brand_title"", ""dose"", ""form""], ""hard_contradiction"": false, ""matched_product_title"": ""Аторвастатин-Тева, 10 мг, табл. п.п.о, 30 шт.""}]","[{""source"": ""uteka"", ""raw_mnn"": ""Аторвастатин"", ""field_type"": ""explicit_mnn"", ""canonical_components"": [""Аторвастатин""], ""url"": ""https://uteka.ru/product/atorvastatin-teva-220639/"", ""title"": ""Аторвастатин-Тева, 10 мг, табл. п.п.о, 30 шт."", ""match_status"": ""accepted"", ""match_score"": 0.85, ""source_class"": ""product_card"", ""parse_warnings"": []}, {""source"": ""asna"", ""raw_mnn"": ""Аторвастатин"", ""field_type"": ""explicit_mnn"", ""canonical_components"": [], ""url"": ""https://www.asna.ru/cards/atorvastatin-teva_40mg_n30_tab_pokrytye_plenochnoy_obolochkoy_alkaloid_ad_skope.html"", ""title"": ""/cards/atorvastatin-teva_40mg_n30_tab_pokrytye_plenochnoy_obolochkoy_alkaloid_ad_skope.html"", ""match_status"": ""rejected"", ""match_score"": -0.75, ""source_class"": ""product_card"", ""parse_warnings"": []}, {""source"": ""apteka"", ""raw_mnn"": null, ""field_type"": ""unknown"", ""canonical_components"": [], ""url"": ""https://apteka.ru/product/atorvastatin-teva-10-mg-30-sht-tabletki-pokrytye-plenochnoj-obolochkoj-6141b2dbb722d30f460f7b7a/"", ""title"": ""atorvastatin teva 10 mg 30 sht tabletki pokrytye plenochnoj obolochkoj"", ""match_status"": ""ambiguous"", ""match_score"": 0.0, ""source_class"": ""search_only"", ""parse_warnings"": []}, {""source"": ""vidal"", ""raw_mnn"": ""Аторвастатин"", ""field_type"": ""explicit_mnn"", ""canonical_components"": [], ""url"": ""https://www.vidal.ru/drugs/atorvastatin-teva"", ""title"": ""Аторвастатин-Тева"", ""match_status"": ""ambiguous"", ""match_score"": 0.5, ""source_class"": ""product_card"", ""parse_warnings"": []}, {""source"": ""stolichki"", ""raw_mnn"": null, ""field_type"": ""unknown"", ""canonical_components"": [], ""url"": null, ""title"": null, ""match_status"": ""ambiguous"", ""match_score"": 0.0, ""source_class"": ""search_only"", ""parse_warnings"": []}]"
24945,АТОРВАСТАТИН-СЗ ТАБЛ. П/ПЛЕН/ОБ. 20МГ №30 | СЕВЕРНАЯ ЗВЕЗДА НАО | СЕВЕРНАЯ ЗВЕЗДА НАО,drug,Аторвастатин,rx,Аторвастатин,strong,high,exact_normalized_text_token_start,1,1,3,,[],,resolved_input_explicit,single_source,unknown,unknown,,,false,Аторвастатин,input_explicit_mnn,false,catalog_accept_removed,"[{""source"": ""asna"", ""url"": ""https://www.asna.ru/cards/atorvastatin-sz_20mg_n60_tab_pokrytye_plenochnoy_obolochkoy_severnaya_zvezda.html"", ""title"": ""/cards/atorvastatin-sz_20mg_n60_tab_pokrytye_plenochnoy_obolochkoy_severnaya_zvezda.html"", ""raw_mnn"": ""Аторвастатин"", ""mnn"": ""Аторвастатин"", ""raw_rx_otc"": ""rx"", ""field_type"": ""explicit_mnn"", ""source_class"": ""product_card"", ""card_fetched"": true, ""fetched_at"": ""2026-08-13T19:33:32+00:00"", ""http_status"": 0, ""parser_version"": ""mnn_source_identity_v1"", ""query"": ""Аторвастатин-СЗ 20мг таблетки"", ""matched_brand"": null, ""matched_form"": null, ""matched_dosage"": null, ""matched_pack"": null, ""serp_match_score"": 0.4, ""error"": null, ""match_status"": ""rejected"", ""match_score"": -0.25, ""match_reasons"": [""brand_title_conflict:-0.60"", ""dose_match:+0.20"", ""form_match:+0.15""], ""match_axes"": [""dose"", ""form""], ""hard_contradiction"": true, ""matched_product_title"": ""/cards/atorvastatin-sz_20mg_n60_tab_pokrytye_plenochnoy_obolochkoy_severnaya_zvezda.html""}]","[{""source"": ""uteka"", ""url"": ""https://uteka.ru/product/atorvastatin-sz-282371/"", ""title"": ""Аторвастатин-СЗ, 20 мг, табл. п.п.о, 60 шт."", ""raw_mnn"": ""Аторвастатин"", ""mnn"": ""Аторвастатин"", ""raw_rx_otc"": ""rx"", ""field_type"": ""explicit_mnn"", ""source_class"": ""product_card"", ""card_fetched"": true, ""fetched_at"": ""2026-08-13T19:33:31+00:00"", ""http_status"": 0, ""parser_version"": ""mnn_source_identity_v1"", ""query"": ""Аторвастатин-СЗ 20мг таблетки"", ""matched_brand"": null, ""matched_form"": ""таблетки"", ""matched_dosage"": ""20мг"", ""matched_pack"": ""60"", ""serp_match_score"": 0.95, ""error"": null, ""match_status"": ""accepted"", ""match_score"": 0.85, ""match_reasons"": [""brand_title_match:+0.50"", ""dose_match:+0.20"", ""form_match:+0.15""], ""match_axes"": [""brand_title"", ""dose"", ""form""], ""hard_contradiction"": false, ""matched_product_title"": ""Аторвастатин-СЗ, 20 мг, табл. п.п.о, 60 шт.""}]","[{""source"": ""uteka"", ""raw_mnn"": ""Аторвастатин"", ""field_type"": ""explicit_mnn"", ""canonical_components"": [""Аторвастатин""], ""url"": ""https://uteka.ru/product/atorvastatin-sz-282371/"", ""title"": ""Аторвастатин-СЗ, 20 мг, табл. п.п.о, 60 шт."", ""match_status"": ""accepted"", ""match_score"": 0.85, ""source_class"": ""product_card"", ""parse_warnings"": []}, {""source"": ""asna"", ""raw_mnn"": ""Аторвастатин"", ""field_type"": ""explicit_mnn"", ""canonical_components"": [], ""url"": ""https://www.asna.ru/cards/atorvastatin-sz_20mg_n60_tab_pokrytye_plenochnoy_obolochkoy_severnaya_zvezda.html"", ""title"": ""/cards/atorvastatin-sz_20mg_n60_tab_pokrytye_plenochnoy_obolochkoy_severnaya_zvezda.html"", ""match_status"": ""rejected"", ""match_score"": -0.25, ""source_class"": ""product_card"", ""parse_warnings"": []}, {""source"": ""apteka"", ""raw_mnn"": null, ""field_type"": ""unknown"", ""canonical_components"": [], ""url"": ""https://apteka.ru/product/atorvastatin-sz-20-mg-30-sht-tabletki-pokrytye-plenochnoj-obolochkoj-5e326b38ca7bdc000192e415/"", ""title"": ""atorvastatin sz 20 mg 30 sht tabletki pokrytye plenochnoj obolochkoj"", ""match_status"": ""ambiguous"", ""match_score"": 0.0, ""source_class"": ""search_only"", ""parse_warnings"": []}, {""source"": ""vidal"", ""raw_mnn"": ""Аторвастатин"", ""field_type"": ""explicit_mnn"", ""canonical_components"": [], ""url"": ""https://www.vidal.ru/drugs/atorvastatin-sz__43129"", ""title"": ""Аторвастатин-СЗ"", ""match_status"": ""ambiguous"", ""match_score"": 0.5, ""source_class"": ""product_card"", ""parse_warnings"": []}, {""source"": ""stolichki"", ""raw_mnn"": null, ""field_type"": ""unknown"", ""canonical_components"": [], ""url"": null, ""title"": null, ""match_status"": ""ambiguous"", ""match_score"": 0.0, ""source_class"": ""search_only"", ""parse_warnings"": []}]"
24957,АТОРВАСТАТИН МЕДИСОРБ ТАБЛ. П/ПЛЕН/ОБ. 40МГ №30 | МЕДИСОРБ АО | МЕДИСОРБ АО,drug,Аторвастатин,rx,Аторвастатин,strong,high,exact_normalized_text_token_start,1,2,2,,[],,resolved_enrichment,single_source,unknown,unknown,Аторвастатин,ok,true,Аторвастатин,input_plus_enrichment,false,method_changed,"[{""source"": ""asna"", ""url"": ""https://www.asna.ru/cards/valsartan_ms_40mg_n30_tab_pokrytye_plenochnoy_obolochkoy_medisorb.html"", ""title"": ""/cards/valsartan_ms_40mg_n30_tab_pokrytye_plenochnoy_obolochkoy_medisorb.html"", ""raw_mnn"": ""Валсартан"", ""mnn"": ""Валсартан"", ""raw_rx_otc"": ""rx"", ""field_type"": ""explicit_mnn"", ""source_class"": ""product_card"", ""card_fetched"": true, ""fetched_at"": ""2026-08-13T19:33:41+00:00"", ""http_status"": 0, ""parser_version"": ""mnn_source_identity_v1"", ""query"": ""Медисорб 40 мг таблетки"", ""matched_brand"": null, ""matched_form"": null, ""matched_dosage"": null, ""matched_pack"": null, ""serp_match_score"": 0.5, ""error"": null, ""match_status"": ""rejected"", ""match_score"": 0.0, ""match_reasons"": [""strong_explicit_mnn_mismatch""], ""matched_product_title"": ""/cards/valsartan_ms_40mg_n30_tab_pokrytye_plenochnoy_obolochkoy_medisorb.html""}, {""source"": ""vidal"", ""url"": ""https://www.vidal.ru/drugs/metagliptin-medisorb"", ""title"": ""Метаглиптин Медисорб"", ""raw_mnn"": ""Метформин"", ""mnn"": ""Метформин"", ""raw_rx_otc"": ""rx"", ""field_type"": ""explicit_mnn"", ""source_class"": ""product_card"", ""card_fetched"": true, ""fetched_at"": ""2026-08-13T19:33:51+00:00"", ""http_status"": 0, ""parser_version"": ""mnn_source_identity_v1"", ""query"": ""Медисорб 40 мг таблетки"", ""matched_brand"": null, ""matched_form"": null, ""matched_dosage"": null, ""matched_pack"": null, ""serp_match_score"": 1.0, ""error"": null, ""match_status"": ""rejected"", ""match_score"": 0.0, ""match_reasons"": [""strong_explicit_mnn_mismatch""], ""matched_product_title"": ""Метаглиптин Медисорб""}]","[{""source"": ""uteka"", ""url"": ""https://uteka.ru/product/atorvastatin-medisorb-345561/"", ""title"": ""Аторвастатин Медисорб, 40 мг, табл. п.п.о, 30 шт."", ""raw_mnn"": ""Аторвастатин"", ""mnn"": ""Аторвастатин"", ""raw_rx_otc"": ""rx"", ""field_type"": ""explicit_mnn"", ""source_class"": ""product_card"", ""card_fetched"": true, ""fetched_at"": ""2026-08-13T19:33:40+00:00"", ""http_status"": 0, ""parser_version"": ""mnn_source_identity_v1"", ""query"": ""Медисорб 40 мг таблетки"", ""matched_brand"": null, ""matched_form"": ""таблетки"", ""matched_dosage"": ""40мг"", ""matched_pack"": ""30"", ""serp_match_score"": 1.0, ""error"": null, ""match_status"": ""accepted"", ""match_score"": 0.85, ""match_reasons"": [""brand_title_match:+0.50"", ""dose_match:+0.20"", ""form_match:+0.15""], ""match_axes"": [""brand_title"", ""dose"", ""form""], ""hard_contradiction"": false, ""matched_product_title"": ""Аторвастатин Медисорб, 40 мг, табл. п.п.о, 30 шт.""}]","[{""source"": ""uteka"", ""raw_mnn"": ""Аторвастатин"", ""field_type"": ""explicit_mnn"", ""canonical_components"": [""Аторвастатин""], ""url"": ""https://uteka.ru/product/atorvastatin-medisorb-345561/"", ""title"": ""Аторвастатин Медисорб, 40 мг, табл. п.п.о, 30 шт."", ""match_status"": ""accepted"", ""match_score"": 0.85, ""source_class"": ""product_card"", ""parse_warnings"": []}, {""source"": ""asna"", ""raw_mnn"": ""Валсартан"", ""field_type"": ""explicit_mnn"", ""canonical_components"": [], ""url"": ""https://www.asna.ru/cards/valsartan_ms_40mg_n30_tab_pokrytye_plenochnoy_obolochkoy_medisorb.html"", ""title"": ""/cards/valsartan_ms_40mg_n30_tab_pokrytye_plenochnoy_obolochkoy_medisorb.html"", ""match_status"": ""rejected"", ""match_score"": 0.0, ""source_class"": ""product_card"", ""parse_warnings"": []}, {""source"": ""vidal"", ""raw_mnn"": ""Метформин"", ""field_type"": ""explicit_mnn"", ""canonical_components"": [], ""url"": ""https://www.vidal.ru/drugs/metagliptin-medisorb"", ""title"": ""Метаглиптин Медисорб"", ""match_status"": ""rejected"", ""match_score"": 0.0, ""source_class"": ""product_card"", ""parse_warnings"": []}, {""source"": ""apteka"", ""raw_mnn"": null, ""field_type"": ""unknown"", ""canonical_components"": [], ""url"": ""https://apteka.ru/product/atorvastatin-medisorb-40-mg-60-sht-blister-tabletki-pokrytye-plenochnoj-obolochkoj-6756cf0130321fee9b6a870a/"", ""title"": ""atorvastatin medisorb 40 mg 60 sht blister tabletki pokrytye plenochnoj obolochkoj"", ""match_status"": ""ambiguous"", ""match_score"": 0.0, ""source_class"": ""search_only"", ""parse_warnings"": []}, {""source"": ""stolichki"", ""raw_mnn"": null, ""field_type"": ""unknown"", ""canonical_components"": [], ""url"": null, ""title"": null, ""match_status"": ""ambiguous"", ""match_score"": 0.0, ""source_class"": ""search_only"", ""parse_warnings"": []}]"
25424,АРТОГИСТАН Р-Р ДЛЯ В/М ВВЕД. 100МГ/МЛ АМП. 2МЛ №10 | ГРОТЕКС ООО | ГРОТЕКС ООО,drug,,rx,,none,none,no_known_inn_token,1,1,3,,[],,unresolved_catalog,single_source,unknown,unknown,,,false,,unresolved,true,catalog_accept_removed,"[{""source"": ""asna"", ""url"": ""https://www.asna.ru/cards/artogistan_100mgml_2ml_n10_r-r_dlya_vm_vvedeniya_groteks.html"", ""title"": ""/cards/artogistan_100mgml_2ml_n10_r-r_dlya_vm_vvedeniya_groteks.html"", ""raw_mnn"": ""Хондроитина сульфат"", ""mnn"": ""Хондроитина сульфат"", ""raw_rx_otc"": ""rx"", ""field_type"": ""explicit_mnn"", ""source_class"": ""product_card"", ""card_fetched"": true, ""fetched_at"": ""2026-08-13T19:33:54+00:00"", ""http_status"": 0, ""parser_version"": ""mnn_source_identity_v1"", ""query"": ""Артогистан 100 мг/мл раствор"", ""matched_brand"": null, ""matched_form"": null, ""matched_dosage"": null, ""matched_pack"": null, ""serp_match_score"": 0.5, ""error"": null, ""match_status"": ""rejected"", ""match_score"": -0.9, ""match_reasons"": [""brand_title_conflict:-0.60"", ""dose_conflict:-0.30""], ""match_axes"": [], ""hard_contradiction"": true, ""matched_product_title"": ""/cards/artogistan_100mgml_2ml_n10_r-r_dlya_vm_vvedeniya_groteks.html""}]","[{""source"": ""uteka"", ""url"": ""https://uteka.ru/product/artogistan-354185/"", ""title"": ""Артогистан, 100 мг/мл, р-р д/в/м и вн/суст. введ, 1 мл, 10 шт."", ""raw_mnn"": ""Хондроитина сульфат"", ""mnn"": ""Хондроитина сульфат"", ""raw_rx_otc"": ""rx"", ""field_type"": ""explicit_mnn"", ""source_class"": ""product_card"", ""card_fetched"": true, ""fetched_at"": ""2026-08-13T19:33:53+00:00"", ""http_status"": 0, ""parser_version"": ""mnn_source_identity_v1"", ""query"": ""Артогистан 100 мг/мл раствор"", ""matched_brand"": null, ""matched_form"": ""раствор"", ""matched_dosage"": ""100мг"", ""matched_pack"": ""10"", ""serp_match_score"": 1.0, ""error"": null, ""match_status"": ""accepted"", ""match_score"": 0.85, ""match_reasons"": [""brand_title_match:+0.50"", ""dose_match:+0.20"", ""form_match:+0.15""], ""match_axes"": [""brand_title"", ""dose"", ""form""], ""hard_contradiction"": false, ""matched_product_title"": ""Артогистан, 100 мг/мл, р-р д/в/м и вн/суст. введ, 1 мл, 10 шт.""}]","[{""source"": ""uteka"", ""raw_mnn"": ""Хондроитина сульфат"", ""field_type"": ""explicit_mnn"", ""canonical_components"": [""Хондроитина сульфат натрия""], ""url"": ""https://uteka.ru/product/artogistan-354185/"", ""title"": ""Артогистан, 100 мг/мл, р-р д/в/м и вн/суст. введ, 1 мл, 10 шт."", ""match_status"": ""accepted"", ""match_score"": 0.85, ""source_class"": ""product_card"", ""parse_warnings"": []}, {""source"": ""asna"", ""raw_mnn"": ""Хондроитина сульфат"", ""field_type"": ""explicit_mnn"", ""canonical_components"": [], ""url"": ""https://www.asna.ru/cards/artogistan_100mgml_2ml_n10_r-r_dlya_vm_vvedeniya_groteks.html"", ""title"": ""/cards/artogistan_100mgml_2ml_n10_r-r_dlya_vm_vvedeniya_groteks.html"", ""match_status"": ""rejected"", ""match_score"": -0.9, ""source_class"": ""product_card"", ""parse_warnings"": []}, {""source"": ""apteka"", ""raw_mnn"": null, ""field_type"": ""unknown"", ""canonical_components"": [], ""url"": ""https://apteka.ru/product/artogistan-100-mgml-rastvor-dlya-vnutrimyshechnogo-i-vnutrisustavnogo-vvedeniya-2-ml-ampuly-20-sht-68b742740118e1fec801941e/"", ""title"": ""artogistan 100 mgml rastvor dlya vnutrimyshechnogo i vnutrisustavnogo vvedeniya 2 ml ampuly 20 sht"", ""match_status"": ""ambiguous"", ""match_score"": 0.0, ""source_class"": ""search_only"", ""parse_warnings"": []}, {""source"": ""vidal"", ""raw_mnn"": ""Хондроитина сульфат натрия"", ""field_type"": ""explicit_mnn"", ""canonical_components"": [], ""url"": ""https://www.vidal.ru/drugs/artogystan"", ""title"": ""Артогистан"", ""match_status"": ""ambiguous"", ""match_score"": 0.5, ""source_class"": ""product_card"", ""parse_warnings"": []}, {""source"": ""stolichki"", ""raw_mnn"": null, ""field_type"": ""unknown"", ""canonical_components"": [], ""url"": null, ""title"": null, ""match_status"": ""ambiguous"", ""match_score"": 0.0, ""source_class"": ""search_only"", ""parse_warnings"": []}]"
25599,АПИЛАК ТАБЛ. П/ЯЗЫЧН. 10МГ №30 ВИФИТЕХ | ВИФИТЕХ | ВИФИТЕХ,drug,,,,none,none,no_known_inn_token,1,0,4,,[],,resolved_enrichment,single_source,unknown,unknown,Маточное Молочко,ok,true,Маточное Молочко,enrichment,false,unchanged,[],"[{""source"": ""uteka"", ""url"": ""https://uteka.ru/product/apilak-426744/"", ""title"": ""Апилак, 10 мг, табл. подъязычн, 25 шт."", ""raw_mnn"": ""Маточное молочко"", ""mnn"": ""Маточное молочко"", ""raw_rx_otc"": ""otc"", ""field_type"": ""explicit_mnn"", ""source_class"": ""product_card"", ""card_fetched"": true, ""fetched_at"": ""2026-08-13T19:34:02+00:00"", ""http_status"": 0, ""parser_version"": ""mnn_source_identity_v1"", ""query"": ""Вифитех 10 мг таблетки"", ""matched_brand"": null, ""matched_form"": ""таблетки"", ""matched_dosage"": ""10мг"", ""matched_pack"": ""25"", ""serp_match_score"": 0.6, ""error"": null, ""match_status"": ""accepted"", ""match_score"": 0.85, ""match_reasons"": [""brand_title_match:+0.50"", ""dose_match:+0.20"", ""form_match:+0.15""], ""match_axes"": [""brand_title"", ""dose"", ""form""], ""hard_contradiction"": false, ""matched_product_title"": ""Апилак, 10 мг, табл. подъязычн, 25 шт.""}]","[{""source"": ""uteka"", ""raw_mnn"": ""Маточное молочко"", ""field_type"": ""explicit_mnn"", ""canonical_components"": [""Маточное молочко""], ""url"": ""https://uteka.ru/product/apilak-426744/"", ""title"": ""Апилак, 10 мг, табл. подъязычн, 25 шт."", ""match_status"": ""accepted"", ""match_score"": 0.85, ""source_class"": ""product_card"", ""parse_warnings"": []}, {""source"": ""apteka"", ""raw_mnn"": null, ""field_type"": ""unknown"", ""canonical_components"": [], ""url"": ""https://apteka.ru/product/apilak-10-mg-25-sht-tabletki-podyazychnye-67ef5ce6df731807130c6e76/"", ""title"": ""apilak 10 mg 25 sht tabletki podyazychnye"", ""match_status"": ""ambiguous"", ""match_score"": 0.0, ""source_class"": ""search_only"", ""parse_warnings"": []}, {""source"": ""asna"", ""raw_mnn"": null, ""field_type"": ""unknown"", ""canonical_components"": [], ""url"": ""https://www.asna.ru/cards/apilak_10mg_n25_tab_podyazychnye_vifitekh_zao.html"", ""title"": ""/cards/apilak_10mg_n25_tab_podyazychnye_vifitekh_zao.html"", ""match_status"": ""ambiguous"", ""match_score"": 0.0, ""source_class"": ""search_only"", ""parse_warnings"": []}, {""source"": ""vidal"", ""raw_mnn"": null, ""field_type"": ""unknown"", ""canonical_components"": [], ""url"": ""https://www.vidal.ru/drugs/products"", ""title"": ""По алфавиту"", ""match_status"": ""ambiguous"", ""match_score"": 0.0, ""source_class"": ""search_only"", ""parse_warnings"": []}, {""source"": ""stolichki"", ""raw_mnn"": null, ""field_type"": ""unknown"", ""canonical_components"": [], ""url"": null, ""title"": null, ""match_status"": ""ambiguous"", ""match_score"": 0.0, ""source_class"": ""search_only"", ""parse_warnings"": []}]"
25707,АНГИОРУС ТАБЛ. П/ПЛЕН/ОБ. 100МГ+900МГ №30 АЛИУМ | АЛИУМ АО | АЛИУМ АО,drug,,,,none,none,no_known_inn_token,0,1,4,,[],,unresolved_catalog,empty,unknown,unknown,,,false,,unresolved,true,catalog_accept_removed,"[{""source"": ""asna"", ""url"": ""https://www.asna.ru/cards/angiorus_100mg900mg_n30_tab_pokrytye_plenochnoy_obolochkoy_sintez_oao.html"", ""title"": ""/cards/angiorus_100mg900mg_n30_tab_pokrytye_plenochnoy_obolochkoy_sintez_oao.html"", ""raw_mnn"": ""Гесперидин + Диосмин"", ""mnn"": ""Гесперидин + Диосмин"", ""raw_rx_otc"": ""otc"", ""field_type"": ""explicit_mnn"", ""source_class"": ""product_card"", ""card_fetched"": true, ""fetched_at"": ""2026-08-13T19:34:13+00:00"", ""http_status"": 0, ""parser_version"": ""mnn_source_identity_v1"", ""query"": ""Ангиорус 100 мг + 900 мг таблетки"", ""matched_brand"": null, ""matched_form"": null, ""matched_dosage"": null, ""matched_pack"": null, ""serp_match_score"": 0.5, ""error"": null, ""match_status"": ""rejected"", ""match_score"": -0.25, ""match_reasons"": [""brand_title_conflict:-0.60"", ""dose_match:+0.20"", ""form_match:+0.15""], ""match_axes"": [""dose"", ""form""], ""hard_contradiction"": true, ""matched_product_title"": ""/cards/angiorus_100mg900mg_n30_tab_pokrytye_plenochnoy_obolochkoy_sintez_oao.html""}]",[],"[{""source"": ""asna"", ""raw_mnn"": ""Гесперидин + Диосмин"", ""field_type"": ""explicit_mnn"", ""canonical_components"": [], ""url"": ""https://www.asna.ru/cards/angiorus_100mg900mg_n30_tab_pokrytye_plenochnoy_obolochkoy_sintez_oao.html"", ""title"": ""/cards/angiorus_100mg900mg_n30_tab_pokrytye_plenochnoy_obolochkoy_sintez_oao.html"", ""match_status"": ""rejected"", ""match_score"": -0.25, ""source_class"": ""product_card"", ""parse_warnings"": []}, {""source"": ""uteka"", ""raw_mnn"": null, ""field_type"": ""unknown"", ""canonical_components"": [], ""url"": null, ""title"": null, ""match_status"": ""ambiguous"", ""match_score"": 0.0, ""source_class"": ""search_only"", ""parse_warnings"": []}, {""source"": ""apteka"", ""raw_mnn"": null, ""field_type"": ""unknown"", ""canonical_components"": [], ""url"": ""https://apteka.ru/product/angiorus-100-mg--900-mg-30-sht-tabletki-pokrytye-plenochnoj-obolochkoj-609e4dee52731bed1574fbb7/"", ""title"": ""angiorus 100 mg  900 mg 30 sht tabletki pokrytye plenochnoj obolochkoj"", ""match_status"": ""ambiguous"", ""match_score"": 0.0, ""source_class"": ""search_only"", ""parse_warnings"": []}, {""source"": ""vidal"", ""raw_mnn"": ""Диосмин"", ""field_type"": ""explicit_mnn"", ""canonical_components"": [], ""url"": ""https://www.vidal.ru/drugs/angiorus"", ""title"": ""Ангиорус"", ""match_status"": ""ambiguous"", ""match_score"": 0.5, ""source_class"": ""product_card"", ""parse_warnings"": []}, {""source"": ""stolichki"", ""raw_mnn"": null, ""field_type"": ""unknown"", ""canonical_components"": [], ""url"": null, ""title"": null, ""match_status"": ""ambiguous"", ""match_score"": 0.0, ""source_class"": ""search_only"", ""parse_warnings"": []}]"
25865,"АМПРИЛАН ТАБЛ. 5МГ №30 | КРКА Д.Д., НОВО МЕСТО АО/КРКА-РУС ООО | КРКА Д.Д., НОВО МЕСТО АО/КРКА-РУС ООО",drug,рамиприл,rx,,none,none,no_known_inn_token,1,1,3,,[],,unresolved_catalog,single_source,unknown,unknown,,,false,,unresolved,true,catalog_accept_removed,"[{""source"": ""asna"", ""url"": ""https://www.asna.ru/cards/amprilan_10mg_n90_tab_krka_dd_novo_mesto_ao.html"", ""title"": ""/cards/amprilan_10mg_n90_tab_krka_dd_novo_mesto_ao.html"", ""raw_mnn"": ""Рамиприл"", ""mnn"": ""Рамиприл"", ""raw_rx_otc"": ""rx"", ""field_type"": ""explicit_mnn"", ""source_class"": ""product_card"", ""card_fetched"": true, ""fetched_at"": ""2026-08-13T19:34:22+00:00"", ""http_status"": 0, ""parser_version"": ""mnn_source_identity_v1"", ""query"": ""Амприлан 5 мг таблетки"", ""matched_brand"": null, ""matched_form"": null, ""matched_dosage"": null, ""matched_pack"": null, ""serp_match_score"": 0.4, ""error"": null, ""match_status"": ""rejected"", ""match_score"": -0.75, ""match_reasons"": [""brand_title_conflict:-0.60"", ""dose_conflict:-0.30"", ""form_match:+0.15""], ""match_axes"": [""form""], ""hard_contradiction"": true, ""matched_product_title"": ""/cards/amprilan_10mg_n90_tab_krka_dd_novo_mesto_ao.html""}]","[{""source"": ""uteka"", ""url"": ""https://uteka.ru/product/amprilan-200928/"", ""title"": ""Амприлан, 5 мг, табл, 30 шт."", ""raw_mnn"": ""Рамиприл"", ""mnn"": ""Рамиприл"", ""raw_rx_otc"": ""rx"", ""field_type"": ""explicit_mnn"", ""source_class"": ""product_card"", ""card_fetched"": true, ""fetched_at"": ""2026-08-13T19:34:22+00:00"", ""http_status"": 0, ""parser_version"": ""mnn_source_identity_v1"", ""query"": ""Амприлан 5 мг таблетки"", ""matched_brand"": null, ""matched_form"": ""таблетки"", ""matched_dosage"": ""5мг"", ""matched_pack"": ""30"", ""serp_match_score"": 1.0, ""error"": null, ""match_status"": ""accepted"", ""match_score"": 0.85, ""match_reasons"": [""brand_title_match:+0.50"", ""dose_match:+0.20"", ""form_match:+0.15""], ""match_axes"": [""brand_title"", ""dose"", ""form""], ""hard_contradiction"": false, ""matched_product_title"": ""Амприлан, 5 мг, табл, 30 шт.""}]","[{""source"": ""uteka"", ""raw_mnn"": ""Рамиприл"", ""field_type"": ""explicit_mnn"", ""canonical_components"": [""Рамиприл""], ""url"": ""https://uteka.ru/product/amprilan-200928/"", ""title"": ""Амприлан, 5 мг, табл, 30 шт."", ""match_status"": ""accepted"", ""match_score"": 0.85, ""source_class"": ""product_card"", ""parse_warnings"": []}, {""source"": ""asna"", ""raw_mnn"": ""Рамиприл"", ""field_type"": ""explicit_mnn"", ""canonical_components"": [], ""url"": ""https://www.asna.ru/cards/amprilan_10mg_n90_tab_krka_dd_novo_mesto_ao.html"", ""title"": ""/cards/amprilan_10mg_n90_tab_krka_dd_novo_mesto_ao.html"", ""match_status"": ""rejected"", ""match_score"": -0.75, ""source_class"": ""product_card"", ""parse_warnings"": []}, {""source"": ""apteka"", ""raw_mnn"": null, ""field_type"": ""unknown"", ""canonical_components"": [], ""url"": ""https://apteka.ru/product/amprilan-nd-25-mg--5-mg-30-sht-tabletki-5e32653e65b5ab000164f99f/"", ""title"": ""amprilan nd 25 mg  5 mg 30 sht tabletki"", ""match_status"": ""ambiguous"", ""match_score"": 0.0, ""source_class"": ""search_only"", ""parse_warnings"": []}, {""source"": ""vidal"", ""raw_mnn"": ""Рамиприл"", ""field_type"": ""explicit_mnn"", ""canonical_components"": [], ""url"": ""https://www.vidal.ru/drugs/amprilan__12486"", ""title"": ""Амприлан"", ""match_status"": ""ambiguous"", ""match_score"": 0.5, ""source_class"": ""product_card"", ""parse_warnings"": []}, {""source"": ""stolichki"", ""raw_mnn"": null, ""field_type"": ""unknown"", ""canonical_components"": [], ""url"": null, ""title"": null, ""match_status"": ""ambiguous"", ""match_score"": 0.0, ""source_class"": ""search_only"", ""parse_warnings"": []}]"
25982,АМЛОДИПИН ТАБЛ. 10МГ №30 РОЗЛЕКС | РОЗЛЕКС ФАРМ ООО | РОЗЛЕКС ФАРМ ООО,drug,Амлодипин,rx,Амлодипин,strong,high,exact_normalized_text_token_start,1,0,4,,[],,resolved_enrichment,single_source,unknown,unknown,Амлодипин,ok,true,Амлодипин,input_plus_enrichment,false,method_changed,[],"[{""source"": ""uteka"", ""url"": ""https://uteka.ru/product/amlodipin-teva-233912/"", ""title"": ""Амлодипин-Тева, 10 мг, табл, 30 шт."", ""raw_mnn"": ""Амлодипин"", ""mnn"": ""Амлодипин"", ""raw_rx_otc"": ""rx"", ""field_type"": ""explicit_mnn"", ""source_class"": ""product_card"", ""card_fetched"": true, ""fetched_at"": ""2026-08-13T19:34:31+00:00"", ""http_status"": 0, ""parser_version"": ""mnn_source_identity_v1"", ""query"": ""АМЛОДИПИН 10 мг таблетки"", ""matched_brand"": null, ""matched_form"": ""таблетки"", ""matched_dosage"": ""10мг"", ""matched_pack"": ""30"", ""serp_match_score"": 0.85, ""error"": null, ""match_status"": ""accepted"", ""match_score"": 0.85, ""match_reasons"": [""brand_title_match:+0.50"", ""dose_match:+0.20"", ""form_match:+0.15""], ""match_axes"": [""brand_title"", ""dose"", ""form""], ""hard_contradiction"": false, ""matched_product_title"": ""Амлодипин-Тева, 10 мг, табл, 30 шт.""}]","[{""source"": ""uteka"", ""raw_mnn"": ""Амлодипин"", ""field_type"": ""explicit_mnn"", ""canonical_components"": [""Амлодипин""], ""url"": ""https://uteka.ru/product/amlodipin-teva-233912/"", ""title"": ""Амлодипин-Тева, 10 мг, табл, 30 шт."", ""match_status"": ""accepted"", ""match_score"": 0.85, ""source_class"": ""product_card"", ""parse_warnings"": []}, {""source"": ""apteka"", ""raw_mnn"": null, ""field_type"": ""unknown"", ""canonical_components"": [], ""url"": ""https://apteka.ru/product/amlodipin-10-mg-90-sht-tabletki-banka-602e3eaf152591d9cd4dc736/"", ""title"": ""amlodipin 10 mg 90 sht tabletki banka"", ""match_status"": ""ambiguous"", ""match_score"": 0.0, ""source_class"": ""search_only"", ""parse_warnings"": []}, {""source"": ""asna"", ""raw_mnn"": null, ""field_type"": ""unknown"", ""canonical_components"": [], ""url"": ""https://www.asna.ru/cards/amlodipin_10mg_n60_tab_verteks.html"", ""title"": ""/cards/amlodipin_10mg_n60_tab_verteks.html"", ""match_status"": ""ambiguous"", ""match_score"": 0.0, ""source_class"": ""search_only"", ""parse_warnings"": []}, {""source"": ""vidal"", ""raw_mnn"": null, ""field_type"": ""unknown"", ""canonical_components"": [], ""url"": ""https://www.vidal.ru/drugs/products"", ""title"": ""По алфавиту"", ""match_status"": ""ambiguous"", ""match_score"": 0.0, ""source_class"": ""search_only"", ""parse_warnings"": []}, {""source"": ""stolichki"", ""raw_mnn"": null, ""field_type"": ""unknown"", ""canonical_components"": [], ""url"": null, ""title"": null, ""match_status"": ""ambiguous"", ""match_score"": 0.0, ""source_class"": ""search_only"", ""parse_warnings"": []}]"
26001,АМЛОДИПИН-ПРАНА ТАБЛ. 10МГ №60 | ПРАНАФАРМ ООО | ПРАНАФАРМ ООО,drug,Амлодипин,rx,Амлодипин,strong,high,exact_normalized_text_token_start,1,1,3,,[],,resolved_input_explicit,single_source,unknown,unknown,,,false,Амлодипин,input_explicit_mnn,false,catalog_accept_removed,"[{""source"": ""asna"", ""url"": ""https://www.asna.ru/cards/amlodipin-prana_5mg_n30_tab_pranafarm.html"", ""title"": ""/cards/amlodipin-prana_5mg_n30_tab_pranafarm.html"", ""raw_mnn"": ""Амлодипин"", ""mnn"": ""Амлодипин"", ""raw_rx_otc"": ""rx"", ""field_type"": ""explicit_mnn"", ""source_class"": ""product_card"", ""card_fetched"": true, ""fetched_at"": ""2026-08-13T19:34:42+00:00"", ""http_status"": 0, ""parser_version"": ""mnn_source_identity_v1"", ""query"": ""Амлодипин-Прана 10 мг таблетки"", ""matched_brand"": null, ""matched_form"": null, ""matched_dosage"": null, ""matched_pack"": null, ""serp_match_score"": 0.4, ""error"": null, ""match_status"": ""rejected"", ""match_score"": -0.75, ""match_reasons"": [""brand_title_conflict:-0.60"", ""dose_conflict:-0.30"", ""form_match:+0.15""], ""match_axes"": [""form""], ""hard_contradiction"": true, ""matched_product_title"": ""/cards/amlodipin-prana_5mg_n30_tab_pranafarm.html""}]","[{""source"": ""uteka"", ""url"": ""https://uteka.ru/product/amlodipin-prana-228875/"", ""title"": ""Амлодипин-Прана, 10 мг, табл, 30 шт."", ""raw_mnn"": ""Амлодипин"", ""mnn"": ""Амлодипин"", ""raw_rx_otc"": ""rx"", ""field_type"": ""explicit_mnn"", ""source_class"": ""product_card"", ""card_fetched"": true, ""fetched_at"": ""2026-08-13T19:34:41+00:00"", ""http_status"": 0, ""parser_version"": ""mnn_source_identity_v1"", ""query"": ""Амлодипин-Прана 10 мг таблетки"", ""matched_brand"": null, ""matched_form"": ""таблетки"", ""matched_dosage"": ""10мг"", ""matched_pack"": ""30"", ""serp_match_score"": 1.0, ""error"": null, ""match_status"": ""accepted"", ""match_score"": 0.85, ""match_reasons"": [""brand_title_match:+0.50"", ""dose_match:+0.20"", ""form_match:+0.15""], ""match_axes"": [""brand_title"", ""dose"", ""form""], ""hard_contradiction"": false, ""matched_product_title"": ""Амлодипин-Прана, 10 мг, табл, 30 шт.""}]","[{""source"": ""uteka"", ""raw_mnn"": ""Амлодипин"", ""field_type"": ""explicit_mnn"", ""canonical_components"": [""Амлодипин""], ""url"": ""https://uteka.ru/product/amlodipin-prana-228875/"", ""title"": ""Амлодипин-Прана, 10 мг, табл, 30 шт."", ""match_status"": ""accepted"", ""match_score"": 0.85, ""source_class"": ""product_card"", ""parse_warnings"": []}, {""source"": ""asna"", ""raw_mnn"": ""Амлодипин"", ""field_type"": ""explicit_mnn"", ""canonical_components"": [], ""url"": ""https://www.asna.ru/cards/amlodipin-prana_5mg_n30_tab_pranafarm.html"", ""title"": ""/cards/amlodipin-prana_5mg_n30_tab_pranafarm.html"", ""match_status"": ""rejected"", ""match_score"": -0.75, ""source_class"": ""product_card"", ""parse_warnings"": []}, {""source"": ""apteka"", ""raw_mnn"": null, ""field_type"": ""unknown"", ""canonical_components"": [], ""url"": ""https://apteka.ru/product/amlodipin-prana-10-mg-90-sht-blister-tabletki-5e327869f5a9ae0001410190/"", ""title"": ""amlodipin prana 10 mg 90 sht blister tabletki"", ""match_status"": ""ambiguous"", ""match_score"": 0.0, ""source_class"": ""search_only"", ""parse_warnings"": []}, {""source"": ""vidal"", ""raw_mnn"": ""Амлодипин"", ""field_type"": ""explicit_mnn"", ""canonical_components"": [], ""url"": ""https://www.vidal.ru/drugs/amlodipine-prana__23567"", ""title"": ""Амлодипин-Прана"", ""match_status"": ""ambiguous"", ""match_score"": 0.5, ""source_class"": ""product_card"", ""parse_warnings"": []}, {""source"": ""stolichki"", ""raw_mnn"": null, ""field_type"": ""unknown"", ""canonical_components"": [], ""url"": null, ""title"": null, ""match_status"": ""ambiguous"", ""match_score"": 0.0, ""source_class"": ""search_only"", ""parse_warnings"": []}]"
26038,АМЛОДИПИН-АЛСИ ТАБЛ. 10МГ №90 | АЛСИ ФАРМА АО | АЛСИ ФАРМА АО,drug,Амлодипин,rx,Амлодипин,strong,high,exact_normalized_text_token_start,1,1,3,,[],,resolved_input_explicit,single_source,unknown,unknown,,,false,Амлодипин,input_explicit_mnn,false,catalog_accept_removed,"[{""source"": ""asna"", ""url"": ""https://www.asna.ru/cards/amlodipin-alsi_10mg_n30_tab_alsi_farma_novyy_dizayn.html"", ""title"": ""/cards/amlodipin-alsi_10mg_n30_tab_alsi_farma_novyy_dizayn.html"", ""raw_mnn"": ""Амлодипин"", ""mnn"": ""Амлодипин"", ""raw_rx_otc"": ""rx"", ""field_type"": ""explicit_mnn"", ""source_class"": ""product_card"", ""card_fetched"": true, ""fetched_at"": ""2026-08-13T19:34:51+00:00"", ""http_status"": 0, ""parser_version"": ""mnn_source_identity_v1"", ""query"": ""Амлодипин-АЛСИ 10мг таблетки"", ""matched_brand"": null, ""matched_form"": null, ""matched_dosage"": null, ""matched_pack"": null, ""serp_match_score"": 0.4, ""error"": null, ""match_status"": ""rejected"", ""match_score"": -0.25, ""match_reasons"": [""brand_title_conflict:-0.60"", ""dose_match:+0.20"", ""form_match:+0.15""], ""match_axes"": [""dose"", ""form""], ""hard_contradiction"": true, ""matched_product_title"": ""/cards/amlodipin-alsi_10mg_n30_tab_alsi_farma_novyy_dizayn.html""}]","[{""source"": ""uteka"", ""url"": ""https://uteka.ru/product/amlodipin-alsi-172767/"", ""title"": ""Амлодипин-Алси, 10 мг, табл, 30 шт."", ""raw_mnn"": ""Амлодипин"", ""mnn"": ""Амлодипин"", ""raw_rx_otc"": ""rx"", ""field_type"": ""explicit_mnn"", ""source_class"": ""product_card"", ""card_fetched"": true, ""fetched_at"": ""2026-08-13T19:34:50+00:00"", ""http_status"": 0, ""parser_version"": ""mnn_source_identity_v1"", ""query"": ""Амлодипин-АЛСИ 10мг таблетки"", ""matched_brand"": null, ""matched_form"": ""таблетки"", ""matched_dosage"": ""10мг"", ""matched_pack"": ""30"", ""serp_match_score"": 0.95, ""error"": null, ""match_status"": ""accepted"", ""match_score"": 0.85, ""match_reasons"": [""brand_title_match:+0.50"", ""dose_match:+0.20"", ""form_match:+0.15""], ""match_axes"": [""brand_title"", ""dose"", ""form""], ""hard_contradiction"": false, ""matched_product_title"": ""Амлодипин-Алси, 10 мг, табл, 30 шт.""}]","[{""source"": ""uteka"", ""raw_mnn"": ""Амлодипин"", ""field_type"": ""explicit_mnn"", ""canonical_components"": [""Амлодипин""], ""url"": ""https://uteka.ru/product/amlodipin-alsi-172767/"", ""title"": ""Амлодипин-Алси, 10 мг, табл, 30 шт."", ""match_status"": ""accepted"", ""match_score"": 0.85, ""source_class"": ""product_card"", ""parse_warnings"": []}, {""source"": ""asna"", ""raw_mnn"": ""Амлодипин"", ""field_type"": ""explicit_mnn"", ""canonical_components"": [], ""url"": ""https://www.asna.ru/cards/amlodipin-alsi_10mg_n30_tab_alsi_farma_novyy_dizayn.html"", ""title"": ""/cards/amlodipin-alsi_10mg_n30_tab_alsi_farma_novyy_dizayn.html"", ""match_status"": ""rejected"", ""match_score"": -0.25, ""source_class"": ""product_card"", ""parse_warnings"": []}, {""source"": ""apteka"", ""raw_mnn"": null, ""field_type"": ""unknown"", ""canonical_components"": [], ""url"": ""https://apteka.ru/product/amlodipin-alsi-5-mg-60-sht-tabletki-64c8b570df189b1192e1c5b0/"", ""title"": ""amlodipin alsi 5 mg 60 sht tabletki"", ""match_status"": ""ambiguous"", ""match_score"": 0.0, ""source_class"": ""search_only"", ""parse_warnings"": []}, {""source"": ""vidal"", ""raw_mnn"": ""Амлодипин"", ""field_type"": ""explicit_mnn"", ""canonical_components"": [], ""url"": ""https://www.vidal.ru/drugs/amlodipine__23149"", ""title"": ""Амлодипин-АЛСИ"", ""match_status"": ""ambiguous"", ""match_score"": 0.5, ""source_class"": ""product_card"", ""parse_warnings"": []}, {""source"": ""stolichki"", ""raw_mnn"": null, ""field_type"": ""unknown"", ""canonical_components"": [], ""url"": null, ""title"": null, ""match_status"": ""ambiguous"", ""match_score"": 0.0, ""source_class"": ""search_only"", ""parse_warnings"": []}]"
26068,АМИНАЛОН ТАБЛ. П/О 250МГ №50 БОРИСОВСКИЙ ЗМП | БОРИСОВСКИЙ ЗАВОД МЕДИЦИНСКИХ ПРЕПАРАТОВ | БОРИСОВСКИЙ ЗАВОД МЕДИЦИНСКИХ ПРЕПАРАТОВ,drug,Гамма-аминомасляная кислота,rx,,none,none,no_known_inn_token,1,1,3,,[],,unresolved_catalog,single_source,unknown,unknown,,,false,,unresolved,true,catalog_accept_removed,"[{""source"": ""asna"", ""url"": ""https://www.asna.ru/cards/aminalon_250mg_n100_tab_pokrytye_plenochnoy_obolochkoy_borisovskiy_zmp.html"", ""title"": ""/cards/aminalon_250mg_n100_tab_pokrytye_plenochnoy_obolochkoy_borisovskiy_zmp.html"", ""raw_mnn"": ""Гамма-аминомасляная кислота"", ""mnn"": ""Гамма-аминомасляная кислота"", ""raw_rx_otc"": ""rx"", ""field_type"": ""explicit_mnn"", ""source_class"": ""product_card"", ""card_fetched"": true, ""fetched_at"": ""2026-08-13T19:35:00+00:00"", ""http_status"": 0, ""parser_version"": ""mnn_source_identity_v1"", ""query"": ""Аминалон 250 мг таблетки"", ""matched_brand"": null, ""matched_form"": null, ""matched_dosage"": null, ""matched_pack"": null, ""serp_match_score"": 0.5, ""error"": null, ""match_status"": ""rejected"", ""match_score"": -0.25, ""match_reasons"": [""brand_title_conflict:-0.60"", ""dose_match:+0.20"", ""form_match:+0.15""], ""match_axes"": [""dose"", ""form""], ""hard_contradiction"": true, ""matched_product_title"": ""/cards/aminalon_250mg_n100_tab_pokrytye_plenochnoy_obolochkoy_borisovskiy_zmp.html""}]","[{""source"": ""uteka"", ""url"": ""https://uteka.ru/product/aminalon-17384/"", ""title"": ""Аминалон, 250 мг, табл. п.п.о, 100 шт."", ""raw_mnn"": ""Гамма-аминомасляная кислота"", ""mnn"": ""Гамма-аминомасляная кислота"", ""raw_rx_otc"": ""rx"", ""field_type"": ""explicit_mnn"", ""source_class"": ""product_card"", ""card_fetched"": true, ""fetched_at"": ""2026-08-13T19:35:00+00:00"", ""http_status"": 0, ""parser_version"": ""mnn_source_identity_v1"", ""query"": ""Аминалон 250 мг таблетки"", ""matched_brand"": null, ""matched_form"": ""таблетки"", ""matched_dosage"": ""250мг"", ""matched_pack"": ""100"", ""serp_match_score"": 1.0, ""error"": null, ""match_status"": ""accepted"", ""match_score"": 0.85, ""match_reasons"": [""brand_title_match:+0.50"", ""dose_match:+0.20"", ""form_match:+0.15""], ""match_axes"": [""brand_title"", ""dose"", ""form""], ""hard_contradiction"": false, ""matched_product_title"": ""Аминалон, 250 мг, табл. п.п.о, 100 шт.""}]","[{""source"": ""uteka"", ""raw_mnn"": ""Гамма-аминомасляная кислота"", ""field_type"": ""explicit_mnn"", ""canonical_components"": [""Гамма-аминомасляная кислота""], ""url"": ""https://uteka.ru/product/aminalon-17384/"", ""title"": ""Аминалон, 250 мг, табл. п.п.о, 100 шт."", ""match_status"": ""accepted"", ""match_score"": 0.85, ""source_class"": ""product_card"", ""parse_warnings"": []}, {""source"": ""asna"", ""raw_mnn"": ""Гамма-аминомасляная кислота"", ""field_type"": ""explicit_mnn"", ""canonical_components"": [], ""url"": ""https://www.asna.ru/cards/aminalon_250mg_n100_tab_pokrytye_plenochnoy_obolochkoy_borisovskiy_zmp.html"", ""title"": ""/cards/aminalon_250mg_n100_tab_pokrytye_plenochnoy_obolochkoy_borisovskiy_zmp.html"", ""match_status"": ""rejected"", ""match_score"": -0.25, ""source_class"": ""product_card"", ""parse_warnings"": []}, {""source"": ""apteka"", ""raw_mnn"": null, ""field_type"": ""unknown"", ""canonical_components"": [], ""url"": ""https://apteka.ru/product/aminalon-250-mg-100-sht-tabletki-pokrytye-plenochnoj-obolochkoj-660e9f68ea6b20e3a9c1a997/"", ""title"": ""aminalon 250 mg 100 sht tabletki pokrytye plenochnoj obolochkoj"", ""match_status"": ""ambiguous"", ""match_score"": 0.0, ""source_class"": ""search_only"", ""parse_warnings"": []}, {""source"": ""vidal"", ""raw_mnn"": ""Гамма-аминобутировая кислота"", ""field_type"": ""explicit_mnn"", ""canonical_components"": [], ""url"": ""https://www.vidal.ru/drugs/aminalon__4325"", ""title"": ""Аминалон"", ""match_status"": ""ambiguous"", ""match_score"": 0.5, ""source_class"": ""product_card"", ""parse_warnings"": []}, {""source"": ""stolichki"", ""raw_mnn"": null, ""field_type"": ""unknown"", ""canonical_components"": [], ""url"": null, ""title"": null, ""match_status"": ""ambiguous"", ""match_score"": 0.0, ""source_class"": ""search_only"", ""parse_warnings"": []}]"
26113,АМБРОКСОЛ ТАБЛ. 30МГ №20 КАНОНФАРМА | КАНОНФАРМА ПРОДАКШН ЗАО | КАНОНФАРМА ПРОДАКШН ЗАО,drug,Амброксол,otc,Амброксол,strong,high,exact_normalized_text_token_start,0,2,3,,[],,resolved_enrichment,empty,unknown,unknown,Амброксол,ok,true,Амброксол,input_plus_enrichment,false,method_changed,"[{""source"": ""uteka"", ""url"": ""https://uteka.ru/product/mirtazapin-kanon-269326/"", ""title"": ""Миртазапин Канон, 30 мг, табл. п.п.о, 30 шт."", ""raw_mnn"": ""Миртазапин"", ""mnn"": ""Миртазапин"", ""raw_rx_otc"": ""rx"", ""field_type"": ""explicit_mnn"", ""source_class"": ""product_card"", ""card_fetched"": true, ""fetched_at"": ""2026-08-13T19:35:09+00:00"", ""http_status"": 0, ""parser_version"": ""mnn_source_identity_v1"", ""query"": ""Канонфарма 30 мг таблетки"", ""matched_brand"": null, ""matched_form"": ""таблетки"", ""matched_dosage"": ""30мг"", ""matched_pack"": ""30"", ""serp_match_score"": 0.6, ""error"": null, ""match_status"": ""rejected"", ""match_score"": 0.0, ""match_reasons"": [""strong_explicit_mnn_mismatch""], ""matched_product_title"": ""Миртазапин Канон, 30 мг, табл. п.п.о, 30 шт.""}, {""source"": ""asna"", ""url"": ""https://www.asna.ru/cards/lamotridzhin_kanon_100mg_n30_tab_kanonfarma.html"", ""title"": ""/cards/lamotridzhin_kanon_100mg_n30_tab_kanonfarma.html"", ""raw_mnn"": ""Ламотриджин"", ""mnn"": ""Ламотриджин"", ""raw_rx_otc"": ""rx"", ""field_type"": ""explicit_mnn"", ""source_class"": ""product_card"", ""card_fetched"": true, ""fetched_at"": ""2026-08-13T19:35:10+00:00"", ""http_status"": 0, ""parser_version"": ""mnn_source_identity_v1"", ""query"": ""Канонфарма 30 мг таблетки"", ""matched_brand"": null, ""matched_form"": null, ""matched_dosage"": null, ""matched_pack"": null, ""serp_match_score"": 0.5, ""error"": null, ""match_status"": ""rejected"", ""match_score"": 0.0, ""match_reasons"": [""strong_explicit_mnn_mismatch""], ""matched_product_title"": ""/cards/lamotridzhin_kanon_100mg_n30_tab_kanonfarma.html""}]",[],"[{""source"": ""uteka"", ""raw_mnn"": ""Миртазапин"", ""field_type"": ""explicit_mnn"", ""canonical_components"": [], ""url"": ""https://uteka.ru/product/mirtazapin-kanon-269326/"", ""title"": ""Миртазапин Канон, 30 мг, табл. п.п.о, 30 шт."", ""match_status"": ""rejected"", ""match_score"": 0.0, ""source_class"": ""product_card"", ""parse_warnings"": []}, {""source"": ""asna"", ""raw_mnn"": ""Ламотриджин"", ""field_type"": ""explicit_mnn"", ""canonical_components"": [], ""url"": ""https://www.asna.ru/cards/lamotridzhin_kanon_100mg_n30_tab_kanonfarma.html"", ""title"": ""/cards/lamotridzhin_kanon_100mg_n30_tab_kanonfarma.html"", ""match_status"": ""rejected"", ""match_score"": 0.0, ""source_class"": ""product_card"", ""parse_warnings"": []}, {""source"": ""apteka"", ""raw_mnn"": null, ""field_type"": ""unknown"", ""canonical_components"": [], ""url"": ""https://apteka.ru/product/ambroksol-30-mg-20-sht-tabletki-5e326dd6ca7bdc000192f84d/"", ""title"": ""ambroksol 30 mg 20 sht tabletki"", ""match_status"": ""ambiguous"", ""match_score"": 0.0, ""source_class"": ""search_only"", ""parse_warnings"": []}, {""source"": ""vidal"", ""raw_mnn"": null, ""field_type"": ""unknown"", ""canonical_components"": [], ""url"": ""https://www.vidal.ru/drugs/products"", ""title"": ""По алфавиту"", ""match_status"": ""ambiguous"", ""match_score"": 0.0, ""source_class"": ""search_only"", ""parse_warnings"": []}, {""source"": ""stolichki"", ""raw_mnn"": null, ""field_type"": ""unknown"", ""canonical_components"": [], ""url"": null, ""title"": null, ""match_status"": ""ambiguous"", ""match_score"": 0.0, ""source_class"": ""search_only"", ""parse_warnings"": []}]"
26115,АМБРОКСОЛ ТАБЛ. 30МГ №20 ВЕРТЕКС | ВЕРТЕКС АО | ВЕРТЕКС АО,drug,Амброксол,rx,Амброксол,strong,high,exact_normalized_text_token_start,0,3,2,,[],,resolved_input_explicit,empty,unknown,unknown,,,false,Амброксол,input_explicit_mnn,false,catalog_accept_removed,"[{""source"": ""uteka"", ""url"": ""https://uteka.ru/product/amlodipinvalsartan-verteks-427410/"", ""title"": ""Амлодипин+Валсартан Вертекс, 10 мг+160 мг, табл. п.п.о, 30 шт."", ""raw_mnn"": ""Амлодипин + Валсартан"", ""mnn"": ""Амлодипин + Валсартан"", ""raw_rx_otc"": ""rx"", ""field_type"": ""explicit_mnn"", ""source_class"": ""product_card"", ""card_fetched"": true, ""fetched_at"": ""2026-08-13T19:35:17+00:00"", ""http_status"": 0, ""parser_version"": ""mnn_source_identity_v1"", ""query"": ""Вертекс 30 мг таблетки"", ""matched_brand"": null, ""matched_form"": ""таблетки"", ""matched_dosage"": ""10мг"", ""matched_pack"": ""30"", ""serp_match_score"": 1.0, ""error"": null, ""match_status"": ""rejected"", ""match_score"": 0.0, ""match_reasons"": [""strong_explicit_mnn_mismatch""], ""matched_product_title"": ""Амлодипин+Валсартан Вертекс, 10 мг+160 мг, табл. п.п.о, 30 шт.""}, {""source"": ""asna"", ""url"": ""https://www.asna.ru/cards/bisoprolol_25mg_n30_tab_verteks.html"", ""title"": ""/cards/bisoprolol_25mg_n30_tab_verteks.html"", ""raw_mnn"": ""Бисопролол"", ""mnn"": ""Бисопролол"", ""raw_rx_otc"": ""rx"", ""field_type"": ""explicit_mnn"", ""source_class"": ""product_card"", ""card_fetched"": true, ""fetched_at"": ""2026-08-13T19:35:19+00:00"", ""http_status"": 0, ""parser_version"": ""mnn_source_identity_v1"", ""query"": ""Вертекс 30 мг таблетки"", ""matched_brand"": null, ""matched_form"": null, ""matched_dosage"": null, ""matched_pack"": null, ""serp_match_score"": 0.5, ""error"": null, ""match_status"": ""rejected"", ""match_score"": 0.0, ""match_reasons"": [""strong_explicit_mnn_mismatch""], ""matched_product_title"": ""/cards/bisoprolol_25mg_n30_tab_verteks.html""}, {""source"": ""vidal"", ""url"": ""https://www.vidal.ru/drugs/valsartan-verteks"", ""title"": ""Валсартан-Вертекс"", ""raw_mnn"": ""Валсартан"", ""mnn"": ""Валсартан"", ""raw_rx_otc"": ""rx"", ""field_type"": ""explicit_mnn"", ""source_class"": ""product_card"", ""card_fetched"": true, ""fetched_at"": ""2026-08-13T19:35:28+00:00"", ""http_status"": 0, ""parser_version"": ""mnn_source_identity_v1"", ""query"": ""Вертекс 30 мг таблетки"", ""matched_brand"": null, ""matched_form"": null, ""matched_dosage"": null, ""matched_pack"": null, ""serp_match_score"": 1.0, ""error"": null, ""match_status"": ""rejected"", ""match_score"": 0.0, ""match_reasons"": [""strong_explicit_mnn_mismatch""], ""matched_product_title"": ""Валсартан-Вертекс""}]",[],"[{""source"": ""uteka"", ""raw_mnn"": ""Амлодипин + Валсартан"", ""field_type"": ""explicit_mnn"", ""canonical_components"": [], ""url"": ""https://uteka.ru/product/amlodipinvalsartan-verteks-427410/"", ""title"": ""Амлодипин+Валсартан Вертекс, 10 мг+160 мг, табл. п.п.о, 30 шт."", ""match_status"": ""rejected"", ""match_score"": 0.0, ""source_class"": ""product_card"", ""parse_warnings"": []}, {""source"": ""asna"", ""raw_mnn"": ""Бисопролол"", ""field_type"": ""explicit_mnn"", ""canonical_components"": [], ""url"": ""https://www.asna.ru/cards/bisoprolol_25mg_n30_tab_verteks.html"", ""title"": ""/cards/bisoprolol_25mg_n30_tab_verteks.html"", ""match_status"": ""rejected"", ""match_score"": 0.0, ""source_class"": ""product_card"", ""parse_warnings"": []}, {""source"": ""vidal"", ""raw_mnn"": ""Валсартан"", ""field_type"": ""explicit_mnn"", ""canonical_components"": [], ""url"": ""https://www.vidal.ru/drugs/valsartan-verteks"", ""title"": ""Валсартан-Вертекс"", ""match_status"": ""rejected"", ""match_score"": 0.0, ""source_class"": ""product_card"", ""parse_warnings"": []}, {""source"": ""apteka"", ""raw_mnn"": null, ""field_type"": ""unknown"", ""canonical_components"": [], ""url"": ""https://apteka.ru/product/ambroksol-verteks-30-mg-20-sht-tabletki-6982f4ebca744596b20f7d40/"", ""title"": ""ambroksol verteks 30 mg 20 sht tabletki"", ""match_status"": ""ambiguous"", ""match_score"": 0.0, ""source_class"": ""search_only"", ""parse_warnings"": []}, {""source"": ""stolichki"", ""raw_mnn"": null, ""field_type"": ""unknown"", ""canonical_components"": [], ""url"": null, ""title"": null, ""match_status"": ""ambiguous"", ""match_score"": 0.0, ""source_class"": ""search_only"", ""parse_warnings"": []}]"
26319,"АЛТАЙ ФИТОЧАЙ КИПРЕЯ ТРАВА Ф/П 1,5Г №20 | АЛТАЙСКИЙ КЕДР ООО | АЛТАЙСКИЙ КЕДР ООО",drug,,otc,,none,none,no_known_inn_token,0,1,4,,[],,unresolved_catalog,empty,unknown,unknown,,ok,false,,unresolved,true,method_changed,"[{""source"": ""asna"", ""url"": ""https://www.asna.ru/cards/fitochay_altay_n21_pankrefit_n20_fp_altayskiy_kedr.html"", ""title"": ""/cards/fitochay_altay_n21_pankrefit_n20_fp_altayskiy_kedr.html"", ""raw_mnn"": null, ""mnn"": null, ""raw_rx_otc"": ""otc"", ""field_type"": ""unknown"", ""source_class"": ""product_card"", ""card_fetched"": true, ""fetched_at"": ""2026-08-13T19:35:31+00:00"", ""http_status"": 0, ""parser_version"": ""mnn_source_identity_v1"", ""query"": ""АЛТАЙСКИЙ КЕДР 1,5 г фильтр-пакеты"", ""matched_brand"": null, ""matched_form"": null, ""matched_dosage"": null, ""matched_pack"": null, ""serp_match_score"": 0.4, ""error"": null, ""match_status"": ""rejected"", ""match_score"": -0.6, ""match_reasons"": [""brand_title_conflict:-0.60"", ""dose_card_unknown""], ""match_axes"": [], ""hard_contradiction"": true, ""matched_product_title"": ""/cards/fitochay_altay_n21_pankrefit_n20_fp_altayskiy_kedr.html""}]",[],"[{""source"": ""asna"", ""raw_mnn"": null, ""field_type"": ""unknown"", ""canonical_components"": [], ""url"": ""https://www.asna.ru/cards/fitochay_altay_n21_pankrefit_n20_fp_altayskiy_kedr.html"", ""title"": ""/cards/fitochay_altay_n21_pankrefit_n20_fp_altayskiy_kedr.html"", ""match_status"": ""rejected"", ""match_score"": -0.6, ""source_class"": ""product_card"", ""parse_warnings"": []}, {""source"": ""uteka"", ""raw_mnn"": null, ""field_type"": ""unknown"", ""canonical_components"": [], ""url"": null, ""title"": null, ""match_status"": ""ambiguous"", ""match_score"": 0.0, ""source_class"": ""search_only"", ""parse_warnings"": []}, {""source"": ""apteka"", ""raw_mnn"": null, ""field_type"": ""unknown"", ""canonical_components"": [], ""url"": ""https://apteka.ru/product/raduga-gornogo-altaya-levzeya-nastojka-50-ml-5e326e5f65b5ab0001654143/"", ""title"": ""raduga gornogo altaya levzeya nastojka 50 ml"", ""match_status"": ""ambiguous"", ""match_score"": 0.0, ""source_class"": ""search_only"", ""parse_warnings"": []}, {""source"": ""vidal"", ""raw_mnn"": null, ""field_type"": ""unknown"", ""canonical_components"": [], ""url"": ""https://www.vidal.ru/drugs/products"", ""title"": ""По алфавиту"", ""match_status"": ""ambiguous"", ""match_score"": 0.0, ""source_class"": ""search_only"", ""parse_warnings"": []}, {""source"": ""stolichki"", ""raw_mnn"": null, ""field_type"": ""unknown"", ""canonical_components"": [], ""url"": null, ""title"": null, ""match_status"": ""ambiguous"", ""match_score"": 0.0, ""source_class"": ""search_only"", ""parse_warnings"": []}]"
27128,АГОМЕЛАТИН ТАБЛ. П/ПЛЕН/ОБ. 25МГ №28 | ОЗОН ООО | ОЗОН ООО,drug,Агомелатин,rx,,none,none,no_known_inn_token,1,0,4,,[],,resolved_enrichment,single_source,unknown,unknown,Агомелатин,ok,true,Агомелатин,enrichment,false,unchanged,[],"[{""source"": ""uteka"", ""url"": ""https://uteka.ru/product/agomelatin-384999/"", ""title"": ""Агомелатин, 25 мг, табл. п.п.о, 28 шт."", ""raw_mnn"": ""Агомелатин"", ""mnn"": ""Агомелатин"", ""raw_rx_otc"": ""rx"", ""field_type"": ""explicit_mnn"", ""source_class"": ""product_card"", ""card_fetched"": true, ""fetched_at"": ""2026-08-13T19:35:37+00:00"", ""http_status"": 0, ""parser_version"": ""mnn_source_identity_v1"", ""query"": ""АГОМЕЛАТИН 25 мг таблетки"", ""matched_brand"": null, ""matched_form"": ""таблетки"", ""matched_dosage"": ""25мг"", ""matched_pack"": ""28"", ""serp_match_score"": 0.85, ""error"": null, ""match_status"": ""accepted"", ""match_score"": 0.85, ""match_reasons"": [""brand_title_match:+0.50"", ""dose_match:+0.20"", ""form_match:+0.15""], ""match_axes"": [""brand_title"", ""dose"", ""form""], ""hard_contradiction"": false, ""matched_product_title"": ""Агомелатин, 25 мг, табл. п.п.о, 28 шт.""}]","[{""source"": ""uteka"", ""raw_mnn"": ""Агомелатин"", ""field_type"": ""explicit_mnn"", ""canonical_components"": [""Агомелатин""], ""url"": ""https://uteka.ru/product/agomelatin-384999/"", ""title"": ""Агомелатин, 25 мг, табл. п.п.о, 28 шт."", ""match_status"": ""accepted"", ""match_score"": 0.85, ""source_class"": ""product_card"", ""parse_warnings"": []}, {""source"": ""apteka"", ""raw_mnn"": null, ""field_type"": ""unknown"", ""canonical_components"": [], ""url"": ""https://apteka.ru/product/agomelatin-25-mg-28-sht-tabletki-pokrytye-plenochnoj-obolochkoj-6923e523256626880782ab5d/"", ""title"": ""agomelatin 25 mg 28 sht tabletki pokrytye plenochnoj obolochkoj"", ""match_status"": ""ambiguous"", ""match_score"": 0.0, ""source_class"": ""search_only"", ""parse_warnings"": []}, {""source"": ""asna"", ""raw_mnn"": null, ""field_type"": ""unknown"", ""canonical_components"": [], ""url"": ""https://www.asna.ru/cards/agomelatin_25mg_n28_tab_pokrytye_plenochnoy_obolochkoy_ozon_ooo.html"", ""title"": ""/cards/agomelatin_25mg_n28_tab_pokrytye_plenochnoy_obolochkoy_ozon_ooo.html"", ""match_status"": ""ambiguous"", ""match_score"": 0.0, ""source_class"": ""search_only"", ""parse_warnings"": []}, {""source"": ""vidal"", ""raw_mnn"": null, ""field_type"": ""unknown"", ""canonical_components"": [], ""url"": ""https://www.vidal.ru/drugs/products"", ""title"": ""По алфавиту"", ""match_status"": ""ambiguous"", ""match_score"": 0.0, ""source_class"": ""search_only"", ""parse_warnings"": []}, {""source"": ""stolichki"", ""raw_mnn"": null, ""field_type"": ""unknown"", ""canonical_components"": [], ""url"": null, ""title"": null, ""match_status"": ""ambiguous"", ""match_score"": 0.0, ""source_class"": ""search_only"", ""parse_warnings"": []}]"
