product_id,run_id_source,normalized_text,product_kind,attr_mnn,attr_rx_otc,mnn_uteka,rx_uteka,mnn_asna,rx_asna,mnn_apteka,rx_apteka,mnn_vidal,rx_vidal,source_canonical_json,component_stats_json,resolved_mnn,resolved_mnn_components,mnn_resolution_status,resolution_reason,resolved_rx_otc,resolved_age_segment,needs_mnn_enrichment,enrichment_called,mnn_enrichment_status,mnn_enriched,rx_otc_enriched,age_enriched,final_candidate_mnn,needs_human_review,evidence_urls,enrichment_retried,enrichment_retry_query
19,331,АСКОРУТИН 50мг+50мг N50 таб. Фармцентр вилар АО | Фармцентр Вилар АО | Фармцентр Вилар АО | N50,drug,,otc,,,Аскорбиновая кислота+Рутозид,otc,"Аскорбиновая кислота, Рутозид",,Аскорбиновая кислота,otc,"[{""source"": ""apteka"", ""raw_mnn"": ""Аскорбиновая кислота, Рутозид"", ""field_type"": ""explicit_mnn"", ""canonical_components"": [""Аскорбиновая кислота"", ""Рутозид""], ""url"": null, ""parse_warnings"": []}, {""source"": ""asna"", ""raw_mnn"": ""Аскорбиновая кислота+Рутозид"", ""field_type"": ""explicit_mnn"", ""canonical_components"": [""Аскорбиновая кислота"", ""Рутозид""], ""url"": null, ""parse_warnings"": []}, {""source"": ""vidal"", ""raw_mnn"": ""Аскорбиновая кислота"", ""field_type"": ""explicit_mnn"", ""canonical_components"": [""Аскорбиновая кислота""], ""url"": null, ""parse_warnings"": []}]","[{""component"": ""Аскорбиновая кислота"", ""source_count"": 3, ""sources"": [""apteka"", ""asna"", ""vidal""]}, {""component"": ""Рутозид"", ""source_count"": 2, ""sources"": [""apteka"", ""asna""]}]","Аскорбиновая кислота, Рутозид","Аскорбиновая кислота, Рутозид",resolved_catalog,consensus,otc,unknown,False,False,,,unknown,unknown,"Аскорбиновая кислота, Рутозид",False,,,
41,332,"БИФРАДУАЛ 0,25мг/мл + 0,5мг/мл 20мл р-р д/ингаляций ЮжФарм ООО | ЮжФарм ООО | ЮжФарм ООО",drug,,rx,,,Ипратропия бромид + Фенотерол,rx,"Фенотерол, Ипратропия бромид",rx,Фенотерол,rx,"[{""source"": ""apteka"", ""raw_mnn"": ""Фенотерол, Ипратропия бромид"", ""field_type"": ""explicit_mnn"", ""canonical_components"": [""Фенотерол"", ""Ипратропия бромид""], ""url"": null, ""parse_warnings"": []}, {""source"": ""asna"", ""raw_mnn"": ""Ипратропия бромид + Фенотерол"", ""field_type"": ""explicit_mnn"", ""canonical_components"": [""Ипратропия бромид"", ""Фенотерол""], ""url"": null, ""parse_warnings"": []}, {""source"": ""vidal"", ""raw_mnn"": ""Фенотерол"", ""field_type"": ""explicit_mnn"", ""canonical_components"": [""Фенотерол""], ""url"": null, ""parse_warnings"": []}]","[{""component"": ""Фенотерол"", ""source_count"": 3, ""sources"": [""apteka"", ""asna"", ""vidal""]}, {""component"": ""Ипратропия бромид"", ""source_count"": 2, ""sources"": [""apteka"", ""asna""]}]","Фенотерол, Ипратропия бромид","Фенотерол, Ипратропия бромид",resolved_catalog,consensus,rx,unknown,False,False,,,unknown,unknown,"Фенотерол, Ипратропия бромид",False,,,
46,332,КОЛИСТИН 80мг (1000000 ЕД) N28 порошок д/приготовления р-ра д/ингаляций Кселлия Фармасьютикалс АпС | Кселлия фармасьютикалс АпС | Кселлия фармасьютикалс АпС | N28,drug,Колистин,rx,,,,,Колистиметат натрия,rx,,,"[{""source"": ""apteka"", ""raw_mnn"": ""Колистиметат натрия"", ""field_type"": ""explicit_mnn"", ""canonical_components"": [""Колистиметат натрия""], ""url"": null, ""parse_warnings"": []}]",[],,,unresolved_catalog,single_source,unknown,unknown,True,True,ok,Колистиметат натрия,rx,универсальный,Колистиметат натрия,False,https://www.rlsnet.ru/drugs/kolistin-31325 | https://aptekamos.ru/tovary/lekarstva/kolistimetat-natriya-10511/kolimetat-poroshok-1000000ed-104529/instrukciya | https://www.vidal.ru/drugs/molecule/268 | https://megapteka.ru/specials/guide_kolistin-instrukciya-po-5211 | https://aptekamos.ru/tovary/lekarstva/kolistimetat-natriya-10511/kolistimetat-natriya-liofilizat-2000000ed-160mg-110822/instrukciya | https://www.rlsnet.ru/drugs/kolistin-31325 | https://medi.ru/instrukciya/kolistin_25603/ | https://www.vidal.ru/drugs/colistin__13358 | https://www.rlsnet.ru/drugs/kolistin-31325 | https://megapteka.ru/specials/guide_kolistin-instrukciya-po-5211 | https://health.mail.ru/drug/colistin/ | https://www.webapteka.ru/drugbase/name19169_desc4328.html | https://wer.ru/opisanie/kolistin/ | https://www.eapteka.ru/goods/drugs/antibacterial/antibiotic/kolistin_gryunental/ | https://zdravcity.ru/p_kolistin-por-d-prig-r-ra-d-ing-80-mg-1000000-ed-fl-n28-0157289.html | https://zdravcity.ru/p_kolistin-por-d-prig-r-ra-d-ing-80-mg-1000000-ed-fl-n28-0109992.html,,
55,332,"БИСОМОР 2,5мг N30 таб. покрытые пленочной оболочкой Эдж Фарма Прайвет | Эдж Фарма Прайвет Лимитед | Эдж Фарма Прайвет Лимитед | N30",drug,,рецептурный,Бисопролол,rx,Бисопролол,rx,Бисопролол,rx,Бисопролол,rx,"[{""source"": ""uteka"", ""raw_mnn"": ""Бисопролол"", ""field_type"": ""explicit_mnn"", ""canonical_components"": [""Бисопролол""], ""url"": null, ""parse_warnings"": []}, {""source"": ""apteka"", ""raw_mnn"": ""Бисопролол"", ""field_type"": ""explicit_mnn"", ""canonical_components"": [""Бисопролол""], ""url"": null, ""parse_warnings"": []}, {""source"": ""asna"", ""raw_mnn"": ""Бисопролол"", ""field_type"": ""explicit_mnn"", ""canonical_components"": [""Бисопролол""], ""url"": null, ""parse_warnings"": []}, {""source"": ""vidal"", ""raw_mnn"": ""Бисопролол"", ""field_type"": ""explicit_mnn"", ""canonical_components"": [""Бисопролол""], ""url"": null, ""parse_warnings"": []}]","[{""component"": ""Бисопролол"", ""source_count"": 4, ""sources"": [""uteka"", ""apteka"", ""asna"", ""vidal""]}]",Бисопролол,Бисопролол,resolved_catalog,consensus,rx,unknown,False,False,,,unknown,unknown,Бисопролол,False,,,
67,333,ДИКЛОФАРМ 25мг/мл 3мл N5 р-р для в/м введения ВетПром АД | ВетПром АД | ВетПром АД | N5,drug,,rx,Диклофенак,rx,Диклофенак,otc,Диклофенак,rx,Диклофенак,otc,"[{""source"": ""uteka"", ""raw_mnn"": ""Диклофенак"", ""field_type"": ""explicit_mnn"", ""canonical_components"": [""Диклофенак""], ""url"": null, ""parse_warnings"": []}, {""source"": ""apteka"", ""raw_mnn"": ""Диклофенак"", ""field_type"": ""explicit_mnn"", ""canonical_components"": [""Диклофенак""], ""url"": null, ""parse_warnings"": []}, {""source"": ""asna"", ""raw_mnn"": ""Диклофенак"", ""field_type"": ""explicit_mnn"", ""canonical_components"": [""Диклофенак""], ""url"": null, ""parse_warnings"": []}, {""source"": ""vidal"", ""raw_mnn"": ""Диклофенак"", ""field_type"": ""explicit_mnn"", ""canonical_components"": [""Диклофенак""], ""url"": null, ""parse_warnings"": []}]","[{""component"": ""Диклофенак"", ""source_count"": 4, ""sources"": [""uteka"", ""apteka"", ""asna"", ""vidal""]}]",Диклофенак,Диклофенак,resolved_catalog,consensus,unknown,unknown,False,False,,,unknown,unknown,Диклофенак,False,,,
91,334,ТИГАЦИЛ 50мг N10 лиофилизат д/приготовления р-ра д/инфузий Wyeth Lederle S.p.A | Wyeth lederle Spa | Wyeth lederle Spa | N10,drug,,рецептурный,Тигециклин,rx,,,,,Тигециклин,rx,"[{""source"": ""uteka"", ""raw_mnn"": ""Тигециклин"", ""field_type"": ""explicit_mnn"", ""canonical_components"": [""Тигециклин""], ""url"": null, ""parse_warnings"": []}, {""source"": ""vidal"", ""raw_mnn"": ""Тигециклин"", ""field_type"": ""explicit_mnn"", ""canonical_components"": [""Тигециклин""], ""url"": null, ""parse_warnings"": []}]","[{""component"": ""Тигециклин"", ""source_count"": 2, ""sources"": [""uteka"", ""vidal""]}]",Тигециклин,Тигециклин,resolved_catalog,consensus,rx,unknown,False,False,,,unknown,unknown,Тигециклин,False,,,
145,334,"МЕКСИКОР 50мг/мл 5мл N20 р-р для в/в и в/м введения ГосЗМП, ФГУП | Госзмп ФГУП | Госзмп ФГУП | N20",drug,,рецептурный,Этилметилгидроксипиридина сукцинат,rx,Этилметилгидроксипиридина сукцинат,rx,,,Этилметилгидроксипиридина сукцинат,rx,"[{""source"": ""uteka"", ""raw_mnn"": ""Этилметилгидроксипиридина сукцинат"", ""field_type"": ""explicit_mnn"", ""canonical_components"": [""Этилметилгидроксипиридина сукцинат""], ""url"": null, ""parse_warnings"": []}, {""source"": ""asna"", ""raw_mnn"": ""Этилметилгидроксипиридина сукцинат"", ""field_type"": ""explicit_mnn"", ""canonical_components"": [""Этилметилгидроксипиридина сукцинат""], ""url"": null, ""parse_warnings"": []}, {""source"": ""vidal"", ""raw_mnn"": ""Этилметилгидроксипиридина сукцинат"", ""field_type"": ""explicit_mnn"", ""canonical_components"": [""Этилметилгидроксипиридина сукцинат""], ""url"": null, ""parse_warnings"": []}]","[{""component"": ""Этилметилгидроксипиридина сукцинат"", ""source_count"": 3, ""sources"": [""uteka"", ""asna"", ""vidal""]}]",Этилметилгидроксипиридина сукцинат,Этилметилгидроксипиридина сукцинат,resolved_catalog,consensus,rx,unknown,False,False,,,unknown,unknown,Этилметилгидроксипиридина сукцинат,False,,,
310,334,ЮНИДОКС СОЛЮТАБ ТАБЛ. ДИСПЕРГ. 100МГ №20 | ЗИО-ЗДОРОВЬЕ ЗАО | ЗИО-ЗДОРОВЬЕ ЗАО,drug,,rx,Доксициклин,rx,Доксициклин,rx,Доксициклин,rx,Доксициклин,rx,"[{""source"": ""uteka"", ""raw_mnn"": ""Доксициклин"", ""field_type"": ""explicit_mnn"", ""canonical_components"": [""Доксициклин""], ""url"": null, ""parse_warnings"": []}, {""source"": ""apteka"", ""raw_mnn"": ""Доксициклин"", ""field_type"": ""explicit_mnn"", ""canonical_components"": [""Доксициклин""], ""url"": null, ""parse_warnings"": []}, {""source"": ""asna"", ""raw_mnn"": ""Доксициклин"", ""field_type"": ""explicit_mnn"", ""canonical_components"": [""Доксициклин""], ""url"": null, ""parse_warnings"": []}, {""source"": ""vidal"", ""raw_mnn"": ""Доксициклин"", ""field_type"": ""explicit_mnn"", ""canonical_components"": [""Доксициклин""], ""url"": null, ""parse_warnings"": []}]","[{""component"": ""Доксициклин"", ""source_count"": 4, ""sources"": [""uteka"", ""apteka"", ""asna"", ""vidal""]}]",Доксициклин,Доксициклин,resolved_catalog,consensus,rx,unknown,False,False,,,unknown,unknown,Доксициклин,False,,,
358,334,ЭФФЕРАЛГАН ТАБЛ. ШИПУЧ. 500МГ №16 | УПСА САС | УПСА САС,drug,,otc,Парацетамол,otc,Парацетамол,otc,Парацетамол,,Парацетамол,otc,"[{""source"": ""uteka"", ""raw_mnn"": ""Парацетамол"", ""field_type"": ""explicit_mnn"", ""canonical_components"": [""Парацетамол""], ""url"": null, ""parse_warnings"": []}, {""source"": ""apteka"", ""raw_mnn"": ""Парацетамол"", ""field_type"": ""explicit_mnn"", ""canonical_components"": [""Парацетамол""], ""url"": null, ""parse_warnings"": []}, {""source"": ""asna"", ""raw_mnn"": ""Парацетамол"", ""field_type"": ""explicit_mnn"", ""canonical_components"": [""Парацетамол""], ""url"": null, ""parse_warnings"": []}, {""source"": ""vidal"", ""raw_mnn"": ""Парацетамол"", ""field_type"": ""explicit_mnn"", ""canonical_components"": [""Парацетамол""], ""url"": null, ""parse_warnings"": []}]","[{""component"": ""Парацетамол"", ""source_count"": 4, ""sources"": [""uteka"", ""apteka"", ""asna"", ""vidal""]}]",Парацетамол,Парацетамол,resolved_catalog,consensus,otc,unknown,False,False,,,unknown,unknown,Парацетамол,False,,,
459,334,ЭТОРЕЛЕКС ТАБЛ. П/ПЛЕН/ОБ. 90МГ №28 | ФАРМАСИНТЕЗ АО | ФАРМАСИНТЕЗ АО,drug,,rx,Эторикоксиб,rx,Эторикоксиб,rx,Эторикоксиб,rx,Эторикоксиб,rx,"[{""source"": ""uteka"", ""raw_mnn"": ""Эторикоксиб"", ""field_type"": ""explicit_mnn"", ""canonical_components"": [""Эторикоксиб""], ""url"": null, ""parse_warnings"": []}, {""source"": ""apteka"", ""raw_mnn"": ""Эторикоксиб"", ""field_type"": ""explicit_mnn"", ""canonical_components"": [""Эторикоксиб""], ""url"": null, ""parse_warnings"": []}, {""source"": ""asna"", ""raw_mnn"": ""Эторикоксиб"", ""field_type"": ""explicit_mnn"", ""canonical_components"": [""Эторикоксиб""], ""url"": null, ""parse_warnings"": []}, {""source"": ""vidal"", ""raw_mnn"": ""Эторикоксиб"", ""field_type"": ""explicit_mnn"", ""canonical_components"": [""Эторикоксиб""], ""url"": null, ""parse_warnings"": []}]","[{""component"": ""Эторикоксиб"", ""source_count"": 4, ""sources"": [""uteka"", ""apteka"", ""asna"", ""vidal""]}]",Эторикоксиб,Эторикоксиб,resolved_catalog,consensus,rx,unknown,False,False,,,unknown,unknown,Эторикоксиб,False,,,
711,335,ЭНАП ТАБЛ. 5МГ №20 | КРКА-РУС ООО | КРКА-РУС ООО,drug,,rx,Эналаприл,rx,Эналаприл,rx,Эналаприл,rx,Эналаприл,rx,"[{""source"": ""uteka"", ""raw_mnn"": ""Эналаприл"", ""field_type"": ""explicit_mnn"", ""canonical_components"": [""Эналаприл""], ""url"": null, ""parse_warnings"": []}, {""source"": ""apteka"", ""raw_mnn"": ""Эналаприл"", ""field_type"": ""explicit_mnn"", ""canonical_components"": [""Эналаприл""], ""url"": null, ""parse_warnings"": []}, {""source"": ""asna"", ""raw_mnn"": ""Эналаприл"", ""field_type"": ""explicit_mnn"", ""canonical_components"": [""Эналаприл""], ""url"": null, ""parse_warnings"": []}, {""source"": ""vidal"", ""raw_mnn"": ""Эналаприл"", ""field_type"": ""explicit_mnn"", ""canonical_components"": [""Эналаприл""], ""url"": null, ""parse_warnings"": []}]","[{""component"": ""Эналаприл"", ""source_count"": 4, ""sources"": [""uteka"", ""apteka"", ""asna"", ""vidal""]}]",Эналаприл,Эналаприл,resolved_catalog,consensus,rx,unknown,False,False,,,unknown,unknown,Эналаприл,False,,,
780,335,ЭМСИБЕЛ Р-Р Д/ИН. 10МГ/МЛ АМП. 1МЛ №10 | БЕЛМЕДПРЕПАРАТЫ РУП | БЕЛМЕДПРЕПАРАТЫ РУП,drug,,rx,Метилэтилпиридинол,rx,Метилэтилпиридинол,rx,Метилэтилпиридинол,rx,Метилэтилпиридинол,rx,"[{""source"": ""uteka"", ""raw_mnn"": ""Метилэтилпиридинол"", ""field_type"": ""explicit_mnn"", ""canonical_components"": [""Метилэтилпиридинол""], ""url"": null, ""parse_warnings"": []}, {""source"": ""apteka"", ""raw_mnn"": ""Метилэтилпиридинол"", ""field_type"": ""explicit_mnn"", ""canonical_components"": [""Метилэтилпиридинол""], ""url"": null, ""parse_warnings"": []}, {""source"": ""asna"", ""raw_mnn"": ""Метилэтилпиридинол"", ""field_type"": ""explicit_mnn"", ""canonical_components"": [""Метилэтилпиридинол""], ""url"": null, ""parse_warnings"": []}, {""source"": ""vidal"", ""raw_mnn"": ""Метилэтилпиридинол"", ""field_type"": ""explicit_mnn"", ""canonical_components"": [""Метилэтилпиридинол""], ""url"": null, ""parse_warnings"": []}]","[{""component"": ""Метилэтилпиридинол"", ""source_count"": 4, ""sources"": [""uteka"", ""apteka"", ""asna"", ""vidal""]}]",Метилэтилпиридинол,Метилэтилпиридинол,resolved_catalog,consensus,rx,unknown,False,False,,,unknown,unknown,Метилэтилпиридинол,False,,,
905,335,ЭЛИДЕЛ КРЕМ Д/НАРУЖ. ПРИМ. 1% ТУБА 15Г | МЕДА МАНУФАКЧУРИНГ | МЕДА МАНУФАКЧУРИНГ,drug,,рецептурный,Пимекролимус,rx,Пимекролимус,rx,Пимекролимус,rx,Пимекролимус,rx,"[{""source"": ""uteka"", ""raw_mnn"": ""Пимекролимус"", ""field_type"": ""explicit_mnn"", ""canonical_components"": [""Пимекролимус""], ""url"": null, ""parse_warnings"": []}, {""source"": ""apteka"", ""raw_mnn"": ""Пимекролимус"", ""field_type"": ""explicit_mnn"", ""canonical_components"": [""Пимекролимус""], ""url"": null, ""parse_warnings"": []}, {""source"": ""asna"", ""raw_mnn"": ""Пимекролимус"", ""field_type"": ""explicit_mnn"", ""canonical_components"": [""Пимекролимус""], ""url"": null, ""parse_warnings"": []}, {""source"": ""vidal"", ""raw_mnn"": ""Пимекролимус"", ""field_type"": ""explicit_mnn"", ""canonical_components"": [""Пимекролимус""], ""url"": null, ""parse_warnings"": []}]","[{""component"": ""Пимекролимус"", ""source_count"": 4, ""sources"": [""uteka"", ""apteka"", ""asna"", ""vidal""]}]",Пимекролимус,Пимекролимус,resolved_catalog,consensus,rx,unknown,False,False,,,unknown,unknown,Пимекролимус,False,,,
988,335,ЭКОФУЦИН СУПП. ВАГ. 100МГ №3 | ///АВВА РУС АО | ///АВВА РУС АО,drug,,otc,Натамицин,otc,,,,,Натамицин,otc,"[{""source"": ""uteka"", ""raw_mnn"": ""Натамицин"", ""field_type"": ""explicit_mnn"", ""canonical_components"": [""Натамицин""], ""url"": null, ""parse_warnings"": []}, {""source"": ""vidal"", ""raw_mnn"": ""Натамицин"", ""field_type"": ""explicit_mnn"", ""canonical_components"": [""Натамицин""], ""url"": null, ""parse_warnings"": []}]","[{""component"": ""Натамицин"", ""source_count"": 2, ""sources"": [""uteka"", ""vidal""]}]",Натамицин,Натамицин,resolved_catalog,consensus,otc,unknown,False,False,,,unknown,unknown,Натамицин,False,,,
1114,335,ЭЙФА АЦ ГРАН. Д/Р-РА Д/ПРИЕМА ВНУТРЬ 200МГ ПАК-САШЕ №20 | ОБНОВЛЕНИЕ ПФК АО | ОБНОВЛЕНИЕ ПФК АО,drug,,otc,Ацетилцистеин,otc,,,,,Ацетилцистеин,otc,"[{""source"": ""uteka"", ""raw_mnn"": ""Ацетилцистеин"", ""field_type"": ""explicit_mnn"", ""canonical_components"": [""Ацетилцистеин""], ""url"": null, ""parse_warnings"": []}, {""source"": ""vidal"", ""raw_mnn"": ""Ацетилцистеин"", ""field_type"": ""explicit_mnn"", ""canonical_components"": [""Ацетилцистеин""], ""url"": null, ""parse_warnings"": []}]","[{""component"": ""Ацетилцистеин"", ""source_count"": 2, ""sources"": [""uteka"", ""vidal""]}]",Ацетилцистеин,Ацетилцистеин,resolved_catalog,consensus,otc,unknown,False,False,,,unknown,unknown,Ацетилцистеин,False,,,
1256,336,ЭВАМЕНОЛ НАЗО КАПЛИ НАЗ. 1%+3% ФЛ-КАП. 12МЛ | МОСКОВСКАЯ ФФ | МОСКОВСКАЯ ФФ,drug,,otc,,,Левоментол+Фенилсалицилат,otc,"Фенилсалицилат, Левоментол",,Levomenthol,otc,"[{""source"": ""apteka"", ""raw_mnn"": ""Фенилсалицилат, Левоментол"", ""field_type"": ""explicit_mnn"", ""canonical_components"": [""Фенилсалицилат"", ""Левоментол""], ""url"": null, ""parse_warnings"": []}, {""source"": ""asna"", ""raw_mnn"": ""Левоментол+Фенилсалицилат"", ""field_type"": ""explicit_mnn"", ""canonical_components"": [""Левоментол"", ""Фенилсалицилат""], ""url"": null, ""parse_warnings"": []}, {""source"": ""vidal"", ""raw_mnn"": ""Levomenthol"", ""field_type"": ""explicit_mnn"", ""canonical_components"": [""Левоментол""], ""url"": null, ""parse_warnings"": []}]","[{""component"": ""Левоментол"", ""source_count"": 3, ""sources"": [""apteka"", ""asna"", ""vidal""]}, {""component"": ""Фенилсалицилат"", ""source_count"": 2, ""sources"": [""apteka"", ""asna""]}]","Левоментол, Фенилсалицилат","Левоментол, Фенилсалицилат",resolved_catalog,consensus,otc,unknown,False,False,,,unknown,unknown,"Левоментол, Фенилсалицилат",False,,,
1347,336,ШПРИЦ ОДНОРАЗ. 3-Х КОМП. 20МЛ LUER-SLIP ИГЛА ПРИЛОЖ. 21G №1 VM | VOGT MEDICAL | VOGT MEDICAL | 21 G,drug,,,,,,,,,,,[],[],,,unresolved_catalog,empty,unknown,unknown,True,True,ok,,unknown,универсальный,,True,https://www.rlsnet.ru/drugs/tresiba-flekstac-55302 | https://medi.ru/instrukciya/tezspire-shpric_27951/ | https://www.vidal.ru/drugs/tirzetta | https://www.msdmed.ru/instruction/instrukcziya-po-mediczinskomu-primeneniyu-lekarstvennogo-preparata-gardasil/ | https://medi.ru/instrukciya/ringluzin-shpric-ruchka_28487/ | https://www.rlsnet.ru/drugs/paracetamol-920 | https://gorzdrav.org/p/shpric-inekcionnyj-3ml-3kh-komp-1-58834/ | https://kovrov.aptechestvo.ru/catalog/tirzetta_rastvor_dlya_podkozhnogo_vvedeniya_15_mg_shpritsy_v_avtoinzhektorakh_0_5ml_4_sht/ | https://zdravcity.ru/p_semavik-rastvor-dlja-p-k-vved-shpric-ruchka-0-25mg-0-5mg-1mg-doza-3ml-igla-odnorazovaja-4sht-0205224.html | https://docs.nevacert.ru/files/med_reestr_v2/28023_instruction.pdf | https://abbottpro.ru/preparation/?direction%5B%5D=620888&direction%5B%5D=262337&direction%5B%5D=262340&direction%5B%5D=262339 | https://zdravcity.ru/p_hiallong-tendon-rastvor-dlja-vnutrisustavnogo-i-okolosuhozhilnogo-vved-shpric-3ml-0255767/r_pskov/ | https://narcorehab.com/articles/piralgin/ | https://asevalar.ru/catalog/izdeliya_meditsinskogo_naznacheniya/shpritsy_igly_sistemy_dlya_perelivaniya/96597_shprits_3_kh_komponentnyy_3_ml_10_sht/ | https://garant25.ru/%D1%80%D0%B5%D0%BA%D0%BE%D0%BC%D0%B5%D0%BD%D0%B4%D0%B0%D1%86%D0%B8%D0%B8-%D0%B4%D0%BB%D1%8F-%D1%81%D0%BF%D0%B5%D1%86%D0%B8%D0%B0%D0%BB%D0%B8%D1%81%D1%82%D0%BE%D0%B2-%D0%B2-%D0%BE%D0%B1%D0%BB%D0%B0-2/ | https://medams.ru/shpricy-trehkomponentnye-odnorazovy,,
1379,336,"ШПРИЦ ИНСУЛИН. МИКРО-ФАЙН ПЛЮС U-100 3-Х КОМП. 0,5МЛ ИГЛА 29G №10 | БЕКТОН ДИКИНСОН | БЕКТОН ДИКИНСОН | 29 G",drug,,,,,,,,,,,[],[],,,unresolved_catalog,empty,unknown,unknown,True,True,ok,,unknown,универсальный,,True,https://www.rlsnet.ru/drugs/tudzeo-solostar-76722 | https://medi.ru/instrukciya/soliqua-solostar_14853/ | https://pureportal.spbu.ru/files/113398400/_HIT_2023_2023_1_.pdf | https://irkgmu.ru/src/downloads/e1bf6db0_ddtp2024_sbornik_materialov.pdf | https://cs.tpu.ru/upload/constructor/41a/rrkjzycxsnceavw8iztfrvbb7huj30en.pdf | https://irkgmu.ru/src/downloads/e1bf6db0_ddtp2024_sbornik_materialov.pdf | https://pureportal.spbu.ru/files/104177312/_2_2021_.pdf | https://elar.ssmu.ru/bitstream/20.500.12701/3817/1/tut_ssmu-2023-40.pdf | https://chelovekilekarstvo.ru/wp-content/uploads/2025/04/e-tesisi_chil_2025.pdf | https://www.researchgate.net/publication/374951711_IV_XALQARO_ILMIY-AMALIY_ANJUMANI_MATERIALLARI | https://kpfu.ru/staff_files/F881758943/Sbornik_tezisov_po_itogam_raboty_XIV_Mezhdunarodnoy_nauchno__prakticheskoy_konferentsii_molodykh_uchenykh_medikov.pdf | https://farmani.ru/catalog/shprits_0_5ml_bd_inc_u_100_mikro_fayn_plyus_s_igl_29g_0_33kh12_7mm_10_bekton_dikinson_ispaniya/ | https://voronezh.rigla.ru/product/bekton-dikinson-shprits-mikro-fayn-plyus-insulinovyy-u-100-05ml-030kh8mm-30g-no10-51609 | https://planetazdorovo.ru/catalog/izdeliya-meditsinskogo-naznacheniya/shpritsy-igly-sistemy/-423/bd-micro-fine-shpric-24140/ | https://ozerki.ru/sankt-peterburg/catalog/product/igly_mikro_fayn_plyus_d_shprits_ruchki_32g_0_23_4mm_n100/ | https://medams.ru/shpric_becton_dickinson,,
1384,336,ШПРИЦ ИНСУЛИН. U-40 ОДНОРАЗ. 3-Х КОМП. 1МЛ ИГЛА 26G №1 SFM | СФМ ГОСПИТАЛ ПРОДАКТС ГМБХ | СФМ ГОСПИТАЛ ПРОДАКТС ГМБХ | 26 G,drug,,,,,,otc,,,,,"[{""source"": ""asna"", ""raw_mnn"": null, ""field_type"": ""unknown"", ""canonical_components"": [], ""url"": null, ""parse_warnings"": []}]",[],,,unresolved_catalog,empty,unknown,unknown,True,True,ok,,unknown,универсальный,,True,https://normativ.kontur.ru/document?moduleId=8&documentId=445373 | https://www.pharmpharm.ru/jour/article/download/1838/1185 | https://www.sogma.ru/?page%5Bcommon%5D=download&path=0&filename=da8a4b2da1c569f1732831304e46ea5a&cleanname=metodicheskie-materialy-pk-klinicheskaya-farmakologiya&ext=pdf | https://sogma.ru/?page%5Bcommon%5D=download&path=0&filename=7d2bff48edc7016ff81567866859711d&cleanname=metodicheskie-ukazaniya-dlya-vypolneniya-samostoyatelnoj-vneauditornoj-raboty-farmakologiya-kliniche&ext=pdf | https://www.komus.ru/katalog/otraslevye-predlozheniya/meditsina/inektsionnye-sredstva/shpritsy-meditsinskie/shpritsy-insulinovye/shprits-insulinovyj-sfm-1-ml-u-40-26g-0-45x12-mm-100-shtuk-v-upakovke-/p/708029/ | https://sterilno.com/catalog/insulinovyi-shpric-inzhektu-40.html | https://planetazdorovo.ru/catalog/izdeliya-meditsinskogo-naznacheniya/shpritsy-igly-sistemy/-423/shpric-1ml-sfm-u40-s-integr-igl-8059911/ | https://vk.ru/wall-142341134_614038 | https://medams.ru/shpricy-trehkomponentnye-odnorazovy | https://polza.ru/product/shprits-insulinovyy/ | https://kirova47.ru/texnika-inekcij-i-sredstva-vvedeniya-insulina/ | https://market.yandex.ru/category/shpritsy-insulinovyye-u-40 | https://www.ozon.ru/category/shpritsy-insulinovye-u40/ | https://market.yandex.ru/category/shpritsy-insulinovyye-1-ml-u-40 | https://www.ozon.ru/category/shprits-insulinovyy-u40/ | https://apteka.ru/product/shpricz-insulinovyj-inzhekt-40-duo-1-ml-u-40-s-igloj-100-sht-5eb2abe51380630001ee6572/,,
1402,336,ШПРИЦ ИНЕКТА ИНСУЛИН. ОДНОРАЗ. 3-КОМП. 1МЛ ИГЛА 26G №1 | БЕЙДЖИНГ ФОРНЁРС МЕДИКАЛ ЭКВИПМЕНТ КО. | БЕЙДЖИНГ ФОРНЁРС МЕДИКАЛ ЭКВИПМЕНТ КО. | 26 G,drug,,,,,,,,,,,[],[],,,unresolved_catalog,empty,unknown,unknown,True,True,ok,,unknown,универсальный,,True,https://zdravmedinform.ru/reestr-zhnvlp/ean-4602206001919.html | https://www.rigla.ru/product/inekta-shprits-1ml-insulin-3-kh-komp-s-igloy-26gkh12-no1-126367 | https://planetazdorovo.ru/catalog/izdeliya-meditsinskogo-naznacheniya/shpritsy-igly-sistemy/-423/inekta-shpric-insulinovyj-3h-ko-18282911/ | https://polza.ru/orenburg/catalog/shprits-odnorazovyy-sterilnyy-insulinovyy-3-kh-komponentnyy-1-ml-u-100-s-igloy-27g-0-4kh12-mm-100-sh_68797/ | https://planetazdorovo.ru/tomsk/catalog/izdeliya-meditsinskogo-naznacheniya/shpritsy-igly-sistemy/-423/inekta-shpric-3h-komponentnyj-5-24014311/ | https://vk.ru/wall-151419361_1920 | https://www.ozon.ru/category/shpritsy-6214/inekta-87317587/ | https://market.yandex.ru/category/inekta-shpritsy | https://apteka-april.ru/product/331611-shpric_imp_3hkomp_3ml_inekta_c_igl_23g_0_6x25mm_10 | https://www.ozon.ru/category/shprits-inekta/ | https://market.yandex.ru/category/shpritsy-inyektory | https://apteka-april.ru/product/24900-shpric_imp_3hkomponentnyj_1ml_insulinovyj | https://www.ozon.ru/category/shpritsy-6214/inekta-87317587/ | https://www.ozon.ru/category/shprits-inekta/ | https://apteka.ru/category/diabet/syringe_insulin/ | https://market.yandex.ru/category/insulinovyye-mnogorazovyye-shpritsy,,
1989,337,ЦЕРЕБРОЛИЗАТ Р-Р ДЛЯ В/М ВВЕД. АМП. 1МЛ №10 БЕЛМЕДПРЕПАРАТЫ | БЕЛМЕДПРЕПАРАТЫ РУП | БЕЛМЕДПРЕПАРАТЫ РУП,drug,,rx,Мозга крупного рогатого скота гидролизат,rx,,,,,,rx,"[{""source"": ""uteka"", ""raw_mnn"": ""Мозга крупного рогатого скота гидролизат"", ""field_type"": ""explicit_mnn"", ""canonical_components"": [""Мозга крупного рогатого скота гидролизат""], ""url"": null, ""parse_warnings"": []}, {""source"": ""vidal"", ""raw_mnn"": null, ""field_type"": ""unknown"", ""canonical_components"": [], ""url"": null, ""parse_warnings"": []}]",[],,,unresolved_catalog,single_source,rx,unknown,True,True,ok,Церебролизин,rx,универсальный,Церебролизин,False,https://www.rlsnet.ru/drugs/cerebrolizin-3362 | https://megapteka.ru/specials/guide_cerebrolizat-instrukciya-po-4444 | https://aptekamos.ru/tovary/lekarstva/cerebrolizin-3847/cerebrolizin-rastvor-dlya-inekciyo-5ml-10128/instrukciya | https://www.rlsnet.ru/drugs/cerebrolizat-5337 | https://apteka.103.by/tcerebrolizat-instruktsiya/ | https://www.vidal.ru/drugs/cerebrolysin__41806 | https://megapteka.ru/specials/guide_cerebrolizat-instrukciya-po-4444 | https://www.eapteka.ru/goods/drugs/neurology/brain/tserebrolizat_belmedpreparaty/ | https://grls.pharm-portal.ru/grls/3a40b5a8-03ec-4643-8862-d35ba0d404d3 | https://zdravcity.ru/p_cerebrolizat-r-r-d-in-1ml-n10-0010836.html | https://grls.pharm-portal.ru/grls/64515ccb-537f-446e-9948-fa1215563254 | https://new.vestnik-surgery.com/index.php/2415-7805/article/view/3248 | https://lekmos.ru/balashiha/catalog/cerebrolizin/ampuli-2ml-n10 | https://zdravcity.ru/p_cerebrolizat-r-r-d-in-1ml-n10-0010836.html | https://zdravcity.ru/p_cerebrolizin-r-r-d-in-10ml-n5-0017741.html | https://pharmacoeconom.com/ru/poisk-publikatsiy/?srchLng=ru,,
2148,337,ХОНСАТ Р-Р ДЛЯ В/М ВВЕД. 100МГ/МЛ АМП. 2МЛ №5 | Армавирская биологическая фабрика/Эллара ООО | Армавирская биологическая фабрика/Эллара ООО,drug,,rx,Хондроитина сульфат,rx,Хондроитина сульфат,rx,,,Хондроитина сульфат натрия,rx,"[{""source"": ""uteka"", ""raw_mnn"": ""Хондроитина сульфат"", ""field_type"": ""explicit_mnn"", ""canonical_components"": [""Хондроитина сульфат""], ""url"": null, ""parse_warnings"": []}, {""source"": ""asna"", ""raw_mnn"": ""Хондроитина сульфат"", ""field_type"": ""explicit_mnn"", ""canonical_components"": [""Хондроитина сульфат""], ""url"": null, ""parse_warnings"": []}, {""source"": ""vidal"", ""raw_mnn"": ""Хондроитина сульфат натрия"", ""field_type"": ""explicit_mnn"", ""canonical_components"": [""Хондроитина сульфат натрия""], ""url"": null, ""parse_warnings"": []}]","[{""component"": ""Хондроитина сульфат"", ""source_count"": 2, ""sources"": [""uteka"", ""asna""]}]",Хондроитина сульфат,Хондроитина сульфат,resolved_catalog,consensus,rx,unknown,False,False,,,unknown,unknown,Хондроитина сульфат,False,,,
2249,338,ХЛОРОФИЛЛИПТ ТАБЛ. Д/РАССАС. 25МГ №20 ВИФИТЕХ | ВИФИТЕХ | ВИФИТЕХ,drug,,без рецепта,Эвкалипта листьев экстракт,otc,Эвкалипта листьев экстракт,otc,,,Листья эвкалипта,otc,"[{""source"": ""uteka"", ""raw_mnn"": ""Эвкалипта листьев экстракт"", ""field_type"": ""explicit_mnn"", ""canonical_components"": [""Эвкалипта листьев экстракт""], ""url"": null, ""parse_warnings"": []}, {""source"": ""asna"", ""raw_mnn"": ""Эвкалипта листьев экстракт"", ""field_type"": ""explicit_mnn"", ""canonical_components"": [""Эвкалипта листьев экстракт""], ""url"": null, ""parse_warnings"": []}, {""source"": ""vidal"", ""raw_mnn"": ""Листья эвкалипта"", ""field_type"": ""explicit_mnn"", ""canonical_components"": [""Эвкалипта листьев экстракт""], ""url"": null, ""parse_warnings"": []}]","[{""component"": ""Эвкалипта листьев экстракт"", ""source_count"": 3, ""sources"": [""uteka"", ""asna"", ""vidal""]}]",Эвкалипта листьев экстракт,Эвкалипта листьев экстракт,resolved_catalog,consensus,otc,unknown,False,False,,,unknown,unknown,Эвкалипта листьев экстракт,False,,,
2630,338,ФУРАЦИЛИН ТАБЛ. Д/Р-РА Д/МЕСТН. И НАРУЖ. ПРИМ. 20МГ №10 ИРБИТСКИЙ ХФЗ | ИРБИТСКИЙ ХИМЗАВОД ОАО | ИРБИТСКИЙ ХИМЗАВОД ОАО,drug,,otc,Нитрофурал,otc,,,,,Прокаин,otc,"[{""source"": ""uteka"", ""raw_mnn"": ""Нитрофурал"", ""field_type"": ""explicit_mnn"", ""canonical_components"": [""Нитрофурал""], ""url"": null, ""parse_warnings"": []}, {""source"": ""vidal"", ""raw_mnn"": ""Прокаин"", ""field_type"": ""explicit_mnn"", ""canonical_components"": [""Прокаин""], ""url"": null, ""parse_warnings"": []}]",[],,,unresolved_catalog,equal_conflict,otc,unknown,True,True,ok,Нитрофурал,otc,универсальный,Нитрофурал,False,https://www.rlsnet.ru/drugs/furacilin-5155 | https://aptekamos.ru/tovary/lekarstva/nitrofural-645/furacilin-lekt-tabletki-20mg-70851/instrukciya | https://megapteka.ru/specials/guide_furacilin-instrukciya-po-807 | https://megapteka.ru/specials/guide_furazolidon-instrukciya-po-5938 | https://www.rlsnet.ru/drugs/furacilin-5155 | https://tabletka.ru/selection/furatsilin/instruction/ | https://megapteka.ru/specials/guide_furacilin-instrukciya-po-807 | https://www.asna.ru/cards/furatsilin_0067_10ml_r-r_dmestnogo_i_naruzhnogo_primeneniya_spirtovoy_ivanovskaya_farmatsevticheskaya_fabrika.html | https://aptekamos.ru/tovary/lekarstva/nitrofural-645/furacilin-tabletki-20mg-13127/instrukciya | https://medvestnik.ru/ls/a0e40867-8245-498d-8702-26b3cf80527b.html | https://snovazdorovo.ru/catalog/lekarstvennye_sredstva/dermatologicheskie_zabolevaniya/ranozazhivlyayushchie_antibakterialnye_i_antisepticheskie_sredstva/furatsilin_tabletki_dlya_prigotovleniya_rastvora_d_3/ | https://zdravcity.ru/p_furacilin-r-r-d-mest-i-nar-prim-0-02-fl-500ml-n1-0129413.html | https://farmlend.ru/ekaterinburg/product/383286 | https://www.rmj.ru/articles/otorinolaringologiya/Vybor_topicheskih_preparatov_v_kompleksnom_lechenii_ostrogo_tonzillita/ | https://zdravcity.ru/p_furacilin-tabletki-dlja-prig-rastvora-dlja-mestnogo-i-naruzhnogo-primenenija-20mg-20sht-0184947.html | https://www.fknz.ru/wp-content/uploads/2020/01/PM.01-Realizatsiya-lekarstvennyh-preparatov-i-tovarov-aptechnogo-assortimenta-RP-2019.pdf,,
2640,338,ФУРАЦИЛИН ПОР. Д/Р-РА Д/МЕСТН. И НАРУЖ. ПРИМ. 20МГ ПАКЕТ №10 МЕЛИГЕН | МЕЛИГЕН ФП | МЕЛИГЕН ФП,drug,,otc,Нитрофурал,otc,Витамин Е + Ретинол,otc,,,,,"[{""source"": ""uteka"", ""raw_mnn"": ""Нитрофурал"", ""field_type"": ""explicit_mnn"", ""canonical_components"": [""Нитрофурал""], ""url"": null, ""parse_warnings"": []}, {""source"": ""asna"", ""raw_mnn"": ""Витамин Е + Ретинол"", ""field_type"": ""explicit_mnn"", ""canonical_components"": [""Витамин Е"", ""Ретинол""], ""url"": null, ""parse_warnings"": []}]",[],,,unresolved_catalog,equal_conflict,otc,unknown,True,True,ok,Нитрофурал,otc,универсальный,Нитрофурал,False,https://www.rlsnet.ru/drugs/furacilin-5155 | https://aptekamos.ru/tovary/lekarstva/nitrofural-645/furacilin-lekt-tabletki-20mg-70851/instrukciya | https://megapteka.ru/specials/guide_furacilin-instrukciya-po-807 | https://megapteka.ru/specials/guide_furazolidon-instrukciya-po-5938 | https://www.rlsnet.ru/drugs/furacilin-5155 | https://tabletka.ru/selection/furatsilin/instruction/ | https://megapteka.ru/specials/guide_furacilin-instrukciya-po-807 | https://www.asna.ru/cards/furatsilin_0067_10ml_r-r_dmestnogo_i_naruzhnogo_primeneniya_spirtovoy_ivanovskaya_farmatsevticheskaya_fabrika.html | https://aptekamos.ru/tovary/lekarstva/nitrofural-645/furacilin-tabletki-20mg-13127/instrukciya | https://medvestnik.ru/ls/a0e40867-8245-498d-8702-26b3cf80527b.html | https://snovazdorovo.ru/catalog/lekarstvennye_sredstva/dermatologicheskie_zabolevaniya/ranozazhivlyayushchie_antibakterialnye_i_antisepticheskie_sredstva/furatsilin_tabletki_dlya_prigotovleniya_rastvora_d_3/ | https://zdravcity.ru/p_furacilin-r-r-d-mest-i-nar-prim-0-02-fl-500ml-n1-0129413.html | https://farmlend.ru/ekaterinburg/product/383286 | https://www.rmj.ru/articles/otorinolaringologiya/Vybor_topicheskih_preparatov_v_kompleksnom_lechenii_ostrogo_tonzillita/ | https://zdravcity.ru/p_furacilin-tabletki-dlja-prig-rastvora-dlja-mestnogo-i-naruzhnogo-primenenija-20mg-20sht-0184947.html | https://www.fknz.ru/wp-content/uploads/2020/01/PM.01-Realizatsiya-lekarstvennyh-preparatov-i-tovarov-aptechnogo-assortimenta-RP-2019.pdf,,
2811,338,ФОСФОГЛИВ КАПС. №96 | ФАРМСТАНДАРТ-ЛЕКСРЕДСТВА ОАО | ФАРМСТАНДАРТ-ЛЕКСРЕДСТВА ОАО,drug,,otc,Глицирризиновая кислота + Фосфолипиды,otc,Фосфолипиды + Глицирризиновая кислота,otc,"Фосфолипиды, Глицирризиновая кислота",rx,,otc,"[{""source"": ""uteka"", ""raw_mnn"": ""Глицирризиновая кислота + Фосфолипиды"", ""field_type"": ""explicit_mnn"", ""canonical_components"": [""Глицирризиновая кислота"", ""Фосфолипиды""], ""url"": null, ""parse_warnings"": []}, {""source"": ""apteka"", ""raw_mnn"": ""Фосфолипиды, Глицирризиновая кислота"", ""field_type"": ""explicit_mnn"", ""canonical_components"": [""Фосфолипиды"", ""Глицирризиновая кислота""], ""url"": null, ""parse_warnings"": []}, {""source"": ""asna"", ""raw_mnn"": ""Фосфолипиды + Глицирризиновая кислота"", ""field_type"": ""explicit_mnn"", ""canonical_components"": [""Фосфолипиды"", ""Глицирризиновая кислота""], ""url"": null, ""parse_warnings"": []}, {""source"": ""vidal"", ""raw_mnn"": null, ""field_type"": ""unknown"", ""canonical_components"": [], ""url"": null, ""parse_warnings"": []}]","[{""component"": ""Глицирризиновая кислота"", ""source_count"": 3, ""sources"": [""uteka"", ""apteka"", ""asna""]}, {""component"": ""Фосфолипиды"", ""source_count"": 3, ""sources"": [""uteka"", ""apteka"", ""asna""]}]","Глицирризиновая кислота, Фосфолипиды","Глицирризиновая кислота, Фосфолипиды",resolved_catalog,consensus,otc,unknown,False,False,,,unknown,unknown,"Глицирризиновая кислота, Фосфолипиды",False,,,
2906,338,ФОРОЗА ТАБЛ. П/ПЛЕН/ОБ. 70МГ №12 НОВАРТИС | НОВАРТИС НЕВА ООО | НОВАРТИС НЕВА ООО,drug,,rx,Алендроновая кислота,rx,Алендроновая кислота,rx,Алендроновая кислота,rx,Алендроновая кислота,rx,"[{""source"": ""uteka"", ""raw_mnn"": ""Алендроновая кислота"", ""field_type"": ""explicit_mnn"", ""canonical_components"": [""Алендроновая кислота""], ""url"": null, ""parse_warnings"": []}, {""source"": ""apteka"", ""raw_mnn"": ""Алендроновая кислота"", ""field_type"": ""explicit_mnn"", ""canonical_components"": [""Алендроновая кислота""], ""url"": null, ""parse_warnings"": []}, {""source"": ""asna"", ""raw_mnn"": ""Алендроновая кислота"", ""field_type"": ""explicit_mnn"", ""canonical_components"": [""Алендроновая кислота""], ""url"": null, ""parse_warnings"": []}, {""source"": ""vidal"", ""raw_mnn"": ""Алендроновая кислота"", ""field_type"": ""explicit_mnn"", ""canonical_components"": [""Алендроновая кислота""], ""url"": null, ""parse_warnings"": []}]","[{""component"": ""Алендроновая кислота"", ""source_count"": 4, ""sources"": [""uteka"", ""apteka"", ""asna"", ""vidal""]}]",Алендроновая кислота,Алендроновая кислота,resolved_catalog,consensus,rx,unknown,False,False,,,unknown,unknown,Алендроновая кислота,False,,,
2930,339,"ФОРМИСОНИД ПОР. Д/ИНГ. ДОЗИР. 160МКГ+4,5МКГ/ДОЗА №60 С ИНГАЛЯТОРОМ | ФАРМСТАНДАРТ-ЛЕКСРЕДСТВА ОАО | ФАРМСТАНДАРТ-ЛЕКСРЕДСТВА ОАО",drug,,rx,,,Будесонид + Формотерол,rx,"Будесонид, Формотерол",rx,Будесонид,rx,"[{""source"": ""apteka"", ""raw_mnn"": ""Будесонид, Формотерол"", ""field_type"": ""explicit_mnn"", ""canonical_components"": [""Будесонид"", ""Формотерол""], ""url"": null, ""parse_warnings"": []}, {""source"": ""asna"", ""raw_mnn"": ""Будесонид + Формотерол"", ""field_type"": ""explicit_mnn"", ""canonical_components"": [""Будесонид"", ""Формотерол""], ""url"": null, ""parse_warnings"": []}, {""source"": ""vidal"", ""raw_mnn"": ""Будесонид"", ""field_type"": ""explicit_mnn"", ""canonical_components"": [""Будесонид""], ""url"": null, ""parse_warnings"": []}]","[{""component"": ""Будесонид"", ""source_count"": 3, ""sources"": [""apteka"", ""asna"", ""vidal""]}, {""component"": ""Формотерол"", ""source_count"": 2, ""sources"": [""apteka"", ""asna""]}]","Будесонид, Формотерол","Будесонид, Формотерол",resolved_catalog,consensus,rx,unknown,False,False,,,unknown,unknown,"Будесонид, Формотерол",False,,,
2936,339,ФОРМИДРОН Р-Р Д/НАРУЖ. ПРИМ. СПИРТ. ФЛ. 50МЛ ЯРОСЛАВСКАЯ ФФ | ЯРОСЛАВСКАЯ ФФ | ЯРОСЛАВСКАЯ ФФ,drug,,otc,Формальдегид,otc,Формальдегид,otc,Формальдегид,,Формальдегид,otc,"[{""source"": ""uteka"", ""raw_mnn"": ""Формальдегид"", ""field_type"": ""explicit_mnn"", ""canonical_components"": [""Формальдегид""], ""url"": null, ""parse_warnings"": []}, {""source"": ""apteka"", ""raw_mnn"": ""Формальдегид"", ""field_type"": ""explicit_mnn"", ""canonical_components"": [""Формальдегид""], ""url"": null, ""parse_warnings"": []}, {""source"": ""asna"", ""raw_mnn"": ""Формальдегид"", ""field_type"": ""explicit_mnn"", ""canonical_components"": [""Формальдегид""], ""url"": null, ""parse_warnings"": []}, {""source"": ""vidal"", ""raw_mnn"": ""Формальдегид"", ""field_type"": ""explicit_mnn"", ""canonical_components"": [""Формальдегид""], ""url"": null, ""parse_warnings"": []}]","[{""component"": ""Формальдегид"", ""source_count"": 4, ""sources"": [""uteka"", ""apteka"", ""asna"", ""vidal""]}]",Формальдегид,Формальдегид,resolved_catalog,consensus,otc,unknown,False,False,,,unknown,unknown,Формальдегид,False,,,
3080,339,ФЛУИМУЦИЛ-АНТИБИОТИК ИТ ЛИОФ. Д/Р-РА Д/ИН. И ИНГ. 500МГ ФЛ. №3 С РАСТВОРИТЕЛЕМ | ЗАМБОН С.П.А. | ЗАМБОН С.П.А.,drug,,rx,Тиамфеникола глицинат ацетилцистеинат,rx,,,,,"Тиамфеникол, глицинат ацетилцистеинат",rx,"[{""source"": ""uteka"", ""raw_mnn"": ""Тиамфеникола глицинат ацетилцистеинат"", ""field_type"": ""explicit_mnn"", ""canonical_components"": [""Тиамфеникола глицинат ацетилцистеинат""], ""url"": null, ""parse_warnings"": []}, {""source"": ""vidal"", ""raw_mnn"": ""Тиамфеникол, глицинат ацетилцистеинат"", ""field_type"": ""explicit_mnn"", ""canonical_components"": [""Тиамфеникола глицинат ацетилцистеинат""], ""url"": null, ""parse_warnings"": []}]","[{""component"": ""Тиамфеникола глицинат ацетилцистеинат"", ""source_count"": 2, ""sources"": [""uteka"", ""vidal""]}]",Тиамфеникола глицинат ацетилцистеинат,Тиамфеникола глицинат ацетилцистеинат,resolved_catalog,consensus,rx,unknown,False,False,,,unknown,unknown,Тиамфеникола глицинат ацетилцистеинат,False,,,
3169,339,ФЛИКСОТИД АЭРОЗ. Д/ИНГАЛ. ДОЗИР. 250МКГ/ДОЗА ФЛ. 60ДОЗ | ГЛАКСО ВЭЛЛКОМ С.А. | ГЛАКСО ВЭЛЛКОМ С.А.,drug,,rx,Флутиказон,rx,Флутиказон,rx,Флутиказон,rx,Флутиказон,rx,"[{""source"": ""uteka"", ""raw_mnn"": ""Флутиказон"", ""field_type"": ""explicit_mnn"", ""canonical_components"": [""Флутиказон""], ""url"": null, ""parse_warnings"": []}, {""source"": ""apteka"", ""raw_mnn"": ""Флутиказон"", ""field_type"": ""explicit_mnn"", ""canonical_components"": [""Флутиказон""], ""url"": null, ""parse_warnings"": []}, {""source"": ""asna"", ""raw_mnn"": ""Флутиказон"", ""field_type"": ""explicit_mnn"", ""canonical_components"": [""Флутиказон""], ""url"": null, ""parse_warnings"": []}, {""source"": ""vidal"", ""raw_mnn"": ""Флутиказон"", ""field_type"": ""explicit_mnn"", ""canonical_components"": [""Флутиказон""], ""url"": null, ""parse_warnings"": []}]","[{""component"": ""Флутиказон"", ""source_count"": 4, ""sources"": [""uteka"", ""apteka"", ""asna"", ""vidal""]}]",Флутиказон,Флутиказон,resolved_catalog,consensus,rx,unknown,False,False,,,unknown,unknown,Флутиказон,False,,,
3216,339,"ФЛАМАДЕКС ГЕЛЬ Д/НАРУЖН. ПРИМ. 2,5% ТУБА 50Г | ФАРМВИЛАР НПО ООО | ФАРМВИЛАР НПО ООО",drug,,rx,Декскетопрофен,otc,Декскетопрофен,otc,Декскетопрофен,,Декскетопрофен,otc,"[{""source"": ""uteka"", ""raw_mnn"": ""Декскетопрофен"", ""field_type"": ""explicit_mnn"", ""canonical_components"": [""Декскетопрофен""], ""url"": null, ""parse_warnings"": []}, {""source"": ""apteka"", ""raw_mnn"": ""Декскетопрофен"", ""field_type"": ""explicit_mnn"", ""canonical_components"": [""Декскетопрофен""], ""url"": null, ""parse_warnings"": []}, {""source"": ""asna"", ""raw_mnn"": ""Декскетопрофен"", ""field_type"": ""explicit_mnn"", ""canonical_components"": [""Декскетопрофен""], ""url"": null, ""parse_warnings"": []}, {""source"": ""vidal"", ""raw_mnn"": ""Декскетопрофен"", ""field_type"": ""explicit_mnn"", ""canonical_components"": [""Декскетопрофен""], ""url"": null, ""parse_warnings"": []}]","[{""component"": ""Декскетопрофен"", ""source_count"": 4, ""sources"": [""uteka"", ""apteka"", ""asna"", ""vidal""]}]",Декскетопрофен,Декскетопрофен,resolved_catalog,consensus,otc,unknown,False,False,,,unknown,unknown,Декскетопрофен,False,,,
3939,340,УРОНОРМИН-Ф ПОР. Д/Р-РА Д/ПРИЕМА ВНУТРЬ 3Г ПАК. 8Г №2 | ФАРМСТАНДАРТ-ЛЕКСРЕДСТВА ОАО | ФАРМСТАНДАРТ-ЛЕКСРЕДСТВА ОАО,drug,,rx,Фосфомицин,rx,Фосфомицин,rx,Фосфомицин,rx,Фосфомицин,rx,"[{""source"": ""uteka"", ""raw_mnn"": ""Фосфомицин"", ""field_type"": ""explicit_mnn"", ""canonical_components"": [""Фосфомицин""], ""url"": null, ""parse_warnings"": []}, {""source"": ""apteka"", ""raw_mnn"": ""Фосфомицин"", ""field_type"": ""explicit_mnn"", ""canonical_components"": [""Фосфомицин""], ""url"": null, ""parse_warnings"": []}, {""source"": ""asna"", ""raw_mnn"": ""Фосфомицин"", ""field_type"": ""explicit_mnn"", ""canonical_components"": [""Фосфомицин""], ""url"": null, ""parse_warnings"": []}, {""source"": ""vidal"", ""raw_mnn"": ""Фосфомицин"", ""field_type"": ""explicit_mnn"", ""canonical_components"": [""Фосфомицин""], ""url"": null, ""parse_warnings"": []}]","[{""component"": ""Фосфомицин"", ""source_count"": 4, ""sources"": [""uteka"", ""apteka"", ""asna"", ""vidal""]}]",Фосфомицин,Фосфомицин,resolved_catalog,consensus,rx,unknown,False,False,,,unknown,unknown,Фосфомицин,False,,,
4271,340,"ТУДЖЕО СОЛО СТАР Р-Р ДЛЯ П/К ВВЕД. 300ЕД/МЛ КАРТРИДЖ В ШПРИЦ-РУЧКЕ 1,5МЛ №5 | САНОФИ-АВЕНТИС ДОЙЧЛАНД ГМБХ/САНОФИ-АВЕНТИС ВОСТОК ЗАО | САНОФИ-АВЕНТИС ДОЙЧЛАНД ГМБХ/САНОФИ-АВЕНТИС ВОСТОК ЗАО",drug,,rx,,,,,,,,,[],[],,,unresolved_catalog,empty,unknown,unknown,True,True,ok,Инсулин Гларгин,rx,универсальный,Инсулин Гларгин,False,https://www.rlsnet.ru/drugs/tudzeo-solostar-76722 | https://megapteka.ru/specials/guide_tudzheo-solostar-instrukciya-4600 | https://megapteka.ru/specials/guide_solikva-solostar-instrukciya-4858 | https://www.rlsnet.ru/drugs/solikva-solostar-79649 | https://www.rlsnet.ru/drugs/tudzeo-solostar-76722 | https://allmed.pro/ru/drugs/tudzheo-solostar | https://www.vidal.ru/drugs/toujeo-solostar | https://health.mail.ru/drug/tudzheo-solostar/ | https://zdesapteka.ru/instructions/tudzheo-solostar/ | https://www.vidal.ru/drugs/toujeo-solostar | https://megapteka.ru/specials/guide_tudzheo-solostar-instrukciya-4600 | https://apteka.103.by/tudzheo-solostar-instruktsiya/ | https://health.mail.ru/drug/tudzheo_solostar/ | https://wer.ru/opisanie/tudzheo_solostar/ | https://umedp.ru/articles/novyy_bazalnyy_insulin_dlitelnogo_deystviya_tudzheo_solostar_preimushchestva_dlya_patsienta.html?ELEMENT_CODE=novyy_bazalnyy_insulin_dlitelnogo_deystviya_tudzheo_solostar_preimushchestva_dlya_patsienta | https://farmlend.ru/kazan/product/328190,,
4383,341,"ТРИНЕЙРО ТАБЛ. П/ПЛЕН/ОБ. 200МГ+100МГ+0,2МГ №60 | МАРБИОФАРМ ОАО | МАРБИОФАРМ ОАО",drug,,otc,,,Пиридоксин+Тиамин+Цианокобаламин,rx,,,,rx,"[{""source"": ""asna"", ""raw_mnn"": ""Пиридоксин+Тиамин+Цианокобаламин"", ""field_type"": ""explicit_mnn"", ""canonical_components"": [""Пиридоксин"", ""Тиамин"", ""Цианокобаламин""], ""url"": null, ""parse_warnings"": []}, {""source"": ""vidal"", ""raw_mnn"": null, ""field_type"": ""unknown"", ""canonical_components"": [], ""url"": null, ""parse_warnings"": []}]",[],,,unresolved_catalog,single_source,rx,unknown,True,True,ok,"Тиамина гидрохлорид, Пиридоксина гидрохлорид, Цианокобаламин",rx,взрослые,"Тиамина гидрохлорид, Пиридоксина гидрохлорид, Цианокобаламин",False,https://medi.ru/instrukciya/trineyro_17078/ | https://www.rlsnet.ru/drugs/trineiro-84804 | https://pharmproduct.ru/drugs/trineiro | https://www.vidal.ru/drugs/trineuro | https://zdesapteka.ru/instructions/trineyro/ | https://yandex.ru/medicine/medicaments/trinejro | https://stmfarm.ru/instruktrineyro | https://www.vidal.ru/drugs/trineuro | https://www.rlsnet.ru/drugs/trineiro-84804 | https://yandex.ru/medicine/medicaments/trinejro-tab | https://medi.ru/instrukciya/trineyro_17078/ | https://health.mail.ru/drug/trineyro/ | https://medvisor.ru/medicine/drug/trineyro_77438/ | https://zdravmedinform.ru/grls/reg-lp-012804-rg-ru.html | https://grls.pharm-portal.ru/grls | https://zdravcity.ru/p_trinejro-tabletki-pokrytye-plenochnoj-obolochkoj-200mg-100mg-0-2mg-60sht-0271403.html,,
4399,341,ТРИМЕТАЗИДИН МВ РЕНЕВАЛ ТАБЛ. ПРОЛОНГ. ВЫСВ. П/ПЛЕН/ОБ. 35МГ №60 | ОБНОВЛЕНИЕ ПФК АО | ОБНОВЛЕНИЕ ПФК АО,drug,Триметазидин,rx,Триметазидин,rx,Нафазолин,otc,"Ацетилсалициловая кислота, Аскорбиновая кислота",,Розувастатин,rx,"[{""source"": ""uteka"", ""raw_mnn"": ""Триметазидин"", ""field_type"": ""explicit_mnn"", ""canonical_components"": [""Триметазидин""], ""url"": null, ""parse_warnings"": []}, {""source"": ""apteka"", ""raw_mnn"": ""Ацетилсалициловая кислота, Аскорбиновая кислота"", ""field_type"": ""explicit_mnn"", ""canonical_components"": [""Ацетилсалициловая кислота"", ""Аскорбиновая кислота""], ""url"": null, ""parse_warnings"": []}, {""source"": ""asna"", ""raw_mnn"": ""Нафазолин"", ""field_type"": ""explicit_mnn"", ""canonical_components"": [""Нафазолин""], ""url"": null, ""parse_warnings"": []}, {""source"": ""vidal"", ""raw_mnn"": ""Розувастатин"", ""field_type"": ""explicit_mnn"", ""canonical_components"": [""Розувастатин""], ""url"": null, ""parse_warnings"": []}]",[],,,unresolved_catalog,equal_conflict,rx,unknown,True,True,ok,Триметазидин,rx,взрослые,Триметазидин,False,https://aptekamos.ru/tovary/lekarstva/trimetazidin-930/trimetazidin-mv-reneval-tabletki-35mg-109662/instrukciya | https://www.rlsnet.ru/active-substance/trimetazidin-879 | https://megapteka.ru/specials/guide_antisten-mv-instrukciya-5828 | https://megapteka.ru/specials/guide_predizin-instrukciya-po-6254 | https://www.renewal.ru/products/trimetazidin-mv-reneval-35-mg-60/ | https://health.mail.ru/drug/trimetazidin_mv_reneval/ | https://aptekamos.ru/tovary/lekarstva/trimetazidin-930/trimetazidin-mv-reneval-tabletki-35mg-109662/instrukciya | https://www.webapteka.ru/drugbase/name73715.html | https://aptekamos.ru/tovary/lekarstva/trimetazidin-930/trimetazidin-mv-tabletki-35mg-68118/instrukciya | https://www.renewal.ru/products/trimetazidin-mv-reneval-35-mg-60/ | https://aptekamos.ru/tovary/lekarstva/trimetazidin-930/trimetazidin-mv-reneval-tabletki-35mg-109662/instrukciya | https://www.renewal.ru/news/novinka-sialor-kids-originalnaya-razrabotka-renewal-dlya-lecheniya-nasmorka-u-detey-s-6-mesyatsev-do/ | https://zdravmedinform.ru/grls/reg-lp-002846-rg-ru.html | https://grls.pharm-portal.ru/grls/065dd9d4-2eb7-4c66-846d-449a22547fd0 | https://grls.pharm-portal.ru/grls/1e0ea6e4-ad36-4d38-927b-6145e0340e30 | https://www.renewal.ru/news/novinka-trimetazidin-mv-reneval-effektivnoe-sredstvo-pri-ishemicheskoy-bolezni-serdtsa-dlya-profilak/,,
4409,341,ТРИМЕКТАЛ МВ ТАБЛ. МОДИФ. ВЫСВ. П/ПЛЕН/ОБ. 35МГ №120 ВЕРТЕКС | ВЕРТЕКС АО | ВЕРТЕКС АО,drug,,rx,Триметазидин,rx,Триметазидин,rx,Триметазидин,rx,Триметазидин,rx,"[{""source"": ""uteka"", ""raw_mnn"": ""Триметазидин"", ""field_type"": ""explicit_mnn"", ""canonical_components"": [""Триметазидин""], ""url"": null, ""parse_warnings"": []}, {""source"": ""apteka"", ""raw_mnn"": ""Триметазидин"", ""field_type"": ""explicit_mnn"", ""canonical_components"": [""Триметазидин""], ""url"": null, ""parse_warnings"": []}, {""source"": ""asna"", ""raw_mnn"": ""Триметазидин"", ""field_type"": ""explicit_mnn"", ""canonical_components"": [""Триметазидин""], ""url"": null, ""parse_warnings"": []}, {""source"": ""vidal"", ""raw_mnn"": ""Триметазидин"", ""field_type"": ""explicit_mnn"", ""canonical_components"": [""Триметазидин""], ""url"": null, ""parse_warnings"": []}]","[{""component"": ""Триметазидин"", ""source_count"": 4, ""sources"": [""uteka"", ""apteka"", ""asna"", ""vidal""]}]",Триметазидин,Триметазидин,resolved_catalog,consensus,rx,unknown,False,False,,,unknown,unknown,Триметазидин,False,,,
4448,341,ТРЕСИБА Р-Р ДЛЯ П/К ВВЕД. 100ЕД/МЛ КАРТРИДЖ В ШПРИЦ-РУЧКЕ ФЛЕКСПЕН 3МЛ №5 | НОВО НОРДИКС А/С | НОВО НОРДИКС А/С,drug,,rx,Инсулин деглудек,rx,Инсулин деглудек,rx,Инсулин деглудек,rx,Инсулин деглудек,rx,"[{""source"": ""uteka"", ""raw_mnn"": ""Инсулин деглудек"", ""field_type"": ""explicit_mnn"", ""canonical_components"": [""Инсулин деглудек""], ""url"": null, ""parse_warnings"": []}, {""source"": ""apteka"", ""raw_mnn"": ""Инсулин деглудек"", ""field_type"": ""explicit_mnn"", ""canonical_components"": [""Инсулин деглудек""], ""url"": null, ""parse_warnings"": []}, {""source"": ""asna"", ""raw_mnn"": ""Инсулин деглудек"", ""field_type"": ""explicit_mnn"", ""canonical_components"": [""Инсулин деглудек""], ""url"": null, ""parse_warnings"": []}, {""source"": ""vidal"", ""raw_mnn"": ""Инсулин деглудек"", ""field_type"": ""explicit_mnn"", ""canonical_components"": [""Инсулин деглудек""], ""url"": null, ""parse_warnings"": []}]","[{""component"": ""Инсулин деглудек"", ""source_count"": 4, ""sources"": [""uteka"", ""apteka"", ""asna"", ""vidal""]}]",Инсулин деглудек,Инсулин деглудек,resolved_catalog,consensus,rx,unknown,False,False,,,unknown,unknown,Инсулин деглудек,False,,,
4502,341,ТРАВОКОРТ КРЕМ Д/НАРУЖ. ПРИМ. 1МГ+10МГ/Г ТУБА 15Г | ЛЕО ФАРМА МАНУФЭКЧУРИНГ ИТАЛИ С.Р.Л. | ЛЕО ФАРМА МАНУФЭКЧУРИНГ ИТАЛИ С.Р.Л.,drug,,rx,Дифлукортолон + Изоконазол,rx,,,,,Изоконазол,rx,"[{""source"": ""uteka"", ""raw_mnn"": ""Дифлукортолон + Изоконазол"", ""field_type"": ""explicit_mnn"", ""canonical_components"": [""Дифлукортолон"", ""Изоконазол""], ""url"": null, ""parse_warnings"": []}, {""source"": ""vidal"", ""raw_mnn"": ""Изоконазол"", ""field_type"": ""explicit_mnn"", ""canonical_components"": [""Изоконазол""], ""url"": null, ""parse_warnings"": []}]","[{""component"": ""Изоконазол"", ""source_count"": 2, ""sources"": [""uteka"", ""vidal""]}, {""component"": ""Дифлукортолон"", ""source_count"": 1, ""sources"": [""uteka""]}]","Изоконазол, Дифлукортолон","Изоконазол, Дифлукортолон",resolved_catalog,consensus,rx,unknown,False,False,,,unknown,unknown,"Изоконазол, Дифлукортолон",False,,,
4552,341,ТОРВАКАРД ТАБЛ. П/ПЛЕН/ОБ. 20МГ №90 | САНЕКА ФАРМАСЬЮТИКАЛС А.С. | САНЕКА ФАРМАСЬЮТИКАЛС А.С.,drug,,рецептурный,Аторвастатин,rx,Аторвастатин,rx,Аторвастатин,rx,Аторвастатин,rx,"[{""source"": ""uteka"", ""raw_mnn"": ""Аторвастатин"", ""field_type"": ""explicit_mnn"", ""canonical_components"": [""Аторвастатин""], ""url"": null, ""parse_warnings"": []}, {""source"": ""apteka"", ""raw_mnn"": ""Аторвастатин"", ""field_type"": ""explicit_mnn"", ""canonical_components"": [""Аторвастатин""], ""url"": null, ""parse_warnings"": []}, {""source"": ""asna"", ""raw_mnn"": ""Аторвастатин"", ""field_type"": ""explicit_mnn"", ""canonical_components"": [""Аторвастатин""], ""url"": null, ""parse_warnings"": []}, {""source"": ""vidal"", ""raw_mnn"": ""Аторвастатин"", ""field_type"": ""explicit_mnn"", ""canonical_components"": [""Аторвастатин""], ""url"": null, ""parse_warnings"": []}]","[{""component"": ""Аторвастатин"", ""source_count"": 4, ""sources"": [""uteka"", ""apteka"", ""asna"", ""vidal""]}]",Аторвастатин,Аторвастатин,resolved_catalog,consensus,rx,unknown,False,False,,,unknown,unknown,Аторвастатин,False,,,
4611,341,ТОРАКСОЛ СОЛЮШН ТАБЛЕТС ТАБЛ. ДИСПЕРГ. 60МГ №10 | ОЗОН ООО | ОЗОН ООО,drug,,,Амброксол,otc,Амброксол,otc,Амброксол,,Амброксол,otc,"[{""source"": ""uteka"", ""raw_mnn"": ""Амброксол"", ""field_type"": ""explicit_mnn"", ""canonical_components"": [""Амброксол""], ""url"": null, ""parse_warnings"": []}, {""source"": ""apteka"", ""raw_mnn"": ""Амброксол"", ""field_type"": ""explicit_mnn"", ""canonical_components"": [""Амброксол""], ""url"": null, ""parse_warnings"": []}, {""source"": ""asna"", ""raw_mnn"": ""Амброксол"", ""field_type"": ""explicit_mnn"", ""canonical_components"": [""Амброксол""], ""url"": null, ""parse_warnings"": []}, {""source"": ""vidal"", ""raw_mnn"": ""Амброксол"", ""field_type"": ""explicit_mnn"", ""canonical_components"": [""Амброксол""], ""url"": null, ""parse_warnings"": []}]","[{""component"": ""Амброксол"", ""source_count"": 4, ""sources"": [""uteka"", ""apteka"", ""asna"", ""vidal""]}]",Амброксол,Амброксол,resolved_catalog,consensus,otc,unknown,False,False,,,unknown,unknown,Амброксол,False,,,
4693,341,"ТОЛПЕРИЗОН+ЛИДОКАИН-БИНЕРГИЯ Р-Р ДЛЯ В/М ВВЕД. 100МГ/МЛ+2,5МГ/МЛ АМП. 1МЛ №10 | КУРСКАЯ БИОФАБРИКА - ФИРМА БИОК ФГУП | КУРСКАЯ БИОФАБРИКА - ФИРМА БИОК ФГУП",drug,Толперизон + Лидокаин,rx,,,Гидрокортизон* + Лидокаин,rx,Ницерголин,rx,Доксазозин,rx,"[{""source"": ""apteka"", ""raw_mnn"": ""Ницерголин"", ""field_type"": ""explicit_mnn"", ""canonical_components"": [""Ницерголин""], ""url"": null, ""parse_warnings"": []}, {""source"": ""asna"", ""raw_mnn"": ""Гидрокортизон* + Лидокаин"", ""field_type"": ""explicit_mnn"", ""canonical_components"": [""Гидрокортизон"", ""Лидокаин""], ""url"": null, ""parse_warnings"": []}, {""source"": ""vidal"", ""raw_mnn"": ""Доксазозин"", ""field_type"": ""explicit_mnn"", ""canonical_components"": [""Доксазозин""], ""url"": null, ""parse_warnings"": []}]",[],,,unresolved_catalog,equal_conflict,rx,unknown,True,True,ok,"Толперизон, Лидокаин",rx,взрослые,"Толперизон, Лидокаин",False,https://www.rlsnet.ru/active-substance/tolperizon-lidokain-2608 | https://www.vidal.ru/drugs/tolperizon-lidokain-binergiya | https://www.vidal.ru/drugs/tolperisone_lidocaine | https://www.vidal.ru/drugs/tolperizon-lidokain-binergiya | https://health.mail.ru/drug/tolperizon-lidokainbinergiya/ | https://www.vidal.ru/drugs/tolperisone_lidocaine | https://www.rlsnet.ru/drugs/tolperizonlidokain-binergiya-88489 | https://medvestnik.ru/ls/a0e40638-6d2c-4b3a-884d-9b9492839a24.html | https://www.rlsnet.ru/drugs/tolperizon-lidokain-86729 | https://zdravcity.ru/p_tolperizon-lidokain-binergija-rastvor-dlja-v-m-vved-100mg-2-5mg-ml-1ml-5sht-0203139.html | https://velpharm.group/catalog/tolperizon-lidokain/ | https://cyberleninka.ru/article/n/mestnye-anestetiki-v-stomatologii-ogranichenie-primeneniya | https://base.garant.ru/52490001/ | https://www.pharmcontrol.ru/registry/drugs/7887/ | https://zdravcity.ru/p_tolperizon-lidokain-binergija-rastvor-dlja-v-m-vved-100mg-2-5mg-ml-1ml-5sht-0203139.html | https://apteka.ru/product/tolperizonlidokain-binergiya-100-mgml25-mgml-5-sht-ampuly-rastvor-dlya-vnutrimyshechnogo-vvedeniya-1-ml-648fd771f61c3dd27b8817bb/,,
4741,342,ТИОЦЕТАМ Р-Р ДЛЯ В/В И В/М ВВЕД. 25МГ/МЛ+100МГ/МЛ АМП. 5МЛ №10 | ОЗОН ООО | ОЗОН ООО,drug,,rx,,,,,,,Пирацетам,rx,"[{""source"": ""vidal"", ""raw_mnn"": ""Пирацетам"", ""field_type"": ""explicit_mnn"", ""canonical_components"": [""Пирацетам""], ""url"": null, ""parse_warnings"": []}]",[],,,unresolved_catalog,single_source,unknown,unknown,True,True,ok,"Морфолиния тиазотат, Пирацетам",rx,взрослые,"Морфолиния тиазотат, Пирацетам",False,https://megapteka.ru/specials/guide_tiocetam-instrukciya-po-3959 | https://aptekamos.ru/tovary/lekarstva/morfoliniya-tiazotat-piracetam-16327/tiocetam-rastvor-dlya-inekciyo-25mg-100mg-ml-5ml-68587/instrukciya | https://aptekamos.ru/tovary/lekarstva/morfoliniya-tiazotat-piracetam-16327/tiocetam-tabletki-68589/instrukciya | https://medi.ru/instrukciya/tiotsetam_7192/ | https://www.vidal.ru/drugs/thiocetam__38462 | https://apteka.103.by/tiotcetam-instruktsiya/ | https://cyberleninka.ru/article/n/nootropnye-preparaty-v-kompleksnoy-terapii-hronicheskogo-alkogolizma | https://base.garant.ru/52490001/ | https://kemgmu.ru/socpolicy/obshchestvennye-organizatsii/obedinennyy-sovet-obuchayushchikhsya/%D0%A1%D0%B1%D0%BE%D1%80%D0%BD%D0%B8%D0%BA%20%D0%BC%D0%B0%D1%82%D0%B5%D1%80%D0%B8%D0%B0%D0%BB%D0%BE%D0%B2%20%D0%BA%D0%BE%D0%BD%D1%84%D0%B5%D1%80%D0%B5%D0%BD%D1%86%D0%B8%D0%B8_%D0%90%D0%BA%D1%82%D1%83%D0%B0%D0%BB%D1%8C%D0%BD%D1%8B%D0%B5%20%D0%BF%D1%80%D0%BE%D0%B1%D0%BB%D0%B5%D0%BC%D1%8B%20%D0%B8%20%D0%BF%D0%B5%D1%80%D1%81%D0%BF%D0%B5%D0%BA%D1%82%D0%B8%D0%B2%D1%8B%20%D1%84%D0%B0%D1%80%D0%BC%D0%B0%D1%86%D0%B5%D0%B2%D1%82%D0%B8%D1%87%D0%B5%D1%81%D0%BA%D0%BE%D0%B9%20%D0%BD%D0%B0%D1%83%D0%BA%D0%B8%20%D0%B8%20%D0%BF%D1%80%D0%B0%D0%BA%D1%82%D0%B8%D0%BA%D0%B8.pdf | https://grls.pharm-portal.ru/grls/eafa4769-a982-4a4b-87f7-5a80d224ac2a | https://zdravcity.ru/p_tiocetam-rastvor-dlja-v-v-i-v-m-vved-25mg-ml-100mg-ml-5ml-10sht-0187585.html | https://zdravcity.ru/p_tiocetam-tab-p-o-plen-50mg-200mg-n60-0098053.html | https://kemgmu.ru/socpolicy/obshchestvennye-organizatsii/obedinennyy-sovet-obuchayushchikhsya/%D0%A1%D0%B1%D0%BE%D1%80%D0%BD%D0%B8%D0%BA%20%D0%BC%D0%B0%D1%82%D0%B5%D1%80%D0%B8%D0%B0%D0%BB%D0%BE%D0%B2%20%D0%BA%D0%BE%D0%BD%D1%84%D0%B5%D1%80%D0%B5%D0%BD%D1%86%D0%B8%D0%B8_%D0%90%D0%BA%D1%82%D1%83%D0%B0%D0%BB%D1%8C%D0%BD%D1%8B%D0%B5%20%D0%BF%D1%80%D0%BE%D0%B1%D0%BB%D0%B5%D0%BC%D1%8B%20%D0%B8%20%D0%BF%D0%B5%D1%80%D1%81%D0%BF%D0%B5%D0%BA%D1%82%D0%B8%D0%B2%D1%8B%20%D1%84%D0%B0%D1%80%D0%BC%D0%B0%D1%86%D0%B5%D0%B2%D1%82%D0%B8%D1%87%D0%B5%D1%81%D0%BA%D0%BE%D0%B9%20%D0%BD%D0%B0%D1%83%D0%BA%D0%B8%20%D0%B8%20%D0%BF%D1%80%D0%B0%D0%BA%D1%82%D0%B8%D0%BA%D0%B8.pdf | https://planetazdorovo.ru/catalog/lekarstva-i-bad/nevrologiya-psikhiatriya/nootropy/tiocetam-rastvor-dlya-in%60%60ekcij-5133907/ | https://www.rigla.ru/product/tiotsetam-tabpo-plen-50mg200mg-no60-89348 | https://vitaexpress.ru/product/tiotsetam_r_r_dinekts__25mgml_100mgml_5ml__10amp_/,,
4782,342,ТИМОГЕН Р-Р ДЛЯ В/М ВВЕД. 100МКГ/МЛ АМП. 1МЛ №5 | ЦИТОМЕД МБНПК | ЦИТОМЕД МБНПК,drug,,rx,Альфа-глутамил-триптофан,rx,Альфа-глутамил-триптофан,rx,Альфа-глутамил-триптофан,rx,Альфа-глутамил-триптофан,rx,"[{""source"": ""uteka"", ""raw_mnn"": ""Альфа-глутамил-триптофан"", ""field_type"": ""explicit_mnn"", ""canonical_components"": [""Альфа-глутамил-триптофан""], ""url"": null, ""parse_warnings"": []}, {""source"": ""apteka"", ""raw_mnn"": ""Альфа-глутамил-триптофан"", ""field_type"": ""explicit_mnn"", ""canonical_components"": [""Альфа-глутамил-триптофан""], ""url"": null, ""parse_warnings"": []}, {""source"": ""asna"", ""raw_mnn"": ""Альфа-глутамил-триптофан"", ""field_type"": ""explicit_mnn"", ""canonical_components"": [""Альфа-глутамил-триптофан""], ""url"": null, ""parse_warnings"": []}, {""source"": ""vidal"", ""raw_mnn"": ""Альфа-глутамил-триптофан"", ""field_type"": ""explicit_mnn"", ""canonical_components"": [""Альфа-глутамил-триптофан""], ""url"": null, ""parse_warnings"": []}]","[{""component"": ""Альфа-глутамил-триптофан"", ""source_count"": 4, ""sources"": [""uteka"", ""apteka"", ""asna"", ""vidal""]}]",Альфа-глутамил-триптофан,Альфа-глутамил-триптофан,resolved_catalog,consensus,rx,unknown,False,False,,,unknown,unknown,Альфа-глутамил-триптофан,False,,,
4808,342,"ТИЗОПТАН КАПЛИ ГЛАЗН. 0,3МГ/МЛ+5МГ/МЛ ФЛ. 3МЛ №1 | СЕНТИСС ФАРМА ПВТ. ЛТД. | СЕНТИСС ФАРМА ПВТ. ЛТД.",drug,,rx,Биматопрост + Тимолол,rx,Биматопрост* + Тимолол,rx,"Биматопрост, Тимолол",rx,Тимолол,rx,"[{""source"": ""uteka"", ""raw_mnn"": ""Биматопрост + Тимолол"", ""field_type"": ""explicit_mnn"", ""canonical_components"": [""Биматопрост"", ""Тимолол""], ""url"": null, ""parse_warnings"": []}, {""source"": ""apteka"", ""raw_mnn"": ""Биматопрост, Тимолол"", ""field_type"": ""explicit_mnn"", ""canonical_components"": [""Биматопрост"", ""Тимолол""], ""url"": null, ""parse_warnings"": []}, {""source"": ""asna"", ""raw_mnn"": ""Биматопрост* + Тимолол"", ""field_type"": ""explicit_mnn"", ""canonical_components"": [""Биматопрост"", ""Тимолол""], ""url"": null, ""parse_warnings"": []}, {""source"": ""vidal"", ""raw_mnn"": ""Тимолол"", ""field_type"": ""explicit_mnn"", ""canonical_components"": [""Тимолол""], ""url"": null, ""parse_warnings"": []}]","[{""component"": ""Тимолол"", ""source_count"": 4, ""sources"": [""uteka"", ""apteka"", ""asna"", ""vidal""]}, {""component"": ""Биматопрост"", ""source_count"": 3, ""sources"": [""uteka"", ""apteka"", ""asna""]}]","Тимолол, Биматопрост","Тимолол, Биматопрост",resolved_catalog,consensus,rx,unknown,False,False,,,unknown,unknown,"Тимолол, Биматопрост",False,,,
4977,342,ТЕРБИНАФИН КРЕМ Д/НАРУЖ. ПРИМ. 1% ТУБА 30Г ОКСФОРД ЛАБОРАТОРИЗ | ОКСФОРД ЛАБОРАТОРИЗ ПВТ. ЛТД | ОКСФОРД ЛАБОРАТОРИЗ ПВТ. ЛТД,drug,Тербинафин,otc,Тербинафин,otc,,,Тербинафин,,,,"[{""source"": ""uteka"", ""raw_mnn"": ""Тербинафин"", ""field_type"": ""explicit_mnn"", ""canonical_components"": [""Тербинафин""], ""url"": null, ""parse_warnings"": []}, {""source"": ""apteka"", ""raw_mnn"": ""Тербинафин"", ""field_type"": ""explicit_mnn"", ""canonical_components"": [""Тербинафин""], ""url"": null, ""parse_warnings"": []}]","[{""component"": ""Тербинафин"", ""source_count"": 2, ""sources"": [""uteka"", ""apteka""]}]",Тербинафин,Тербинафин,resolved_catalog,consensus,unknown,unknown,False,False,,,unknown,unknown,Тербинафин,False,,,
4998,342,"ТЕРАФЛЮ ОТ ГРИППА И ПРОСТУДЫ ПОР. Д/Р-РА Д/ПРИЕМА ВНУТРЬ ЛИМОН ПАК. 22,1Г №10 | ГКС КОНСЬЮМЕР ХЕЛС ИНК./ФАМАР ОРЛЕАН | ГКС КОНСЬЮМЕР ХЕЛС ИНК./ФАМАР ОРЛЕАН",drug,,безрецептурный,Парацетамол + Фенирамин + Фенилэфрин,otc,Парацетамол+Фенилэфрин+Фенирамин+Аскорбиновая кислота,otc,"Парацетамол, Аскорбиновая кислота, Фенирамин, Фенилэфрин",,,otc,"[{""source"": ""uteka"", ""raw_mnn"": ""Парацетамол + Фенирамин + Фенилэфрин"", ""field_type"": ""explicit_mnn"", ""canonical_components"": [""Парацетамол"", ""Фенирамин"", ""Фенилэфрин""], ""url"": null, ""parse_warnings"": []}, {""source"": ""apteka"", ""raw_mnn"": ""Парацетамол, Аскорбиновая кислота, Фенирамин, Фенилэфрин"", ""field_type"": ""explicit_mnn"", ""canonical_components"": [""Парацетамол"", ""Аскорбиновая кислота"", ""Фенирамин"", ""Фенилэфрин""], ""url"": null, ""parse_warnings"": []}, {""source"": ""asna"", ""raw_mnn"": ""Парацетамол+Фенилэфрин+Фенирамин+Аскорбиновая кислота"", ""field_type"": ""explicit_mnn"", ""canonical_components"": [""Парацетамол"", ""Фенилэфрин"", ""Фенирамин"", ""Аскорбиновая кислота""], ""url"": null, ""parse_warnings"": []}, {""source"": ""vidal"", ""raw_mnn"": null, ""field_type"": ""unknown"", ""canonical_components"": [], ""url"": null, ""parse_warnings"": []}]","[{""component"": ""Парацетамол"", ""source_count"": 3, ""sources"": [""uteka"", ""apteka"", ""asna""]}, {""component"": ""Фенилэфрин"", ""source_count"": 3, ""sources"": [""uteka"", ""apteka"", ""asna""]}, {""component"": ""Фенирамин"", ""source_count"": 3, ""sources"": [""uteka"", ""apteka"", ""asna""]}, {""component"": ""Аскорбиновая кислота"", ""source_count"": 2, ""sources"": [""apteka"", ""asna""]}]","Парацетамол, Фенилэфрин, Фенирамин, Аскорбиновая кислота","Парацетамол, Фенилэфрин, Фенирамин, Аскорбиновая кислота",resolved_catalog,consensus,otc,unknown,False,False,,,unknown,unknown,"Парацетамол, Фенилэфрин, Фенирамин, Аскорбиновая кислота",False,,,
5083,342,ТЕМПОНОРМ ФЛЮ ПОР. Д/Р-РА Д/ПРИЕМА ВНУТРЬ 325МГ+10МГ+20МГ+50МГ ПАК. №5 | ФАРМВИЛАР НПО ООО | ФАРМВИЛАР НПО ООО,drug,,безрецептурный,,,Парацетамол+Фенилэфрин+Фенирамин+Аскорбиновая кислота,otc,,,,otc,"[{""source"": ""asna"", ""raw_mnn"": ""Парацетамол+Фенилэфрин+Фенирамин+Аскорбиновая кислота"", ""field_type"": ""explicit_mnn"", ""canonical_components"": [""Парацетамол"", ""Фенилэфрин"", ""Фенирамин"", ""Аскорбиновая кислота""], ""url"": null, ""parse_warnings"": []}, {""source"": ""vidal"", ""raw_mnn"": null, ""field_type"": ""unknown"", ""canonical_components"": [], ""url"": null, ""parse_warnings"": []}]",[],,,unresolved_catalog,single_source,otc,unknown,True,True,ok,"Парацетамол, Фенилэфрин, Фенирамин, Аскорбиновая кислота",otc,взрослые,"Парацетамол, Фенилэфрин, Фенирамин, Аскорбиновая кислота",False,https://aptekamos.ru/tovary/lekarstva/paracetamol-fenilefrin-feniramin-askorbinovaya-kislota-7951/temponorm-flyu-poroshok-325mg-10mg-20mg-50mg-22-1g-106962/instrukciya | https://megapteka.ru/specials/guide_zvezdochka-flyu-instrukciya-5442 | https://megapteka.ru/specials/guide_zvezdochka-flyu-instrukciya-5442 | https://www.rlsnet.ru/mkb/gripp-virus-ne-identificirovan-70 | https://zdravcity.ru/p_temponorm-flju-limon-poroshok-dlja-prig-rastvora-dlja-priema-vn-pak-5sht-0187807.html | https://zdravcity.ru/p_grippoflju-jekstra-ot-prostudy-i-grippa-por-d-prig-r-ra-d-priema-vnutr-13g-n3-limon-0086329.html | https://forums.rusmedserv.com/showthread.php?t=493771 | https://zdravcity.ru/p_zvezdochka-flju-por-d-r-ra-vnutr-malina-15g-n10-0000322.html | https://zdravcity.ru/p_teraflju-ot-grippa-i-prostudy-por-d-r-ra-vnutr-limon-22-1g-n4-0007257.html | https://forums.rusmedserv.com/showthread.php?t=487386 | https://zdravcity.ru/p_temponorm-flju-limon-poroshok-dlja-prig-rastvora-dlja-priema-vn-pak-5sht-0187807.html | https://zdravcity.ru/p_zvezdochka-flju-por-d-prig-r-r-d-priema-vnutr-pak-15g-n5-limon-0109907.html | https://zdravcity.ru/p_grippoflju-por-d-r-ra-vnutr-malina-13g-n10-0011331.html | https://zdravcity.ru/p_grippoflju-jekstra-ot-prostudy-i-grippa-por-d-prig-r-ra-d-priema-vnutr-13g-n3-limon-0086329.html | https://zdravcity.ru/p_teraflju-ot-grippa-i-prostudy-por-prigot-r-ra-d-vn-priema-22-1g-pak-n5-limon-0092580.html | https://zdravcity.ru/p_stopgripan-forte-por-d-r-ra-vnutr-limon-21-5g-n10-0009086.html,,
5181,342,"ТЕВАГРАСТИМ Р-Р ДЛЯ В/В П/К ВВЕД. 60 МЛН.МЕ/МЛ ШПРИЦ 0,8МЛ №1+УСТР. БЕЗОП. ИГЛ | ТЕВА ФАРМАЦЕВТИЧЕСКИЕ ПРЕДПРИЯТИЯ ЛТД. | ТЕВА ФАРМАЦЕВТИЧЕСКИЕ ПРЕДПРИЯТИЯ ЛТД.",drug,,рецептурный,,,Филграстим,rx,Филграстим,rx,Филграстим,rx,"[{""source"": ""apteka"", ""raw_mnn"": ""Филграстим"", ""field_type"": ""explicit_mnn"", ""canonical_components"": [""Филграстим""], ""url"": null, ""parse_warnings"": []}, {""source"": ""asna"", ""raw_mnn"": ""Филграстим"", ""field_type"": ""explicit_mnn"", ""canonical_components"": [""Филграстим""], ""url"": null, ""parse_warnings"": []}, {""source"": ""vidal"", ""raw_mnn"": ""Филграстим"", ""field_type"": ""explicit_mnn"", ""canonical_components"": [""Филграстим""], ""url"": null, ""parse_warnings"": []}]","[{""component"": ""Филграстим"", ""source_count"": 3, ""sources"": [""apteka"", ""asna"", ""vidal""]}]",Филграстим,Филграстим,resolved_catalog,consensus,rx,unknown,False,False,,,unknown,unknown,Филграстим,False,,,
5429,342,СУПРИМА-БРОНХО СИРОП ФЛ. 100МЛ | ШРЕЯ ЛАЙФ САЕНСИЗ ПВТ.ЛТД | ШРЕЯ ЛАЙФ САЕНСИЗ ПВТ.ЛТД,drug,,otc,,otc,,,"Дихлорбензиловый спирт, Амилметакрезол",,,otc,"[{""source"": ""uteka"", ""raw_mnn"": null, ""field_type"": ""unknown"", ""canonical_components"": [], ""url"": null, ""parse_warnings"": []}, {""source"": ""apteka"", ""raw_mnn"": ""Дихлорбензиловый спирт, Амилметакрезол"", ""field_type"": ""explicit_mnn"", ""canonical_components"": [""Дихлорбензиловый спирт"", ""Амилметакрезол""], ""url"": null, ""parse_warnings"": []}, {""source"": ""vidal"", ""raw_mnn"": null, ""field_type"": ""unknown"", ""canonical_components"": [], ""url"": null, ""parse_warnings"": []}]",[],,,unresolved_catalog,single_source,otc,unknown,True,True,ok_partial,,otc,универсальный,,True,https://www.rlsnet.ru/drugs/suprima-bronxo-21545 | https://megapteka.ru/specials/guide_suprima-bronho-instrukciya-po-3066 | https://megapteka.ru/specials/guide_ambrobene-instrukciya-po-869 | https://medvestnik.ru/ls/a0e407c1-52ff-47f2-a68b-9505729bf3db.html | https://www.rlsnet.ru/drugs/suprima-bronxo-21545 | https://www.vidal.ru/drugs/suprima-broncho__3461 | https://www.eapteka.ru/goods/drugs/respiratory/expectoration/suprima_bronkho_shreya/ | https://megapteka.ru/specials/guide_suprima-bronho-instrukciya-po-3066 | https://samara.asna.ru/cards/suprima-bronkho_100ml_sirop_shreya_layf_saensiz_pvt_ltd.html | https://medvestnik.ru/ls/a0e407c1-52ff-47f2-a68b-9505729bf3db.html | https://zdravcity.ru/p_suprima-bronho-sirop-ot-kashlja-100ml-0004743.html | http://centralsportschool.ru/f/formulyarnoe_rukovodstvo_dlya_vrachej_sportivnyh_uchrezhdenij.pdf | https://base.garant.ru/52490001/ | https://zdravcity.ru/p_suprima-pljus-maz-20g-n1-0014089.html | https://www.pharmindex.ru/pdf/pharmindex_481.pdf | https://zdravcity.ru/p_suprima-bronho-sirop-ot-kashlja-100ml-0004743.html,,
5672,343,СТРЕГА ТАБС ТАБЛ. П/ПЛЕН/ОБ. 5МГ №7 | Синтон Испания С.Л. | Синтон Испания С.Л.,drug,,rx,Левоцетиризин,otc,,,Левоцетиризин,,Левоцетиризин,otc,"[{""source"": ""uteka"", ""raw_mnn"": ""Левоцетиризин"", ""field_type"": ""explicit_mnn"", ""canonical_components"": [""Левоцетиризин""], ""url"": null, ""parse_warnings"": []}, {""source"": ""apteka"", ""raw_mnn"": ""Левоцетиризин"", ""field_type"": ""explicit_mnn"", ""canonical_components"": [""Левоцетиризин""], ""url"": null, ""parse_warnings"": []}, {""source"": ""vidal"", ""raw_mnn"": ""Левоцетиризин"", ""field_type"": ""explicit_mnn"", ""canonical_components"": [""Левоцетиризин""], ""url"": null, ""parse_warnings"": []}]","[{""component"": ""Левоцетиризин"", ""source_count"": 3, ""sources"": [""uteka"", ""apteka"", ""vidal""]}]",Левоцетиризин,Левоцетиризин,resolved_catalog,consensus,otc,unknown,False,False,,,unknown,unknown,Левоцетиризин,False,,,
6000,343,"СПАЗМОФАРМ Р-Р ДЛЯ В/М ВВЕД. 500МГ/МЛ+2МГ/МЛ+0,02МГ/МЛ АМП. 5МЛ №10 | ВетПром АД | ВетПром АД",drug,,rx,,,Метамизол натрия + Питофенон + Фенпивериния бромид,rx,,,Метамизол натрия,rx,"[{""source"": ""asna"", ""raw_mnn"": ""Метамизол натрия + Питофенон + Фенпивериния бромид"", ""field_type"": ""explicit_mnn"", ""canonical_components"": [""Метамизол натрия"", ""Питофенон"", ""Фенпивериния бромид""], ""url"": null, ""parse_warnings"": []}, {""source"": ""vidal"", ""raw_mnn"": ""Метамизол натрия"", ""field_type"": ""explicit_mnn"", ""canonical_components"": [""Метамизол натрия""], ""url"": null, ""parse_warnings"": []}]","[{""component"": ""Метамизол натрия"", ""source_count"": 2, ""sources"": [""asna"", ""vidal""]}, {""component"": ""Питофенон"", ""source_count"": 1, ""sources"": [""asna""]}, {""component"": ""Фенпивериния бромид"", ""source_count"": 1, ""sources"": [""asna""]}]","Метамизол натрия, Питофенон, Фенпивериния бромид","Метамизол натрия, Питофенон, Фенпивериния бромид",resolved_catalog,consensus,rx,unknown,False,False,,,unknown,unknown,"Метамизол натрия, Питофенон, Фенпивериния бромид",False,,,
6569,344,СИНУСЭФРИН СПРЕЙ НАЗ. ФЛ. 15МЛ | ТУЛЬСКАЯ ФАРМАЦЕВТИЧЕСКАЯ ФАБРИКА ООО | ТУЛЬСКАЯ ФАРМАЦЕВТИЧЕСКАЯ ФАБРИКА ООО,drug,,otc,Дексаметазон + Неомицин + Полимиксин B + Фенилэфрин,rx,Дексаметазон* + Неомицин* + Полимиксин B* + Фенилэфрин,rx,"Неомицин, Полимиксин В, Дексаметазон, Фенилэфрин",rx,,rx,"[{""source"": ""uteka"", ""raw_mnn"": ""Дексаметазон + Неомицин + Полимиксин B + Фенилэфрин"", ""field_type"": ""explicit_mnn"", ""canonical_components"": [""Дексаметазон"", ""Неомицин"", ""Полимиксин B"", ""Фенилэфрин""], ""url"": null, ""parse_warnings"": []}, {""source"": ""apteka"", ""raw_mnn"": ""Неомицин, Полимиксин В, Дексаметазон, Фенилэфрин"", ""field_type"": ""explicit_mnn"", ""canonical_components"": [""Неомицин"", ""Полимиксин В"", ""Дексаметазон"", ""Фенилэфрин""], ""url"": null, ""parse_warnings"": []}, {""source"": ""asna"", ""raw_mnn"": ""Дексаметазон* + Неомицин* + Полимиксин B* + Фенилэфрин"", ""field_type"": ""explicit_mnn"", ""canonical_components"": [""Дексаметазон"", ""Неомицин"", ""Полимиксин B"", ""Фенилэфрин""], ""url"": null, ""parse_warnings"": []}, {""source"": ""vidal"", ""raw_mnn"": null, ""field_type"": ""unknown"", ""canonical_components"": [], ""url"": null, ""parse_warnings"": []}]","[{""component"": ""Дексаметазон"", ""source_count"": 3, ""sources"": [""uteka"", ""apteka"", ""asna""]}, {""component"": ""Неомицин"", ""source_count"": 3, ""sources"": [""uteka"", ""apteka"", ""asna""]}, {""component"": ""Фенилэфрин"", ""source_count"": 3, ""sources"": [""uteka"", ""apteka"", ""asna""]}, {""component"": ""Полимиксин B"", ""source_count"": 2, ""sources"": [""uteka"", ""asna""]}]","Дексаметазон, Неомицин, Фенилэфрин, Полимиксин B","Дексаметазон, Неомицин, Фенилэфрин, Полимиксин B",resolved_catalog,consensus,rx,unknown,False,False,,,unknown,unknown,"Дексаметазон, Неомицин, Фенилэфрин, Полимиксин B",False,,,
6583,344,СИНТОМИЦИН ЛИНИМЕНТ 10% ТУБА 25Г НИЖФАРМ | НИЖФАРМ ОА | НИЖФАРМ ОА,drug,,otc,"D,L-хлорамфеникол",otc,"Хлорамфеникол [D,L]",rx,,,Хлорамфеникол,rx,"[{""source"": ""uteka"", ""raw_mnn"": ""D,L-хлорамфеникол"", ""field_type"": ""explicit_mnn"", ""canonical_components"": [""Хлорамфеникол""], ""url"": null, ""parse_warnings"": []}, {""source"": ""asna"", ""raw_mnn"": ""Хлорамфеникол [D,L]"", ""field_type"": ""explicit_mnn"", ""canonical_components"": [""Хлорамфеникол""], ""url"": null, ""parse_warnings"": []}, {""source"": ""vidal"", ""raw_mnn"": ""Хлорамфеникол"", ""field_type"": ""explicit_mnn"", ""canonical_components"": [""Хлорамфеникол""], ""url"": null, ""parse_warnings"": []}]","[{""component"": ""Хлорамфеникол"", ""source_count"": 3, ""sources"": [""uteka"", ""asna"", ""vidal""]}]",Хлорамфеникол,Хлорамфеникол,resolved_catalog,consensus,rx,unknown,False,False,,,unknown,unknown,Хлорамфеникол,False,,,
6613,344,"СИНАФЛАН МАЗЬ Д/НАРУЖ. ПРИМ. 0,025% ТУБА 10Г МУРОМСКИЙ ПСЗ | МУРОМСКИЙ ПЗ | МУРОМСКИЙ ПЗ",drug,,rx,Флуоцинолона ацетонид,otc,Флуоцинолона ацетонид,otc,Флуоцинолона ацетонид,,Флуоцинолона ацетонид,otc,"[{""source"": ""uteka"", ""raw_mnn"": ""Флуоцинолона ацетонид"", ""field_type"": ""explicit_mnn"", ""canonical_components"": [""Флуоцинолона ацетонид""], ""url"": null, ""parse_warnings"": []}, {""source"": ""apteka"", ""raw_mnn"": ""Флуоцинолона ацетонид"", ""field_type"": ""explicit_mnn"", ""canonical_components"": [""Флуоцинолона ацетонид""], ""url"": null, ""parse_warnings"": []}, {""source"": ""asna"", ""raw_mnn"": ""Флуоцинолона ацетонид"", ""field_type"": ""explicit_mnn"", ""canonical_components"": [""Флуоцинолона ацетонид""], ""url"": null, ""parse_warnings"": []}, {""source"": ""vidal"", ""raw_mnn"": ""Флуоцинолона ацетонид"", ""field_type"": ""explicit_mnn"", ""canonical_components"": [""Флуоцинолона ацетонид""], ""url"": null, ""parse_warnings"": []}]","[{""component"": ""Флуоцинолона ацетонид"", ""source_count"": 4, ""sources"": [""uteka"", ""apteka"", ""asna"", ""vidal""]}]",Флуоцинолона ацетонид,Флуоцинолона ацетонид,resolved_catalog,consensus,otc,unknown,False,False,,,unknown,unknown,Флуоцинолона ацетонид,False,,,
6872,345,СИАЛОР (ПРОТАРГОЛ) 2% 10МЛ ТАБЛЕТКА+РАСТВОРИТЕЛЬ КАПЛИ | ОБНОВЛЕНИЕ ПФК АО | ОБНОВЛЕНИЕ ПФК АО,drug,,otc,Серебра протеинат,otc,Серебра протеинат,otc,Серебра протеинат,,Серебра протеинат,otc,"[{""source"": ""uteka"", ""raw_mnn"": ""Серебра протеинат"", ""field_type"": ""explicit_mnn"", ""canonical_components"": [""Серебра протеинат""], ""url"": null, ""parse_warnings"": []}, {""source"": ""apteka"", ""raw_mnn"": ""Серебра протеинат"", ""field_type"": ""explicit_mnn"", ""canonical_components"": [""Серебра протеинат""], ""url"": null, ""parse_warnings"": []}, {""source"": ""asna"", ""raw_mnn"": ""Серебра протеинат"", ""field_type"": ""explicit_mnn"", ""canonical_components"": [""Серебра протеинат""], ""url"": null, ""parse_warnings"": []}, {""source"": ""vidal"", ""raw_mnn"": ""Серебра протеинат"", ""field_type"": ""explicit_mnn"", ""canonical_components"": [""Серебра протеинат""], ""url"": null, ""parse_warnings"": []}]","[{""component"": ""Серебра протеинат"", ""source_count"": 4, ""sources"": [""uteka"", ""apteka"", ""asna"", ""vidal""]}]",Серебра протеинат,Серебра протеинат,resolved_catalog,consensus,otc,unknown,False,False,,,unknown,unknown,Серебра протеинат,False,,,
6877,345,СИАВЕЛЛ ТАБЛ. П/ПЛЕН/ОБ. 20МГ №1 | Велфарм ООО | Велфарм ООО,drug,,rx,Тадалафил,rx,,,,,Тадалафил,rx,"[{""source"": ""uteka"", ""raw_mnn"": ""Тадалафил"", ""field_type"": ""explicit_mnn"", ""canonical_components"": [""Тадалафил""], ""url"": null, ""parse_warnings"": []}, {""source"": ""vidal"", ""raw_mnn"": ""Тадалафил"", ""field_type"": ""explicit_mnn"", ""canonical_components"": [""Тадалафил""], ""url"": null, ""parse_warnings"": []}]","[{""component"": ""Тадалафил"", ""source_count"": 2, ""sources"": [""uteka"", ""vidal""]}]",Тадалафил,Тадалафил,resolved_catalog,consensus,rx,unknown,False,False,,,unknown,unknown,Тадалафил,False,,,
6937,345,"СЕПТОЛЕТЕ ТОТАЛ ТАБЛ. Д/РАССАС. 3МГ+1МГ ЛИМОН-БУЗИНА №8 | КРКА, Д.Д., НОВО МЕСТО АО | КРКА, Д.Д., НОВО МЕСТО АО",drug,,безрецептурный,Бензидамин+Цетилпиридиния хлорид,otc,Цетилпиридиния хлорид*+бензидамин,otc,"Цетилпиридиния хлорид, Бензидамин",,Цетилпиридиния хлорид,otc,"[{""source"": ""uteka"", ""raw_mnn"": ""Бензидамин+Цетилпиридиния хлорид"", ""field_type"": ""explicit_mnn"", ""canonical_components"": [""Бензидамин"", ""Цетилпиридиния хлорид""], ""url"": null, ""parse_warnings"": []}, {""source"": ""apteka"", ""raw_mnn"": ""Цетилпиридиния хлорид, Бензидамин"", ""field_type"": ""explicit_mnn"", ""canonical_components"": [""Цетилпиридиния хлорид"", ""Бензидамин""], ""url"": null, ""parse_warnings"": []}, {""source"": ""asna"", ""raw_mnn"": ""Цетилпиридиния хлорид*+бензидамин"", ""field_type"": ""explicit_mnn"", ""canonical_components"": [""Цетилпиридиния хлорид"", ""Бензидамин""], ""url"": null, ""parse_warnings"": []}, {""source"": ""vidal"", ""raw_mnn"": ""Цетилпиридиния хлорид"", ""field_type"": ""explicit_mnn"", ""canonical_components"": [""Цетилпиридиния хлорид""], ""url"": null, ""parse_warnings"": []}]","[{""component"": ""Цетилпиридиния хлорид"", ""source_count"": 4, ""sources"": [""uteka"", ""apteka"", ""asna"", ""vidal""]}, {""component"": ""Бензидамин"", ""source_count"": 3, ""sources"": [""uteka"", ""apteka"", ""asna""]}]","Цетилпиридиния хлорид, Бензидамин","Цетилпиридиния хлорид, Бензидамин",resolved_catalog,consensus,otc,unknown,False,False,,,unknown,unknown,"Цетилпиридиния хлорид, Бензидамин",False,,,
8018,346,"РИНОМАРИС СПРЕЙ НАЗ. 0,1% ФЛ. 15МЛ | ЯДРАН-ГАЛЕНСКИ ЛАБОРАТОРИЙ А.О. | ЯДРАН-ГАЛЕНСКИ ЛАБОРАТОРИЙ А.О.",drug,,otc,Ксилометазолин,otc,Ксилометазолин,otc,"Натрия гиалуронат, Ксилометазолин",,Ксилометазолин,otc,"[{""source"": ""uteka"", ""raw_mnn"": ""Ксилометазолин"", ""field_type"": ""explicit_mnn"", ""canonical_components"": [""Ксилометазолин""], ""url"": null, ""parse_warnings"": []}, {""source"": ""apteka"", ""raw_mnn"": ""Натрия гиалуронат, Ксилометазолин"", ""field_type"": ""explicit_mnn"", ""canonical_components"": [""Натрия гиалуронат"", ""Ксилометазолин""], ""url"": null, ""parse_warnings"": []}, {""source"": ""asna"", ""raw_mnn"": ""Ксилометазолин"", ""field_type"": ""explicit_mnn"", ""canonical_components"": [""Ксилометазолин""], ""url"": null, ""parse_warnings"": []}, {""source"": ""vidal"", ""raw_mnn"": ""Ксилометазолин"", ""field_type"": ""explicit_mnn"", ""canonical_components"": [""Ксилометазолин""], ""url"": null, ""parse_warnings"": []}]","[{""component"": ""Ксилометазолин"", ""source_count"": 4, ""sources"": [""uteka"", ""apteka"", ""asna"", ""vidal""]}]",Ксилометазолин,Ксилометазолин,resolved_catalog,consensus,otc,unknown,False,False,,,unknown,unknown,Ксилометазолин,False,,,
8030,346,РИНИКОЛД ХОТКАП ПОР. Д/Р-РА Д/ПРИЕМА ВНУТРЬ ЛИМОН САШЕ 5Г №10 | ШРЕЯ ЛАЙФ САЕНСИЗ ПВТ.ЛТД | ШРЕЯ ЛАЙФ САЕНСИЗ ПВТ.ЛТД,drug,,otc,Кофеин + Парацетамол + Фенилэфрин + Фенирамин,otc,,,"Парацетамол, Кофеин, Фенирамин, Фенилэфрин",,,otc,"[{""source"": ""uteka"", ""raw_mnn"": ""Кофеин + Парацетамол + Фенилэфрин + Фенирамин"", ""field_type"": ""explicit_mnn"", ""canonical_components"": [""Кофеин"", ""Парацетамол"", ""Фенилэфрин"", ""Фенирамин""], ""url"": null, ""parse_warnings"": []}, {""source"": ""apteka"", ""raw_mnn"": ""Парацетамол, Кофеин, Фенирамин, Фенилэфрин"", ""field_type"": ""explicit_mnn"", ""canonical_components"": [""Парацетамол"", ""Кофеин"", ""Фенирамин"", ""Фенилэфрин""], ""url"": null, ""parse_warnings"": []}, {""source"": ""vidal"", ""raw_mnn"": null, ""field_type"": ""unknown"", ""canonical_components"": [], ""url"": null, ""parse_warnings"": []}]","[{""component"": ""Кофеин"", ""source_count"": 2, ""sources"": [""uteka"", ""apteka""]}, {""component"": ""Парацетамол"", ""source_count"": 2, ""sources"": [""uteka"", ""apteka""]}, {""component"": ""Фенилэфрин"", ""source_count"": 2, ""sources"": [""uteka"", ""apteka""]}, {""component"": ""Фенирамин"", ""source_count"": 2, ""sources"": [""uteka"", ""apteka""]}]","Кофеин, Парацетамол, Фенилэфрин, Фенирамин","Кофеин, Парацетамол, Фенилэфрин, Фенирамин",resolved_catalog,consensus,otc,unknown,False,False,,,unknown,unknown,"Кофеин, Парацетамол, Фенилэфрин, Фенирамин",False,,,
8048,346,РИНЗА КИДС ПОР. Д/Р-РА Д/ПРИЕМА ВНУТРЬ МАЛИНА ПАК-САШЕ ПО 3Г №10 | ЮНИК ФАРМАСЬЮТИКАЛ ЛАБОРАТОРИЗ (ОТДЕЛЕНИЕ ФИРМЫ ДЖ.Б.КЕМИКАЛС ЭНД ФАРМАСЬЮТИКАЛС ЛТД) | ЮНИК ФАРМАСЬЮТИКАЛ ЛАБОРАТОРИЗ (ОТДЕЛЕНИЕ ФИРМЫ ДЖ.Б.КЕМИКАЛС ЭНД ФАРМАСЬЮТИКАЛС ЛТД),drug,,безрецептурный,Парацетамол + Фенилэфрин + Аскорбиновая кислота,otc,Парацетамол* + Фенирамин* + Аскорбиновая кислота,otc,"Парацетамол, Аскорбиновая кислота, Фенирамин",,Парацетамол,otc,"[{""source"": ""uteka"", ""raw_mnn"": ""Парацетамол + Фенилэфрин + Аскорбиновая кислота"", ""field_type"": ""explicit_mnn"", ""canonical_components"": [""Парацетамол"", ""Фенилэфрин"", ""Аскорбиновая кислота""], ""url"": null, ""parse_warnings"": []}, {""source"": ""apteka"", ""raw_mnn"": ""Парацетамол, Аскорбиновая кислота, Фенирамин"", ""field_type"": ""explicit_mnn"", ""canonical_components"": [""Парацетамол"", ""Аскорбиновая кислота"", ""Фенирамин""], ""url"": null, ""parse_warnings"": []}, {""source"": ""asna"", ""raw_mnn"": ""Парацетамол* + Фенирамин* + Аскорбиновая кислота"", ""field_type"": ""explicit_mnn"", ""canonical_components"": [""Парацетамол"", ""Фенирамин"", ""Аскорбиновая кислота""], ""url"": null, ""parse_warnings"": []}, {""source"": ""vidal"", ""raw_mnn"": ""Парацетамол"", ""field_type"": ""explicit_mnn"", ""canonical_components"": [""Парацетамол""], ""url"": null, ""parse_warnings"": []}]","[{""component"": ""Парацетамол"", ""source_count"": 4, ""sources"": [""uteka"", ""apteka"", ""asna"", ""vidal""]}, {""component"": ""Аскорбиновая кислота"", ""source_count"": 3, ""sources"": [""uteka"", ""apteka"", ""asna""]}, {""component"": ""Фенирамин"", ""source_count"": 2, ""sources"": [""apteka"", ""asna""]}]","Парацетамол, Аскорбиновая кислота, Фенирамин","Парацетамол, Аскорбиновая кислота, Фенирамин",resolved_catalog,consensus,otc,unknown,False,False,,,unknown,unknown,"Парацетамол, Аскорбиновая кислота, Фенирамин",False,,,
8050,346,РИНГЕР-СОЛОФАРМ Р-Р Д/ИНФ. ФЛ. ПОЛИПРОП. 500МЛ №20 ГРОТЕКС | ГРОТЕКС ООО | ГРОТЕКС ООО,drug,,rx,Натрия хлорида раствор сложный [Калия хлорид + Кальция хлорид + Натрия хлорид],rx,Калия хлорид+Кальция хлорид+Натрия хлорид,rx,,,Натрия хлорида раствор сложный,rx,"[{""source"": ""uteka"", ""raw_mnn"": ""Натрия хлорида раствор сложный [Калия хлорид + Кальция хлорид + Натрия хлорид]"", ""field_type"": ""explicit_mnn"", ""canonical_components"": [""Натрия хлорид"", ""Калия хлорид"", ""Кальция хлорид""], ""url"": null, ""parse_warnings"": []}, {""source"": ""asna"", ""raw_mnn"": ""Калия хлорид+Кальция хлорид+Натрия хлорид"", ""field_type"": ""explicit_mnn"", ""canonical_components"": [""Калия хлорид"", ""Кальция хлорид"", ""Натрия хлорид""], ""url"": null, ""parse_warnings"": []}, {""source"": ""vidal"", ""raw_mnn"": ""Натрия хлорида раствор сложный"", ""field_type"": ""explicit_mnn"", ""canonical_components"": [""Натрия хлорид""], ""url"": null, ""parse_warnings"": []}]","[{""component"": ""Натрия хлорид"", ""source_count"": 3, ""sources"": [""uteka"", ""asna"", ""vidal""]}, {""component"": ""Калия хлорид"", ""source_count"": 2, ""sources"": [""uteka"", ""asna""]}, {""component"": ""Кальция хлорид"", ""source_count"": 2, ""sources"": [""uteka"", ""asna""]}]","Натрия хлорид, Калия хлорид, Кальция хлорид","Натрия хлорид, Калия хлорид, Кальция хлорид",resolved_catalog,consensus,rx,unknown,False,False,,,unknown,unknown,"Натрия хлорид, Калия хлорид, Кальция хлорид",False,,,
8173,346,"РЕСТАСИС КАПЛИ ГЛАЗН. 0,05% ФЛ. 0,4МЛ №30 | АЛЛЕРГАН СЕЙЛС ЛЛС | АЛЛЕРГАН СЕЙЛС ЛЛС",drug,,рецептурный,Циклоспорин,rx,Циклоспорин,rx,Циклоспорин,rx,Циклоспорин,rx,"[{""source"": ""uteka"", ""raw_mnn"": ""Циклоспорин"", ""field_type"": ""explicit_mnn"", ""canonical_components"": [""Циклоспорин""], ""url"": null, ""parse_warnings"": []}, {""source"": ""apteka"", ""raw_mnn"": ""Циклоспорин"", ""field_type"": ""explicit_mnn"", ""canonical_components"": [""Циклоспорин""], ""url"": null, ""parse_warnings"": []}, {""source"": ""asna"", ""raw_mnn"": ""Циклоспорин"", ""field_type"": ""explicit_mnn"", ""canonical_components"": [""Циклоспорин""], ""url"": null, ""parse_warnings"": []}, {""source"": ""vidal"", ""raw_mnn"": ""Циклоспорин"", ""field_type"": ""explicit_mnn"", ""canonical_components"": [""Циклоспорин""], ""url"": null, ""parse_warnings"": []}]","[{""component"": ""Циклоспорин"", ""source_count"": 4, ""sources"": [""uteka"", ""apteka"", ""asna"", ""vidal""]}]",Циклоспорин,Циклоспорин,resolved_catalog,consensus,rx,unknown,False,False,,,unknown,unknown,Циклоспорин,False,,,
8231,346,РЕННИ ТАБЛ. ЖЕВ. С АПЕЛЬСИНОВЫМ ВКУСОМ 680МГ+80МГ №48 | ДЕЛФАРМ ГАЙЯРД | ДЕЛФАРМ ГАЙЯРД,drug,,otc,,,Кальция карбонат + Магния карбонат,otc,"Кальция карбонат, Магния карбонат",,Кальция карбонат,otc,"[{""source"": ""apteka"", ""raw_mnn"": ""Кальция карбонат, Магния карбонат"", ""field_type"": ""explicit_mnn"", ""canonical_components"": [""Кальция карбонат"", ""Магния карбонат""], ""url"": null, ""parse_warnings"": []}, {""source"": ""asna"", ""raw_mnn"": ""Кальция карбонат + Магния карбонат"", ""field_type"": ""explicit_mnn"", ""canonical_components"": [""Кальция карбонат"", ""Магния карбонат""], ""url"": null, ""parse_warnings"": []}, {""source"": ""vidal"", ""raw_mnn"": ""Кальция карбонат"", ""field_type"": ""explicit_mnn"", ""canonical_components"": [""Кальция карбонат""], ""url"": null, ""parse_warnings"": []}]","[{""component"": ""Кальция карбонат"", ""source_count"": 3, ""sources"": [""apteka"", ""asna"", ""vidal""]}, {""component"": ""Магния карбонат"", ""source_count"": 2, ""sources"": [""apteka"", ""asna""]}]","Кальция карбонат, Магния карбонат","Кальция карбонат, Магния карбонат",resolved_catalog,consensus,otc,unknown,False,False,,,unknown,unknown,"Кальция карбонат, Магния карбонат",False,,,
8431,347,РЕАФЕРОН-ЕС ЛИОФ. Д/Р-РА Д/ИН. И МЕСТН. ПРИМ. 3МЛН МЕ АМП. №5 | ВЕКТОР-МЕДИКА АО | ВЕКТОР-МЕДИКА АО,drug,,рецептурный,Интерферон альфа-2b человеческий рекомбинантный,rx,Интерферон альфа-2b,rx,Интерферон альфа-2b,rx,Интерферон альфа-2b,rx,"[{""source"": ""uteka"", ""raw_mnn"": ""Интерферон альфа-2b человеческий рекомбинантный"", ""field_type"": ""explicit_mnn"", ""canonical_components"": [""Интерферон альфа-2b человеческий рекомбинантный""], ""url"": null, ""parse_warnings"": []}, {""source"": ""apteka"", ""raw_mnn"": ""Интерферон альфа-2b"", ""field_type"": ""explicit_mnn"", ""canonical_components"": [""Интерферон альфа-2b""], ""url"": null, ""parse_warnings"": []}, {""source"": ""asna"", ""raw_mnn"": ""Интерферон альфа-2b"", ""field_type"": ""explicit_mnn"", ""canonical_components"": [""Интерферон альфа-2b""], ""url"": null, ""parse_warnings"": []}, {""source"": ""vidal"", ""raw_mnn"": ""Интерферон альфа-2b"", ""field_type"": ""explicit_mnn"", ""canonical_components"": [""Интерферон альфа-2b""], ""url"": null, ""parse_warnings"": []}]","[{""component"": ""Интерферон альфа-2b"", ""source_count"": 3, ""sources"": [""apteka"", ""asna"", ""vidal""]}]",Интерферон альфа-2b,Интерферон альфа-2b,resolved_catalog,consensus,rx,unknown,False,False,,,unknown,unknown,Интерферон альфа-2b,False,,,
8516,347,РАМНИПРАЗОЛ ТАБЛ. КИШ-РАСТ. П/О 10МГ №28 | ТАТХИМФАРМПРЕПАРАТЫ АО | ТАТХИМФАРМПРЕПАРАТЫ АО,drug,рамнипразол,rx,Рабепразол,otc,,,Рабепразол,,,,"[{""source"": ""uteka"", ""raw_mnn"": ""Рабепразол"", ""field_type"": ""explicit_mnn"", ""canonical_components"": [""Рабепразол""], ""url"": null, ""parse_warnings"": []}, {""source"": ""apteka"", ""raw_mnn"": ""Рабепразол"", ""field_type"": ""explicit_mnn"", ""canonical_components"": [""Рабепразол""], ""url"": null, ""parse_warnings"": []}]","[{""component"": ""Рабепразол"", ""source_count"": 2, ""sources"": [""uteka"", ""apteka""]}]",Рабепразол,Рабепразол,resolved_catalog,consensus,unknown,unknown,False,False,,,unknown,unknown,Рабепразол,False,,,
8551,347,РАЛЕФ ТАБЛ. П/ПЛЕН/ОБ. 20МГ №30 | ОБОЛЕНСКОЕ ФП АО | ОБОЛЕНСКОЕ ФП АО,drug,,rx,Лефлуномид,rx,,,,,Лефлуномид,rx,"[{""source"": ""uteka"", ""raw_mnn"": ""Лефлуномид"", ""field_type"": ""explicit_mnn"", ""canonical_components"": [""Лефлуномид""], ""url"": null, ""parse_warnings"": []}, {""source"": ""vidal"", ""raw_mnn"": ""Лефлуномид"", ""field_type"": ""explicit_mnn"", ""canonical_components"": [""Лефлуномид""], ""url"": null, ""parse_warnings"": []}]","[{""component"": ""Лефлуномид"", ""source_count"": 2, ""sources"": [""uteka"", ""vidal""]}]",Лефлуномид,Лефлуномид,resolved_catalog,consensus,rx,unknown,False,False,,,unknown,unknown,Лефлуномид,False,,,
8558,347,РАЗАГИЛИН МЕДИСОРБ ТАБЛ. 1МГ №30 | МЕДИСОРБ АО | МЕДИСОРБ АО,drug,разагилин,рецептурный,Разагилин,rx,Разагилин,rx,Разагилин,rx,Разагилин,rx,"[{""source"": ""uteka"", ""raw_mnn"": ""Разагилин"", ""field_type"": ""explicit_mnn"", ""canonical_components"": [""Разагилин""], ""url"": null, ""parse_warnings"": []}, {""source"": ""apteka"", ""raw_mnn"": ""Разагилин"", ""field_type"": ""explicit_mnn"", ""canonical_components"": [""Разагилин""], ""url"": null, ""parse_warnings"": []}, {""source"": ""asna"", ""raw_mnn"": ""Разагилин"", ""field_type"": ""explicit_mnn"", ""canonical_components"": [""Разагилин""], ""url"": null, ""parse_warnings"": []}, {""source"": ""vidal"", ""raw_mnn"": ""Разагилин"", ""field_type"": ""explicit_mnn"", ""canonical_components"": [""Разагилин""], ""url"": null, ""parse_warnings"": []}]","[{""component"": ""Разагилин"", ""source_count"": 4, ""sources"": [""uteka"", ""apteka"", ""asna"", ""vidal""]}]",Разагилин,Разагилин,resolved_catalog,consensus,rx,unknown,False,False,,,unknown,unknown,Разагилин,False,,,
8675,347,"ПУЛЬМИКОРТ СУСП.Д/ИНГАЛ. ДОЗИР. 0,25МГ/МЛ КОНТ. 2МЛ №20 | АСТРАЗЕНЕКА АБ | АСТРАЗЕНЕКА АБ",drug,,rx,Будесонид,rx,Будесонид,rx,Будесонид,rx,Будесонид,rx,"[{""source"": ""uteka"", ""raw_mnn"": ""Будесонид"", ""field_type"": ""explicit_mnn"", ""canonical_components"": [""Будесонид""], ""url"": null, ""parse_warnings"": []}, {""source"": ""apteka"", ""raw_mnn"": ""Будесонид"", ""field_type"": ""explicit_mnn"", ""canonical_components"": [""Будесонид""], ""url"": null, ""parse_warnings"": []}, {""source"": ""asna"", ""raw_mnn"": ""Будесонид"", ""field_type"": ""explicit_mnn"", ""canonical_components"": [""Будесонид""], ""url"": null, ""parse_warnings"": []}, {""source"": ""vidal"", ""raw_mnn"": ""Будесонид"", ""field_type"": ""explicit_mnn"", ""canonical_components"": [""Будесонид""], ""url"": null, ""parse_warnings"": []}]","[{""component"": ""Будесонид"", ""source_count"": 4, ""sources"": [""uteka"", ""apteka"", ""asna"", ""vidal""]}]",Будесонид,Будесонид,resolved_catalog,consensus,rx,unknown,False,False,,,unknown,unknown,Будесонид,False,,,
8736,348,ПРОСТУДОКС ПОР. Д/Р-РА Д/ПРИЕМА ВНУТРЬ ЛИМОН 5Г №5 | СИНТЕЗ | СИНТЕЗ,drug,,otc,Парацетамол + Фенилэфрин + Аскорбиновая кислота,otc,Парацетамол + Фенилэфрин + Аскорбиновая кислота,otc,"Парацетамол, Аскорбиновая кислота, Фенилэфрин",,Аскорбиновая кислота,otc,"[{""source"": ""uteka"", ""raw_mnn"": ""Парацетамол + Фенилэфрин + Аскорбиновая кислота"", ""field_type"": ""explicit_mnn"", ""canonical_components"": [""Парацетамол"", ""Фенилэфрин"", ""Аскорбиновая кислота""], ""url"": null, ""parse_warnings"": []}, {""source"": ""apteka"", ""raw_mnn"": ""Парацетамол, Аскорбиновая кислота, Фенилэфрин"", ""field_type"": ""explicit_mnn"", ""canonical_components"": [""Парацетамол"", ""Аскорбиновая кислота"", ""Фенилэфрин""], ""url"": null, ""parse_warnings"": []}, {""source"": ""asna"", ""raw_mnn"": ""Парацетамол + Фенилэфрин + Аскорбиновая кислота"", ""field_type"": ""explicit_mnn"", ""canonical_components"": [""Парацетамол"", ""Фенилэфрин"", ""Аскорбиновая кислота""], ""url"": null, ""parse_warnings"": []}, {""source"": ""vidal"", ""raw_mnn"": ""Аскорбиновая кислота"", ""field_type"": ""explicit_mnn"", ""canonical_components"": [""Аскорбиновая кислота""], ""url"": null, ""parse_warnings"": []}]","[{""component"": ""Аскорбиновая кислота"", ""source_count"": 4, ""sources"": [""uteka"", ""apteka"", ""asna"", ""vidal""]}, {""component"": ""Парацетамол"", ""source_count"": 3, ""sources"": [""uteka"", ""apteka"", ""asna""]}, {""component"": ""Фенилэфрин"", ""source_count"": 3, ""sources"": [""uteka"", ""apteka"", ""asna""]}]","Аскорбиновая кислота, Парацетамол, Фенилэфрин","Аскорбиновая кислота, Парацетамол, Фенилэфрин",resolved_catalog,consensus,otc,unknown,False,False,,,unknown,unknown,"Аскорбиновая кислота, Парацетамол, Фенилэфрин",False,,,
8858,348,"ПРОЛАТАН КАПЛИ ГЛАЗН. 0,005% ФЛ. 2,5МЛ №3 | СЕНТИСС ФАРМА ПВТ. ЛТД. | СЕНТИСС ФАРМА ПВТ. ЛТД.",drug,,,Латанопрост,rx,Латанопрост,rx,Латанопрост,rx,Латанопрост,rx,"[{""source"": ""uteka"", ""raw_mnn"": ""Латанопрост"", ""field_type"": ""explicit_mnn"", ""canonical_components"": [""Латанопрост""], ""url"": null, ""parse_warnings"": []}, {""source"": ""apteka"", ""raw_mnn"": ""Латанопрост"", ""field_type"": ""explicit_mnn"", ""canonical_components"": [""Латанопрост""], ""url"": null, ""parse_warnings"": []}, {""source"": ""asna"", ""raw_mnn"": ""Латанопрост"", ""field_type"": ""explicit_mnn"", ""canonical_components"": [""Латанопрост""], ""url"": null, ""parse_warnings"": []}, {""source"": ""vidal"", ""raw_mnn"": ""Латанопрост"", ""field_type"": ""explicit_mnn"", ""canonical_components"": [""Латанопрост""], ""url"": null, ""parse_warnings"": []}]","[{""component"": ""Латанопрост"", ""source_count"": 4, ""sources"": [""uteka"", ""apteka"", ""asna"", ""vidal""]}]",Латанопрост,Латанопрост,resolved_catalog,consensus,rx,unknown,False,False,,,unknown,unknown,Латанопрост,False,,,
9086,348,ПРЕДУКТАЛ ОД КАПС. ПРОЛОНГ. 80МГ №30 | СЕРВЬЕ РУС ООО | СЕРВЬЕ РУС ООО,drug,,рецептурный,Триметазидин,rx,Триметазидин,rx,Триметазидин,rx,Триметазидин,rx,"[{""source"": ""uteka"", ""raw_mnn"": ""Триметазидин"", ""field_type"": ""explicit_mnn"", ""canonical_components"": [""Триметазидин""], ""url"": null, ""parse_warnings"": []}, {""source"": ""apteka"", ""raw_mnn"": ""Триметазидин"", ""field_type"": ""explicit_mnn"", ""canonical_components"": [""Триметазидин""], ""url"": null, ""parse_warnings"": []}, {""source"": ""asna"", ""raw_mnn"": ""Триметазидин"", ""field_type"": ""explicit_mnn"", ""canonical_components"": [""Триметазидин""], ""url"": null, ""parse_warnings"": []}, {""source"": ""vidal"", ""raw_mnn"": ""Триметазидин"", ""field_type"": ""explicit_mnn"", ""canonical_components"": [""Триметазидин""], ""url"": null, ""parse_warnings"": []}]","[{""component"": ""Триметазидин"", ""source_count"": 4, ""sources"": [""uteka"", ""apteka"", ""asna"", ""vidal""]}]",Триметазидин,Триметазидин,resolved_catalog,consensus,rx,unknown,False,False,,,unknown,unknown,Триметазидин,False,,,
9334,348,ПОДОРОЖНИКА СИРОП ФЛ. 100МЛ ВИФИТЕХ | ВИФИТЕХ | ВИФИТЕХ,drug,Подорожника большого листьев экстракт,otc,,,,,,,,,[],[],,,unresolved_catalog,empty,unknown,unknown,True,True,ok_partial,,otc,универсальный,,True,https://www.rlsnet.ru/drugs/gerbion-sirop-podoroznika-7964 | https://megapteka.ru/specials/guide_doktor-tajss-s-6963 | https://aptekamos.ru/tovary/lekarstva/askorbinovaya-kislota-malvy-cvetkov-podorozhnika-lancetovidnogo-listev-ekstrakt-17103/malvy-i-podorozhnika-sirop-s-vitaminom-c-sirop-100ml-110086/instrukciya | https://megapteka.ru/specials/guide_gerbion-sirop-plyushha-4649 | https://medi.ru/instrukciya/gerbion-eskulyus_279/ | https://medvestnik.ru/ls/a0e4068d-6088-4dca-a079-812e92f003ec.html | https://megapteka.ru/specials/guide_doktor-tajss-s-6963 | https://apteka.103.by/podorozhnika-sirop-dlya-detey-i-vzroslykh-instruktsiya/ | https://www.rlsnet.ru/drugs/podoroznika-sirop-13240 | https://ekzon.by/catalog/Podorozhnika-sirop | https://medvestnik.ru/ls/a0e4068d-6088-4dca-a079-812e92f003ec.html | https://apteka.ru/product/gerbion-sirop-podorozhnika-150ml-5f966c0f08b49b0001d60851/instructions/ | https://zdravcity.ru/p_gerbion-sirop-podorozhnika-150ml-n1-0006294.html | https://www.kp.ru/guide/sirop-ot-kashlja-pri-koronaviruse.html | https://zhurnal-vokls.ru/wp-content/uploads/2025/10/49ru_all_ok.pdf | https://zdravcity.ru/p_gerbion-sirop-podorozhnika-150ml-n1-0006294.html,,
9379,348,ПЛЕНДИЛ ТАБЛ. ПРОЛОНГ. П/ПЛЕН/ОБ. 5МГ №30 | АСТРАЗЕНЕКА ФАРМАСЬЮТИКАЛЗ | АСТРАЗЕНЕКА ФАРМАСЬЮТИКАЛЗ,drug,,rx,Фелодипин,rx,Фелодипин,rx,,,Фелодипин,rx,"[{""source"": ""uteka"", ""raw_mnn"": ""Фелодипин"", ""field_type"": ""explicit_mnn"", ""canonical_components"": [""Фелодипин""], ""url"": null, ""parse_warnings"": []}, {""source"": ""asna"", ""raw_mnn"": ""Фелодипин"", ""field_type"": ""explicit_mnn"", ""canonical_components"": [""Фелодипин""], ""url"": null, ""parse_warnings"": []}, {""source"": ""vidal"", ""raw_mnn"": ""Фелодипин"", ""field_type"": ""explicit_mnn"", ""canonical_components"": [""Фелодипин""], ""url"": null, ""parse_warnings"": []}]","[{""component"": ""Фелодипин"", ""source_count"": 3, ""sources"": [""uteka"", ""asna"", ""vidal""]}]",Фелодипин,Фелодипин,resolved_catalog,consensus,rx,unknown,False,False,,,unknown,unknown,Фелодипин,False,,,
9410,348,ПЛАНИЖЕНС ЛЕВО ТАБЛ. П/О 150МКГ+30МКГ №21 | ФАРМАСИНТЕЗ-ТЮМЕНЬ ООО | ФАРМАСИНТЕЗ-ТЮМЕНЬ ООО,drug,,rx,,,Левоноргестрел+Этинилэстрадиол,rx,,,Этинилэстрадиол,rx,"[{""source"": ""asna"", ""raw_mnn"": ""Левоноргестрел+Этинилэстрадиол"", ""field_type"": ""explicit_mnn"", ""canonical_components"": [""Левоноргестрел"", ""Этинилэстрадиол""], ""url"": null, ""parse_warnings"": []}, {""source"": ""vidal"", ""raw_mnn"": ""Этинилэстрадиол"", ""field_type"": ""explicit_mnn"", ""canonical_components"": [""Этинилэстрадиол""], ""url"": null, ""parse_warnings"": []}]","[{""component"": ""Этинилэстрадиол"", ""source_count"": 2, ""sources"": [""asna"", ""vidal""]}, {""component"": ""Левоноргестрел"", ""source_count"": 1, ""sources"": [""asna""]}]","Этинилэстрадиол, Левоноргестрел","Этинилэстрадиол, Левоноргестрел",resolved_catalog,consensus,rx,unknown,False,False,,,unknown,unknown,"Этинилэстрадиол, Левоноргестрел",False,,,
9443,349,"ПИТАВАСТОР ТАБЛ. П/ПЛЕН/ОБ. 4МГ №28 | ВАН ИН ФАРМ. КО., ЛТД. | ВАН ИН ФАРМ. КО., ЛТД.",drug,,rx,Питавастатин,rx,Питавастатин,rx,,,Питавастатин,rx,"[{""source"": ""uteka"", ""raw_mnn"": ""Питавастатин"", ""field_type"": ""explicit_mnn"", ""canonical_components"": [""Питавастатин""], ""url"": null, ""parse_warnings"": []}, {""source"": ""asna"", ""raw_mnn"": ""Питавастатин"", ""field_type"": ""explicit_mnn"", ""canonical_components"": [""Питавастатин""], ""url"": null, ""parse_warnings"": []}, {""source"": ""vidal"", ""raw_mnn"": ""Питавастатин"", ""field_type"": ""explicit_mnn"", ""canonical_components"": [""Питавастатин""], ""url"": null, ""parse_warnings"": []}]","[{""component"": ""Питавастатин"", ""source_count"": 3, ""sources"": [""uteka"", ""asna"", ""vidal""]}]",Питавастатин,Питавастатин,resolved_catalog,consensus,rx,unknown,False,False,,,unknown,unknown,Питавастатин,False,,,
9485,349,ПИРАНТЕЛ ТАБЛ. 250МГ №3 ОКСФОРД | ОКСФОРД ЛАБОРАТОРИЗ ПВТ. ЛТД | ОКСФОРД ЛАБОРАТОРИЗ ПВТ. ЛТД,drug,Пирантел,otc,Пирантел,rx,Пирантел,rx,,,Пирантел,otc,"[{""source"": ""uteka"", ""raw_mnn"": ""Пирантел"", ""field_type"": ""explicit_mnn"", ""canonical_components"": [""Пирантел""], ""url"": null, ""parse_warnings"": []}, {""source"": ""asna"", ""raw_mnn"": ""Пирантел"", ""field_type"": ""explicit_mnn"", ""canonical_components"": [""Пирантел""], ""url"": null, ""parse_warnings"": []}, {""source"": ""vidal"", ""raw_mnn"": ""Пирантел"", ""field_type"": ""explicit_mnn"", ""canonical_components"": [""Пирантел""], ""url"": null, ""parse_warnings"": []}]","[{""component"": ""Пирантел"", ""source_count"": 3, ""sources"": [""uteka"", ""asna"", ""vidal""]}]",Пирантел,Пирантел,resolved_catalog,consensus,rx,unknown,False,False,,,unknown,unknown,Пирантел,False,,,
9514,349,ПИНОСОЛ СПРЕЙ НАЗ. ФЛ. 10МЛ | ФАРМАК ПАО | ФАРМАК ПАО,drug,,otc,"Мяты Перечной Масло, Тимол, Эвкалиптовое Масло, Сосны Обыкновенной Масло, Гвайязулен",otc,,otc,,,,otc,"[{""source"": ""uteka"", ""raw_mnn"": ""Мяты Перечной Масло, Тимол, Эвкалиптовое Масло, Сосны Обыкновенной Масло, Гвайязулен"", ""field_type"": ""explicit_mnn"", ""canonical_components"": [""Мяты Перечной Масло"", ""Тимол"", ""Эвкалиптовое Масло"", ""Сосны Обыкновенной Масло"", ""Гвайязулен""], ""url"": null, ""parse_warnings"": []}, {""source"": ""asna"", ""raw_mnn"": null, ""field_type"": ""unknown"", ""canonical_components"": [], ""url"": null, ""parse_warnings"": []}, {""source"": ""vidal"", ""raw_mnn"": null, ""field_type"": ""unknown"", ""canonical_components"": [], ""url"": null, ""parse_warnings"": []}]",[],,,unresolved_catalog,single_source,otc,unknown,True,True,ok_partial,,otc,универсальный,,True,https://www.rlsnet.ru/drugs/pinosol-2448 | https://aptekamos.ru/tovary/lekarstva/pinosol-2854/pinosol-kapli-10ml-6931/instrukciya | https://aptekamos.ru/tovary/lekarstva/pinosol-2854/pinosol-maz-10g-18975/instrukciya | https://www.pro-ability.ru/tpost/418viplyg1-podrobnaya-instruktsiya-po-ispolzovaniyu | https://megapteka.ru/specials/guide_pinosol-instrukciya-po-1506 | https://www.rlsnet.ru/drugs/pinosol-2448 | https://www.vidal.ru/drugs/pinosol__1215 | https://belayaapteka.ru/catalog/lekarstvennye_preparaty/pages/pinosol/?display=table&spell=1&q=%D0%BF%D0%B8%D0%BD%D0%BE%D1%81%D0%BE%D0%BB | https://chita.budzdorov.ru/forms/pinosol | https://apteka.103.by/pinosol-instruktsiya/ | https://zdravcity.ru/p_pinosol-kapli-naz-10ml-0004642.html | https://zdravcity.ru/p_pinosol-sprej-naz-10ml-0007444.html | https://www.katrenstyle.ru/news/grls_pokinuli_vosem_ls_i_shest_farmsubstantsiy | https://vademec.ru/news/2025/02/28/spazmolitik-s-paratsetamolom-mozhet-popast-v-perechen-pku/ | https://zdravcity.ru/p_pinosol-kapli-naz-10ml-0004642.html | https://abbottpro.ru/preparation/?direction%5B%5D=262337&direction%5B%5D=262340,,
9522,349,ПИМАФУЦИН СУПП. ВАГ. 100МГ №3 | ТЕММЛЕР ИТАЛИА С.Р.Л | ТЕММЛЕР ИТАЛИА С.Р.Л,drug,,otc,Натамицин,otc,,,,,Натамицин,otc,"[{""source"": ""uteka"", ""raw_mnn"": ""Натамицин"", ""field_type"": ""explicit_mnn"", ""canonical_components"": [""Натамицин""], ""url"": null, ""parse_warnings"": []}, {""source"": ""vidal"", ""raw_mnn"": ""Натамицин"", ""field_type"": ""explicit_mnn"", ""canonical_components"": [""Натамицин""], ""url"": null, ""parse_warnings"": []}]","[{""component"": ""Натамицин"", ""source_count"": 2, ""sources"": [""uteka"", ""vidal""]}]",Натамицин,Натамицин,resolved_catalog,consensus,otc,unknown,False,False,,,unknown,unknown,Натамицин,False,,,
9558,349,ПИКАМИЛОН ТАБЛ. 50МГ №30 | ФАРМСТАНДАРТ-УФАВИТА ОАО | ФАРМСТАНДАРТ-УФАВИТА ОАО,drug,Пикамилон,rx,Никотиноил гамма-аминомасляная кислота,rx,,,,,,,"[{""source"": ""uteka"", ""raw_mnn"": ""Никотиноил гамма-аминомасляная кислота"", ""field_type"": ""explicit_mnn"", ""canonical_components"": [""Никотиноил гамма-аминомасляная кислота""], ""url"": null, ""parse_warnings"": []}]",[],,,unresolved_catalog,single_source,unknown,unknown,True,True,ok,Никотиноил гамма-аминомасляная кислота,rx,универсальный,Никотиноил гамма-аминомасляная кислота,False,https://www.rlsnet.ru/drugs/pikamilon-5297 | https://aptekamos.ru/tovary/lekarstva/nikotinoil-gamma-aminomaslyanaya-kislota-2849/pikamilon-tabletki-50mg-6898/instrukciya | https://megapteka.ru/specials/guide_pikamilon-instrukciya-po-5504 | https://medvestnik.ru/ls/a0e407b8-9215-4aae-8421-af05fa092e4e.html | https://medvestnik.ru/ls/a0e40923-e364-4f30-aa97-e7c1317b5bc2.html | https://www.vidal.ru/drugs/picamilon__12778 | https://www.asna.ru/product/pikamilon/instruction/ | https://www.rlsnet.ru/drugs/pikamilon-5297 | https://apteki.yandex.ru/news/pikamilon-instrukciya-po-primeneniyu | https://megapteka.ru/specials/guide_pikamilon-instrukciya-po-5504 | https://zdravcity.ru/p_pikamilon-tab-50mg-n60-0170034.html | https://366.ru/p/pikamilon-ginkgo-kaps-40-mg--20-mg-30-345006/ | https://gorzdrav.org/p/pikamilon-ginkgo-kaps-40-mg-20-mg-90-649514/ | https://zdravcity.ru/p_pikamilon-tab-50mg-n30-0004954.html | https://t-j.ru/list/non-working-anxiety/ | https://www.fknz.ru/wp-content/uploads/2020/01/PM.01-Realizatsiya-lekarstvennyh-preparatov-i-tovarov-aptechnogo-assortimenta-RP-2019.pdf,,
9706,350,ПЕРСЕН ТАБЛ. П/О №40 СОФАРМА | СОФАРМА | СОФАРМА,drug,,безрецептурный,Валерианы лекарственной корневищ с корнями экстракт + Мелиссы лекарственной листьев экстракт + Мяты перечной листьев экстракт,otc,Валерианы лекарственной корневищ с корнями экстракт+Мелиссы лекарственной листьев экстракт+Мяты перечной листьев экстракт,otc,,,Валериана,otc,"[{""source"": ""uteka"", ""raw_mnn"": ""Валерианы лекарственной корневищ с корнями экстракт + Мелиссы лекарственной листьев экстракт + Мяты перечной листьев экстракт"", ""field_type"": ""explicit_mnn"", ""canonical_components"": [""Валерианы лекарственной корневищ с корнями экстракт"", ""Мелиссы лекарственной листьев экстракт"", ""Мяты перечной листьев экстракт""], ""url"": null, ""parse_warnings"": []}, {""source"": ""asna"", ""raw_mnn"": ""Валерианы лекарственной корневищ с корнями экстракт+Мелиссы лекарственной листьев экстракт+Мяты перечной листьев экстракт"", ""field_type"": ""explicit_mnn"", ""canonical_components"": [""Валерианы лекарственной корневищ с корнями экстракт"", ""Мелиссы лекарственной листьев экстракт"", ""Мяты перечной листьев экстракт""], ""url"": null, ""parse_warnings"": []}, {""source"": ""vidal"", ""raw_mnn"": ""Валериана"", ""field_type"": ""explicit_mnn"", ""canonical_components"": [""Валериана""], ""url"": null, ""parse_warnings"": []}]","[{""component"": ""Валерианы лекарственной корневищ с корнями экстракт"", ""source_count"": 2, ""sources"": [""uteka"", ""asna""]}, {""component"": ""Мелиссы лекарственной листьев экстракт"", ""source_count"": 2, ""sources"": [""uteka"", ""asna""]}, {""component"": ""Мяты перечной листьев экстракт"", ""source_count"": 2, ""sources"": [""uteka"", ""asna""]}]","Валерианы лекарственной корневищ с корнями экстракт, Мелиссы лекарственной листьев экстракт, Мяты перечной листьев экстракт","Валерианы лекарственной корневищ с корнями экстракт, Мелиссы лекарственной листьев экстракт, Мяты перечной листьев экстракт",resolved_catalog,consensus,otc,unknown,False,False,,,unknown,unknown,"Валерианы лекарственной корневищ с корнями экстракт, Мелиссы лекарственной листьев экстракт, Мяты перечной листьев экстракт",False,,,
9799,350,ПЕНТОКСИФИЛЛИН КОНЦ. Д/Р-РА Д/ИНФ. 20МГ/МЛ АМП. 5МЛ №10 ВЕЛФАРМ | ВЕЛФАРМ ООО | ВЕЛФАРМ ООО,drug,Пентоксифиллин,rx,,,,,,,,,[],[],,,unresolved_catalog,empty,unknown,unknown,True,True,ok,Пентоксифиллин,rx,взрослые,Пентоксифиллин,False,https://www.rlsnet.ru/active-substance/pentoksifillin-33 | https://www.rlsnet.ru/drugs/pentoksifillin-2422 | https://www.vidal.ru/drugs/molecule/809 | https://aptekamos.ru/tovary/lekarstva/pentoksifillin-707/pentoks-400-tabletki-400mg-6812/instrukciya | https://megapteka.ru/specials/guide_trental-instrukciya-po-5885 | https://megapteka.ru/specials/guide_pentoksifillin-instrukciya-po-5925 | https://www.asna.ru/product/pentoksifillin/instruction/ | https://www.vidal.ru/drugs/pentoxifylline__3503 | https://aptekamos.ru/tovary/lekarstva/pentoksifillin-707/pentoksifillin-tabletki-100mg-6814/instrukciya | https://www.vidal.ru/drugs/pentoxifylline__3500 | https://velpharm.group/catalog/pentoksifillin-tab/ | https://zdravcity.ru/p_pentoksifillin-rastvor-dlja-v-v-i-v-a-vved-amp-20mg-ml-5ml-10sht-0192037.html | https://009.xn--p1ai/articles/obzory-rejtingi/pentoksifillin-ili-trental | https://zdravcity.ru/p_pentoksifillin-tab-p-o-100mg-n60-0023757.html | https://zdravcity.ru/p_pentoksifillin-tab-p-p-o-100mg-n60-0005385.html | https://zdravcity.ru/p_pentoksifillin-tabletki-kishechnorastv-p-o-plen-100mg-60sht-0183259.html,,
9821,350,ПЕНТАЛГИН НЕО ТАБЛ. П/ПЛЕН/ОБ. №10 | ФАРМСТАНДАРТ-ЛЕКСРЕДСТВА ОАО | ФАРМСТАНДАРТ-ЛЕКСРЕДСТВА ОАО,drug,,otc,Кофеин + Напроксен + Парацетамол,otc,Кофеин+Напроксен+Парацетамол,otc,,,Парацетамол,otc,"[{""source"": ""uteka"", ""raw_mnn"": ""Кофеин + Напроксен + Парацетамол"", ""field_type"": ""explicit_mnn"", ""canonical_components"": [""Кофеин"", ""Напроксен"", ""Парацетамол""], ""url"": null, ""parse_warnings"": []}, {""source"": ""asna"", ""raw_mnn"": ""Кофеин+Напроксен+Парацетамол"", ""field_type"": ""explicit_mnn"", ""canonical_components"": [""Кофеин"", ""Напроксен"", ""Парацетамол""], ""url"": null, ""parse_warnings"": []}, {""source"": ""vidal"", ""raw_mnn"": ""Парацетамол"", ""field_type"": ""explicit_mnn"", ""canonical_components"": [""Парацетамол""], ""url"": null, ""parse_warnings"": []}]","[{""component"": ""Парацетамол"", ""source_count"": 3, ""sources"": [""uteka"", ""asna"", ""vidal""]}, {""component"": ""Кофеин"", ""source_count"": 2, ""sources"": [""uteka"", ""asna""]}, {""component"": ""Напроксен"", ""source_count"": 2, ""sources"": [""uteka"", ""asna""]}]","Парацетамол, Кофеин, Напроксен","Парацетамол, Кофеин, Напроксен",resolved_catalog,consensus,otc,unknown,False,False,,,unknown,unknown,"Парацетамол, Кофеин, Напроксен",False,,,
10098,350,ПАНТОКАЛЬЦИН ТАБЛ. 250МГ №50 | ВАЛЕНТА ФАРМ АО | ВАЛЕНТА ФАРМ АО,drug,,rx,Гопантеновая кислота,rx,,,,,Гопантеновая кислота,rx,"[{""source"": ""uteka"", ""raw_mnn"": ""Гопантеновая кислота"", ""field_type"": ""explicit_mnn"", ""canonical_components"": [""Гопантеновая кислота""], ""url"": null, ""parse_warnings"": []}, {""source"": ""vidal"", ""raw_mnn"": ""Гопантеновая кислота"", ""field_type"": ""explicit_mnn"", ""canonical_components"": [""Гопантеновая кислота""], ""url"": null, ""parse_warnings"": []}]","[{""component"": ""Гопантеновая кислота"", ""source_count"": 2, ""sources"": [""uteka"", ""vidal""]}]",Гопантеновая кислота,Гопантеновая кислота,resolved_catalog,consensus,rx,unknown,False,False,,,unknown,unknown,Гопантеновая кислота,False,,,
10183,350,"ПАНАВИР Р-Р ДЛЯ В/В ВВЕД. 0,04МГ/МЛ АМП. 5МЛ №2 | ЭЛЛАРА ООО | ЭЛЛАРА ООО",drug,,rx,Полисахариды побегов Solanum tuberosum,rx,Полисахариды побегов Solanum tuberosum,rx,,,Картофеля побегов сумма полисахаридов,rx,"[{""source"": ""uteka"", ""raw_mnn"": ""Полисахариды побегов Solanum tuberosum"", ""field_type"": ""explicit_mnn"", ""canonical_components"": [""Полисахариды побегов Solanum tuberosum""], ""url"": null, ""parse_warnings"": []}, {""source"": ""asna"", ""raw_mnn"": ""Полисахариды побегов Solanum tuberosum"", ""field_type"": ""explicit_mnn"", ""canonical_components"": [""Полисахариды побегов Solanum tuberosum""], ""url"": null, ""parse_warnings"": []}, {""source"": ""vidal"", ""raw_mnn"": ""Картофеля побегов сумма полисахаридов"", ""field_type"": ""explicit_mnn"", ""canonical_components"": [""Картофеля побегов сумма полисахаридов""], ""url"": null, ""parse_warnings"": []}]","[{""component"": ""Полисахариды побегов Solanum tuberosum"", ""source_count"": 2, ""sources"": [""uteka"", ""asna""]}]",Полисахариды побегов Solanum tuberosum,Полисахариды побегов Solanum tuberosum,resolved_catalog,consensus,rx,unknown,False,False,,,unknown,unknown,Полисахариды побегов Solanum tuberosum,False,,,
10526,351,ОМИТОКС ГАСТРО КАПС. 20МГ №30 | ШРЕЯ ЛАЙФ САЕНСИЗ ПВТ.ЛТД | ШРЕЯ ЛАЙФ САЕНСИЗ ПВТ.ЛТД,drug,,rx,Омепразол,rx,Омепразол,rx,,,Омепразол,otc,"[{""source"": ""uteka"", ""raw_mnn"": ""Омепразол"", ""field_type"": ""explicit_mnn"", ""canonical_components"": [""Омепразол""], ""url"": null, ""parse_warnings"": []}, {""source"": ""asna"", ""raw_mnn"": ""Омепразол"", ""field_type"": ""explicit_mnn"", ""canonical_components"": [""Омепразол""], ""url"": null, ""parse_warnings"": []}, {""source"": ""vidal"", ""raw_mnn"": ""Омепразол"", ""field_type"": ""explicit_mnn"", ""canonical_components"": [""Омепразол""], ""url"": null, ""parse_warnings"": []}]","[{""component"": ""Омепразол"", ""source_count"": 3, ""sources"": [""uteka"", ""asna"", ""vidal""]}]",Омепразол,Омепразол,resolved_catalog,consensus,rx,unknown,False,False,,,unknown,unknown,Омепразол,False,,,
11014,351,"ОБЛЕПИХОВОЕ МАСЛО Д/ПРИЕМА ВНУТРЬ, МЕСТН. И НАРУЖ. ПРИМ. ФЛ. 100МЛ ТУЛЬСКАЯ ФФ | ТУЛЬСКАЯ ФАРМАЦЕВТИЧЕСКАЯ ФАБРИКА ООО | ТУЛЬСКАЯ ФАРМАЦЕВТИЧЕСКАЯ ФАБРИКА ООО",drug,Облепиховое масло,otc,,,,,,,,,[],[],,,unresolved_catalog,empty,unknown,unknown,True,True,ok,Облепихи Крушиновидной Масло,otc,взрослые,Облепихи Крушиновидной Масло,False,https://www.rlsnet.ru/drugs/oblepixovoe-maslo-6984 | https://megapteka.ru/specials/guide_oblepihovoe-maslo-instrukciya-1026 | https://aptekamos.ru/tovary/lekarstva/oblepixi-maslo-4367/oblepixovoe-maslo-maslo-100ml-13382/instrukciya | https://megapteka.ru/specials/guide_olestezin-instrukciya-po-3963 | https://megapteka.ru/specials/guide_tykveol-instrukciya-po-2885 | https://megapteka.ru/specials/guide_oblepihovoe-maslo-instrukciya-1026 | https://www.vidal.ru/drugs/hippophaes_oleum__41969 | https://medvestnik.ru/ls/a0e40842-4d20-4508-9335-d197f2f78f35.html | https://apteka.103.by/oblepihovoe-maslo-syppozitorii-instruktsiya/ | https://zdravcity.ru/p_oblepihovoe-maslo-50ml-0007026.html | https://zhurnal-vokls.ru/wp-content/uploads/2025/10/49ru_all_ok.pdf | https://medpoint.pro/article/sarkomi-myagkikh-tkanei-755 | https://irkgmu.ru/src/downloads/e1bf6db0_ddtp2024_sbornik_materialov.pdf | https://zdravcity.ru/p_oblepihovoe-maslo-50ml-0007026.html | https://irkgmu.ru/src/downloads/e1bf6db0_ddtp2024_sbornik_materialov.pdf | https://www.pmedpharm.ru/upload/iblock/e1b/oapjnh7davohcdoiqr6f2ipob9ht94az/D1_81_D0_B1_D0_BE_D1_80_D0_BD_D0_B8_D0_BA_77_2022.pdf,,
11132,352,НУРОФЕН ИНТЕНСИВ ТАБЛ. П/ПЛЕН/ОБ. 200МГ+500МГ №6 | РЕКИТТ БЕНКИЗЕР | РЕКИТТ БЕНКИЗЕР,drug,,otc,,,Ибупрофен + Парацетамол,otc,,,Ибупрофен,otc,"[{""source"": ""asna"", ""raw_mnn"": ""Ибупрофен + Парацетамол"", ""field_type"": ""explicit_mnn"", ""canonical_components"": [""Ибупрофен"", ""Парацетамол""], ""url"": null, ""parse_warnings"": []}, {""source"": ""vidal"", ""raw_mnn"": ""Ибупрофен"", ""field_type"": ""explicit_mnn"", ""canonical_components"": [""Ибупрофен""], ""url"": null, ""parse_warnings"": []}]","[{""component"": ""Ибупрофен"", ""source_count"": 2, ""sources"": [""asna"", ""vidal""]}, {""component"": ""Парацетамол"", ""source_count"": 1, ""sources"": [""asna""]}]","Ибупрофен, Парацетамол","Ибупрофен, Парацетамол",resolved_catalog,consensus,otc,unknown,False,False,,,unknown,unknown,"Ибупрофен, Парацетамол",False,,,
11198,352,НОРМОДИПИН ТАБЛ. 10МГ №30 | ГЕДЕОН РИХТЕР ОАО/ГЕДЕОН РИХТЕР-РУС АО | ГЕДЕОН РИХТЕР ОАО/ГЕДЕОН РИХТЕР-РУС АО,drug,,rx,Амлодипин,rx,Амлодипин,rx,,,Амлодипин,rx,"[{""source"": ""uteka"", ""raw_mnn"": ""Амлодипин"", ""field_type"": ""explicit_mnn"", ""canonical_components"": [""Амлодипин""], ""url"": null, ""parse_warnings"": []}, {""source"": ""asna"", ""raw_mnn"": ""Амлодипин"", ""field_type"": ""explicit_mnn"", ""canonical_components"": [""Амлодипин""], ""url"": null, ""parse_warnings"": []}, {""source"": ""vidal"", ""raw_mnn"": ""Амлодипин"", ""field_type"": ""explicit_mnn"", ""canonical_components"": [""Амлодипин""], ""url"": null, ""parse_warnings"": []}]","[{""component"": ""Амлодипин"", ""source_count"": 3, ""sources"": [""uteka"", ""asna"", ""vidal""]}]",Амлодипин,Амлодипин,resolved_catalog,consensus,rx,unknown,False,False,,,unknown,unknown,Амлодипин,False,,,
11465,352,НОВОРАПИД ФЛЕКСПЕН Р-Р ДЛЯ В/В П/К ВВЕД. 100ЕД/МЛ КАРТРИДЖ 3МЛ №5+ШПРИЦ-РУЧКА | НОВО НОРДИКС А/С | НОВО НОРДИКС А/С,drug,,rx,Инсулин аспарт,rx,Инсулин аспарт,rx,,,Инсулин аспарт,rx,"[{""source"": ""uteka"", ""raw_mnn"": ""Инсулин аспарт"", ""field_type"": ""explicit_mnn"", ""canonical_components"": [""Инсулин аспарт""], ""url"": null, ""parse_warnings"": []}, {""source"": ""asna"", ""raw_mnn"": ""Инсулин аспарт"", ""field_type"": ""explicit_mnn"", ""canonical_components"": [""Инсулин аспарт""], ""url"": null, ""parse_warnings"": []}, {""source"": ""vidal"", ""raw_mnn"": ""Инсулин аспарт"", ""field_type"": ""explicit_mnn"", ""canonical_components"": [""Инсулин аспарт""], ""url"": null, ""parse_warnings"": []}]","[{""component"": ""Инсулин аспарт"", ""source_count"": 3, ""sources"": [""uteka"", ""asna"", ""vidal""]}]",Инсулин аспарт,Инсулин аспарт,resolved_catalog,consensus,rx,unknown,False,False,,,unknown,unknown,Инсулин аспарт,False,,,
11504,352,НОВЕМА НАЙТ ТАБЛ. П/ПЛЕН/ОБ. 25МГ+220МГ №10 | ФАРМСТАНДАРТ-ЛЕКСРЕДСТВА ОАО | ФАРМСТАНДАРТ-ЛЕКСРЕДСТВА ОАО,drug,,otc,,,Дифенгидрамин+Напроксен,otc,,,Дифенгидрамин,otc,"[{""source"": ""asna"", ""raw_mnn"": ""Дифенгидрамин+Напроксен"", ""field_type"": ""explicit_mnn"", ""canonical_components"": [""Дифенгидрамин"", ""Напроксен""], ""url"": null, ""parse_warnings"": []}, {""source"": ""vidal"", ""raw_mnn"": ""Дифенгидрамин"", ""field_type"": ""explicit_mnn"", ""canonical_components"": [""Дифенгидрамин""], ""url"": null, ""parse_warnings"": []}]","[{""component"": ""Дифенгидрамин"", ""source_count"": 2, ""sources"": [""asna"", ""vidal""]}, {""component"": ""Напроксен"", ""source_count"": 1, ""sources"": [""asna""]}]","Дифенгидрамин, Напроксен","Дифенгидрамин, Напроксен",resolved_catalog,consensus,otc,unknown,False,False,,,unknown,unknown,"Дифенгидрамин, Напроксен",False,,,
11568,353,НИТРОКСОЛИН ТАБЛ. П/О 50МГ №50 АВЕКСИМА | АВЕКСИМА СИБИРЬ ООО/ИРБИТСКИЙ ХФЗ ОАО | АВЕКСИМА СИБИРЬ ООО/ИРБИТСКИЙ ХФЗ ОАО,drug,Нитроксолин,рецептурный,Нитрофурантоин,rx,Аллопуринол,rx,,,Азитромицин,rx,"[{""source"": ""uteka"", ""raw_mnn"": ""Нитрофурантоин"", ""field_type"": ""explicit_mnn"", ""canonical_components"": [""Нитрофурантоин""], ""url"": null, ""parse_warnings"": []}, {""source"": ""asna"", ""raw_mnn"": ""Аллопуринол"", ""field_type"": ""explicit_mnn"", ""canonical_components"": [""Аллопуринол""], ""url"": null, ""parse_warnings"": []}, {""source"": ""vidal"", ""raw_mnn"": ""Азитромицин"", ""field_type"": ""explicit_mnn"", ""canonical_components"": [""Азитромицин""], ""url"": null, ""parse_warnings"": []}]",[],,,unresolved_catalog,equal_conflict,rx,unknown,True,True,ok,Нитроксолин,rx,универсальный,Нитроксолин,False,https://medi.ru/instrukciya/nitroksolin_5853/ | https://www.vidal.ru/drugs/nitroxoline__11634 | https://medi.ru/instrukciya/nitroksolin-ubf_21685/ | https://www.vidal.ru/drugs/nitroxoline__11634 | https://megapteka.ru/specials/guide_nitroksolin-instrukciya-po-5590 | https://medi.ru/instrukciya/nitroksolin_5853/ | https://www.webapteka.ru/drugbase/name4422.html | https://www.vidal.ru/drugs/nitroxoline__20712 | https://drugs.medelement.com/drug/%D0%BD%D0%B8%D1%82%D1%80%D0%BE%D0%BA%D1%81%D0%BE%D0%BB%D0%B8%D0%BD-%D0%B8%D0%BD%D1%81%D1%82%D1%80%D1%83%D0%BA%D1%86%D0%B8%D1%8F/864678601477650952?instruction_lang=RU | https://medi.ru/instrukciya/nitroksolin_21684/ | https://health.mail.ru/drug/nitroksolin-1/ | https://bookmed.narket.ru/substance/nitroksolin-1306 | https://medum.ru/nitroksoline | https://www.pharmcontrol.ru/reference/inn/4355/ | https://grls.pharm-portal.ru/grls/6f445cd0-7bea-42a9-a672-bcf792b28729 | https://zdravmedinform.ru/grls/reg-p-n013791-01-2002.html,,
11640,353,НИМЕСУЛИД-ВЕРТЕКС ГЕЛЬ Д/НАРУЖ. ПРИМ. 1% ТУБА 20Г | ВЕРТЕКС АО | ВЕРТЕКС АО,drug,Нимесулид,otc,Тадалафил,rx,Флуконазол,rx,Тербинафин,,Фенол и его производные,otc,"[{""source"": ""uteka"", ""raw_mnn"": ""Тадалафил"", ""field_type"": ""explicit_mnn"", ""canonical_components"": [""Тадалафил""], ""url"": null, ""parse_warnings"": []}, {""source"": ""apteka"", ""raw_mnn"": ""Тербинафин"", ""field_type"": ""explicit_mnn"", ""canonical_components"": [""Тербинафин""], ""url"": null, ""parse_warnings"": []}, {""source"": ""asna"", ""raw_mnn"": ""Флуконазол"", ""field_type"": ""explicit_mnn"", ""canonical_components"": [""Флуконазол""], ""url"": null, ""parse_warnings"": []}, {""source"": ""vidal"", ""raw_mnn"": ""Фенол и его производные"", ""field_type"": ""explicit_mnn"", ""canonical_components"": [""Фенол и его производные""], ""url"": null, ""parse_warnings"": []}]",[],,,unresolved_catalog,equal_conflict,rx,unknown,True,True,ok,Нимесулид,otc,универсальный,Нимесулид,False,https://www.vidal.ru/drugs/nimesulideshy-vertex | https://www.rlsnet.ru/drugs/nimesulid-verteks-81599 | https://www.lsgeotar.ru/drugs/nimesulid-vertex-ADXL | https://pharmznanie.ru/drugs/nimesulidverteks-gel-50-g | https://www.rlsnet.ru/drugs/nifuroksazid-verteks-81337 | https://megapteka.ru/specials/guide_niaspam-instrukciya-po-2655 | https://www.rlsnet.ru/drugs/ibuprofen-1365 | https://www.vidal.ru/drugs/nimesulideshy-vertex | https://bz.medvestnik.ru/classify/mnn/Nimesulid.html | https://medum.ru/nimesulid-vertex | https://www.rlsnet.ru/drugs/nimesulid-verteks-81599 | https://medvestnik.ru/ls/a0e40372-9841-4043-8a16-6edce074bea6.html | https://medum.ru/nimesulid-verteks-20-g-30-g-50-g-100-g | https://www.webapteka.ru/drugbase/name72327.html | https://www.asna.ru/product/nimesil/instruction/ | https://zdravmedinform.ru/grls/reg-lp-001571-rg-ru.html,,
11715,353,НЕУЛЕПТИЛ Р-Р Д/ПРИЕМА ВНУТРЬ 4% ФЛ. С КАПЕЛ. 30МЛ | А.НАТТЕРМАНН ЭНД СИЕ. ГМБХ | А.НАТТЕРМАНН ЭНД СИЕ. ГМБХ,drug,,rx,Перициазин,rx,Перициазин,rx,,,Перициазин,rx,"[{""source"": ""uteka"", ""raw_mnn"": ""Перициазин"", ""field_type"": ""explicit_mnn"", ""canonical_components"": [""Перициазин""], ""url"": null, ""parse_warnings"": []}, {""source"": ""asna"", ""raw_mnn"": ""Перициазин"", ""field_type"": ""explicit_mnn"", ""canonical_components"": [""Перициазин""], ""url"": null, ""parse_warnings"": []}, {""source"": ""vidal"", ""raw_mnn"": ""Перициазин"", ""field_type"": ""explicit_mnn"", ""canonical_components"": [""Перициазин""], ""url"": null, ""parse_warnings"": []}]","[{""component"": ""Перициазин"", ""source_count"": 3, ""sources"": [""uteka"", ""asna"", ""vidal""]}]",Перициазин,Перициазин,resolved_catalog,consensus,rx,unknown,False,False,,,unknown,unknown,Перициазин,False,,,
11816,353,НЕМОЗОЛ ТАБЛ. ЖЕВ. 400МГ №1 | ИПКА ЛАБОРАТОРИЗ ЛИМИТЕД | ИПКА ЛАБОРАТОРИЗ ЛИМИТЕД,drug,,rx,Албендазол,rx,Албендазол,rx,,,Албендазол,rx,"[{""source"": ""uteka"", ""raw_mnn"": ""Албендазол"", ""field_type"": ""explicit_mnn"", ""canonical_components"": [""Албендазол""], ""url"": null, ""parse_warnings"": []}, {""source"": ""asna"", ""raw_mnn"": ""Албендазол"", ""field_type"": ""explicit_mnn"", ""canonical_components"": [""Албендазол""], ""url"": null, ""parse_warnings"": []}, {""source"": ""vidal"", ""raw_mnn"": ""Албендазол"", ""field_type"": ""explicit_mnn"", ""canonical_components"": [""Албендазол""], ""url"": null, ""parse_warnings"": []}]","[{""component"": ""Албендазол"", ""source_count"": 3, ""sources"": [""uteka"", ""asna"", ""vidal""]}]",Албендазол,Албендазол,resolved_catalog,consensus,rx,unknown,False,False,,,unknown,unknown,Албендазол,False,,,
11845,353,"НЕЙРОМУЛЬТИВИТ ТАБЛ. П/ПЛЕН/ОБ. 200МГ+100МГ+0,2МГ №20 | Г.Л.ФАРМА ГМБХ | Г.Л.ФАРМА ГМБХ",drug,,rx,,,Пиридоксин+Тиамин+Цианокобаламин,rx,,,Пиридоксин,rx,"[{""source"": ""asna"", ""raw_mnn"": ""Пиридоксин+Тиамин+Цианокобаламин"", ""field_type"": ""explicit_mnn"", ""canonical_components"": [""Пиридоксин"", ""Тиамин"", ""Цианокобаламин""], ""url"": null, ""parse_warnings"": []}, {""source"": ""vidal"", ""raw_mnn"": ""Пиридоксин"", ""field_type"": ""explicit_mnn"", ""canonical_components"": [""Пиридоксин""], ""url"": null, ""parse_warnings"": []}]","[{""component"": ""Пиридоксин"", ""source_count"": 2, ""sources"": [""asna"", ""vidal""]}, {""component"": ""Тиамин"", ""source_count"": 1, ""sources"": [""asna""]}, {""component"": ""Цианокобаламин"", ""source_count"": 1, ""sources"": [""asna""]}]","Пиридоксин, Тиамин, Цианокобаламин","Пиридоксин, Тиамин, Цианокобаламин",resolved_catalog,consensus,rx,unknown,False,False,,,unknown,unknown,"Пиридоксин, Тиамин, Цианокобаламин",False,,,
11916,353,"НЕБИЛОНГ Н ТАБЛ. 12,5МГ+5МГ №30 | МИКРО ЛАБС ЛИМИТЕД | МИКРО ЛАБС ЛИМИТЕД",drug,,rx,Гидрохлоротиазид + Небиволол,rx,Гидрохлоротиазид* + Небиволол,rx,,,Небиволол,rx,"[{""source"": ""uteka"", ""raw_mnn"": ""Гидрохлоротиазид + Небиволол"", ""field_type"": ""explicit_mnn"", ""canonical_components"": [""Гидрохлоротиазид"", ""Небиволол""], ""url"": null, ""parse_warnings"": []}, {""source"": ""asna"", ""raw_mnn"": ""Гидрохлоротиазид* + Небиволол"", ""field_type"": ""explicit_mnn"", ""canonical_components"": [""Гидрохлоротиазид"", ""Небиволол""], ""url"": null, ""parse_warnings"": []}, {""source"": ""vidal"", ""raw_mnn"": ""Небиволол"", ""field_type"": ""explicit_mnn"", ""canonical_components"": [""Небиволол""], ""url"": null, ""parse_warnings"": []}]","[{""component"": ""Небиволол"", ""source_count"": 3, ""sources"": [""uteka"", ""asna"", ""vidal""]}, {""component"": ""Гидрохлоротиазид"", ""source_count"": 2, ""sources"": [""uteka"", ""asna""]}]","Небиволол, Гидрохлоротиазид","Небиволол, Гидрохлоротиазид",resolved_catalog,consensus,rx,unknown,False,False,,,unknown,unknown,"Небиволол, Гидрохлоротиазид",False,,,
11917,354,НЕБИЛОНГ АМ ТАБЛ. 5МГ+5МГ №30 | МИКРО ЛАБС ЛИМИТЕД | МИКРО ЛАБС ЛИМИТЕД,drug,,rx,Амлодипин + Небиволол,rx,Небиволол* + Амлодипин,rx,,,Амлодипин,rx,"[{""source"": ""uteka"", ""raw_mnn"": ""Амлодипин + Небиволол"", ""field_type"": ""explicit_mnn"", ""canonical_components"": [""Амлодипин"", ""Небиволол""], ""url"": null, ""parse_warnings"": []}, {""source"": ""asna"", ""raw_mnn"": ""Небиволол* + Амлодипин"", ""field_type"": ""explicit_mnn"", ""canonical_components"": [""Небиволол"", ""Амлодипин""], ""url"": null, ""parse_warnings"": []}, {""source"": ""vidal"", ""raw_mnn"": ""Амлодипин"", ""field_type"": ""explicit_mnn"", ""canonical_components"": [""Амлодипин""], ""url"": null, ""parse_warnings"": []}]","[{""component"": ""Амлодипин"", ""source_count"": 3, ""sources"": [""uteka"", ""asna"", ""vidal""]}, {""component"": ""Небиволол"", ""source_count"": 2, ""sources"": [""uteka"", ""asna""]}]","Амлодипин, Небиволол","Амлодипин, Небиволол",resolved_catalog,consensus,rx,unknown,False,False,,,unknown,unknown,"Амлодипин, Небиволол",False,,,
11959,354,НАФТИФИН Р-Р Д/НАРУЖ. ПРИМ. 1% ФЛ. 20МЛ ТУЛЬСКАЯ ФФ | ТУЛЬСКАЯ ФАРМАЦЕВТИЧЕСКАЯ ФАБРИКА ООО | ТУЛЬСКАЯ ФАРМАЦЕВТИЧЕСКАЯ ФАБРИКА ООО,drug,нафтифин,otc,Нафтифин,otc,,,,,,,"[{""source"": ""uteka"", ""raw_mnn"": ""Нафтифин"", ""field_type"": ""explicit_mnn"", ""canonical_components"": [""Нафтифин""], ""url"": null, ""parse_warnings"": []}]",[],,,unresolved_catalog,single_source,unknown,unknown,True,True,ok,Нафтифин,otc,универсальный,Нафтифин,False,https://www.rlsnet.ru/active-substance/naftifin-1093 | https://www.vidal.ru/drugs/molecule/719 | https://aptekamos.ru/tovary/lekarstva/naftifin-619/naftifin-rastvor-1-10ml-91538/instrukciya | https://aptekamos.ru/tovary/lekarstva/naftifin-619/ekzostat-rastvor-1-20ml-104644/instrukciya | https://megapteka.ru/specials/guide_ekzonorm-instrukciya-po-6869 | https://megapteka.ru/specials/guide_naftifin-instrukciya-po-2693 | https://zdravcity.ru/p_naftifin-teva-rastvor-dlja-naruzhnogo-primenenija-1-20ml-0193299.html | https://id.pharm-portal.ru/un/a01b5407-4274-4b2a-89f6-1c87fef5b7df/instructions | https://medbook.ru/blog/30395 | https://zdravcity.ru/p_naftifin-medisorb-rastvor-dlja-naruzhnogo-primenenija-fl-1-20ml-0203387.html | https://zdravcity.ru/p_naftifin-r-r-d-nar-prim-1-fl-20ml-n1-0148980.html | https://dsm.ru/upload/medialibrary/164/61vbxn9ib5bkrf0xyedyjx81a772rpca/DSM-Annual_report_2025_RU.pdf | https://www.fknz.ru/wp-content/uploads/2020/01/PM.01-Realizatsiya-lekarstvennyh-preparatov-i-tovarov-aptechnogo-assortimenta-RP-2019.pdf | https://www.vsmu.by/images/files/confs/2019/%D0%A1%D0%B1%D0%BE%D1%80%D0%BD%D0%B8%D0%BA_%D0%BC%D0%B0%D1%82%D0%B5%D1%80%D0%B8%D0%B0%D0%BB%D0%BE%D0%B2_60_%D0%A4%D0%A4.pdf | https://www.pharmindex.ru/pdf/pharmindex_490.pdf | https://nn.rigla.ru/product/naftifin-krem-dnar-prim-1-tuba-15g-5007661,,
11962,354,НАФТИФИН Р-Р Д/НАРУЖ. ПРИМ. 1% ФЛ. 10МЛ | САМАРАМЕДПРОМ ОАО | САМАРАМЕДПРОМ ОАО,drug,нафтифин,безрецептурный,Нафтифин,otc,,,,,,,"[{""source"": ""uteka"", ""raw_mnn"": ""Нафтифин"", ""field_type"": ""explicit_mnn"", ""canonical_components"": [""Нафтифин""], ""url"": null, ""parse_warnings"": []}]",[],,,unresolved_catalog,single_source,unknown,unknown,True,True,ok,Нафтифин,otc,универсальный,Нафтифин,False,https://www.rlsnet.ru/active-substance/naftifin-1093 | https://www.vidal.ru/drugs/molecule/719 | https://aptekamos.ru/tovary/lekarstva/naftifin-619/naftifin-rastvor-1-10ml-91538/instrukciya | https://aptekamos.ru/tovary/lekarstva/naftifin-619/ekzostat-rastvor-1-20ml-104644/instrukciya | https://megapteka.ru/specials/guide_nitrofungin-instrukciya-po-5919 | https://megapteka.ru/specials/guide_ekzonorm-instrukciya-po-6869 | https://megapteka.ru/specials/guide_naftifin-instrukciya-po-2693 | https://zdravcity.ru/p_naftifin-teva-rastvor-dlja-naruzhnogo-primenenija-1-20ml-0193299.html | https://zdravcity.ru/p_naftifin-medisorb-rastvor-dlja-naruzhnogo-primenenija-fl-1-20ml-0203387.html | https://zdravcity.ru/p_naftifin-teva-rastvor-dlja-naruzhnogo-primenenija-1-30ml-0193299.html | https://zdravcity.ru/p_naftifin-r-r-d-nar-prim-1-fl-20ml-n1-0148980.html | https://dsm.ru/upload/medialibrary/164/61vbxn9ib5bkrf0xyedyjx81a772rpca/DSM-Annual_report_2025_RU.pdf | https://www.fknz.ru/wp-content/uploads/2020/01/PM.01-Realizatsiya-lekarstvennyh-preparatov-i-tovarov-aptechnogo-assortimenta-RP-2019.pdf | https://www.vsmu.by/images/files/confs/2019/%D0%A1%D0%B1%D0%BE%D1%80%D0%BD%D0%B8%D0%BA_%D0%BC%D0%B0%D1%82%D0%B5%D1%80%D0%B8%D0%B0%D0%BB%D0%BE%D0%B2_60_%D0%A4%D0%A4.pdf | https://www.pharmindex.ru/pdf/pharmindex_490.pdf | https://nn.rigla.ru/product/naftifin-krem-dnar-prim-1-tuba-15g-5007661,,
11972,354,НАФТИФИН КРЕМ Д/НАРУЖ. ПРИМ. 1% ТУБА 15Г ТУЛЬСКАЯ ФФ | ТУЛЬСКАЯ ФАРМАЦЕВТИЧЕСКАЯ ФАБРИКА ООО | ТУЛЬСКАЯ ФАРМАЦЕВТИЧЕСКАЯ ФАБРИКА ООО,drug,Нафтифин,otc,Нафтифин,otc,,,,,,,"[{""source"": ""uteka"", ""raw_mnn"": ""Нафтифин"", ""field_type"": ""explicit_mnn"", ""canonical_components"": [""Нафтифин""], ""url"": null, ""parse_warnings"": []}]",[],,,unresolved_catalog,single_source,unknown,unknown,True,True,ok,Нафтифин,otc,универсальный,Нафтифин,False,https://www.rlsnet.ru/active-substance/naftifin-1093 | https://www.vidal.ru/drugs/molecule/719 | https://aptekamos.ru/tovary/lekarstva/naftifin-619/naftifin-rastvor-1-10ml-91538/instrukciya | https://aptekamos.ru/tovary/lekarstva/naftifin-619/ekzostat-rastvor-1-20ml-104644/instrukciya | https://megapteka.ru/specials/guide_nitrofungin-instrukciya-po-5919 | https://megapteka.ru/specials/guide_ekzonorm-instrukciya-po-6869 | https://megapteka.ru/specials/guide_naftifin-instrukciya-po-2693 | https://zdravcity.ru/p_naftifin-teva-rastvor-dlja-naruzhnogo-primenenija-1-20ml-0193299.html | https://zdravcity.ru/p_naftifin-medisorb-rastvor-dlja-naruzhnogo-primenenija-fl-1-20ml-0203387.html | https://zdravcity.ru/p_naftifin-teva-rastvor-dlja-naruzhnogo-primenenija-1-30ml-0193299.html | https://zdravcity.ru/p_naftifin-r-r-d-nar-prim-1-fl-20ml-n1-0148980.html | https://dsm.ru/upload/medialibrary/164/61vbxn9ib5bkrf0xyedyjx81a772rpca/DSM-Annual_report_2025_RU.pdf | https://www.fknz.ru/wp-content/uploads/2020/01/PM.01-Realizatsiya-lekarstvennyh-preparatov-i-tovarov-aptechnogo-assortimenta-RP-2019.pdf | https://www.vsmu.by/images/files/confs/2019/%D0%A1%D0%B1%D0%BE%D1%80%D0%BD%D0%B8%D0%BA_%D0%BC%D0%B0%D1%82%D0%B5%D1%80%D0%B8%D0%B0%D0%BB%D0%BE%D0%B2_60_%D0%A4%D0%A4.pdf | https://www.pharmindex.ru/pdf/pharmindex_490.pdf | https://nn.rigla.ru/product/naftifin-krem-dnar-prim-1-tuba-15g-5007661,,
12407,354,"МУРАВЬИНЫЙ СПИРТ Р-Р Д/НАРУЖ. ПРИМ. СПИРТ. 1,4% ФЛ. 50МЛ ЯРОСЛАВСКАЯ ФФ | ЯРОСЛАВСКАЯ ФФ | ЯРОСЛАВСКАЯ ФФ",drug,,otc,Муравьиная кислота,otc,,,,,,,"[{""source"": ""uteka"", ""raw_mnn"": ""Муравьиная кислота"", ""field_type"": ""explicit_mnn"", ""canonical_components"": [""Муравьиная кислота""], ""url"": null, ""parse_warnings"": []}]",[],,,unresolved_catalog,single_source,unknown,unknown,True,True,ok,Муравьиная кислота,otc,взрослые,Муравьиная кислота,False,https://medi.ru/instrukciya/muraviny-spirt_21376/ | https://medi.ru/instrukciya/muraviny-spirt_21386/ | https://medi.ru/instrukciya/muraviny-spirt_21390/ | https://megapteka.ru/specials/guide_muravinyj-spirt-instrukciya-2609 | https://medvestnik.ru/ls/a0e40877-07a4-45dd-9451-62cd6bc9c37b.html | https://www.pharmcontrol.ru/registry/drugs/7014/ | https://www.pharmcontrol.ru/registry/drugs/1082/ | https://vaskov.pro/grls/0ae9505e-9c24-1068-819c-c05fd6cc11c0 | https://grls.pharm-portal.ru/grls/180c0b55-4c16-41c7-8a31-0061705d2c88 | https://pharmvestnik.ru/content/news/Minzdrav-otozval-36-registracionnyh-udostoverenii.html | https://zdravcity.ru/p_muravinyj-spirt-r-r-d-nar-prim-spirtoovoj-1-4-fl-50ml-n1-0105673.html | https://zdravcity.ru/p_muravinyj-spirt-sprej-d-nar-prim-spirtovoj-1-4-fl-50ml-n1-0098228.html | https://www.fknz.ru/wp-content/uploads/2020/01/PM.01-Realizatsiya-lekarstvennyh-preparatov-i-tovarov-aptechnogo-assortimenta-RP-2019.pdf | https://irkgmu.ru/src/downloads/e1bf6db0_ddtp2024_sbornik_materialov.pdf | https://www.sechenov.ru/upload/iblock/fbc/3zuq8mcp8sbv2nw5plom1j0brtjugkqv/DISSERTATSIYA-Anurova.pdf | https://pmedpharm.ru/upload/iblock/e34/lts9e3r1b589njoo4jhboz0b1sz8ydtn/D0_91_D0_95_D0_9B_D0_98_D0_9A_D0_9E_D0_92_2021_20_05_2021_D1_81_D0_B0_D0_B9_D1_82.pdf,,
12410,354,"МУРАВЬИНЫЙ СПИРТ Р-Р Д/НАРУЖ. ПРИМ. СПИРТ. 1,4% ФЛ. 50МЛ ТВЕРСКАЯ ФФ | ТВЕРСКАЯ ФАРМАЦЕВТИЧЕСКАЯ ФАБРИКА | ТВЕРСКАЯ ФАРМАЦЕВТИЧЕСКАЯ ФАБРИКА",drug,,otc,Муравьиная кислота,otc,,,,,,,"[{""source"": ""uteka"", ""raw_mnn"": ""Муравьиная кислота"", ""field_type"": ""explicit_mnn"", ""canonical_components"": [""Муравьиная кислота""], ""url"": null, ""parse_warnings"": []}]",[],,,unresolved_catalog,single_source,unknown,unknown,True,True,ok,Муравьиная кислота,otc,взрослые,Муравьиная кислота,False,https://medi.ru/instrukciya/muraviny-spirt_21376/ | https://medi.ru/instrukciya/muraviny-spirt_21386/ | https://medi.ru/instrukciya/muraviny-spirt_21390/ | https://megapteka.ru/specials/guide_muravinyj-spirt-instrukciya-2609 | https://medvestnik.ru/ls/a0e40877-07a4-45dd-9451-62cd6bc9c37b.html | https://www.pharmcontrol.ru/registry/drugs/7014/ | https://www.pharmcontrol.ru/registry/drugs/9666/ | https://vaskov.pro/grls/0ae9505e-9c24-1068-819c-c05fd6cc11c0 | https://grls.pharm-portal.ru/grls/180c0b55-4c16-41c7-8a31-0061705d2c88 | https://pharmvestnik.ru/content/news/Minzdrav-otozval-36-registracionnyh-udostoverenii.html | https://zdravcity.ru/p_muravinyj-spirt-r-r-d-nar-prim-spirtoovoj-1-4-fl-50ml-n1-0105673.html | https://zdravcity.ru/p_muravinyj-spirt-sprej-d-nar-prim-spirtovoj-1-4-fl-50ml-n1-0098228.html | https://www.fknz.ru/wp-content/uploads/2020/01/PM.01-Realizatsiya-lekarstvennyh-preparatov-i-tovarov-aptechnogo-assortimenta-RP-2019.pdf | https://irkgmu.ru/src/downloads/e1bf6db0_ddtp2024_sbornik_materialov.pdf | https://www.sechenov.ru/upload/iblock/fbc/3zuq8mcp8sbv2nw5plom1j0brtjugkqv/DISSERTATSIYA-Anurova.pdf | https://pmedpharm.ru/upload/iblock/e34/lts9e3r1b589njoo4jhboz0b1sz8ydtn/D0_91_D0_95_D0_9B_D0_98_D0_9A_D0_9E_D0_92_2021_20_05_2021_D1_81_D0_B0_D0_B9_D1_82.pdf,,
12501,354,МУКАЛТИН ТАБЛ. ДИСПЕРГ. 50МГ №20 ФАРМСТАНДАРТ | ФАРМСТАНДАРТ-ЛЕКСРЕДСТВА ОАО | ФАРМСТАНДАРТ-ЛЕКСРЕДСТВА ОАО,drug,,otc,Алтея лекарственного травы экстракт,otc,Алтея лекарственного травы экстракт,otc,,,Алтея корень,otc,"[{""source"": ""uteka"", ""raw_mnn"": ""Алтея лекарственного травы экстракт"", ""field_type"": ""explicit_mnn"", ""canonical_components"": [""Алтея лекарственного травы экстракт""], ""url"": null, ""parse_warnings"": []}, {""source"": ""asna"", ""raw_mnn"": ""Алтея лекарственного травы экстракт"", ""field_type"": ""explicit_mnn"", ""canonical_components"": [""Алтея лекарственного травы экстракт""], ""url"": null, ""parse_warnings"": []}, {""source"": ""vidal"", ""raw_mnn"": ""Алтея корень"", ""field_type"": ""explicit_mnn"", ""canonical_components"": [""Алтея корень""], ""url"": null, ""parse_warnings"": []}]","[{""component"": ""Алтея лекарственного травы экстракт"", ""source_count"": 2, ""sources"": [""uteka"", ""asna""]}]",Алтея лекарственного травы экстракт,Алтея лекарственного травы экстракт,resolved_catalog,consensus,otc,unknown,False,False,,,unknown,unknown,Алтея лекарственного травы экстракт,False,,,
12735,355,"МОКСОНИДИН-АЛИУМ ТАБЛ. П/ПЛЕН/ОБ. 0,2МГ №14 | АЛИУМ АО | АЛИУМ АО",drug,Моксонидин,rx,,,Моксонидин,rx,,,Моксонидин,rx,"[{""source"": ""asna"", ""raw_mnn"": ""Моксонидин"", ""field_type"": ""explicit_mnn"", ""canonical_components"": [""Моксонидин""], ""url"": null, ""parse_warnings"": []}, {""source"": ""vidal"", ""raw_mnn"": ""Моксонидин"", ""field_type"": ""explicit_mnn"", ""canonical_components"": [""Моксонидин""], ""url"": null, ""parse_warnings"": []}]","[{""component"": ""Моксонидин"", ""source_count"": 2, ""sources"": [""asna"", ""vidal""]}]",Моксонидин,Моксонидин,resolved_catalog,consensus,rx,unknown,False,False,,,unknown,unknown,Моксонидин,False,,,
12737,355,"МОКСОНИДИН-АКРИХИН ТАБЛ. П/ПЛЕН/ОБ. 0,4МГ №10 | АКРИХИН ХФК АО | АКРИХИН ХФК АО",drug,Моксонидин,рецептурный,Моксонидин,rx,,,,,Моксонидин,rx,"[{""source"": ""uteka"", ""raw_mnn"": ""Моксонидин"", ""field_type"": ""explicit_mnn"", ""canonical_components"": [""Моксонидин""], ""url"": null, ""parse_warnings"": []}, {""source"": ""vidal"", ""raw_mnn"": ""Моксонидин"", ""field_type"": ""explicit_mnn"", ""canonical_components"": [""Моксонидин""], ""url"": null, ""parse_warnings"": []}]","[{""component"": ""Моксонидин"", ""source_count"": 2, ""sources"": [""uteka"", ""vidal""]}]",Моксонидин,Моксонидин,resolved_catalog,consensus,rx,unknown,False,False,,,unknown,unknown,Моксонидин,False,,,
12869,355,МИСУФЕР КАПС. 100МГ №20 | ОБНОВЛЕНИЕ ПФК АО | ОБНОВЛЕНИЕ ПФК АО,drug,,без рецепта,Умифеновир,otc,Умифеновир,otc,,,Умифеновир,otc,"[{""source"": ""uteka"", ""raw_mnn"": ""Умифеновир"", ""field_type"": ""explicit_mnn"", ""canonical_components"": [""Умифеновир""], ""url"": null, ""parse_warnings"": []}, {""source"": ""asna"", ""raw_mnn"": ""Умифеновир"", ""field_type"": ""explicit_mnn"", ""canonical_components"": [""Умифеновир""], ""url"": null, ""parse_warnings"": []}, {""source"": ""vidal"", ""raw_mnn"": ""Умифеновир"", ""field_type"": ""explicit_mnn"", ""canonical_components"": [""Умифеновир""], ""url"": null, ""parse_warnings"": []}]","[{""component"": ""Умифеновир"", ""source_count"": 3, ""sources"": [""uteka"", ""asna"", ""vidal""]}]",Умифеновир,Умифеновир,resolved_catalog,consensus,otc,unknown,False,False,,,unknown,unknown,Умифеновир,False,,,
12873,355,МИРТАЗАПИН КАНОН ТАБЛ. П/ПЛЕН/ОБ. 30МГ №30 | КАНОНФАРМА ПРОДАКШН ЗАО | КАНОНФАРМА ПРОДАКШН ЗАО,drug,Миртазапин,rx,Миртазапин,rx,Миртазапин,rx,,,Миртазапин,rx,"[{""source"": ""uteka"", ""raw_mnn"": ""Миртазапин"", ""field_type"": ""explicit_mnn"", ""canonical_components"": [""Миртазапин""], ""url"": null, ""parse_warnings"": []}, {""source"": ""asna"", ""raw_mnn"": ""Миртазапин"", ""field_type"": ""explicit_mnn"", ""canonical_components"": [""Миртазапин""], ""url"": null, ""parse_warnings"": []}, {""source"": ""vidal"", ""raw_mnn"": ""Миртазапин"", ""field_type"": ""explicit_mnn"", ""canonical_components"": [""Миртазапин""], ""url"": null, ""parse_warnings"": []}]","[{""component"": ""Миртазапин"", ""source_count"": 3, ""sources"": [""uteka"", ""asna"", ""vidal""]}]",Миртазапин,Миртазапин,resolved_catalog,consensus,rx,unknown,False,False,,,unknown,unknown,Миртазапин,False,,,
13453,355,МЕРИФАТИН МВ ТАБЛ. С ПРОЛОНГ. ВЫСВ. 500МГ №60 | ФАРМАСИНТЕЗ-ТЮМЕНЬ ООО | ФАРМАСИНТЕЗ-ТЮМЕНЬ ООО,drug,,rx,Метформин,rx,Метформин,rx,,,Метформин,rx,"[{""source"": ""uteka"", ""raw_mnn"": ""Метформин"", ""field_type"": ""explicit_mnn"", ""canonical_components"": [""Метформин""], ""url"": null, ""parse_warnings"": []}, {""source"": ""asna"", ""raw_mnn"": ""Метформин"", ""field_type"": ""explicit_mnn"", ""canonical_components"": [""Метформин""], ""url"": null, ""parse_warnings"": []}, {""source"": ""vidal"", ""raw_mnn"": ""Метформин"", ""field_type"": ""explicit_mnn"", ""canonical_components"": [""Метформин""], ""url"": null, ""parse_warnings"": []}]","[{""component"": ""Метформин"", ""source_count"": 3, ""sources"": [""uteka"", ""asna"", ""vidal""]}]",Метформин,Метформин,resolved_catalog,consensus,rx,unknown,False,False,,,unknown,unknown,Метформин,False,,,
13489,356,МЕМОПЛАНТ ТАБЛ. П/ПЛЕН/ОБ. 80МГ №30 | ДОКТОР ВИЛЬМАР ШВАБЕ ГМБХ И КО.КГ. | ДОКТОР ВИЛЬМАР ШВАБЕ ГМБХ И КО.КГ.,drug,,otc,Гинкго двулопастного листьев экстракт,otc,Гинкго двулопастного листьев экстракт,otc,,,Гинкго билоба,otc,"[{""source"": ""uteka"", ""raw_mnn"": ""Гинкго двулопастного листьев экстракт"", ""field_type"": ""explicit_mnn"", ""canonical_components"": [""Гинкго двулопастного листьев экстракт""], ""url"": null, ""parse_warnings"": []}, {""source"": ""asna"", ""raw_mnn"": ""Гинкго двулопастного листьев экстракт"", ""field_type"": ""explicit_mnn"", ""canonical_components"": [""Гинкго двулопастного листьев экстракт""], ""url"": null, ""parse_warnings"": []}, {""source"": ""vidal"", ""raw_mnn"": ""Гинкго билоба"", ""field_type"": ""explicit_mnn"", ""canonical_components"": [""Гинкго билоба""], ""url"": null, ""parse_warnings"": []}]","[{""component"": ""Гинкго двулопастного листьев экстракт"", ""source_count"": 2, ""sources"": [""uteka"", ""asna""]}]",Гинкго двулопастного листьев экстракт,Гинкго двулопастного листьев экстракт,resolved_catalog,consensus,otc,unknown,False,False,,,unknown,unknown,Гинкго двулопастного листьев экстракт,False,,,
13540,356,МЕЛЬДОНИЙ КАПС. 250МГ №30 ФАРМСТАНДАРТ | ФАРМСТАНДАРТ-ЛЕКСРЕДСТВА ОАО | ФАРМСТАНДАРТ-ЛЕКСРЕДСТВА ОАО,drug,Мельдоний,rx,Мельдоний,otc,,,,,,,"[{""source"": ""uteka"", ""raw_mnn"": ""Мельдоний"", ""field_type"": ""explicit_mnn"", ""canonical_components"": [""Мельдоний""], ""url"": null, ""parse_warnings"": []}]",[],,,unresolved_catalog,single_source,unknown,unknown,True,True,ok,Мельдоний,rx,универсальный,Мельдоний,False,https://www.rlsnet.ru/active-substance/meldonii-377 | https://www.vidal.ru/drugs/molecule/1839 | https://aptekamos.ru/tovary/lekarstva/meldoniyo-1543/meldoniyo-kapsuly-250mg-90605/instrukciya | https://www.rlsnet.ru/drugs/mildronat-775 | https://velpharm.group/catalog/meldoniy-velfarm-kaps/ | https://grls.pharm-portal.ru/grls?page=86&sort%5Breg_date%5D=desc | https://zdravcity.ru/p_meldonij-binergija-r-r-d-in-100mg-ml-5ml-n10-0092239.html | https://pharmprom.news/minzdrav-rf-isklyuchil-iz-grls-ryad-importnyx-preparatov-a-takzhe-farmsubstanciyu-meldoniya/,,
13541,356,МЕЛЬДОНИЙ КАНОН КАПС. 250МГ №40 | КАНОНФАРМА ПРОДАКШН ЗАО | КАНОНФАРМА ПРОДАКШН ЗАО,drug,Мельдоний,rx,Леветирацетам,rx,Ламотриджин,rx,,,Клопидогрел,rx,"[{""source"": ""uteka"", ""raw_mnn"": ""Леветирацетам"", ""field_type"": ""explicit_mnn"", ""canonical_components"": [""Леветирацетам""], ""url"": null, ""parse_warnings"": []}, {""source"": ""asna"", ""raw_mnn"": ""Ламотриджин"", ""field_type"": ""explicit_mnn"", ""canonical_components"": [""Ламотриджин""], ""url"": null, ""parse_warnings"": []}, {""source"": ""vidal"", ""raw_mnn"": ""Клопидогрел"", ""field_type"": ""explicit_mnn"", ""canonical_components"": [""Клопидогрел""], ""url"": null, ""parse_warnings"": []}]",[],,,unresolved_catalog,equal_conflict,rx,unknown,True,True,ok,Мельдоний,rx,взрослые,Мельдоний,False,https://cardiocanon.ru/wp-content/uploads/2023/08/meldonij-kanon-140h210-831.pdf | https://apteka.ru/product/meldonij-kanon-250-mg-40-sht-kapsuly-60f186ed1c3b5b2c7446af16/instructions/ | https://www.vidal.ru/drugs/meldonium-canon | https://www.lsgeotar.ru/drugs/meldonium-canon-AF65 | https://medum.ru/meldonium-canon | https://old.lsgeotar.ru/meldony-kanon-39708.html | https://medum.ru/meldonij-kanon | https://cardiocanon.ru/wp-content/uploads/2023/08/meldonij-kanon-140h210-831.pdf | https://cardiocanon.ru/wp-content/uploads/2023/08/meldonij-kanon-imp-140h210-522.pdf | https://medum.ru/meldonij-kanon | https://www.lsgeotar.ru/meldony-kanon-39708.html | https://allmed.pro/ru/drugs/meldonij | https://www.webapteka.ru/drugbase/name72986.html | https://medvisor.ru/medicine/drug/meldoniy-kanon_76964/ | https://www.vidal.ru/drugs/meldonium-canon | https://health.mail.ru/drug/meldoniy_kanon/,True,МЕЛЬДОНИЙ КАНОН КАПС. 250МГ №40 | КАНОНФАРМА ПРОДАКШН ЗАО | КАНОНФАРМА ПРОДАКШН ЗАО
13653,356,МЕКСИКОР Р-Р ДЛЯ В/В В/М ВВЕД. 50МГ/МЛ АМП. 2МЛ №10 ФЕРМЕНТ | ФЕРМЕНТ ФИРМА ООО | ФЕРМЕНТ ФИРМА ООО,drug,,rx,Этилметилгидроксипиридина сукцинат,rx,Этилметилгидроксипиридина сукцинат,rx,,,Этилметилгидроксипиридина сукцинат,rx,"[{""source"": ""uteka"", ""raw_mnn"": ""Этилметилгидроксипиридина сукцинат"", ""field_type"": ""explicit_mnn"", ""canonical_components"": [""Этилметилгидроксипиридина сукцинат""], ""url"": null, ""parse_warnings"": []}, {""source"": ""asna"", ""raw_mnn"": ""Этилметилгидроксипиридина сукцинат"", ""field_type"": ""explicit_mnn"", ""canonical_components"": [""Этилметилгидроксипиридина сукцинат""], ""url"": null, ""parse_warnings"": []}, {""source"": ""vidal"", ""raw_mnn"": ""Этилметилгидроксипиридина сукцинат"", ""field_type"": ""explicit_mnn"", ""canonical_components"": [""Этилметилгидроксипиридина сукцинат""], ""url"": null, ""parse_warnings"": []}]","[{""component"": ""Этилметилгидроксипиридина сукцинат"", ""source_count"": 3, ""sources"": [""uteka"", ""asna"", ""vidal""]}]",Этилметилгидроксипиридина сукцинат,Этилметилгидроксипиридина сукцинат,resolved_catalog,consensus,rx,unknown,False,False,,,unknown,unknown,Этилметилгидроксипиридина сукцинат,False,,,
13659,356,МЕКСИДОЛ ТАБЛ. П/ПЛЕН/ОБ. 125МГ №50 | ЗИО-ЗДОРОВЬЕ ЗАО | ЗИО-ЗДОРОВЬЕ ЗАО,drug,,rx,Этилметилгидроксипиридина сукцинат,rx,Этилметилгидроксипиридина сукцинат,rx,,,Этилметилгидроксипиридина сукцинат,rx,"[{""source"": ""uteka"", ""raw_mnn"": ""Этилметилгидроксипиридина сукцинат"", ""field_type"": ""explicit_mnn"", ""canonical_components"": [""Этилметилгидроксипиридина сукцинат""], ""url"": null, ""parse_warnings"": []}, {""source"": ""asna"", ""raw_mnn"": ""Этилметилгидроксипиридина сукцинат"", ""field_type"": ""explicit_mnn"", ""canonical_components"": [""Этилметилгидроксипиридина сукцинат""], ""url"": null, ""parse_warnings"": []}, {""source"": ""vidal"", ""raw_mnn"": ""Этилметилгидроксипиридина сукцинат"", ""field_type"": ""explicit_mnn"", ""canonical_components"": [""Этилметилгидроксипиридина сукцинат""], ""url"": null, ""parse_warnings"": []}]","[{""component"": ""Этилметилгидроксипиридина сукцинат"", ""source_count"": 3, ""sources"": [""uteka"", ""asna"", ""vidal""]}]",Этилметилгидроксипиридина сукцинат,Этилметилгидроксипиридина сукцинат,resolved_catalog,consensus,rx,unknown,False,False,,,unknown,unknown,Этилметилгидроксипиридина сукцинат,False,,,
13664,356,МЕКСИДОЛ Р-Р ДЛЯ В/В В/М ВВЕД. 50МГ/МЛ АМП. 5МЛ №10 ЭЛЛАРА | ЭЛЛАРА ООО | ЭЛЛАРА ООО,drug,,rx,Этилметилгидроксипиридина сукцинат,rx,Этилметилгидроксипиридина сукцинат,rx,,,Этилметилгидроксипиридина сукцинат,rx,"[{""source"": ""uteka"", ""raw_mnn"": ""Этилметилгидроксипиридина сукцинат"", ""field_type"": ""explicit_mnn"", ""canonical_components"": [""Этилметилгидроксипиридина сукцинат""], ""url"": null, ""parse_warnings"": []}, {""source"": ""asna"", ""raw_mnn"": ""Этилметилгидроксипиридина сукцинат"", ""field_type"": ""explicit_mnn"", ""canonical_components"": [""Этилметилгидроксипиридина сукцинат""], ""url"": null, ""parse_warnings"": []}, {""source"": ""vidal"", ""raw_mnn"": ""Этилметилгидроксипиридина сукцинат"", ""field_type"": ""explicit_mnn"", ""canonical_components"": [""Этилметилгидроксипиридина сукцинат""], ""url"": null, ""parse_warnings"": []}]","[{""component"": ""Этилметилгидроксипиридина сукцинат"", ""source_count"": 3, ""sources"": [""uteka"", ""asna"", ""vidal""]}]",Этилметилгидроксипиридина сукцинат,Этилметилгидроксипиридина сукцинат,resolved_catalog,consensus,rx,unknown,False,False,,,unknown,unknown,Этилметилгидроксипиридина сукцинат,False,,,
14103,357,МАЛЬВАЦИД СУСП. Д/ПРИЕМА ВНУТРЬ ПАК. 15МЛ №20 | АВВА РУС АО | АВВА РУС АО,drug,,безрецептурный,Алгелдрат + Бензокаин + Магния гидроксид,otc,,,,,Магния гидроксид,otc,"[{""source"": ""uteka"", ""raw_mnn"": ""Алгелдрат + Бензокаин + Магния гидроксид"", ""field_type"": ""explicit_mnn"", ""canonical_components"": [""Алгелдрат"", ""Бензокаин"", ""Магния гидроксид""], ""url"": null, ""parse_warnings"": []}, {""source"": ""vidal"", ""raw_mnn"": ""Магния гидроксид"", ""field_type"": ""explicit_mnn"", ""canonical_components"": [""Магния гидроксид""], ""url"": null, ""parse_warnings"": []}]","[{""component"": ""Магния гидроксид"", ""source_count"": 2, ""sources"": [""uteka"", ""vidal""]}, {""component"": ""Алгелдрат"", ""source_count"": 1, ""sources"": [""uteka""]}, {""component"": ""Бензокаин"", ""source_count"": 1, ""sources"": [""uteka""]}]","Магния гидроксид, Алгелдрат, Бензокаин","Магния гидроксид, Алгелдрат, Бензокаин",resolved_catalog,consensus,otc,unknown,False,False,,,unknown,unknown,"Магния гидроксид, Алгелдрат, Бензокаин",False,,,
14162,357,МАКСИКОЛД РИНО ПОР. Д/Р-РА Д/ПРИЕМА ВНУТРЬ АПЕЛЬСИН ПАК. 15Г №10 | ФАРМСТАНДАРТ-ЛЕКСРЕДСТВА ОАО | ФАРМСТАНДАРТ-ЛЕКСРЕДСТВА ОАО,drug,,otc,Парацетамол + Фенилэфрин + Фенирамин + Аскорбиновая кислота,otc,Парацетамол+Фенилэфрин+Фенирамин+Аскорбиновая кислота,otc,,,,otc,"[{""source"": ""uteka"", ""raw_mnn"": ""Парацетамол + Фенилэфрин + Фенирамин + Аскорбиновая кислота"", ""field_type"": ""explicit_mnn"", ""canonical_components"": [""Парацетамол"", ""Фенилэфрин"", ""Фенирамин"", ""Аскорбиновая кислота""], ""url"": null, ""parse_warnings"": []}, {""source"": ""asna"", ""raw_mnn"": ""Парацетамол+Фенилэфрин+Фенирамин+Аскорбиновая кислота"", ""field_type"": ""explicit_mnn"", ""canonical_components"": [""Парацетамол"", ""Фенилэфрин"", ""Фенирамин"", ""Аскорбиновая кислота""], ""url"": null, ""parse_warnings"": []}, {""source"": ""vidal"", ""raw_mnn"": null, ""field_type"": ""unknown"", ""canonical_components"": [], ""url"": null, ""parse_warnings"": []}]","[{""component"": ""Аскорбиновая кислота"", ""source_count"": 2, ""sources"": [""uteka"", ""asna""]}, {""component"": ""Парацетамол"", ""source_count"": 2, ""sources"": [""uteka"", ""asna""]}, {""component"": ""Фенилэфрин"", ""source_count"": 2, ""sources"": [""uteka"", ""asna""]}, {""component"": ""Фенирамин"", ""source_count"": 2, ""sources"": [""uteka"", ""asna""]}]","Аскорбиновая кислота, Парацетамол, Фенилэфрин, Фенирамин","Аскорбиновая кислота, Парацетамол, Фенилэфрин, Фенирамин",resolved_catalog,consensus,otc,unknown,False,False,,,unknown,unknown,"Аскорбиновая кислота, Парацетамол, Фенилэфрин, Фенирамин",False,,,
14492,357,Л-ТИРОКСИН ТАБЛ. 100МКГ №50 ОЗОН | ОЗОН ООО | ОЗОН ООО,drug,,rx,Левотироксин натрия,rx,Левотироксин натрия,rx,,,Левотироксин натрия,rx,"[{""source"": ""uteka"", ""raw_mnn"": ""Левотироксин натрия"", ""field_type"": ""explicit_mnn"", ""canonical_components"": [""Левотироксин натрия""], ""url"": null, ""parse_warnings"": []}, {""source"": ""asna"", ""raw_mnn"": ""Левотироксин натрия"", ""field_type"": ""explicit_mnn"", ""canonical_components"": [""Левотироксин натрия""], ""url"": null, ""parse_warnings"": []}, {""source"": ""vidal"", ""raw_mnn"": ""Левотироксин натрия"", ""field_type"": ""explicit_mnn"", ""canonical_components"": [""Левотироксин натрия""], ""url"": null, ""parse_warnings"": []}]","[{""component"": ""Левотироксин натрия"", ""source_count"": 3, ""sources"": [""uteka"", ""asna"", ""vidal""]}]",Левотироксин натрия,Левотироксин натрия,resolved_catalog,consensus,rx,unknown,False,False,,,unknown,unknown,Левотироксин натрия,False,,,
14577,358,ЛОРТЕНЗА ТАБЛ. П/ПЛЕН/ОБ. 10МГ+100МГ №90 | КРКА-РУС ООО | КРКА-РУС ООО,drug,,рецептурный,,,Амлодипин + Лозартан,rx,,,Лозартан,rx,"[{""source"": ""asna"", ""raw_mnn"": ""Амлодипин + Лозартан"", ""field_type"": ""explicit_mnn"", ""canonical_components"": [""Амлодипин"", ""Лозартан""], ""url"": null, ""parse_warnings"": []}, {""source"": ""vidal"", ""raw_mnn"": ""Лозартан"", ""field_type"": ""explicit_mnn"", ""canonical_components"": [""Лозартан""], ""url"": null, ""parse_warnings"": []}]","[{""component"": ""Лозартан"", ""source_count"": 2, ""sources"": [""asna"", ""vidal""]}, {""component"": ""Амлодипин"", ""source_count"": 1, ""sources"": [""asna""]}]","Лозартан, Амлодипин","Лозартан, Амлодипин",resolved_catalog,consensus,rx,unknown,False,False,,,unknown,unknown,"Лозартан, Амлодипин",False,,,
15560,359,ЛЕККЕР БРИЛЛИАНТОВЫЙ ЗЕЛЕНЫЙ Р-Р 1% ФЛ. С КИСТЬЮ 20МЛ | ЛЕККЕР ЗАО | ЛЕККЕР ЗАО,drug,Бриллиантовый зелёный,otc,Йод + [Калия йодид + Этанол],otc,Йод,otc,,,,,"[{""source"": ""uteka"", ""raw_mnn"": ""Йод + [Калия йодид + Этанол]"", ""field_type"": ""explicit_mnn"", ""canonical_components"": [""Йод"", ""Калия йодид"", ""Этанол""], ""url"": null, ""parse_warnings"": []}, {""source"": ""asna"", ""raw_mnn"": ""Йод"", ""field_type"": ""explicit_mnn"", ""canonical_components"": [""Йод""], ""url"": null, ""parse_warnings"": []}]","[{""component"": ""Йод"", ""source_count"": 2, ""sources"": [""uteka"", ""asna""]}, {""component"": ""Калия йодид"", ""source_count"": 1, ""sources"": [""uteka""]}, {""component"": ""Этанол"", ""source_count"": 1, ""sources"": [""uteka""]}]","Йод, Калия йодид, Этанол","Йод, Калия йодид, Этанол",resolved_catalog,consensus,otc,unknown,False,False,,,unknown,unknown,"Йод, Калия йодид, Этанол",False,,,
15745,359,ЛЕВОФЛОКСАЦИН РЕНЕВАЛ ТАБЛ. П/ПЛЕН/ОБ. 500МГ №10 | ОБНОВЛЕНИЕ ПФК АО | ОБНОВЛЕНИЕ ПФК АО,drug,левофлоксацин,rx,Метамизол натрия,otc,Парацетамол,otc,"Ацетилсалициловая кислота, Аскорбиновая кислота",,Розувастатин,rx,"[{""source"": ""uteka"", ""raw_mnn"": ""Метамизол натрия"", ""field_type"": ""explicit_mnn"", ""canonical_components"": [""Метамизол натрия""], ""url"": null, ""parse_warnings"": []}, {""source"": ""apteka"", ""raw_mnn"": ""Ацетилсалициловая кислота, Аскорбиновая кислота"", ""field_type"": ""explicit_mnn"", ""canonical_components"": [""Ацетилсалициловая кислота"", ""Аскорбиновая кислота""], ""url"": null, ""parse_warnings"": []}, {""source"": ""asna"", ""raw_mnn"": ""Парацетамол"", ""field_type"": ""explicit_mnn"", ""canonical_components"": [""Парацетамол""], ""url"": null, ""parse_warnings"": []}, {""source"": ""vidal"", ""raw_mnn"": ""Розувастатин"", ""field_type"": ""explicit_mnn"", ""canonical_components"": [""Розувастатин""], ""url"": null, ""parse_warnings"": []}]",[],,,unresolved_catalog,equal_conflict,otc,unknown,True,True,ok,Левофлоксацин,rx,взрослые,Левофлоксацин,False,https://medum.ru/levofloxacin-reneval | https://aptekamos.ru/tovary/lekarstva/levofloksacin-6630/levofloksacin-reneval-tabletki-500mg-109663/instrukciya | https://yandex.ru/medicine/medicaments/levofloksatsin-reneval | https://www.vidal.ru/drugs/levofloksatsin-reneval | https://medum.ru/levofloksacin-reneval | https://health.mail.ru/drug/levofloksatsin_reneval/ | https://aptekamos.ru/tovary/lekarstva/levofloksacin-6630/levofloksacin-reneval-tabletki-500mg-109663/instrukciya | https://www.webapteka.ru/drugbase/name74336.html | https://yandex.ru/medicine/medicaments/levofloksatsin-reneval | https://www.rlsnet.ru/drugs/levofloksacin-reneval-89012 | https://www.vidal.ru/drugs/levofloksatsin-reneval | https://zdravmedinform.ru/grls/reg-lp-001508-rg-ru.html | https://grls.pharm-portal.ru/grls/ac2c28fe-beb9-4b7c-ad26-593830e4392e | https://www.renewal.ru/products/levofloksatsin-reneval-500-mg-10/ | https://www.renewal.ru/products/levofloksatsin-reneval-500-mg-10/ | https://www.renewal.ru/products/levofloksatsin-reneval-500-mg-5/,True,ЛЕВОФЛОКСАЦИН РЕНЕВАЛ ТАБЛ. П/ПЛЕН/ОБ. 500МГ №10 | ОБНОВЛЕНИЕ ПФК АО | ОБНОВЛЕНИЕ ПФК АО
15757,359,ЛЕВОФЛОКСАЦИН-АКРИХИН ТАБЛ. П/ПЛЕН/ОБ. 500МГ №5 | АДИФАРМ ЕАД | АДИФАРМ ЕАД,drug,Левофлоксацин,rx,Левофлоксацин,rx,,,,,Левофлоксацин,rx,"[{""source"": ""uteka"", ""raw_mnn"": ""Левофлоксацин"", ""field_type"": ""explicit_mnn"", ""canonical_components"": [""Левофлоксацин""], ""url"": null, ""parse_warnings"": []}, {""source"": ""vidal"", ""raw_mnn"": ""Левофлоксацин"", ""field_type"": ""explicit_mnn"", ""canonical_components"": [""Левофлоксацин""], ""url"": null, ""parse_warnings"": []}]","[{""component"": ""Левофлоксацин"", ""source_count"": 2, ""sources"": [""uteka"", ""vidal""]}]",Левофлоксацин,Левофлоксацин,resolved_catalog,consensus,rx,unknown,False,False,,,unknown,unknown,Левофлоксацин,False,,,
15797,359,ЛЕВОКАРНИТИН Р-Р ДЛЯ В/В И В/М 100МГ/МЛ АМП. 5МЛ №10 ВЕЛФАРМ | Велфарм ООО | Велфарм ООО,drug,Левокарнитин,rx,Левокарнитин,rx,,,,,,,"[{""source"": ""uteka"", ""raw_mnn"": ""Левокарнитин"", ""field_type"": ""explicit_mnn"", ""canonical_components"": [""Левокарнитин""], ""url"": null, ""parse_warnings"": []}]",[],,,unresolved_catalog,single_source,unknown,unknown,True,True,ok,Левокарнитин,rx,универсальный,Левокарнитин,False,https://aptekamos.ru/tovary/lekarstva/levokarnitin-475/levokarnitin-rastvor-dlya-inekciyo-100mg-ml-5ml-105954/instrukciya | https://www.vidal.ru/drugs/molecule/601 | https://grls.rosminzdrav.ru/ | https://www.vidal.ru/drugs/levocarnitine-3 | https://www.rlsnet.ru/drugs/levokarnitin-44489 | https://medum.ru/levokarnitin | https://medspravochnik.com/drugs/serdechnye-preparaty/levokarnitin/ | https://bookmed.narket.ru/substance/levokarnitin-1015 | https://megapteka.ru/specials/guide_levokarnitin-instrukciya-po-2858 | https://health.mail.ru/drug/levokarnitin/ | https://aptekamos.ru/tovary/lekarstva/levokarnitin-475/levokarnitin-rastvor-dlya-inekciyo-100mg-ml-5ml-105954/instrukciya | https://www.pharmcontrol.ru/reference/inn/1967/ | https://www.pharmcontrol.ru/registry/drugs/6977/ | https://grls.pharm-portal.ru/grls/6671f8ed-5af5-4eca-838c-366dcd95433a | https://zdravmedinform.ru/grls/reg-lp-014976-rg-ru.html | https://zdravmedinform.ru/grls/reg-fs-000564.html,True,ЛЕВОКАРНИТИН Р-Р ДЛЯ В/В И В/М 100МГ/МЛ АМП. 5МЛ №10 ВЕЛФАРМ | Велфарм ООО | Велфарм ООО
15921,359,ЛАРИГАМА Р-Р ДЛЯ В/М ВВЕД. АМП. 2МЛ №10 | ГРОТЕКС ООО | ГРОТЕКС ООО,drug,,рецептурный,Пиридоксин + Тиамин + Цианокобаламин + [Лидокаин],rx,Пиридоксин* + Тиамин* + Цианокобаламин* + Лидокаин,rx,,,,rx,"[{""source"": ""uteka"", ""raw_mnn"": ""Пиридоксин + Тиамин + Цианокобаламин + [Лидокаин]"", ""field_type"": ""explicit_mnn"", ""canonical_components"": [""Пиридоксин"", ""Тиамин"", ""Цианокобаламин"", ""[Лидокаин]""], ""url"": null, ""parse_warnings"": []}, {""source"": ""asna"", ""raw_mnn"": ""Пиридоксин* + Тиамин* + Цианокобаламин* + Лидокаин"", ""field_type"": ""explicit_mnn"", ""canonical_components"": [""Пиридоксин"", ""Тиамин"", ""Цианокобаламин"", ""Лидокаин""], ""url"": null, ""parse_warnings"": []}, {""source"": ""vidal"", ""raw_mnn"": null, ""field_type"": ""unknown"", ""canonical_components"": [], ""url"": null, ""parse_warnings"": []}]","[{""component"": ""Лидокаин"", ""source_count"": 2, ""sources"": [""uteka"", ""asna""]}, {""component"": ""Пиридоксин"", ""source_count"": 2, ""sources"": [""uteka"", ""asna""]}, {""component"": ""Тиамин"", ""source_count"": 2, ""sources"": [""uteka"", ""asna""]}, {""component"": ""Цианокобаламин"", ""source_count"": 2, ""sources"": [""uteka"", ""asna""]}]","Лидокаин, Пиридоксин, Тиамин, Цианокобаламин","Лидокаин, Пиридоксин, Тиамин, Цианокобаламин",resolved_catalog,consensus,rx,unknown,False,False,,,unknown,unknown,"Лидокаин, Пиридоксин, Тиамин, Цианокобаламин",False,,,
15949,359,ЛАМОЛЕП ТАБЛ. 50МГ №30 | ГЕДЕОН РИХТЕР ОАО/ГЕДЕОН РИХТЕР-РУС АО | ГЕДЕОН РИХТЕР ОАО/ГЕДЕОН РИХТЕР-РУС АО,drug,,рецептурный,Ламотриджин,rx,Ламотриджин,rx,,,Ламотриджин,rx,"[{""source"": ""uteka"", ""raw_mnn"": ""Ламотриджин"", ""field_type"": ""explicit_mnn"", ""canonical_components"": [""Ламотриджин""], ""url"": null, ""parse_warnings"": []}, {""source"": ""asna"", ""raw_mnn"": ""Ламотриджин"", ""field_type"": ""explicit_mnn"", ""canonical_components"": [""Ламотриджин""], ""url"": null, ""parse_warnings"": []}, {""source"": ""vidal"", ""raw_mnn"": ""Ламотриджин"", ""field_type"": ""explicit_mnn"", ""canonical_components"": [""Ламотриджин""], ""url"": null, ""parse_warnings"": []}]","[{""component"": ""Ламотриджин"", ""source_count"": 3, ""sources"": [""uteka"", ""asna"", ""vidal""]}]",Ламотриджин,Ламотриджин,resolved_catalog,consensus,rx,unknown,False,False,,,unknown,unknown,Ламотриджин,False,,,
15957,359,ЛАМИТОР ТАБЛ. 100МГ №50 | ТОРРЕНТ ФАРМАСЬЮТИКАЛС ЛТД | ТОРРЕНТ ФАРМАСЬЮТИКАЛС ЛТД,drug,,рецептурный,Ламотриджин,rx,Ламотриджин,rx,,,Ламотриджин,rx,"[{""source"": ""uteka"", ""raw_mnn"": ""Ламотриджин"", ""field_type"": ""explicit_mnn"", ""canonical_components"": [""Ламотриджин""], ""url"": null, ""parse_warnings"": []}, {""source"": ""asna"", ""raw_mnn"": ""Ламотриджин"", ""field_type"": ""explicit_mnn"", ""canonical_components"": [""Ламотриджин""], ""url"": null, ""parse_warnings"": []}, {""source"": ""vidal"", ""raw_mnn"": ""Ламотриджин"", ""field_type"": ""explicit_mnn"", ""canonical_components"": [""Ламотриджин""], ""url"": null, ""parse_warnings"": []}]","[{""component"": ""Ламотриджин"", ""source_count"": 3, ""sources"": [""uteka"", ""asna"", ""vidal""]}]",Ламотриджин,Ламотриджин,resolved_catalog,consensus,rx,unknown,False,False,,,unknown,unknown,Ламотриджин,False,,,
16144,360,"ЛАЗОЛВАН Р-Р Д/ПРИЕМА ВНУТРЬ И ИНГАЛ. 7,5МГ/МЛ ФЛ-КАП. 100МЛ | ИНСТИТУТ ДЕ АНГЕЛИ С.Р.Л. | ИНСТИТУТ ДЕ АНГЕЛИ С.Р.Л.",drug,,безрецептурный,Амброксол,otc,Трамазолин,otc,,,Амброксол,otc,"[{""source"": ""uteka"", ""raw_mnn"": ""Амброксол"", ""field_type"": ""explicit_mnn"", ""canonical_components"": [""Амброксол""], ""url"": null, ""parse_warnings"": []}, {""source"": ""asna"", ""raw_mnn"": ""Трамазолин"", ""field_type"": ""explicit_mnn"", ""canonical_components"": [""Трамазолин""], ""url"": null, ""parse_warnings"": []}, {""source"": ""vidal"", ""raw_mnn"": ""Амброксол"", ""field_type"": ""explicit_mnn"", ""canonical_components"": [""Амброксол""], ""url"": null, ""parse_warnings"": []}]","[{""component"": ""Амброксол"", ""source_count"": 2, ""sources"": [""uteka"", ""vidal""]}]",Амброксол,Амброксол,resolved_catalog,consensus,otc,unknown,False,False,,,unknown,unknown,Амброксол,False,,,
16411,361,"КСИЛЕН КАПЛИ НАЗ. 0,1% ФЛ-КАП. 20МЛ №4 | ВЕРОФАРМ ООО | ВЕРОФАРМ ООО",drug,,otc,Ксилометазолин,otc,Ксилометазолин,otc,,,Декспантенол,otc,"[{""source"": ""uteka"", ""raw_mnn"": ""Ксилометазолин"", ""field_type"": ""explicit_mnn"", ""canonical_components"": [""Ксилометазолин""], ""url"": null, ""parse_warnings"": []}, {""source"": ""asna"", ""raw_mnn"": ""Ксилометазолин"", ""field_type"": ""explicit_mnn"", ""canonical_components"": [""Ксилометазолин""], ""url"": null, ""parse_warnings"": []}, {""source"": ""vidal"", ""raw_mnn"": ""Декспантенол"", ""field_type"": ""explicit_mnn"", ""canonical_components"": [""Декспантенол""], ""url"": null, ""parse_warnings"": []}]","[{""component"": ""Ксилометазолин"", ""source_count"": 2, ""sources"": [""uteka"", ""asna""]}]",Ксилометазолин,Ксилометазолин,resolved_catalog,consensus,otc,unknown,False,False,,,unknown,unknown,Ксилометазолин,False,,,
16419,361,КСИЗАЛ ТАБЛ. П/ПЛЕН/ОБ. 5МГ №10 | ЮСБ ФАРШИМ С.А. | ЮСБ ФАРШИМ С.А.,drug,,otc,Левоцетиризин,otc,Левоцетиризин,otc,,,Левоцетиризин,otc,"[{""source"": ""uteka"", ""raw_mnn"": ""Левоцетиризин"", ""field_type"": ""explicit_mnn"", ""canonical_components"": [""Левоцетиризин""], ""url"": null, ""parse_warnings"": []}, {""source"": ""asna"", ""raw_mnn"": ""Левоцетиризин"", ""field_type"": ""explicit_mnn"", ""canonical_components"": [""Левоцетиризин""], ""url"": null, ""parse_warnings"": []}, {""source"": ""vidal"", ""raw_mnn"": ""Левоцетиризин"", ""field_type"": ""explicit_mnn"", ""canonical_components"": [""Левоцетиризин""], ""url"": null, ""parse_warnings"": []}]","[{""component"": ""Левоцетиризин"", ""source_count"": 3, ""sources"": [""uteka"", ""asna"", ""vidal""]}]",Левоцетиризин,Левоцетиризин,resolved_catalog,consensus,otc,unknown,False,False,,,unknown,unknown,Левоцетиризин,False,,,
16518,361,КРЕОН 25000 КАПС. КИШ/РАСТ. 25000ЕД №20 | ВЕРОФАРМ АО | ВЕРОФАРМ АО,drug,,rx,Панкреатин,otc,Панкреатин,otc,,,Панкреатин,otc,"[{""source"": ""uteka"", ""raw_mnn"": ""Панкреатин"", ""field_type"": ""explicit_mnn"", ""canonical_components"": [""Панкреатин""], ""url"": null, ""parse_warnings"": []}, {""source"": ""asna"", ""raw_mnn"": ""Панкреатин"", ""field_type"": ""explicit_mnn"", ""canonical_components"": [""Панкреатин""], ""url"": null, ""parse_warnings"": []}, {""source"": ""vidal"", ""raw_mnn"": ""Панкреатин"", ""field_type"": ""explicit_mnn"", ""canonical_components"": [""Панкреатин""], ""url"": null, ""parse_warnings"": []}]","[{""component"": ""Панкреатин"", ""source_count"": 3, ""sources"": [""uteka"", ""asna"", ""vidal""]}]",Панкреатин,Панкреатин,resolved_catalog,consensus,otc,unknown,False,False,,,unknown,unknown,Панкреатин,False,,,
16640,361,КОСТАРОКС ТАБЛ. П/ПЛЕН/ОБ. 90МГ №28 | КАДИЛА ФАРМАСЬЮТИКАЛЗ ЛИМИТЕД | КАДИЛА ФАРМАСЬЮТИКАЛЗ ЛИМИТЕД,drug,,рецептурный,Эторикоксиб,rx,Эторикоксиб,rx,,,Эторикоксиб,rx,"[{""source"": ""uteka"", ""raw_mnn"": ""Эторикоксиб"", ""field_type"": ""explicit_mnn"", ""canonical_components"": [""Эторикоксиб""], ""url"": null, ""parse_warnings"": []}, {""source"": ""asna"", ""raw_mnn"": ""Эторикоксиб"", ""field_type"": ""explicit_mnn"", ""canonical_components"": [""Эторикоксиб""], ""url"": null, ""parse_warnings"": []}, {""source"": ""vidal"", ""raw_mnn"": ""Эторикоксиб"", ""field_type"": ""explicit_mnn"", ""canonical_components"": [""Эторикоксиб""], ""url"": null, ""parse_warnings"": []}]","[{""component"": ""Эторикоксиб"", ""source_count"": 3, ""sources"": [""uteka"", ""asna"", ""vidal""]}]",Эторикоксиб,Эторикоксиб,resolved_catalog,consensus,rx,unknown,False,False,,,unknown,unknown,Эторикоксиб,False,,,
16703,361,КОРДИАМИН КАПЛИ Д/ПРИЕМА ВНУТРЬ 25% ФЛ-КАП. 30МЛ ТЕХНОПАРК-ЦЕНТР | ТЕХНОПАРК-ЦЕНТР ООО | ТЕХНОПАРК-ЦЕНТР ООО,drug,,,Никетамид,otc,Никетамид,otc,,,Никетамид,rx,"[{""source"": ""uteka"", ""raw_mnn"": ""Никетамид"", ""field_type"": ""explicit_mnn"", ""canonical_components"": [""Никетамид""], ""url"": null, ""parse_warnings"": []}, {""source"": ""asna"", ""raw_mnn"": ""Никетамид"", ""field_type"": ""explicit_mnn"", ""canonical_components"": [""Никетамид""], ""url"": null, ""parse_warnings"": []}, {""source"": ""vidal"", ""raw_mnn"": ""Никетамид"", ""field_type"": ""explicit_mnn"", ""canonical_components"": [""Никетамид""], ""url"": null, ""parse_warnings"": []}]","[{""component"": ""Никетамид"", ""source_count"": 3, ""sources"": [""uteka"", ""asna"", ""vidal""]}]",Никетамид,Никетамид,resolved_catalog,consensus,otc,unknown,False,False,,,unknown,unknown,Никетамид,False,,,
17254,362,"КО-ВАМЛОСЕТ ТАБЛ. П/ПЛЕН/ОБ. 5МГ+160МГ+12,5МГ №90 | КРКА-РУС ООО | КРКА-РУС ООО",drug,,rx,,,Амлодипин* + Валсартан* + Гидрохлоротиазид,rx,,,,rx,"[{""source"": ""asna"", ""raw_mnn"": ""Амлодипин* + Валсартан* + Гидрохлоротиазид"", ""field_type"": ""explicit_mnn"", ""canonical_components"": [""Амлодипин"", ""Валсартан"", ""Гидрохлоротиазид""], ""url"": null, ""parse_warnings"": []}, {""source"": ""vidal"", ""raw_mnn"": null, ""field_type"": ""unknown"", ""canonical_components"": [], ""url"": null, ""parse_warnings"": []}]",[],,,unresolved_catalog,single_source,rx,unknown,True,True,ok,"Амлодипин, Валсартан, Гидрохлоротиазид",rx,взрослые,"Амлодипин, Валсартан, Гидрохлоротиазид",False,https://www.vidal.ru/drugs/co-vamloset | https://megapteka.ru/specials/guide_ko-vamloset-instrukciya-po-5337 | https://aptekamos.ru/tovary/lekarstva/amlodipin-valsartan-gidroxlorotiazid-11443/ko-vamloset-tabletki-5mg-160mg-12-5mg-89954/instrukciya | https://www.neboleem.net/ko-vamloset.php | https://medi.ru/instrukciya/ko-vamloset_14593/ | https://www.rlsnet.ru/drugs/ko-vamloset-79440 | https://www.webapteka.ru/drugbase/name71204.html | https://www.lsgeotar.ru/drugs/co-vamloset-AEqq | https://www.vidal.ru/drugs/co-vamloset | https://medi.ru/instrukciya/ko-vamloset_14593/ | https://allmed.pro/ru/drugs/ko-vamloset | https://www.rlsnet.ru/drugs/ko-vamloset-79440 | https://www.webapteka.ru/drugbase/name71204.html | https://medvisor.ru/medicine/drug/ko-vamloset_34848/ | https://zdesapteka.ru/instructions/ko-vamloset/ | https://www.vidal.ru/drugs/co-vamloset,True,"КО-ВАМЛОСЕТ ТАБЛ. П/ПЛЕН/ОБ. 5МГ+160МГ+12,5МГ №90 | КРКА-РУС ООО | КРКА-РУС ООО"
17447,363,КЛЕНЗИТ-С ГЕЛЬ Д/НАРУЖ. ПРИМ. ТУБА 15Г | ГЛЕНМАРК ФАРМАСЬЮТИКАЛС ЛТД | ГЛЕНМАРК ФАРМАСЬЮТИКАЛС ЛТД,drug,,рецептурный,Адапален + Клиндамицин,otc,Адапален* + Клиндамицин,otc,,,Клиндамицин,otc,"[{""source"": ""uteka"", ""raw_mnn"": ""Адапален + Клиндамицин"", ""field_type"": ""explicit_mnn"", ""canonical_components"": [""Адапален"", ""Клиндамицин""], ""url"": null, ""parse_warnings"": []}, {""source"": ""asna"", ""raw_mnn"": ""Адапален* + Клиндамицин"", ""field_type"": ""explicit_mnn"", ""canonical_components"": [""Адапален"", ""Клиндамицин""], ""url"": null, ""parse_warnings"": []}, {""source"": ""vidal"", ""raw_mnn"": ""Клиндамицин"", ""field_type"": ""explicit_mnn"", ""canonical_components"": [""Клиндамицин""], ""url"": null, ""parse_warnings"": []}]","[{""component"": ""Клиндамицин"", ""source_count"": 3, ""sources"": [""uteka"", ""asna"", ""vidal""]}, {""component"": ""Адапален"", ""source_count"": 2, ""sources"": [""uteka"", ""asna""]}]","Клиндамицин, Адапален","Клиндамицин, Адапален",resolved_catalog,consensus,otc,unknown,False,False,,,unknown,unknown,"Клиндамицин, Адапален",False,,,
17453,363,КЛЕНБУТЕРОЛ Р-Р Д/ПРИЕМА ВНУТРЬ 1МКГ/МЛ ФЛ. 100МЛ ОЗОН | ОЗОН ООО | ОЗОН ООО,drug,Кленбутерол,rx,Кленбутерол,rx,,,,,,,"[{""source"": ""uteka"", ""raw_mnn"": ""Кленбутерол"", ""field_type"": ""explicit_mnn"", ""canonical_components"": [""Кленбутерол""], ""url"": null, ""parse_warnings"": []}]",[],,,unresolved_catalog,single_source,unknown,unknown,True,True,ok,Кленбутерол,rx,универсальный,Кленбутерол,False,https://pharmproduct.ru/drugs/klenbuterol | https://www.lsgeotar.ru/drugs/clenbuterol-AF5a | https://www.vidal.ru/drugs/clenbuterol__5037 | https://www.lsgeotar.ru/drugs/clenbuterol-AA5o | https://www.rlsnet.ru/drugs/klenbuterol-1652 | https://allmed.pro/ru/drugs/klenbuterol | https://www.vidal.ru/drugs/clenbuterol__5037 | https://www.asna.ru/product/klenbuterol/instruction/ | https://apteka-april.ru/product/4374-klenbuterol_sirop_fl_100ml | https://zdesapteka.ru/instructions/klenbuterol/ | https://www.lsgeotar.ru/drugs/clenbuterol-AF5a | https://www.webapteka.ru/drugbase/name3113.html | https://www.vidal.ru/drugs/clenbuterol__5037 | https://medum.ru/klenbuterol | https://bookmed.narket.ru/substance/klenbuterol-912 | https://www.vidal.ru/drugs/klenbuterol,True,КЛЕНБУТЕРОЛ Р-Р Д/ПРИЕМА ВНУТРЬ 1МКГ/МЛ ФЛ. 100МЛ ОЗОН | ОЗОН ООО | ОЗОН ООО
17599,363,КЕТОТИФЕН СОФАРМА СИРОП 1МГ/5МЛ ФЛ. 100МЛ | СОФАРМА АО | СОФАРМА АО,drug,кетотифен,rx,Кетотифен,rx,,,,,Кетотифен,rx,"[{""source"": ""uteka"", ""raw_mnn"": ""Кетотифен"", ""field_type"": ""explicit_mnn"", ""canonical_components"": [""Кетотифен""], ""url"": null, ""parse_warnings"": []}, {""source"": ""vidal"", ""raw_mnn"": ""Кетотифен"", ""field_type"": ""explicit_mnn"", ""canonical_components"": [""Кетотифен""], ""url"": null, ""parse_warnings"": []}]","[{""component"": ""Кетотифен"", ""source_count"": 2, ""sources"": [""uteka"", ""vidal""]}]",Кетотифен,Кетотифен,resolved_catalog,consensus,rx,unknown,False,False,,,unknown,unknown,Кетотифен,False,,,
17770,363,КВАМАТЕЛ ТАБЛ. П/ПЛЕН/ОБ. 40МГ №14 | ГЕДЕОН РИХТЕР ОАО/ГЕДЕОН РИХТЕР-РУС АО | ГЕДЕОН РИХТЕР ОАО/ГЕДЕОН РИХТЕР-РУС АО,drug,,rx,Фамотидин,rx,Фамотидин,rx,,,Фамотидин,rx,"[{""source"": ""uteka"", ""raw_mnn"": ""Фамотидин"", ""field_type"": ""explicit_mnn"", ""canonical_components"": [""Фамотидин""], ""url"": null, ""parse_warnings"": []}, {""source"": ""asna"", ""raw_mnn"": ""Фамотидин"", ""field_type"": ""explicit_mnn"", ""canonical_components"": [""Фамотидин""], ""url"": null, ""parse_warnings"": []}, {""source"": ""vidal"", ""raw_mnn"": ""Фамотидин"", ""field_type"": ""explicit_mnn"", ""canonical_components"": [""Фамотидин""], ""url"": null, ""parse_warnings"": []}]","[{""component"": ""Фамотидин"", ""source_count"": 3, ""sources"": [""uteka"", ""asna"", ""vidal""]}]",Фамотидин,Фамотидин,resolved_catalog,consensus,rx,unknown,False,False,,,unknown,unknown,Фамотидин,False,,,
17777,363,КАШНОЛ ЭКСПЕКТОРАНТ СИРОП ФЛ. 200МЛ | ЛОК-БЕТА ФАРМАСЬЮТИКАЛС (И) ПВТ.ЛТД | ЛОК-БЕТА ФАРМАСЬЮТИКАЛС (И) ПВТ.ЛТД,drug,,otc,Бромгексин + Гвайфенезин + Сальбутамол,rx,Бромгексин* + Гвайфенезин* + Сальбутамол,rx,,,Бромгексин,rx,"[{""source"": ""uteka"", ""raw_mnn"": ""Бромгексин + Гвайфенезин + Сальбутамол"", ""field_type"": ""explicit_mnn"", ""canonical_components"": [""Бромгексин"", ""Гвайфенезин"", ""Сальбутамол""], ""url"": null, ""parse_warnings"": []}, {""source"": ""asna"", ""raw_mnn"": ""Бромгексин* + Гвайфенезин* + Сальбутамол"", ""field_type"": ""explicit_mnn"", ""canonical_components"": [""Бромгексин"", ""Гвайфенезин"", ""Сальбутамол""], ""url"": null, ""parse_warnings"": []}, {""source"": ""vidal"", ""raw_mnn"": ""Бромгексин"", ""field_type"": ""explicit_mnn"", ""canonical_components"": [""Бромгексин""], ""url"": null, ""parse_warnings"": []}]","[{""component"": ""Бромгексин"", ""source_count"": 3, ""sources"": [""uteka"", ""asna"", ""vidal""]}, {""component"": ""Гвайфенезин"", ""source_count"": 2, ""sources"": [""uteka"", ""asna""]}, {""component"": ""Сальбутамол"", ""source_count"": 2, ""sources"": [""uteka"", ""asna""]}]","Бромгексин, Гвайфенезин, Сальбутамол","Бромгексин, Гвайфенезин, Сальбутамол",resolved_catalog,consensus,rx,unknown,False,False,,,unknown,unknown,"Бромгексин, Гвайфенезин, Сальбутамол",False,,,
17852,363,КАРИПАЗИМ ЛИОФ. Д/Р-РА Д/НАРУЖ. ПРИМ. 350ПЕ ФЛ. №1 ВИФИТЕХ | ВИФИТЕХ | ВИФИТЕХ,drug,,rx,Папайи млечный сок,rx,Папайи млечный сок,rx,,,Папаин,rx,"[{""source"": ""uteka"", ""raw_mnn"": ""Папайи млечный сок"", ""field_type"": ""explicit_mnn"", ""canonical_components"": [""Папайи млечный сок""], ""url"": null, ""parse_warnings"": []}, {""source"": ""asna"", ""raw_mnn"": ""Папайи млечный сок"", ""field_type"": ""explicit_mnn"", ""canonical_components"": [""Папайи млечный сок""], ""url"": null, ""parse_warnings"": []}, {""source"": ""vidal"", ""raw_mnn"": ""Папаин"", ""field_type"": ""explicit_mnn"", ""canonical_components"": [""Папаин""], ""url"": null, ""parse_warnings"": []}]","[{""component"": ""Папайи млечный сок"", ""source_count"": 2, ""sources"": [""uteka"", ""asna""]}]",Папайи млечный сок,Папайи млечный сок,resolved_catalog,consensus,rx,unknown,False,False,,,unknown,unknown,Папайи млечный сок,False,,,
18152,364,КАМИСТАД ГЕЛЬ Д/МЕСТН. ПРИМ. 20МГ/Г+185МГ/Г ТУБА 10Г | ШТАДА | ШТАДА,drug,,otc,,,,otc,,,Лидокаин,otc,"[{""source"": ""asna"", ""raw_mnn"": null, ""field_type"": ""unknown"", ""canonical_components"": [], ""url"": null, ""parse_warnings"": []}, {""source"": ""vidal"", ""raw_mnn"": ""Лидокаин"", ""field_type"": ""explicit_mnn"", ""canonical_components"": [""Лидокаин""], ""url"": null, ""parse_warnings"": []}]",[],,,unresolved_catalog,single_source,otc,unknown,True,True,ok,"Лидокаин, Ромашки аптечной цветков экстракт",otc,универсальный,"Лидокаин, Ромашки аптечной цветков экстракт",False,https://pharmproduct.ru/drugs/kamistad | https://www.vidal.ru/drugs/kamistad__3249 | https://aptekamos.ru/tovary/lekarstva/lidokain-romashki-aptechnoyo-cvetkov-ekstrakt-2205/kamistad-gel-20mg-g-185mg-g-10g-70042/instrukciya | http://drugs.thead.ru/Kamistad | https://www.rlsnet.ru/drugs/kamistad-7369 | https://medvestnik.ru/ls/a0e3f417-072d-4910-8bbf-60df4ba30699.html | https://www.rlsnet.ru/drugs/kamistad-7369 | https://www.vidal.ru/drugs/kamistad__3249 | https://medi.ru/instrukciya/kamistad_4136/ | https://apteka-april.ru/product/26432-kamistad_gel_10g | https://grls.rosminzdrav.ru/ | https://www.neboleem.net/kamistad.php | https://grls.pharm-portal.ru/grls/742a6886-cbcf-4c7f-87a7-49408a71e7ae | https://grls.pharm-portal.ru/grls/4b39c91d-afec-4ea1-b7ab-2ce97cd783a5 | https://grls.pharm-portal.ru/grls/742a6886-cbcf-4c7f-87a7-49408a71e7ae | https://kamistad.ru/,True,КАМИСТАД ГЕЛЬ Д/МЕСТН. ПРИМ. 20МГ/Г+185МГ/Г ТУБА 10Г | ШТАДА | ШТАДА
18278,364,КАЛИЯ ОРОТАТ ТАБЛ. 500МГ №10 АВВА РУС | АВВА РУС | АВВА РУС,drug,Калия оротат,otc,,,,,,,,,[],[],,,unresolved_catalog,empty,unknown,unknown,True,True,ok,Оротовая кислота,rx,универсальный,Оротовая кислота,False,https://aptekamos.ru/tovary/lekarstva/orotovaya-kislota-682/kaliya-orotat-tabletki-500mg-6542/instrukciya | https://aptekamos.ru/tovary/lekarstva/orotovaya-kislota-682/kaliya-orotat-tabletki-500mg-67418/instrukciya | https://pharmproduct.ru/drugs/kaliia-orotat | https://www.rlsnet.ru/drugs/kaliya-orotat-2445 | https://www.vidal.ru/drugs/potassium_orotate__17958 | https://www.vidal.ru/drugs/potassium_orotate__17958 | https://aptekamos.ru/tovary/lekarstva/orotovaya-kislota-682/kaliya-orotat-tabletki-500mg-6542/instrukciya | https://www.rlsnet.ru/drugs/kaliya-orotat-2445 | https://aptekamos.ru/tovary/lekarstva/orotovaya-kislota-682/kaliya-orotat-tabletki-500mg-67418/instrukciya | https://medi.ru/instrukciya/kaliya-orotat_20104/ | https://drugs.medelement.com/drug/%D0%BA%D0%B0%D0%BB%D0%B8%D1%8F-%D0%BE%D1%80%D0%BE%D1%82%D0%B0%D1%82-%D0%B8%D0%BD%D1%81%D1%82%D1%80%D1%83%D0%BA%D1%86%D0%B8%D1%8F/400702241477650960?instruction_lang=RU | https://medi.ru/instrukciya/kaliya-orotat_3115/ | https://health.mail.ru/drug/kaliya_orotat/ | https://grls.pharm-portal.ru/grls/14940c4a-1c3b-4890-b37b-9d255b4e42da | https://www.pharmcontrol.ru/registry/drugs/13941/ | https://vaskov.pro/grls/0ae96541-9745-180b-8197-47b6d88a0ad0,True,КАЛИЯ ОРОТАТ ТАБЛ. 500МГ №10 АВВА РУС | АВВА РУС | АВВА РУС
18320,364,КАГОЦЕЛ ТАБЛ. 12МГ №30 | НИАРМЕДИК ПЛЮС ООО/НИАРМЕДИК ФАРМА ООО | НИАРМЕДИК ПЛЮС ООО/НИАРМЕДИК ФАРМА ООО,drug,Кагоцел,без рецепта,Кагоцел,otc,,,,,,otc,"[{""source"": ""uteka"", ""raw_mnn"": ""Кагоцел"", ""field_type"": ""explicit_mnn"", ""canonical_components"": [""Кагоцел""], ""url"": null, ""parse_warnings"": []}, {""source"": ""vidal"", ""raw_mnn"": null, ""field_type"": ""unknown"", ""canonical_components"": [], ""url"": null, ""parse_warnings"": []}]",[],,,unresolved_catalog,single_source,otc,unknown,True,True,ok_partial,,otc,универсальный,,True,https://www.rlsnet.ru/drugs/kagocel-18792 | https://pharmproduct.ru/drugs/kagocel | https://medvisor.ru/medicine/drug/kagotsel_34212/ | https://www.rlsnet.ru/drugs/kagocel-18792 | https://www.webapteka.ru/drugbase/name14728.html | https://kagocel.ru/instruction/ | https://medspravochnik.com/drugs/immunomodulyatory/kagotsel/ | https://drugs.medelement.com/drug/%D0%BA%D0%B0%D0%B3%D0%BE%D1%86%D0%B5%D0%BB-%D0%B8%D0%BD%D1%81%D1%82%D1%80%D1%83%D0%BA%D1%86%D0%B8%D1%8F/624097151477650936?instruction_lang=RU | https://zdravmedinform.ru/grls/reg-r-n001042-01.html | https://www.pharmcontrol.ru/registry/drugs/138645/ | https://grls.pharm-portal.ru/grls/d3bdb785-25d4-421e-a0c4-24b7d441c4ee | https://medum.ru/kagotsel-mnn | https://grls.pharm-portal.ru/grls | https://www.pharmcontrol.ru/registry/drugs/138645/ | https://zdravmedinform.ru/grls/reg-r-n001042-01.html | https://apteka-april.ru/product/228470-kagocel_tabletki_20,True,КАГОЦЕЛ ТАБЛ. 12МГ №30 | НИАРМЕДИК ПЛЮС ООО/НИАРМЕДИК ФАРМА ООО | НИАРМЕДИК ПЛЮС ООО/НИАРМЕДИК ФАРМА ООО
18327,364,КАВИНТОН КОНЦ. Д/Р-РА Д/ИНФ. 5МГ/МЛ АМП. 5МЛ №10 | ГЕДЕОН РИХТЕР ОАО | ГЕДЕОН РИХТЕР ОАО,drug,,rx,Винпоцетин,rx,Винпоцетин,rx,,,Винпоцетин,rx,"[{""source"": ""uteka"", ""raw_mnn"": ""Винпоцетин"", ""field_type"": ""explicit_mnn"", ""canonical_components"": [""Винпоцетин""], ""url"": null, ""parse_warnings"": []}, {""source"": ""asna"", ""raw_mnn"": ""Винпоцетин"", ""field_type"": ""explicit_mnn"", ""canonical_components"": [""Винпоцетин""], ""url"": null, ""parse_warnings"": []}, {""source"": ""vidal"", ""raw_mnn"": ""Винпоцетин"", ""field_type"": ""explicit_mnn"", ""canonical_components"": [""Винпоцетин""], ""url"": null, ""parse_warnings"": []}]","[{""component"": ""Винпоцетин"", ""source_count"": 3, ""sources"": [""uteka"", ""asna"", ""vidal""]}]",Винпоцетин,Винпоцетин,resolved_catalog,consensus,rx,unknown,False,False,,,unknown,unknown,Винпоцетин,False,,,
18349,364,ЙОХИМБИНА ГИДРОХЛОРИД ТАБЛ. 5МГ №50 | ЗДОРОВЬЕ ФАРМАЦЕВИЧЕСКАЯ КОМПАНИЯ ООО | ЗДОРОВЬЕ ФАРМАЦЕВИЧЕСКАЯ КОМПАНИЯ ООО,drug,Йохимбин,rx,Йохимбина гидрохлорид,rx,,,,,,,"[{""source"": ""uteka"", ""raw_mnn"": ""Йохимбина гидрохлорид"", ""field_type"": ""explicit_mnn"", ""canonical_components"": [""Йохимбина гидрохлорид""], ""url"": null, ""parse_warnings"": []}]",[],,,unresolved_catalog,single_source,unknown,unknown,True,True,ok,Йохимбина гидрохлорид,rx,взрослые,Йохимбина гидрохлорид,False,https://aptekamos.ru/tovary/lekarstva/yooximbina-gidroxlorid-2156/yooximbina-gidroxlorid-tabletki-5mg-30569/instrukciya | https://www.vidal.ru/drugs/yohimbin_hydrochloride__4898 | https://www.rlsnet.ru/drugs/ioximbina-gidroxlorid-5469 | https://aptekamos.ru/tovary/lekarstva/yooximbina-gidroxlorid-2156/yooximbin-tabletki-5mg-108258/instrukciya | https://drugs.medelement.com/drug/%D0%B9%D0%BE%D1%85%D0%B8%D0%BC%D0%B1%D0%B8%D0%BD%D0%B0-%D0%B3%D0%B8%D0%B4%D1%80%D0%BE%D1%85%D0%BB%D0%BE%D1%80%D0%B8%D0%B4-%D0%B8%D0%BD%D1%81%D1%82%D1%80%D1%83%D0%BA%D1%86%D0%B8%D1%8F/833776981477650964?instruction_lang=RU | https://aptekamos.ru/tovary/lekarstva/yooximbina-gidroxlorid-2156/yooximbina-gidroxlorid-tabletki-5mg-30569/instrukciya | https://www.rlsnet.ru/drugs/ioximbina-gidroxlorid-5469 | https://www.vidal.ru/drugs/yohimbin_hydrochloride__4898 | https://health.mail.ru/drug/yohimbina-gidrohlorid/ | https://medum.ru/jokhimbina-gidrokhlorid | https://adventus.info/doc/x0590.php | https://medum.ru/yohimbina-gidrohlorid | http://drugs.thead.ru/Yohimbina_gidrohlorid | https://www.rlsnet.ru/drugs/ioximbina-gidroxlorid-5469 | https://health.mail.ru/drug/yohimbina-gidrohlorid/ | https://aptekamos.ru/tovary/lekarstva/yooximbina-gidroxlorid-2156/yooximbina-gidroxlorid-tabletki-5mg-30569/instrukciya,True,ЙОХИМБИНА ГИДРОХЛОРИД ТАБЛ. 5МГ №50 | ЗДОРОВЬЕ ФАРМАЦЕВИЧЕСКАЯ КОМПАНИЯ ООО | ЗДОРОВЬЕ ФАРМАЦЕВИЧЕСКАЯ КОМПАНИЯ ООО
18732,364,ИНВОКАНА ТАБЛ. П/ПЛЕН/ОБ. 100МГ №30 | ЯНССЕН ОРТО ЛЛС | ЯНССЕН ОРТО ЛЛС,drug,,rx,Канаглифлозин,rx,Канаглифлозин,rx,,,Канаглифлозин,rx,"[{""source"": ""uteka"", ""raw_mnn"": ""Канаглифлозин"", ""field_type"": ""explicit_mnn"", ""canonical_components"": [""Канаглифлозин""], ""url"": null, ""parse_warnings"": []}, {""source"": ""asna"", ""raw_mnn"": ""Канаглифлозин"", ""field_type"": ""explicit_mnn"", ""canonical_components"": [""Канаглифлозин""], ""url"": null, ""parse_warnings"": []}, {""source"": ""vidal"", ""raw_mnn"": ""Канаглифлозин"", ""field_type"": ""explicit_mnn"", ""canonical_components"": [""Канаглифлозин""], ""url"": null, ""parse_warnings"": []}]","[{""component"": ""Канаглифлозин"", ""source_count"": 3, ""sources"": [""uteka"", ""asna"", ""vidal""]}]",Канаглифлозин,Канаглифлозин,resolved_catalog,consensus,rx,unknown,False,False,,,unknown,unknown,Канаглифлозин,False,,,
18837,366,"ИЗАКАРДИН СПРЕЙ ПОДЪЯЗЫЧ. ДОЗИРОВ. 1,25МГ/ДОЗА ФЛ. 15МЛ 300ДОЗ ФАРМАМЕД | ФАРМАМЕД ООО | ФАРМАМЕД ООО",drug,,rx,Изосорбида динитрат,rx,Изосорбида динитрат,rx,,,Изосорбида динитрат,rx,"[{""source"": ""uteka"", ""raw_mnn"": ""Изосорбида динитрат"", ""field_type"": ""explicit_mnn"", ""canonical_components"": [""Изосорбида динитрат""], ""url"": null, ""parse_warnings"": []}, {""source"": ""asna"", ""raw_mnn"": ""Изосорбида динитрат"", ""field_type"": ""explicit_mnn"", ""canonical_components"": [""Изосорбида динитрат""], ""url"": null, ""parse_warnings"": []}, {""source"": ""vidal"", ""raw_mnn"": ""Изосорбида динитрат"", ""field_type"": ""explicit_mnn"", ""canonical_components"": [""Изосорбида динитрат""], ""url"": null, ""parse_warnings"": []}]","[{""component"": ""Изосорбида динитрат"", ""source_count"": 3, ""sources"": [""uteka"", ""asna"", ""vidal""]}]",Изосорбида динитрат,Изосорбида динитрат,resolved_catalog,consensus,rx,unknown,False,False,,,unknown,unknown,Изосорбида динитрат,False,,,
18857,366,"ИГЛА IME-FINE УНИВЕРСАЛЬНАЯ ИНЪЕКЦИОННАЯ ОДНОРАЗОВАЯ ДЛЯ ИНСУЛИНОВЫХ ШПРИЦ-РУЧЕК 31G 0,26Х5ММ №100 | NINGBO CAREMED MEDICAL PRODUCTS | NINGBO CAREMED MEDICAL PRODUCTS | 31 G",drug,,,,,,,,,,,[],[],,,unresolved_catalog,empty,unknown,unknown,True,True,ok,,unknown,универсальный,,True,https://www.rigla.ru/product/igly-ime-fine-universal-inyekts-odnoraz-dlya-insulin-shprits-ruchek-31g-026kh6mm-no100-441393 | https://medmag24.ru/product/igly-dlya-insulinovyh-shprits-ruchek-ime-fine/?locale=ru_RU | https://expero.ru/products/ime-fine-igly-universalnye-inektsionnye-odnorazovye-dlya-insulinovykh-shprits-ruchek-100-sht-31g-0-26x6mm-228727 | https://farmani.ru/catalog/izdeliya_meditsinskogo_naznacheniya_melkoshtuchnye_tovary_igly_dlya_inektsiy/igly_ime_fine_universalnye_inektsionnye_odnorazovye_dlya_insulinovykh_shprits_ruchek_31g_0_26kh6mm_100_sht/ | https://www.rigla.ru/product/igly-ime-fine-universal-inyekts-odnoraz-dlya-insulin-shprits-ruchek-31g-026kh6mm-no100-441393 | https://apteka.ru/product/igly-ime-fine-universalnye-inekczionnye-odnorazovye-dlya-insulinovyx-shpricz-ruchek-31g-026x8-mm-100-sht-5e32744865b5ab0001656a46/ | https://apteka.ru/product/igly-ime-fine-universalnye-inekczionnye-odnorazovye-dlya-insulinovyx-shpricz-ruchek-31g-026x5-mm-100-sht-5e32744865b5ab0001656a3f/ | https://www.ozon.ru/product/igly-inektsionnye-universalnye-ime-fine-100-dlya-insulinovyh-shprits-ruchek-31g-diametr-0-26-745784582/ | https://www.ozon.ru/product/igly-inektsionnye-universalnye-ime-fine-100-dlya-insulinovyh-shprits-ruchek-31g-diametr-0-26-745784575/ | https://megapteka.ru/moskva/catalog/igly/ime-fine-igly-inekcionnye-4531606 | https://uteka.ru/product/ime-fain-igli-dlya-insulinovikh-shprits-ruchek-436733/ | https://apteka.ru/product/igly-ime-fine-universalnye-inekczionnye-odnorazovye-dlya-insulinovyx-shpricz-ruchek-31g-026x8-mm-100-sht-5e32744865b5ab0001656a46/ | https://apteka.ru/product/igly-ime-fine-universalnye-inekczionnye-odnorazovye-dlya-insulinovyx-shpricz-ruchek-31g-026x5-mm-100-sht-5e32744865b5ab0001656a3f/ | https://www.ozon.ru/product/igly-inektsionnye-universalnye-ime-fine-100-dlya-insulinovyh-shprits-ruchek-31g-diametr-0-26-745784582/ | https://www.ozon.ru/product/igly-ime-fine-8mm-31g-dlya-insulinovyh-shprits-ruchek-100-sht-1401789519/ | https://megapteka.ru/moskva/catalog/igly/ime-fine-igly-inekcionnye-4531606,True,"ИГЛА IME-FINE УНИВЕРСАЛЬНАЯ ИНЪЕКЦИОННАЯ ОДНОРАЗОВАЯ ДЛЯ ИНСУЛИНОВЫХ ШПРИЦ-РУЧЕК 31G 0,26Х5ММ №100 | NINGBO CAREMED MEDICAL PRODUCTS | NINGBO CAREMED MEDICAL PRODUCTS | 31 G"
18866,366,ИВАБРАДИН ТАБЛ. П/ПЛЕН/ОБ. 5МГ №56 ОЗОН | ОЗОН ООО | ОЗОН ООО,drug,Ивабрадин,rx,Ивабрадин,rx,,,,,,,"[{""source"": ""uteka"", ""raw_mnn"": ""Ивабрадин"", ""field_type"": ""explicit_mnn"", ""canonical_components"": [""Ивабрадин""], ""url"": null, ""parse_warnings"": []}]",[],,,unresolved_catalog,single_source,unknown,unknown,True,True,ok,Ивабрадин,rx,взрослые,Ивабрадин,False,https://www.vidal.ru/drugs/ivabradine | https://www.rlsnet.ru/drugs/ivabradin-51118 | https://www.vidal.ru/drugs/ivabradine | https://www.rlsnet.ru/drugs/ivabradin-51118 | https://www.rlsnet.ru/active-substance/ivabradin-2747 | https://www.vidal.ru/drugs/ivabradine | https://www.rlsnet.ru/drugs/ivabradin-51118 | https://health.mail.ru/drug/ivabradin-solofarm/ | https://www.asna.ru/product/ivabradin/instruction/ | https://medum.ru/ivabradin | https://aptekamos.ru/tovary/lekarstva/ivabradin-9231/ivabradin-tabletki-7-5mg-105731/instrukciya | https://medisorb.ru/upload/iblock/fa9/lcu00tci6y679n6rdl9hbjzo6ergrb1l.pdf | https://www.webapteka.ru/drugbase/name50906.html | https://grls.pharm-portal.ru/grls/2ac33aa0-6df4-44ac-b362-1555963af596 | https://grls.pharm-portal.ru/grls/a1ca5979-5c16-41c0-bc57-30562ba8237a | https://zdravmedinform.ru/grls/reg-lp-001042-rg-ru.html,True,ИВАБРАДИН ТАБЛ. П/ПЛЕН/ОБ. 5МГ №56 ОЗОН | ОЗОН ООО | ОЗОН ООО
19072,366,ЗОВИРАКС ТАБЛ. 200МГ №25 | ГЛАКСО ВЭЛЛКОМ С.А. | ГЛАКСО ВЭЛЛКОМ С.А.,drug,,рецептурный,Ацикловир,rx,Ацикловир,rx,,,Ацикловир,rx,"[{""source"": ""uteka"", ""raw_mnn"": ""Ацикловир"", ""field_type"": ""explicit_mnn"", ""canonical_components"": [""Ацикловир""], ""url"": null, ""parse_warnings"": []}, {""source"": ""asna"", ""raw_mnn"": ""Ацикловир"", ""field_type"": ""explicit_mnn"", ""canonical_components"": [""Ацикловир""], ""url"": null, ""parse_warnings"": []}, {""source"": ""vidal"", ""raw_mnn"": ""Ацикловир"", ""field_type"": ""explicit_mnn"", ""canonical_components"": [""Ацикловир""], ""url"": null, ""parse_warnings"": []}]","[{""component"": ""Ацикловир"", ""source_count"": 3, ""sources"": [""uteka"", ""asna"", ""vidal""]}]",Ацикловир,Ацикловир,resolved_catalog,consensus,rx,unknown,False,False,,,unknown,unknown,Ацикловир,False,,,
19082,366,ЗИРТЕК КАПЛИ Д/ПРИЕМА ВНУТРЬ 10МГ/МЛ ФЛ-КАП. 20МЛ | ЭЙСИКА ФАРМАСЬЮТИКАЛЗ С.Р.Л. | ЭЙСИКА ФАРМАСЬЮТИКАЛЗ С.Р.Л.,drug,,otc,Цетиризин,otc,Цетиризин,otc,,,Цетиризин,otc,"[{""source"": ""uteka"", ""raw_mnn"": ""Цетиризин"", ""field_type"": ""explicit_mnn"", ""canonical_components"": [""Цетиризин""], ""url"": null, ""parse_warnings"": []}, {""source"": ""asna"", ""raw_mnn"": ""Цетиризин"", ""field_type"": ""explicit_mnn"", ""canonical_components"": [""Цетиризин""], ""url"": null, ""parse_warnings"": []}, {""source"": ""vidal"", ""raw_mnn"": ""Цетиризин"", ""field_type"": ""explicit_mnn"", ""canonical_components"": [""Цетиризин""], ""url"": null, ""parse_warnings"": []}]","[{""component"": ""Цетиризин"", ""source_count"": 3, ""sources"": [""uteka"", ""asna"", ""vidal""]}]",Цетиризин,Цетиризин,resolved_catalog,consensus,otc,unknown,False,False,,,unknown,unknown,Цетиризин,False,,,
19087,366,ЗИНЕРИТ ПОР. Д/Р-РА Д/НАРУЖ. ПРИМ. ФЛ. 30МЛ | ЛЕО ФАРМА А/С | ЛЕО ФАРМА А/С,drug,,рецептурный,Цинка ацетат + Эритромицин,otc,,,,,Эритромицин,otc,"[{""source"": ""uteka"", ""raw_mnn"": ""Цинка ацетат + Эритромицин"", ""field_type"": ""explicit_mnn"", ""canonical_components"": [""Цинка ацетат"", ""Эритромицин""], ""url"": null, ""parse_warnings"": []}, {""source"": ""vidal"", ""raw_mnn"": ""Эритромицин"", ""field_type"": ""explicit_mnn"", ""canonical_components"": [""Эритромицин""], ""url"": null, ""parse_warnings"": []}]","[{""component"": ""Эритромицин"", ""source_count"": 2, ""sources"": [""uteka"", ""vidal""]}, {""component"": ""Цинка ацетат"", ""source_count"": 1, ""sources"": [""uteka""]}]","Эритромицин, Цинка ацетат","Эритромицин, Цинка ацетат",resolved_catalog,consensus,otc,unknown,False,False,,,unknown,unknown,"Эритромицин, Цинка ацетат",False,,,
19106,366,ЗИЛАКСЕРА ТАБЛ. 15МГ №28 | КРКА-РУС ООО | КРКА-РУС ООО,drug,,рецептурный,Арипипразол,rx,Арипипразол,rx,,,Арипипразол,rx,"[{""source"": ""uteka"", ""raw_mnn"": ""Арипипразол"", ""field_type"": ""explicit_mnn"", ""canonical_components"": [""Арипипразол""], ""url"": null, ""parse_warnings"": []}, {""source"": ""asna"", ""raw_mnn"": ""Арипипразол"", ""field_type"": ""explicit_mnn"", ""canonical_components"": [""Арипипразол""], ""url"": null, ""parse_warnings"": []}, {""source"": ""vidal"", ""raw_mnn"": ""Арипипразол"", ""field_type"": ""explicit_mnn"", ""canonical_components"": [""Арипипразол""], ""url"": null, ""parse_warnings"": []}]","[{""component"": ""Арипипразол"", ""source_count"": 3, ""sources"": [""uteka"", ""asna"", ""vidal""]}]",Арипипразол,Арипипразол,resolved_catalog,consensus,rx,unknown,False,False,,,unknown,unknown,Арипипразол,False,,,
19108,366,ЗИЛАКСЕРА ТАБЛ. 10МГ №28 | КРКА-РУС ООО | КРКА-РУС ООО,drug,,rx,Арипипразол,rx,Арипипразол,rx,,,Арипипразол,rx,"[{""source"": ""uteka"", ""raw_mnn"": ""Арипипразол"", ""field_type"": ""explicit_mnn"", ""canonical_components"": [""Арипипразол""], ""url"": null, ""parse_warnings"": []}, {""source"": ""asna"", ""raw_mnn"": ""Арипипразол"", ""field_type"": ""explicit_mnn"", ""canonical_components"": [""Арипипразол""], ""url"": null, ""parse_warnings"": []}, {""source"": ""vidal"", ""raw_mnn"": ""Арипипразол"", ""field_type"": ""explicit_mnn"", ""canonical_components"": [""Арипипразол""], ""url"": null, ""parse_warnings"": []}]","[{""component"": ""Арипипразол"", ""source_count"": 3, ""sources"": [""uteka"", ""asna"", ""vidal""]}]",Арипипразол,Арипипразол,resolved_catalog,consensus,rx,unknown,False,False,,,unknown,unknown,Арипипразол,False,,,
19315,367,ЖЕНАЛЕ ТАБЛ. 10МГ №1 | ИЗВАРИНО ФАРМА ООО | ИЗВАРИНО ФАРМА ООО,drug,,рецептурный,,,,,,,Мифепристон,rx,"[{""source"": ""vidal"", ""raw_mnn"": ""Мифепристон"", ""field_type"": ""explicit_mnn"", ""canonical_components"": [""Мифепристон""], ""url"": null, ""parse_warnings"": []}]",[],,,unresolved_catalog,single_source,unknown,unknown,True,True,ok,Мифепристон,rx,взрослые,Мифепристон,False,https://www.vidal.ru/drugs/zhenale__30261 | https://www.rlsnet.ru/drugs/zenale-41536 | https://aptekamos.ru/tovary/lekarstva/mifepriston-8060/zhenale-tabletki-10mg-60792/instrukciya | https://health.mail.ru/drug/zhenale-1/ | https://www.webapteka.ru/drugbase/name50844.html | https://www.rlsnet.ru/drugs/zenale-41536 | https://www.vidal.ru/drugs/zhenale__30261 | https://allmed.pro/ru/drugs/zhenale | https://medcenter-volga.com/info/zhenale | https://medi.ru/instrukciya/zhenale_19745/ | https://www.vidal.ru/drugs/zhenale__30261 | https://health.mail.ru/drug/zhenale-1/ | https://www.rlsnet.ru/drugs/zenale-41536 | https://yandex.ru/medicine/medicaments/zhenale-tab | https://www.neboleem.net/zhenale.php | https://medi.ru/instrukciya/zhenale_19745/,True,ЖЕНАЛЕ ТАБЛ. 10МГ №1 | ИЗВАРИНО ФАРМА ООО | ИЗВАРИНО ФАРМА ООО
19577,367,ДРОТАВЕРИН ДС Р-Р ДЛЯ В/В И В/М ВВЕД. 20МГ/МЛ АМП. 2МЛ №10 | ВЕТПРОМ АД | ВЕТПРОМ АД,drug,Дротаверин,rx,Дротаверин,rx,,,,,Дротаверин,rx,"[{""source"": ""uteka"", ""raw_mnn"": ""Дротаверин"", ""field_type"": ""explicit_mnn"", ""canonical_components"": [""Дротаверин""], ""url"": null, ""parse_warnings"": []}, {""source"": ""vidal"", ""raw_mnn"": ""Дротаверин"", ""field_type"": ""explicit_mnn"", ""canonical_components"": [""Дротаверин""], ""url"": null, ""parse_warnings"": []}]","[{""component"": ""Дротаверин"", ""source_count"": 2, ""sources"": [""uteka"", ""vidal""]}]",Дротаверин,Дротаверин,resolved_catalog,consensus,rx,unknown,False,False,,,unknown,unknown,Дротаверин,False,,,
19695,367,ДОФАМИН-ФЕРЕЙН Р-Р Д/ИН. 4% АМП. 5МЛ №10 | БРЫНЦАЛОВ-А ПАО | БРЫНЦАЛОВ-А ПАО,drug,Дофамин,rx,Допамин,rx,Допамин,rx,,,Допамин,rx,"[{""source"": ""uteka"", ""raw_mnn"": ""Допамин"", ""field_type"": ""explicit_mnn"", ""canonical_components"": [""Допамин""], ""url"": null, ""parse_warnings"": []}, {""source"": ""asna"", ""raw_mnn"": ""Допамин"", ""field_type"": ""explicit_mnn"", ""canonical_components"": [""Допамин""], ""url"": null, ""parse_warnings"": []}, {""source"": ""vidal"", ""raw_mnn"": ""Допамин"", ""field_type"": ""explicit_mnn"", ""canonical_components"": [""Допамин""], ""url"": null, ""parse_warnings"": []}]","[{""component"": ""Допамин"", ""source_count"": 3, ""sources"": [""uteka"", ""asna"", ""vidal""]}]",Допамин,Допамин,resolved_catalog,consensus,rx,unknown,False,False,,,unknown,unknown,Допамин,False,,,
19710,367,ДОРЗОПТ КАПЛИ ГЛАЗН. 2% ФЛ-КАП. 5МЛ №1 | РОМФАРМ КОМПАНИ С.Р.Л. | РОМФАРМ КОМПАНИ С.Р.Л.,drug,,rx,Дорзоламид + Тимолол,rx,Дорзоламид* + Тимолол,rx,,,Дорзоламид,rx,"[{""source"": ""uteka"", ""raw_mnn"": ""Дорзоламид + Тимолол"", ""field_type"": ""explicit_mnn"", ""canonical_components"": [""Дорзоламид"", ""Тимолол""], ""url"": null, ""parse_warnings"": []}, {""source"": ""asna"", ""raw_mnn"": ""Дорзоламид* + Тимолол"", ""field_type"": ""explicit_mnn"", ""canonical_components"": [""Дорзоламид"", ""Тимолол""], ""url"": null, ""parse_warnings"": []}, {""source"": ""vidal"", ""raw_mnn"": ""Дорзоламид"", ""field_type"": ""explicit_mnn"", ""canonical_components"": [""Дорзоламид""], ""url"": null, ""parse_warnings"": []}]","[{""component"": ""Дорзоламид"", ""source_count"": 3, ""sources"": [""uteka"", ""asna"", ""vidal""]}, {""component"": ""Тимолол"", ""source_count"": 2, ""sources"": [""uteka"", ""asna""]}]","Дорзоламид, Тимолол","Дорзоламид, Тимолол",resolved_catalog,consensus,rx,unknown,False,False,,,unknown,unknown,"Дорзоламид, Тимолол",False,,,
19860,367,ДОЛОКОКС ТАБЛ. П/ПЛЕН/ОБ. 90МГ №30 | МАКИЗ-ФАРМА | МАКИЗ-ФАРМА,drug,,rx,Эторикоксиб,rx,Эторикоксиб,rx,,,Эторикоксиб,rx,"[{""source"": ""uteka"", ""raw_mnn"": ""Эторикоксиб"", ""field_type"": ""explicit_mnn"", ""canonical_components"": [""Эторикоксиб""], ""url"": null, ""parse_warnings"": []}, {""source"": ""asna"", ""raw_mnn"": ""Эторикоксиб"", ""field_type"": ""explicit_mnn"", ""canonical_components"": [""Эторикоксиб""], ""url"": null, ""parse_warnings"": []}, {""source"": ""vidal"", ""raw_mnn"": ""Эторикоксиб"", ""field_type"": ""explicit_mnn"", ""canonical_components"": [""Эторикоксиб""], ""url"": null, ""parse_warnings"": []}]","[{""component"": ""Эторикоксиб"", ""source_count"": 3, ""sources"": [""uteka"", ""asna"", ""vidal""]}]",Эторикоксиб,Эторикоксиб,resolved_catalog,consensus,rx,unknown,False,False,,,unknown,unknown,Эторикоксиб,False,,,
20063,368,ДИФЛЮКАН КАПС. 150МГ №4 | ФАРЕВА АМБУАЗ | ФАРЕВА АМБУАЗ,drug,,rx,Флуконазол,otc,Флуконазол,otc,,,Флуконазол,otc,"[{""source"": ""uteka"", ""raw_mnn"": ""Флуконазол"", ""field_type"": ""explicit_mnn"", ""canonical_components"": [""Флуконазол""], ""url"": null, ""parse_warnings"": []}, {""source"": ""asna"", ""raw_mnn"": ""Флуконазол"", ""field_type"": ""explicit_mnn"", ""canonical_components"": [""Флуконазол""], ""url"": null, ""parse_warnings"": []}, {""source"": ""vidal"", ""raw_mnn"": ""Флуконазол"", ""field_type"": ""explicit_mnn"", ""canonical_components"": [""Флуконазол""], ""url"": null, ""parse_warnings"": []}]","[{""component"": ""Флуконазол"", ""source_count"": 3, ""sources"": [""uteka"", ""asna"", ""vidal""]}]",Флуконазол,Флуконазол,resolved_catalog,consensus,otc,unknown,False,False,,,unknown,unknown,Флуконазол,False,,,
20162,368,ДИНАМИКО ЛОНГ ТАБЛ. П/ПЛЕН/ОБ. 5МГ №14 | ТЕВА ФАРМАЦЕВТИЧЕСКИЕ ПРЕДПРИЯТИЯ ЛТД. | ТЕВА ФАРМАЦЕВТИЧЕСКИЕ ПРЕДПРИЯТИЯ ЛТД.,drug,,rx,Тадалафил,rx,Тадалафил,rx,,,Тадалафил,rx,"[{""source"": ""uteka"", ""raw_mnn"": ""Тадалафил"", ""field_type"": ""explicit_mnn"", ""canonical_components"": [""Тадалафил""], ""url"": null, ""parse_warnings"": []}, {""source"": ""asna"", ""raw_mnn"": ""Тадалафил"", ""field_type"": ""explicit_mnn"", ""canonical_components"": [""Тадалафил""], ""url"": null, ""parse_warnings"": []}, {""source"": ""vidal"", ""raw_mnn"": ""Тадалафил"", ""field_type"": ""explicit_mnn"", ""canonical_components"": [""Тадалафил""], ""url"": null, ""parse_warnings"": []}]","[{""component"": ""Тадалафил"", ""source_count"": 3, ""sources"": [""uteka"", ""asna"", ""vidal""]}]",Тадалафил,Тадалафил,resolved_catalog,consensus,rx,unknown,False,False,,,unknown,unknown,Тадалафил,False,,,
20172,368,ДИМЕКСИД Р-Р Д/НАРУЖ. ПРИМ. 25% ФЛ. ПОЛИМЕР. 200Г ЛЕКАРЬ | ЛЕКАРЬ | ЛЕКАРЬ,drug,,otc,Диметилсульфоксид,otc,Диметилсульфоксид,otc,,,Диметилсульфоксид,otc,"[{""source"": ""uteka"", ""raw_mnn"": ""Диметилсульфоксид"", ""field_type"": ""explicit_mnn"", ""canonical_components"": [""Диметилсульфоксид""], ""url"": null, ""parse_warnings"": []}, {""source"": ""asna"", ""raw_mnn"": ""Диметилсульфоксид"", ""field_type"": ""explicit_mnn"", ""canonical_components"": [""Диметилсульфоксид""], ""url"": null, ""parse_warnings"": []}, {""source"": ""vidal"", ""raw_mnn"": ""Диметилсульфоксид"", ""field_type"": ""explicit_mnn"", ""canonical_components"": [""Диметилсульфоксид""], ""url"": null, ""parse_warnings"": []}]","[{""component"": ""Диметилсульфоксид"", ""source_count"": 3, ""sources"": [""uteka"", ""asna"", ""vidal""]}]",Диметилсульфоксид,Диметилсульфоксид,resolved_catalog,consensus,otc,unknown,False,False,,,unknown,unknown,Диметилсульфоксид,False,,,
20358,368,ДИВАЗА ТАБЛ. Д/РАССАС. №100 | МАТЕРИА МЕДИКА ХОЛДИНГ НПФ | МАТЕРИА МЕДИКА ХОЛДИНГ НПФ,drug,,otc,,otc,,otc,,,,otc,"[{""source"": ""uteka"", ""raw_mnn"": null, ""field_type"": ""unknown"", ""canonical_components"": [], ""url"": null, ""parse_warnings"": []}, {""source"": ""asna"", ""raw_mnn"": null, ""field_type"": ""unknown"", ""canonical_components"": [], ""url"": null, ""parse_warnings"": []}, {""source"": ""vidal"", ""raw_mnn"": null, ""field_type"": ""unknown"", ""canonical_components"": [], ""url"": null, ""parse_warnings"": []}]",[],,,unresolved_catalog,empty,otc,unknown,True,True,ok_partial,,otc,взрослые,,True,https://pharmproduct.ru/drugs/divaza | https://www.rlsnet.ru/drugs/divaza-40128 | https://www.vidal.ru/drugs/divaza__39677 | https://megapteka.ru/specials/guide_divaza-instrukciya-po-5420 | https://medum.ru/divaza | https://www.webapteka.ru/drugbase/name50757.html | https://www.rlsnet.ru/drugs/divaza-40128 | https://www.vidal.ru/drugs/divaza__39677 | https://medvisor.ru/medicine/drug/divaza_33031/ | https://grls.rosminzdrav.ru/ | https://allmed.pro/ru/drugs/divaza | https://medum.ru/divaza | https://www.piluli.info/divaza-instrukciya-po-primeneniyu-analogi-sostav-pokazaniya/ | https://www.vidal.ru/drugs/divaza__39677 | https://health.mail.ru/drug/divaza/ | https://www.rlsnet.ru/drugs/divaza-40128,True,ДИВАЗА ТАБЛ. Д/РАССАС. №100 | МАТЕРИА МЕДИКА ХОЛДИНГ НПФ | МАТЕРИА МЕДИКА ХОЛДИНГ НПФ
20477,368,ДЕТРАВЕНОЛ ТАБЛ. П/ПЛЕН/ОБ. 1000МГ №30 | ОЗОН ООО | ОЗОН ООО,drug,,otc,,,,,,,,,[],[],,,unresolved_catalog,empty,unknown,unknown,True,True,ok,"Диосмин, Флавоноиды",unknown,взрослые,"Диосмин, Флавоноиды",False,https://www.rlsnet.ru/drugs/detravenol-79462 | https://grls.rosminzdrav.ru/ | https://aptekamos.ru/tovary/lekarstva/ochishhennaya-mikronizirovannaya-flavonoidnaya-frakciya-diosmin-flavonoidy-v-pereschete-na-gesperidin-1520/detravenol-tabletki-500mg-92284/instrukciya | https://www.vidal.ru/drugs/detravenol-1 | https://grls.rosminzdrav.ru/ | https://grls.rosminzdrav.ru/grls.aspx | https://www.rlsnet.ru/drugs/detravenol-79462 | https://www.vidal.ru/drugs/detravenol-1 | https://www.rlsnet.ru/drugs/detravenol-79462 | https://health.mail.ru/drug/detravenol-1/ | https://aptekamos.ru/tovary/lekarstva/ochishhennaya-mikronizirovannaya-flavonoidnaya-frakciya-diosmin-flavonoidy-v-pereschete-na-gesperidin-1520/detravenol-tabletki-500mg-92284/instrukciya | https://zdesapteka.ru/instructions/detravenol/ | https://medi.ru/instrukciya/detravenol_19363/ | https://megapteka.ru/specials/guide_detravenol-instrukciya-po-2813 | https://medum.ru/detravenol | https://grls.pharm-portal.ru/grls/4b1f1c03-f50f-479e-a419-17ef00443510,True,ДЕТРАВЕНОЛ ТАБЛ. П/ПЛЕН/ОБ. 1000МГ №30 | ОЗОН ООО | ОЗОН ООО
20558,368,ДЕЛОРСИН ТАБЛ. 5МГ №10 | САНЕКА ФАРМАСЬЮТИКАЛС А.С. | САНЕКА ФАРМАСЬЮТИКАЛС А.С.,drug,,otc,Дезлоратадин,otc,Дезлоратадин,otc,,,Дезлоратадин,otc,"[{""source"": ""uteka"", ""raw_mnn"": ""Дезлоратадин"", ""field_type"": ""explicit_mnn"", ""canonical_components"": [""Дезлоратадин""], ""url"": null, ""parse_warnings"": []}, {""source"": ""asna"", ""raw_mnn"": ""Дезлоратадин"", ""field_type"": ""explicit_mnn"", ""canonical_components"": [""Дезлоратадин""], ""url"": null, ""parse_warnings"": []}, {""source"": ""vidal"", ""raw_mnn"": ""Дезлоратадин"", ""field_type"": ""explicit_mnn"", ""canonical_components"": [""Дезлоратадин""], ""url"": null, ""parse_warnings"": []}]","[{""component"": ""Дезлоратадин"", ""source_count"": 3, ""sources"": [""uteka"", ""asna"", ""vidal""]}]",Дезлоратадин,Дезлоратадин,resolved_catalog,consensus,otc,unknown,False,False,,,unknown,unknown,Дезлоратадин,False,,,
20588,368,ДЕКСКЕТОПРОФЕН Р-Р ДЛЯ В/В В/М ВВЕД. 25МГ/МЛ АМП. 2МЛ №10 БИОХИМИК | БИОХИМИК АО | БИОХИМИК АО,drug,Декскетопрофен,rx,Декскетопрофен,rx,,,,,,,"[{""source"": ""uteka"", ""raw_mnn"": ""Декскетопрофен"", ""field_type"": ""explicit_mnn"", ""canonical_components"": [""Декскетопрофен""], ""url"": null, ""parse_warnings"": []}]",[],,,unresolved_catalog,single_source,unknown,unknown,True,True,ok,Декскетопрофен,rx,взрослые,Декскетопрофен,False,https://aptekamos.ru/tovary/lekarstva/deksketoprofen-8193/deksketoprofen-tabletki-25mg-112606/instrukciya | https://www.vidal.ru/drugs/dexketoprofen-4 | https://www.vidal.ru/drugs/dexketoprofen | https://megapteka.ru/specials/guide_deksketoprofen-instrukciya-po-2785 | https://www.rlsnet.ru/drugs/deksketoprofen-78181 | https://allmed.pro/ru/drugs/deksketoprofen | https://www.vidal.ru/drugs/dexketoprofen-4 | https://www.webapteka.ru/drugbase/name53033.html | https://www.vidal.ru/drugs/dexketoprofen-4 | https://aptekamos.ru/tovary/lekarstva/deksketoprofen-8193/deksketoprofen-tabletki-25mg-112606/instrukciya | https://www.rlsnet.ru/drugs/deksketoprofen-78181 | https://www.vidal.ru/drugs/dexketoprofen | https://health.mail.ru/drug/deksketoprofen-1/ | https://health.mail.ru/drug/deksketoprofen-2/ | https://medum.ru/deksketoprofen | https://www.webapteka.ru/drugbase/name53033.html,True,ДЕКСКЕТОПРОФЕН Р-Р ДЛЯ В/В В/М ВВЕД. 25МГ/МЛ АМП. 2МЛ №10 БИОХИМИК | БИОХИМИК АО | БИОХИМИК АО
20623,368,ДЕКСАЛГИН Р-Р ДЛЯ В/В В/М ВВЕД. 25МГ/МЛ АМП. 2МЛ №5 | А.МЕНАРИНИ МЭНЮФЕКЧЕРИНГ ЛОДЖИСТИКС ЭНД СЕРВИСИЗ С.Р.Л. | А.МЕНАРИНИ МЭНЮФЕКЧЕРИНГ ЛОДЖИСТИКС ЭНД СЕРВИСИЗ С.Р.Л.,drug,,rx,Декскетопрофен,rx,Декскетопрофен,otc,,,Декскетопрофен,rx,"[{""source"": ""uteka"", ""raw_mnn"": ""Декскетопрофен"", ""field_type"": ""explicit_mnn"", ""canonical_components"": [""Декскетопрофен""], ""url"": null, ""parse_warnings"": []}, {""source"": ""asna"", ""raw_mnn"": ""Декскетопрофен"", ""field_type"": ""explicit_mnn"", ""canonical_components"": [""Декскетопрофен""], ""url"": null, ""parse_warnings"": []}, {""source"": ""vidal"", ""raw_mnn"": ""Декскетопрофен"", ""field_type"": ""explicit_mnn"", ""canonical_components"": [""Декскетопрофен""], ""url"": null, ""parse_warnings"": []}]","[{""component"": ""Декскетопрофен"", ""source_count"": 3, ""sources"": [""uteka"", ""asna"", ""vidal""]}]",Декскетопрофен,Декскетопрофен,resolved_catalog,consensus,rx,unknown,False,False,,,unknown,unknown,Декскетопрофен,False,,,
20683,369,ДАЛЬФАЗ СР ТАБЛ. ПРОЛОНГ. 10МГ №30 | САНОФИ ВИНТРОП ИНДУСТРИЯ | САНОФИ ВИНТРОП ИНДУСТРИЯ,drug,,рецептурный,Алфузозин,rx,,,,,Алфузозин,rx,"[{""source"": ""uteka"", ""raw_mnn"": ""Алфузозин"", ""field_type"": ""explicit_mnn"", ""canonical_components"": [""Алфузозин""], ""url"": null, ""parse_warnings"": []}, {""source"": ""vidal"", ""raw_mnn"": ""Алфузозин"", ""field_type"": ""explicit_mnn"", ""canonical_components"": [""Алфузозин""], ""url"": null, ""parse_warnings"": []}]","[{""component"": ""Алфузозин"", ""source_count"": 2, ""sources"": [""uteka"", ""vidal""]}]",Алфузозин,Алфузозин,resolved_catalog,consensus,rx,unknown,False,False,,,unknown,unknown,Алфузозин,False,,,
20687,369,ДАЛЬНЕВА ТАБЛ. 5МГ+4МГ №90 | КРКА-РУС ООО | КРКА-РУС ООО,drug,,rx,,,Амлодипин + Индапамид + Периндоприл,rx,,,Амлодипин,rx,"[{""source"": ""asna"", ""raw_mnn"": ""Амлодипин + Индапамид + Периндоприл"", ""field_type"": ""explicit_mnn"", ""canonical_components"": [""Амлодипин"", ""Индапамид"", ""Периндоприл""], ""url"": null, ""parse_warnings"": []}, {""source"": ""vidal"", ""raw_mnn"": ""Амлодипин"", ""field_type"": ""explicit_mnn"", ""canonical_components"": [""Амлодипин""], ""url"": null, ""parse_warnings"": []}]","[{""component"": ""Амлодипин"", ""source_count"": 2, ""sources"": [""asna"", ""vidal""]}, {""component"": ""Индапамид"", ""source_count"": 1, ""sources"": [""asna""]}, {""component"": ""Периндоприл"", ""source_count"": 1, ""sources"": [""asna""]}]","Амлодипин, Индапамид, Периндоприл","Амлодипин, Индапамид, Периндоприл",resolved_catalog,consensus,rx,unknown,False,False,,,unknown,unknown,"Амлодипин, Индапамид, Периндоприл",False,,,
20699,369,ДАЙВОБЕТ МАЗЬ Д/НАРУЖ. ПРИМ. ТУБА 15Г | ЛЕО ЛЭБОРАТОРИС ЛИМИТЕД | ЛЕО ЛЭБОРАТОРИС ЛИМИТЕД,drug,,rx,Бетаметазон + Кальципотриол,otc,Бетаметазон* + Кальципотриол,otc,,,Кальципотриол,otc,"[{""source"": ""uteka"", ""raw_mnn"": ""Бетаметазон + Кальципотриол"", ""field_type"": ""explicit_mnn"", ""canonical_components"": [""Бетаметазон"", ""Кальципотриол""], ""url"": null, ""parse_warnings"": []}, {""source"": ""asna"", ""raw_mnn"": ""Бетаметазон* + Кальципотриол"", ""field_type"": ""explicit_mnn"", ""canonical_components"": [""Бетаметазон"", ""Кальципотриол""], ""url"": null, ""parse_warnings"": []}, {""source"": ""vidal"", ""raw_mnn"": ""Кальципотриол"", ""field_type"": ""explicit_mnn"", ""canonical_components"": [""Кальципотриол""], ""url"": null, ""parse_warnings"": []}]","[{""component"": ""Кальципотриол"", ""source_count"": 3, ""sources"": [""uteka"", ""asna"", ""vidal""]}, {""component"": ""Бетаметазон"", ""source_count"": 2, ""sources"": [""uteka"", ""asna""]}]","Кальципотриол, Бетаметазон","Кальципотриол, Бетаметазон",resolved_catalog,consensus,otc,unknown,False,False,,,unknown,unknown,"Кальципотриол, Бетаметазон",False,,,
20731,369,ГЭВКАМЕН МАЗЬ Д/НАРУЖ. ПРИМ. БАНКА 25Г ТУЛЬСКАЯ ФФ | ТУЛЬСКАЯ ФАРМАЦЕВТИЧЕСКАЯ ФАБРИКА ООО | ТУЛЬСКАЯ ФАРМАЦЕВТИЧЕСКАЯ ФАБРИКА ООО,drug,,otc,Эвкалипта шарикового листьев+масло Камфоры+Левоментол,otc,Бромкамфора+Левоментол+Эвкалипта прутовидного листьев масло,otc,,,Камфора,otc,"[{""source"": ""uteka"", ""raw_mnn"": ""Эвкалипта шарикового листьев+масло Камфоры+Левоментол"", ""field_type"": ""explicit_mnn"", ""canonical_components"": [""Эвкалипта шарикового листьев"", ""масло Камфоры"", ""Левоментол""], ""url"": null, ""parse_warnings"": []}, {""source"": ""asna"", ""raw_mnn"": ""Бромкамфора+Левоментол+Эвкалипта прутовидного листьев масло"", ""field_type"": ""explicit_mnn"", ""canonical_components"": [""Бромкамфора"", ""Левоментол"", ""Эвкалипта прутовидного листьев масло""], ""url"": null, ""parse_warnings"": []}, {""source"": ""vidal"", ""raw_mnn"": ""Камфора"", ""field_type"": ""explicit_mnn"", ""canonical_components"": [""Камфора""], ""url"": null, ""parse_warnings"": []}]","[{""component"": ""Левоментол"", ""source_count"": 2, ""sources"": [""uteka"", ""asna""]}, {""component"": ""Эвкалипта шарикового листьев"", ""source_count"": 1, ""sources"": [""uteka""]}, {""component"": ""масло Камфоры"", ""source_count"": 1, ""sources"": [""uteka""]}, {""component"": ""Бромкамфора"", ""source_count"": 1, ""sources"": [""asna""]}, {""component"": ""Эвкалипта прутовидного листьев масло"", ""source_count"": 1, ""sources"": [""asna""]}]","Левоментол, Эвкалипта шарикового листьев, масло Камфоры, Бромкамфора, Эвкалипта прутовидного листьев масло","Левоментол, Эвкалипта шарикового листьев, масло Камфоры, Бромкамфора, Эвкалипта прутовидного листьев масло",resolved_catalog,consensus,otc,unknown,False,False,,,unknown,unknown,"Левоментол, Эвкалипта шарикового листьев, масло Камфоры, Бромкамфора, Эвкалипта прутовидного листьев масло",False,,,
20840,369,ГРАНДАПАМ ТАБЛ. 50МГ №60 | ФАРМАСИНТЕЗ АО | ФАРМАСИНТЕЗ АО,drug,,рецептурный,Тофизопам,rx,Тофизопам,rx,,,Тофизопам,rx,"[{""source"": ""uteka"", ""raw_mnn"": ""Тофизопам"", ""field_type"": ""explicit_mnn"", ""canonical_components"": [""Тофизопам""], ""url"": null, ""parse_warnings"": []}, {""source"": ""asna"", ""raw_mnn"": ""Тофизопам"", ""field_type"": ""explicit_mnn"", ""canonical_components"": [""Тофизопам""], ""url"": null, ""parse_warnings"": []}, {""source"": ""vidal"", ""raw_mnn"": ""Тофизопам"", ""field_type"": ""explicit_mnn"", ""canonical_components"": [""Тофизопам""], ""url"": null, ""parse_warnings"": []}]","[{""component"": ""Тофизопам"", ""source_count"": 3, ""sources"": [""uteka"", ""asna"", ""vidal""]}]",Тофизопам,Тофизопам,resolved_catalog,consensus,rx,unknown,False,False,,,unknown,unknown,Тофизопам,False,,,
20899,369,"ГОНАЛ-Ф Р-Р ДЛЯ П/К ВВЕД. 66МКГ/1,5МЛ (900МЕ) ШПРИЦ-РУЧКА 1,5МЛ №1 +ИГЛЫ №20 | МЕРК СЕРОНО С.П.А. | МЕРК СЕРОНО С.П.А.",drug,,rx,,,Фоллитропин альфа,rx,,,Фоллитропин альфа,rx,"[{""source"": ""asna"", ""raw_mnn"": ""Фоллитропин альфа"", ""field_type"": ""explicit_mnn"", ""canonical_components"": [""Фоллитропин альфа""], ""url"": null, ""parse_warnings"": []}, {""source"": ""vidal"", ""raw_mnn"": ""Фоллитропин альфа"", ""field_type"": ""explicit_mnn"", ""canonical_components"": [""Фоллитропин альфа""], ""url"": null, ""parse_warnings"": []}]","[{""component"": ""Фоллитропин альфа"", ""source_count"": 2, ""sources"": [""asna"", ""vidal""]}]",Фоллитропин альфа,Фоллитропин альфа,resolved_catalog,consensus,rx,unknown,False,False,,,unknown,unknown,Фоллитропин альфа,False,,,
21065,369,ГЛИЦЕРИН Р-Р Д/НАРУЖ. ПРИМ. ФЛ. 25Г ИВАНОВСКАЯ ФФ | ИВАНОВСКАЯ ФФ | ИВАНОВСКАЯ ФФ,drug,Глицерин,otc,Глицерол,otc,,,,,Глицерол,otc,"[{""source"": ""uteka"", ""raw_mnn"": ""Глицерол"", ""field_type"": ""explicit_mnn"", ""canonical_components"": [""Глицерол""], ""url"": null, ""parse_warnings"": []}, {""source"": ""vidal"", ""raw_mnn"": ""Глицерол"", ""field_type"": ""explicit_mnn"", ""canonical_components"": [""Глицерол""], ""url"": null, ""parse_warnings"": []}]","[{""component"": ""Глицерол"", ""source_count"": 2, ""sources"": [""uteka"", ""vidal""]}]",Глицерол,Глицерол,resolved_catalog,consensus,otc,unknown,False,False,,,unknown,unknown,Глицерол,False,,,
21183,370,ГИПОСАРТ ТАБЛ. 32МГ №28 | ПОЛЬФАРМА АО | ПОЛЬФАРМА АО,drug,,rx,Кандесартан,rx,Кандесартан,rx,,,Индапамид,rx,"[{""source"": ""uteka"", ""raw_mnn"": ""Кандесартан"", ""field_type"": ""explicit_mnn"", ""canonical_components"": [""Кандесартан""], ""url"": null, ""parse_warnings"": []}, {""source"": ""asna"", ""raw_mnn"": ""Кандесартан"", ""field_type"": ""explicit_mnn"", ""canonical_components"": [""Кандесартан""], ""url"": null, ""parse_warnings"": []}, {""source"": ""vidal"", ""raw_mnn"": ""Индапамид"", ""field_type"": ""explicit_mnn"", ""canonical_components"": [""Индапамид""], ""url"": null, ""parse_warnings"": []}]","[{""component"": ""Кандесартан"", ""source_count"": 2, ""sources"": [""uteka"", ""asna""]}]",Кандесартан,Кандесартан,resolved_catalog,consensus,rx,unknown,False,False,,,unknown,unknown,Кандесартан,False,,,
21189,370,ГИПОСАРТ А ТАБЛ. 5МГ+16МГ №30 | АКРИХИН ХФК АО | АКРИХИН ХФК АО,drug,,rx,Амлодипин + Кандесартан,rx,Амлодипин+Кандесартан,rx,,,Амлодипин,rx,"[{""source"": ""uteka"", ""raw_mnn"": ""Амлодипин + Кандесартан"", ""field_type"": ""explicit_mnn"", ""canonical_components"": [""Амлодипин"", ""Кандесартан""], ""url"": null, ""parse_warnings"": []}, {""source"": ""asna"", ""raw_mnn"": ""Амлодипин+Кандесартан"", ""field_type"": ""explicit_mnn"", ""canonical_components"": [""Амлодипин"", ""Кандесартан""], ""url"": null, ""parse_warnings"": []}, {""source"": ""vidal"", ""raw_mnn"": ""Амлодипин"", ""field_type"": ""explicit_mnn"", ""canonical_components"": [""Амлодипин""], ""url"": null, ""parse_warnings"": []}]","[{""component"": ""Амлодипин"", ""source_count"": 3, ""sources"": [""uteka"", ""asna"", ""vidal""]}, {""component"": ""Кандесартан"", ""source_count"": 2, ""sources"": [""uteka"", ""asna""]}]","Амлодипин, Кандесартан","Амлодипин, Кандесартан",resolved_catalog,consensus,rx,unknown,False,False,,,unknown,unknown,"Амлодипин, Кандесартан",False,,,
21325,370,"ГЕРБИОН ПЛЮЩ ТАБЛ. Д/РАССАС. 35МГ №16 | КРКА, Д.Д., НОВО МЕСТО АО | КРКА, Д.Д., НОВО МЕСТО АО",drug,,безрецептурный,Плюща листьев экстракт,otc,,,,,Плюща обыкновенного листья,otc,"[{""source"": ""uteka"", ""raw_mnn"": ""Плюща листьев экстракт"", ""field_type"": ""explicit_mnn"", ""canonical_components"": [""Плюща листьев экстракт""], ""url"": null, ""parse_warnings"": []}, {""source"": ""vidal"", ""raw_mnn"": ""Плюща обыкновенного листья"", ""field_type"": ""explicit_mnn"", ""canonical_components"": [""Плюща обыкновенного листья""], ""url"": null, ""parse_warnings"": []}]",[],,,unresolved_catalog,equal_conflict,otc,unknown,True,True,ok,Плюща обыкновенного листьев экстракт,otc,универсальный,Плюща обыкновенного листьев экстракт,False,https://www.vidal.ru/drugs/herbion-hedera | https://drugs.medelement.com/drug/%D0%B3%D0%B5%D1%80%D0%B1%D0%B8%D0%BE%D0%BD-%D0%BF%D0%BB%D1%8E%D1%89-%D0%B8%D0%BD%D1%81%D1%82%D1%80%D1%83%D0%BA%D1%86%D0%B8%D1%8F/896802321602159959?instruction_lang=RU | https://www.vidal.ru/drugs/herbion_hedera_syrup__41992 | https://www.rlsnet.ru/drugs/gerbion-sirop-plyushha-48487 | https://herbion.ru/instrukczii/instrukciia-gerbion-sirop-pliusca/ | https://medum.ru/gerbion-sirop-plyushcha | https://medum.ru/gerbion-plyushch | https://www.webapteka.ru/drugbase/name72902.html | https://grls.pharm-portal.ru/grls/d3824ab0-66be-42a3-926e-1241ae2b26d2 | https://www.pharmcontrol.ru/registry/drugs/1912/ | https://grls.pharm-portal.ru/grls/314bf27f-d5f7-42d8-9c54-c9026eee9f92 | https://www.pharmcontrol.ru/registry/drugs/55717/ | https://grls.pharm-portal.ru/grls/314bf27f-d5f7-42d8-9c54-c9026eee9f92 | https://zdravmedinform.ru/grls/reg-lp-000552-rg-ru.html | https://zdravmedinform.ru/grls/reg-lp-001264-rg-ru.html | https://apteka-april.ru/product/215301-gerbion_sirop_plyushcha_fl_150ml,True,"ГЕРБИОН ПЛЮЩ ТАБЛ. Д/РАССАС. 35МГ №16 | КРКА, Д.Д., НОВО МЕСТО АО | КРКА, Д.Д., НОВО МЕСТО АО"
21349,370,ГЕПАТОСАН КАПС. 200МГ №10 | МЕДМИНИПРОМ ЗАО | МЕДМИНИПРОМ ЗАО,drug,,без рецепта,,,,otc,,,,otc,"[{""source"": ""asna"", ""raw_mnn"": null, ""field_type"": ""unknown"", ""canonical_components"": [], ""url"": null, ""parse_warnings"": []}, {""source"": ""vidal"", ""raw_mnn"": null, ""field_type"": ""unknown"", ""canonical_components"": [], ""url"": null, ""parse_warnings"": []}]",[],,,unresolved_catalog,empty,otc,unknown,True,True,ok_partial,,rx,взрослые,,True,https://www.vidal.ru/drugs/hepatosan__42888 | https://www.rlsnet.ru/drugs/gepatosan-9845 | https://aptekamos.ru/tovary/lekarstva/gepatosan-5350/gepatosan-kapsuly-0-2g-19833/instrukciya | https://www.rlsnet.ru/drugs/gepatosan-9845 | https://health.mail.ru/drug/gepatosan/ | https://www.vidal.ru/drugs/hepatosan__42888 | https://medi.ru/instrukciya/gepatosan_25466/ | https://zdesapteka.ru/instructions/gepatosan/ | https://apteka-april.ru/product/153778-gepatosan_kapsuly_0_2g_10 | https://medi.ru/instrukciya/gepatosan_25466/ | https://www.vidal.ru/drugs/hepatosan__42888 | https://health.mail.ru/drug/gepatosan/ | https://www.rlsnet.ru/drugs/gepatosan-9845 | https://megapteka.ru/specials/guide_gepatosan-instrukciya-po-4420 | https://www.asna.ru/product/gepatosan/instruction/ | https://yandex.ru/medicine/medicaments/gepatosan,True,ГЕПАТОСАН КАПС. 200МГ №10 | МЕДМИНИПРОМ ЗАО | МЕДМИНИПРОМ ЗАО
21586,371,ГАСИТ ТАБЛ. ЖЕВ. 680МГ+80МГ №32 | ОБНОВЛЕНИЕ ПФК АО | ОБНОВЛЕНИЕ ПФК АО,drug,,otc,,,Кальция карбонат + Магния карбонат,otc,,,Кальция карбонат,otc,"[{""source"": ""asna"", ""raw_mnn"": ""Кальция карбонат + Магния карбонат"", ""field_type"": ""explicit_mnn"", ""canonical_components"": [""Кальция карбонат"", ""Магния карбонат""], ""url"": null, ""parse_warnings"": []}, {""source"": ""vidal"", ""raw_mnn"": ""Кальция карбонат"", ""field_type"": ""explicit_mnn"", ""canonical_components"": [""Кальция карбонат""], ""url"": null, ""parse_warnings"": []}]","[{""component"": ""Кальция карбонат"", ""source_count"": 2, ""sources"": [""asna"", ""vidal""]}, {""component"": ""Магния карбонат"", ""source_count"": 1, ""sources"": [""asna""]}]","Кальция карбонат, Магния карбонат","Кальция карбонат, Магния карбонат",resolved_catalog,consensus,otc,unknown,False,False,,,unknown,unknown,"Кальция карбонат, Магния карбонат",False,,,
21649,371,ГАЛВУС МЕТ ТАБЛ. П/ПЛЕН/ОБ. 50МГ+1000МГ №30 | НОВАРТИС НЕВА ООО | НОВАРТИС НЕВА ООО,drug,,рецептурный,Вилдаглиптин + Метформин,rx,Вилдаглиптин* + Метформин,rx,,,Метформин,rx,"[{""source"": ""uteka"", ""raw_mnn"": ""Вилдаглиптин + Метформин"", ""field_type"": ""explicit_mnn"", ""canonical_components"": [""Вилдаглиптин"", ""Метформин""], ""url"": null, ""parse_warnings"": []}, {""source"": ""asna"", ""raw_mnn"": ""Вилдаглиптин* + Метформин"", ""field_type"": ""explicit_mnn"", ""canonical_components"": [""Вилдаглиптин"", ""Метформин""], ""url"": null, ""parse_warnings"": []}, {""source"": ""vidal"", ""raw_mnn"": ""Метформин"", ""field_type"": ""explicit_mnn"", ""canonical_components"": [""Метформин""], ""url"": null, ""parse_warnings"": []}]","[{""component"": ""Метформин"", ""source_count"": 3, ""sources"": [""uteka"", ""asna"", ""vidal""]}, {""component"": ""Вилдаглиптин"", ""source_count"": 2, ""sources"": [""uteka"", ""asna""]}]","Метформин, Вилдаглиптин","Метформин, Вилдаглиптин",resolved_catalog,consensus,rx,unknown,False,False,,,unknown,unknown,"Метформин, Вилдаглиптин",False,,,
21776,371,ВОДА ДЛЯ ИНЪЕКЦИЙ Р-ТЕЛЬ Д/ЛЕК. ФОРМ Д/ИН. АМП. 5МЛ №10 ДАЛЬХИМФАРМ | ДАЛЬХИМФАРМ ОАО | ДАЛЬХИМФАРМ ОАО,drug,Вода для инъекций,otc,,,,,,,,,[],[],,,unresolved_catalog,empty,unknown,unknown,True,True,ok,Вода,rx,универсальный,Вода,False,https://www.lsgeotar.ru/drugs/water-for-injections-ACZF | https://yotta-pharm.ru/upload/pdf/instruktsiya-voda-dlya-inektsiy-farmasinteztyumen.pdf | https://zdesapteka.ru/instructions/voda-dlya-inektsiy/ | https://yotta-pharm.ru/upload/pdf/instruktsiya-voda-dlya-inektsiy-farmasintez.pdf | https://health.mail.ru/drug/voda_dlya_inektsiy/ | https://medum.ru/water-for-injections | https://www.rlsnet.ru/drugs/voda-dlya-inekcii-11939 | https://medum.ru/water-for-injections | https://health.mail.ru/drug/voda-dlya-inektsiy/ | https://medvestnik.ru/ls/a0e4080c-6aad-443f-b845-1d66408a317c.html | https://www.vidal.ru/drugs/water-for-injections | https://medvisor.ru/medicine/drug/voda-dlya-inektsiy_31999/ | https://medvestnik.ru/ls/a0e407c5-94d5-489b-a0e0-3117b92e6713.html | https://zdesapteka.ru/instructions/voda-dlya-inektsiy/ | https://www.pharmcontrol.ru/registry/drugs/7897/ | https://www.pharmcontrol.ru/registry/drugs/65919/,True,ВОДА ДЛЯ ИНЪЕКЦИЙ Р-ТЕЛЬ Д/ЛЕК. ФОРМ Д/ИН. АМП. 5МЛ №10 ДАЛЬХИМФАРМ | ДАЛЬХИМФАРМ ОАО | ДАЛЬХИМФАРМ ОАО
21784,371,ВОДА ДЛЯ ИНЪЕКЦИЙ Р-ТЕЛЬ Д/ЛЕК. ФОРМ Д/ИН. АМП. 2МЛ №10 ГРОТЕКС | ГРОТЕКС ООО | ГРОТЕКС ООО,drug,Вода для инъекций,otc,,,,,,,,,[],[],,,unresolved_catalog,empty,unknown,unknown,True,True,ok,Вода,rx,универсальный,Вода,False,https://www.lsgeotar.ru/drugs/water-for-injections-ACZF | https://zdesapteka.ru/instructions/voda-dlya-inektsiy/ | https://www.rlsnet.ru/drugs/voda-dlya-inekcii-11939 | https://yotta-pharm.ru/upload/pdf/instruktsiya-voda-dlya-inektsiy-farmasinteztyumen.pdf | https://medum.ru/water-for-injections | https://www.rlsnet.ru/drugs/voda-dlya-inekcii-11939 | https://medum.ru/water-for-injections | https://health.mail.ru/drug/voda-dlya-inektsiy/ | https://microgen.ru/products/drugie-preparaty/voda-dlya-inektsiy/ | https://medvestnik.ru/ls/a0e4080c-6aad-443f-b845-1d66408a317c.html | https://medvisor.ru/medicine/drug/voda-dlya-inektsiy_31999/ | https://www.vidal.ru/drugs/water-for-injections | https://medvestnik.ru/ls/a0e407c5-94d5-489b-a0e0-3117b92e6713.html | https://www.pharmcontrol.ru/registry/drugs/7897/ | https://www.pharmcontrol.ru/registry/drugs/6322/ | https://vaskov.pro/grls/0ae95063-9f67-1ac4-819f-67c174ab051b,True,ВОДА ДЛЯ ИНЪЕКЦИЙ Р-ТЕЛЬ Д/ЛЕК. ФОРМ Д/ИН. АМП. 2МЛ №10 ГРОТЕКС
21938,371,ВИУМКСИДИН Р-Р ДЛЯ В/ПОЛОСТН. ВВЕД. И НАРУЖ. ПРИМ. 10МГ/МЛ АМП. 10МЛ №10 | Армавирская биофабрика ФКП | Армавирская биофабрика ФКП,drug,,рецептурный,Гидроксиметилхиноксалиндиоксид,rx,Гидроксиметилхиноксалиндиоксид,rx,,,Гидроксиметилхиноксалиндиоксид,rx,"[{""source"": ""uteka"", ""raw_mnn"": ""Гидроксиметилхиноксалиндиоксид"", ""field_type"": ""explicit_mnn"", ""canonical_components"": [""Гидроксиметилхиноксалиндиоксид""], ""url"": null, ""parse_warnings"": []}, {""source"": ""asna"", ""raw_mnn"": ""Гидроксиметилхиноксалиндиоксид"", ""field_type"": ""explicit_mnn"", ""canonical_components"": [""Гидроксиметилхиноксалиндиоксид""], ""url"": null, ""parse_warnings"": []}, {""source"": ""vidal"", ""raw_mnn"": ""Гидроксиметилхиноксалиндиоксид"", ""field_type"": ""explicit_mnn"", ""canonical_components"": [""Гидроксиметилхиноксалиндиоксид""], ""url"": null, ""parse_warnings"": []}]","[{""component"": ""Гидроксиметилхиноксалиндиоксид"", ""source_count"": 3, ""sources"": [""uteka"", ""asna"", ""vidal""]}]",Гидроксиметилхиноксалиндиоксид,Гидроксиметилхиноксалиндиоксид,resolved_catalog,consensus,rx,unknown,False,False,,,unknown,unknown,Гидроксиметилхиноксалиндиоксид,False,,,
22393,372,ВИЛЬПРАФЕН СОЛЮТАБ ТАБЛ. ДИСПЕРГ. 1000МГ №10 | ФАМАР ЛИОН | ФАМАР ЛИОН,drug,,rx,Джозамицин,rx,,,,,Джозамицин,rx,"[{""source"": ""uteka"", ""raw_mnn"": ""Джозамицин"", ""field_type"": ""explicit_mnn"", ""canonical_components"": [""Джозамицин""], ""url"": null, ""parse_warnings"": []}, {""source"": ""vidal"", ""raw_mnn"": ""Джозамицин"", ""field_type"": ""explicit_mnn"", ""canonical_components"": [""Джозамицин""], ""url"": null, ""parse_warnings"": []}]","[{""component"": ""Джозамицин"", ""source_count"": 2, ""sources"": [""uteka"", ""vidal""]}]",Джозамицин,Джозамицин,resolved_catalog,consensus,rx,unknown,False,False,,,unknown,unknown,Джозамицин,False,,,
22647,372,ВЕНЛАФАКСИН-АЛСИ ТАБЛ. 75МГ №50 | АЛСИ ФАРМА АО | АЛСИ ФАРМА АО,drug,Венлафаксин,rx,Венлафаксин,rx,Венлафаксин,rx,,,Венлафаксин,rx,"[{""source"": ""uteka"", ""raw_mnn"": ""Венлафаксин"", ""field_type"": ""explicit_mnn"", ""canonical_components"": [""Венлафаксин""], ""url"": null, ""parse_warnings"": []}, {""source"": ""asna"", ""raw_mnn"": ""Венлафаксин"", ""field_type"": ""explicit_mnn"", ""canonical_components"": [""Венлафаксин""], ""url"": null, ""parse_warnings"": []}, {""source"": ""vidal"", ""raw_mnn"": ""Венлафаксин"", ""field_type"": ""explicit_mnn"", ""canonical_components"": [""Венлафаксин""], ""url"": null, ""parse_warnings"": []}]","[{""component"": ""Венлафаксин"", ""source_count"": 3, ""sources"": [""uteka"", ""asna"", ""vidal""]}]",Венлафаксин,Венлафаксин,resolved_catalog,consensus,rx,unknown,False,False,,,unknown,unknown,Венлафаксин,False,,,
22677,372,ВЕЛФЕРРУМ Р-Р ДЛЯ В/В ВВЕД. 20МГ/МЛ АМП. 5МЛ №5 | ВЕЛФАРМ ООО | ВЕЛФАРМ ООО,drug,,rx,Железа (III) гидроксид сахарозный комплекс,rx,Железа,rx,,,Железо-сахарозный комплекс,rx,"[{""source"": ""uteka"", ""raw_mnn"": ""Железа (III) гидроксид сахарозный комплекс"", ""field_type"": ""explicit_mnn"", ""canonical_components"": [""Железа комплекс""], ""url"": null, ""parse_warnings"": []}, {""source"": ""asna"", ""raw_mnn"": ""Железа"", ""field_type"": ""explicit_mnn"", ""canonical_components"": [""Железа комплекс""], ""url"": null, ""parse_warnings"": []}, {""source"": ""vidal"", ""raw_mnn"": ""Железо-сахарозный комплекс"", ""field_type"": ""explicit_mnn"", ""canonical_components"": [""Железа комплекс""], ""url"": null, ""parse_warnings"": []}]","[{""component"": ""Железа комплекс"", ""source_count"": 3, ""sources"": [""uteka"", ""asna"", ""vidal""]}]",Железа комплекс,Железа комплекс,resolved_catalog,consensus,rx,unknown,False,False,,,unknown,unknown,Железа комплекс,False,,,
22701,373,ВЕЛДЕКСАЛ ТАБЛ. П/ПЛЕН/ОБ. 25МГ №10 | ВЕЛФАРМ ООО | ВЕЛФАРМ ООО,drug,,,Декскетопрофен,otc,Декскетопрофен,otc,,,Декскетопрофен,rx,"[{""source"": ""uteka"", ""raw_mnn"": ""Декскетопрофен"", ""field_type"": ""explicit_mnn"", ""canonical_components"": [""Декскетопрофен""], ""url"": null, ""parse_warnings"": []}, {""source"": ""asna"", ""raw_mnn"": ""Декскетопрофен"", ""field_type"": ""explicit_mnn"", ""canonical_components"": [""Декскетопрофен""], ""url"": null, ""parse_warnings"": []}, {""source"": ""vidal"", ""raw_mnn"": ""Декскетопрофен"", ""field_type"": ""explicit_mnn"", ""canonical_components"": [""Декскетопрофен""], ""url"": null, ""parse_warnings"": []}]","[{""component"": ""Декскетопрофен"", ""source_count"": 3, ""sources"": [""uteka"", ""asna"", ""vidal""]}]",Декскетопрофен,Декскетопрофен,resolved_catalog,consensus,otc,unknown,False,False,,,unknown,unknown,Декскетопрофен,False,,,
22703,373,"ВЕЛГИЯ Р-Р П/К ВВЕД. 2,4МГ/ДОЗА ШПРИЦ-РУЧКА 3МЛ №1+ИГЛА №5 | МЕДСИНТЕЗ ЗАВОД/БИОХИМИК АО | МЕДСИНТЕЗ ЗАВОД/БИОХИМИК АО",drug,,rx,Семаглутид,rx,Семаглутид,rx,,,Семаглутид,rx,"[{""source"": ""uteka"", ""raw_mnn"": ""Семаглутид"", ""field_type"": ""explicit_mnn"", ""canonical_components"": [""Семаглутид""], ""url"": null, ""parse_warnings"": []}, {""source"": ""asna"", ""raw_mnn"": ""Семаглутид"", ""field_type"": ""explicit_mnn"", ""canonical_components"": [""Семаглутид""], ""url"": null, ""parse_warnings"": []}, {""source"": ""vidal"", ""raw_mnn"": ""Семаглутид"", ""field_type"": ""explicit_mnn"", ""canonical_components"": [""Семаглутид""], ""url"": null, ""parse_warnings"": []}]","[{""component"": ""Семаглутид"", ""source_count"": 3, ""sources"": [""uteka"", ""asna"", ""vidal""]}]",Семаглутид,Семаглутид,resolved_catalog,consensus,rx,unknown,False,False,,,unknown,unknown,Семаглутид,False,,,
22817,373,ВАНКОМИЦИН ПОР. Д/Р-РА Д/ИНФ. И ПРИЕМА ВНУТРЬ 1Г ФЛ. №1 ИНТЕРФАРМА | ИНТЕРФАРМА ООО | ИНТЕРФАРМА ООО,drug,Ванкомицин,rx,,,,,,,,,[],[],,,unresolved_catalog,empty,unknown,unknown,True,True,ok,Ванкомицин,rx,универсальный,Ванкомицин,False,https://www.vidal.ru/drugs/vancomycin__18955 | https://www.rlsnet.ru/drugs/vankomicin-35411 | https://www.rlsnet.ru/drugs/vankomicin-35411 | https://www.vidal.ru/drugs/vancomycin__18955 | https://medi.ru/instrukciya/vankomitsin_9524/ | https://health.mail.ru/drug/vancomycin/ | https://medum.ru/vancomycinum | https://health.mail.ru/drug/vankomitsin-1/ | https://drugs2.medelement.com/drug/%D0%B2%D0%B0%D0%BD%D0%BA%D0%BE%D0%BC%D0%B8%D1%86%D0%B8%D0%BD-%D1%8D%D0%BB%D0%B5%D0%B0%D1%81-%D0%B8%D0%BD%D1%81%D1%82%D1%80%D1%83%D0%BA%D1%86%D0%B8%D1%8F/164214051477650933?instruction_lang=RU | https://medum.ru/vankomicin | https://grls.pharm-portal.ru/grls/5c629527-a6b1-4c3a-a59c-cfb702ce9fa5 | https://grls.pharm-portal.ru/grls/b93b6d2a-865e-42ef-907a-e9cfb9cdcd31 | https://www.pharmcontrol.ru/registry/drugs/3577/ | https://www.pharmcontrol.ru/reference/inn/594/ | https://vaskov.pro/grls/0ae95063-9f67-1630-819f-67db9749019b | https://zdravmedinform.ru/grls/reg-lp-002351-rg-ru.html,True,ВАНКОМИЦИН ПОР. Д/Р-РА Д/ИНФ. И ПРИЕМА ВНУТРЬ 1Г ФЛ. №1 ИНТЕРФАРМА | ИНТЕРФАРМА ООО | ИНТЕРФАРМА ООО
22881,373,"ВАЛОКОРДИН ТАБЛ. 7,544МГ+7,544МГ №20 | УСОЛЬЕ-СИБИРСКИЙ ХИМИКО-ФАРМАЦЕВТИЧЕСКИЙ ЗАВОД АО | УСОЛЬЕ-СИБИРСКИЙ ХИМИКО-ФАРМАЦЕВТИЧЕСКИЙ ЗАВОД АО",drug,,otc,,,Фенобарбитал+Этилбромизовалерианат,otc,,,Фенобарбитал,otc,"[{""source"": ""asna"", ""raw_mnn"": ""Фенобарбитал+Этилбромизовалерианат"", ""field_type"": ""explicit_mnn"", ""canonical_components"": [""Фенобарбитал"", ""Этилбромизовалерианат""], ""url"": null, ""parse_warnings"": []}, {""source"": ""vidal"", ""raw_mnn"": ""Фенобарбитал"", ""field_type"": ""explicit_mnn"", ""canonical_components"": [""Фенобарбитал""], ""url"": null, ""parse_warnings"": []}]","[{""component"": ""Фенобарбитал"", ""source_count"": 2, ""sources"": [""asna"", ""vidal""]}, {""component"": ""Этилбромизовалерианат"", ""source_count"": 1, ""sources"": [""asna""]}]","Фенобарбитал, Этилбромизовалерианат","Фенобарбитал, Этилбромизовалерианат",resolved_catalog,consensus,otc,unknown,False,False,,,unknown,unknown,"Фенобарбитал, Этилбромизовалерианат",False,,,
22890,373,ВАЛИДОЛ ТАБЛ. П/ЯЗЫЧН. 60МГ №16 ОБНОВЛЕНИЕ | ОБНОВЛЕНИЕ ПФК АО | ОБНОВЛЕНИЕ ПФК АО,drug,,otc,Левоментола раствор в ментил изовалерате,otc,Левоментола раствор в ментил изовалерате,otc,,,Левоментола раствор в ментилизовалерате,otc,"[{""source"": ""uteka"", ""raw_mnn"": ""Левоментола раствор в ментил изовалерате"", ""field_type"": ""explicit_mnn"", ""canonical_components"": [""Левоментола раствор в ментил изовалерате""], ""url"": null, ""parse_warnings"": []}, {""source"": ""asna"", ""raw_mnn"": ""Левоментола раствор в ментил изовалерате"", ""field_type"": ""explicit_mnn"", ""canonical_components"": [""Левоментола раствор в ментил изовалерате""], ""url"": null, ""parse_warnings"": []}, {""source"": ""vidal"", ""raw_mnn"": ""Левоментола раствор в ментилизовалерате"", ""field_type"": ""explicit_mnn"", ""canonical_components"": [""Левоментола раствор в ментилизовалерате""], ""url"": null, ""parse_warnings"": []}]","[{""component"": ""Левоментола раствор в ментил изовалерате"", ""source_count"": 2, ""sources"": [""uteka"", ""asna""]}]",Левоментола раствор в ментил изовалерате,Левоментола раствор в ментил изовалерате,resolved_catalog,consensus,otc,unknown,False,False,,,unknown,unknown,Левоментола раствор в ментил изовалерате,False,,,
22891,373,ВАЛИДОЛ ТАБЛ. П/ЯЗЫЧН. 60МГ №10 ЮЖФАРМ | ЮЖФАРМ ООО | ЮЖФАРМ ООО,drug,,otc,Левоментола раствор в ментил изовалерате,otc,Левоментола раствор в ментил изовалерате,otc,,,Левоментола раствор в ментилизовалерате,otc,"[{""source"": ""uteka"", ""raw_mnn"": ""Левоментола раствор в ментил изовалерате"", ""field_type"": ""explicit_mnn"", ""canonical_components"": [""Левоментола раствор в ментил изовалерате""], ""url"": null, ""parse_warnings"": []}, {""source"": ""asna"", ""raw_mnn"": ""Левоментола раствор в ментил изовалерате"", ""field_type"": ""explicit_mnn"", ""canonical_components"": [""Левоментола раствор в ментил изовалерате""], ""url"": null, ""parse_warnings"": []}, {""source"": ""vidal"", ""raw_mnn"": ""Левоментола раствор в ментилизовалерате"", ""field_type"": ""explicit_mnn"", ""canonical_components"": [""Левоментола раствор в ментилизовалерате""], ""url"": null, ""parse_warnings"": []}]","[{""component"": ""Левоментола раствор в ментил изовалерате"", ""source_count"": 2, ""sources"": [""uteka"", ""asna""]}]",Левоментола раствор в ментил изовалерате,Левоментола раствор в ментил изовалерате,resolved_catalog,consensus,otc,unknown,False,False,,,unknown,unknown,Левоментола раствор в ментил изовалерате,False,,,
22968,373,ВАЛЕМИДИН ПЛЮС СИРОП БЕЗ САХАРА ФЛ. 100МЛ | ФАРМАМЕД ООО | ФАРМАМЕД ООО,drug,,otc,,,,otc,,,,otc,"[{""source"": ""asna"", ""raw_mnn"": null, ""field_type"": ""unknown"", ""canonical_components"": [], ""url"": null, ""parse_warnings"": []}, {""source"": ""vidal"", ""raw_mnn"": null, ""field_type"": ""unknown"", ""canonical_components"": [], ""url"": null, ""parse_warnings"": []}]",[],,,unresolved_catalog,empty,otc,unknown,True,True,ok,,unknown,взрослые,,True,https://www.vidal.ru/drugs/valemidin-plus | https://www.rlsnet.ru/baa/valemidin-plyus-79198 | https://www.rlsnet.ru/drugs/valemidin-31814 | https://aptekamos.ru/tovary/bad/valemidin-plyus-13882/valemidin-plyus-sirop-100ml-85781/instrukciya | https://www.vidal.ru/drugs/valemidin__31625 | https://megapteka.ru/specials/guide_valemidin-instrukciya-po-1342 | https://www.asna.ru/product/valemidin_plyus/instruction/ | https://www.vidal.ru/drugs/valemidin-plus | https://www.rlsnet.ru/baa/valemidin-plyus-79198 | https://zdesapteka.ru/instructions/valemidin-plyus/ | https://health.mail.ru/drug/valemidin_plyus/ | https://www.rlsnet.ru/drugs/valemidin-31814 | https://pharmznanie.ru/drugs/valemidin-plyus-sirop-100-ml | https://bz.medvestnik.ru/drugs/68939.html | https://www.vidal.ru/drugs/valemidin-plus | https://www.rlsnet.ru/baa/valemidin-plyus-79198,True,ВАЛЕМИДИН ПЛЮС СИРОП БЕЗ САХАРА ФЛ. 100МЛ | ФАРМАМЕД ООО | ФАРМАМЕД ООО
22979,373,ВАЛАЦИКЛОВИР ТАБЛ. П/ПЛЕН/ОБ. 500МГ №10 РОЗЛЕКС ФАРМ | РОЗЛЕКС ФАРМ | РОЗЛЕКС ФАРМ,drug,Валацикловир,rx,Валацикловир,rx,,,,,,,"[{""source"": ""uteka"", ""raw_mnn"": ""Валацикловир"", ""field_type"": ""explicit_mnn"", ""canonical_components"": [""Валацикловир""], ""url"": null, ""parse_warnings"": []}]",[],,,unresolved_catalog,single_source,unknown,unknown,True,True,ok,Валацикловир,rx,универсальный,Валацикловир,False,https://www.rlsnet.ru/drugs/valaciklovir-39144 | https://aptekamos.ru/tovary/lekarstva/valaciklovir-1193/valaciklovir-tabletki-500mg-55966/instrukciya | https://www.vidal.ru/drugs/valacyclovir__44937 | https://www.rlsnet.ru/drugs/valaciklovir-39144 | https://allmed.pro/ru/drugs/valaciklovir | https://aptekamos.ru/tovary/lekarstva/valaciklovir-1193/valaciklovir-tabletki-500mg-55966/instrukciya | https://aptekamos.ru/tovary/lekarstva/valaciklovir-1193/valaciklovir-tabletki-500mg-55966/instrukciya | https://www.rlsnet.ru/drugs/valaciklovir-39144 | https://www.vidal.ru/drugs/valacyclovir__44937 | https://medum.ru/valaciklovir-tabletki | https://velpharm.group/upload/iblock/5b7/IMP-Valatsiklovir.pdf | https://medi.ru/instrukciya/valatsiklovir_18515/ | https://medi.ru/instrukciya/valatsiklovir_18513/ | https://medspravochnik.com/drugs/protivovirusnye/valaciklovir/ | https://grls.pharm-portal.ru/grls/21fc3002-38e8-4440-94c5-7c3d41c9d97d | https://grls.pharm-portal.ru/grls/811410fa-06b0-4c16-b785-f8a891ec667f,True,ВАЛАЦИКЛОВИР ТАБЛ. П/ПЛЕН/ОБ. 500МГ №10 РОЗЛЕКС ФАРМ | РОЗЛЕКС ФАРМ | РОЗЛЕКС ФАРМ
23099,374,БУТАДИОН-АЛИУМ ТАБЛ. 150МГ №20 | АЛИУМ АО | АЛИУМ АО,drug,,rx,Фенилбутазон,rx,,,,,Фенилбутазон,rx,"[{""source"": ""uteka"", ""raw_mnn"": ""Фенилбутазон"", ""field_type"": ""explicit_mnn"", ""canonical_components"": [""Фенилбутазон""], ""url"": null, ""parse_warnings"": []}, {""source"": ""vidal"", ""raw_mnn"": ""Фенилбутазон"", ""field_type"": ""explicit_mnn"", ""canonical_components"": [""Фенилбутазон""], ""url"": null, ""parse_warnings"": []}]","[{""component"": ""Фенилбутазон"", ""source_count"": 2, ""sources"": [""uteka"", ""vidal""]}]",Фенилбутазон,Фенилбутазон,resolved_catalog,consensus,rx,unknown,False,False,,,unknown,unknown,Фенилбутазон,False,,,
23521,375,"БИФИДУМБАКТЕРИН ФОРТЕ ПОР. Д/ПРИЕМА ВНУТРЬ 50МЛН.КОЕ/ПАКЕТ ПАК. 0,85Г №30 ПРОБИОФАРМ | ПРОБИОФАРМ ООО | ПРОБИОФАРМ ООО",drug,Бифидобактерии бифидум,otc,,,Бифидобактерии бифидум,otc,,,Бифидобактерии бифидум,otc,"[{""source"": ""asna"", ""raw_mnn"": ""Бифидобактерии бифидум"", ""field_type"": ""explicit_mnn"", ""canonical_components"": [""Бифидобактерии бифидум""], ""url"": null, ""parse_warnings"": []}, {""source"": ""vidal"", ""raw_mnn"": ""Бифидобактерии бифидум"", ""field_type"": ""explicit_mnn"", ""canonical_components"": [""Бифидобактерии бифидум""], ""url"": null, ""parse_warnings"": []}]","[{""component"": ""Бифидобактерии бифидум"", ""source_count"": 2, ""sources"": [""asna"", ""vidal""]}]",Бифидобактерии бифидум,Бифидобактерии бифидум,resolved_catalog,consensus,otc,unknown,False,False,,,unknown,unknown,Бифидобактерии бифидум,False,,,
23645,375,БИСОМОР ТАБЛ. П/ПЛЕН/ОБ. 5МГ №30 | ЭДЖ ФАРМА ПРАЙВЕТ ЛИМИТЕД | ЭДЖ ФАРМА ПРАЙВЕТ ЛИМИТЕД,drug,,rx,Бисопролол,rx,Бисопролол,rx,Бисопролол,rx,Бисопролол,rx,"[{""source"": ""uteka"", ""raw_mnn"": ""Бисопролол"", ""field_type"": ""explicit_mnn"", ""canonical_components"": [""Бисопролол""], ""url"": null, ""parse_warnings"": []}, {""source"": ""apteka"", ""raw_mnn"": ""Бисопролол"", ""field_type"": ""explicit_mnn"", ""canonical_components"": [""Бисопролол""], ""url"": null, ""parse_warnings"": []}, {""source"": ""asna"", ""raw_mnn"": ""Бисопролол"", ""field_type"": ""explicit_mnn"", ""canonical_components"": [""Бисопролол""], ""url"": null, ""parse_warnings"": []}, {""source"": ""vidal"", ""raw_mnn"": ""Бисопролол"", ""field_type"": ""explicit_mnn"", ""canonical_components"": [""Бисопролол""], ""url"": null, ""parse_warnings"": []}]","[{""component"": ""Бисопролол"", ""source_count"": 4, ""sources"": [""uteka"", ""apteka"", ""asna"", ""vidal""]}]",Бисопролол,Бисопролол,resolved_catalog,consensus,rx,unknown,False,False,,,unknown,unknown,Бисопролол,False,,,
24070,375,БЕТАДИН СУПП. ВАГ. 200МГ №7 | ЭГИС ФАРМАЦЕВТИЧЕСКИЙ ЗАВОД ЗАО | ЭГИС ФАРМАЦЕВТИЧЕСКИЙ ЗАВОД ЗАО,drug,,otc,Повидон-йод,otc,Повидон-йод,otc,,,Повидон-йод,otc,"[{""source"": ""uteka"", ""raw_mnn"": ""Повидон-йод"", ""field_type"": ""explicit_mnn"", ""canonical_components"": [""Повидон-йод""], ""url"": null, ""parse_warnings"": []}, {""source"": ""asna"", ""raw_mnn"": ""Повидон-йод"", ""field_type"": ""explicit_mnn"", ""canonical_components"": [""Повидон-йод""], ""url"": null, ""parse_warnings"": []}, {""source"": ""vidal"", ""raw_mnn"": ""Повидон-йод"", ""field_type"": ""explicit_mnn"", ""canonical_components"": [""Повидон-йод""], ""url"": null, ""parse_warnings"": []}]","[{""component"": ""Повидон-йод"", ""source_count"": 3, ""sources"": [""uteka"", ""asna"", ""vidal""]}]",Повидон-йод,Повидон-йод,resolved_catalog,consensus,otc,unknown,False,False,,,unknown,unknown,Повидон-йод,False,,,
24163,375,"БЕРГОЛАК ТАБЛ. 0,5МГ №2 | ВЕРОФАРМ ООО | ВЕРОФАРМ ООО",drug,,рецептурный,Каберголин,rx,Каберголин,rx,,,Каберголин,rx,"[{""source"": ""uteka"", ""raw_mnn"": ""Каберголин"", ""field_type"": ""explicit_mnn"", ""canonical_components"": [""Каберголин""], ""url"": null, ""parse_warnings"": []}, {""source"": ""asna"", ""raw_mnn"": ""Каберголин"", ""field_type"": ""explicit_mnn"", ""canonical_components"": [""Каберголин""], ""url"": null, ""parse_warnings"": []}, {""source"": ""vidal"", ""raw_mnn"": ""Каберголин"", ""field_type"": ""explicit_mnn"", ""canonical_components"": [""Каберголин""], ""url"": null, ""parse_warnings"": []}]","[{""component"": ""Каберголин"", ""source_count"": 3, ""sources"": [""uteka"", ""asna"", ""vidal""]}]",Каберголин,Каберголин,resolved_catalog,consensus,rx,unknown,False,False,,,unknown,unknown,Каберголин,False,,,
24340,375,"БЕКЛАЗОН ЭКО АЭРОЗ. Д/ИНГ. ДОЗИР. 100МКГ/ДОЗА БАЛЛОН 200ДОЗ | НОРТОН (ВОТЕРФОРД) ЛТД, ВЫСТУПАЮЩИЙ ПОД ТОРГОВЫМ НАИМЕНОВАНИЕМ АЙВЭКС ФАРМАСЬЮТИКАЛС ИРЛАНДИЯ, ВЫСТУПАЮЩИЙ ПОД ТОРГОВЫМ НАИМЕНОВАНИЕМ ТЕВА ФАРМАСЬЮТИК | НОРТОН (ВОТЕРФОРД) ЛТД, ВЫСТУПАЮЩИЙ ПОД ТОРГОВЫМ НАИМЕНОВАНИЕМ АЙВЭКС ФАРМАСЬЮТИКАЛС ИРЛАНДИЯ, ВЫСТУПАЮЩИЙ ПОД ТОРГОВЫМ НАИМЕНОВАНИЕМ ТЕВА ФАРМАСЬЮТИК",drug,,rx,Беклометазон,rx,Беклометазон,rx,,,Беклометазон,rx,"[{""source"": ""uteka"", ""raw_mnn"": ""Беклометазон"", ""field_type"": ""explicit_mnn"", ""canonical_components"": [""Беклометазон""], ""url"": null, ""parse_warnings"": []}, {""source"": ""asna"", ""raw_mnn"": ""Беклометазон"", ""field_type"": ""explicit_mnn"", ""canonical_components"": [""Беклометазон""], ""url"": null, ""parse_warnings"": []}, {""source"": ""vidal"", ""raw_mnn"": ""Беклометазон"", ""field_type"": ""explicit_mnn"", ""canonical_components"": [""Беклометазон""], ""url"": null, ""parse_warnings"": []}]","[{""component"": ""Беклометазон"", ""source_count"": 3, ""sources"": [""uteka"", ""asna"", ""vidal""]}]",Беклометазон,Беклометазон,resolved_catalog,consensus,rx,unknown,False,False,,,unknown,unknown,Беклометазон,False,,,
24711,376,АЦИКЛОВИР ВЕЛФАРМ ТАБЛ. 200МГ №20 ВЕЛФАРМ-М | ВЕЛФАРМ-М ООО | ВЕЛФАРМ-М ООО,drug,Ацикловир,rx,Ацикловир,rx,,,,,Ацикловир,rx,"[{""source"": ""uteka"", ""raw_mnn"": ""Ацикловир"", ""field_type"": ""explicit_mnn"", ""canonical_components"": [""Ацикловир""], ""url"": null, ""parse_warnings"": []}, {""source"": ""vidal"", ""raw_mnn"": ""Ацикловир"", ""field_type"": ""explicit_mnn"", ""canonical_components"": [""Ацикловир""], ""url"": null, ""parse_warnings"": []}]","[{""component"": ""Ацикловир"", ""source_count"": 2, ""sources"": [""uteka"", ""vidal""]}]",Ацикловир,Ацикловир,resolved_catalog,consensus,rx,unknown,False,False,,,unknown,unknown,Ацикловир,False,,,
24725,376,АЦИКЛОВИР АВЕКСИМА ТАБЛ. 400МГ №30 | ИРБИТСКИЙ ХИМЗАВОД ОАО | ИРБИТСКИЙ ХИМЗАВОД ОАО,drug,Ацикловир,rx,Ацикловир,rx,Ацикловир,rx,,,Азитромицин,rx,"[{""source"": ""uteka"", ""raw_mnn"": ""Ацикловир"", ""field_type"": ""explicit_mnn"", ""canonical_components"": [""Ацикловир""], ""url"": null, ""parse_warnings"": []}, {""source"": ""asna"", ""raw_mnn"": ""Ацикловир"", ""field_type"": ""explicit_mnn"", ""canonical_components"": [""Ацикловир""], ""url"": null, ""parse_warnings"": []}, {""source"": ""vidal"", ""raw_mnn"": ""Азитромицин"", ""field_type"": ""explicit_mnn"", ""canonical_components"": [""Азитромицин""], ""url"": null, ""parse_warnings"": []}]","[{""component"": ""Ацикловир"", ""source_count"": 2, ""sources"": [""uteka"", ""asna""]}]",Ацикловир,Ацикловир,resolved_catalog,consensus,rx,unknown,False,False,,,unknown,unknown,Ацикловир,False,,,
24824,376,АФОБАЗОЛ РЕТАРД ТАБЛ. С МОДИФ. ВЫСВ. П/ПЛЕН/ОБ. 30МГ №20 ОТИСИФАРМ | ОТИСИФАРМ ПРО АО | ОТИСИФАРМ ПРО АО,drug,,без рецепта,Фабомотизол,otc,Фабомотизол,otc,,,Фабомотизол,otc,"[{""source"": ""uteka"", ""raw_mnn"": ""Фабомотизол"", ""field_type"": ""explicit_mnn"", ""canonical_components"": [""Фабомотизол""], ""url"": null, ""parse_warnings"": []}, {""source"": ""asna"", ""raw_mnn"": ""Фабомотизол"", ""field_type"": ""explicit_mnn"", ""canonical_components"": [""Фабомотизол""], ""url"": null, ""parse_warnings"": []}, {""source"": ""vidal"", ""raw_mnn"": ""Фабомотизол"", ""field_type"": ""explicit_mnn"", ""canonical_components"": [""Фабомотизол""], ""url"": null, ""parse_warnings"": []}]","[{""component"": ""Фабомотизол"", ""source_count"": 3, ""sources"": [""uteka"", ""asna"", ""vidal""]}]",Фабомотизол,Фабомотизол,resolved_catalog,consensus,otc,unknown,False,False,,,unknown,unknown,Фабомотизол,False,,,
24893,376,АТОРИКА ТАБС ТАБЛ. П/ПЛЕН/ОБ. 120МГ №7 | Канонфарма | Канонфарма,drug,,otc,Эторикоксиб,rx,Эторикоксиб,rx,,,Эторикоксиб,rx,"[{""source"": ""uteka"", ""raw_mnn"": ""Эторикоксиб"", ""field_type"": ""explicit_mnn"", ""canonical_components"": [""Эторикоксиб""], ""url"": null, ""parse_warnings"": []}, {""source"": ""asna"", ""raw_mnn"": ""Эторикоксиб"", ""field_type"": ""explicit_mnn"", ""canonical_components"": [""Эторикоксиб""], ""url"": null, ""parse_warnings"": []}, {""source"": ""vidal"", ""raw_mnn"": ""Эторикоксиб"", ""field_type"": ""explicit_mnn"", ""canonical_components"": [""Эторикоксиб""], ""url"": null, ""parse_warnings"": []}]","[{""component"": ""Эторикоксиб"", ""source_count"": 3, ""sources"": [""uteka"", ""asna"", ""vidal""]}]",Эторикоксиб,Эторикоксиб,resolved_catalog,consensus,rx,unknown,False,False,,,unknown,unknown,Эторикоксиб,False,,,
25195,377,АСКОРБИНОВАЯ КИСЛОТА-УБФ ДРАЖЕ 50МГ №200 | УРАЛБИОФАРМ ОАО | УРАЛБИОФАРМ ОАО,drug,Аскорбиновая кислота,otc,Аскорбиновая кислота,otc,,,,,Аскорбиновая кислота,otc,"[{""source"": ""uteka"", ""raw_mnn"": ""Аскорбиновая кислота"", ""field_type"": ""explicit_mnn"", ""canonical_components"": [""Аскорбиновая кислота""], ""url"": null, ""parse_warnings"": []}, {""source"": ""vidal"", ""raw_mnn"": ""Аскорбиновая кислота"", ""field_type"": ""explicit_mnn"", ""canonical_components"": [""Аскорбиновая кислота""], ""url"": null, ""parse_warnings"": []}]","[{""component"": ""Аскорбиновая кислота"", ""source_count"": 2, ""sources"": [""uteka"", ""vidal""]}]",Аскорбиновая кислота,Аскорбиновая кислота,resolved_catalog,consensus,otc,unknown,False,False,,,unknown,unknown,Аскорбиновая кислота,False,,,
25422,377,АРТОКСАН ГЕЛЬ Д/НАРУЖ. ПРИМ. 1% ТУБА 45Г | УОРЛД МЕДИЦИН ИЛАЧ САН. ВЕ ТИДЖ. А.Ш. | УОРЛД МЕДИЦИН ИЛАЧ САН. ВЕ ТИДЖ. А.Ш.,drug,,otc,Теноксикам,rx,Теноксикам,rx,,,Теноксикам,rx,"[{""source"": ""uteka"", ""raw_mnn"": ""Теноксикам"", ""field_type"": ""explicit_mnn"", ""canonical_components"": [""Теноксикам""], ""url"": null, ""parse_warnings"": []}, {""source"": ""asna"", ""raw_mnn"": ""Теноксикам"", ""field_type"": ""explicit_mnn"", ""canonical_components"": [""Теноксикам""], ""url"": null, ""parse_warnings"": []}, {""source"": ""vidal"", ""raw_mnn"": ""Теноксикам"", ""field_type"": ""explicit_mnn"", ""canonical_components"": [""Теноксикам""], ""url"": null, ""parse_warnings"": []}]","[{""component"": ""Теноксикам"", ""source_count"": 3, ""sources"": [""uteka"", ""asna"", ""vidal""]}]",Теноксикам,Теноксикам,resolved_catalog,consensus,rx,unknown,False,False,,,unknown,unknown,Теноксикам,False,,,
25459,377,АРОМАЗИН ТАБЛ. П/О 25МГ №30 | ПФАЙЗЕР ИТАЛИЯ С.Р.Л. | ПФАЙЗЕР ИТАЛИЯ С.Р.Л.,drug,,рецептурный,Эксеместан,rx,Эксеместан,rx,,,Эксеместан,rx,"[{""source"": ""uteka"", ""raw_mnn"": ""Эксеместан"", ""field_type"": ""explicit_mnn"", ""canonical_components"": [""Эксеместан""], ""url"": null, ""parse_warnings"": []}, {""source"": ""asna"", ""raw_mnn"": ""Эксеместан"", ""field_type"": ""explicit_mnn"", ""canonical_components"": [""Эксеместан""], ""url"": null, ""parse_warnings"": []}, {""source"": ""vidal"", ""raw_mnn"": ""Эксеместан"", ""field_type"": ""explicit_mnn"", ""canonical_components"": [""Эксеместан""], ""url"": null, ""parse_warnings"": []}]","[{""component"": ""Эксеместан"", ""source_count"": 3, ""sources"": [""uteka"", ""asna"", ""vidal""]}]",Эксеместан,Эксеместан,resolved_catalog,consensus,rx,unknown,False,False,,,unknown,unknown,Эксеместан,False,,,
25642,377,АНТИГРИППИН ТАБЛ. ШИПУЧ. 500МГ+10МГ+200МГ №10 АПЕЛЬСИН | НАТУР ПРОДУКТ ФАРМА СП.ЗО.О. | НАТУР ПРОДУКТ ФАРМА СП.ЗО.О.,drug,,otc,,,Аскорбиновая кислота+Ацетилсалициловая кислота+Парацетамол+Фенилпропаноламин+Хлорфенамин,otc,,,Аскорбиновая кислота,otc,"[{""source"": ""asna"", ""raw_mnn"": ""Аскорбиновая кислота+Ацетилсалициловая кислота+Парацетамол+Фенилпропаноламин+Хлорфенамин"", ""field_type"": ""explicit_mnn"", ""canonical_components"": [""Аскорбиновая кислота"", ""Ацетилсалициловая кислота"", ""Парацетамол"", ""Фенилпропаноламин"", ""Хлорфенамин""], ""url"": null, ""parse_warnings"": []}, {""source"": ""vidal"", ""raw_mnn"": ""Аскорбиновая кислота"", ""field_type"": ""explicit_mnn"", ""canonical_components"": [""Аскорбиновая кислота""], ""url"": null, ""parse_warnings"": []}]","[{""component"": ""Аскорбиновая кислота"", ""source_count"": 2, ""sources"": [""asna"", ""vidal""]}, {""component"": ""Ацетилсалициловая кислота"", ""source_count"": 1, ""sources"": [""asna""]}, {""component"": ""Парацетамол"", ""source_count"": 1, ""sources"": [""asna""]}, {""component"": ""Фенилпропаноламин"", ""source_count"": 1, ""sources"": [""asna""]}, {""component"": ""Хлорфенамин"", ""source_count"": 1, ""sources"": [""asna""]}]","Аскорбиновая кислота, Ацетилсалициловая кислота, Парацетамол, Фенилпропаноламин, Хлорфенамин","Аскорбиновая кислота, Ацетилсалициловая кислота, Парацетамол, Фенилпропаноламин, Хлорфенамин",resolved_catalog,consensus,otc,unknown,False,False,,,unknown,unknown,"Аскорбиновая кислота, Ацетилсалициловая кислота, Парацетамол, Фенилпропаноламин, Хлорфенамин",False,,,
25644,377,АНТИГРИППИН ПОР. Д/Р-РА Д/ПРИЕМА ВНУТРЬ 500МГ+10МГ+200МГ РОМАШКА ПАК. 5Г №10 | НАТУР ПРОДУКТ ФАРМА СП.ЗО.О. | НАТУР ПРОДУКТ ФАРМА СП.ЗО.О.,drug,,безрецептурный,,,Аскорбиновая кислота+Ацетилсалициловая кислота+Парацетамол+Фенилпропаноламин+Хлорфенамин,otc,,,Аскорбиновая кислота,otc,"[{""source"": ""asna"", ""raw_mnn"": ""Аскорбиновая кислота+Ацетилсалициловая кислота+Парацетамол+Фенилпропаноламин+Хлорфенамин"", ""field_type"": ""explicit_mnn"", ""canonical_components"": [""Аскорбиновая кислота"", ""Ацетилсалициловая кислота"", ""Парацетамол"", ""Фенилпропаноламин"", ""Хлорфенамин""], ""url"": null, ""parse_warnings"": []}, {""source"": ""vidal"", ""raw_mnn"": ""Аскорбиновая кислота"", ""field_type"": ""explicit_mnn"", ""canonical_components"": [""Аскорбиновая кислота""], ""url"": null, ""parse_warnings"": []}]","[{""component"": ""Аскорбиновая кислота"", ""source_count"": 2, ""sources"": [""asna"", ""vidal""]}, {""component"": ""Ацетилсалициловая кислота"", ""source_count"": 1, ""sources"": [""asna""]}, {""component"": ""Парацетамол"", ""source_count"": 1, ""sources"": [""asna""]}, {""component"": ""Фенилпропаноламин"", ""source_count"": 1, ""sources"": [""asna""]}, {""component"": ""Хлорфенамин"", ""source_count"": 1, ""sources"": [""asna""]}]","Аскорбиновая кислота, Ацетилсалициловая кислота, Парацетамол, Фенилпропаноламин, Хлорфенамин","Аскорбиновая кислота, Ацетилсалициловая кислота, Парацетамол, Фенилпропаноламин, Хлорфенамин",resolved_catalog,consensus,otc,unknown,False,False,,,unknown,unknown,"Аскорбиновая кислота, Ацетилсалициловая кислота, Парацетамол, Фенилпропаноламин, Хлорфенамин",False,,,
25702,378,АНГИОРУС ТАБЛ. П/ПЛЕН/ОБ. 50МГ+450МГ №60 | СИНТЕЗ | СИНТЕЗ,drug,,,,,Гесперидин + Диосмин,otc,,,Диосмин,otc,"[{""source"": ""asna"", ""raw_mnn"": ""Гесперидин + Диосмин"", ""field_type"": ""explicit_mnn"", ""canonical_components"": [""Гесперидин"", ""Диосмин""], ""url"": null, ""parse_warnings"": []}, {""source"": ""vidal"", ""raw_mnn"": ""Диосмин"", ""field_type"": ""explicit_mnn"", ""canonical_components"": [""Диосмин""], ""url"": null, ""parse_warnings"": []}]","[{""component"": ""Диосмин"", ""source_count"": 2, ""sources"": [""asna"", ""vidal""]}, {""component"": ""Гесперидин"", ""source_count"": 1, ""sources"": [""asna""]}]","Диосмин, Гесперидин","Диосмин, Гесперидин",resolved_catalog,consensus,otc,unknown,False,False,,,unknown,unknown,"Диосмин, Гесперидин",False,,,
25783,378,АНАЛЬГИН ТАБЛ. 500МГ №30 ФАРМСТАНДАРТ | ФАРМСТАНДАРТ-ЛЕКСРЕДСТВА ОАО | ФАРМСТАНДАРТ-ЛЕКСРЕДСТВА ОАО,drug,,otc,Метамизол натрия,rx,Метамизол натрия,otc,,,Метамизол натрия,otc,"[{""source"": ""uteka"", ""raw_mnn"": ""Метамизол натрия"", ""field_type"": ""explicit_mnn"", ""canonical_components"": [""Метамизол натрия""], ""url"": null, ""parse_warnings"": []}, {""source"": ""asna"", ""raw_mnn"": ""Метамизол натрия"", ""field_type"": ""explicit_mnn"", ""canonical_components"": [""Метамизол натрия""], ""url"": null, ""parse_warnings"": []}, {""source"": ""vidal"", ""raw_mnn"": ""Метамизол натрия"", ""field_type"": ""explicit_mnn"", ""canonical_components"": [""Метамизол натрия""], ""url"": null, ""parse_warnings"": []}]","[{""component"": ""Метамизол натрия"", ""source_count"": 3, ""sources"": [""uteka"", ""asna"", ""vidal""]}]",Метамизол натрия,Метамизол натрия,resolved_catalog,consensus,otc,unknown,False,False,,,unknown,unknown,Метамизол натрия,False,,,
25946,378,АММИАК Р-Р Д/НАРУЖ. ПРИМ. И ИНГ. 10% ФЛ. ПЭТ 100МЛ ИВАНОВСКАЯ ФФ | ИВАНОВСКАЯ ФФ | ИВАНОВСКАЯ ФФ,drug,Аммиак,otc,Аммиак,otc,,,,,Глицерол,otc,"[{""source"": ""uteka"", ""raw_mnn"": ""Аммиак"", ""field_type"": ""explicit_mnn"", ""canonical_components"": [""Аммиак""], ""url"": null, ""parse_warnings"": []}, {""source"": ""vidal"", ""raw_mnn"": ""Глицерол"", ""field_type"": ""explicit_mnn"", ""canonical_components"": [""Глицерол""], ""url"": null, ""parse_warnings"": []}]",[],,,unresolved_catalog,equal_conflict,otc,unknown,True,True,ok,Аммиак,otc,универсальный,Аммиак,False,https://www.lsgeotar.ru/drugs/ammoniium-ABMs | https://www.lsgeotar.ru/drugs/ammoniium-AB7i | https://grls.rosminzdrav.ru/ | https://health.mail.ru/drug/ammiak-1/ | https://www.vidal.ru/drugs/ammoniium__25401 | https://medi.ru/instrukciya/ammiak_17639/ | https://medi.ru/instrukciya/ammiak_17643/ | https://zdorovi.net/preparaty/ammiak.html | https://medum.ru/ammiak | https://medvestnik.ru/ls/a0e408cc-16c5-438d-ba9c-1bed9708f51a.html | https://www.rlsnet.ru/drugs/ammiak-1968 | https://pharmcontrol.ru/registry/drugs/20128/ | https://grls.pharm-portal.ru/grls/8b65e0da-28ce-41c6-b38a-91b65cc8fa95 | https://zdravmedinform.ru/grls/reg-fs-000082.html | https://zdravmedinform.ru/grls/reg-lp-015531-rg-ru.html | https://grls.pharm-portal.ru/grls,True,АММИАК Р-Р Д/НАРУЖ. ПРИМ. И ИНГ. 10% ФЛ. ПЭТ 100МЛ ИВАНОВСКАЯ ФФ | ИВАНОВСКАЯ ФФ | ИВАНОВСКАЯ ФФ
26071,378,АМИНАЗИН ТАБЛ. П/ПЛЕН/ОБ. 25МГ №10 ВАЛЕНТА | ВАЛЕНТА ФАРМ АО | ВАЛЕНТА ФАРМ АО,drug,,rx,Хлорпромазин,rx,Хлорпромазин,rx,,,Хлорпромазин,rx,"[{""source"": ""uteka"", ""raw_mnn"": ""Хлорпромазин"", ""field_type"": ""explicit_mnn"", ""canonical_components"": [""Хлорпромазин""], ""url"": null, ""parse_warnings"": []}, {""source"": ""asna"", ""raw_mnn"": ""Хлорпромазин"", ""field_type"": ""explicit_mnn"", ""canonical_components"": [""Хлорпромазин""], ""url"": null, ""parse_warnings"": []}, {""source"": ""vidal"", ""raw_mnn"": ""Хлорпромазин"", ""field_type"": ""explicit_mnn"", ""canonical_components"": [""Хлорпромазин""], ""url"": null, ""parse_warnings"": []}]","[{""component"": ""Хлорпромазин"", ""source_count"": 3, ""sources"": [""uteka"", ""asna"", ""vidal""]}]",Хлорпромазин,Хлорпромазин,resolved_catalog,consensus,rx,unknown,False,False,,,unknown,unknown,Хлорпромазин,False,,,
26172,378,"АЛЬФОСФАЛЬ ГЕЛЬ Д/ПРИЕМА ВНУТРЬ ПАКЕТ 2,08Г №6 | КАНОНФАРМА ПРОДАКШН ЗАО | КАНОНФАРМА ПРОДАКШН ЗАО",drug,,otc,Алюминия фосфат,otc,,,,,Алюминия фосфат,otc,"[{""source"": ""uteka"", ""raw_mnn"": ""Алюминия фосфат"", ""field_type"": ""explicit_mnn"", ""canonical_components"": [""Алюминия фосфат""], ""url"": null, ""parse_warnings"": []}, {""source"": ""vidal"", ""raw_mnn"": ""Алюминия фосфат"", ""field_type"": ""explicit_mnn"", ""canonical_components"": [""Алюминия фосфат""], ""url"": null, ""parse_warnings"": []}]","[{""component"": ""Алюминия фосфат"", ""source_count"": 2, ""sources"": [""uteka"", ""vidal""]}]",Алюминия фосфат,Алюминия фосфат,resolved_catalog,consensus,otc,unknown,False,False,,,unknown,unknown,Алюминия фосфат,False,,,
26410,378,АЛЛОХОЛ ТАБЛ. П/О №50 ВИФИТЕХ | ВИФИТЕХ | ВИФИТЕХ,drug,,otc,Активированный уголь+Желчь+Крапивы двудомной листья+Чеснока посевного луковицы,otc,,,,,,otc,"[{""source"": ""uteka"", ""raw_mnn"": ""Активированный уголь+Желчь+Крапивы двудомной листья+Чеснока посевного луковицы"", ""field_type"": ""explicit_mnn"", ""canonical_components"": [""Активированный уголь"", ""Желчь"", ""Крапивы двудомной листья"", ""Чеснока посевного луковицы""], ""url"": null, ""parse_warnings"": []}, {""source"": ""vidal"", ""raw_mnn"": null, ""field_type"": ""unknown"", ""canonical_components"": [], ""url"": null, ""parse_warnings"": []}]",[],,,unresolved_catalog,single_source,otc,unknown,True,True,ok,"Активированный уголь, Желчь, Крапивы листья, Чеснок посевной",otc,универсальный,"Активированный уголь, Желчь, Крапивы листья, Чеснок посевной",False,https://www.rlsnet.ru/drugs/alloxol-3953 | https://aptekamos.ru/tovary/lekarstva/aktivirovannyyo-ugol-zhelch-krapivy-listya-chesnok-posevnoyo-1409/alloxol-tabletki-218/instrukciya | https://aptekamos.ru/tovary/lekarstva/aktivirovannyyo-ugol-zhelch-krapivy-listya-chesnok-posevnoyo-1409/alloxol-tabletki-32846/instrukciya | https://www.rlsnet.ru/drugs/alloxol-3953 | https://allmed.pro/ru/drugs/allohol | https://www.rlsnet.ru/drugs/alloxol-3953 | https://medi.ru/instrukciya/allohol_17431/ | https://medi.ru/instrukciya/allohol_17428/ | https://www.vidal.ru/drugs/allochol__12659 | https://www.vidal.ru/drugs/allochol__18392 | https://medvestnik.ru/ls/a0e3f1e6-7d6e-41ad-921c-53767722b2f6.html | https://drugs.medelement.com/drug/%D0%B0%D0%BB%D0%BB%D0%BE%D1%85%D0%BE%D0%BB-%D0%B8%D0%BD%D1%81%D1%82%D1%80%D1%83%D0%BA%D1%86%D0%B8%D1%8F/50536491692858672?instruction_lang=RU | https://www.renewal.ru/products/allokhol-reneval-60/ | https://www.pharmcontrol.ru/registry/drugs/16810/ | https://www.pharmcontrol.ru/registry/drugs/16956/ | https://zdravmedinform.ru/grls/reg-lp-013285-rg-ru.html,True,АЛЛОХОЛ ТАБЛ. П/О №50 ВИФИТЕХ | ВИФИТЕХ | ВИФИТЕХ
26540,379,АЛГЕЗИР УЛЬТРА ТАБЛ. П/ПЛЕН/ОБ. 275МГ №10 | ОБОЛЕНСКОЕ ФП АО | ОБОЛЕНСКОЕ ФП АО,drug,,otc,Напроксен,otc,,,,,Напроксен,otc,"[{""source"": ""uteka"", ""raw_mnn"": ""Напроксен"", ""field_type"": ""explicit_mnn"", ""canonical_components"": [""Напроксен""], ""url"": null, ""parse_warnings"": []}, {""source"": ""vidal"", ""raw_mnn"": ""Напроксен"", ""field_type"": ""explicit_mnn"", ""canonical_components"": [""Напроксен""], ""url"": null, ""parse_warnings"": []}]","[{""component"": ""Напроксен"", ""source_count"": 2, ""sources"": [""uteka"", ""vidal""]}]",Напроксен,Напроксен,resolved_catalog,consensus,otc,unknown,False,False,,,unknown,unknown,Напроксен,False,,,
26747,379,"АКРИДЕРМ ГК КРЕМ Д/НАРУЖ. ПРИМ. 0,05%+0,1%+1% ТУБА 30Г | АКРИХИН ХФК АО | АКРИХИН ХФК АО",drug,,рецептурный,,,Бетаметазон* + Гентамицин* + Клотримазол,otc,,,Клотримазол,otc,"[{""source"": ""asna"", ""raw_mnn"": ""Бетаметазон* + Гентамицин* + Клотримазол"", ""field_type"": ""explicit_mnn"", ""canonical_components"": [""Бетаметазон"", ""Гентамицин"", ""Клотримазол""], ""url"": null, ""parse_warnings"": []}, {""source"": ""vidal"", ""raw_mnn"": ""Клотримазол"", ""field_type"": ""explicit_mnn"", ""canonical_components"": [""Клотримазол""], ""url"": null, ""parse_warnings"": []}]","[{""component"": ""Клотримазол"", ""source_count"": 2, ""sources"": [""asna"", ""vidal""]}, {""component"": ""Бетаметазон"", ""source_count"": 1, ""sources"": [""asna""]}, {""component"": ""Гентамицин"", ""source_count"": 1, ""sources"": [""asna""]}]","Клотримазол, Бетаметазон, Гентамицин","Клотримазол, Бетаметазон, Гентамицин",resolved_catalog,consensus,otc,unknown,False,False,,,unknown,unknown,"Клотримазол, Бетаметазон, Гентамицин",False,,,
26877,379,АКВАДЕТРИМ ТАБЛ. РАСТВОРИМ. 2000МЕ №60 | АКРИХИН ХФК АО | АКРИХИН ХФК АО,drug,,безрецептурный,Колекальциферол,otc,Колекальциферол,otc,,,Колекальциферол,rx,"[{""source"": ""uteka"", ""raw_mnn"": ""Колекальциферол"", ""field_type"": ""explicit_mnn"", ""canonical_components"": [""Колекальциферол""], ""url"": null, ""parse_warnings"": []}, {""source"": ""asna"", ""raw_mnn"": ""Колекальциферол"", ""field_type"": ""explicit_mnn"", ""canonical_components"": [""Колекальциферол""], ""url"": null, ""parse_warnings"": []}, {""source"": ""vidal"", ""raw_mnn"": ""Колекальциферол"", ""field_type"": ""explicit_mnn"", ""canonical_components"": [""Колекальциферол""], ""url"": null, ""parse_warnings"": []}]","[{""component"": ""Колекальциферол"", ""source_count"": 3, ""sources"": [""uteka"", ""asna"", ""vidal""]}]",Колекальциферол,Колекальциферол,resolved_catalog,consensus,otc,unknown,False,False,,,unknown,unknown,Колекальциферол,False,,,
