product_id,normalized_text,baseline_attr_mnn,input_explicit_mnn,input_explicit_mnn_confidence,identity_gate_status,previous_catalog_mnn,previous_enrichment_mnn,previous_enrichment_status,pass_action,new_enrichment_called,new_enrichment_status,retry_count,new_mnn_enriched,new_rx_otc_enriched,new_age_enriched,final_candidate_mnn,final_mnn_method,needs_human_review,evidence_urls,research_summary,raw_artifact_path,identity_enrichment_run_id,label_mnn,label_rx_otc,label_age,label_source_match,label_final_method,label_notes,final_rx_otc,final_age,final_rx_otc_method,final_rx_otc_stage,final_rx_otc_source,final_rx_otc_confidence,final_rx_otc_reason,final_age_method,final_age_stage,final_age_source,final_age_confidence,final_age_reason,sem_rx_otc,sem_age,catalog_rx_otc,catalog_age,previous_enrichment_rx_otc,previous_enrichment_age,identity_enrichment_rx_otc,identity_enrichment_age,rx_otc_candidates_json,age_candidates_json,label_rx_otc_notes,label_age_notes,needs_human_review_mnn,needs_human_review_rx_otc,needs_human_review_age,needs_human_review_any,review_priority,review_focus,audit_data_gaps,normalized_text_full_v4,product_identity_text_v4,enrichment_query_text_v4,enrichment_query_disambiguator_v4,brand_or_product_name_v4,dosage_form_v4,dosage_form_display_v4,dosage_form_raw_v4,strength_v4,pack_v4,volume_or_fill_v4,manufacturer_v4,manufacturer_short_v4,normalization_flags_v4,normalization_warnings_v4,manufacturer_dedup_count_v4,pack_dedup_count_v4,source_segment_count_v4,retained_segment_count_v4,safety_flags_v4,possible_brand_loss_v4,possible_form_loss_v4,possible_strength_loss_v4,possible_pack_loss_v4,manufacturer_conflict_v4,ambiguous_parse_v4,norm_v4_policy_version,norm_v4_1_policy_version,normalized_text_full_v4_1,product_identity_text_v4_1,enrichment_query_text_v4_1,enrichment_query_disambiguator_v4_1,enrichment_retrieval_text_v4_1,brand_or_product_name_v4_1,dosage_form_v4_1,dosage_form_display_v4_1,dosage_form_raw_v4_1,strength_v4_1,manufacturer_v4_1,manufacturer_short_v4_1,container_type_raw_v4_1,container_type_v4_1,unit_content_amount_v4_1,pack_unit_count_v4_1,pack_structure_raw_v4_1,pack_structure_v4_1,pack_parse_status_v4_1,pack_parse_warnings_v4_1,product_name_raw_v4_1,manufacturer_prefix_raw_v4_1,product_name_remainder_raw_v4_1,product_name_recovery_status_v4_1,product_name_recovery_warnings_v4_1,manufacturer_prefix_in_product_name_v4_1,product_name_variant_needs_policy_v4_1,flavor_or_extra_v4_1,normalization_flags_v4_1,normalization_warnings_v4_1,review_findings_v4_1,m5_0_label_norm_v4_identity_preserved,m5_0_label_norm_v4_query_appropriate,m5_0_label_norm_v4_manufacturer_correct,m5_0_label_norm_v4_notes,m5_1_resolution_status,m5_1_resolution_reason,possible_brand_loss_v4_1,possible_form_loss_v4_1,possible_strength_loss_v4_1,possible_pack_loss_v4_1,manufacturer_conflict_v4_1,ambiguous_parse_v4_1,query_contains_manufacturer_v4_1,role_assignment_ok_v4_1,query_gained_container_v4_1,query_gained_unit_amount_v4_1,query_gained_pack_count_v4_1,safety_flags_v4_1,label_norm_v4_identity_preserved,label_norm_v4_query_appropriate,label_norm_v4_manufacturer_correct,label_norm_v4_notes
8,ХАЙЛЕФЛОКС 500мг N5 таб. покрытые пленочной оболочкой Хайгланс Лабораториз Пвт.Лтд. | Хайгланс лабораториз пвт. Лтд | Хайгланс лабораториз пвт. Лтд | N5,Левофлоксацин,,none,resolved_catalog,Левофлоксацин,,,skip_catalog,FALSE,,0,,,,Левофлоксацин,catalog_consensus,FALSE,,pass_action=skip_catalog; catalog_consensus_retained,redesign/artifacts/mnn_identity_enrichment_pass_searxng_raw.jsonl,461,correct,correct,correct,,,,rx,взрослые,sem_baseline,sem1,sem_wave500_mnn_v3_report,medium,Sem v3 canonical attr contains RX/OTC=rx,sem_baseline,sem1,sem_wave500_mnn_v3_report,medium,Sem v3 canonical attr contains Age=взрослые,rx,взрослые,rx,,,,,,"[{""value"": ""rx"", ""method"": ""sem_baseline"", ""stage"": ""sem1"", ""source"": ""sem_wave500_mnn_v3_report"", ""confidence"": ""medium""}, {""value"": ""rx"", ""method"": ""catalog"", ""stage"": ""catalog_resolution"", ""source"": ""mnn_catalog_resolution_wave500_v3_identity_gate"", ""confidence"": ""medium""}]","[{""value"": ""взрослые"", ""method"": ""sem_baseline"", ""stage"": ""sem1"", ""source"": ""sem_wave500_mnn_v3_report"", ""confidence"": ""medium""}]",,,FALSE,FALSE,FALSE,FALSE,low,"[""mnn""]",previous enrichment RX/OTC absent; previous enrichment Age absent; catalog Age absent/unknown,"ХАЙЛЕФЛОКС; таблетки, покрытые пленочной оболочкой; 500 мг; N5; производитель: Хайгланс лабораториз пвт. Лтд",Хайлефлокс; таблетки; 500 мг; N5; Хайгланс лабораториз пвт. Лтд,Хайлефлокс таблетки 500 мг N5,Хайгланс лабораториз пвт. Лтд,Хайлефлокс,таблетки,"таблетки, покрытые пленочной оболочкой",таб.,500 мг,N5,,Хайгланс лабораториз пвт. Лтд,Хайгланс,pack_deduped|manufacturer_deduped,,2,1,4,5,,false,false,false,false,false,false,norm_v4_experiment_m5_0,norm_v4_1_offline_pack_and_retrieval_remediation,"Хайлефлокс; таблетки, покрытые пленочной оболочкой; 500 мг; N5; производитель: Хайгланс лабораториз пвт. Лтд",Хайлефлокс; таблетки; 500 мг; N5; Хайгланс лабораториз пвт. Лтд,Хайлефлокс таблетки 500 мг N5,Хайгланс лабораториз пвт. Лтд,"Хайлефлокс таблетки 500 мг N5, Хайгланс лабораториз пвт. Лтд",Хайлефлокс,таблетки,"таблетки, покрытые пленочной оболочкой",таб.,500 мг,Хайгланс лабораториз пвт. Лтд,Хайгланс,,unknown,,N5,N5,N5,parsed,,ХАЙЛЕФЛОКС 500мг таб. покрытые пленочной оболочкой Хайгланс Лабораториз Пвт.Лтд,,,not_applicable,,false,false,,,,"{""m5_0_identity"": ""yes"", ""m5_0_manufacturer"": ""yes"", ""m5_0_notes"": """", ""m5_0_query"": ""yes"", ""m5_1_resolution_reason"": ""M5.0 identity and query were accepted (yes); no labeled defect to remediate."", ""m5_1_resolution_status"": ""not_applicable""}",yes,yes,yes,,not_applicable,M5.0 identity and query were accepted (yes); no labeled defect to remediate.,false,false,false,false,false,false,false,true,false,false,false,,yes,yes,yes,
28,МЕРИФАТИН МВ 750мг N60 таб. с пролонгированным высвобождением Фармасинтез-Тюмень ООО | Фармасинтез-Тюмень ООО | Фармасинтез-Тюмень ООО | N60,Мерифатин,,none,resolved_catalog,Метформин,,,skip_catalog,FALSE,,0,,,,Метформин,catalog_consensus,FALSE,,pass_action=skip_catalog; catalog_consensus_retained,redesign/artifacts/mnn_identity_enrichment_pass_searxng_raw.jsonl,461,correct,correct,correct,,,,rx,взрослые,sem_baseline,sem1,sem_wave500_mnn_v3_report,medium,Sem v3 canonical attr contains RX/OTC=rx,sem_baseline,sem1,sem_wave500_mnn_v3_report,medium,Sem v3 canonical attr contains Age=взрослые,rx,взрослые,rx,,,,,,"[{""value"": ""rx"", ""method"": ""sem_baseline"", ""stage"": ""sem1"", ""source"": ""sem_wave500_mnn_v3_report"", ""confidence"": ""medium""}, {""value"": ""rx"", ""method"": ""catalog"", ""stage"": ""catalog_resolution"", ""source"": ""mnn_catalog_resolution_wave500_v3_identity_gate"", ""confidence"": ""medium""}]","[{""value"": ""взрослые"", ""method"": ""sem_baseline"", ""stage"": ""sem1"", ""source"": ""sem_wave500_mnn_v3_report"", ""confidence"": ""medium""}]",,,FALSE,FALSE,FALSE,FALSE,low,"[""mnn""]",previous enrichment RX/OTC absent; previous enrichment Age absent; catalog Age absent/unknown,"МЕРИФАТИН МВ; таблетки, с пролонгированным высвобождением; 750 мг; N60; производитель: Фармасинтез-Тюмень ООО",Мерифатин МВ; таблетки; 750 мг; N60; Фармасинтез-Тюмень ООО,Мерифатин МВ таблетки 750 мг N60,Фармасинтез-Тюмень ООО,Мерифатин МВ,таблетки,"таблетки, с пролонгированным высвобождением",таб.,750 мг,N60,,Фармасинтез-Тюмень ООО,Фармасинтез-Тюмень,pack_deduped|manufacturer_deduped,,2,1,4,5,,false,false,false,false,false,false,norm_v4_experiment_m5_0,norm_v4_1_offline_pack_and_retrieval_remediation,"Мерифатин МВ; таблетки, с пролонгированным высвобождением; 750 мг; N60; производитель: Фармасинтез-Тюмень ООО",Мерифатин МВ; таблетки; 750 мг; N60; Фармасинтез-Тюмень ООО,Мерифатин МВ таблетки 750 мг N60,Фармасинтез-Тюмень ООО,"Мерифатин МВ таблетки 750 мг N60, Фармасинтез-Тюмень ООО",Мерифатин МВ,таблетки,"таблетки, с пролонгированным высвобождением",таб.,750 мг,Фармасинтез-Тюмень ООО,Фармасинтез-Тюмень,,unknown,,N60,N60,N60,parsed,,МЕРИФАТИН МВ 750мг таб. с пролонгированным высвобождением Фармасинтез-Тюмень ООО,,,not_applicable,,false,false,,,,"{""m5_0_identity"": ""yes"", ""m5_0_manufacturer"": ""yes"", ""m5_0_notes"": """", ""m5_0_query"": ""yes"", ""m5_1_resolution_reason"": ""M5.0 identity and query were accepted (yes); no labeled defect to remediate."", ""m5_1_resolution_status"": ""not_applicable""}",yes,yes,yes,,not_applicable,M5.0 identity and query were accepted (yes); no labeled defect to remediate.,false,false,false,false,false,false,false,true,false,false,false,,yes,yes,yes,
34,МЕЛАДАПТ 3мг N10 таб. покрытые пленочной оболочкой Озон ООО | Озон ООО | Озон ООО | N10,,,none,unresolved_catalog,,,,new_enrichment,TRUE,ok,0,Мелатонин,otc,взрослые,Мелатонин,enrichment,FALSE,https://megapteka.ru/specials/guide_meladapt-instrukciya-po-4049 | https://www.rlsnet.ru/pharm-groups/obshhetoniziruyushhie-sredstva-i-adaptogeny-64 | https://aptekamos.ru/tovary/lekarstva/melatonin-2540/meladapt-tabletki-3mg-98709/instrukciya | https://www.rlsnet.ru/active-substance/melatonin-2159 | https://megapteka.ru/specials/guide_kogda-primenyat-melatonin-461 | https://megapteka.ru/specials/guide_melaksen-instrukciya-po-1020 | https://megapteka.ru/specials/guide_melaritm-instrukciya-po-6800 | https://megapteka.ru/specials/guide_melaritm-instrukciya-po-6800 | https://www.rlsnet.ru/drugs/meladapt-82375 | https://www.vidal.ru/drugs/meladapt | https://medvisor.ru/medicine/drug/meladapt-_76658/ | https://www.rlsnet.ru/drugs/meladapt-82375,"status=ok | Category=Drug | mnn=Мелатонин | RX_OTC=OTC | Age=Взрослый | Меладапт — это лекарственный препарат, зарегистрированный в ГРЛС, выпускается в форме таблеток, покрытых пленочной оболочкой, дозировкой 3 мг (источник: megapteka.ru). Действующее вещество — мелатонин (МНН) (источник: aptekamos.ru, rlsnet.ru). Препарат относится к группе…",redesign/artifacts/mnn_identity_enrichment_pass_searxng_raw.jsonl,461,correct,correct,correct,,,,otc,взрослые,identity_enrichment,mnn_identity_enrichment,mnn_identity_enrichment_pass_results,high,"identity enrichment run 461: status=ok, Category=Drug, RX/OTC=otc, evidence present; weaker sources differ: sem_baseline=rx",identity_enrichment,mnn_identity_enrichment,mnn_identity_enrichment_pass_results,high,"identity enrichment run 461: status=ok, Category=Drug, Age=взрослые, evidence present",rx,взрослые,,,,,otc,взрослые,"[{""value"": ""otc"", ""method"": ""identity_enrichment"", ""stage"": ""mnn_identity_enrichment"", ""source"": ""mnn_identity_enrichment_pass_results"", ""confidence"": ""high""}, {""value"": ""rx"", ""method"": ""sem_baseline"", ""stage"": ""sem1"", ""source"": ""sem_wave500_mnn_v3_report"", ""confidence"": ""medium""}]","[{""value"": ""взрослые"", ""method"": ""identity_enrichment"", ""stage"": ""mnn_identity_enrichment"", ""source"": ""mnn_identity_enrichment_pass_results"", ""confidence"": ""high""}, {""value"": ""взрослые"", ""method"": ""sem_baseline"", ""stage"": ""sem1"", ""source"": ""sem_wave500_mnn_v3_report"", ""confidence"": ""medium""}]",,,FALSE,FALSE,FALSE,FALSE,low,"[""source_match""]",previous enrichment RX/OTC absent; catalog RX/OTC absent/unknown; previous enrichment Age absent; catalog Age absent/unknown,"МЕЛАДАПТ; таблетки, покрытые пленочной оболочкой; 3 мг; N10; производитель: Озон ООО",Меладапт; таблетки; 3 мг; N10; Озон ООО,Меладапт таблетки 3 мг N10,Озон ООО,Меладапт,таблетки,"таблетки, покрытые пленочной оболочкой",таб.,3 мг,N10,,Озон ООО,Озон,pack_deduped|manufacturer_deduped,,2,1,4,5,,false,false,false,false,false,false,norm_v4_experiment_m5_0,norm_v4_1_offline_pack_and_retrieval_remediation,"Меладапт; таблетки, покрытые пленочной оболочкой; 3 мг; N10; производитель: Озон ООО",Меладапт; таблетки; 3 мг; N10; Озон ООО,Меладапт таблетки 3 мг N10,Озон ООО,"Меладапт таблетки 3 мг N10, Озон ООО",Меладапт,таблетки,"таблетки, покрытые пленочной оболочкой",таб.,3 мг,Озон ООО,Озон,,unknown,,N10,N10,N10,parsed,,МЕЛАДАПТ 3мг таб. покрытые пленочной оболочкой Озон ООО,,,not_applicable,,false,false,,,,"{""m5_0_identity"": ""yes"", ""m5_0_manufacturer"": ""yes"", ""m5_0_notes"": """", ""m5_0_query"": ""yes"", ""m5_1_resolution_reason"": ""M5.0 identity and query were accepted (yes); no labeled defect to remediate."", ""m5_1_resolution_status"": ""not_applicable""}",yes,yes,yes,,not_applicable,M5.0 identity and query were accepted (yes); no labeled defect to remediate.,false,false,false,false,false,false,false,true,false,false,false,,yes,yes,yes,
45,АКВИОН КОЖА ВОЛОСЫ НОГТИ таб. N60 ВТФ ООО | ВТФ ООО | ВТФ ООО | N60,,,none,unresolved_catalog,,,ok,new_enrichment,TRUE,ok,0,,unknown,универсальный,,unresolved_final,TRUE,https://medi.ru/instrukciya/endomeklin_28767/ | https://dsm.ru/upload/medialibrary/164/61vbxn9ib5bkrf0xyedyjx81a772rpca/DSM-Annual_report_2025_RU.pdf | https://chelovekilekarstvo.ru/wp-content/uploads/2025/04/e-tesisi_chil_2025.pdf | https://zdravcity.ru/p_pikovit-tab-p-o-n60-0005739.html | https://cdn1.tenchat.ru/static/vbc-gostinder/2024-04-01/f65efd72-9b00-4e73-a7cb-e45fd3898005.pdf | https://izvestiya.ggtu.ru/wp-content/uploads/2025/12/konferencziya-2.pdf | https://zdravcity.ru/p_revit-dr-n100-0045953.html | https://zdravcity.ru/p_pikovit-forte-tab-p-o-n30-0011198.html | https://dsm.ru/upload/medialibrary/164/61vbxn9ib5bkrf0xyedyjx81a772rpca/DSM-Annual_report_2025_RU.pdf | https://chelovekilekarstvo.ru/wp-content/uploads/2025/04/e-tesisi_chil_2025.pdf | https://izvestiya.ggtu.ru/wp-content/uploads/2025/12/konferencziya-2.pdf | https://cdn1.tenchat.ru/static/vbc-gostinder/2024-04-01/f65efd72-9b00-4e73-a7cb-e45fd3898005.pdf,"status=ok | Category=Other | RX_OTC=not applicable | Age=Универсальный | Поиск по запросу 'АКВИОН КОЖА ВОЛОСЫ НОГТИ' не дал прямых результатов. В найденных сниппетах упоминается 'Кожа, волосы и ногти Аквион' на страницах Здравсити (например, https://zdravcity.ru/p_pikovit-tab-p-o-n60-0005739.html и…",redesign/artifacts/mnn_identity_enrichment_pass_searxng_raw.jsonl,461,should_be_empty,,,,,BAS,not_applicable,not_applicable,not_applicable,mnn_identity_enrichment,mnn_identity_enrichment_pass_searxng_raw,high,identity enrichment run 461: Category=BAS/Other; RX/OTC not applicable,not_applicable,mnn_identity_enrichment,mnn_identity_enrichment_pass_searxng_raw,high,identity enrichment run 461: Category=BAS/Other; Age not applicable,otc,взрослые,,,,взрослые,,универсальный,"[{""value"": ""otc"", ""method"": ""sem_baseline"", ""stage"": ""sem1"", ""source"": ""sem_wave500_mnn_v3_report"", ""confidence"": ""medium""}]","[{""value"": ""универсальный"", ""method"": ""identity_enrichment"", ""stage"": ""mnn_identity_enrichment"", ""source"": ""mnn_identity_enrichment_pass_results"", ""confidence"": ""high""}, {""value"": ""взрослые"", ""method"": ""previous_enrichment"", ""stage"": ""previous_mnn_enrichment"", ""source"": ""mnn_catalog_resolution_wave500_v3"", ""confidence"": ""high""}, {""value"": ""взрослые"", ""method"": ""sem_baseline"", ""stage"": ""sem1"", ""source"": ""sem_wave500_mnn_v3_report"", ""confidence"": ""medium""}]",,,TRUE,FALSE,FALSE,TRUE,high,"[""mnn"", ""non_drug_status"", ""source_match""]",,АКВИОН КОЖА ВОЛОСЫ НОГТИ; таблетки; N60; производитель: ВТФ ООО,Аквион Кожа Волосы Ногти; таблетки; [missing_strength]; N60; ВТФ ООО,Аквион Кожа Волосы Ногти таблетки N60,ВТФ ООО,Аквион Кожа Волосы Ногти,таблетки,таблетки,таб.,,N60,,ВТФ ООО,ВТФ,pack_deduped|missing_strength|manufacturer_deduped,no strength token extracted,2,1,4,4,,false,false,false,false,false,false,norm_v4_experiment_m5_0,norm_v4_1_offline_pack_and_retrieval_remediation,Аквион Кожа Волосы Ногти; таблетки; N60; производитель: ВТФ ООО,Аквион Кожа Волосы Ногти; таблетки; N60; ВТФ ООО,Аквион Кожа Волосы Ногти таблетки N60,ВТФ ООО,"Аквион Кожа Волосы Ногти таблетки N60, ВТФ ООО",Аквион Кожа Волосы Ногти,таблетки,таблетки,таб.,,ВТФ ООО,ВТФ,,unknown,,N60,N60,N60,parsed,,АКВИОН КОЖА ВОЛОСЫ НОГТИ таб. ВТФ ООО,,,not_applicable,,false,false,,,,"{""m5_0_identity"": ""yes"", ""m5_0_manufacturer"": ""yes"", ""m5_0_notes"": """", ""m5_0_query"": ""yes"", ""m5_1_resolution_reason"": ""M5.0 identity and query were accepted (yes); no labeled defect to remediate."", ""m5_1_resolution_status"": ""not_applicable""}",yes,yes,yes,,not_applicable,M5.0 identity and query were accepted (yes); no labeled defect to remediate.,false,false,false,false,false,false,false,true,false,false,false,,yes,yes,yes,
54,ГЕПАРИН 5000ЕД/мл 5мл N5 р-р для в/в и п/к введения Армавирская биологическая фабрика фгуп | Армавирская биологическая фабрика фгуп | Армавирская биологическая фабрика фгуп | N5,Гепарин натрия,,none,resolved_enrichment,,Гепарин натрия,ok,reuse_existing_enrichment,FALSE,,0,,,,Гепарин натрия,enrichment,FALSE,,pass_action=reuse_existing_enrichment; identity_gate_already_used_enrichment,redesign/artifacts/mnn_identity_enrichment_pass_searxng_raw.jsonl,461,correct,correct,incorrect,,,возрастной сегмент - взрослый,rx,универсальный,previous_enrichment,previous_mnn_enrichment,mnn_catalog_resolution_wave500_v3,high,"reused prior enrichment: status=ok, validated RX/OTC=rx",previous_enrichment,previous_mnn_enrichment,mnn_catalog_resolution_wave500_v3,high,"reused prior enrichment: status=ok, validated Age=универсальный; weaker sources differ: sem_baseline=взрослые",rx,взрослые,,,rx,универсальный,,,"[{""value"": ""rx"", ""method"": ""previous_enrichment"", ""stage"": ""previous_mnn_enrichment"", ""source"": ""mnn_catalog_resolution_wave500_v3"", ""confidence"": ""high""}, {""value"": ""rx"", ""method"": ""sem_baseline"", ""stage"": ""sem1"", ""source"": ""sem_wave500_mnn_v3_report"", ""confidence"": ""medium""}]","[{""value"": ""универсальный"", ""method"": ""previous_enrichment"", ""stage"": ""previous_mnn_enrichment"", ""source"": ""mnn_catalog_resolution_wave500_v3"", ""confidence"": ""high""}, {""value"": ""взрослые"", ""method"": ""sem_baseline"", ""stage"": ""sem1"", ""source"": ""sem_wave500_mnn_v3_report"", ""confidence"": ""medium""}]",,,FALSE,FALSE,FALSE,FALSE,low,"[""mnn""]",catalog RX/OTC absent/unknown; catalog Age absent/unknown,"ГЕПАРИН; раствор, для инъекций; 5000 ЕД/мл; 5 мл; N5; производитель: Армавирская биологическая фабрика фгуп",Гепарин; раствор; 5000 ЕД/мл; N5; Армавирская биологическая фабрика фгуп,Гепарин раствор 5000 ЕД/мл N5,Армавирская биологическая фабрика фгуп,Гепарин,раствор,"раствор, для инъекций",р-р,5000 ЕД/мл,N5,5 мл,Армавирская биологическая фабрика фгуп,Армавирская,pack_deduped|manufacturer_deduped,,2,1,4,5,,false,false,false,false,false,false,norm_v4_experiment_m5_0,norm_v4_1_offline_pack_and_retrieval_remediation,"Гепарин; раствор, для инъекций; 5000 ЕД/мл; 5 мл, N5; производитель: Армавирская биологическая фабрика фгуп","Гепарин; раствор; 5000 ЕД/мл; 5 мл, N5; Армавирская биологическая фабрика фгуп",Гепарин раствор 5000 ЕД/мл 5 мл N5,Армавирская биологическая фабрика фгуп,"Гепарин раствор 5000 ЕД/мл 5 мл N5, Армавирская биологическая фабрика фгуп",Гепарин,раствор,"раствор, для инъекций",р-р,5000 ЕД/мл,Армавирская биологическая фабрика фгуп,Армавирская,,unknown,5 мл,N5,5мл N5,"5 мл, N5",parsed,,ГЕПАРИН 5000ЕД/мл р-р для в/в и п/к введения Армавирская биологическая фабрика фгуп,,,not_applicable,,false,false,,query_gained_unit_amount,,"{""m5_0_identity"": ""no"", ""m5_0_manufacturer"": ""yes"", ""m5_0_notes"": ""severity=major; reason=unit_volume_and_container_lost; source_pack=\""амп. 5 мл N5\""; actual_pack=\""N5\""; expected=\""амп. 5 мл N5\""; action=\""add_container_and_unit_content_fields\"""", ""m5_0_query"": ""no"", ""m5_1_resolution_reason"": ""Restored unit volume 5 мл and N5 in query/retrieval; kept 5000 ЕД/мл as strength. Source has no амп./ампула marker, so container stays unknown (not inferred). Reviewer note source_pack=амп. 5 мл N5 does not match actual source."", ""m5_1_resolution_status"": ""partially_resolved""}",no,no,yes,"severity=major; reason=unit_volume_and_container_lost; source_pack=""амп. 5 мл N5""; actual_pack=""N5""; expected=""амп. 5 мл N5""; action=""add_container_and_unit_content_fields""",partially_resolved,"Restored unit volume 5 мл and N5 in query/retrieval; kept 5000 ЕД/мл as strength. Source has no амп./ампула marker, so container stays unknown (not inferred). Reviewer note source_pack=амп. 5 мл N5 does not match actual source.",false,false,false,false,false,false,false,true,false,true,false,,no,no,yes,"severity=major; reason=unit_volume_and_container_lost; source_pack=""амп. 5 мл N5""; actual_pack=""N5""; expected=""амп. 5 мл N5""; action=""add_container_and_unit_content_fields"""
56,РИТОФЛЕКС МСМ таб. N60 Фармацевтическая Фабрика ООО | Фармацевтическая фабрика ООО | Фармацевтическая фабрика ООО | N60,,,none,unresolved_catalog,,,,new_enrichment,TRUE,ok,0,,unknown,взрослые,,unresolved_final,TRUE,https://apteka.ru/product/erzig-ritofleks-msm-60-sht-tabletki-massoj-13-g-6881ca52930d4277140351ba/instructions/ | https://apteka.ru/product/erzig-ritofleks-msm-60-sht-tabletki-massoj-13-g-6881ca52930d4277140351ba/instructions/ | https://erzig.ru/catalog/zdorove-sustavov/ritofleks-msm/ | https://erzig.ru/catalog/zdorove-sustavov/ritofleks/ | https://s-zdorovie.ru/catalog/bady/dlya-sustavov/ritofleks_msm__glyukozamin_500mg_hondroitin_400mg_msm__tab__1300mg__60/ | https://erzig.ru/catalog/zdorove-sustavov/ritofleks-msm/ | https://erzig.ru/catalog/zdorove-sustavov/ritofleks/ | https://planetazdorovo.ru/sanktpeterburg/catalog/lekarstva-i-bad/sustavy-i-myshtsy/khondroprotektory/erzig-ritofleks-msm-tab-60-sht-24591111/ | https://s-zdorovie.ru/catalog/bady/dlya-sustavov/ritofleks_msm__glyukozamin_500mg_hondroitin_400mg_msm__tab__1300mg__60/ | https://erzig.ru/catalog/zdorove-sustavov/ritofleks-msm/ | https://s-zdorovie.ru/catalog/bady/dlya-sustavov/ritofleks_msm__glyukozamin_500mg_hondroitin_400mg_msm__tab__1300mg__60/ | https://planetazdorovo.ru/catalog/lekarstva-i-bad/sustavy-i-myshtsy/khondroprotektory/ritofleks-glyukozamin-500hondro-13999511/,"status=ok | Category=BAS | RX_OTC=not applicable | Age=Взрослый | РИТОФЛЕКС МСМ является биологически активной добавкой (БАД) к пище, а не лекарственным средством. Согласно инструкции, его принимают взрослые по 1 таблетке 2 раза в день во время еды. Состав включает хондроитин, глюкозамин, гиалуроновую кислоту и МСМ (метилсульфонилметан).…",redesign/artifacts/mnn_identity_enrichment_pass_searxng_raw.jsonl,461,should_be_empty,,,,,BAS,not_applicable,not_applicable,not_applicable,mnn_identity_enrichment,mnn_identity_enrichment_pass_searxng_raw,high,identity enrichment run 461: Category=BAS/Other; RX/OTC not applicable,not_applicable,mnn_identity_enrichment,mnn_identity_enrichment_pass_searxng_raw,high,identity enrichment run 461: Category=BAS/Other; Age not applicable,,,,,,,,взрослые,[],"[{""value"": ""взрослые"", ""method"": ""identity_enrichment"", ""stage"": ""mnn_identity_enrichment"", ""source"": ""mnn_identity_enrichment_pass_results"", ""confidence"": ""high""}]",,,TRUE,FALSE,FALSE,TRUE,high,"[""mnn"", ""non_drug_status"", ""source_match""]",,РИТОФЛЕКС МСМ; таблетки; N60; производитель: Фармацевтическая фабрика ООО,Ритофлекс МСМ; таблетки; [missing_strength]; N60; Фармацевтическая фабрика ООО,Ритофлекс МСМ таблетки N60,Фармацевтическая фабрика ООО,Ритофлекс МСМ,таблетки,таблетки,таб.,,N60,,Фармацевтическая фабрика ООО,Фармацевтическая,pack_deduped|missing_strength|manufacturer_deduped,no strength token extracted,2,1,4,4,,false,false,false,false,false,false,norm_v4_experiment_m5_0,norm_v4_1_offline_pack_and_retrieval_remediation,Ритофлекс МСМ; таблетки; N60; производитель: Фармацевтическая фабрика ООО,Ритофлекс МСМ; таблетки; N60; Фармацевтическая фабрика ООО,Ритофлекс МСМ таблетки N60,Фармацевтическая фабрика ООО,"Ритофлекс МСМ таблетки N60, Фармацевтическая фабрика ООО",Ритофлекс МСМ,таблетки,таблетки,таб.,,Фармацевтическая фабрика ООО,Фармацевтическая,,unknown,,N60,N60,N60,parsed,,РИТОФЛЕКС МСМ таб. Фармацевтическая Фабрика ООО,,,not_applicable,,false,false,,,,"{""m5_0_identity"": ""yes"", ""m5_0_manufacturer"": ""yes"", ""m5_0_notes"": """", ""m5_0_query"": ""yes"", ""m5_1_resolution_reason"": ""M5.0 identity and query were accepted (yes); no labeled defect to remediate."", ""m5_1_resolution_status"": ""not_applicable""}",yes,yes,yes,,not_applicable,M5.0 identity and query were accepted (yes); no labeled defect to remediate.,false,false,false,false,false,false,false,true,false,false,false,,yes,yes,yes,
68,ЭПЛЕРЕНОН-ТЕВА 25мг N30 таб. покрытые пленочной оболочкой Тева фармасьютикал воркс прайвэт Лимитед Компани | Тева фармасьютикал воркс прайвэт Лимитед Компани | Тева фармасьютикал воркс прайвэт Лимитед Компани | N30,Эплеренон,,none,resolved_catalog,Эплеренон,,,skip_catalog,FALSE,,0,,,,Эплеренон,catalog_consensus,FALSE,,pass_action=skip_catalog; catalog_consensus_retained,redesign/artifacts/mnn_identity_enrichment_pass_searxng_raw.jsonl,461,correct,correct,correct,,,,rx,взрослые,sem_baseline,sem1,sem_wave500_mnn_v3_report,medium,Sem v3 canonical attr contains RX/OTC=rx,sem_baseline,sem1,sem_wave500_mnn_v3_report,medium,Sem v3 canonical attr contains Age=взрослые,rx,взрослые,rx,,,,,,"[{""value"": ""rx"", ""method"": ""sem_baseline"", ""stage"": ""sem1"", ""source"": ""sem_wave500_mnn_v3_report"", ""confidence"": ""medium""}, {""value"": ""rx"", ""method"": ""catalog"", ""stage"": ""catalog_resolution"", ""source"": ""mnn_catalog_resolution_wave500_v3_identity_gate"", ""confidence"": ""medium""}]","[{""value"": ""взрослые"", ""method"": ""sem_baseline"", ""stage"": ""sem1"", ""source"": ""sem_wave500_mnn_v3_report"", ""confidence"": ""medium""}]",,,FALSE,FALSE,FALSE,FALSE,low,"[""mnn""]",previous enrichment RX/OTC absent; previous enrichment Age absent; catalog Age absent/unknown,"ЭПЛЕРЕНОН-ТЕВА; таблетки, покрытые пленочной оболочкой; 25 мг; N30; производитель: Тева фармасьютикал воркс прайвэт Лимитед Компани",Эплеренон-Тева; таблетки; 25 мг; N30; Тева фармасьютикал воркс прайвэт Лимитед Компани,Эплеренон-Тева таблетки 25 мг N30,Тева фармасьютикал воркс прайвэт Лимитед Компани,Эплеренон-Тева,таблетки,"таблетки, покрытые пленочной оболочкой",таб.,25 мг,N30,,Тева фармасьютикал воркс прайвэт Лимитед Компани,Тева,pack_deduped|manufacturer_deduped,,2,1,4,5,,false,false,false,false,false,false,norm_v4_experiment_m5_0,norm_v4_1_offline_pack_and_retrieval_remediation,"Эплеренон-Тева; таблетки, покрытые пленочной оболочкой; 25 мг; N30; производитель: Тева фармасьютикал воркс прайвэт Лимитед Компани",Эплеренон-Тева; таблетки; 25 мг; N30; Тева фармасьютикал воркс прайвэт Лимитед Компани,Эплеренон-Тева таблетки 25 мг N30,Тева фармасьютикал воркс прайвэт Лимитед Компани,"Эплеренон-Тева таблетки 25 мг N30, Тева фармасьютикал воркс прайвэт Лимитед Компани",Эплеренон-Тева,таблетки,"таблетки, покрытые пленочной оболочкой",таб.,25 мг,Тева фармасьютикал воркс прайвэт Лимитед Компани,Тева,,unknown,,N30,N30,N30,parsed,,ЭПЛЕРЕНОН-ТЕВА 25мг таб. покрытые пленочной оболочкой Тева фармасьютикал воркс прайвэт Лимитед Компани,,,not_applicable,,false,false,,,,"{""m5_0_identity"": ""yes"", ""m5_0_manufacturer"": ""yes"", ""m5_0_notes"": """", ""m5_0_query"": ""yes"", ""m5_1_resolution_reason"": ""M5.0 identity and query were accepted (yes); no labeled defect to remediate."", ""m5_1_resolution_status"": ""not_applicable""}",yes,yes,yes,,not_applicable,M5.0 identity and query were accepted (yes); no labeled defect to remediate.,false,false,false,false,false,false,false,true,false,false,false,,yes,yes,yes,
70,РОЗУВАСТАТИН-ТЕВА 20мг N90 таб. покрытые пленочной оболочкой Р-Фарм Новосёлки | Р-Фарм новосёлки ООО | Р-Фарм новосёлки ООО | N90,Розувастатин,Розувастатин,high,resolved_input_explicit,,,,skip_strong_input_mnn,FALSE,,0,,,,Розувастатин,input_explicit_mnn,FALSE,,pass_action=skip_strong_input_mnn; strong_input_explicit_accepted,redesign/artifacts/mnn_identity_enrichment_pass_searxng_raw.jsonl,461,correct,correct,correct,,,,rx,взрослые,sem_baseline,sem1,sem_wave500_mnn_v3_report,medium,Sem v3 canonical attr contains RX/OTC=rx,sem_baseline,sem1,sem_wave500_mnn_v3_report,medium,Sem v3 canonical attr contains Age=взрослые,rx,взрослые,,,,,,,"[{""value"": ""rx"", ""method"": ""sem_baseline"", ""stage"": ""sem1"", ""source"": ""sem_wave500_mnn_v3_report"", ""confidence"": ""medium""}]","[{""value"": ""взрослые"", ""method"": ""sem_baseline"", ""stage"": ""sem1"", ""source"": ""sem_wave500_mnn_v3_report"", ""confidence"": ""medium""}]",,,FALSE,FALSE,FALSE,FALSE,low,"[""mnn""]",previous enrichment RX/OTC absent; catalog RX/OTC absent/unknown; previous enrichment Age absent; catalog Age absent/unknown,"РОЗУВАСТАТИН-ТЕВА; таблетки, покрытые пленочной оболочкой; 20 мг; N90; производитель: Р-Фарм новосёлки ООО",Розувастатин-Тева; таблетки; 20 мг; N90; Р-Фарм новосёлки ООО,Розувастатин-Тева таблетки 20 мг N90,Р-Фарм новосёлки ООО,Розувастатин-Тева,таблетки,"таблетки, покрытые пленочной оболочкой",таб.,20 мг,N90,,Р-Фарм новосёлки ООО,Р-Фарм,pack_deduped|manufacturer_deduped,,2,1,4,5,,false,false,false,false,false,false,norm_v4_experiment_m5_0,norm_v4_1_offline_pack_and_retrieval_remediation,"Розувастатин-Тева; таблетки, покрытые пленочной оболочкой; 20 мг; N90; производитель: Р-Фарм новосёлки ООО",Розувастатин-Тева; таблетки; 20 мг; N90; Р-Фарм новосёлки ООО,Розувастатин-Тева таблетки 20 мг N90,Р-Фарм новосёлки ООО,"Розувастатин-Тева таблетки 20 мг N90, Р-Фарм новосёлки ООО",Розувастатин-Тева,таблетки,"таблетки, покрытые пленочной оболочкой",таб.,20 мг,Р-Фарм новосёлки ООО,Р-Фарм,,unknown,,N90,N90,N90,parsed,,РОЗУВАСТАТИН-ТЕВА 20мг таб. покрытые пленочной оболочкой Р-Фарм Новосёлки,,,not_applicable,,false,false,,,,"{""m5_0_identity"": ""yes"", ""m5_0_manufacturer"": ""yes"", ""m5_0_notes"": """", ""m5_0_query"": ""yes"", ""m5_1_resolution_reason"": ""M5.0 identity and query were accepted (yes); no labeled defect to remediate."", ""m5_1_resolution_status"": ""not_applicable""}",yes,yes,yes,,not_applicable,M5.0 identity and query were accepted (yes); no labeled defect to remediate.,false,false,false,false,false,false,false,true,false,false,false,,yes,yes,yes,
72,ФАРИНГАЛ таб. 650мг N10 Салута-М | Салута-М ООО | Салута-М ООО | N10,,,none,unresolved_catalog,,,ok,new_enrichment,TRUE,ok_partial,2,,unknown,универсальный,,unresolved_final,TRUE,https://grls.rosminzdrav.ru/ | https://www.webapteka.ru/drugbase/name11423.html | https://www.rlsnet.ru/baa/faringal-10921 | https://grls.rosminzdrav.ru/ | https://zhurnal-vokls.ru/wp-content/uploads/2025/10/49ru_all_ok.pdf | https://minzdrav.gov.ru/opendata/7707778246-grls/visual | https://grls.pharm-portal.ru/grls?pageSize=100&sort%5Breg_date%5D=desc | https://grls.pharm-portal.ru/grls?sort%5Bholder%5D=desc | https://minzdrav.gov.ru/search?q=grls | https://farmsovety.ru/blog/retsepturnye-i-bezretsepturnye-preparaty/ | https://grls.pharm-portal.ru/grls | https://pharmznanie.ru/article/instrukcia-dla-farmacevta-kak-bystro-iskat-dostovernuu-informaciu-o-lekarstvah,"status=ok_partial | Category=Drug | RX_OTC=not applicable | Age=Универсальный | По данным поиска, Фарингал упоминается в контексте лекарственных средств, но точная информация о МНН, рецептурности и возрастных ограничениях отсутствует. В результатах есть ссылки на инструкцию на webapteka.ru и rlsnet.ru, но содержимое не раскрывает этих деталей. Также…",redesign/artifacts/mnn_identity_enrichment_pass_searxng_raw.jsonl,461,should_be_empty,,,,,BAS,otc,универсальный,sem_baseline,sem1,sem_wave500_mnn_v3_report,medium,Sem v3 canonical attr contains RX/OTC=otc,previous_enrichment,previous_mnn_enrichment,mnn_catalog_resolution_wave500_v3,high,"reused prior enrichment: status=ok, validated Age=универсальный",otc,,,,,универсальный,,универсальный,"[{""value"": ""otc"", ""method"": ""sem_baseline"", ""stage"": ""sem1"", ""source"": ""sem_wave500_mnn_v3_report"", ""confidence"": ""medium""}]","[{""value"": ""универсальный"", ""method"": ""identity_enrichment"", ""stage"": ""mnn_identity_enrichment"", ""source"": ""mnn_identity_enrichment_pass_results"", ""confidence"": ""high""}, {""value"": ""универсальный"", ""method"": ""previous_enrichment"", ""stage"": ""previous_mnn_enrichment"", ""source"": ""mnn_catalog_resolution_wave500_v3"", ""confidence"": ""high""}]",,,TRUE,FALSE,FALSE,TRUE,high,"[""mnn"", ""source_match""]",previous enrichment RX/OTC absent; catalog RX/OTC absent/unknown; Sem Age absent; catalog Age absent/unknown,ФАРИНГАЛ; таблетки; 650 мг; N10; производитель: Салута-М ООО,Фарингал; таблетки; 650 мг; N10; Салута-М ООО,Фарингал таблетки 650 мг N10,Салута-М ООО,Фарингал,таблетки,таблетки,таб.,650 мг,N10,,Салута-М ООО,Салута-М,pack_deduped|manufacturer_deduped,,2,1,4,5,,false,false,false,false,false,false,norm_v4_experiment_m5_0,norm_v4_1_offline_pack_and_retrieval_remediation,Фарингал; таблетки; 650 мг; N10; производитель: Салута-М ООО,Фарингал; таблетки; 650 мг; N10; Салута-М ООО,Фарингал таблетки 650 мг N10,Салута-М ООО,"Фарингал таблетки 650 мг N10, Салута-М ООО",Фарингал,таблетки,таблетки,таб.,650 мг,Салута-М ООО,Салута-М,,unknown,,N10,N10,N10,parsed,,ФАРИНГАЛ таб. 650мг Салута-М,,,not_applicable,,false,false,,,,"{""m5_0_identity"": ""yes"", ""m5_0_manufacturer"": ""yes"", ""m5_0_notes"": """", ""m5_0_query"": ""yes"", ""m5_1_resolution_reason"": ""M5.0 identity and query were accepted (yes); no labeled defect to remediate."", ""m5_1_resolution_status"": ""not_applicable""}",yes,yes,yes,,not_applicable,M5.0 identity and query were accepted (yes); no labeled defect to remediate.,false,false,false,false,false,false,false,true,false,false,false,,yes,yes,yes,
73,ГАСТРАСАН ЭКСПРЕСС 680мг+80мг N12 таб. жевательные Апельсин ЮжФарм ООО | ЮжФарм ООО | ЮжФарм ООО | N12,,,none,unresolved_catalog,,,,new_enrichment,TRUE,ok,0,"Кальция карбонат, Магния карбонат",otc,универсальный,"Кальция карбонат, Магния карбонат",enrichment,FALSE,https://megapteka.ru/specials/guide_renimag-instrukciya-po-7021 | https://www.webapteka.ru/drugbase/name72899.html | https://medum.ru/gastrasan-ehkspress | https://megapteka.ru/specials/guide_renimag-instrukciya-po-7021 | https://medum.ru/gastrasan-ehkspress | https://medvisor.ru/medicine/drug/gastrasan-ekspress_77200/ | https://www.lsgeotar.ru/ru/gastrasan-express-55845.html | https://medi.ru/instrukciya/gastrasan-ekspress_26342/ | https://www.webapteka.ru/drugbase/name72899.html | https://www.rlsnet.ru/drugs/gastrasan-ekspress-85461 | https://www.vidal.ru/drugs/gastrasan-express | https://megapteka.ru/specials/guide_gastal-instrukciya-po-2474,"status=ok | Category=Drug | mnn=Кальция карбонат, Магния карбонат | RX_OTC=OTC | Age=Универсальный | Гастрасан Экспресс зарегистрирован в ГРЛС как лекарственное средство с МНН Кальция карбонат+Магния карбонат (источник: pharmcontrol.ru, zdravmedinform.ru). Препарат содержит антацидные вещества - кальция карбонат и магния карбонат, которые нейтрализуют избыточную соляную…",redesign/artifacts/mnn_identity_enrichment_pass_searxng_raw.jsonl,461,correct,correct,correct,,,,otc,универсальный,identity_enrichment,mnn_identity_enrichment,mnn_identity_enrichment_pass_results,high,"identity enrichment run 461: status=ok, Category=Drug, RX/OTC=otc, evidence present",identity_enrichment,mnn_identity_enrichment,mnn_identity_enrichment_pass_results,high,"identity enrichment run 461: status=ok, Category=Drug, Age=универсальный, evidence present; weaker sources differ: sem_baseline=взрослые",otc,взрослые,,,,,otc,универсальный,"[{""value"": ""otc"", ""method"": ""identity_enrichment"", ""stage"": ""mnn_identity_enrichment"", ""source"": ""mnn_identity_enrichment_pass_results"", ""confidence"": ""high""}, {""value"": ""otc"", ""method"": ""sem_baseline"", ""stage"": ""sem1"", ""source"": ""sem_wave500_mnn_v3_report"", ""confidence"": ""medium""}]","[{""value"": ""универсальный"", ""method"": ""identity_enrichment"", ""stage"": ""mnn_identity_enrichment"", ""source"": ""mnn_identity_enrichment_pass_results"", ""confidence"": ""high""}, {""value"": ""взрослые"", ""method"": ""sem_baseline"", ""stage"": ""sem1"", ""source"": ""sem_wave500_mnn_v3_report"", ""confidence"": ""medium""}]",,,FALSE,FALSE,FALSE,FALSE,low,"[""source_match""]",previous enrichment RX/OTC absent; catalog RX/OTC absent/unknown; previous enrichment Age absent; catalog Age absent/unknown,"ГАСТРАСАН ЭКСПРЕСС; таблетки, жевательные; 680 мг + 80 мг; N12; Апельсин; производитель: ЮжФарм ООО",Гастрасан Экспресс; таблетки; 680 мг + 80 мг; N12; ЮжФарм ООО,Гастрасан Экспресс таблетки 680 мг + 80 мг N12,ЮжФарм ООО,Гастрасан Экспресс,таблетки,"таблетки, жевательные",таб.,680 мг + 80 мг,N12,,ЮжФарм ООО,ЮжФарм,pack_deduped|multi_component_strength|manufacturer_deduped,,2,1,4,5,,false,false,false,false,false,false,norm_v4_experiment_m5_0,norm_v4_1_offline_pack_and_retrieval_remediation,"Гастрасан Экспресс; таблетки, жевательные; 680 мг + 80 мг; N12; Апельсин; производитель: ЮжФарм ООО",Гастрасан Экспресс; таблетки; 680 мг + 80 мг; N12; ЮжФарм ООО,Гастрасан Экспресс таблетки 680 мг + 80 мг N12 Апельсин,ЮжФарм ООО,"Гастрасан Экспресс таблетки 680 мг + 80 мг N12 Апельсин, ЮжФарм ООО",Гастрасан Экспресс,таблетки,"таблетки, жевательные",таб.,680 мг + 80 мг,ЮжФарм ООО,ЮжФарм,,unknown,,N12,N12,N12,parsed,,ГАСТРАСАН ЭКСПРЕСС 680мг+80мг таб. жевательные Апельсин ЮжФарм ООО,,,not_applicable,,false,false,Апельсин,,,"{""m5_0_identity"": ""yes"", ""m5_0_manufacturer"": ""yes"", ""m5_0_notes"": """", ""m5_0_query"": ""yes"", ""m5_1_resolution_reason"": ""M5.0 identity and query were accepted (yes); no labeled defect to remediate."", ""m5_1_resolution_status"": ""not_applicable""}",yes,yes,yes,,not_applicable,M5.0 identity and query were accepted (yes); no labeled defect to remediate.,false,false,false,false,false,false,false,true,false,false,false,,yes,yes,yes,
75,САМБУКУС БУЗИНА ИММУНИТЕТ таб. массой 700мг N30 Грин сайд ООО | Грин Сайд ООО | Грин Сайд ООО | N30,,,none,unresolved_catalog,,,ok,new_enrichment,TRUE,ok,0,,unknown,универсальный,,unresolved_final,TRUE,https://aptekamos.ru/tovary/bad/sambukus-buzina-immunitet-16707/sambukus-buzina-immunitet-sirop-greenside-150ml-108621/instrukciya | https://apteka.ru/product/green-side-sambukus-buzina-immunitet-sirop-150ml-61c46cf973341e2e5c7a457e/instructions/ | https://www.pmedpharm.ru/upload/iblock/f8a/ubwjtt2fq72dzdxha1epo1xlt41rlhqy/D1_81_D0_B1_D0_BE_D1_80_D0_BD_D0_B8_D0_BA_76_2021_D0_A1_D0_B0_D0_B9_D1_82_compressed.pdf | https://zdravcity.ru/p_orvis-rino-kapli-dlja-priema-vnutr-fl-100ml-0097284.html | https://www.pharmindex.ru/pdf/pharmindex_481.pdf | https://izvestiya.ggtu.ru/wp-content/uploads/2025/12/konferencziya-2.pdf | https://www.med-sovet.pro/jour/oai?verb=ListRecords&metadataPrefix=oai_dc&set=driver | https://zdravcity.ru/p_orvis-rino-kapli-dlja-priema-vnutr-fl-100ml-0097284.html | https://www.pmedpharm.ru/upload/iblock/f8a/ubwjtt2fq72dzdxha1epo1xlt41rlhqy/D1_81_D0_B1_D0_BE_D1_80_D0_BD_D0_B8_D0_BA_76_2021_D0_A1_D0_B0_D0_B9_D1_82_compressed.pdf | https://izvestiya.ggtu.ru/wp-content/uploads/2025/12/konferencziya-2.pdf | https://www.pmedpharm.ru/upload/iblock/e1b/oapjnh7davohcdoiqr6f2ipob9ht94az/D1_81_D0_B1_D0_BE_D1_80_D0_BD_D0_B8_D0_BA_77_2022.pdf | https://zdravcity.ru/p_sambukus-buzina-immunitet-bez-sahara-green-side-grin-sajd-tabletki-700mg-30sht-0185008.html,"status=ok | Category=BAS | RX_OTC=not applicable | Age=Универсальный | Согласно найденным данным, продукт 'Самбукус Бузина Иммунитет' является биологически активной добавкой (БАД), а не лекарственным средством. В составе указаны экстракт плодов бузины черной, мед, экстракт эхинацеи, витамин C и цинк (источник: aptekamos.ru). На сайте Здравсити…",redesign/artifacts/mnn_identity_enrichment_pass_searxng_raw.jsonl,461,should_be_empty,,,,,BAS,not_applicable,not_applicable,not_applicable,mnn_identity_enrichment,mnn_identity_enrichment_pass_searxng_raw,high,identity enrichment run 461: Category=BAS/Other; RX/OTC not applicable,not_applicable,mnn_identity_enrichment,mnn_identity_enrichment_pass_searxng_raw,high,identity enrichment run 461: Category=BAS/Other; Age not applicable,otc,,,,,универсальный,,универсальный,"[{""value"": ""otc"", ""method"": ""sem_baseline"", ""stage"": ""sem1"", ""source"": ""sem_wave500_mnn_v3_report"", ""confidence"": ""medium""}]","[{""value"": ""универсальный"", ""method"": ""identity_enrichment"", ""stage"": ""mnn_identity_enrichment"", ""source"": ""mnn_identity_enrichment_pass_results"", ""confidence"": ""high""}, {""value"": ""универсальный"", ""method"": ""previous_enrichment"", ""stage"": ""previous_mnn_enrichment"", ""source"": ""mnn_catalog_resolution_wave500_v3"", ""confidence"": ""high""}]",,,TRUE,FALSE,FALSE,TRUE,high,"[""mnn"", ""non_drug_status"", ""source_match""]",,САМБУКУС БУЗИНА ИММУНИТЕТ; таблетки; 700 мг; N30; производитель: Грин Сайд ООО,Самбукус Бузина Иммунитет; таблетки; 700 мг; N30; Грин Сайд ООО,Самбукус Бузина Иммунитет таблетки 700 мг N30,Грин Сайд ООО,Самбукус Бузина Иммунитет,таблетки,таблетки,таб.,700 мг,N30,,Грин Сайд ООО,Грин,pack_deduped|manufacturer_deduped,,2,1,4,5,,false,false,false,false,false,false,norm_v4_experiment_m5_0,norm_v4_1_offline_pack_and_retrieval_remediation,Самбукус Бузина Иммунитет; таблетки; 700 мг; N30; производитель: Грин Сайд ООО,Самбукус Бузина Иммунитет; таблетки; 700 мг; N30; Грин Сайд ООО,Самбукус Бузина Иммунитет таблетки 700 мг N30,Грин Сайд ООО,"Самбукус Бузина Иммунитет таблетки 700 мг N30, Грин Сайд ООО",Самбукус Бузина Иммунитет,таблетки,таблетки,таб.,700 мг,Грин Сайд ООО,Грин,,unknown,,N30,N30,N30,parsed,,САМБУКУС БУЗИНА ИММУНИТЕТ таб. массой 700мг Грин сайд ООО,,,not_applicable,,false,false,,,,"{""m5_0_identity"": ""yes"", ""m5_0_manufacturer"": ""yes"", ""m5_0_notes"": """", ""m5_0_query"": ""yes"", ""m5_1_resolution_reason"": ""M5.0 identity and query were accepted (yes); no labeled defect to remediate."", ""m5_1_resolution_status"": ""not_applicable""}",yes,yes,yes,,not_applicable,M5.0 identity and query were accepted (yes); no labeled defect to remediate.,false,false,false,false,false,false,false,true,false,false,false,,yes,yes,yes,
88,ГЕСПЕРИДИН+ДИОСМИН 100мг+900мг N30 таб. покрытые пленочной оболочкой Алиум АО | Алиум АО | Алиум АО | N30,Диосмин+Гесперидин,Гесперидин,low,unresolved_catalog,,,,new_enrichment,TRUE,ok,0,"Гесперидин, Диосмин",otc,универсальный,"Гесперидин, Диосмин",enrichment,FALSE,https://www.rlsnet.ru/active-substance/gesperidin-diosmin-518 | https://megapteka.ru/specials/guide_gesperidin-diosmin-instrukciya-po-4379 | https://medi.ru/instrukciya/diosmin-gesperidin-verteks_19523/ | https://aptekamos.ru/tovary/lekarstva/gesperidin-diosmin-14901/diosperidin-tabletki-50mg-450mg-106298/instrukciya | https://www.vidal.ru/drugs/molecule/496 | https://megapteka.ru/specials/guide_angiorus-instrukciya-po-2691 | https://megapteka.ru/specials/guide_venozol-instrukciya-po-7166 | https://megapteka.ru/specials/guide_flebaven-instrukciya-po-6020 | https://velpharm.group/catalog/dioridinvel/ | https://zdravcity.ru/p_gesperedin-diosmin-tabletki-p-o-plen-100mg-900mg-30sht-0184812.html | https://medum.ru/gesperidin-diosmin-mnn | https://zdravcity.ru/p_diosmin-gesperidin-verteks-tab-p-o-pljon-500mg-n30-0119927.html,"status=ok | Category=Drug | mnn=Гесперидин, Диосмин | RX_OTC=OTC | Age=Универсальный | Препарат Гесперидин+Диосмин является лекарственным средством (ангиопротекторным и венотонизирующим). Действующие вещества: гесперидин и диосмин (МНН). Согласно данным с сайта ЗдравСити, препарат отпускается без рецепта. Инструкция по применению доступна на официальных ресурсах,…",redesign/artifacts/mnn_identity_enrichment_pass_searxng_raw.jsonl,461,correct,correct,incorrect,,,возрастной сегмент - взрослый,otc,универсальный,identity_enrichment,mnn_identity_enrichment,mnn_identity_enrichment_pass_results,high,"identity enrichment run 461: status=ok, Category=Drug, RX/OTC=otc, evidence present",identity_enrichment,mnn_identity_enrichment,mnn_identity_enrichment_pass_results,high,"identity enrichment run 461: status=ok, Category=Drug, Age=универсальный, evidence present; weaker sources differ: sem_baseline=взрослые",otc,взрослые,,,,,otc,универсальный,"[{""value"": ""otc"", ""method"": ""identity_enrichment"", ""stage"": ""mnn_identity_enrichment"", ""source"": ""mnn_identity_enrichment_pass_results"", ""confidence"": ""high""}, {""value"": ""otc"", ""method"": ""sem_baseline"", ""stage"": ""sem1"", ""source"": ""sem_wave500_mnn_v3_report"", ""confidence"": ""medium""}]","[{""value"": ""универсальный"", ""method"": ""identity_enrichment"", ""stage"": ""mnn_identity_enrichment"", ""source"": ""mnn_identity_enrichment_pass_results"", ""confidence"": ""high""}, {""value"": ""взрослые"", ""method"": ""sem_baseline"", ""stage"": ""sem1"", ""source"": ""sem_wave500_mnn_v3_report"", ""confidence"": ""medium""}]",,,FALSE,FALSE,FALSE,FALSE,low,"[""source_match""]",previous enrichment RX/OTC absent; catalog RX/OTC absent/unknown; previous enrichment Age absent; catalog Age absent/unknown,"ГЕСПЕРИДИН+ДИОСМИН; таблетки, покрытые пленочной оболочкой; 100 мг + 900 мг; N30; производитель: Алиум АО",Гесперидин+Диосмин; таблетки; 100 мг + 900 мг; N30; Алиум АО,Гесперидин+Диосмин таблетки 100 мг + 900 мг N30,Алиум АО,Гесперидин+Диосмин,таблетки,"таблетки, покрытые пленочной оболочкой",таб.,100 мг + 900 мг,N30,,Алиум АО,Алиум,pack_deduped|multi_component_strength|manufacturer_deduped,,2,1,4,5,,false,false,false,false,false,false,norm_v4_experiment_m5_0,norm_v4_1_offline_pack_and_retrieval_remediation,"Гесперидин+Диосмин; таблетки, покрытые пленочной оболочкой; 100 мг + 900 мг; N30; производитель: Алиум АО",Гесперидин+Диосмин; таблетки; 100 мг + 900 мг; N30; Алиум АО,Гесперидин+Диосмин таблетки 100 мг + 900 мг N30,Алиум АО,"Гесперидин+Диосмин таблетки 100 мг + 900 мг N30, Алиум АО",Гесперидин+Диосмин,таблетки,"таблетки, покрытые пленочной оболочкой",таб.,100 мг + 900 мг,Алиум АО,Алиум,,unknown,,N30,N30,N30,parsed,,ГЕСПЕРИДИН+ДИОСМИН 100мг+900мг таб. покрытые пленочной оболочкой Алиум АО,,,not_applicable,,false,false,,,,"{""m5_0_identity"": ""yes"", ""m5_0_manufacturer"": ""yes"", ""m5_0_notes"": """", ""m5_0_query"": ""yes"", ""m5_1_resolution_reason"": ""M5.0 identity and query were accepted (yes); no labeled defect to remediate."", ""m5_1_resolution_status"": ""not_applicable""}",yes,yes,yes,,not_applicable,M5.0 identity and query were accepted (yes); no labeled defect to remediate.,false,false,false,false,false,false,false,true,false,false,false,,yes,yes,yes,
92,ДИНАМИКО ЛОНГ 20мг N8 таб. покрытые пленочной оболочкой Тева Фармацевтические Предприятия Лтд | Тева Фармацевтические Предприятия Лтд. | Тева Фармацевтические Предприятия Лтд. | N8,,,none,unresolved_catalog,,,,new_enrichment,TRUE,ok,0,Тадалафил,rx,взрослые,Тадалафил,enrichment,FALSE,https://aptekamos.ru/tovary/lekarstva/tadalafil-7766/dinamiko-long-tabletki-20mg-89269/instrukciya | https://www.rlsnet.ru/active-substance/metformin-sitagliptin-2989 | https://megapteka.ru/specials/guide_dinamiko-instrukciya-po-4024 | https://www.vidal.ru/drugs/dinamiko-long-3 | https://www.rlsnet.ru/drugs/dinamiko-40732 | https://tabletka.ru/selection/dinamiko/instruction/ | https://megapteka.ru/specials/guide_dinamiko-instrukciya-po-4024 | https://zdravcity.ru/p_dinamiko-long-tabletki-p-o-plen-20mg-8sht-0185640.html | https://zdravcity.ru/p_dinamiko-tab-p-o-100mg-n4-0015084.html | https://farmamedspb.ru/company/news/ | https://cyberleninka.ru/article/n/issledovanie-assortimenta-analgeziruyuschih-narkoticheskih-lekarstvennyh-sredstv-na-regionalnom-urovne | https://medpoint.pro/article/khronicheskii-mieloidnii-leikoz-1681,"status=ok | Category=Drug | mnn=Тадалафил | RX_OTC=RX | Age=Взрослый | Динамико Лонг — лекарственный препарат, содержащий действующее вещество тадалафил (МНН). Применяется для лечения эректильной дисфункции у взрослых мужчин, в том числе при симптомах нижних мочевых путей на фоне доброкачественной гиперплазии предстательной железы. Противопоказан…",redesign/artifacts/mnn_identity_enrichment_pass_searxng_raw.jsonl,461,correct,correct,correct,,,,rx,взрослые,identity_enrichment,mnn_identity_enrichment,mnn_identity_enrichment_pass_results,high,"identity enrichment run 461: status=ok, Category=Drug, RX/OTC=rx, evidence present",identity_enrichment,mnn_identity_enrichment,mnn_identity_enrichment_pass_results,high,"identity enrichment run 461: status=ok, Category=Drug, Age=взрослые, evidence present",rx,взрослые,,,,,rx,взрослые,"[{""value"": ""rx"", ""method"": ""identity_enrichment"", ""stage"": ""mnn_identity_enrichment"", ""source"": ""mnn_identity_enrichment_pass_results"", ""confidence"": ""high""}, {""value"": ""rx"", ""method"": ""sem_baseline"", ""stage"": ""sem1"", ""source"": ""sem_wave500_mnn_v3_report"", ""confidence"": ""medium""}]","[{""value"": ""взрослые"", ""method"": ""identity_enrichment"", ""stage"": ""mnn_identity_enrichment"", ""source"": ""mnn_identity_enrichment_pass_results"", ""confidence"": ""high""}, {""value"": ""взрослые"", ""method"": ""sem_baseline"", ""stage"": ""sem1"", ""source"": ""sem_wave500_mnn_v3_report"", ""confidence"": ""medium""}]",,,FALSE,FALSE,FALSE,FALSE,low,"[""source_match""]",previous enrichment RX/OTC absent; catalog RX/OTC absent/unknown; previous enrichment Age absent; catalog Age absent/unknown,"ДИНАМИКО ЛОНГ; таблетки, покрытые пленочной оболочкой; 20 мг; N8; производитель: Тева Фармацевтические Предприятия Лтд.",Динамико Лонг; таблетки; 20 мг; N8; Тева Фармацевтические Предприятия Лтд.,Динамико Лонг таблетки 20 мг N8,Тева Фармацевтические Предприятия Лтд.,Динамико Лонг,таблетки,"таблетки, покрытые пленочной оболочкой",таб.,20 мг,N8,,Тева Фармацевтические Предприятия Лтд.,Тева,pack_deduped|manufacturer_deduped,,2,1,4,5,,false,false,false,false,false,false,norm_v4_experiment_m5_0,norm_v4_1_offline_pack_and_retrieval_remediation,"Динамико Лонг; таблетки, покрытые пленочной оболочкой; 20 мг; N8; производитель: Тева Фармацевтические Предприятия Лтд.",Динамико Лонг; таблетки; 20 мг; N8; Тева Фармацевтические Предприятия Лтд.,Динамико Лонг таблетки 20 мг N8,Тева Фармацевтические Предприятия Лтд.,"Динамико Лонг таблетки 20 мг N8, Тева Фармацевтические Предприятия Лтд.",Динамико Лонг,таблетки,"таблетки, покрытые пленочной оболочкой",таб.,20 мг,Тева Фармацевтические Предприятия Лтд.,Тева,,unknown,,N8,N8,N8,parsed,,ДИНАМИКО ЛОНГ 20мг таб. покрытые пленочной оболочкой Тева Фармацевтические Предприятия Лтд,,,not_applicable,,false,false,,,,"{""m5_0_identity"": ""yes"", ""m5_0_manufacturer"": ""yes"", ""m5_0_notes"": """", ""m5_0_query"": ""yes"", ""m5_1_resolution_reason"": ""M5.0 identity and query were accepted (yes); no labeled defect to remediate."", ""m5_1_resolution_status"": ""not_applicable""}",yes,yes,yes,,not_applicable,M5.0 identity and query were accepted (yes); no labeled defect to remediate.,false,false,false,false,false,false,false,true,false,false,false,,yes,yes,yes,
249,ОСТЕОМЕД таб. N60 Парафарм | Парафарм ООО | Парафарм ООО | N60,,,none,unresolved_catalog,,,ok,new_enrichment,TRUE,ok,0,,unknown,взрослые,,unresolved_final,TRUE,https://megapteka.ru/specials/guide_osteomed-forte-instrukciya-1263 | https://www.vidal.ru/drugs/osteomed | https://www.eapteka.ru/goods/vitaminy_i_bad/biologicheski_aktivnye_dobavki/bad_vitaminsoderzhashchie_mineraly/vitaminno_mineralnye_kompleksy/osteomed/ | https://grls.rosminzdrav.ru/ | https://www.lsgeotar.ru/supplements/osteomed-AEmL | https://www.vidal.ru/drugs/osteomed | https://www.vidal.ru/drugs/osteomed-forte | https://health.mail.ru/drug/osteomed_forte/ | https://www.rlsnet.ru/baa/osteomed-40701 | https://belayaapteka.ru/catalog/bad/osteomed/ | https://tkachevmoscow.ru/articles/pomogaet-li-voltaren-ot-boli-v-spine-i-shee | https://narcorehab.com/articles/piralgin/,"status=ok | Category=BAS | RX_OTC=not applicable | Age=Взрослый | Остеомед является биологически активной добавкой к пище (БАД), а не лекарственным средством. Согласно инструкции на сайте Видаль, он является дополнительным источником кальция и витамина В6, содержит деценовые кислоты. Рекомендуется взрослым по 2 таблетки 3 раза в сутки или по…",redesign/artifacts/mnn_identity_enrichment_pass_searxng_raw.jsonl,461,should_be_empty,,,,,BAS,not_applicable,not_applicable,not_applicable,mnn_identity_enrichment,mnn_identity_enrichment_pass_searxng_raw,high,identity enrichment run 461: Category=BAS/Other; RX/OTC not applicable,not_applicable,mnn_identity_enrichment,mnn_identity_enrichment_pass_searxng_raw,high,identity enrichment run 461: Category=BAS/Other; Age not applicable,otc,взрослые,,,,взрослые,,взрослые,"[{""value"": ""otc"", ""method"": ""sem_baseline"", ""stage"": ""sem1"", ""source"": ""sem_wave500_mnn_v3_report"", ""confidence"": ""medium""}]","[{""value"": ""взрослые"", ""method"": ""identity_enrichment"", ""stage"": ""mnn_identity_enrichment"", ""source"": ""mnn_identity_enrichment_pass_results"", ""confidence"": ""high""}, {""value"": ""взрослые"", ""method"": ""previous_enrichment"", ""stage"": ""previous_mnn_enrichment"", ""source"": ""mnn_catalog_resolution_wave500_v3"", ""confidence"": ""high""}, {""value"": ""взрослые"", ""method"": ""sem_baseline"", ""stage"": ""sem1"", ""source"": ""sem_wave500_mnn_v3_report"", ""confidence"": ""medium""}]",,,TRUE,FALSE,FALSE,TRUE,high,"[""mnn"", ""non_drug_status"", ""source_match""]",,ОСТЕОМЕД; таблетки; N60; производитель: Парафарм ООО,Остеомед; таблетки; [missing_strength]; N60; Парафарм ООО,Остеомед таблетки N60,Парафарм ООО,Остеомед,таблетки,таблетки,таб.,,N60,,Парафарм ООО,Парафарм,pack_deduped|missing_strength|manufacturer_deduped,no strength token extracted,2,1,4,4,,false,false,false,false,false,false,norm_v4_experiment_m5_0,norm_v4_1_offline_pack_and_retrieval_remediation,Остеомед; таблетки; N60; производитель: Парафарм ООО,Остеомед; таблетки; N60; Парафарм ООО,Остеомед таблетки N60,Парафарм ООО,"Остеомед таблетки N60, Парафарм ООО",Остеомед,таблетки,таблетки,таб.,,Парафарм ООО,Парафарм,,unknown,,N60,N60,N60,parsed,,ОСТЕОМЕД таб. Парафарм,,,not_applicable,,false,false,,,,"{""m5_0_identity"": ""yes"", ""m5_0_manufacturer"": ""yes"", ""m5_0_notes"": """", ""m5_0_query"": ""yes"", ""m5_1_resolution_reason"": ""M5.0 identity and query were accepted (yes); no labeled defect to remediate."", ""m5_1_resolution_status"": ""not_applicable""}",yes,yes,yes,,not_applicable,M5.0 identity and query were accepted (yes); no labeled defect to remediate.,false,false,false,false,false,false,false,true,false,false,false,,yes,yes,yes,
354,"ЭХИНАЦЕИ ПУРПУРНОЙ ТРАВА 1,5Г Ф/П №20 ИВАН ЧАЙ | ИВАН-ЧАЙ ЗАО | ИВАН-ЧАЙ ЗАО",,,none,resolved_enrichment,,Эхинацеи пурпурной трава,ok,reuse_existing_enrichment,FALSE,,0,,,,Эхинацеи пурпурной трава,enrichment,FALSE,,pass_action=reuse_existing_enrichment; identity_gate_already_used_enrichment,redesign/artifacts/mnn_identity_enrichment_pass_searxng_raw.jsonl,461,correct,correct,correct,,,,otc,взрослые,previous_enrichment,previous_mnn_enrichment,mnn_catalog_resolution_wave500_v3,high,"reused prior enrichment: status=ok, validated RX/OTC=otc",previous_enrichment,previous_mnn_enrichment,mnn_catalog_resolution_wave500_v3,high,"reused prior enrichment: status=ok, validated Age=взрослые",otc,,,,otc,взрослые,,,"[{""value"": ""otc"", ""method"": ""previous_enrichment"", ""stage"": ""previous_mnn_enrichment"", ""source"": ""mnn_catalog_resolution_wave500_v3"", ""confidence"": ""high""}, {""value"": ""otc"", ""method"": ""sem_baseline"", ""stage"": ""sem1"", ""source"": ""sem_wave500_mnn_v3_report"", ""confidence"": ""medium""}]","[{""value"": ""взрослые"", ""method"": ""previous_enrichment"", ""stage"": ""previous_mnn_enrichment"", ""source"": ""mnn_catalog_resolution_wave500_v3"", ""confidence"": ""high""}]",,,FALSE,FALSE,FALSE,FALSE,low,"[""mnn""]",catalog RX/OTC absent/unknown; Sem Age absent; catalog Age absent/unknown,"ЭХИНАЦЕИ ПУРПУРНОЙ; трава, фильтр-пакеты; 1.5 г; N20; производитель: ИВАН-ЧАЙ ЗАО",Эхинацеи Пурпурной; фильтр-пакеты; 1.5 г; N20; ИВАН-ЧАЙ ЗАО,Эхинацеи Пурпурной фильтр-пакеты 1.5 г N20,ИВАН-ЧАЙ ЗАО,Эхинацеи Пурпурной,фильтр-пакеты,"трава, фильтр-пакеты",ТРАВА,1.5 г,N20,,ИВАН-ЧАЙ ЗАО,ИВАН-ЧАЙ,manufacturer_deduped,,2,0,3,5,,false,false,false,false,false,false,norm_v4_experiment_m5_0,norm_v4_1_offline_pack_and_retrieval_remediation,"Эхинацеи Пурпурной; трава, фильтр-пакеты; 1.5 г; 1.5 г, N20; производитель: ИВАН-ЧАЙ ЗАО","Эхинацеи Пурпурной; фильтр-пакеты; 1.5 г; 1.5 г, N20; ИВАН-ЧАЙ ЗАО",Эхинацеи Пурпурной фильтр-пакеты 1.5 г N20,ИВАН-ЧАЙ ЗАО,"Эхинацеи Пурпурной фильтр-пакеты 1.5 г N20, ИВАН-ЧАЙ ЗАО",Эхинацеи Пурпурной,фильтр-пакеты,"трава, фильтр-пакеты",ТРАВА,1.5 г,ИВАН-ЧАЙ ЗАО,ИВАН-ЧАЙ,,unknown,1.5 г,N20,"1,5Г Ф/П №20","1.5 г, N20",parsed,,ЭХИНАЦЕИ ПУРПУРНОЙ ТРАВА Ф/П ИВАН ЧАЙ,,,not_applicable,,false,false,,,,"{""m5_0_identity"": ""yes"", ""m5_0_manufacturer"": ""yes"", ""m5_0_notes"": """", ""m5_0_query"": ""yes"", ""m5_1_resolution_reason"": ""M5.0 identity and query were accepted (yes); no labeled defect to remediate."", ""m5_1_resolution_status"": ""not_applicable""}",yes,yes,yes,,not_applicable,M5.0 identity and query were accepted (yes); no labeled defect to remediate.,false,false,false,false,false,false,false,true,false,false,false,,yes,yes,yes,
456,"ЭТОРИАКС ТАБЛ. П/ПЛЕН/ОБ. 60МГ №14 | КРКА, Д.Д., НОВО МЕСТО АО | КРКА, Д.Д., НОВО МЕСТО АО",Эторикоксиб,,none,unresolved_catalog,,,,new_enrichment,TRUE,ok,0,Эторикоксиб,rx,взрослые,Эторикоксиб,enrichment,FALSE,https://www.rlsnet.ru/active-substance/etorikoksib-2890 | https://aptekamos.ru/tovary/lekarstva/etorikoksib-10880/etoriaks-tabletki-60mg-96614/instrukciya | https://www.vidal.ru/drugs/molecule/1912 | https://megapteka.ru/specials/guide_etorikoksib-instrukciya-po-5616 | https://www.rlsnet.ru/drugs/etoriaks-81478 | https://www.vidal.ru/drugs/etoriax-1 | https://apteka.103.by/etoriaks-instruktsiya/ | https://megapteka.ru/specials/guide_etoriaks-instrukciya-po-2661 | https://health.mail.ru/drug/etoriaks/ | https://aptekamos.ru/tovary/lekarstva/etorikoksib-10880/etoriaks-tabletki-60mg-96614/instrukciya | https://volgograd.budzdorov.ru/forms/etoriaks | https://zdravcity.ru/p_jetoriaks-tab-p-o-plen-60mg-n14-0098279.html,"status=ok | Category=Drug | mnn=Эторикоксиб | RX_OTC=RX | Age=Взрослый | Препарат Эториакс содержит действующее вещество эторикоксиб (МНН), которое относится к нестероидным противовоспалительным препаратам (НПВС) из группы коксибов. Согласно инструкции, он применяется для симптоматической терапии остеоартроза, ревматоидного артрита, анкилозирующего…",redesign/artifacts/mnn_identity_enrichment_pass_searxng_raw.jsonl,461,correct,correct,correct,,,,rx,взрослые,identity_enrichment,mnn_identity_enrichment,mnn_identity_enrichment_pass_results,high,"identity enrichment run 461: status=ok, Category=Drug, RX/OTC=rx, evidence present",identity_enrichment,mnn_identity_enrichment,mnn_identity_enrichment_pass_results,high,"identity enrichment run 461: status=ok, Category=Drug, Age=взрослые, evidence present",rx,взрослые,,,,,rx,взрослые,"[{""value"": ""rx"", ""method"": ""identity_enrichment"", ""stage"": ""mnn_identity_enrichment"", ""source"": ""mnn_identity_enrichment_pass_results"", ""confidence"": ""high""}, {""value"": ""rx"", ""method"": ""sem_baseline"", ""stage"": ""sem1"", ""source"": ""sem_wave500_mnn_v3_report"", ""confidence"": ""medium""}]","[{""value"": ""взрослые"", ""method"": ""identity_enrichment"", ""stage"": ""mnn_identity_enrichment"", ""source"": ""mnn_identity_enrichment_pass_results"", ""confidence"": ""high""}, {""value"": ""взрослые"", ""method"": ""sem_baseline"", ""stage"": ""sem1"", ""source"": ""sem_wave500_mnn_v3_report"", ""confidence"": ""medium""}]",,,FALSE,FALSE,FALSE,FALSE,low,"[""source_match""]",previous enrichment RX/OTC absent; catalog RX/OTC absent/unknown; previous enrichment Age absent; catalog Age absent/unknown,"ЭТОРИАКС; таблетки, покрытые пленочной оболочкой; 60 мг; N14; производитель: КРКА, Д.Д., НОВО МЕСТО АО","Эториакс; таблетки; 60 мг; N14; КРКА, Д.Д., НОВО МЕСТО АО",Эториакс таблетки 60 мг N14,"КРКА, Д.Д., НОВО МЕСТО АО",Эториакс,таблетки,"таблетки, покрытые пленочной оболочкой",ТАБЛ.,60 мг,N14,,"КРКА, Д.Д., НОВО МЕСТО АО",КРКА,manufacturer_deduped,,1,0,3,5,,false,false,false,false,false,false,norm_v4_experiment_m5_0,norm_v4_1_offline_pack_and_retrieval_remediation,"Эториакс; таблетки, покрытые пленочной оболочкой; 60 мг; N14; производитель: КРКА, Д.Д., НОВО МЕСТО АО","Эториакс; таблетки; 60 мг; N14; КРКА, Д.Д., НОВО МЕСТО АО",Эториакс таблетки 60 мг N14,"КРКА, Д.Д., НОВО МЕСТО АО","Эториакс таблетки 60 мг N14, КРКА, Д.Д., НОВО МЕСТО АО",Эториакс,таблетки,"таблетки, покрытые пленочной оболочкой",ТАБЛ.,60 мг,"КРКА, Д.Д., НОВО МЕСТО АО",КРКА,,unknown,,N14,№14,N14,parsed,,ЭТОРИАКС ТАБЛ. П/ПЛЕН/ОБ. 60МГ,,,not_applicable,,false,false,,,,"{""m5_0_identity"": ""yes"", ""m5_0_manufacturer"": ""yes"", ""m5_0_notes"": """", ""m5_0_query"": ""yes"", ""m5_1_resolution_reason"": ""M5.0 identity and query were accepted (yes); no labeled defect to remediate."", ""m5_1_resolution_status"": ""not_applicable""}",yes,yes,yes,,not_applicable,M5.0 identity and query were accepted (yes); no labeled defect to remediate.,false,false,false,false,false,false,false,true,false,false,false,,yes,yes,yes,
486,ЭСЦИТАЛОПРАМ КАНОН ТАБЛ. П/ПЛЕН/ОБ. 20МГ №28 | КАНОНФАРМА ПРОДАКШН ЗАО | КАНОНФАРМА ПРОДАКШН ЗАО,Эсциталопрам,,none,unresolved_catalog,,,,new_enrichment,TRUE,ok,0,Эсциталопрам,rx,универсальный,Эсциталопрам,enrichment,FALSE,https://www.rlsnet.ru/drugs/escitalopram-66941 | https://aptekamos.ru/tovary/lekarstva/escitalopram-8473/escitalopram-kanon-tabletki-20mg-91410/instrukciya | https://www.rlsnet.ru/drugs/eliceya-39239 | https://www.rlsnet.ru/drugs/cipraleks-24934 | https://aptekamos.ru/tovary/lekarstva/escitalopram-8473/escitalopram-kanon-tabletki-20mg-91410/instrukciya | https://www.rlsnet.ru/active-substance/escitalopram-2668 | https://www.rlsnet.ru/drugs/escitalopram-66941 | https://www.asna.ru/product/estsitalopram/instruction/ | https://zdravcity.ru/p_jescitalopram-kanon-tabletki-pokrytye-plenochnoj-obolochkoj-10mg-56sht-0269000.html | https://zdravcity.ru/p_jescitalopram-kanon-tab-p-o-plen-10mg-n28-0089809.html | https://zdravcity.ru/p_jescitalopram-kanon-tab-p-o-plen-20mg-n28-0089808.html | https://t-j.ru/list/psychiatric-drugs-russia/,"status=ok | Category=Drug | mnn=Эсциталопрам | RX_OTC=RX | Age=Универсальный | Эсциталопрам Канон является лекарственным средством (антидепрессантом, СИОЗС). Действующее вещество (МНН) — эсциталопрам (источник: Здравсити, РЛС). Препарат применяется при депрессии, панических расстройствах и других показаниях (Здравсити). Инструкция указывает, что для…",redesign/artifacts/mnn_identity_enrichment_pass_searxng_raw.jsonl,461,correct,correct,incorrect,,,возрастной сегмент - взрослый,rx,универсальный,identity_enrichment,mnn_identity_enrichment,mnn_identity_enrichment_pass_results,high,"identity enrichment run 461: status=ok, Category=Drug, RX/OTC=rx, evidence present",identity_enrichment,mnn_identity_enrichment,mnn_identity_enrichment_pass_results,high,"identity enrichment run 461: status=ok, Category=Drug, Age=универсальный, evidence present; weaker sources differ: sem_baseline=взрослые",rx,взрослые,,,,,rx,универсальный,"[{""value"": ""rx"", ""method"": ""identity_enrichment"", ""stage"": ""mnn_identity_enrichment"", ""source"": ""mnn_identity_enrichment_pass_results"", ""confidence"": ""high""}, {""value"": ""rx"", ""method"": ""sem_baseline"", ""stage"": ""sem1"", ""source"": ""sem_wave500_mnn_v3_report"", ""confidence"": ""medium""}]","[{""value"": ""универсальный"", ""method"": ""identity_enrichment"", ""stage"": ""mnn_identity_enrichment"", ""source"": ""mnn_identity_enrichment_pass_results"", ""confidence"": ""high""}, {""value"": ""взрослые"", ""method"": ""sem_baseline"", ""stage"": ""sem1"", ""source"": ""sem_wave500_mnn_v3_report"", ""confidence"": ""medium""}]",,,FALSE,FALSE,FALSE,FALSE,low,"[""source_match""]",previous enrichment RX/OTC absent; catalog RX/OTC absent/unknown; previous enrichment Age absent; catalog Age absent/unknown,"ЭСЦИТАЛОПРАМ КАНОН; таблетки, покрытые пленочной оболочкой; 20 мг; N28; производитель: КАНОНФАРМА ПРОДАКШН ЗАО",Эсциталопрам Канон; таблетки; 20 мг; N28; КАНОНФАРМА ПРОДАКШН ЗАО,Эсциталопрам Канон таблетки 20 мг N28,КАНОНФАРМА ПРОДАКШН ЗАО,Эсциталопрам Канон,таблетки,"таблетки, покрытые пленочной оболочкой",ТАБЛ.,20 мг,N28,,КАНОНФАРМА ПРОДАКШН ЗАО,КАНОНФАРМА,manufacturer_deduped,,1,0,3,5,,false,false,false,false,false,false,norm_v4_experiment_m5_0,norm_v4_1_offline_pack_and_retrieval_remediation,"Эсциталопрам Канон; таблетки, покрытые пленочной оболочкой; 20 мг; N28; производитель: КАНОНФАРМА ПРОДАКШН ЗАО",Эсциталопрам Канон; таблетки; 20 мг; N28; КАНОНФАРМА ПРОДАКШН ЗАО,Эсциталопрам Канон таблетки 20 мг N28,КАНОНФАРМА ПРОДАКШН ЗАО,"Эсциталопрам Канон таблетки 20 мг N28, КАНОНФАРМА ПРОДАКШН ЗАО",Эсциталопрам Канон,таблетки,"таблетки, покрытые пленочной оболочкой",ТАБЛ.,20 мг,КАНОНФАРМА ПРОДАКШН ЗАО,КАНОНФАРМА,,unknown,,N28,№28,N28,parsed,,ЭСЦИТАЛОПРАМ КАНОН ТАБЛ. П/ПЛЕН/ОБ. 20МГ,,,not_applicable,,false,false,,,,"{""m5_0_identity"": ""yes"", ""m5_0_manufacturer"": ""yes"", ""m5_0_notes"": """", ""m5_0_query"": ""yes"", ""m5_1_resolution_reason"": ""M5.0 identity and query were accepted (yes); no labeled defect to remediate."", ""m5_1_resolution_status"": ""not_applicable""}",yes,yes,yes,,not_applicable,M5.0 identity and query were accepted (yes); no labeled defect to remediate.,false,false,false,false,false,false,false,true,false,false,false,,yes,yes,yes,
777,ЭНАЛАПРИЛ АЛЬФАКТИВ ТАБЛ. 20МГ №20 | ОЗОН ФАРМ ООО | ОЗОН ФАРМ ООО,Эналаприл,Эналаприл,high,resolved_input_explicit,,,,skip_strong_input_mnn,FALSE,,0,,,,Эналаприл,input_explicit_mnn,FALSE,,pass_action=skip_strong_input_mnn; strong_input_explicit_accepted,redesign/artifacts/mnn_identity_enrichment_pass_searxng_raw.jsonl,461,correct,correct,correct,,,,rx,взрослые,sem_baseline,sem1,sem_wave500_mnn_v3_report,medium,Sem v3 canonical attr contains RX/OTC=rx,sem_baseline,sem1,sem_wave500_mnn_v3_report,medium,Sem v3 canonical attr contains Age=взрослые,rx,взрослые,,,,,,,"[{""value"": ""rx"", ""method"": ""sem_baseline"", ""stage"": ""sem1"", ""source"": ""sem_wave500_mnn_v3_report"", ""confidence"": ""medium""}]","[{""value"": ""взрослые"", ""method"": ""sem_baseline"", ""stage"": ""sem1"", ""source"": ""sem_wave500_mnn_v3_report"", ""confidence"": ""medium""}]",,,FALSE,FALSE,FALSE,FALSE,low,"[""mnn""]",previous enrichment RX/OTC absent; catalog RX/OTC absent/unknown; previous enrichment Age absent; catalog Age absent/unknown,ЭНАЛАПРИЛ АЛЬФАКТИВ; таблетки; 20 мг; N20; производитель: ОЗОН ФАРМ ООО,Эналаприл Альфактив; таблетки; 20 мг; N20; ОЗОН ФАРМ ООО,Эналаприл Альфактив таблетки 20 мг N20,ОЗОН ФАРМ ООО,Эналаприл Альфактив,таблетки,таблетки,ТАБЛ.,20 мг,N20,,ОЗОН ФАРМ ООО,ОЗОН,manufacturer_deduped,,1,0,3,5,,false,false,false,false,false,false,norm_v4_experiment_m5_0,norm_v4_1_offline_pack_and_retrieval_remediation,Эналаприл Альфактив; таблетки; 20 мг; N20; производитель: ОЗОН ФАРМ ООО,Эналаприл Альфактив; таблетки; 20 мг; N20; ОЗОН ФАРМ ООО,Эналаприл Альфактив таблетки 20 мг N20,ОЗОН ФАРМ ООО,"Эналаприл Альфактив таблетки 20 мг N20, ОЗОН ФАРМ ООО",Эналаприл Альфактив,таблетки,таблетки,ТАБЛ.,20 мг,ОЗОН ФАРМ ООО,ОЗОН,,unknown,,N20,№20,N20,parsed,,ЭНАЛАПРИЛ АЛЬФАКТИВ ТАБЛ. 20МГ,,,not_applicable,,false,false,,,,"{""m5_0_identity"": ""yes"", ""m5_0_manufacturer"": ""yes"", ""m5_0_notes"": """", ""m5_0_query"": ""yes"", ""m5_1_resolution_reason"": ""M5.0 identity and query were accepted (yes); no labeled defect to remediate."", ""m5_1_resolution_status"": ""not_applicable""}",yes,yes,yes,,not_applicable,M5.0 identity and query were accepted (yes); no labeled defect to remediate.,false,false,false,false,false,false,false,true,false,false,false,,yes,yes,yes,
844,ЭЛЬКАР Р-Р Д/ПРИЕМА ВНУТРЬ 300МГ/МЛ ФЛ. 25МЛ | ///ПИК-ФАРМА ЛЕК | ///ПИК-ФАРМА ЛЕК,Левокарнитин,,none,unresolved_catalog,,,,new_enrichment,TRUE,ok,0,Левокарнитин,otc,универсальный,Левокарнитин,enrichment,FALSE,https://www.vidal.ru/drugs/elcar__25460 | https://www.rlsnet.ru/drugs/elkar-15200 | https://aptekamos.ru/tovary/lekarstva/levokarnitin-475/elkar-rastvor-dlya-inekciyo-100mg-ml-5ml-49499/instrukciya | https://megapteka.ru/specials/guide_elkar-instrukciya-po-5612 | https://medi.ru/instrukciya/elkar-vv-vm-100_12148/ | https://megapteka.ru/specials/guide_levokarnitin-instrukciya-po-2858 | https://www.asna.ru/product/elkar/instruction/ | https://www.vidal.ru/drugs/elcar | https://megapteka.ru/specials/guide_elkar-instrukciya-po-5612 | https://www.rlsnet.ru/drugs/elkar-15200 | https://spb.asna.ru/cards/elkar_30_100ml_r-r_pik-farma.html | https://medvestnik.ru/ls/a0e407c1-48e5-49e1-b164-1ba432eafceb.html,"status=ok | Category=Drug | mnn=Левокарнитин | RX_OTC=OTC | Age=Универсальный | Элькар — лекарственный препарат, действующее вещество — левокарнитин (L-карнитин). Согласно инструкции, он показан к применению у взрослых и детей от 0 лет в составе комплексной терапии (источник: asna.ru, spb.asna.ru). В некоторых источниках указано, что препарат применяется у…",redesign/artifacts/mnn_identity_enrichment_pass_searxng_raw.jsonl,461,correct,correct,correct,,,,otc,универсальный,identity_enrichment,mnn_identity_enrichment,mnn_identity_enrichment_pass_results,high,"identity enrichment run 461: status=ok, Category=Drug, RX/OTC=otc, evidence present",identity_enrichment,mnn_identity_enrichment,mnn_identity_enrichment_pass_results,high,"identity enrichment run 461: status=ok, Category=Drug, Age=универсальный, evidence present; weaker sources differ: sem_baseline=взрослые",otc,взрослые,,,,,otc,универсальный,"[{""value"": ""otc"", ""method"": ""identity_enrichment"", ""stage"": ""mnn_identity_enrichment"", ""source"": ""mnn_identity_enrichment_pass_results"", ""confidence"": ""high""}, {""value"": ""otc"", ""method"": ""sem_baseline"", ""stage"": ""sem1"", ""source"": ""sem_wave500_mnn_v3_report"", ""confidence"": ""medium""}]","[{""value"": ""универсальный"", ""method"": ""identity_enrichment"", ""stage"": ""mnn_identity_enrichment"", ""source"": ""mnn_identity_enrichment_pass_results"", ""confidence"": ""high""}, {""value"": ""взрослые"", ""method"": ""sem_baseline"", ""stage"": ""sem1"", ""source"": ""sem_wave500_mnn_v3_report"", ""confidence"": ""medium""}]",,,FALSE,FALSE,FALSE,FALSE,low,"[""source_match""]",previous enrichment RX/OTC absent; catalog RX/OTC absent/unknown; previous enrichment Age absent; catalog Age absent/unknown,"ЭЛЬКАР; раствор, для приема внутрь; 300 мг/мл; 25 мл; производитель: ПИК-ФАРМА ЛЕК",Элькар; раствор; 300 мг/мл; 25 мл; ПИК-ФАРМА ЛЕК,Элькар раствор 300 мг/мл 25 мл,ПИК-ФАРМА ЛЕК,Элькар,раствор,"раствор, для приема внутрь",Р-Р,300 мг/мл,25 мл,,ПИК-ФАРМА ЛЕК,ПИК-ФАРМА,manufacturer_deduped,,1,0,3,5,,false,false,false,false,false,false,norm_v4_experiment_m5_0,norm_v4_1_offline_pack_and_retrieval_remediation,"Элькар; раствор, для приема внутрь; 300 мг/мл; флакон 25 мл, N1; производитель: ПИК-ФАРМА ЛЕК","Элькар; раствор; 300 мг/мл; флакон 25 мл, N1; ПИК-ФАРМА ЛЕК",Элькар раствор 300 мг/мл флакон 25 мл N1,ПИК-ФАРМА ЛЕК,"Элькар раствор 300 мг/мл флакон 25 мл N1, ПИК-ФАРМА ЛЕК",Элькар,раствор,"раствор, для приема внутрь",Р-Р,300 мг/мл,ПИК-ФАРМА ЛЕК,ПИК-ФАРМА,ФЛ.,флакон,25 мл,N1,ФЛ. 25МЛ,"флакон 25 мл, N1",parsed,implicit_single_unit_count,ЭЛЬКАР Р-Р Д/ПРИЕМА ВНУТРЬ 300МГ/МЛ,,,not_applicable,,false,false,,implicit_single_unit_count|query_gained_container|query_gained_pack_count,implicit_single_unit_count,"{""m5_0_identity"": ""uncertain"", ""m5_0_manufacturer"": ""yes"", ""m5_0_notes"": ""severity=policy_needed; reason=container_not_structured; source_pack=\""фл. 2.5 мл\""; actual_pack=\""2.5 мл\""; expected=\""фл. 2.5 мл; count=1\""; action=\""add_container_and_unit_content_fields\"""", ""m5_0_query"": ""uncertain"", ""m5_1_resolution_reason"": ""Structured флакон + 25 мл (source ФЛ. 25МЛ). Reviewer note 2.5 мл was a copy-paste error vs source."", ""m5_1_resolution_status"": ""resolved""}",uncertain,uncertain,yes,"severity=policy_needed; reason=container_not_structured; source_pack=""фл. 2.5 мл""; actual_pack=""2.5 мл""; expected=""фл. 2.5 мл; count=1""; action=""add_container_and_unit_content_fields""",resolved,Structured флакон + 25 мл (source ФЛ. 25МЛ). Reviewer note 2.5 мл was a copy-paste error vs source.,false,false,false,false,false,false,false,true,true,false,true,,uncertain,uncertain,yes,"severity=policy_needed; reason=container_not_structured; source_pack=""фл. 2.5 мл""; actual_pack=""2.5 мл""; expected=""фл. 2.5 мл; count=1""; action=""add_container_and_unit_content_fields"""
884,"ЭЛИЦЕЯ КУ-ТАБ ТАБЛ. ДИСПЕРГ. В ПОЛОСТИ РТА 10МГ №56 | КРКА, Д.Д., НОВО МЕСТО АО | КРКА, Д.Д., НОВО МЕСТО АО",,,none,unresolved_catalog,,,,new_enrichment,TRUE,ok,0,Эсциталопрам,rx,взрослые,Эсциталопрам,enrichment,FALSE,https://www.rlsnet.ru/drugs/eliceya-ku-tab-74532 | https://www.rlsnet.ru/drugs/eliceya-39239 | https://aptekamos.ru/tovary/lekarstva/escitalopram-8473/escitalopram-tabletki-10mg-82935/instrukciya | https://www.rlsnet.ru/drugs/escitalopram-66941 | https://www.krka.ru/_assets/Elicea-Qtab_CU_UG_LoD1_PIL_final-version-for-Stage-III_14.12.2022.pdf | https://www.vidal.ru/drugs/elicea-q-tab-1 | https://health.mail.ru/drug/elitseya-kutab/ | https://drugs.medelement.com/drug/%D1%8D%D0%BB%D0%B8%D1%86%D0%B5%D1%8F-%D0%BA%D1%83-%D1%82%D0%B0%D0%B1-5%D0%BC%D0%B3-%D0%B8%D0%BD%D1%81%D1%82%D1%80%D1%83%D0%BA%D1%86%D0%B8%D1%8F/452066081477650937?instruction_lang=RU | https://medum.ru/ehliceya-ku-tab | https://www.lsgeotar.ru/ka/elitseya-ku-tab-48204.html | https://medum.ru/tabletki-ehliceya-ku-tab | https://krkapro.ru/medicaments/311/,"status=ok | Category=Drug | mnn=Эсциталопрам | RX_OTC=RX | Age=Взрослый | Элицея Ку-таб — лекарственный препарат, действующее вещество эсциталопрам (МНН). Согласно инструкции, препарат противопоказан детям и подросткам до 18 лет (источник: krkapro.ru). Отпускается по рецепту (источник: health.mail.ru). Инструкция по применению доступна на rlsnet.ru и…",redesign/artifacts/mnn_identity_enrichment_pass_searxng_raw.jsonl,461,correct,correct,correct,,,,rx,взрослые,identity_enrichment,mnn_identity_enrichment,mnn_identity_enrichment_pass_results,high,"identity enrichment run 461: status=ok, Category=Drug, RX/OTC=rx, evidence present",identity_enrichment,mnn_identity_enrichment,mnn_identity_enrichment_pass_results,high,"identity enrichment run 461: status=ok, Category=Drug, Age=взрослые, evidence present",rx,,,,,,rx,взрослые,"[{""value"": ""rx"", ""method"": ""identity_enrichment"", ""stage"": ""mnn_identity_enrichment"", ""source"": ""mnn_identity_enrichment_pass_results"", ""confidence"": ""high""}, {""value"": ""rx"", ""method"": ""sem_baseline"", ""stage"": ""sem1"", ""source"": ""sem_wave500_mnn_v3_report"", ""confidence"": ""medium""}]","[{""value"": ""взрослые"", ""method"": ""identity_enrichment"", ""stage"": ""mnn_identity_enrichment"", ""source"": ""mnn_identity_enrichment_pass_results"", ""confidence"": ""high""}]",,,FALSE,FALSE,FALSE,FALSE,low,"[""source_match""]",previous enrichment RX/OTC absent; catalog RX/OTC absent/unknown; previous enrichment Age absent; Sem Age absent; catalog Age absent/unknown,"ЭЛИЦЕЯ КУ-ТАБ; таблетки, диспергируемые в полости рта; 10 мг; N56; производитель: КРКА, Д.Д., НОВО МЕСТО АО","Элицея Ку-Таб; таблетки; 10 мг; N56; КРКА, Д.Д., НОВО МЕСТО АО",Элицея Ку-Таб таблетки 10 мг N56,"КРКА, Д.Д., НОВО МЕСТО АО",Элицея Ку-Таб,таблетки,"таблетки, диспергируемые в полости рта",ТАБЛ.,10 мг,N56,,"КРКА, Д.Д., НОВО МЕСТО АО",КРКА,manufacturer_deduped,,1,0,3,5,,false,false,false,false,false,false,norm_v4_experiment_m5_0,norm_v4_1_offline_pack_and_retrieval_remediation,"Элицея Ку-Таб; таблетки, диспергируемые в полости рта; 10 мг; N56; производитель: КРКА, Д.Д., НОВО МЕСТО АО","Элицея Ку-Таб; таблетки; 10 мг; N56; КРКА, Д.Д., НОВО МЕСТО АО",Элицея Ку-Таб таблетки 10 мг N56,"КРКА, Д.Д., НОВО МЕСТО АО","Элицея Ку-Таб таблетки 10 мг N56, КРКА, Д.Д., НОВО МЕСТО АО",Элицея Ку-Таб,таблетки,"таблетки, диспергируемые в полости рта",ТАБЛ.,10 мг,"КРКА, Д.Д., НОВО МЕСТО АО",КРКА,,unknown,,N56,№56,N56,parsed,,ЭЛИЦЕЯ КУ-ТАБ ТАБЛ. ДИСПЕРГ. В ПОЛОСТИ РТА 10МГ,,,not_applicable,,false,false,,,,"{""m5_0_identity"": ""yes"", ""m5_0_manufacturer"": ""yes"", ""m5_0_notes"": """", ""m5_0_query"": ""yes"", ""m5_1_resolution_reason"": ""M5.0 identity and query were accepted (yes); no labeled defect to remediate."", ""m5_1_resolution_status"": ""not_applicable""}",yes,yes,yes,,not_applicable,M5.0 identity and query were accepted (yes); no labeled defect to remediate.,false,false,false,false,false,false,false,true,false,false,false,,yes,yes,yes,
1053,"ЭКЗОРОЛФИНЛАК ЛАК Д/НОГТЕЙ 5% ФЛ. 2,5МЛ | ПАУЛЬ В. БЕЙФЕРС ГМБХ | ПАУЛЬ В. БЕЙФЕРС ГМБХ",Циклопирокс,,none,unresolved_catalog,,,,new_enrichment,TRUE,ok,0,Аморолфин,rx,взрослые,Аморолфин,enrichment,FALSE,https://www.lsgeotar.ru/drugs/exorolfinlak-AAGS | https://drugs.medelement.com/drug/%D1%8D%D0%BA%D0%B7%D0%BE%D1%80%D0%BE%D0%BB%D1%84%D0%B8%D0%BD%D0%BB%D0%B0%D0%BA-%D0%B8%D0%BD%D1%81%D1%82%D1%80%D1%83%D0%BA%D1%86%D0%B8%D1%8F/520665881602584216?instruction_lang=RU | https://health.mail.ru/drug/ekzorolfinlak-2/ | https://grls.rosminzdrav.ru/ | https://health.mail.ru/drug/ekzorolfinlak-2/ | https://medi.ru/instrukciya/ekzorolfinlak_13521/ | https://drugs.medelement.com/drug/%D1%8D%D0%BA%D0%B7%D0%BE%D1%80%D0%BE%D0%BB%D1%84%D0%B8%D0%BD%D0%BB%D0%B0%D0%BA-%D0%B8%D0%BD%D1%81%D1%82%D1%80%D1%83%D0%BA%D1%86%D0%B8%D1%8F/520665881602584216?instruction_lang=RU | https://www.webapteka.ru/drugbase/name62613.html | https://www.rlsnet.ru/drugs/ekzorolfinlak-79112 | https://www.neboleem.net/jekzorolfinlak.php | https://prg.kz/Document/?doc_id=35682609 | https://kiberis.ru/?p=26977,"status=ok | Category=Drug | mnn=Аморолфин | RX_OTC=RX | Age=Взрослый | Экзоролфинлак — лекарственный препарат, действующее вещество аморолфин (МНН). Применяется для лечения грибкового поражения ногтей (онихомикоза) у взрослых. Отпускается по рецепту. Инструкция по применению доступна на сайтах drugs.medelement.com, medi.ru, rlsnet.ru и других.",redesign/artifacts/mnn_identity_enrichment_pass_searxng_raw.jsonl,461,correct,incorrect,correct,,,препарат OTC,rx,взрослые,identity_enrichment,mnn_identity_enrichment,mnn_identity_enrichment_pass_results,high,"identity enrichment run 461: status=ok, Category=Drug, RX/OTC=rx, evidence present",identity_enrichment,mnn_identity_enrichment,mnn_identity_enrichment_pass_results,high,"identity enrichment run 461: status=ok, Category=Drug, Age=взрослые, evidence present",rx,взрослые,,,,,rx,взрослые,"[{""value"": ""rx"", ""method"": ""identity_enrichment"", ""stage"": ""mnn_identity_enrichment"", ""source"": ""mnn_identity_enrichment_pass_results"", ""confidence"": ""high""}, {""value"": ""rx"", ""method"": ""sem_baseline"", ""stage"": ""sem1"", ""source"": ""sem_wave500_mnn_v3_report"", ""confidence"": ""medium""}]","[{""value"": ""взрослые"", ""method"": ""identity_enrichment"", ""stage"": ""mnn_identity_enrichment"", ""source"": ""mnn_identity_enrichment_pass_results"", ""confidence"": ""high""}, {""value"": ""взрослые"", ""method"": ""sem_baseline"", ""stage"": ""sem1"", ""source"": ""sem_wave500_mnn_v3_report"", ""confidence"": ""medium""}]",,,FALSE,FALSE,FALSE,FALSE,low,"[""source_match""]",previous enrichment RX/OTC absent; catalog RX/OTC absent/unknown; previous enrichment Age absent; catalog Age absent/unknown,"ЭКЗОРОЛФИНЛАК; лак, для ногтей; 5%; 2.5 мл; производитель: ПАУЛЬ В. БЕЙФЕРС ГМБХ",Экзоролфинлак; лак; 5%; 2.5 мл; ПАУЛЬ В. БЕЙФЕРС ГМБХ,Экзоролфинлак лак 5% 2.5 мл,ПАУЛЬ В. БЕЙФЕРС ГМБХ,Экзоролфинлак,лак,"лак, для ногтей",ЛАК,5%,2.5 мл,,ПАУЛЬ В. БЕЙФЕРС ГМБХ,ПАУЛЬ,manufacturer_deduped,,1,0,3,5,,false,false,false,false,false,false,norm_v4_experiment_m5_0,norm_v4_1_offline_pack_and_retrieval_remediation,"Экзоролфинлак; лак, для ногтей; 5%; флакон 2.5 мл, N1; производитель: ПАУЛЬ В. БЕЙФЕРС ГМБХ","Экзоролфинлак; лак; 5%; флакон 2.5 мл, N1; ПАУЛЬ В. БЕЙФЕРС ГМБХ",Экзоролфинлак лак 5% флакон 2.5 мл N1,ПАУЛЬ В. БЕЙФЕРС ГМБХ,"Экзоролфинлак лак 5% флакон 2.5 мл N1, ПАУЛЬ В. БЕЙФЕРС ГМБХ",Экзоролфинлак,лак,"лак, для ногтей",ЛАК,5%,ПАУЛЬ В. БЕЙФЕРС ГМБХ,ПАУЛЬ,ФЛ.,флакон,2.5 мл,N1,"ФЛ. 2,5МЛ","флакон 2.5 мл, N1",parsed,implicit_single_unit_count,ЭКЗОРОЛФИНЛАК ЛАК Д/НОГТЕЙ 5%,,,not_applicable,,false,false,,implicit_single_unit_count|query_gained_container|query_gained_pack_count,implicit_single_unit_count,"{""m5_0_identity"": ""uncertain"", ""m5_0_manufacturer"": ""yes"", ""m5_0_notes"": ""severity=policy_needed; reason=container_not_structured; source_pack=\""фл. 100 мл\""; actual_pack=\""100 мл\""; expected=\""фл. 100 мл; count=1\""; action=\""add_container_and_unit_content_fields\"""", ""m5_0_query"": ""uncertain"", ""m5_1_resolution_reason"": ""Structured флакон + 2.5 мл from source ФЛ. 2,5МЛ. Reviewer note фл. 100 мл was a copy-paste error."", ""m5_1_resolution_status"": ""resolved""}",uncertain,uncertain,yes,"severity=policy_needed; reason=container_not_structured; source_pack=""фл. 100 мл""; actual_pack=""100 мл""; expected=""фл. 100 мл; count=1""; action=""add_container_and_unit_content_fields""",resolved,"Structured флакон + 2.5 мл from source ФЛ. 2,5МЛ. Reviewer note фл. 100 мл was a copy-paste error.",false,false,false,false,false,false,false,true,true,false,true,,uncertain,uncertain,yes,"severity=policy_needed; reason=container_not_structured; source_pack=""фл. 100 мл""; actual_pack=""100 мл""; expected=""фл. 100 мл; count=1""; action=""add_container_and_unit_content_fields"""
1668,"ЧАБРЕЦА ТРАВА Ф/П 1,5Г №20 ЗДОРОВЬЕ | Здоровье фирма ЗАО | Здоровье фирма ЗАО",,,none,resolved_enrichment,,Тимьяна ползучего трава,ok,reuse_existing_enrichment,FALSE,,0,,,,Тимьяна ползучего трава,enrichment,FALSE,,pass_action=reuse_existing_enrichment; identity_gate_already_used_enrichment,redesign/artifacts/mnn_identity_enrichment_pass_searxng_raw.jsonl,461,correct,correct,incorrect,,,возрастной сегмент - взрослый,otc,универсальный,previous_enrichment,previous_mnn_enrichment,mnn_catalog_resolution_wave500_v3,high,"reused prior enrichment: status=ok, validated RX/OTC=otc",previous_enrichment,previous_mnn_enrichment,mnn_catalog_resolution_wave500_v3,high,"reused prior enrichment: status=ok, validated Age=универсальный",otc,,,,otc,универсальный,,,"[{""value"": ""otc"", ""method"": ""previous_enrichment"", ""stage"": ""previous_mnn_enrichment"", ""source"": ""mnn_catalog_resolution_wave500_v3"", ""confidence"": ""high""}, {""value"": ""otc"", ""method"": ""sem_baseline"", ""stage"": ""sem1"", ""source"": ""sem_wave500_mnn_v3_report"", ""confidence"": ""medium""}]","[{""value"": ""универсальный"", ""method"": ""previous_enrichment"", ""stage"": ""previous_mnn_enrichment"", ""source"": ""mnn_catalog_resolution_wave500_v3"", ""confidence"": ""high""}]",,,FALSE,FALSE,FALSE,FALSE,low,"[""mnn""]",catalog RX/OTC absent/unknown; Sem Age absent; catalog Age absent/unknown,"ЧАБРЕЦА; трава, фильтр-пакеты; 1.5 г; N20; производитель: Здоровье фирма ЗАО",Чабреца; фильтр-пакеты; 1.5 г; N20; Здоровье фирма ЗАО,Чабреца фильтр-пакеты 1.5 г N20,Здоровье фирма ЗАО,Чабреца,фильтр-пакеты,"трава, фильтр-пакеты",ТРАВА,1.5 г,N20,,Здоровье фирма ЗАО,Здоровье,manufacturer_deduped,,2,0,3,5,,false,false,false,false,false,false,norm_v4_experiment_m5_0,norm_v4_1_offline_pack_and_retrieval_remediation,"Чабреца; трава, фильтр-пакеты; 1.5 г; 1.5 г, N20; производитель: Здоровье фирма ЗАО","Чабреца; фильтр-пакеты; 1.5 г; 1.5 г, N20; Здоровье фирма ЗАО",Чабреца фильтр-пакеты 1.5 г N20,Здоровье фирма ЗАО,"Чабреца фильтр-пакеты 1.5 г N20, Здоровье фирма ЗАО",Чабреца,фильтр-пакеты,"трава, фильтр-пакеты",ТРАВА,1.5 г,Здоровье фирма ЗАО,Здоровье,,unknown,1.5 г,N20,"1,5Г №20","1.5 г, N20",parsed,,ЧАБРЕЦА ТРАВА Ф/П ЗДОРОВЬЕ,,,not_applicable,,false,false,,,,"{""m5_0_identity"": ""yes"", ""m5_0_manufacturer"": ""yes"", ""m5_0_notes"": """", ""m5_0_query"": ""yes"", ""m5_1_resolution_reason"": ""M5.0 identity and query were accepted (yes); no labeled defect to remediate."", ""m5_1_resolution_status"": ""not_applicable""}",yes,yes,yes,,not_applicable,M5.0 identity and query were accepted (yes); no labeled defect to remediate.,false,false,false,false,false,false,false,true,false,false,false,,yes,yes,yes,
1765,ЦИПРОТЕРОН-ТЕВА ТАБЛ. 50МГ №50 | ТЕВА ЧЕШСКИЕ ПРЕДПРИЯТИЯ С.Р.О. | ТЕВА ЧЕШСКИЕ ПРЕДПРИЯТИЯ С.Р.О.,Ципротерон,,none,unresolved_catalog,,,,new_enrichment,TRUE,ok,0,Ципротерон,rx,универсальный,Ципротерон,enrichment,FALSE,https://medi.ru/instrukciya/tsiproteron-teva_381/ | https://www.lsgeotar.ru/drugs/cyproterone-teva-AB0h | https://aptekamos.ru/tovary/lekarstva/ciproteron-1104/ciproteron-teva-tabletki-50mg-26637/instrukciya | https://www.vidal.ru/drugs/cyproterone-teva__6350 | https://www.lsgeotar.ru/drugs/cyproterone-teva-ACdc | https://health.mail.ru/drug/tsiproteronteva/ | https://medi.ru/instrukciya/tsiproteron-teva_381/ | https://www.vidal.ru/drugs/cyproterone-teva__6350 | https://health.mail.ru/drug/tsiproteronteva/ | https://aptekamos.ru/tovary/lekarstva/ciproteron-1104/ciproteron-teva-tabletki-50mg-26637/instrukciya | https://www.rlsnet.ru/drugs/ciproteron-teva-21548 | https://www.webapteka.ru/drugbase/name15462.html,"status=ok | Category=Drug | mnn=Ципротерон | RX_OTC=RX | Age=Универсальный | Ципротерон-Тева — лекарственный препарат, содержащий действующее вещество ципротерон (МНН). Согласно инструкции, он применяется для лечения рака предстательной железы у мужчин и симптомов андрогенизации у женщин (например, тяжелый гирсутизм, акне). Препарат отпускается по…",redesign/artifacts/mnn_identity_enrichment_pass_searxng_raw.jsonl,461,correct,correct,incorrect,,,возрастной сегмент - взрослый,rx,универсальный,identity_enrichment,mnn_identity_enrichment,mnn_identity_enrichment_pass_results,high,"identity enrichment run 461: status=ok, Category=Drug, RX/OTC=rx, evidence present",identity_enrichment,mnn_identity_enrichment,mnn_identity_enrichment_pass_results,high,"identity enrichment run 461: status=ok, Category=Drug, Age=универсальный, evidence present; weaker sources differ: sem_baseline=взрослые",rx,взрослые,,,,,rx,универсальный,"[{""value"": ""rx"", ""method"": ""identity_enrichment"", ""stage"": ""mnn_identity_enrichment"", ""source"": ""mnn_identity_enrichment_pass_results"", ""confidence"": ""high""}, {""value"": ""rx"", ""method"": ""sem_baseline"", ""stage"": ""sem1"", ""source"": ""sem_wave500_mnn_v3_report"", ""confidence"": ""medium""}]","[{""value"": ""универсальный"", ""method"": ""identity_enrichment"", ""stage"": ""mnn_identity_enrichment"", ""source"": ""mnn_identity_enrichment_pass_results"", ""confidence"": ""high""}, {""value"": ""взрослые"", ""method"": ""sem_baseline"", ""stage"": ""sem1"", ""source"": ""sem_wave500_mnn_v3_report"", ""confidence"": ""medium""}]",,,FALSE,FALSE,FALSE,FALSE,low,"[""source_match""]",previous enrichment RX/OTC absent; catalog RX/OTC absent/unknown; previous enrichment Age absent; catalog Age absent/unknown,ЦИПРОТЕРОН-ТЕВА; таблетки; 50 мг; N50; производитель: ТЕВА ЧЕШСКИЕ ПРЕДПРИЯТИЯ С.Р.О.,Ципротерон-Тева; таблетки; 50 мг; N50; ТЕВА ЧЕШСКИЕ ПРЕДПРИЯТИЯ С.Р.О.,Ципротерон-Тева таблетки 50 мг N50,ТЕВА ЧЕШСКИЕ ПРЕДПРИЯТИЯ С.Р.О.,Ципротерон-Тева,таблетки,таблетки,ТАБЛ.,50 мг,N50,,ТЕВА ЧЕШСКИЕ ПРЕДПРИЯТИЯ С.Р.О.,ТЕВА,manufacturer_deduped,,1,0,3,5,,false,false,false,false,false,false,norm_v4_experiment_m5_0,norm_v4_1_offline_pack_and_retrieval_remediation,Ципротерон-Тева; таблетки; 50 мг; N50; производитель: ТЕВА ЧЕШСКИЕ ПРЕДПРИЯТИЯ С.Р.О.,Ципротерон-Тева; таблетки; 50 мг; N50; ТЕВА ЧЕШСКИЕ ПРЕДПРИЯТИЯ С.Р.О.,Ципротерон-Тева таблетки 50 мг N50,ТЕВА ЧЕШСКИЕ ПРЕДПРИЯТИЯ С.Р.О.,"Ципротерон-Тева таблетки 50 мг N50, ТЕВА ЧЕШСКИЕ ПРЕДПРИЯТИЯ С.Р.О.",Ципротерон-Тева,таблетки,таблетки,ТАБЛ.,50 мг,ТЕВА ЧЕШСКИЕ ПРЕДПРИЯТИЯ С.Р.О.,ТЕВА,,unknown,,N50,№50,N50,parsed,,ЦИПРОТЕРОН-ТЕВА ТАБЛ. 50МГ,,,not_applicable,,false,false,,,,"{""m5_0_identity"": ""yes"", ""m5_0_manufacturer"": ""yes"", ""m5_0_notes"": """", ""m5_0_query"": ""yes"", ""m5_1_resolution_reason"": ""M5.0 identity and query were accepted (yes); no labeled defect to remediate."", ""m5_1_resolution_status"": ""not_applicable""}",yes,yes,yes,,not_applicable,M5.0 identity and query were accepted (yes); no labeled defect to remediate.,false,false,false,false,false,false,false,true,false,false,false,,yes,yes,yes,
2023,ЦЕЛЕКОКСИБ-ТЕВА КАПС. 200МГ №30 | УОТСОН ФАРМА ПРАЙВЭТ ЛИМИТЕД | УОТСОН ФАРМА ПРАЙВЭТ ЛИМИТЕД,Целекоксиб,,none,unresolved_catalog,,,,new_enrichment,TRUE,ok,0,Целекоксиб,rx,универсальный,Целекоксиб,enrichment,FALSE,https://aptekamos.ru/tovary/lekarstva/celekoksib-5352/celekoksib-teva-kapsuly-200mg-110832/instrukciya | https://www.rlsnet.ru/active-substance/celekoksib-2360 | https://megapteka.ru/specials/guide_celekoksib-instrukciya-po-6725 | https://www.rlsnet.ru/active-substance/etorikoksib-2890 | https://megapteka.ru/specials/guide_celeksib-instrukciya-po-6802 | https://www.rlsnet.ru/active-substance/celekoksib-2360 | https://www.vidal.ru/drugs/celecoxib-4 | https://zdravcity.ru/p_celekoksib-teva-kapsuly-200mg-30sht-0210302.html | https://recipe.ru/news/medpharm/minzdrav-rf-otmenil-registratsiyu-71-lekarstvennogo-sredstva/ | https://dsm.ru/upload/medialibrary/164/61vbxn9ib5bkrf0xyedyjx81a772rpca/DSM-Annual_report_2025_RU.pdf | https://zdravcity.ru/p_celekoksib-teva-kapsuly-200mg-30sht-0210302.html | https://dsm.ru/upload/medialibrary/164/61vbxn9ib5bkrf0xyedyjx81a772rpca/DSM-Annual_report_2025_RU.pdf,"status=ok | Category=Drug | mnn=Целекоксиб | RX_OTC=RX | Age=Универсальный | Целекоксиб-Тева является лекарственным средством (препаратом), действующим веществом которого является целекоксиб (МНН). Согласно инструкции, препарат применяется при остеоартрите, ревматоидном артрите, ювенильном ревматоидном артрите у пациентов от 2 лет и старше,…",redesign/artifacts/mnn_identity_enrichment_pass_searxng_raw.jsonl,461,correct,correct,incorrect,,,возрастной сегмент - взрослый,rx,универсальный,identity_enrichment,mnn_identity_enrichment,mnn_identity_enrichment_pass_results,high,"identity enrichment run 461: status=ok, Category=Drug, RX/OTC=rx, evidence present",identity_enrichment,mnn_identity_enrichment,mnn_identity_enrichment_pass_results,high,"identity enrichment run 461: status=ok, Category=Drug, Age=универсальный, evidence present; weaker sources differ: sem_baseline=взрослые",rx,взрослые,,,,,rx,универсальный,"[{""value"": ""rx"", ""method"": ""identity_enrichment"", ""stage"": ""mnn_identity_enrichment"", ""source"": ""mnn_identity_enrichment_pass_results"", ""confidence"": ""high""}, {""value"": ""rx"", ""method"": ""sem_baseline"", ""stage"": ""sem1"", ""source"": ""sem_wave500_mnn_v3_report"", ""confidence"": ""medium""}]","[{""value"": ""универсальный"", ""method"": ""identity_enrichment"", ""stage"": ""mnn_identity_enrichment"", ""source"": ""mnn_identity_enrichment_pass_results"", ""confidence"": ""high""}, {""value"": ""взрослые"", ""method"": ""sem_baseline"", ""stage"": ""sem1"", ""source"": ""sem_wave500_mnn_v3_report"", ""confidence"": ""medium""}]",,,FALSE,FALSE,FALSE,FALSE,low,"[""source_match""]",previous enrichment RX/OTC absent; catalog RX/OTC absent/unknown; previous enrichment Age absent; catalog Age absent/unknown,ЦЕЛЕКОКСИБ-ТЕВА; капсулы; 200 мг; N30; производитель: УОТСОН ФАРМА ПРАЙВЭТ ЛИМИТЕД,Целекоксиб-Тева; капсулы; 200 мг; N30; УОТСОН ФАРМА ПРАЙВЭТ ЛИМИТЕД,Целекоксиб-Тева капсулы 200 мг N30,УОТСОН ФАРМА ПРАЙВЭТ ЛИМИТЕД,Целекоксиб-Тева,капсулы,капсулы,КАПС.,200 мг,N30,,УОТСОН ФАРМА ПРАЙВЭТ ЛИМИТЕД,УОТСОН,manufacturer_deduped,,1,0,3,5,,false,false,false,false,false,false,norm_v4_experiment_m5_0,norm_v4_1_offline_pack_and_retrieval_remediation,Целекоксиб-Тева; капсулы; 200 мг; N30; производитель: УОТСОН ФАРМА ПРАЙВЭТ ЛИМИТЕД,Целекоксиб-Тева; капсулы; 200 мг; N30; УОТСОН ФАРМА ПРАЙВЭТ ЛИМИТЕД,Целекоксиб-Тева капсулы 200 мг N30,УОТСОН ФАРМА ПРАЙВЭТ ЛИМИТЕД,"Целекоксиб-Тева капсулы 200 мг N30, УОТСОН ФАРМА ПРАЙВЭТ ЛИМИТЕД",Целекоксиб-Тева,капсулы,капсулы,КАПС.,200 мг,УОТСОН ФАРМА ПРАЙВЭТ ЛИМИТЕД,УОТСОН,,unknown,,N30,№30,N30,parsed,,ЦЕЛЕКОКСИБ-ТЕВА КАПС. 200МГ,,,not_applicable,,false,false,,,,"{""m5_0_identity"": ""yes"", ""m5_0_manufacturer"": ""yes"", ""m5_0_notes"": """", ""m5_0_query"": ""yes"", ""m5_1_resolution_reason"": ""M5.0 identity and query were accepted (yes); no labeled defect to remediate."", ""m5_1_resolution_status"": ""not_applicable""}",yes,yes,yes,,not_applicable,M5.0 identity and query were accepted (yes); no labeled defect to remediate.,false,false,false,false,false,false,false,true,false,false,false,,yes,yes,yes,
2348,ХИЛАК ФОРТЕ КАПЛИ Д/ПРИЕМА ВНУТРЬ ВИШНЯ ФЛ. 100МЛ | МЕРКЛЕ ГМБХ | МЕРКЛЕ ГМБХ,,,none,unresolved_catalog,,,ok_partial,new_enrichment,TRUE,ok,0,Метаболиты бактерий,otc,универсальный,Метаболиты бактерий,enrichment,FALSE,https://www.rlsnet.ru/drugs/xilak-forte-3312 | https://megapteka.ru/specials/guide_hilak-forte-instrukciya-5798 | https://www.vidal.ru/drugs/hylak-forte-2 | https://uteka.ru/articles/lekarstvennye-preparaty/khilak-forte/ | https://www.asna.ru/product/khilak_forte/instruction/ | https://tabletka.ru/selection/khilak-forte/instruction/ | https://megapteka.ru/specials/guide_hilak-forte-instrukciya-5798 | https://zdravcity.ru/p_hilak-forte-kapli-mikroflory-kishechnika-30ml-0011941/r_ulanude/ | https://minicen.ru/tovar/26183 | https://ozerki.ru/catalog/product/khilak-forte-kapli-d-priema-vnutr-fl-30ml/ | https://zdravcity.ru/p_hilak-forte-kapli-dlja-mikroflory-kishechnika-vishnja-100ml-0093623.html | https://vitaexpress.ru/product/khilak_forte_kapli_dpr__vnutr_100ml/,"status=ok | Category=Drug | mnn=Метаболиты бактерий | RX_OTC=OTC | Age=Универсальный | Хилак форте — лекарственный препарат (метабиотик), содержащий продукты обмена нормальной микрофлоры кишечника (МНН: метаболиты бактерий). Отпускается без рецепта. Применяется у взрослых, детей и младенцев: взрослым по 40-60 капель, детям по 20-40 капель, младенцам по 15-30…",redesign/artifacts/mnn_identity_enrichment_pass_searxng_raw.jsonl,461,correct,correct,correct,,,,otc,универсальный,identity_enrichment,mnn_identity_enrichment,mnn_identity_enrichment_pass_results,high,"identity enrichment run 461: status=ok, Category=Drug, RX/OTC=otc, evidence present",identity_enrichment,mnn_identity_enrichment,mnn_identity_enrichment_pass_results,high,"identity enrichment run 461: status=ok, Category=Drug, Age=универсальный, evidence present",otc,,,,otc,универсальный,otc,универсальный,"[{""value"": ""otc"", ""method"": ""identity_enrichment"", ""stage"": ""mnn_identity_enrichment"", ""source"": ""mnn_identity_enrichment_pass_results"", ""confidence"": ""high""}, {""value"": ""otc"", ""method"": ""previous_enrichment"", ""stage"": ""previous_mnn_enrichment"", ""source"": ""mnn_catalog_resolution_wave500_v3"", ""confidence"": ""high""}, {""value"": ""otc"", ""method"": ""sem_baseline"", ""stage"": ""sem1"", ""source"": ""sem_wave500_mnn_v3_report"", ""confidence"": ""medium""}]","[{""value"": ""универсальный"", ""method"": ""identity_enrichment"", ""stage"": ""mnn_identity_enrichment"", ""source"": ""mnn_identity_enrichment_pass_results"", ""confidence"": ""high""}, {""value"": ""универсальный"", ""method"": ""previous_enrichment"", ""stage"": ""previous_mnn_enrichment"", ""source"": ""mnn_catalog_resolution_wave500_v3"", ""confidence"": ""high""}]",,,FALSE,FALSE,FALSE,FALSE,low,"[""source_match""]",previous enrichment RX/OTC present but status not ok; catalog RX/OTC absent/unknown; previous enrichment Age present but status not ok; Sem Age absent; catalog Age absent/unknown,"ХИЛАК ФОРТЕ; капли, для приема внутрь; 100 мл; ВИШНЯ; производитель: МЕРКЛЕ ГМБХ",Хилак Форте; капли; [missing_strength]; 100 мл; МЕРКЛЕ ГМБХ,Хилак Форте капли 100 мл,МЕРКЛЕ ГМБХ,Хилак Форте,капли,"капли, для приема внутрь",КАПЛИ,,100 мл,,МЕРКЛЕ ГМБХ,МЕРКЛЕ,missing_strength|manufacturer_deduped,no strength token extracted,1,0,3,4,,false,false,false,false,false,false,norm_v4_experiment_m5_0,norm_v4_1_offline_pack_and_retrieval_remediation,"Хилак Форте; капли, для приема внутрь; флакон 100 мл, N1; ВИШНЯ; производитель: МЕРКЛЕ ГМБХ","Хилак Форте; капли; флакон 100 мл, N1; МЕРКЛЕ ГМБХ",Хилак Форте капли флакон 100 мл N1 ВИШНЯ,МЕРКЛЕ ГМБХ,"Хилак Форте капли флакон 100 мл N1 ВИШНЯ, МЕРКЛЕ ГМБХ",Хилак Форте,капли,"капли, для приема внутрь",КАПЛИ,,МЕРКЛЕ ГМБХ,МЕРКЛЕ,ФЛ.,флакон,100 мл,N1,ФЛ. 100МЛ,"флакон 100 мл, N1",parsed,implicit_single_unit_count,ХИЛАК ФОРТЕ КАПЛИ Д/ПРИЕМА ВНУТРЬ ВИШНЯ,,,not_applicable,,false,false,ВИШНЯ,implicit_single_unit_count|query_gained_container|query_gained_pack_count,implicit_single_unit_count,"{""m5_0_identity"": ""uncertain"", ""m5_0_manufacturer"": ""yes"", ""m5_0_notes"": ""severity=policy_needed; reason=container_not_structured; source_pack=\""фл. 100 мл\""; actual_pack=\""100 мл\""; expected=\""фл. 100 мл; count=1\""; action=\""add_container_and_unit_content_fields\"""", ""m5_0_query"": ""uncertain"", ""m5_1_resolution_reason"": ""Structured флакон + 100 мл from source ФЛ. 100МЛ. Strength left empty (none in source)."", ""m5_1_resolution_status"": ""resolved""}",uncertain,uncertain,yes,"severity=policy_needed; reason=container_not_structured; source_pack=""фл. 100 мл""; actual_pack=""100 мл""; expected=""фл. 100 мл; count=1""; action=""add_container_and_unit_content_fields""",resolved,Structured флакон + 100 мл from source ФЛ. 100МЛ. Strength left empty (none in source).,false,false,false,false,false,false,false,true,true,false,true,,uncertain,uncertain,yes,"severity=policy_needed; reason=container_not_structured; source_pack=""фл. 100 мл""; actual_pack=""100 мл""; expected=""фл. 100 мл; count=1""; action=""add_container_and_unit_content_fields"""
2621,ФУРАЦИЛИН ТАБЛ. Д/Р-РА Д/МЕСТН. И НАРУЖ. ПРИМ. 20МГ №20 ТАТХИМФАРМПРЕПАРАТЫ | ТАТХИМФАРМПРЕПАРАТЫ АО | ТАТХИМФАРМПРЕПАРАТЫ АО,Нитрофурал,,none,resolved_enrichment,,Нитрофурал,ok,reuse_existing_enrichment,FALSE,,0,,,,Нитрофурал,enrichment,FALSE,,pass_action=reuse_existing_enrichment; identity_gate_already_used_enrichment,redesign/artifacts/mnn_identity_enrichment_pass_searxng_raw.jsonl,461,correct,incorrect,correct,,,препарат OTC,rx,универсальный,previous_enrichment,previous_mnn_enrichment,mnn_catalog_resolution_wave500_v3,high,"reused prior enrichment: status=ok, validated RX/OTC=rx",previous_enrichment,previous_mnn_enrichment,mnn_catalog_resolution_wave500_v3,high,"reused prior enrichment: status=ok, validated Age=универсальный; weaker sources differ: sem_baseline=взрослые",rx,взрослые,,,rx,универсальный,,,"[{""value"": ""rx"", ""method"": ""previous_enrichment"", ""stage"": ""previous_mnn_enrichment"", ""source"": ""mnn_catalog_resolution_wave500_v3"", ""confidence"": ""high""}, {""value"": ""rx"", ""method"": ""sem_baseline"", ""stage"": ""sem1"", ""source"": ""sem_wave500_mnn_v3_report"", ""confidence"": ""medium""}]","[{""value"": ""универсальный"", ""method"": ""previous_enrichment"", ""stage"": ""previous_mnn_enrichment"", ""source"": ""mnn_catalog_resolution_wave500_v3"", ""confidence"": ""high""}, {""value"": ""взрослые"", ""method"": ""sem_baseline"", ""stage"": ""sem1"", ""source"": ""sem_wave500_mnn_v3_report"", ""confidence"": ""medium""}]",,,FALSE,FALSE,FALSE,FALSE,low,"[""mnn""]",catalog RX/OTC absent/unknown; catalog Age absent/unknown,ФУРАЦИЛИН; таблетки; 20 мг; N20; производитель: ТАТХИМФАРМПРЕПАРАТЫ АО,Фурацилин; таблетки; 20 мг; N20; ТАТХИМФАРМПРЕПАРАТЫ АО,Фурацилин таблетки 20 мг N20,ТАТХИМФАРМПРЕПАРАТЫ АО,Фурацилин,таблетки,таблетки,ТАБЛ.,20 мг,N20,,ТАТХИМФАРМПРЕПАРАТЫ АО,ТАТХИМФАРМПРЕПАРАТЫ,manufacturer_deduped,,2,0,3,5,,false,false,false,false,false,false,norm_v4_experiment_m5_0,norm_v4_1_offline_pack_and_retrieval_remediation,Фурацилин; таблетки; 20 мг; N20; производитель: ТАТХИМФАРМПРЕПАРАТЫ АО,Фурацилин; таблетки; 20 мг; N20; ТАТХИМФАРМПРЕПАРАТЫ АО,Фурацилин таблетки 20 мг N20,ТАТХИМФАРМПРЕПАРАТЫ АО,"Фурацилин таблетки 20 мг N20, ТАТХИМФАРМПРЕПАРАТЫ АО",Фурацилин,таблетки,таблетки,ТАБЛ.,20 мг,ТАТХИМФАРМПРЕПАРАТЫ АО,ТАТХИМФАРМПРЕПАРАТЫ,,unknown,,N20,№20,N20,parsed,,ФУРАЦИЛИН ТАБЛ. Д/Р-РА Д/МЕСТН. И НАРУЖ. ПРИМ. 20МГ ТАТХИМФАРМПРЕПАРАТЫ,,,not_applicable,,false,false,,,,"{""m5_0_identity"": ""yes"", ""m5_0_manufacturer"": ""yes"", ""m5_0_notes"": """", ""m5_0_query"": ""yes"", ""m5_1_resolution_reason"": ""M5.0 identity and query were accepted (yes); no labeled defect to remediate."", ""m5_1_resolution_status"": ""not_applicable""}",yes,yes,yes,,not_applicable,M5.0 identity and query were accepted (yes); no labeled defect to remediate.,false,false,false,false,false,false,false,true,false,false,false,,yes,yes,yes,
3027,ФЛУОКСЕТИН КАПС. 10МГ №20 ОЗОН | ОЗОН ООО | ОЗОН ООО,Флуоксетин,,none,unresolved_catalog,,,,new_enrichment,TRUE,ok,0,Флуоксетин,rx,универсальный,Флуоксетин,enrichment,FALSE,https://www.rlsnet.ru/active-substance/fluoksetin-264 | https://www.rlsnet.ru/drugs/fluoksetin-16275 | https://aptekamos.ru/tovary/lekarstva/fluoksetin-999/profluzak-kapsuly-20mg-21518/instrukciya | https://aptekamos.ru/tovary/lekarstva/fluoksetin-999/fluoksetin-kapsuly-20mg-25971/instrukciya | https://www.vidal.ru/drugs/molecule/433 | https://grls.rosminzdrav.ru/grls.aspx | https://www.vidal.ru/drugs/fluoxetine__13699 | https://www.rlsnet.ru/drugs/fluoksetin-16275 | https://www.vidal.ru/drugs/fluoxetine__13699 | https://www.asna.ru/product/fluoksetin/instruction/ | https://www.rlsnet.ru/active-substance/fluoksetin-264 | https://aptekamos.ru/tovary/lekarstva/fluoksetin-999/fluoksetin-kapsuly-10mg-26666/instrukciya,"status=ok | Category=Drug | mnn=Флуоксетин | RX_OTC=RX | Age=Универсальный | Флуоксетин является лекарственным средством (антидепрессантом) с действующим веществом флуоксетин (МНН). Согласно данным из Государственного реестра лекарственных средств (ГРЛС), препарат отпускается по рецепту (источник: grls.pharm-portal.ru). Инструкция по применению…",redesign/artifacts/mnn_identity_enrichment_pass_searxng_raw.jsonl,461,correct,correct,incorrect,,,возрастной сегмент - взрослый,rx,универсальный,identity_enrichment,mnn_identity_enrichment,mnn_identity_enrichment_pass_results,high,"identity enrichment run 461: status=ok, Category=Drug, RX/OTC=rx, evidence present",identity_enrichment,mnn_identity_enrichment,mnn_identity_enrichment_pass_results,high,"identity enrichment run 461: status=ok, Category=Drug, Age=универсальный, evidence present; weaker sources differ: sem_baseline=взрослые",rx,взрослые,,,,,rx,универсальный,"[{""value"": ""rx"", ""method"": ""identity_enrichment"", ""stage"": ""mnn_identity_enrichment"", ""source"": ""mnn_identity_enrichment_pass_results"", ""confidence"": ""high""}, {""value"": ""rx"", ""method"": ""sem_baseline"", ""stage"": ""sem1"", ""source"": ""sem_wave500_mnn_v3_report"", ""confidence"": ""medium""}]","[{""value"": ""универсальный"", ""method"": ""identity_enrichment"", ""stage"": ""mnn_identity_enrichment"", ""source"": ""mnn_identity_enrichment_pass_results"", ""confidence"": ""high""}, {""value"": ""взрослые"", ""method"": ""sem_baseline"", ""stage"": ""sem1"", ""source"": ""sem_wave500_mnn_v3_report"", ""confidence"": ""medium""}]",,,FALSE,FALSE,FALSE,FALSE,low,"[""source_match""]",previous enrichment RX/OTC absent; catalog RX/OTC absent/unknown; previous enrichment Age absent; catalog Age absent/unknown,ФЛУОКСЕТИН; капсулы; 10 мг; N20; производитель: ОЗОН ООО,Флуоксетин; капсулы; 10 мг; N20; ОЗОН ООО,Флуоксетин капсулы 10 мг N20,ОЗОН ООО,Флуоксетин,капсулы,капсулы,КАПС.,10 мг,N20,,ОЗОН ООО,ОЗОН,manufacturer_deduped,,2,0,3,5,,false,false,false,false,false,false,norm_v4_experiment_m5_0,norm_v4_1_offline_pack_and_retrieval_remediation,Флуоксетин; капсулы; 10 мг; N20; производитель: ОЗОН ООО,Флуоксетин; капсулы; 10 мг; N20; ОЗОН ООО,Флуоксетин капсулы 10 мг N20,ОЗОН ООО,"Флуоксетин капсулы 10 мг N20, ОЗОН ООО",Флуоксетин,капсулы,капсулы,КАПС.,10 мг,ОЗОН ООО,ОЗОН,,unknown,,N20,№20,N20,parsed,,ФЛУОКСЕТИН КАПС. 10МГ ОЗОН,,,not_applicable,,false,false,,,,"{""m5_0_identity"": ""yes"", ""m5_0_manufacturer"": ""yes"", ""m5_0_notes"": """", ""m5_0_query"": ""yes"", ""m5_1_resolution_reason"": ""M5.0 identity and query were accepted (yes); no labeled defect to remediate."", ""m5_1_resolution_status"": ""not_applicable""}",yes,yes,yes,,not_applicable,M5.0 identity and query were accepted (yes); no labeled defect to remediate.,false,false,false,false,false,false,false,true,false,false,false,,yes,yes,yes,
3065,ФЛУКОНАЗОЛ-OBL КАПС. 150МГ №4 | ОБОЛЕНСКОЕ ФП АО | ОБОЛЕНСКОЕ ФП АО,Флуконазол,,none,resolved_catalog,Флуконазол,,,skip_catalog,FALSE,,0,,,,Флуконазол,catalog_consensus,FALSE,,pass_action=skip_catalog; catalog_consensus_retained,redesign/artifacts/mnn_identity_enrichment_pass_searxng_raw.jsonl,461,correct,incorrect,incorrect,,,"препарат otc, возрастной сегмент - универсальный",rx,unknown,sem_baseline,sem1,sem_wave500_mnn_v3_report,medium,Sem v3 canonical attr contains RX/OTC=rx,not_resolved,none,none,unknown,no accepted pipeline source contains Age; display value unknown,rx,,otc,,,,,,"[{""value"": ""rx"", ""method"": ""sem_baseline"", ""stage"": ""sem1"", ""source"": ""sem_wave500_mnn_v3_report"", ""confidence"": ""medium""}, {""value"": ""otc"", ""method"": ""catalog"", ""stage"": ""catalog_resolution"", ""source"": ""mnn_catalog_resolution_wave500_v3_identity_gate"", ""confidence"": ""medium""}]",[],,,FALSE,FALSE,TRUE,TRUE,high,"[""age""]",previous enrichment RX/OTC absent; previous enrichment Age absent; Sem Age absent; catalog Age absent/unknown,ФЛУКОНАЗОЛ-OBL; капсулы; 150 мг; N4; производитель: ОБОЛЕНСКОЕ ФП АО,Флуконазол-OBL; капсулы; 150 мг; N4; ОБОЛЕНСКОЕ ФП АО,Флуконазол-OBL капсулы 150 мг N4,ОБОЛЕНСКОЕ ФП АО,Флуконазол-OBL,капсулы,капсулы,КАПС.,150 мг,N4,,ОБОЛЕНСКОЕ ФП АО,ОБОЛЕНСКОЕ,manufacturer_deduped,,1,0,3,5,,false,false,false,false,false,false,norm_v4_experiment_m5_0,norm_v4_1_offline_pack_and_retrieval_remediation,Флуконазол-OBL; капсулы; 150 мг; N4; производитель: ОБОЛЕНСКОЕ ФП АО,Флуконазол-OBL; капсулы; 150 мг; N4; ОБОЛЕНСКОЕ ФП АО,Флуконазол-OBL капсулы 150 мг N4,ОБОЛЕНСКОЕ ФП АО,"Флуконазол-OBL капсулы 150 мг N4, ОБОЛЕНСКОЕ ФП АО",Флуконазол-OBL,капсулы,капсулы,КАПС.,150 мг,ОБОЛЕНСКОЕ ФП АО,ОБОЛЕНСКОЕ,,unknown,,N4,№4,N4,parsed,,ФЛУКОНАЗОЛ-OBL КАПС. 150МГ,,,not_applicable,,false,false,,,,"{""m5_0_identity"": ""yes"", ""m5_0_manufacturer"": ""yes"", ""m5_0_notes"": """", ""m5_0_query"": ""yes"", ""m5_1_resolution_reason"": ""M5.0 identity and query were accepted (yes); no labeled defect to remediate."", ""m5_1_resolution_status"": ""not_applicable""}",yes,yes,yes,,not_applicable,M5.0 identity and query were accepted (yes); no labeled defect to remediate.,false,false,false,false,false,false,false,true,false,false,false,,yes,yes,yes,
3556,"ФИЗИОТЕНЗ ТАБЛ. П/ПЛЕН/ОБ. 0,4МГ №28 ВЕРОФАРМ | ВЕРОФАРМ АО | ВЕРОФАРМ АО",Моксонидин,,none,unresolved_catalog,,,,new_enrichment,TRUE,ok,0,Моксонидин,rx,взрослые,Моксонидин,enrichment,FALSE,https://www.rlsnet.ru/drugs/fiziotenz-9564 | https://megapteka.ru/specials/guide_fiziotenz-instrukciya-po-5257 | https://aptekamos.ru/tovary/lekarstva/moksonidin-578/fiziotenz-tabletki-0-4mg-25262/instrukciya | https://www.rlsnet.ru/active-substance/moksonidin-1086 | https://www.rlsnet.ru/drugs/fiziotenz-9564 | https://www.vidal.ru/drugs/physiotens__1277 | https://megapteka.ru/specials/guide_fiziotenz-instrukciya-po-5257 | https://www.asna.ru/product/fiziotenz/instruction/ | https://prg.kz/document/?doc_id=33659055 | https://tabletka.ru/selection/fiziotenz/instruction/ | https://apteka.103.by/fiziotenz-instruktsiya/ | https://zdravcity.ru/p_fiziotenz-tab-p-o-pljon-0-4mg-n28-0129536.html,"status=ok | Category=Drug | mnn=Моксонидин | RX_OTC=RX | Age=Взрослый | Физиотенз является лекарственным препаратом, действующим веществом которого является моксонидин (МНН). Препарат относится к группе антигипертензивных средств центрального действия и применяется для лечения артериальной гипертензии у взрослых пациентов. Инструкция по применению…",redesign/artifacts/mnn_identity_enrichment_pass_searxng_raw.jsonl,461,correct,correct,correct,,,,rx,взрослые,identity_enrichment,mnn_identity_enrichment,mnn_identity_enrichment_pass_results,high,"identity enrichment run 461: status=ok, Category=Drug, RX/OTC=rx, evidence present",identity_enrichment,mnn_identity_enrichment,mnn_identity_enrichment_pass_results,high,"identity enrichment run 461: status=ok, Category=Drug, Age=взрослые, evidence present",rx,взрослые,,,,,rx,взрослые,"[{""value"": ""rx"", ""method"": ""identity_enrichment"", ""stage"": ""mnn_identity_enrichment"", ""source"": ""mnn_identity_enrichment_pass_results"", ""confidence"": ""high""}, {""value"": ""rx"", ""method"": ""sem_baseline"", ""stage"": ""sem1"", ""source"": ""sem_wave500_mnn_v3_report"", ""confidence"": ""medium""}]","[{""value"": ""взрослые"", ""method"": ""identity_enrichment"", ""stage"": ""mnn_identity_enrichment"", ""source"": ""mnn_identity_enrichment_pass_results"", ""confidence"": ""high""}, {""value"": ""взрослые"", ""method"": ""sem_baseline"", ""stage"": ""sem1"", ""source"": ""sem_wave500_mnn_v3_report"", ""confidence"": ""medium""}]",,,FALSE,FALSE,FALSE,FALSE,low,"[""source_match""]",previous enrichment RX/OTC absent; catalog RX/OTC absent/unknown; previous enrichment Age absent; catalog Age absent/unknown,"ФИЗИОТЕНЗ; таблетки, покрытые пленочной оболочкой; 0.4 мг; N28; производитель: ВЕРОФАРМ АО",Физиотенз; таблетки; 0.4 мг; N28; ВЕРОФАРМ АО,Физиотенз таблетки 0.4 мг N28,ВЕРОФАРМ АО,Физиотенз,таблетки,"таблетки, покрытые пленочной оболочкой",ТАБЛ.,0.4 мг,N28,,ВЕРОФАРМ АО,ВЕРОФАРМ,manufacturer_deduped,,2,0,3,5,,false,false,false,false,false,false,norm_v4_experiment_m5_0,norm_v4_1_offline_pack_and_retrieval_remediation,"Физиотенз; таблетки, покрытые пленочной оболочкой; 0.4 мг; N28; производитель: ВЕРОФАРМ АО",Физиотенз; таблетки; 0.4 мг; N28; ВЕРОФАРМ АО,Физиотенз таблетки 0.4 мг N28,ВЕРОФАРМ АО,"Физиотенз таблетки 0.4 мг N28, ВЕРОФАРМ АО",Физиотенз,таблетки,"таблетки, покрытые пленочной оболочкой",ТАБЛ.,0.4 мг,ВЕРОФАРМ АО,ВЕРОФАРМ,,unknown,,N28,№28,N28,parsed,,"ФИЗИОТЕНЗ ТАБЛ. П/ПЛЕН/ОБ. 0,4МГ ВЕРОФАРМ",,,not_applicable,,false,false,,,,"{""m5_0_identity"": ""yes"", ""m5_0_manufacturer"": ""yes"", ""m5_0_notes"": """", ""m5_0_query"": ""yes"", ""m5_1_resolution_reason"": ""M5.0 identity and query were accepted (yes); no labeled defect to remediate."", ""m5_1_resolution_status"": ""not_applicable""}",yes,yes,yes,,not_applicable,M5.0 identity and query were accepted (yes); no labeled defect to remediate.,false,false,false,false,false,false,false,true,false,false,false,,yes,yes,yes,
3759,ФАСПИК ГРАН. Д/Р-РА Д/ПРИЕМА ВНУТРЬ АБРИКОС 400МГ ПАК. 3Г №12 | ЗАМБОН СВИТЦЕЛАНД ЛТД. | ЗАМБОН СВИТЦЕЛАНД ЛТД.,,,none,unresolved_catalog,,,,new_enrichment,TRUE,ok,0,Ибупрофен,otc,универсальный,Ибупрофен,enrichment,FALSE,https://megapteka.ru/specials/guide_faspik-instrukciya-po-7234 | https://grls.rosminzdrav.ru/ | https://medvisor.ru/medicine/drug/faspik_41214/ | https://medvisor.ru/medicine/drug/faspik-tabletki_76829/ | https://medi.ru/instrukciya/faspik_24071/ | https://www.vidal.ru/drugs/faspic__11402 | https://www.vidal.ru/drugs/faspic__14828 | https://www.rlsnet.ru/drugs/faspik-26912 | https://aptekamos.ru/tovary/lekarstva/ibuprofen-333/faspik-tabletki-400mg-48509/instrukciya | https://apteka.103.by/faspik-instruktsiya/ | https://apteka.ru/product/faspik-04-n6-tabl-po-5e3274b3f5a9ae000140e09a/instructions/ | https://health.mail.ru/drug/faspic/,"status=ok | Category=Drug | mnn=ибупрофен | RX_OTC=OTC | Age=Универсальный | Фаспик — лекарственный препарат, содержащий ибупрофен (МНН: ибупрофен). Согласно инструкции, он оказывает противовоспалительное, анальгезирующее и жаропонижающее действие (Видаль: https://www.vidal.ru/drugs/faspic__11402). Препарат применяется у взрослых и детей старше 6 лет…",redesign/artifacts/mnn_identity_enrichment_pass_searxng_raw.jsonl,461,correct,correct,correct,,,,otc,универсальный,identity_enrichment,mnn_identity_enrichment,mnn_identity_enrichment_pass_results,high,"identity enrichment run 461: status=ok, Category=Drug, RX/OTC=otc, evidence present",identity_enrichment,mnn_identity_enrichment,mnn_identity_enrichment_pass_results,high,"identity enrichment run 461: status=ok, Category=Drug, Age=универсальный, evidence present",otc,,,,,,otc,универсальный,"[{""value"": ""otc"", ""method"": ""identity_enrichment"", ""stage"": ""mnn_identity_enrichment"", ""source"": ""mnn_identity_enrichment_pass_results"", ""confidence"": ""high""}, {""value"": ""otc"", ""method"": ""sem_baseline"", ""stage"": ""sem1"", ""source"": ""sem_wave500_mnn_v3_report"", ""confidence"": ""medium""}]","[{""value"": ""универсальный"", ""method"": ""identity_enrichment"", ""stage"": ""mnn_identity_enrichment"", ""source"": ""mnn_identity_enrichment_pass_results"", ""confidence"": ""high""}]",,,FALSE,FALSE,FALSE,FALSE,low,"[""source_match""]",previous enrichment RX/OTC absent; catalog RX/OTC absent/unknown; previous enrichment Age absent; Sem Age absent; catalog Age absent/unknown,"ФАСПИК; гранулы, для приготовления раствора для приема внутрь; 400 мг; 3 г; N12; АБРИКОС; производитель: ЗАМБОН СВИТЦЕЛАНД ЛТД.",Фаспик; порошок; 400 мг; N12; ЗАМБОН СВИТЦЕЛАНД ЛТД.,Фаспик порошок 400 мг N12,ЗАМБОН СВИТЦЕЛАНД ЛТД.,Фаспик,порошок,"гранулы, для приготовления раствора для приема внутрь",ГРАН.,400 мг,N12,3 г,ЗАМБОН СВИТЦЕЛАНД ЛТД.,ЗАМБОН,parse_ambiguous|manufacturer_deduped,гранулы mapped toward порошок; raw kept in display,1,0,3,5,ambiguous_parse,false,false,false,false,false,true,norm_v4_experiment_m5_0,norm_v4_1_offline_pack_and_retrieval_remediation,"Фаспик; гранулы, для приготовления раствора для приема внутрь; 400 мг; пакет 3 г, N12; АБРИКОС; производитель: ЗАМБОН СВИТЦЕЛАНД ЛТД.","Фаспик; гранулы; 400 мг; пакет 3 г, N12; ЗАМБОН СВИТЦЕЛАНД ЛТД.",Фаспик гранулы 400 мг пакет 3 г N12 АБРИКОС,ЗАМБОН СВИТЦЕЛАНД ЛТД.,"Фаспик гранулы 400 мг пакет 3 г N12 АБРИКОС, ЗАМБОН СВИТЦЕЛАНД ЛТД.",Фаспик,гранулы,"гранулы, для приготовления раствора для приема внутрь",ГРАН.,400 мг,ЗАМБОН СВИТЦЕЛАНД ЛТД.,ЗАМБОН,ПАК.,пакет,3 г,N12,ПАК. 3Г №12,"пакет 3 г, N12",parsed,,ФАСПИК ГРАН. Д/Р-РА Д/ПРИЕМА ВНУТРЬ АБРИКОС 400МГ,,,not_applicable,,false,false,АБРИКОС,form_vocab_granules_kept|query_gained_container|query_gained_unit_amount,гранулы kept as canonical; not mapped to порошок,"{""m5_0_identity"": ""yes"", ""m5_0_manufacturer"": ""yes"", ""m5_0_notes"": """", ""m5_0_query"": ""yes"", ""m5_1_resolution_reason"": ""M5.0 identity and query were accepted (yes); no labeled defect to remediate."", ""m5_1_resolution_status"": ""not_applicable""}",yes,yes,yes,,not_applicable,M5.0 identity and query were accepted (yes); no labeled defect to remediate.,false,false,false,false,false,false,false,true,true,true,false,,yes,yes,yes,
3763,ФАРМГРУПП НАСТОЙКА 5 ТРАВ УСПОКОИТЕЛЬНАЯ ФЛ. 250МЛ | ФАРМГРУПП ООО | ФАРМГРУПП ООО,,,none,unresolved_catalog,,,ok,new_enrichment,TRUE,ok,0,,unknown,взрослые,,unresolved_final,TRUE,https://yandex.ru/medicine/medicaments/5-trav-uspokoitel-naja-nastojka | https://www.rlsnet.ru/baa/nastoika-5-trav-uspokoitelnaya-87383 | https://www.asna.ru/cards/5_trav_nastoyka_uspokoitelnaya_250ml_farmgrupp.html | https://apteka.103.by/nastoyka-5-trav-uspokoitelnaya-instruktsiya/ | https://www.rlsnet.ru/baa/nastoika-5-trav-uspokoitelnaya-87383 | https://pharm-medexpert.ru/news2/ | https://farmgrup.ru/catalog/fito-produktsiya/nastojka-5-trav-uspokoitelnaya.html | https://www.pmedpharm.ru/upload/iblock/3e8/7w2d78qy3esv8ss5vcz25zhopmmgw3yc/D0_91_D0_95_D0_9B_D0_98_D0_9A_D0_9E_D0_92_2020_D1_81_D0_B0_D0_B9_D1_82_281_29.pdf | https://pharm-medexpert.ru/news2/ | https://farmgrup.ru/catalog/fito-produktsiya/nastojka-5-trav-uspokoitelnaya.html | https://farmgrup.ru/catalog/fito-produktsiya/nastojka-5-trav-uspokoitelnaya.html | https://planetazdorovo.ru/catalog/lekarstva-i-bad/nevrologiya-psikhiatriya/uspokoitelnye-sedativnye/5-trav-nastojka-uspokoitelnaya-40967903/,"status=ok | Category=BAS | RX_OTC=not applicable | Age=Взрослый | Согласно найденным источникам, продукт «ФАРМГРУПП НАСТОЙКА 5 ТРАВ УСПОКОИТЕЛЬНАЯ» рекомендуется в качестве биологически активной добавки к пище (БАД) — источника дубильных веществ (танинов) и гидроксикоричных кислот (источники: spb.asna.ru, market.yandex.ru). Применяется как…",redesign/artifacts/mnn_identity_enrichment_pass_searxng_raw.jsonl,461,should_be_empty,,,,,BAS,not_applicable,not_applicable,not_applicable,mnn_identity_enrichment,mnn_identity_enrichment_pass_searxng_raw,high,identity enrichment run 461: Category=BAS/Other; RX/OTC not applicable,not_applicable,mnn_identity_enrichment,mnn_identity_enrichment_pass_searxng_raw,high,identity enrichment run 461: Category=BAS/Other; Age not applicable,otc,взрослые,,,,взрослые,,взрослые,"[{""value"": ""otc"", ""method"": ""sem_baseline"", ""stage"": ""sem1"", ""source"": ""sem_wave500_mnn_v3_report"", ""confidence"": ""medium""}]","[{""value"": ""взрослые"", ""method"": ""identity_enrichment"", ""stage"": ""mnn_identity_enrichment"", ""source"": ""mnn_identity_enrichment_pass_results"", ""confidence"": ""high""}, {""value"": ""взрослые"", ""method"": ""previous_enrichment"", ""stage"": ""previous_mnn_enrichment"", ""source"": ""mnn_catalog_resolution_wave500_v3"", ""confidence"": ""high""}, {""value"": ""взрослые"", ""method"": ""sem_baseline"", ""stage"": ""sem1"", ""source"": ""sem_wave500_mnn_v3_report"", ""confidence"": ""medium""}]",,,TRUE,FALSE,FALSE,TRUE,high,"[""mnn"", ""non_drug_status"", ""source_match""]",,ФАРМГРУПП; настойка; 250 мл; 5 ТРАВ УСПОКОИТЕЛЬНАЯ; производитель: ФАРМГРУПП ООО,Фармгрупп; настойка; [missing_strength]; 250 мл; ФАРМГРУПП ООО,Фармгрупп настойка 250 мл,ФАРМГРУПП ООО,Фармгрупп,настойка,настойка,НАСТОЙКА,,250 мл,,ФАРМГРУПП ООО,ФАРМГРУПП,missing_strength|manufacturer_deduped|parse_ambiguous,no strength token extracted; unclassified head remnant retained: 5 ТРАВ УСПОКОИТЕЛЬНАЯ,1,0,3,4,ambiguous_parse,false,false,false,false,false,true,norm_v4_experiment_m5_0,norm_v4_1_offline_pack_and_retrieval_remediation,"5 ТРАВ УСПОКОИТЕЛЬНАЯ; настойка; флакон 250 мл, N1; производитель: ФАРМГРУПП ООО","5 трав успокоительная; настойка; флакон 250 мл, N1; ФАРМГРУПП ООО",5 трав успокоительная настойка флакон 250 мл N1,ФАРМГРУПП ООО,"5 трав успокоительная настойка флакон 250 мл N1, ФАРМГРУПП ООО",5 трав успокоительная,настойка,настойка,НАСТОЙКА,,ФАРМГРУПП ООО,ФАРМГРУПП,ФЛ.,флакон,250 мл,N1,ФЛ. 250МЛ,"флакон 250 мл, N1",parsed,implicit_single_unit_count,ФАРМГРУПП НАСТОЙКА 5 ТРАВ УСПОКОИТЕЛЬНАЯ,ФАРМГРУПП,5 ТРАВ УСПОКОИТЕЛЬНАЯ,recovered,product_name_variant_needs_policy,true,true,,implicit_single_unit_count|manufacturer_prefix_in_product_name|product_name_variant_needs_policy|query_gained_container|query_gained_pack_count,implicit_single_unit_count; product_name_variant_needs_policy,"{""m5_0_identity"": ""no"", ""m5_0_manufacturer"": ""yes"", ""m5_0_notes"": ""severity=critical; reason=brand_role_misattributed_and_product_name_loss; source_head=\""ФАРМГРУПП НАСТОЙКА 5 ТРАВ УСПОКОИТЕЛЬНАЯ\""; source_manufacturer=\""ФАРМГРУПП ООО\""; actual_brand=\""Фармгрупп\""; expected_brand=\""5 трав успокоительная\""; lost_tokens=\""5 трав|успокоительная\""; actual_query=\""Фармгрупп настойка 250 мл\""; expected_query=\""5 трав успокоительная настойка флакон 250 мл\""; action=\""add_manufacturer_prefix_detection_and_name_recovery_rule\"""", ""m5_0_query"": ""uncertain"", ""m5_1_resolution_reason"": ""Manufacturer prefix stripped from brand; remainder 5 трав успокоительная used. Query keeps remainder+настойка+флакон+250 мл; retrieval adds ФАРМГРУПП ООО. Flagged product_name_variant_needs_policy (no invented 'средство')."", ""m5_1_resolution_status"": ""resolved""}",no,uncertain,yes,"severity=critical; reason=brand_role_misattributed_and_product_name_loss; source_head=""ФАРМГРУПП НАСТОЙКА 5 ТРАВ УСПОКОИТЕЛЬНАЯ""; source_manufacturer=""ФАРМГРУПП ООО""; actual_brand=""Фармгрупп""; expected_brand=""5 трав успокоительная""; lost_tokens=""5 трав|успокоительная""; actual_query=""Фармгрупп настойка 250 мл""; expected_query=""5 трав успокоительная настойка флакон 250 мл""; action=""add_manufacturer_prefix_detection_and_name_recovery_rule""",resolved,Manufacturer prefix stripped from brand; remainder 5 трав успокоительная used. Query keeps remainder+настойка+флакон+250 мл; retrieval adds ФАРМГРУПП ООО. Flagged product_name_variant_needs_policy (no invented 'средство').,false,false,false,false,false,false,false,true,true,false,true,,no,uncertain,yes,"severity=critical; reason=brand_role_misattributed_and_product_name_loss; source_head=""ФАРМГРУПП НАСТОЙКА 5 ТРАВ УСПОКОИТЕЛЬНАЯ""; source_manufacturer=""ФАРМГРУПП ООО""; actual_brand=""Фармгрупп""; expected_brand=""5 трав успокоительная""; lost_tokens=""5 трав|успокоительная""; actual_query=""Фармгрупп настойка 250 мл""; expected_query=""5 трав успокоительная настойка флакон 250 мл""; action=""add_manufacturer_prefix_detection_and_name_recovery_rule"""
3781,ФАРИНГОСЕПТ ТАБЛ. Д/РАССАС. МЕД-ЛИМОН 10МГ №20 | C.К. ТЕРАПИЯ С.А. | C.К. ТЕРАПИЯ С.А.,Амбазон,,none,unresolved_catalog,,,,new_enrichment,TRUE,ok,0,Амбазон,otc,универсальный,Амбазон,enrichment,FALSE,https://www.rlsnet.ru/drugs/faringosept-3176 | https://megapteka.ru/specials/guide_faringosept-instrukciya-po-1169 | https://medi.ru/instrukciya/faringosept_7134/ | https://aptekamos.ru/tovary/lekarstva/ambazon-35/faringosept-tabletki-dlya-rassasyvaniya-10mg-338/instrukciya | https://megapteka.ru/specials/guide_lirinon-instrukciya-po-7148 | https://www.vidal.ru/drugs/faringosept__17003 | https://www.webapteka.ru/drugbase/name268.html | https://medi.ru/instrukciya/faringosept_7134/ | https://megapteka.ru/specials/guide_faringosept-instrukciya-po-1169 | https://b-apteka.ru/articles/faringosept | https://uteka.ru/articles/lekarstvennye-preparaty/faringosept/ | https://drugs.medelement.com/drug/%D1%84%D0%B0%D1%80%D0%B8%D0%BD%D0%B3%D0%BE%D1%81%D0%B5%D0%BF%D1%82-%D0%B8%D0%BD%D1%81%D1%82%D1%80%D1%83%D0%BA%D1%86%D0%B8%D1%8F/188053511477650937?instruction_lang=RU,"status=ok | Category=Drug | mnn=Амбазон | RX_OTC=OTC | Age=Универсальный | Фарингосепт — лекарственный препарат, действующее вещество амбазон (МНН). Относится к антисептическим средствам для местного применения. Согласно инструкциям, применяется у взрослых и детей старше 3 лет (в некоторых источниках с 6 лет). Отпускается без рецепта. Источники:…",redesign/artifacts/mnn_identity_enrichment_pass_searxng_raw.jsonl,461,correct,correct,correct,,,,otc,универсальный,identity_enrichment,mnn_identity_enrichment,mnn_identity_enrichment_pass_results,high,"identity enrichment run 461: status=ok, Category=Drug, RX/OTC=otc, evidence present",identity_enrichment,mnn_identity_enrichment,mnn_identity_enrichment_pass_results,high,"identity enrichment run 461: status=ok, Category=Drug, Age=универсальный, evidence present; weaker sources differ: sem_baseline=взрослые",otc,взрослые,,,,,otc,универсальный,"[{""value"": ""otc"", ""method"": ""identity_enrichment"", ""stage"": ""mnn_identity_enrichment"", ""source"": ""mnn_identity_enrichment_pass_results"", ""confidence"": ""high""}, {""value"": ""otc"", ""method"": ""sem_baseline"", ""stage"": ""sem1"", ""source"": ""sem_wave500_mnn_v3_report"", ""confidence"": ""medium""}]","[{""value"": ""универсальный"", ""method"": ""identity_enrichment"", ""stage"": ""mnn_identity_enrichment"", ""source"": ""mnn_identity_enrichment_pass_results"", ""confidence"": ""high""}, {""value"": ""взрослые"", ""method"": ""sem_baseline"", ""stage"": ""sem1"", ""source"": ""sem_wave500_mnn_v3_report"", ""confidence"": ""medium""}]",,,FALSE,FALSE,FALSE,FALSE,low,"[""source_match""]",previous enrichment RX/OTC absent; catalog RX/OTC absent/unknown; previous enrichment Age absent; catalog Age absent/unknown,"ФАРИНГОСЕПТ; таблетки, для рассасывания; 10 мг; N20; МЕД-ЛИМОН; производитель: C.К. ТЕРАПИЯ С.А.",Фарингосепт; таблетки; 10 мг; N20; C.К. ТЕРАПИЯ С.А.,Фарингосепт таблетки 10 мг N20,C.К. ТЕРАПИЯ С.А.,Фарингосепт,таблетки,"таблетки, для рассасывания",ТАБЛ.,10 мг,N20,,C.К. ТЕРАПИЯ С.А.,C.К.,manufacturer_deduped,,1,0,3,5,,false,false,false,false,false,false,norm_v4_experiment_m5_0,norm_v4_1_offline_pack_and_retrieval_remediation,"Фарингосепт; таблетки, для рассасывания; 10 мг; N20; МЕД-ЛИМОН; производитель: C.К. ТЕРАПИЯ С.А.",Фарингосепт; таблетки; 10 мг; N20; C.К. ТЕРАПИЯ С.А.,Фарингосепт таблетки 10 мг N20 МЕД-ЛИМОН,C.К. ТЕРАПИЯ С.А.,"Фарингосепт таблетки 10 мг N20 МЕД-ЛИМОН, C.К. ТЕРАПИЯ С.А.",Фарингосепт,таблетки,"таблетки, для рассасывания",ТАБЛ.,10 мг,C.К. ТЕРАПИЯ С.А.,C.К.,,unknown,,N20,№20,N20,parsed,,ФАРИНГОСЕПТ ТАБЛ. Д/РАССАС. МЕД-ЛИМОН 10МГ,,,not_applicable,,false,false,МЕД-ЛИМОН,,,"{""m5_0_identity"": ""yes"", ""m5_0_manufacturer"": ""yes"", ""m5_0_notes"": """", ""m5_0_query"": ""yes"", ""m5_1_resolution_reason"": ""M5.0 identity and query were accepted (yes); no labeled defect to remediate."", ""m5_1_resolution_status"": ""not_applicable""}",yes,yes,yes,,not_applicable,M5.0 identity and query were accepted (yes); no labeled defect to remediate.,false,false,false,false,false,false,false,true,false,false,false,,yes,yes,yes,
4133,УЛЬЦЕРНИЛ ТАБЛ. КИШ/РАСТ. П/ПЛЕН/ОБ. 20МГ №28 | САН ФАРМАСЬЮТИКАЛ ИНДАСТРИЗ ЛТД | САН ФАРМАСЬЮТИКАЛ ИНДАСТРИЗ ЛТД,,,none,unresolved_catalog,,,,new_enrichment,TRUE,ok,0,Рабепразол,rx,универсальный,Рабепразол,enrichment,FALSE,https://grls.rosminzdrav.ru/ | https://aptekamos.ru/tovary/lekarstva/rabeprazol-5929/ulcernil-tabletki-20mg-95070/instrukciya | https://medum.ru/ulcernil-tabletki | https://health.mail.ru/drug/ultsernil-1/ | https://grls.rosminzdrav.ru/ | https://health.mail.ru/drug/ultsernil-1/ | https://zdesapteka.ru/instructions/ultsernil/ | https://aptekamos.ru/tovary/lekarstva/rabeprazol-5929/ulcernil-tabletki-20mg-95070/instrukciya | https://www.webapteka.ru/drugbase/name71760.html | https://medvestnik.ru/ls/a0e408a6-e220-4c8e-a4bd-9ff8a2c146d0.html | https://medi.ru/instrukciya/ulcernil-10_15167/ | https://medum.ru/ulcernil,"status=ok | Category=Drug | mnn=Рабепразол | RX_OTC=RX | Age=Универсальный | Ульцернил является лекарственным препаратом, его МНН — рабепразол (источник: ГРЛС, https://grls.pharm-portal.ru/grls/735c5019-3250-4d95-b956-e1baa60b32dd). Препарат применяется у взрослых и детей в возрасте от 12 лет (источник:…",redesign/artifacts/mnn_identity_enrichment_pass_searxng_raw.jsonl,461,correct,correct,incorrect,,,возрастной сегмент - взрослый,rx,универсальный,identity_enrichment,mnn_identity_enrichment,mnn_identity_enrichment_pass_results,high,"identity enrichment run 461: status=ok, Category=Drug, RX/OTC=rx, evidence present",identity_enrichment,mnn_identity_enrichment,mnn_identity_enrichment_pass_results,high,"identity enrichment run 461: status=ok, Category=Drug, Age=универсальный, evidence present; weaker sources differ: sem_baseline=взрослые",rx,взрослые,,,,,rx,универсальный,"[{""value"": ""rx"", ""method"": ""identity_enrichment"", ""stage"": ""mnn_identity_enrichment"", ""source"": ""mnn_identity_enrichment_pass_results"", ""confidence"": ""high""}, {""value"": ""rx"", ""method"": ""sem_baseline"", ""stage"": ""sem1"", ""source"": ""sem_wave500_mnn_v3_report"", ""confidence"": ""medium""}]","[{""value"": ""универсальный"", ""method"": ""identity_enrichment"", ""stage"": ""mnn_identity_enrichment"", ""source"": ""mnn_identity_enrichment_pass_results"", ""confidence"": ""high""}, {""value"": ""взрослые"", ""method"": ""sem_baseline"", ""stage"": ""sem1"", ""source"": ""sem_wave500_mnn_v3_report"", ""confidence"": ""medium""}]",,,FALSE,FALSE,FALSE,FALSE,low,"[""source_match""]",previous enrichment RX/OTC absent; catalog RX/OTC absent/unknown; previous enrichment Age absent; catalog Age absent/unknown,"УЛЬЦЕРНИЛ; таблетки, кишечнорастворитые, покрытые пленочной оболочкой; 20 мг; N28; производитель: САН ФАРМАСЬЮТИКАЛ ИНДАСТРИЗ ЛТД",Ульцернил; таблетки; 20 мг; N28; САН ФАРМАСЬЮТИКАЛ ИНДАСТРИЗ ЛТД,Ульцернил таблетки 20 мг N28,САН ФАРМАСЬЮТИКАЛ ИНДАСТРИЗ ЛТД,Ульцернил,таблетки,"таблетки, кишечнорастворитые, покрытые пленочной оболочкой",ТАБЛ.,20 мг,N28,,САН ФАРМАСЬЮТИКАЛ ИНДАСТРИЗ ЛТД,САН,manufacturer_deduped,,1,0,3,5,,false,false,false,false,false,false,norm_v4_experiment_m5_0,norm_v4_1_offline_pack_and_retrieval_remediation,"Ульцернил; таблетки, кишечнорастворитые, покрытые пленочной оболочкой; 20 мг; N28; производитель: САН ФАРМАСЬЮТИКАЛ ИНДАСТРИЗ ЛТД",Ульцернил; таблетки; 20 мг; N28; САН ФАРМАСЬЮТИКАЛ ИНДАСТРИЗ ЛТД,Ульцернил таблетки 20 мг N28,САН ФАРМАСЬЮТИКАЛ ИНДАСТРИЗ ЛТД,"Ульцернил таблетки 20 мг N28, САН ФАРМАСЬЮТИКАЛ ИНДАСТРИЗ ЛТД",Ульцернил,таблетки,"таблетки, кишечнорастворитые, покрытые пленочной оболочкой",ТАБЛ.,20 мг,САН ФАРМАСЬЮТИКАЛ ИНДАСТРИЗ ЛТД,САН,,unknown,,N28,№28,N28,parsed,,УЛЬЦЕРНИЛ ТАБЛ. КИШ/РАСТ. П/ПЛЕН/ОБ. 20МГ,,,not_applicable,,false,false,,,,"{""m5_0_identity"": ""yes"", ""m5_0_manufacturer"": ""yes"", ""m5_0_notes"": """", ""m5_0_query"": ""yes"", ""m5_1_resolution_reason"": ""M5.0 identity and query were accepted (yes); no labeled defect to remediate."", ""m5_1_resolution_status"": ""not_applicable""}",yes,yes,yes,,not_applicable,M5.0 identity and query were accepted (yes); no labeled defect to remediate.,false,false,false,false,false,false,false,true,false,false,false,,yes,yes,yes,
4403,ТРИМЕТАЗИДИН-АКОС МВ 35МГ ТАБЛ. МОДИФ. ВЫСВ. П/О №60 | БИОКОМ ЗАО | БИОКОМ ЗАО,Триметазидин,,none,unresolved_catalog,,,,new_enrichment,TRUE,ok,0,Триметазидин,rx,взрослые,Триметазидин,enrichment,FALSE,https://health.mail.ru/drug/trimetazidinakos_mv/ | https://www.vidal.ru/drugs/trimetazidine-akos-mr-1 | https://www.rlsnet.ru/drugs/trimetazidin-akos-mv-87044 | https://www.lsgeotar.ru/drugs/trimetazidine-akos-mv-ADL2 | https://yandex.ru/medicine/medicaments/trimetazidin-akos-mv | https://health.mail.ru/drug/trimetazidinakos_mv/ | https://www.rlsnet.ru/drugs/trimetazidin-akos-mv-87044 | https://aptekamos.ru/tovary/lekarstva/trimetazidin-930/trimetazidin-akos-mv-tabletki-35mg-104739/instrukciya | https://www.vidal.ru/drugs/trimetazidine-akos-mr-1 | https://www.lsgeotar.ru/lv/trimetazidin-akos-mv-18126.html | https://yandex.ru/medicine/medicaments/trimetazidin-akos-mv | https://health.mail.ru/drug/trimetazidinakos_mv/,"status=ok | Category=Drug | mnn=Триметазидин | RX_OTC=RX | Age=Взрослый | Триметазидин-АКОС МВ — лекарственный препарат, действующее вещество триметазидин. Относится к категории лекарственных средств. По данным инструкций, препарат применяется для лечения заболеваний сердца, в частности стабильной стенокардии. В результатах поиска указано, что…",redesign/artifacts/mnn_identity_enrichment_pass_searxng_raw.jsonl,461,correct,correct,correct,,,,rx,взрослые,identity_enrichment,mnn_identity_enrichment,mnn_identity_enrichment_pass_results,high,"identity enrichment run 461: status=ok, Category=Drug, RX/OTC=rx, evidence present",identity_enrichment,mnn_identity_enrichment,mnn_identity_enrichment_pass_results,high,"identity enrichment run 461: status=ok, Category=Drug, Age=взрослые, evidence present",rx,взрослые,,,,,rx,взрослые,"[{""value"": ""rx"", ""method"": ""identity_enrichment"", ""stage"": ""mnn_identity_enrichment"", ""source"": ""mnn_identity_enrichment_pass_results"", ""confidence"": ""high""}, {""value"": ""rx"", ""method"": ""sem_baseline"", ""stage"": ""sem1"", ""source"": ""sem_wave500_mnn_v3_report"", ""confidence"": ""medium""}]","[{""value"": ""взрослые"", ""method"": ""identity_enrichment"", ""stage"": ""mnn_identity_enrichment"", ""source"": ""mnn_identity_enrichment_pass_results"", ""confidence"": ""high""}, {""value"": ""взрослые"", ""method"": ""sem_baseline"", ""stage"": ""sem1"", ""source"": ""sem_wave500_mnn_v3_report"", ""confidence"": ""medium""}]",,,FALSE,FALSE,FALSE,FALSE,low,"[""source_match""]",previous enrichment RX/OTC absent; catalog RX/OTC absent/unknown; previous enrichment Age absent; catalog Age absent/unknown,"ТРИМЕТАЗИДИН-АКОС МВ; таблетки, покрытые оболочкой, с пролонгированным высвобождением; 35 мг; N60; производитель: БИОКОМ ЗАО",Триметазидин-Акос МВ; таблетки; 35 мг; N60; БИОКОМ ЗАО,Триметазидин-Акос МВ таблетки 35 мг N60,БИОКОМ ЗАО,Триметазидин-Акос МВ,таблетки,"таблетки, покрытые оболочкой, с пролонгированным высвобождением",ТАБЛ.,35 мг,N60,,БИОКОМ ЗАО,БИОКОМ,manufacturer_deduped,,1,0,3,5,,false,false,false,false,false,false,norm_v4_experiment_m5_0,norm_v4_1_offline_pack_and_retrieval_remediation,"Триметазидин-Акос МВ; таблетки, покрытые оболочкой, с пролонгированным высвобождением; 35 мг; N60; производитель: БИОКОМ ЗАО",Триметазидин-Акос МВ; таблетки; 35 мг; N60; БИОКОМ ЗАО,Триметазидин-Акос МВ таблетки 35 мг N60,БИОКОМ ЗАО,"Триметазидин-Акос МВ таблетки 35 мг N60, БИОКОМ ЗАО",Триметазидин-Акос МВ,таблетки,"таблетки, покрытые оболочкой, с пролонгированным высвобождением",ТАБЛ.,35 мг,БИОКОМ ЗАО,БИОКОМ,,unknown,,N60,№60,N60,parsed,,ТРИМЕТАЗИДИН-АКОС МВ 35МГ ТАБЛ. МОДИФ. ВЫСВ. П/О,,,not_applicable,,false,false,,,,"{""m5_0_identity"": ""yes"", ""m5_0_manufacturer"": ""yes"", ""m5_0_notes"": """", ""m5_0_query"": ""yes"", ""m5_1_resolution_reason"": ""M5.0 identity and query were accepted (yes); no labeled defect to remediate."", ""m5_1_resolution_status"": ""not_applicable""}",yes,yes,yes,,not_applicable,M5.0 identity and query were accepted (yes); no labeled defect to remediate.,false,false,false,false,false,false,false,true,false,false,false,,yes,yes,yes,
4481,ТРАНЕКСАМОВАЯ КИСЛОТА ТАБЛ. П/ПЛЕН/ОБ. 250МГ №30 МЭЗ | МОСКОВСКИЙ ЭНДОКРИННЫЙ ЗАВОД ФГУП | МОСКОВСКИЙ ЭНДОКРИННЫЙ ЗАВОД ФГУП,Транексамовая кислота,,none,unresolved_catalog,,,,new_enrichment,TRUE,ok,0,Транексамовая кислота,rx,универсальный,Транексамовая кислота,enrichment,FALSE,https://www.rlsnet.ru/drugs/traneksam-29530 | https://www.rlsnet.ru/drugs/traneksam-29530 | https://allmed.pro/ru/drugs/traneksamovaja_kislota | https://allmed.pro/ru/drugs/traneksam | https://www.vidal.ru/drugs/molecule-in/1070 | https://www.vidal.ru/drugs/tranexamicshy-acid | https://www.vidal.ru/drugs/tranexamic-acid-17 | https://drugs2.medelement.com/drug/%D1%82%D1%80%D0%B0%D0%BD%D0%B5%D0%BA%D1%81%D0%B0%D0%BC%D0%BE%D0%B2%D0%B0%D1%8F-%D0%BA%D0%B8%D1%81%D0%BB%D0%BE%D1%82%D0%B0-%D0%B8%D0%BD%D1%81%D1%82%D1%80%D1%83%D0%BA%D1%86%D0%B8%D1%8F/251425451602577397?instruction_lang=RU | https://medi.ru/instrukciya/traneksamovaya-kislota_23829/ | https://www.vidal.ru/drugs/tranexam-2 | https://medi.ru/instrukciya/traneksamovaya-kislota_23832/ | https://medum.ru/kislota-traneksamovaya,status=ok | Category=Drug | mnn=Транексамовая кислота | RX_OTC=RX | Age=Универсальный | Препарат Транексамовая кислота является лекарственным средством (МНН: Транексамовая кислота) согласно данным Государственного реестра лекарственных средств (pharmcontrol.ru). Он применяется для профилактики и лечения кровотечений вследствие фибринолиза у взрослых и детей в…,redesign/artifacts/mnn_identity_enrichment_pass_searxng_raw.jsonl,461,correct,correct,correct,,,,rx,универсальный,identity_enrichment,mnn_identity_enrichment,mnn_identity_enrichment_pass_results,high,"identity enrichment run 461: status=ok, Category=Drug, RX/OTC=rx, evidence present",identity_enrichment,mnn_identity_enrichment,mnn_identity_enrichment_pass_results,high,"identity enrichment run 461: status=ok, Category=Drug, Age=универсальный, evidence present; weaker sources differ: sem_baseline=взрослые",rx,взрослые,,,,,rx,универсальный,"[{""value"": ""rx"", ""method"": ""identity_enrichment"", ""stage"": ""mnn_identity_enrichment"", ""source"": ""mnn_identity_enrichment_pass_results"", ""confidence"": ""high""}, {""value"": ""rx"", ""method"": ""sem_baseline"", ""stage"": ""sem1"", ""source"": ""sem_wave500_mnn_v3_report"", ""confidence"": ""medium""}]","[{""value"": ""универсальный"", ""method"": ""identity_enrichment"", ""stage"": ""mnn_identity_enrichment"", ""source"": ""mnn_identity_enrichment_pass_results"", ""confidence"": ""high""}, {""value"": ""взрослые"", ""method"": ""sem_baseline"", ""stage"": ""sem1"", ""source"": ""sem_wave500_mnn_v3_report"", ""confidence"": ""medium""}]",,,FALSE,FALSE,FALSE,FALSE,low,"[""source_match""]",previous enrichment RX/OTC absent; catalog RX/OTC absent/unknown; previous enrichment Age absent; catalog Age absent/unknown,"ТРАНЕКСАМОВАЯ КИСЛОТА; таблетки, покрытые пленочной оболочкой; 250 мг; N30; производитель: МОСКОВСКИЙ ЭНДОКРИННЫЙ ЗАВОД ФГУП",Транексамовая Кислота; таблетки; 250 мг; N30; МОСКОВСКИЙ ЭНДОКРИННЫЙ ЗАВОД ФГУП,Транексамовая Кислота таблетки 250 мг N30,МОСКОВСКИЙ ЭНДОКРИННЫЙ ЗАВОД ФГУП,Транексамовая Кислота,таблетки,"таблетки, покрытые пленочной оболочкой",ТАБЛ.,250 мг,N30,,МОСКОВСКИЙ ЭНДОКРИННЫЙ ЗАВОД ФГУП,МОСКОВСКИЙ,manufacturer_deduped,,2,0,3,5,,false,false,false,false,false,false,norm_v4_experiment_m5_0,norm_v4_1_offline_pack_and_retrieval_remediation,"Транексамовая Кислота; таблетки, покрытые пленочной оболочкой; 250 мг; N30; производитель: МОСКОВСКИЙ ЭНДОКРИННЫЙ ЗАВОД ФГУП",Транексамовая Кислота; таблетки; 250 мг; N30; МОСКОВСКИЙ ЭНДОКРИННЫЙ ЗАВОД ФГУП,Транексамовая Кислота таблетки 250 мг N30,МОСКОВСКИЙ ЭНДОКРИННЫЙ ЗАВОД ФГУП,"Транексамовая Кислота таблетки 250 мг N30, МОСКОВСКИЙ ЭНДОКРИННЫЙ ЗАВОД ФГУП",Транексамовая Кислота,таблетки,"таблетки, покрытые пленочной оболочкой",ТАБЛ.,250 мг,МОСКОВСКИЙ ЭНДОКРИННЫЙ ЗАВОД ФГУП,МОСКОВСКИЙ,,unknown,,N30,№30,N30,parsed,,ТРАНЕКСАМОВАЯ КИСЛОТА ТАБЛ. П/ПЛЕН/ОБ. 250МГ МЭЗ,,,not_applicable,,false,false,,,,"{""m5_0_identity"": ""yes"", ""m5_0_manufacturer"": ""yes"", ""m5_0_notes"": """", ""m5_0_query"": ""yes"", ""m5_1_resolution_reason"": ""M5.0 identity and query were accepted (yes); no labeled defect to remediate."", ""m5_1_resolution_status"": ""not_applicable""}",yes,yes,yes,,not_applicable,M5.0 identity and query were accepted (yes); no labeled defect to remediate.,false,false,false,false,false,false,false,true,false,false,false,,yes,yes,yes,
4487,ТРАНЕКСАМОВАЯ КИСЛОТА Р-Р ДЛЯ В/В ВВЕД. 50МГ/МЛ АМП. 5МЛ №10 МЭЗ | МОСКОВСКИЙ ЭНДОКРИННЫЙ ЗАВОД ФГУП | МОСКОВСКИЙ ЭНДОКРИННЫЙ ЗАВОД ФГУП,Транексамовая кислота,,none,unresolved_catalog,,,,new_enrichment,TRUE,ok,0,Транексамовая кислота,rx,универсальный,Транексамовая кислота,enrichment,FALSE,https://www.rlsnet.ru/drugs/traneksam-29530 | https://www.rlsnet.ru/drugs/traneksam-29530 | https://allmed.pro/ru/drugs/traneksamovaja_kislota | https://allmed.pro/ru/drugs/traneksam | https://www.vidal.ru/drugs/molecule-in/1070 | https://www.vidal.ru/drugs/tranexamicshy-acid | https://www.vidal.ru/drugs/tranexamic-acid-17 | https://drugs2.medelement.com/drug/%D1%82%D1%80%D0%B0%D0%BD%D0%B5%D0%BA%D1%81%D0%B0%D0%BC%D0%BE%D0%B2%D0%B0%D1%8F-%D0%BA%D0%B8%D1%81%D0%BB%D0%BE%D1%82%D0%B0-%D0%B8%D0%BD%D1%81%D1%82%D1%80%D1%83%D0%BA%D1%86%D0%B8%D1%8F/251425451602577397?instruction_lang=RU | https://medi.ru/instrukciya/traneksamovaya-kislota_23829/ | https://medi.ru/instrukciya/traneksamovaya-kislota_23832/ | https://www.vidal.ru/drugs/tranexam-2 | https://medum.ru/kislota-traneksamovaya,"status=ok | Category=Drug | mnn=Транексамовая кислота | RX_OTC=RX | Age=Универсальный | Препарат Транексамовая кислота является лекарственным средством (категория Drug). МНН — Транексамовая кислота (источник: ГРЛС, https://www.pharmcontrol.ru/registry/drugs/3712/). Отпускается по рецепту (RX), так как в инструкциях указано, что перед применением необходимо…",redesign/artifacts/mnn_identity_enrichment_pass_searxng_raw.jsonl,461,correct,correct,correct,,,,rx,универсальный,identity_enrichment,mnn_identity_enrichment,mnn_identity_enrichment_pass_results,high,"identity enrichment run 461: status=ok, Category=Drug, RX/OTC=rx, evidence present",identity_enrichment,mnn_identity_enrichment,mnn_identity_enrichment_pass_results,high,"identity enrichment run 461: status=ok, Category=Drug, Age=универсальный, evidence present",rx,,,,,,rx,универсальный,"[{""value"": ""rx"", ""method"": ""identity_enrichment"", ""stage"": ""mnn_identity_enrichment"", ""source"": ""mnn_identity_enrichment_pass_results"", ""confidence"": ""high""}, {""value"": ""rx"", ""method"": ""sem_baseline"", ""stage"": ""sem1"", ""source"": ""sem_wave500_mnn_v3_report"", ""confidence"": ""medium""}]","[{""value"": ""универсальный"", ""method"": ""identity_enrichment"", ""stage"": ""mnn_identity_enrichment"", ""source"": ""mnn_identity_enrichment_pass_results"", ""confidence"": ""high""}]",,,FALSE,FALSE,FALSE,FALSE,low,"[""source_match""]",previous enrichment RX/OTC absent; catalog RX/OTC absent/unknown; previous enrichment Age absent; Sem Age absent; catalog Age absent/unknown,"ТРАНЕКСАМОВАЯ КИСЛОТА; раствор, для инъекций; 50 мг/мл; 5 мл; N10; производитель: МОСКОВСКИЙ ЭНДОКРИННЫЙ ЗАВОД ФГУП",Транексамовая Кислота; раствор; 50 мг/мл; N10; МОСКОВСКИЙ ЭНДОКРИННЫЙ ЗАВОД ФГУП,Транексамовая Кислота раствор 50 мг/мл N10,МОСКОВСКИЙ ЭНДОКРИННЫЙ ЗАВОД ФГУП,Транексамовая Кислота,раствор,"раствор, для инъекций",Р-Р,50 мг/мл,N10,5 мл,МОСКОВСКИЙ ЭНДОКРИННЫЙ ЗАВОД ФГУП,МОСКОВСКИЙ,manufacturer_deduped,,2,0,3,5,,false,false,false,false,false,false,norm_v4_experiment_m5_0,norm_v4_1_offline_pack_and_retrieval_remediation,"Транексамовая Кислота; раствор, для инъекций; 50 мг/мл; ампула 5 мл, N10; производитель: МОСКОВСКИЙ ЭНДОКРИННЫЙ ЗАВОД ФГУП","Транексамовая Кислота; раствор; 50 мг/мл; ампула 5 мл, N10; МОСКОВСКИЙ ЭНДОКРИННЫЙ ЗАВОД ФГУП",Транексамовая Кислота раствор 50 мг/мл ампула 5 мл N10,МОСКОВСКИЙ ЭНДОКРИННЫЙ ЗАВОД ФГУП,"Транексамовая Кислота раствор 50 мг/мл ампула 5 мл N10, МОСКОВСКИЙ ЭНДОКРИННЫЙ ЗАВОД ФГУП",Транексамовая Кислота,раствор,"раствор, для инъекций",Р-Р,50 мг/мл,МОСКОВСКИЙ ЭНДОКРИННЫЙ ЗАВОД ФГУП,МОСКОВСКИЙ,АМП.,ампула,5 мл,N10,АМП. 5МЛ №10,"ампула 5 мл, N10",parsed,,ТРАНЕКСАМОВАЯ КИСЛОТА Р-Р ДЛЯ В/В ВВЕД. 50МГ/МЛ МЭЗ,,,not_applicable,,false,false,,query_gained_container|query_gained_unit_amount,,"{""m5_0_identity"": ""no"", ""m5_0_manufacturer"": ""yes"", ""m5_0_notes"": ""severity=major; reason=unit_volume_and_container_lost; source_pack=\""амп. 5 мл N10\""; actual_pack=\""N10\""; expected=\""амп. 5 мл N10\""; action=\""add_container_and_unit_content_fields\"""", ""m5_0_query"": ""no"", ""m5_1_resolution_reason"": ""Structured ампула + 5 мл + N10 from source АМП. 5МЛ №10. Strength 50 мг/мл kept."", ""m5_1_resolution_status"": ""resolved""}",no,no,yes,"severity=major; reason=unit_volume_and_container_lost; source_pack=""амп. 5 мл N10""; actual_pack=""N10""; expected=""амп. 5 мл N10""; action=""add_container_and_unit_content_fields""",resolved,Structured ампула + 5 мл + N10 from source АМП. 5МЛ №10. Strength 50 мг/мл kept.,false,false,false,false,false,false,false,true,true,true,false,,no,no,yes,"severity=major; reason=unit_volume_and_container_lost; source_pack=""амп. 5 мл N10""; actual_pack=""N10""; expected=""амп. 5 мл N10""; action=""add_container_and_unit_content_fields"""
4593,ТОРАСЕМИД ТАБЛ. 10МГ №20 ОЗОН | ОЗОН ООО | ОЗОН ООО,Торасемид,Торасемид,high,resolved_input_explicit,,,,skip_strong_input_mnn,FALSE,,0,,,,Торасемид,input_explicit_mnn,FALSE,,pass_action=skip_strong_input_mnn; strong_input_explicit_accepted,redesign/artifacts/mnn_identity_enrichment_pass_searxng_raw.jsonl,461,correct,correct,correct,,,,rx,взрослые,sem_baseline,sem1,sem_wave500_mnn_v3_report,medium,Sem v3 canonical attr contains RX/OTC=rx,sem_baseline,sem1,sem_wave500_mnn_v3_report,medium,Sem v3 canonical attr contains Age=взрослые,rx,взрослые,,,,,,,"[{""value"": ""rx"", ""method"": ""sem_baseline"", ""stage"": ""sem1"", ""source"": ""sem_wave500_mnn_v3_report"", ""confidence"": ""medium""}]","[{""value"": ""взрослые"", ""method"": ""sem_baseline"", ""stage"": ""sem1"", ""source"": ""sem_wave500_mnn_v3_report"", ""confidence"": ""medium""}]",,,FALSE,FALSE,FALSE,FALSE,low,"[""mnn""]",previous enrichment RX/OTC absent; catalog RX/OTC absent/unknown; previous enrichment Age absent; catalog Age absent/unknown,ТОРАСЕМИД; таблетки; 10 мг; N20; производитель: ОЗОН ООО,Торасемид; таблетки; 10 мг; N20; ОЗОН ООО,Торасемид таблетки 10 мг N20,ОЗОН ООО,Торасемид,таблетки,таблетки,ТАБЛ.,10 мг,N20,,ОЗОН ООО,ОЗОН,manufacturer_deduped,,2,0,3,5,,false,false,false,false,false,false,norm_v4_experiment_m5_0,norm_v4_1_offline_pack_and_retrieval_remediation,Торасемид; таблетки; 10 мг; N20; производитель: ОЗОН ООО,Торасемид; таблетки; 10 мг; N20; ОЗОН ООО,Торасемид таблетки 10 мг N20,ОЗОН ООО,"Торасемид таблетки 10 мг N20, ОЗОН ООО",Торасемид,таблетки,таблетки,ТАБЛ.,10 мг,ОЗОН ООО,ОЗОН,,unknown,,N20,№20,N20,parsed,,ТОРАСЕМИД ТАБЛ. 10МГ ОЗОН,,,not_applicable,,false,false,,,,"{""m5_0_identity"": ""yes"", ""m5_0_manufacturer"": ""yes"", ""m5_0_notes"": """", ""m5_0_query"": ""yes"", ""m5_1_resolution_reason"": ""M5.0 identity and query were accepted (yes); no labeled defect to remediate."", ""m5_1_resolution_status"": ""not_applicable""}",yes,yes,yes,,not_applicable,M5.0 identity and query were accepted (yes); no labeled defect to remediate.,false,false,false,false,false,false,false,true,false,false,false,,yes,yes,yes,
4684,ТОЛПЕРИЗОН ТАБЛ. П/ПЛЕН/ОБ. 150МГ №30 ОЗОН | ОЗОН ООО | ОЗОН ООО,Толперизон,Толперизон,high,resolved_input_explicit,,,,skip_strong_input_mnn,FALSE,,0,,,,Толперизон,input_explicit_mnn,FALSE,,pass_action=skip_strong_input_mnn; strong_input_explicit_accepted,redesign/artifacts/mnn_identity_enrichment_pass_searxng_raw.jsonl,461,correct,correct,correct,,,,rx,взрослые,sem_baseline,sem1,sem_wave500_mnn_v3_report,medium,Sem v3 canonical attr contains RX/OTC=rx,sem_baseline,sem1,sem_wave500_mnn_v3_report,medium,Sem v3 canonical attr contains Age=взрослые,rx,взрослые,,,,,,,"[{""value"": ""rx"", ""method"": ""sem_baseline"", ""stage"": ""sem1"", ""source"": ""sem_wave500_mnn_v3_report"", ""confidence"": ""medium""}]","[{""value"": ""взрослые"", ""method"": ""sem_baseline"", ""stage"": ""sem1"", ""source"": ""sem_wave500_mnn_v3_report"", ""confidence"": ""medium""}]",,,FALSE,FALSE,FALSE,FALSE,low,"[""mnn""]",previous enrichment RX/OTC absent; catalog RX/OTC absent/unknown; previous enrichment Age absent; catalog Age absent/unknown,"ТОЛПЕРИЗОН; таблетки, покрытые пленочной оболочкой; 150 мг; N30; производитель: ОЗОН ООО",Толперизон; таблетки; 150 мг; N30; ОЗОН ООО,Толперизон таблетки 150 мг N30,ОЗОН ООО,Толперизон,таблетки,"таблетки, покрытые пленочной оболочкой",ТАБЛ.,150 мг,N30,,ОЗОН ООО,ОЗОН,manufacturer_deduped,,2,0,3,5,,false,false,false,false,false,false,norm_v4_experiment_m5_0,norm_v4_1_offline_pack_and_retrieval_remediation,"Толперизон; таблетки, покрытые пленочной оболочкой; 150 мг; N30; производитель: ОЗОН ООО",Толперизон; таблетки; 150 мг; N30; ОЗОН ООО,Толперизон таблетки 150 мг N30,ОЗОН ООО,"Толперизон таблетки 150 мг N30, ОЗОН ООО",Толперизон,таблетки,"таблетки, покрытые пленочной оболочкой",ТАБЛ.,150 мг,ОЗОН ООО,ОЗОН,,unknown,,N30,№30,N30,parsed,,ТОЛПЕРИЗОН ТАБЛ. П/ПЛЕН/ОБ. 150МГ ОЗОН,,,not_applicable,,false,false,,,,"{""m5_0_identity"": ""yes"", ""m5_0_manufacturer"": ""yes"", ""m5_0_notes"": """", ""m5_0_query"": ""yes"", ""m5_1_resolution_reason"": ""M5.0 identity and query were accepted (yes); no labeled defect to remediate."", ""m5_1_resolution_status"": ""not_applicable""}",yes,yes,yes,,not_applicable,M5.0 identity and query were accepted (yes); no labeled defect to remediate.,false,false,false,false,false,false,false,true,false,false,false,,yes,yes,yes,
4922,ТЕРМИКОН СПРЕЙ Д/НАРУЖ. ПРИМ. 1% ФЛ. 30Г | ФАРМСТАНДАРТ-ЛЕКСРЕДСТВА ОАО | ФАРМСТАНДАРТ-ЛЕКСРЕДСТВА ОАО,Тербинафин,,none,unresolved_catalog,,,,new_enrichment,TRUE,ok,0,Тербинафин,rx,универсальный,Тербинафин,enrichment,FALSE,https://www.lsgeotar.ru/drugs/termicon-ADls | https://www.lsgeotar.ru/drugs/termicon-AFpC | https://aptekamos.ru/tovary/lekarstva/terbinafin-869/termikon-tabletki-250mg-30184/instrukciya | https://apteka-april.ru/product/213409-termikon_tabletki_250mg_28 | https://www.rlsnet.ru/drugs/termikon-16124 | https://aptekamos.ru/tovary/lekarstva/terbinafin-869/termikon-krem-1-15g-29833/instrukciya | https://www.lsgeotar.ru/drugs/termicon-AD0y | https://www.lsgeotar.ru/drugs/termicon-AFpC | https://grls.rosminzdrav.ru/ | https://www.vidal.ru/drugs/termicon__13678 | https://www.vidal.ru/drugs/termicon__13678 | https://medum.ru/termikon,"status=ok | Category=Drug | mnn=Тербинафин | RX_OTC=RX | Age=Универсальный | Термикон — лекарственное средство, действующее вещество тербинафин (МНН). Препарат относится к противогрибковым средствам класса аллиламинов. Согласно инструкции, Термикон назначают наружно взрослым и детям старше 12 лет (Vidal: https://www.vidal.ru/drugs/termicon__13678). Для…",redesign/artifacts/mnn_identity_enrichment_pass_searxng_raw.jsonl,461,correct,incorrect,correct,,,препарат OTC,rx,универсальный,identity_enrichment,mnn_identity_enrichment,mnn_identity_enrichment_pass_results,high,"identity enrichment run 461: status=ok, Category=Drug, RX/OTC=rx, evidence present",identity_enrichment,mnn_identity_enrichment,mnn_identity_enrichment_pass_results,high,"identity enrichment run 461: status=ok, Category=Drug, Age=универсальный, evidence present",rx,,,,,,rx,универсальный,"[{""value"": ""rx"", ""method"": ""identity_enrichment"", ""stage"": ""mnn_identity_enrichment"", ""source"": ""mnn_identity_enrichment_pass_results"", ""confidence"": ""high""}, {""value"": ""rx"", ""method"": ""sem_baseline"", ""stage"": ""sem1"", ""source"": ""sem_wave500_mnn_v3_report"", ""confidence"": ""medium""}]","[{""value"": ""универсальный"", ""method"": ""identity_enrichment"", ""stage"": ""mnn_identity_enrichment"", ""source"": ""mnn_identity_enrichment_pass_results"", ""confidence"": ""high""}]",,,FALSE,FALSE,FALSE,FALSE,low,"[""source_match""]",previous enrichment RX/OTC absent; catalog RX/OTC absent/unknown; previous enrichment Age absent; Sem Age absent; catalog Age absent/unknown,"ТЕРМИКОН; спрей, для наружного применения; 1%; 30 г; производитель: ФАРМСТАНДАРТ-ЛЕКСРЕДСТВА ОАО",Термикон; спрей; 1%; 30 г; ФАРМСТАНДАРТ-ЛЕКСРЕДСТВА ОАО,Термикон спрей 1% 30 г,ФАРМСТАНДАРТ-ЛЕКСРЕДСТВА ОАО,Термикон,спрей,"спрей, для наружного применения",СПРЕЙ,1%,30 г,,ФАРМСТАНДАРТ-ЛЕКСРЕДСТВА ОАО,ФАРМСТАНДАРТ-ЛЕКСРЕДСТВА,manufacturer_deduped,,1,0,3,5,,false,false,false,false,false,false,norm_v4_experiment_m5_0,norm_v4_1_offline_pack_and_retrieval_remediation,"Термикон; спрей, для наружного применения; 1%; флакон 30 г, N1; производитель: ФАРМСТАНДАРТ-ЛЕКСРЕДСТВА ОАО","Термикон; спрей; 1%; флакон 30 г, N1; ФАРМСТАНДАРТ-ЛЕКСРЕДСТВА ОАО",Термикон спрей 1% флакон 30 г N1,ФАРМСТАНДАРТ-ЛЕКСРЕДСТВА ОАО,"Термикон спрей 1% флакон 30 г N1, ФАРМСТАНДАРТ-ЛЕКСРЕДСТВА ОАО",Термикон,спрей,"спрей, для наружного применения",СПРЕЙ,1%,ФАРМСТАНДАРТ-ЛЕКСРЕДСТВА ОАО,ФАРМСТАНДАРТ-ЛЕКСРЕДСТВА,ФЛ.,флакон,30 г,N1,ФЛ. 30Г,"флакон 30 г, N1",parsed,implicit_single_unit_count,ТЕРМИКОН СПРЕЙ Д/НАРУЖ. ПРИМ. 1%,,,not_applicable,,false,false,,implicit_single_unit_count|query_gained_container|query_gained_pack_count,implicit_single_unit_count,"{""m5_0_identity"": ""uncertain"", ""m5_0_manufacturer"": ""yes"", ""m5_0_notes"": ""severity=policy_needed; reason=container_not_structured; source_pack=\""фл. 30 г\""; actual_pack=\""30 г\""; expected=\""фл. 30 г; count=1\""; action=\""add_container_and_unit_content_fields\"""", ""m5_0_query"": ""uncertain"", ""m5_1_resolution_reason"": ""Structured флакон + 30 г from source ФЛ. 30Г."", ""m5_1_resolution_status"": ""resolved""}",uncertain,uncertain,yes,"severity=policy_needed; reason=container_not_structured; source_pack=""фл. 30 г""; actual_pack=""30 г""; expected=""фл. 30 г; count=1""; action=""add_container_and_unit_content_fields""",resolved,Structured флакон + 30 г from source ФЛ. 30Г.,false,false,false,false,false,false,false,true,true,false,true,,uncertain,uncertain,yes,"severity=policy_needed; reason=container_not_structured; source_pack=""фл. 30 г""; actual_pack=""30 г""; expected=""фл. 30 г; count=1""; action=""add_container_and_unit_content_fields"""
4924,ТЕРМИКОН КРЕМ Д/НАРУЖ. ПРИМ. 1% ТУБА 15Г | ЛЕККО ЗАО | ЛЕККО ЗАО,,,none,unresolved_catalog,,,,new_enrichment,TRUE,ok,0,Тербинафин,rx,универсальный,Тербинафин,enrichment,FALSE,https://apteka-april.ru/product/213409-termikon_tabletki_250mg_28 | https://aptekamos.ru/tovary/lekarstva/terbinafin-869/termikon-krem-1-15g-29833/instrukciya | https://grls.rosminzdrav.ru/ | https://www.rlsnet.ru/drugs/termikon-16124 | https://www.vidal.ru/drugs/termicon__13678 | https://www.vidal.ru/drugs/termicon | https://health.mail.ru/drug/termikon/ | https://zdesapteka.ru/instructions/termikon/ | https://medum.ru/termikon | https://medlib.net/termikon.html | https://termikon.ru/instrukcii/ | https://medvestnik.ru/ls/a0e3f418-4d20-492b-9bb8-6eeb13ee10ab.html,"status=ok | Category=Drug | mnn=Тербинафин | RX_OTC=RX | Age=Универсальный | Термикон является лекарственным средством (препаратом), его МНН — Тербинафин (источник: pharmcontrol.ru, rlsnet.ru). Согласно инструкции, крем Термикон применяется наружно у взрослых и детей старше 12 лет (vidal.ru, zdesapteka.ru). Для детей младше 12 лет требуется осторожность…",redesign/artifacts/mnn_identity_enrichment_pass_searxng_raw.jsonl,461,correct,incorrect,incorrect,,,"препарат otc, возрастной сегмент - взрослый",rx,универсальный,identity_enrichment,mnn_identity_enrichment,mnn_identity_enrichment_pass_results,high,"identity enrichment run 461: status=ok, Category=Drug, RX/OTC=rx, evidence present; weaker sources differ: sem_baseline=otc",identity_enrichment,mnn_identity_enrichment,mnn_identity_enrichment_pass_results,high,"identity enrichment run 461: status=ok, Category=Drug, Age=универсальный, evidence present",otc,,,,,,rx,универсальный,"[{""value"": ""rx"", ""method"": ""identity_enrichment"", ""stage"": ""mnn_identity_enrichment"", ""source"": ""mnn_identity_enrichment_pass_results"", ""confidence"": ""high""}, {""value"": ""otc"", ""method"": ""sem_baseline"", ""stage"": ""sem1"", ""source"": ""sem_wave500_mnn_v3_report"", ""confidence"": ""medium""}]","[{""value"": ""универсальный"", ""method"": ""identity_enrichment"", ""stage"": ""mnn_identity_enrichment"", ""source"": ""mnn_identity_enrichment_pass_results"", ""confidence"": ""high""}]",,,FALSE,FALSE,FALSE,FALSE,low,"[""source_match""]",previous enrichment RX/OTC absent; catalog RX/OTC absent/unknown; previous enrichment Age absent; Sem Age absent; catalog Age absent/unknown,"ТЕРМИКОН; крем, для наружного применения; 1%; 15 г; производитель: ЛЕККО ЗАО",Термикон; крем; 1%; 15 г; ЛЕККО ЗАО,Термикон крем 1% 15 г,ЛЕККО ЗАО,Термикон,крем,"крем, для наружного применения",КРЕМ,1%,15 г,,ЛЕККО ЗАО,ЛЕККО,manufacturer_deduped,,1,0,3,5,,false,false,false,false,false,false,norm_v4_experiment_m5_0,norm_v4_1_offline_pack_and_retrieval_remediation,"Термикон; крем, для наружного применения; 1%; туба 15 г, N1; производитель: ЛЕККО ЗАО","Термикон; крем; 1%; туба 15 г, N1; ЛЕККО ЗАО",Термикон крем 1% туба 15 г N1,ЛЕККО ЗАО,"Термикон крем 1% туба 15 г N1, ЛЕККО ЗАО",Термикон,крем,"крем, для наружного применения",КРЕМ,1%,ЛЕККО ЗАО,ЛЕККО,ТУБА,туба,15 г,N1,ТУБА 15Г,"туба 15 г, N1",parsed,implicit_single_unit_count,ТЕРМИКОН КРЕМ Д/НАРУЖ. ПРИМ. 1%,,,not_applicable,,false,false,,implicit_single_unit_count|query_gained_container|query_gained_pack_count,implicit_single_unit_count,"{""m5_0_identity"": ""uncertain"", ""m5_0_manufacturer"": ""yes"", ""m5_0_notes"": ""severity=policy_needed; reason=container_not_structured; source_pack=\""фл. 30 г\""; actual_pack=\""30 г\""; expected=\""фл. 30 г; count=1\""; action=\""add_container_and_unit_content_fields\"""", ""m5_0_query"": ""uncertain"", ""m5_1_resolution_reason"": ""Structured туба + 15 г from actual source ТУБА 15Г. Reviewer note фл. 30 г was a copy-paste error."", ""m5_1_resolution_status"": ""resolved""}",uncertain,uncertain,yes,"severity=policy_needed; reason=container_not_structured; source_pack=""фл. 30 г""; actual_pack=""30 г""; expected=""фл. 30 г; count=1""; action=""add_container_and_unit_content_fields""",resolved,Structured туба + 15 г from actual source ТУБА 15Г. Reviewer note фл. 30 г was a copy-paste error.,false,false,false,false,false,false,false,true,true,false,true,,uncertain,uncertain,yes,"severity=policy_needed; reason=container_not_structured; source_pack=""фл. 30 г""; actual_pack=""30 г""; expected=""фл. 30 г; count=1""; action=""add_container_and_unit_content_fields"""
5010,ТЕРАФЛЕКС КАПС. 500МГ+400МГ №200 МАКИЗ-ФАРМА | МАКИЗ-ФАРМА | МАКИЗ-ФАРМА,,,none,unresolved_catalog,,,,new_enrichment,TRUE,ok,0,"ГЛЮКОЗАМИН, Хондроитина сульфат натрия",otc,взрослые,"ГЛЮКОЗАМИН, Хондроитина сульфат натрия",enrichment,FALSE,https://www.rlsnet.ru/drugs/terafleks-24430 | https://pharmproduct.ru/drugs/terafleks | https://aptekamos.ru/tovary/lekarstva/glyukozamin-xondroitina-sulfat-7759/terafleks-kapsuly-500mg-400mg-27916/instrukciya | https://pharmproduct.ru/drugs/terafleks/instruction | https://drugs.medelement.com/drug/%D1%82%D0%B5%D1%80%D0%B0%D1%84%D0%BB%D0%B5%D0%BA%D1%81-%D0%B8%D0%BD%D1%81%D1%82%D1%80%D1%83%D0%BA%D1%86%D0%B8%D1%8F/343739611477650933?instruction_lang=RU | https://www.vidal.ru/drugs/theraflex__3379 | https://allmed.pro/ru/drugs/terafleks | https://www.rlsnet.ru/drugs/terafleks-24430 | https://medi.ru/instrukciya/terafleks_23613/ | https://www.webapteka.ru/drugbase/name16743.html | https://www.vidal.ru/drugs/theraflex__3379 | https://zdesapteka.ru/instructions/terafleks/,"status=ok | Category=Drug | mnn=ГЛЮКОЗАМИН, ХОНДРОИТИНА СУЛЬФАТ | RX_OTC=OTC | Age=Взрослый | Терафлекс — комбинированный препарат, содержащий глюкозамин и хондроитина сульфат (МНН: ГЛЮКОЗАМИН+ХОНДРОИТИНА СУЛЬФАТ). Согласно инструкции, применяется у взрослых и подростков старше 15 лет (в некоторых источниках — старше 12 лет) для лечения дегенеративно-дистрофических…",redesign/artifacts/mnn_identity_enrichment_pass_searxng_raw.jsonl,461,correct,correct,correct,,,,otc,взрослые,identity_enrichment,mnn_identity_enrichment,mnn_identity_enrichment_pass_results,high,"identity enrichment run 461: status=ok, Category=Drug, RX/OTC=otc, evidence present",identity_enrichment,mnn_identity_enrichment,mnn_identity_enrichment_pass_results,high,"identity enrichment run 461: status=ok, Category=Drug, Age=взрослые, evidence present",otc,взрослые,,,,,otc,взрослые,"[{""value"": ""otc"", ""method"": ""identity_enrichment"", ""stage"": ""mnn_identity_enrichment"", ""source"": ""mnn_identity_enrichment_pass_results"", ""confidence"": ""high""}, {""value"": ""otc"", ""method"": ""sem_baseline"", ""stage"": ""sem1"", ""source"": ""sem_wave500_mnn_v3_report"", ""confidence"": ""medium""}]","[{""value"": ""взрослые"", ""method"": ""identity_enrichment"", ""stage"": ""mnn_identity_enrichment"", ""source"": ""mnn_identity_enrichment_pass_results"", ""confidence"": ""high""}, {""value"": ""взрослые"", ""method"": ""sem_baseline"", ""stage"": ""sem1"", ""source"": ""sem_wave500_mnn_v3_report"", ""confidence"": ""medium""}]",,,FALSE,FALSE,FALSE,FALSE,low,"[""source_match""]",previous enrichment RX/OTC absent; catalog RX/OTC absent/unknown; previous enrichment Age absent; catalog Age absent/unknown,ТЕРАФЛЕКС; капсулы; 500 мг + 400 мг; N200; производитель: МАКИЗ-ФАРМА,Терафлекс; капсулы; 500 мг + 400 мг; N200; МАКИЗ-ФАРМА,Терафлекс капсулы 500 мг + 400 мг N200,МАКИЗ-ФАРМА,Терафлекс,капсулы,капсулы,КАПС.,500 мг + 400 мг,N200,,МАКИЗ-ФАРМА,МАКИЗ-ФАРМА,multi_component_strength|manufacturer_deduped,,2,0,3,5,,false,false,false,false,false,false,norm_v4_experiment_m5_0,norm_v4_1_offline_pack_and_retrieval_remediation,Терафлекс; капсулы; 500 мг + 400 мг; N200; производитель: МАКИЗ-ФАРМА,Терафлекс; капсулы; 500 мг + 400 мг; N200; МАКИЗ-ФАРМА,Терафлекс капсулы 500 мг + 400 мг N200,МАКИЗ-ФАРМА,"Терафлекс капсулы 500 мг + 400 мг N200, МАКИЗ-ФАРМА",Терафлекс,капсулы,капсулы,КАПС.,500 мг + 400 мг,МАКИЗ-ФАРМА,МАКИЗ-ФАРМА,,unknown,,N200,№200,N200,parsed,,ТЕРАФЛЕКС КАПС. 500МГ+400МГ МАКИЗ-ФАРМА,,,not_applicable,,false,false,,,,"{""m5_0_identity"": ""yes"", ""m5_0_manufacturer"": ""yes"", ""m5_0_notes"": """", ""m5_0_query"": ""yes"", ""m5_1_resolution_reason"": ""M5.0 identity and query were accepted (yes); no labeled defect to remediate."", ""m5_1_resolution_status"": ""not_applicable""}",yes,yes,yes,,not_applicable,M5.0 identity and query were accepted (yes); no labeled defect to remediate.,false,false,false,false,false,false,false,true,false,false,false,,yes,yes,yes,
5258,"ТАМСУЛОЗИН КАНОН КАПС. КИШ/РАСТ. ПРОЛОНГ. ВЫСВ. 0,4МГ №30 | КАНОНФАРМА ПРОДАКШН ЗАО | КАНОНФАРМА ПРОДАКШН ЗАО",Тамсулозин,,none,unresolved_catalog,,,,new_enrichment,TRUE,ok,0,Тамсулозин,rx,взрослые,Тамсулозин,enrichment,FALSE,https://aptekamos.ru/tovary/lekarstva/tamsulozin-1195/tamsulozin-kanon-kapsuly-0-4mg-84380/instrukciya | https://www.vidal.ru/drugs/tamsulosin-canon | https://aptekamos.ru/tovary/lekarstva/tamsulozin-1195/tamsulozin-kanon-tabletki-0-4mg-103388/instrukciya | https://www.rlsnet.ru/drugs/tamsulozin-kanon-78545 | https://drugs.medelement.com/drug/%D1%82%D0%B0%D0%BC%D1%81%D1%83%D0%BB%D0%BE%D0%B7%D0%B8%D0%BD-%D0%BA%D0%B0%D0%BD%D0%BE%D0%BD-%D0%B8%D0%BD%D1%81%D1%82%D1%80%D1%83%D0%BA%D1%86%D0%B8%D1%8F/290839361699438245?instruction_lang=RU | https://medum.ru/tamsulozin-kanon | https://www.rlsnet.ru/drugs/tamsulozin-kanon-78545 | https://www.vidal.ru/drugs/tamsulosin-canon | https://aptekamos.ru/tovary/lekarstva/tamsulozin-1195/tamsulozin-kanon-kapsuly-0-4mg-84380/instrukciya | https://zdesapteka.ru/instructions/tamsulozin-kanon/ | https://www.vidal.ru/drugs/tamsulosin-canon | https://drugs.medelement.com/drug/%D1%82%D0%B0%D0%BC%D1%81%D1%83%D0%BB%D0%BE%D0%B7%D0%B8%D0%BD-%D0%BA%D0%B0%D0%BD%D0%BE%D0%BD-%D0%B8%D0%BD%D1%81%D1%82%D1%80%D1%83%D0%BA%D1%86%D0%B8%D1%8F/290839361699438245?instruction_lang=RU,"status=ok | Category=Drug | mnn=Тамсулозин | RX_OTC=RX | Age=Взрослый | Тамсулозин Канон — лекарственный препарат, действующее вещество тамсулозин. Относится к блокаторам альфа1-адренорецепторов, применяется для лечения дизурических расстройств при доброкачественной гиперплазии предстательной железы (источники: vidal.ru, rlsnet.ru). Препарат…",redesign/artifacts/mnn_identity_enrichment_pass_searxng_raw.jsonl,461,correct,correct,correct,,,,rx,взрослые,identity_enrichment,mnn_identity_enrichment,mnn_identity_enrichment_pass_results,high,"identity enrichment run 461: status=ok, Category=Drug, RX/OTC=rx, evidence present",identity_enrichment,mnn_identity_enrichment,mnn_identity_enrichment_pass_results,high,"identity enrichment run 461: status=ok, Category=Drug, Age=взрослые, evidence present",rx,взрослые,,,,,rx,взрослые,"[{""value"": ""rx"", ""method"": ""identity_enrichment"", ""stage"": ""mnn_identity_enrichment"", ""source"": ""mnn_identity_enrichment_pass_results"", ""confidence"": ""high""}, {""value"": ""rx"", ""method"": ""sem_baseline"", ""stage"": ""sem1"", ""source"": ""sem_wave500_mnn_v3_report"", ""confidence"": ""medium""}]","[{""value"": ""взрослые"", ""method"": ""identity_enrichment"", ""stage"": ""mnn_identity_enrichment"", ""source"": ""mnn_identity_enrichment_pass_results"", ""confidence"": ""high""}, {""value"": ""взрослые"", ""method"": ""sem_baseline"", ""stage"": ""sem1"", ""source"": ""sem_wave500_mnn_v3_report"", ""confidence"": ""medium""}]",,,FALSE,FALSE,FALSE,FALSE,low,"[""source_match""]",previous enrichment RX/OTC absent; catalog RX/OTC absent/unknown; previous enrichment Age absent; catalog Age absent/unknown,"ТАМСУЛОЗИН КАНОН; капсулы, кишечнорастворимые, с пролонгированным высвобождением; 0.4 мг; N30; производитель: КАНОНФАРМА ПРОДАКШН ЗАО",Тамсулозин Канон; капсулы; 0.4 мг; N30; КАНОНФАРМА ПРОДАКШН ЗАО,Тамсулозин Канон капсулы 0.4 мг N30,КАНОНФАРМА ПРОДАКШН ЗАО,Тамсулозин Канон,капсулы,"капсулы, кишечнорастворимые, с пролонгированным высвобождением",КАПС.,0.4 мг,N30,,КАНОНФАРМА ПРОДАКШН ЗАО,КАНОНФАРМА,manufacturer_deduped,,1,0,3,5,,false,false,false,false,false,false,norm_v4_experiment_m5_0,norm_v4_1_offline_pack_and_retrieval_remediation,"Тамсулозин Канон; капсулы, кишечнорастворимые, с пролонгированным высвобождением; 0.4 мг; N30; производитель: КАНОНФАРМА ПРОДАКШН ЗАО",Тамсулозин Канон; капсулы; 0.4 мг; N30; КАНОНФАРМА ПРОДАКШН ЗАО,Тамсулозин Канон капсулы 0.4 мг N30,КАНОНФАРМА ПРОДАКШН ЗАО,"Тамсулозин Канон капсулы 0.4 мг N30, КАНОНФАРМА ПРОДАКШН ЗАО",Тамсулозин Канон,капсулы,"капсулы, кишечнорастворимые, с пролонгированным высвобождением",КАПС.,0.4 мг,КАНОНФАРМА ПРОДАКШН ЗАО,КАНОНФАРМА,,unknown,,N30,№30,N30,parsed,,"ТАМСУЛОЗИН КАНОН КАПС. КИШ/РАСТ. ПРОЛОНГ. ВЫСВ. 0,4МГ",,,not_applicable,,false,false,,,,"{""m5_0_identity"": ""yes"", ""m5_0_manufacturer"": ""yes"", ""m5_0_notes"": """", ""m5_0_query"": ""yes"", ""m5_1_resolution_reason"": ""M5.0 identity and query were accepted (yes); no labeled defect to remediate."", ""m5_1_resolution_status"": ""not_applicable""}",yes,yes,yes,,not_applicable,M5.0 identity and query were accepted (yes); no labeled defect to remediate.,false,false,false,false,false,false,false,true,false,false,false,,yes,yes,yes,
5267,ТАМОКСИФЕН ТАБЛ. 20МГ №30 ОЗОН | ОЗОН ООО | ОЗОН ООО,Тамоксифен,Тамоксифен,high,resolved_enrichment,,Тамоксифен,ok,reuse_existing_enrichment,FALSE,,0,,,,Тамоксифен,input_plus_enrichment,FALSE,,pass_action=reuse_existing_enrichment; identity_gate_already_used_enrichment,redesign/artifacts/mnn_identity_enrichment_pass_searxng_raw.jsonl,461,correct,correct,correct,,,,rx,взрослые,previous_enrichment,previous_mnn_enrichment,mnn_catalog_resolution_wave500_v3,high,"reused prior enrichment: status=ok, validated RX/OTC=rx",previous_enrichment,previous_mnn_enrichment,mnn_catalog_resolution_wave500_v3,high,"reused prior enrichment: status=ok, validated Age=взрослые",rx,взрослые,,,rx,взрослые,,,"[{""value"": ""rx"", ""method"": ""previous_enrichment"", ""stage"": ""previous_mnn_enrichment"", ""source"": ""mnn_catalog_resolution_wave500_v3"", ""confidence"": ""high""}, {""value"": ""rx"", ""method"": ""sem_baseline"", ""stage"": ""sem1"", ""source"": ""sem_wave500_mnn_v3_report"", ""confidence"": ""medium""}]","[{""value"": ""взрослые"", ""method"": ""previous_enrichment"", ""stage"": ""previous_mnn_enrichment"", ""source"": ""mnn_catalog_resolution_wave500_v3"", ""confidence"": ""high""}, {""value"": ""взрослые"", ""method"": ""sem_baseline"", ""stage"": ""sem1"", ""source"": ""sem_wave500_mnn_v3_report"", ""confidence"": ""medium""}]",,,FALSE,FALSE,FALSE,FALSE,low,"[""mnn""]",catalog RX/OTC absent/unknown; catalog Age absent/unknown,ТАМОКСИФЕН; таблетки; 20 мг; N30; производитель: ОЗОН ООО,Тамоксифен; таблетки; 20 мг; N30; ОЗОН ООО,Тамоксифен таблетки 20 мг N30,ОЗОН ООО,Тамоксифен,таблетки,таблетки,ТАБЛ.,20 мг,N30,,ОЗОН ООО,ОЗОН,manufacturer_deduped,,2,0,3,5,,false,false,false,false,false,false,norm_v4_experiment_m5_0,norm_v4_1_offline_pack_and_retrieval_remediation,Тамоксифен; таблетки; 20 мг; N30; производитель: ОЗОН ООО,Тамоксифен; таблетки; 20 мг; N30; ОЗОН ООО,Тамоксифен таблетки 20 мг N30,ОЗОН ООО,"Тамоксифен таблетки 20 мг N30, ОЗОН ООО",Тамоксифен,таблетки,таблетки,ТАБЛ.,20 мг,ОЗОН ООО,ОЗОН,,unknown,,N30,№30,N30,parsed,,ТАМОКСИФЕН ТАБЛ. 20МГ ОЗОН,,,not_applicable,,false,false,,,,"{""m5_0_identity"": ""yes"", ""m5_0_manufacturer"": ""yes"", ""m5_0_notes"": """", ""m5_0_query"": ""yes"", ""m5_1_resolution_reason"": ""M5.0 identity and query were accepted (yes); no labeled defect to remediate."", ""m5_1_resolution_status"": ""not_applicable""}",yes,yes,yes,,not_applicable,M5.0 identity and query were accepted (yes); no labeled defect to remediate.,false,false,false,false,false,false,false,true,false,false,false,,yes,yes,yes,
5270,ТАМИФЛЮ КАПС. 75МГ №10 | ДЕЛФАРМ МИЛАНО С.Р.Л./Ф.ХОФФМАНН-ЛЯ РОШ ЛТД/СЕНЕКСИ С.А.С. | ДЕЛФАРМ МИЛАНО С.Р.Л./Ф.ХОФФМАНН-ЛЯ РОШ ЛТД/СЕНЕКСИ С.А.С.,Осельтамивир,,none,unresolved_catalog,,,,new_enrichment,TRUE,ok,0,Осельтамивир,rx,универсальный,Осельтамивир,enrichment,FALSE,https://www.rlsnet.ru/drugs/tamiflyu-14676 | https://grls.rosminzdrav.ru/ | https://www.vidal.ru/drugs/tamiflu__37267 | https://aptekamos.ru/tovary/lekarstva/oseltamivir-6076/tamiflyu-kapsuly-75mg-22088/instrukciya | https://www.vidal.ru/drugs/tamiflu__37267 | https://health.mail.ru/drug/tamiflyu-1/ | https://medum.ru/tamiflyu | https://www.rlsnet.ru/drugs/tamiflyu-14676 | https://www.asna.ru/product/tamiflyu/instruction/ | https://medi.ru/instrukciya/tamiflyu_12321/ | https://megapteka.ru/specials/guide_tamiflyu-instrukciya-po-5623 | https://grls.pharm-portal.ru/grls/a30e80da-1893-4248-acc8-61f724c11849,"status=ok | Category=Drug | mnn=осельтамивир | RX_OTC=RX | Age=Универсальный | Тамифлю (капсулы 75 мг) является лекарственным средством, действующее вещество — осельтамивир (согласно ГРЛС). Отпускается по рецепту (в ГРЛС указано 'По рецепту'). Применяется для лечения и профилактики гриппа у взрослых и детей старше 1 года (для детей младшего возраста…",redesign/artifacts/mnn_identity_enrichment_pass_searxng_raw.jsonl,461,correct,correct,correct,,,,rx,универсальный,identity_enrichment,mnn_identity_enrichment,mnn_identity_enrichment_pass_results,high,"identity enrichment run 461: status=ok, Category=Drug, RX/OTC=rx, evidence present",identity_enrichment,mnn_identity_enrichment,mnn_identity_enrichment_pass_results,high,"identity enrichment run 461: status=ok, Category=Drug, Age=универсальный, evidence present; weaker sources differ: sem_baseline=взрослые",rx,взрослые,,,,,rx,универсальный,"[{""value"": ""rx"", ""method"": ""identity_enrichment"", ""stage"": ""mnn_identity_enrichment"", ""source"": ""mnn_identity_enrichment_pass_results"", ""confidence"": ""high""}, {""value"": ""rx"", ""method"": ""sem_baseline"", ""stage"": ""sem1"", ""source"": ""sem_wave500_mnn_v3_report"", ""confidence"": ""medium""}]","[{""value"": ""универсальный"", ""method"": ""identity_enrichment"", ""stage"": ""mnn_identity_enrichment"", ""source"": ""mnn_identity_enrichment_pass_results"", ""confidence"": ""high""}, {""value"": ""взрослые"", ""method"": ""sem_baseline"", ""stage"": ""sem1"", ""source"": ""sem_wave500_mnn_v3_report"", ""confidence"": ""medium""}]",,,FALSE,FALSE,FALSE,FALSE,low,"[""source_match""]",previous enrichment RX/OTC absent; catalog RX/OTC absent/unknown; previous enrichment Age absent; catalog Age absent/unknown,ТАМИФЛЮ; капсулы; 75 мг; N10; производитель: ДЕЛФАРМ МИЛАНО С.Р.Л./Ф.ХОФФМАНН-ЛЯ РОШ ЛТД/СЕНЕКСИ С.А.С.,Тамифлю; капсулы; 75 мг; N10; ДЕЛФАРМ МИЛАНО С.Р.Л./Ф.ХОФФМАНН-ЛЯ РОШ ЛТД/СЕНЕКСИ С.А.С.,Тамифлю капсулы 75 мг N10,ДЕЛФАРМ МИЛАНО С.Р.Л./Ф.ХОФФМАНН-ЛЯ РОШ ЛТД/СЕНЕКСИ С.А.С.,Тамифлю,капсулы,капсулы,КАПС.,75 мг,N10,,ДЕЛФАРМ МИЛАНО С.Р.Л./Ф.ХОФФМАНН-ЛЯ РОШ ЛТД/СЕНЕКСИ С.А.С.,ДЕЛФАРМ,manufacturer_deduped|manufacturer_multi_entity,slash-separated manufacturer/MAH entities retained as one string,1,0,3,5,,false,false,false,false,false,false,norm_v4_experiment_m5_0,norm_v4_1_offline_pack_and_retrieval_remediation,Тамифлю; капсулы; 75 мг; N10; производитель: ДЕЛФАРМ МИЛАНО С.Р.Л./Ф.ХОФФМАНН-ЛЯ РОШ ЛТД/СЕНЕКСИ С.А.С.,Тамифлю; капсулы; 75 мг; N10; ДЕЛФАРМ МИЛАНО С.Р.Л./Ф.ХОФФМАНН-ЛЯ РОШ ЛТД/СЕНЕКСИ С.А.С.,Тамифлю капсулы 75 мг N10,ДЕЛФАРМ МИЛАНО С.Р.Л./Ф.ХОФФМАНН-ЛЯ РОШ ЛТД/СЕНЕКСИ С.А.С.,"Тамифлю капсулы 75 мг N10, ДЕЛФАРМ МИЛАНО С.Р.Л./Ф.ХОФФМАНН-ЛЯ РОШ ЛТД/СЕНЕКСИ С.А.С.",Тамифлю,капсулы,капсулы,КАПС.,75 мг,ДЕЛФАРМ МИЛАНО С.Р.Л./Ф.ХОФФМАНН-ЛЯ РОШ ЛТД/СЕНЕКСИ С.А.С.,ДЕЛФАРМ,,unknown,,N10,№10,N10,parsed,,ТАМИФЛЮ КАПС. 75МГ,,,not_applicable,,false,false,,manufacturer_multi_entity_retained,,"{""m5_0_identity"": ""yes"", ""m5_0_manufacturer"": ""yes"", ""m5_0_notes"": """", ""m5_0_query"": ""yes"", ""m5_1_resolution_reason"": ""M5.0 identity and query were accepted (yes); no labeled defect to remediate."", ""m5_1_resolution_status"": ""not_applicable""}",yes,yes,yes,,not_applicable,M5.0 identity and query were accepted (yes); no labeled defect to remediate.,false,false,false,false,false,false,false,true,false,false,false,,yes,yes,yes,
5322,"ТАВОЛГА ВЯЗОЛИСТНАЯ (ЛАБАЗНИК) ТРАВА Ф/П 1,5Г №20 ХЕРБЕС | ХЕРБЕС ООО | ХЕРБЕС ООО",,,none,unresolved_catalog,,,ok,new_enrichment,TRUE,ok,0,,unknown,универсальный,,unresolved_final,TRUE,https://medum.ru/labaznik-tavolga-vyazolistnyj-trava | https://www.rlsnet.ru/baa/labaznik-tavolga-vyazolistnyi-trava-44825 | https://ru.wikipedia.org/wiki/%D0%A2%D0%B0%D0%B2%D0%BE%D0%BB%D0%B3%D0%B0_%D0%B2%D1%8F%D0%B7%D0%BE%D0%BB%D0%B8%D1%81%D1%82%D0%BD%D0%B0%D1%8F | https://ru.wikipedia.org/wiki/%D0%A2%D0%B0%D0%B2%D0%BE%D0%BB%D0%B3%D0%B0_(%D1%80%D0%B0%D1%81%D1%82%D0%B5%D0%BD%D0%B8%D0%B5) | https://ru.ruwiki.ru/wiki/%D0%A2%D0%B0%D0%B2%D0%BE%D0%BB%D0%B3%D0%B0_%D0%B2%D1%8F%D0%B7%D0%BE%D0%BB%D0%B8%D1%81%D1%82%D0%BD%D0%B0%D1%8F | https://shop.evalar.ru/encyclopedia/item/labaznik-vyazolistnyy/ | http://medherbal.ru/tavolga.php | https://www.oum.ru/literature/zdorovje/azbuka-trav-tavolga/ | http://belena.biz/nov/tavol.htm | https://naranfito.ru/articles/poleznoe/chem-polezen-labaznik-tavolga/ | https://ru.wikipedia.org/wiki/%D0%A2%D0%B0%D0%B2%D0%BE%D0%BB%D0%B3%D0%B0_%D0%B2%D1%8F%D0%B7%D0%BE%D0%BB%D0%B8%D1%81%D1%82%D0%BD%D0%B0%D1%8F | https://7dach.ru/zdorovie/MarusyaRusya/recepty-zdorovya-tavolga-vyazolistnaya-prirodnyy-analog-aspirina-160944.html,"status=ok | Category=BAS | RX_OTC=not applicable | Age=Универсальный | Согласно найденным источникам, таволга вязолистная (лабазник) является лекарственным растением, но в результатах поиска нет указаний на то, что это лекарственное средство, зарегистрированное в ГРЛС. На сайте rlsnet.ru она классифицируется как БАД (биологически активная добавка)…",redesign/artifacts/mnn_identity_enrichment_pass_searxng_raw.jsonl,461,should_be_empty,,,,,BAS,not_applicable,not_applicable,not_applicable,mnn_identity_enrichment,mnn_identity_enrichment_pass_searxng_raw,high,identity enrichment run 461: Category=BAS/Other; RX/OTC not applicable,not_applicable,mnn_identity_enrichment,mnn_identity_enrichment_pass_searxng_raw,high,identity enrichment run 461: Category=BAS/Other; Age not applicable,,взрослые,,,,универсальный,,универсальный,[],"[{""value"": ""универсальный"", ""method"": ""identity_enrichment"", ""stage"": ""mnn_identity_enrichment"", ""source"": ""mnn_identity_enrichment_pass_results"", ""confidence"": ""high""}, {""value"": ""универсальный"", ""method"": ""previous_enrichment"", ""stage"": ""previous_mnn_enrichment"", ""source"": ""mnn_catalog_resolution_wave500_v3"", ""confidence"": ""high""}, {""value"": ""взрослые"", ""method"": ""sem_baseline"", ""stage"": ""sem1"", ""source"": ""sem_wave500_mnn_v3_report"", ""confidence"": ""medium""}]",,,TRUE,FALSE,FALSE,TRUE,high,"[""mnn"", ""non_drug_status"", ""source_match""]",,"ТАВОЛГА ВЯЗОЛИСТНАЯ (ЛАБАЗНИК); трава, фильтр-пакеты; 1.5 г; N20; производитель: ХЕРБЕС ООО",Таволга Вязолистная (лабазник); фильтр-пакеты; 1.5 г; N20; ХЕРБЕС ООО,Таволга Вязолистная (лабазник) фильтр-пакеты 1.5 г N20,ХЕРБЕС ООО,Таволга Вязолистная (лабазник),фильтр-пакеты,"трава, фильтр-пакеты",ТРАВА,1.5 г,N20,,ХЕРБЕС ООО,ХЕРБЕС,manufacturer_deduped,,2,0,3,5,,false,false,false,false,false,false,norm_v4_experiment_m5_0,norm_v4_1_offline_pack_and_retrieval_remediation,"Таволга Вязолистная (лабазник); трава, фильтр-пакеты; 1.5 г; 1.5 г, N20; производитель: ХЕРБЕС ООО","Таволга Вязолистная (лабазник); фильтр-пакеты; 1.5 г; 1.5 г, N20; ХЕРБЕС ООО",Таволга Вязолистная (лабазник) фильтр-пакеты 1.5 г N20,ХЕРБЕС ООО,"Таволга Вязолистная (лабазник) фильтр-пакеты 1.5 г N20, ХЕРБЕС ООО",Таволга Вязолистная (лабазник),фильтр-пакеты,"трава, фильтр-пакеты",ТРАВА,1.5 г,ХЕРБЕС ООО,ХЕРБЕС,,unknown,1.5 г,N20,"1,5Г №20","1.5 г, N20",parsed,,ТАВОЛГА ВЯЗОЛИСТНАЯ (ЛАБАЗНИК) ТРАВА Ф/П ХЕРБЕС,,,not_applicable,,false,false,,,,"{""m5_0_identity"": """", ""m5_0_manufacturer"": """", ""m5_0_notes"": """", ""m5_0_query"": """", ""m5_1_resolution_reason"": ""M5.0 labels blank; row was not in the reviewed 50-sample (blank is not treated as yes)."", ""m5_1_resolution_status"": ""not_applicable""}",,,,,not_applicable,M5.0 labels blank; row was not in the reviewed 50-sample (blank is not treated as yes).,false,false,false,false,false,false,false,true,false,false,false,,,,,
7275,САНОВАСК ТАБЛ. П/КИШ/РАСТ/ПЛЕН/ОБ. 50МГ №30 | ИРБИТСКИЙ ХИМЗАВОД ОАО | ИРБИТСКИЙ ХИМЗАВОД ОАО,,,none,unresolved_catalog,,,,new_enrichment,TRUE,ok,0,Ацетилсалициловая кислота,rx,универсальный,Ацетилсалициловая кислота,enrichment,FALSE,https://www.vidal.ru/drugs/sanovasc | https://www.lsgeotar.ru/drugs/sanovasc-AEUn | https://www.rlsnet.ru/drugs/sanovask-75403 | https://grls.rosminzdrav.ru/ | https://www.lsgeotar.ru/drugs/sanovasc-ADcV | http://drugs.thead.ru/SANOVASK | https://www.rlsnet.ru/drugs/sanovask-75403 | https://www.vidal.ru/drugs/sanovasc | https://medvisor.ru/medicine/drug/sanovask_39420/ | https://grls.rosminzdrav.ru/ | https://avexima.ru/upload/iblock/5f4/o5oavm0mg1b7f5j7f1mqrnipexcx4gc0.pdf | https://www.webapteka.ru/drugbase/name53516.html,"status=ok | Category=Drug | mnn=Ацетилсалициловая кислота | RX_OTC=RX | Age=Универсальный | САНОВАСК содержит действующее вещество ацетилсалициловую кислоту (АСК) (источник: lsgeotar.ru). Препарат выпускается в форме таблеток кишечнорастворимых, покрытых пленочной оболочкой, 50 мг (источник: vidal.ru). Согласно инструкции, препарат применяется для профилактики…",redesign/artifacts/mnn_identity_enrichment_pass_searxng_raw.jsonl,461,correct,incorrect,incorrect,,,"препарат otc, возрастной сегмент - взрослый",rx,универсальный,identity_enrichment,mnn_identity_enrichment,mnn_identity_enrichment_pass_results,high,"identity enrichment run 461: status=ok, Category=Drug, RX/OTC=rx, evidence present",identity_enrichment,mnn_identity_enrichment,mnn_identity_enrichment_pass_results,high,"identity enrichment run 461: status=ok, Category=Drug, Age=универсальный, evidence present",,,,,,,rx,универсальный,"[{""value"": ""rx"", ""method"": ""identity_enrichment"", ""stage"": ""mnn_identity_enrichment"", ""source"": ""mnn_identity_enrichment_pass_results"", ""confidence"": ""high""}]","[{""value"": ""универсальный"", ""method"": ""identity_enrichment"", ""stage"": ""mnn_identity_enrichment"", ""source"": ""mnn_identity_enrichment_pass_results"", ""confidence"": ""high""}]",,,FALSE,FALSE,FALSE,FALSE,low,"[""source_match""]",previous enrichment RX/OTC absent; Sem RX/OTC absent; catalog RX/OTC absent/unknown; previous enrichment Age absent; Sem Age absent; catalog Age absent/unknown,"САНОВАСК; таблетки, кишечнорастворитые, покрытые пленочной оболочкой; 50 мг; N30; производитель: ИРБИТСКИЙ ХИМЗАВОД ОАО",Сановаск; таблетки; 50 мг; N30; ИРБИТСКИЙ ХИМЗАВОД ОАО,Сановаск таблетки 50 мг N30,ИРБИТСКИЙ ХИМЗАВОД ОАО,Сановаск,таблетки,"таблетки, кишечнорастворитые, покрытые пленочной оболочкой",ТАБЛ.,50 мг,N30,,ИРБИТСКИЙ ХИМЗАВОД ОАО,ИРБИТСКИЙ,manufacturer_deduped,,1,0,3,5,,false,false,false,false,false,false,norm_v4_experiment_m5_0,norm_v4_1_offline_pack_and_retrieval_remediation,"Сановаск; таблетки, кишечнорастворитые, покрытые пленочной оболочкой; 50 мг; N30; производитель: ИРБИТСКИЙ ХИМЗАВОД ОАО",Сановаск; таблетки; 50 мг; N30; ИРБИТСКИЙ ХИМЗАВОД ОАО,Сановаск таблетки 50 мг N30,ИРБИТСКИЙ ХИМЗАВОД ОАО,"Сановаск таблетки 50 мг N30, ИРБИТСКИЙ ХИМЗАВОД ОАО",Сановаск,таблетки,"таблетки, кишечнорастворитые, покрытые пленочной оболочкой",ТАБЛ.,50 мг,ИРБИТСКИЙ ХИМЗАВОД ОАО,ИРБИТСКИЙ,,unknown,,N30,№30,N30,parsed,,САНОВАСК ТАБЛ. П/КИШ/РАСТ/ПЛЕН/ОБ. 50МГ,,,not_applicable,,false,false,,,,"{""m5_0_identity"": """", ""m5_0_manufacturer"": """", ""m5_0_notes"": """", ""m5_0_query"": """", ""m5_1_resolution_reason"": ""M5.0 labels blank; row was not in the reviewed 50-sample (blank is not treated as yes)."", ""m5_1_resolution_status"": ""not_applicable""}",,,,,not_applicable,M5.0 labels blank; row was not in the reviewed 50-sample (blank is not treated as yes).,false,false,false,false,false,false,false,true,false,false,false,,,,,
7625,РОСИНСУЛИН С МЕДСИНТЕЗ СУСП. ДЛЯ П/К ВВЕД. 100МЕ/МЛ КАРТРИДЖ 3МЛ №5 | ЗАВОД МЕДСИНТЕЗ ООО | ЗАВОД МЕДСИНТЕЗ ООО,Инсулин человеческий,,none,resolved_enrichment,,Инсулин человеческий,ok,reuse_existing_enrichment,FALSE,,0,,,,Инсулин человеческий,enrichment,FALSE,,pass_action=reuse_existing_enrichment; identity_gate_already_used_enrichment,redesign/artifacts/mnn_identity_enrichment_pass_searxng_raw.jsonl,461,correct,correct,correct,,,,rx,универсальный,previous_enrichment,previous_mnn_enrichment,mnn_catalog_resolution_wave500_v3,high,"reused prior enrichment: status=ok, validated RX/OTC=rx",previous_enrichment,previous_mnn_enrichment,mnn_catalog_resolution_wave500_v3,high,"reused prior enrichment: status=ok, validated Age=универсальный",rx,,,,rx,универсальный,,,"[{""value"": ""rx"", ""method"": ""previous_enrichment"", ""stage"": ""previous_mnn_enrichment"", ""source"": ""mnn_catalog_resolution_wave500_v3"", ""confidence"": ""high""}, {""value"": ""rx"", ""method"": ""sem_baseline"", ""stage"": ""sem1"", ""source"": ""sem_wave500_mnn_v3_report"", ""confidence"": ""medium""}]","[{""value"": ""универсальный"", ""method"": ""previous_enrichment"", ""stage"": ""previous_mnn_enrichment"", ""source"": ""mnn_catalog_resolution_wave500_v3"", ""confidence"": ""high""}]",,,FALSE,FALSE,FALSE,FALSE,low,"[""mnn""]",catalog RX/OTC absent/unknown; Sem Age absent; catalog Age absent/unknown,РОСИНСУЛИН С МЕДСИНТЕЗ; суспензия; 100 МЕ/мл; 3 мл; N5; производитель: ЗАВОД МЕДСИНТЕЗ ООО,Росинсулин С Медсинтез; суспензия; 100 МЕ/мл; N5; ЗАВОД МЕДСИНТЕЗ ООО,Росинсулин С Медсинтез суспензия 100 МЕ/мл N5,ЗАВОД МЕДСИНТЕЗ ООО,Росинсулин С Медсинтез,суспензия,суспензия,СУСП.,100 МЕ/мл,N5,3 мл,ЗАВОД МЕДСИНТЕЗ ООО,ЗАВОД,manufacturer_deduped,,1,0,3,5,,false,false,false,false,false,false,norm_v4_experiment_m5_0,norm_v4_1_offline_pack_and_retrieval_remediation,"Росинсулин С Медсинтез; суспензия; 100 МЕ/мл; картридж 3 мл, N5; производитель: ЗАВОД МЕДСИНТЕЗ ООО","Росинсулин С Медсинтез; суспензия; 100 МЕ/мл; картридж 3 мл, N5; ЗАВОД МЕДСИНТЕЗ ООО",Росинсулин С Медсинтез суспензия 100 МЕ/мл картридж 3 мл N5,ЗАВОД МЕДСИНТЕЗ ООО,"Росинсулин С Медсинтез суспензия 100 МЕ/мл картридж 3 мл N5, ЗАВОД МЕДСИНТЕЗ ООО",Росинсулин С Медсинтез,суспензия,суспензия,СУСП.,100 МЕ/мл,ЗАВОД МЕДСИНТЕЗ ООО,ЗАВОД,КАРТРИДЖ,контейнер,3 мл,N5,КАРТРИДЖ 3МЛ №5,"картридж 3 мл, N5",parsed,cartridge_mapped_to_container,РОСИНСУЛИН С МЕДСИНТЕЗ СУСП. ДЛЯ П/К ВВЕД. 100МЕ/МЛ,,,not_applicable,,false,false,,container_cartridge_mapped|query_gained_container|query_gained_unit_amount,cartridge_mapped_to_container,"{""m5_0_identity"": """", ""m5_0_manufacturer"": """", ""m5_0_notes"": """", ""m5_0_query"": """", ""m5_1_resolution_reason"": ""M5.0 labels blank; row was not in the reviewed 50-sample (blank is not treated as yes)."", ""m5_1_resolution_status"": ""not_applicable""}",,,,,not_applicable,M5.0 labels blank; row was not in the reviewed 50-sample (blank is not treated as yes).,false,false,false,false,false,false,false,true,true,true,false,,,,,
7803,РОЗУВАСТАТИН-ТАД ТАБЛ. П/ПЛЕН/ОБ. 20МГ №30 | Крка-Рус ООО | Крка-Рус ООО,Розувастатин,Розувастатин,high,resolved_input_explicit,,,,skip_strong_input_mnn,FALSE,,0,,,,Розувастатин,input_explicit_mnn,FALSE,,pass_action=skip_strong_input_mnn; strong_input_explicit_accepted,redesign/artifacts/mnn_identity_enrichment_pass_searxng_raw.jsonl,461,correct,correct,correct,,,,rx,взрослые,sem_baseline,sem1,sem_wave500_mnn_v3_report,medium,Sem v3 canonical attr contains RX/OTC=rx,sem_baseline,sem1,sem_wave500_mnn_v3_report,medium,Sem v3 canonical attr contains Age=взрослые,rx,взрослые,,,,,,,"[{""value"": ""rx"", ""method"": ""sem_baseline"", ""stage"": ""sem1"", ""source"": ""sem_wave500_mnn_v3_report"", ""confidence"": ""medium""}]","[{""value"": ""взрослые"", ""method"": ""sem_baseline"", ""stage"": ""sem1"", ""source"": ""sem_wave500_mnn_v3_report"", ""confidence"": ""medium""}]",,,FALSE,FALSE,FALSE,FALSE,low,"[""mnn""]",previous enrichment RX/OTC absent; catalog RX/OTC absent/unknown; previous enrichment Age absent; catalog Age absent/unknown,"РОЗУВАСТАТИН-ТАД; таблетки, покрытые пленочной оболочкой; 20 мг; N30; производитель: Крка-Рус ООО",Розувастатин-ТАД; таблетки; 20 мг; N30; Крка-Рус ООО,Розувастатин-ТАД таблетки 20 мг N30,Крка-Рус ООО,Розувастатин-ТАД,таблетки,"таблетки, покрытые пленочной оболочкой",ТАБЛ.,20 мг,N30,,Крка-Рус ООО,Крка-Рус,manufacturer_deduped,,1,0,3,5,,false,false,false,false,false,false,norm_v4_experiment_m5_0,norm_v4_1_offline_pack_and_retrieval_remediation,"Розувастатин-ТАД; таблетки, покрытые пленочной оболочкой; 20 мг; N30; производитель: Крка-Рус ООО",Розувастатин-ТАД; таблетки; 20 мг; N30; Крка-Рус ООО,Розувастатин-ТАД таблетки 20 мг N30,Крка-Рус ООО,"Розувастатин-ТАД таблетки 20 мг N30, Крка-Рус ООО",Розувастатин-ТАД,таблетки,"таблетки, покрытые пленочной оболочкой",ТАБЛ.,20 мг,Крка-Рус ООО,Крка-Рус,,unknown,,N30,№30,N30,parsed,,РОЗУВАСТАТИН-ТАД ТАБЛ. П/ПЛЕН/ОБ. 20МГ,,,not_applicable,,false,false,,,,"{""m5_0_identity"": """", ""m5_0_manufacturer"": """", ""m5_0_notes"": """", ""m5_0_query"": """", ""m5_1_resolution_reason"": ""M5.0 labels blank; row was not in the reviewed 50-sample (blank is not treated as yes)."", ""m5_1_resolution_status"": ""not_applicable""}",,,,,not_applicable,M5.0 labels blank; row was not in the reviewed 50-sample (blank is not treated as yes).,false,false,false,false,false,false,false,true,false,false,false,,,,,
7816,РОЗУВАСТАТИН ТАБЛ. П/ПЛЕН/ОБ. 20МГ №90 ОЗОН | ОЗОН ООО | ОЗОН ООО,Розувастатин,Розувастатин,high,resolved_enrichment,,Розувастатин,ok,reuse_existing_enrichment,FALSE,,0,,,,Розувастатин,input_plus_enrichment,FALSE,,pass_action=reuse_existing_enrichment; identity_gate_already_used_enrichment,redesign/artifacts/mnn_identity_enrichment_pass_searxng_raw.jsonl,461,correct,correct,correct,,,,rx,взрослые,previous_enrichment,previous_mnn_enrichment,mnn_catalog_resolution_wave500_v3,high,"reused prior enrichment: status=ok, validated RX/OTC=rx",previous_enrichment,previous_mnn_enrichment,mnn_catalog_resolution_wave500_v3,high,"reused prior enrichment: status=ok, validated Age=взрослые",rx,взрослые,,,rx,взрослые,,,"[{""value"": ""rx"", ""method"": ""previous_enrichment"", ""stage"": ""previous_mnn_enrichment"", ""source"": ""mnn_catalog_resolution_wave500_v3"", ""confidence"": ""high""}, {""value"": ""rx"", ""method"": ""sem_baseline"", ""stage"": ""sem1"", ""source"": ""sem_wave500_mnn_v3_report"", ""confidence"": ""medium""}]","[{""value"": ""взрослые"", ""method"": ""previous_enrichment"", ""stage"": ""previous_mnn_enrichment"", ""source"": ""mnn_catalog_resolution_wave500_v3"", ""confidence"": ""high""}, {""value"": ""взрослые"", ""method"": ""sem_baseline"", ""stage"": ""sem1"", ""source"": ""sem_wave500_mnn_v3_report"", ""confidence"": ""medium""}]",,,FALSE,FALSE,FALSE,FALSE,low,"[""mnn""]",catalog RX/OTC absent/unknown; catalog Age absent/unknown,"РОЗУВАСТАТИН; таблетки, покрытые пленочной оболочкой; 20 мг; N90; производитель: ОЗОН ООО",Розувастатин; таблетки; 20 мг; N90; ОЗОН ООО,Розувастатин таблетки 20 мг N90,ОЗОН ООО,Розувастатин,таблетки,"таблетки, покрытые пленочной оболочкой",ТАБЛ.,20 мг,N90,,ОЗОН ООО,ОЗОН,manufacturer_deduped,,2,0,3,5,,false,false,false,false,false,false,norm_v4_experiment_m5_0,norm_v4_1_offline_pack_and_retrieval_remediation,"Розувастатин; таблетки, покрытые пленочной оболочкой; 20 мг; N90; производитель: ОЗОН ООО",Розувастатин; таблетки; 20 мг; N90; ОЗОН ООО,Розувастатин таблетки 20 мг N90,ОЗОН ООО,"Розувастатин таблетки 20 мг N90, ОЗОН ООО",Розувастатин,таблетки,"таблетки, покрытые пленочной оболочкой",ТАБЛ.,20 мг,ОЗОН ООО,ОЗОН,,unknown,,N90,№90,N90,parsed,,РОЗУВАСТАТИН ТАБЛ. П/ПЛЕН/ОБ. 20МГ ОЗОН,,,not_applicable,,false,false,,,,"{""m5_0_identity"": """", ""m5_0_manufacturer"": """", ""m5_0_notes"": """", ""m5_0_query"": """", ""m5_1_resolution_reason"": ""M5.0 labels blank; row was not in the reviewed 50-sample (blank is not treated as yes)."", ""m5_1_resolution_status"": ""not_applicable""}",,,,,not_applicable,M5.0 labels blank; row was not in the reviewed 50-sample (blank is not treated as yes).,false,false,false,false,false,false,false,true,false,false,false,,,,,
7858,РОЗУВАСТАТИН РЕНЕВАЛ ТАБЛ. П/ПЛЕН/ОБ. 10МГ №30 | ОБНОВЛЕНИЕ ПФК АО | ОБНОВЛЕНИЕ ПФК АО,Розувастатин,Розувастатин,high,resolved_enrichment,,Розувастатин,ok,reuse_existing_enrichment,FALSE,,0,,,,Розувастатин,input_plus_enrichment,FALSE,,pass_action=reuse_existing_enrichment; identity_gate_already_used_enrichment,redesign/artifacts/mnn_identity_enrichment_pass_searxng_raw.jsonl,461,correct,correct,correct,,,,rx,взрослые,previous_enrichment,previous_mnn_enrichment,mnn_catalog_resolution_wave500_v3,high,"reused prior enrichment: status=ok, validated RX/OTC=rx",previous_enrichment,previous_mnn_enrichment,mnn_catalog_resolution_wave500_v3,high,"reused prior enrichment: status=ok, validated Age=взрослые",rx,взрослые,,,rx,взрослые,,,"[{""value"": ""rx"", ""method"": ""previous_enrichment"", ""stage"": ""previous_mnn_enrichment"", ""source"": ""mnn_catalog_resolution_wave500_v3"", ""confidence"": ""high""}, {""value"": ""rx"", ""method"": ""sem_baseline"", ""stage"": ""sem1"", ""source"": ""sem_wave500_mnn_v3_report"", ""confidence"": ""medium""}]","[{""value"": ""взрослые"", ""method"": ""previous_enrichment"", ""stage"": ""previous_mnn_enrichment"", ""source"": ""mnn_catalog_resolution_wave500_v3"", ""confidence"": ""high""}, {""value"": ""взрослые"", ""method"": ""sem_baseline"", ""stage"": ""sem1"", ""source"": ""sem_wave500_mnn_v3_report"", ""confidence"": ""medium""}]",,,FALSE,FALSE,FALSE,FALSE,low,"[""mnn""]",catalog RX/OTC absent/unknown; catalog Age absent/unknown,"РОЗУВАСТАТИН РЕНЕВАЛ; таблетки, покрытые пленочной оболочкой; 10 мг; N30; производитель: ОБНОВЛЕНИЕ ПФК АО",Розувастатин Реневал; таблетки; 10 мг; N30; ОБНОВЛЕНИЕ ПФК АО,Розувастатин Реневал таблетки 10 мг N30,ОБНОВЛЕНИЕ ПФК АО,Розувастатин Реневал,таблетки,"таблетки, покрытые пленочной оболочкой",ТАБЛ.,10 мг,N30,,ОБНОВЛЕНИЕ ПФК АО,ОБНОВЛЕНИЕ,manufacturer_deduped,,1,0,3,5,,false,false,false,false,false,false,norm_v4_experiment_m5_0,norm_v4_1_offline_pack_and_retrieval_remediation,"Розувастатин Реневал; таблетки, покрытые пленочной оболочкой; 10 мг; N30; производитель: ОБНОВЛЕНИЕ ПФК АО",Розувастатин Реневал; таблетки; 10 мг; N30; ОБНОВЛЕНИЕ ПФК АО,Розувастатин Реневал таблетки 10 мг N30,ОБНОВЛЕНИЕ ПФК АО,"Розувастатин Реневал таблетки 10 мг N30, ОБНОВЛЕНИЕ ПФК АО",Розувастатин Реневал,таблетки,"таблетки, покрытые пленочной оболочкой",ТАБЛ.,10 мг,ОБНОВЛЕНИЕ ПФК АО,ОБНОВЛЕНИЕ,,unknown,,N30,№30,N30,parsed,,РОЗУВАСТАТИН РЕНЕВАЛ ТАБЛ. П/ПЛЕН/ОБ. 10МГ,,,not_applicable,,false,false,,,,"{""m5_0_identity"": """", ""m5_0_manufacturer"": """", ""m5_0_notes"": """", ""m5_0_query"": """", ""m5_1_resolution_reason"": ""M5.0 labels blank; row was not in the reviewed 50-sample (blank is not treated as yes)."", ""m5_1_resolution_status"": ""not_applicable""}",,,,,not_applicable,M5.0 labels blank; row was not in the reviewed 50-sample (blank is not treated as yes).,false,false,false,false,false,false,false,true,false,false,false,,,,,
8055,РИМАСОПТ ВМ КАПЛИ ГЛАЗНЫЕ 2МГ/МЛ+5МГ/МЛ ФЛ. 5МЛ №1 | Уорлд медицин илач сан. ве тидж. Аш | Уорлд медицин илач сан. ве тидж. Аш,,,none,resolved_enrichment,,"Бримонидин, Тимолол",ok,reuse_existing_enrichment,FALSE,,0,,,,"Бримонидин, Тимолол",enrichment,FALSE,,pass_action=reuse_existing_enrichment; identity_gate_already_used_enrichment,redesign/artifacts/mnn_identity_enrichment_pass_searxng_raw.jsonl,461,correct,correct,correct,,,,rx,взрослые,previous_enrichment,previous_mnn_enrichment,mnn_catalog_resolution_wave500_v3,high,"reused prior enrichment: status=ok, validated RX/OTC=rx",previous_enrichment,previous_mnn_enrichment,mnn_catalog_resolution_wave500_v3,high,"reused prior enrichment: status=ok, validated Age=взрослые",rx,,,,rx,взрослые,,,"[{""value"": ""rx"", ""method"": ""previous_enrichment"", ""stage"": ""previous_mnn_enrichment"", ""source"": ""mnn_catalog_resolution_wave500_v3"", ""confidence"": ""high""}, {""value"": ""rx"", ""method"": ""sem_baseline"", ""stage"": ""sem1"", ""source"": ""sem_wave500_mnn_v3_report"", ""confidence"": ""medium""}]","[{""value"": ""взрослые"", ""method"": ""previous_enrichment"", ""stage"": ""previous_mnn_enrichment"", ""source"": ""mnn_catalog_resolution_wave500_v3"", ""confidence"": ""high""}]",,,FALSE,FALSE,FALSE,FALSE,low,"[""mnn""]",catalog RX/OTC absent/unknown; Sem Age absent; catalog Age absent/unknown,"РИМАСОПТ ВМ; капли, глазные; 2 мг/мл + 5 мг/мл; 5 мл; N1; производитель: Уорлд медицин илач сан. ве тидж. Аш",Римасопт ВМ; капли; 2 мг/мл + 5 мг/мл; N1; Уорлд медицин илач сан. ве тидж. Аш,Римасопт ВМ капли 2 мг/мл + 5 мг/мл N1,Уорлд медицин илач сан. ве тидж. Аш,Римасопт ВМ,капли,"капли, глазные",КАПЛИ,2 мг/мл + 5 мг/мл,N1,5 мл,Уорлд медицин илач сан. ве тидж. Аш,Уорлд,multi_component_strength|manufacturer_deduped,,1,0,3,5,,false,false,false,false,false,false,norm_v4_experiment_m5_0,norm_v4_1_offline_pack_and_retrieval_remediation,"Римасопт ВМ; капли, глазные; 2 мг/мл + 5 мг/мл; флакон 5 мл, N1; производитель: Уорлд медицин илач сан. ве тидж. Аш","Римасопт ВМ; капли; 2 мг/мл + 5 мг/мл; флакон 5 мл, N1; Уорлд медицин илач сан. ве тидж. Аш",Римасопт ВМ капли 2 мг/мл + 5 мг/мл флакон 5 мл N1,Уорлд медицин илач сан. ве тидж. Аш,"Римасопт ВМ капли 2 мг/мл + 5 мг/мл флакон 5 мл N1, Уорлд медицин илач сан. ве тидж. Аш",Римасопт ВМ,капли,"капли, глазные",КАПЛИ,2 мг/мл + 5 мг/мл,Уорлд медицин илач сан. ве тидж. Аш,Уорлд,ФЛ.,флакон,5 мл,N1,ФЛ. 5МЛ №1,"флакон 5 мл, N1",parsed,,РИМАСОПТ ВМ КАПЛИ ГЛАЗНЫЕ 2МГ/МЛ+5МГ/МЛ,,,not_applicable,,false,false,,query_gained_container|query_gained_unit_amount,,"{""m5_0_identity"": ""no"", ""m5_0_manufacturer"": ""yes"", ""m5_0_notes"": ""severity=major; reason=unit_volume_and_container_lost; source_pack=\""фл. 5 мл N1\""; actual_pack=\""N1\""; expected=\""фл. 5 мл N1\""; action=\""add_container_and_unit_content_fields\"""", ""m5_0_query"": ""no"", ""m5_1_resolution_reason"": ""Structured флакон + 5 мл + N1 from source ФЛ. 5МЛ №1. Multi-component strength kept."", ""m5_1_resolution_status"": ""resolved""}",no,no,yes,"severity=major; reason=unit_volume_and_container_lost; source_pack=""фл. 5 мл N1""; actual_pack=""N1""; expected=""фл. 5 мл N1""; action=""add_container_and_unit_content_fields""",resolved,Structured флакон + 5 мл + N1 from source ФЛ. 5МЛ №1. Multi-component strength kept.,false,false,false,false,false,false,false,true,true,true,false,,no,no,yes,"severity=major; reason=unit_volume_and_container_lost; source_pack=""фл. 5 мл N1""; actual_pack=""N1""; expected=""фл. 5 мл N1""; action=""add_container_and_unit_content_fields"""
8201,РЕПЕШОК ОБЫКНОВЕННЫЙ ТРАВА 50Г ЭВАЛАР | ЭВАЛАР ЗАО | ЭВАЛАР ЗАО,,,none,unresolved_catalog,,,ok,new_enrichment,TRUE,ok,0,,unknown,взрослые,,unresolved_final,TRUE,https://bz.medvestnik.ru/drugs/16111.html | https://bz.medvestnik.ru/drugs/16114.html | https://medum.ru/repeshok-obyknovennyj-trava | https://medum.ru/repeshok-obyknovennyj | https://www.webapteka.ru/drugbase/name11845.html | https://www.rlsnet.ru/drugs/repesok-obyknovennyi-12781 | https://bz.medvestnik.ru/drugs/16114.html | https://bz.medvestnik.ru/drugs/16112.html | https://ru.wikipedia.org/wiki/%D0%A0%D0%B5%D0%BF%D0%B5%D1%88%D0%BE%D0%BA_%D0%BE%D0%B1%D1%8B%D0%BA%D0%BD%D0%BE%D0%B2%D0%B5%D0%BD%D0%BD%D1%8B%D0%B9 | https://ru.wikipedia.org/wiki/%D0%A0%D0%B5%D0%BF%D0%B5%D1%88%D0%BE%D0%BA | https://medplants.ru/repeshok-obykn/ | https://kykuruza.ru/or/repeynichek.html,"status=ok | Category=BAS | mnn=Репешок обыкновенный трава | RX_OTC=not applicable | Age=Взрослый | Согласно данным из поисковой выдачи, репешок обыкновенный трава классифицируется как биологически активная добавка (БАД) (источник: bz.medvestnik.ru). Инструкция по применению указывает, что принимать его следует взрослым по 1 стакану в день во время еды (источник:…",redesign/artifacts/mnn_identity_enrichment_pass_searxng_raw.jsonl,461,should_be_empty,,,,,BAS,not_applicable,not_applicable,not_applicable,mnn_identity_enrichment,mnn_identity_enrichment_pass_searxng_raw,high,identity enrichment run 461: Category=BAS/Other; RX/OTC not applicable,not_applicable,mnn_identity_enrichment,mnn_identity_enrichment_pass_searxng_raw,high,identity enrichment run 461: Category=BAS/Other; Age not applicable,otc,,,,,универсальный,,взрослые,"[{""value"": ""otc"", ""method"": ""sem_baseline"", ""stage"": ""sem1"", ""source"": ""sem_wave500_mnn_v3_report"", ""confidence"": ""medium""}]","[{""value"": ""взрослые"", ""method"": ""identity_enrichment"", ""stage"": ""mnn_identity_enrichment"", ""source"": ""mnn_identity_enrichment_pass_results"", ""confidence"": ""high""}, {""value"": ""универсальный"", ""method"": ""previous_enrichment"", ""stage"": ""previous_mnn_enrichment"", ""source"": ""mnn_catalog_resolution_wave500_v3"", ""confidence"": ""high""}]",,,TRUE,FALSE,FALSE,TRUE,high,"[""mnn"", ""non_drug_status"", ""source_match""]",,РЕПЕШОК ОБЫКНОВЕННЫЙ; трава; 50 г; производитель: ЭВАЛАР ЗАО,Репешок Обыкновенный; трава; [missing_strength]; 50 г; ЭВАЛАР ЗАО,Репешок Обыкновенный трава 50 г,ЭВАЛАР ЗАО,Репешок Обыкновенный,трава,трава,ТРАВА,,50 г,,ЭВАЛАР ЗАО,ЭВАЛАР,missing_strength|manufacturer_deduped,no strength token extracted,2,0,3,4,,false,false,false,false,false,false,norm_v4_experiment_m5_0,norm_v4_1_offline_pack_and_retrieval_remediation,Репешок Обыкновенный; трава; 50 г; производитель: ЭВАЛАР ЗАО,Репешок Обыкновенный; трава; 50 г; ЭВАЛАР ЗАО,Репешок Обыкновенный трава 50 г,ЭВАЛАР ЗАО,"Репешок Обыкновенный трава 50 г, ЭВАЛАР ЗАО",Репешок Обыкновенный,трава,трава,ТРАВА,,ЭВАЛАР ЗАО,ЭВАЛАР,,unknown,50 г,,50Г,50 г,partial,,РЕПЕШОК ОБЫКНОВЕННЫЙ ТРАВА ЭВАЛАР,,,not_applicable,,false,false,,,,"{""m5_0_identity"": """", ""m5_0_manufacturer"": """", ""m5_0_notes"": """", ""m5_0_query"": """", ""m5_1_resolution_reason"": ""M5.0 labels blank; row was not in the reviewed 50-sample (blank is not treated as yes)."", ""m5_1_resolution_status"": ""not_applicable""}",,,,,not_applicable,M5.0 labels blank; row was not in the reviewed 50-sample (blank is not treated as yes).,false,false,false,false,false,false,false,true,false,false,false,,,,,
8753,ПРОСТАНОРМ ЭКСТРАКТ Д/ПРИЕМА ВНУТРЬ ЖИДК. ФЛ. 100МЛ | ФАРМВИЛАР НПО ООО | ФАРМВИЛАР НПО ООО,,,none,unresolved_catalog,,,ok_partial,new_enrichment,TRUE,ok,1,"Зверобоя трава, Золотарника канадского трава, Солодки корни, Эхинацеи пурпурной корневища с корнями",otc,взрослые,"Зверобоя трава, Золотарника канадского трава, Солодки корни, Эхинацеи пурпурной корневища с корнями",enrichment,FALSE,https://aptekamos.ru/tovary/lekarstva/zveroboya-trava-zolotarnika-kanadskogo-trava-solodki-korni-exinacei-perpurnoyo-kornevishha-5422/prostanorm-tabletki-200mg-27945/instrukciya | https://pharmproduct.ru/drugs/prostanorm | https://www.rlsnet.ru/drugs/prostanorm-79815 | https://www.webapteka.ru/drugbase/name13278.html | https://allmed.pro/ru/drugs/prostanorm | https://zdesapteka.ru/instructions/prostanorm/ | https://www.vidal.ru/drugs/prostanorm__31368 | https://www.vidal.ru/drugs/prostanorm__31368 | https://www.rlsnet.ru/drugs/prostanorm-79815 | https://health.mail.ru/drug/prostanorm-1/ | https://www.webapteka.ru/drugbase/name13278.html | https://medi.ru/instrukciya/prostanorm-tabletki_9608/,"status=ok | Category=Drug | mnn=Зверобоя трава, Золотарника канадского трава, Солодки корни, Эхинацеи пурпурной корневища с корнями | RX_OTC=OTC | Age=Взрослый | Простанорм — комбинированный препарат растительного происхождения, оказывает простатотропное, противовоспалительное, анальгезирующее и бактериостатическое действие (источники: vidal.ru, rlsnet.ru). Состав включает экстракт из смеси трав: зверобоя, золотарника канадского,…",redesign/artifacts/mnn_identity_enrichment_pass_searxng_raw.jsonl,461,correct,correct,correct,,,,otc,взрослые,identity_enrichment,mnn_identity_enrichment,mnn_identity_enrichment_pass_results,high,"identity enrichment run 461: status=ok, Category=Drug, RX/OTC=otc, evidence present",identity_enrichment,mnn_identity_enrichment,mnn_identity_enrichment_pass_results,high,"identity enrichment run 461: status=ok, Category=Drug, Age=взрослые, evidence present",otc,взрослые,,,,взрослые,otc,взрослые,"[{""value"": ""otc"", ""method"": ""identity_enrichment"", ""stage"": ""mnn_identity_enrichment"", ""source"": ""mnn_identity_enrichment_pass_results"", ""confidence"": ""high""}, {""value"": ""otc"", ""method"": ""sem_baseline"", ""stage"": ""sem1"", ""source"": ""sem_wave500_mnn_v3_report"", ""confidence"": ""medium""}]","[{""value"": ""взрослые"", ""method"": ""identity_enrichment"", ""stage"": ""mnn_identity_enrichment"", ""source"": ""mnn_identity_enrichment_pass_results"", ""confidence"": ""high""}, {""value"": ""взрослые"", ""method"": ""previous_enrichment"", ""stage"": ""previous_mnn_enrichment"", ""source"": ""mnn_catalog_resolution_wave500_v3"", ""confidence"": ""high""}, {""value"": ""взрослые"", ""method"": ""sem_baseline"", ""stage"": ""sem1"", ""source"": ""sem_wave500_mnn_v3_report"", ""confidence"": ""medium""}]",,,FALSE,FALSE,FALSE,FALSE,low,"[""source_match""]",previous enrichment RX/OTC absent; catalog RX/OTC absent/unknown; previous enrichment Age present but status not ok; catalog Age absent/unknown,"ПРОСТАНОРМ; экстракт жидкий, для приема внутрь; 100 мл; производитель: ФАРМВИЛАР НПО ООО",Простанорм; раствор; [missing_strength]; 100 мл; ФАРМВИЛАР НПО ООО,Простанорм раствор 100 мл,ФАРМВИЛАР НПО ООО,Простанорм,раствор,"экстракт жидкий, для приема внутрь",ЭКСТРАКТ,,100 мл,,ФАРМВИЛАР НПО ООО,ФАРМВИЛАР,missing_strength|manufacturer_deduped,no strength token extracted,1,0,3,4,,false,false,false,false,false,false,norm_v4_experiment_m5_0,norm_v4_1_offline_pack_and_retrieval_remediation,"Простанорм; экстракт жидкий, для приема внутрь; флакон 100 мл, N1; производитель: ФАРМВИЛАР НПО ООО","Простанорм; раствор; флакон 100 мл, N1; ФАРМВИЛАР НПО ООО",Простанорм раствор флакон 100 мл N1,ФАРМВИЛАР НПО ООО,"Простанорм раствор флакон 100 мл N1, ФАРМВИЛАР НПО ООО",Простанорм,раствор,"экстракт жидкий, для приема внутрь",ЭКСТРАКТ,,ФАРМВИЛАР НПО ООО,ФАРМВИЛАР,ФЛ.,флакон,100 мл,N1,ФЛ. 100МЛ,"флакон 100 мл, N1",parsed,implicit_single_unit_count,ПРОСТАНОРМ ЭКСТРАКТ Д/ПРИЕМА ВНУТРЬ ЖИДК,,,not_applicable,,false,false,,implicit_single_unit_count|query_gained_container|query_gained_pack_count,implicit_single_unit_count,"{""m5_0_identity"": """", ""m5_0_manufacturer"": """", ""m5_0_notes"": """", ""m5_0_query"": """", ""m5_1_resolution_reason"": ""M5.0 labels blank; row was not in the reviewed 50-sample (blank is not treated as yes)."", ""m5_1_resolution_status"": ""not_applicable""}",,,,,not_applicable,M5.0 labels blank; row was not in the reviewed 50-sample (blank is not treated as yes).,false,false,false,false,false,false,false,true,true,false,true,,,,,
9197,ПОМОГУША СИРОП ДЕТСКИЙ ДЛЯ ДЕТЕЙ С 3-Х ЛЕТ ПРОТИВОПРОСТУДНЫЙ 100МЛ | ЮГ ООО | ЮГ ООО,,,none,unresolved_catalog,,,ok,new_enrichment,TRUE,ok,0,,unknown,дети,,unresolved_final,TRUE,https://grls.rosminzdrav.ru/ | https://rlp2.test.egisz.rosminzdrav.ru/registries/grls | https://edu-rosminzdrav.ru/grls-mnn-chto-eto/ | https://grls.rosminzdrav.ru/ | https://aptekamos.ru/tovary/pishhevye-produkty/pomogusha-13949/pomogusha-immunomoduliruyushhiyo-sirop-detskiyo-100ml-87305/instrukciya | https://aptekamos.ru/tovary/pishhevye-produkty/pomogusha-13949/pomogusha-uspokaivayushhiyo-sirop-detskiyo-100ml-101043/instrukciya | https://pharmznanie.ru/drugs/pomogusha-sirop-detskij-uspokaivayushhij-100-ml | http://lekhar.ru/wp-content/uploads/2018/06/%D0%9F%D0%BE%D0%BC%D0%BE%D0%B3%D1%83%D1%88%D0%B0-%D0%B8%D0%BD%D1%81%D1%82%D1%80%D1%83%D0%BA%D1%86%D0%B8%D1%8F-%D0%BF%D0%BE-%D0%BF%D1%80%D0%B8%D0%BC%D0%B5%D0%BD%D0%B5%D0%BD%D0%B8%D1%8E.pdf | https://pharmznanie.ru/drugs/pomogusha-sirop-dlya-detej-protivoprostudnyj-100-ml | http://lekhar.ru/lekarstva/preparaty-dlja-nervnoj-sistemy/pomogusha-instrukcija-po-primeneniju/ | https://instruk.world-shop.ru/pomogusha-sirop-detskiy-uspokaivayushchiy-instruktsiya/ | https://pharmznanie.ru/article/instrukcia-dla-farmacevta-kak-bystro-iskat-dostovernuu-informaciu-o-lekarstvah,"status=ok | Category=Other | RX_OTC=not applicable | Age=Детский | Согласно найденным инструкциям, препарат 'Помогуша' предназначен для детей с 3 лет. В инструкциях указаны дозировки для детей от 3 до 11 лет и от 11 до 14 лет. Однако в результатах поиска не найдено информации о регистрации в ГРЛС, МНН или рецептурном статусе. Упоминания о…",redesign/artifacts/mnn_identity_enrichment_pass_searxng_raw.jsonl,461,should_be_empty,,,,,BAS,not_applicable,not_applicable,not_applicable,mnn_identity_enrichment,mnn_identity_enrichment_pass_searxng_raw,high,identity enrichment run 461: Category=BAS/Other; RX/OTC not applicable,not_applicable,mnn_identity_enrichment,mnn_identity_enrichment_pass_searxng_raw,high,identity enrichment run 461: Category=BAS/Other; Age not applicable,otc,дети,,,,дети,,дети,"[{""value"": ""otc"", ""method"": ""sem_baseline"", ""stage"": ""sem1"", ""source"": ""sem_wave500_mnn_v3_report"", ""confidence"": ""medium""}]","[{""value"": ""дети"", ""method"": ""identity_enrichment"", ""stage"": ""mnn_identity_enrichment"", ""source"": ""mnn_identity_enrichment_pass_results"", ""confidence"": ""high""}, {""value"": ""дети"", ""method"": ""previous_enrichment"", ""stage"": ""previous_mnn_enrichment"", ""source"": ""mnn_catalog_resolution_wave500_v3"", ""confidence"": ""high""}, {""value"": ""дети"", ""method"": ""sem_baseline"", ""stage"": ""sem1"", ""source"": ""sem_wave500_mnn_v3_report"", ""confidence"": ""medium""}]",,,TRUE,FALSE,FALSE,TRUE,high,"[""mnn"", ""non_drug_status"", ""source_match""]",,ПОМОГУША; сироп; 100 мл; ДЕТСКИЙ ДЛЯ ДЕТЕЙ С 3-Х ЛЕТ ПРОТИВОПРОСТУДНЫЙ; производитель: ЮГ ООО,Помогуша; сироп; [missing_strength]; 100 мл; ЮГ ООО,Помогуша сироп 100 мл,ЮГ ООО,Помогуша,сироп,сироп,СИРОП,,100 мл,,ЮГ ООО,ЮГ,missing_strength|manufacturer_deduped,no strength token extracted,1,0,3,4,,false,false,false,false,false,false,norm_v4_experiment_m5_0,norm_v4_1_offline_pack_and_retrieval_remediation,Помогуша; сироп; 100 мл; производитель: ЮГ ООО,Помогуша; сироп; 100 мл; ЮГ ООО,Помогуша сироп 100 мл,ЮГ ООО,"Помогуша сироп 100 мл, ЮГ ООО",Помогуша,сироп,сироп,СИРОП,,ЮГ ООО,ЮГ,,unknown,100 мл,,100МЛ,100 мл,partial,,ПОМОГУША СИРОП ДЕТСКИЙ ДЛЯ ДЕТЕЙ С 3-Х ЛЕТ ПРОТИВОПРОСТУДНЫЙ,,,not_applicable,,false,false,,,,"{""m5_0_identity"": """", ""m5_0_manufacturer"": """", ""m5_0_notes"": """", ""m5_0_query"": """", ""m5_1_resolution_reason"": ""M5.0 labels blank; row was not in the reviewed 50-sample (blank is not treated as yes)."", ""m5_1_resolution_status"": ""not_applicable""}",,,,,not_applicable,M5.0 labels blank; row was not in the reviewed 50-sample (blank is not treated as yes).,false,false,false,false,false,false,false,true,false,false,false,,,,,
9301,ПОЛЫНИ ГОРЬКОЙ ТРАВА 50Г ФИТОФАРМ | ФИТОФАРМ ООО | ФИТОФАРМ ООО,Полыни горькой трава,,none,resolved_enrichment,,Полыни горькой трава,ok,reuse_existing_enrichment,FALSE,,0,,,,Полыни горькой трава,enrichment,FALSE,,pass_action=reuse_existing_enrichment; identity_gate_already_used_enrichment,redesign/artifacts/mnn_identity_enrichment_pass_searxng_raw.jsonl,461,correct,correct,incorrect,,,возрастной сегмент - взрослый,otc,универсальный,previous_enrichment,previous_mnn_enrichment,mnn_catalog_resolution_wave500_v3,high,"reused prior enrichment: status=ok, validated RX/OTC=otc",previous_enrichment,previous_mnn_enrichment,mnn_catalog_resolution_wave500_v3,high,"reused prior enrichment: status=ok, validated Age=универсальный; weaker sources differ: sem_baseline=взрослые",otc,взрослые,,,otc,универсальный,,,"[{""value"": ""otc"", ""method"": ""previous_enrichment"", ""stage"": ""previous_mnn_enrichment"", ""source"": ""mnn_catalog_resolution_wave500_v3"", ""confidence"": ""high""}, {""value"": ""otc"", ""method"": ""sem_baseline"", ""stage"": ""sem1"", ""source"": ""sem_wave500_mnn_v3_report"", ""confidence"": ""medium""}]","[{""value"": ""универсальный"", ""method"": ""previous_enrichment"", ""stage"": ""previous_mnn_enrichment"", ""source"": ""mnn_catalog_resolution_wave500_v3"", ""confidence"": ""high""}, {""value"": ""взрослые"", ""method"": ""sem_baseline"", ""stage"": ""sem1"", ""source"": ""sem_wave500_mnn_v3_report"", ""confidence"": ""medium""}]",,,FALSE,FALSE,FALSE,FALSE,low,"[""mnn""]",catalog RX/OTC absent/unknown; catalog Age absent/unknown,ПОЛЫНИ ГОРЬКОЙ; трава; 50 г; производитель: ФИТОФАРМ ООО,Полыни Горькой; трава; [missing_strength]; 50 г; ФИТОФАРМ ООО,Полыни Горькой трава 50 г,ФИТОФАРМ ООО,Полыни Горькой,трава,трава,ТРАВА,,50 г,,ФИТОФАРМ ООО,ФИТОФАРМ,missing_strength|manufacturer_deduped,no strength token extracted,2,0,3,4,,false,false,false,false,false,false,norm_v4_experiment_m5_0,norm_v4_1_offline_pack_and_retrieval_remediation,Полыни Горькой; трава; 50 г; производитель: ФИТОФАРМ ООО,Полыни Горькой; трава; 50 г; ФИТОФАРМ ООО,Полыни Горькой трава 50 г,ФИТОФАРМ ООО,"Полыни Горькой трава 50 г, ФИТОФАРМ ООО",Полыни Горькой,трава,трава,ТРАВА,,ФИТОФАРМ ООО,ФИТОФАРМ,,unknown,50 г,,50Г,50 г,partial,,ПОЛЫНИ ГОРЬКОЙ ТРАВА ФИТОФАРМ,,,not_applicable,,false,false,,,,"{""m5_0_identity"": """", ""m5_0_manufacturer"": """", ""m5_0_notes"": """", ""m5_0_query"": """", ""m5_1_resolution_reason"": ""M5.0 labels blank; row was not in the reviewed 50-sample (blank is not treated as yes)."", ""m5_1_resolution_status"": ""not_applicable""}",,,,,not_applicable,M5.0 labels blank; row was not in the reviewed 50-sample (blank is not treated as yes).,false,false,false,false,false,false,false,true,false,false,false,,,,,
9511,ПИОНА НАСТОЙКА РЕНЕВАЛ ФЛ. 25МЛ | ОБНОВЛЕНИЕ ПФК АО | ОБНОВЛЕНИЕ ПФК АО,,,none,resolved_enrichment,,"Пиона уклоняющегося травы, корневищ и корней настойка",ok,reuse_existing_enrichment,FALSE,,0,,,,"Пиона уклоняющегося травы, корневищ и корней настойка",enrichment,FALSE,,pass_action=reuse_existing_enrichment; identity_gate_already_used_enrichment,redesign/artifacts/mnn_identity_enrichment_pass_searxng_raw.jsonl,461,correct,correct,correct,,,,otc,взрослые,previous_enrichment,previous_mnn_enrichment,mnn_catalog_resolution_wave500_v3,high,"reused prior enrichment: status=ok, validated RX/OTC=otc",previous_enrichment,previous_mnn_enrichment,mnn_catalog_resolution_wave500_v3,high,"reused prior enrichment: status=ok, validated Age=взрослые",otc,взрослые,,,otc,взрослые,,,"[{""value"": ""otc"", ""method"": ""previous_enrichment"", ""stage"": ""previous_mnn_enrichment"", ""source"": ""mnn_catalog_resolution_wave500_v3"", ""confidence"": ""high""}, {""value"": ""otc"", ""method"": ""sem_baseline"", ""stage"": ""sem1"", ""source"": ""sem_wave500_mnn_v3_report"", ""confidence"": ""medium""}]","[{""value"": ""взрослые"", ""method"": ""previous_enrichment"", ""stage"": ""previous_mnn_enrichment"", ""source"": ""mnn_catalog_resolution_wave500_v3"", ""confidence"": ""high""}, {""value"": ""взрослые"", ""method"": ""sem_baseline"", ""stage"": ""sem1"", ""source"": ""sem_wave500_mnn_v3_report"", ""confidence"": ""medium""}]",,,FALSE,FALSE,FALSE,FALSE,low,"[""mnn""]",catalog RX/OTC absent/unknown; catalog Age absent/unknown,ПИОНА РЕНЕВАЛ; настойка; 25 мл; производитель: ОБНОВЛЕНИЕ ПФК АО,Пиона Реневал; настойка; [missing_strength]; 25 мл; ОБНОВЛЕНИЕ ПФК АО,Пиона Реневал настойка 25 мл,ОБНОВЛЕНИЕ ПФК АО,Пиона Реневал,настойка,настойка,НАСТОЙКА,,25 мл,,ОБНОВЛЕНИЕ ПФК АО,ОБНОВЛЕНИЕ,missing_strength|manufacturer_deduped,no strength token extracted,1,0,3,4,,false,false,false,false,false,false,norm_v4_experiment_m5_0,norm_v4_1_offline_pack_and_retrieval_remediation,"Пиона Реневал; настойка; флакон 25 мл, N1; производитель: ОБНОВЛЕНИЕ ПФК АО","Пиона Реневал; настойка; флакон 25 мл, N1; ОБНОВЛЕНИЕ ПФК АО",Пиона Реневал настойка флакон 25 мл N1,ОБНОВЛЕНИЕ ПФК АО,"Пиона Реневал настойка флакон 25 мл N1, ОБНОВЛЕНИЕ ПФК АО",Пиона Реневал,настойка,настойка,НАСТОЙКА,,ОБНОВЛЕНИЕ ПФК АО,ОБНОВЛЕНИЕ,ФЛ.,флакон,25 мл,N1,ФЛ. 25МЛ,"флакон 25 мл, N1",parsed,implicit_single_unit_count,ПИОНА НАСТОЙКА РЕНЕВАЛ,,,not_applicable,,false,false,,implicit_single_unit_count|query_gained_container|query_gained_pack_count,implicit_single_unit_count,"{""m5_0_identity"": """", ""m5_0_manufacturer"": """", ""m5_0_notes"": """", ""m5_0_query"": """", ""m5_1_resolution_reason"": ""M5.0 labels blank; row was not in the reviewed 50-sample (blank is not treated as yes)."", ""m5_1_resolution_status"": ""not_applicable""}",,,,,not_applicable,M5.0 labels blank; row was not in the reviewed 50-sample (blank is not treated as yes).,false,false,false,false,false,false,false,true,true,false,true,,,,,
9941,ПАРОДОНТОЦИД ОПОЛАСКИВАТЕЛЬ ДЛЯ ПОЛОСТИ РТА 250МЛ | МОСКОВСКАЯ ФФ | МОСКОВСКАЯ ФФ,,,none,unresolved_catalog,,,ok_partial,new_enrichment,TRUE,error,2,,unknown,unknown,,unresolved_final,TRUE,,status=error | error=transport,redesign/artifacts/mnn_identity_enrichment_pass_searxng_raw.jsonl,461,should_be_empty,,,,,hygiene,otc,unknown,sem_baseline,sem1,sem_wave500_mnn_v3_report,medium,Sem v3 canonical attr contains RX/OTC=otc,not_resolved,none,none,unknown,no accepted pipeline source contains Age; display value unknown,otc,,,,otc,универсальный,,,"[{""value"": ""otc"", ""method"": ""previous_enrichment"", ""stage"": ""previous_mnn_enrichment"", ""source"": ""mnn_catalog_resolution_wave500_v3"", ""confidence"": ""high""}, {""value"": ""otc"", ""method"": ""sem_baseline"", ""stage"": ""sem1"", ""source"": ""sem_wave500_mnn_v3_report"", ""confidence"": ""medium""}]","[{""value"": ""универсальный"", ""method"": ""previous_enrichment"", ""stage"": ""previous_mnn_enrichment"", ""source"": ""mnn_catalog_resolution_wave500_v3"", ""confidence"": ""high""}]",,,TRUE,FALSE,TRUE,TRUE,high,"[""mnn"", ""age"", ""source_match""]",previous enrichment RX/OTC present but status not ok; catalog RX/OTC absent/unknown; previous enrichment Age present but status not ok; Sem Age absent; catalog Age absent/unknown,ПАРОДОНТОЦИД; ополаскиватель; 250 мл; ДЛЯ ПОЛОСТИ РТА; производитель: МОСКОВСКАЯ ФФ,Пародонтоцид; [missing_form]; [missing_strength]; 250 мл; МОСКОВСКАЯ ФФ,Пародонтоцид ОПОЛАСКИВАТЕЛЬ 250 мл,МОСКОВСКАЯ ФФ,Пародонтоцид,unknown,ополаскиватель,ОПОЛАСКИВАТЕЛЬ,,250 мл,,МОСКОВСКАЯ ФФ,МОСКОВСКАЯ,missing_form|missing_strength|manufacturer_deduped,dosage form not in canonical vocabulary or not found; no strength token extracted,1,0,3,4,,false,false,false,false,false,false,norm_v4_experiment_m5_0,norm_v4_1_offline_pack_and_retrieval_remediation,Пародонтоцид; ополаскиватель; 250 мл; производитель: МОСКОВСКАЯ ФФ,Пародонтоцид; ополаскиватель; 250 мл; МОСКОВСКАЯ ФФ,Пародонтоцид ополаскиватель 250 мл,МОСКОВСКАЯ ФФ,"Пародонтоцид ополаскиватель 250 мл, МОСКОВСКАЯ ФФ",Пародонтоцид,ополаскиватель,ополаскиватель,ОПОЛАСКИВАТЕЛЬ,,МОСКОВСКАЯ ФФ,МОСКОВСКАЯ,,unknown,250 мл,,250МЛ,250 мл,partial,,ПАРОДОНТОЦИД ОПОЛАСКИВАТЕЛЬ ДЛЯ ПОЛОСТИ РТА,,,not_applicable,,false,false,,form_vocab_mouthwash_kept,ополаскиватель added to canonical vocabulary,"{""m5_0_identity"": """", ""m5_0_manufacturer"": """", ""m5_0_notes"": """", ""m5_0_query"": """", ""m5_1_resolution_reason"": ""M5.0 labels blank; row was not in the reviewed 50-sample (blank is not treated as yes)."", ""m5_1_resolution_status"": ""not_applicable""}",,,,,not_applicable,M5.0 labels blank; row was not in the reviewed 50-sample (blank is not treated as yes).,false,false,false,false,false,false,false,true,false,false,false,,,,,
10046,ПАПАВЕРИН ТАБЛ. 40МГ №10 ИРБИТСКИЙ ХФЗ | ИРБИТСКИЙ ХИМЗАВОД ОАО | ИРБИТСКИЙ ХИМЗАВОД ОАО,Папаверин,,none,unresolved_catalog,,,,new_enrichment,TRUE,ok,0,Папаверин,rx,универсальный,Папаверин,enrichment,FALSE,https://www.rlsnet.ru/drugs/papaverin-26592 | https://www.vidal.ru/drugs/papaverin__5582 | https://www.rlsnet.ru/drugs/papaverin-26592 | https://allmed.pro/ru/drugs/papaverin | https://www.rlsnet.ru/drugs/papaverin-26592 | https://megapteka.ru/specials/guide_papaverin-instrukciya-po-873 | https://medi.ru/instrukciya/papaverin_22138/ | https://www.vidal.ru/drugs/papaverine__18543 | https://health.mail.ru/drug/papaverin_1/ | https://b-apteka.ru/articles/papaverin | https://medi.ru/instrukciya/papaverin_22140/ | https://medum.ru/papaverine,"status=ok | Category=Drug | mnn=Папаверин | RX_OTC=RX | Age=Универсальный | Препарат Папаверин является лекарственным средством (МНН: Папаверин). Согласно данным Государственного реестра лекарственных средств (ГРЛС), препарат отпускается по рецепту (источник: https://grls.pharm-portal.ru/grls/2993c030-54eb-4632-962e-e5c44550ab39). Инструкции указывают,…",redesign/artifacts/mnn_identity_enrichment_pass_searxng_raw.jsonl,461,correct,incorrect,correct,,,препарат OTC,rx,универсальный,identity_enrichment,mnn_identity_enrichment,mnn_identity_enrichment_pass_results,high,"identity enrichment run 461: status=ok, Category=Drug, RX/OTC=rx, evidence present",identity_enrichment,mnn_identity_enrichment,mnn_identity_enrichment_pass_results,high,"identity enrichment run 461: status=ok, Category=Drug, Age=универсальный, evidence present; weaker sources differ: sem_baseline=взрослые",rx,взрослые,,,,,rx,универсальный,"[{""value"": ""rx"", ""method"": ""identity_enrichment"", ""stage"": ""mnn_identity_enrichment"", ""source"": ""mnn_identity_enrichment_pass_results"", ""confidence"": ""high""}, {""value"": ""rx"", ""method"": ""sem_baseline"", ""stage"": ""sem1"", ""source"": ""sem_wave500_mnn_v3_report"", ""confidence"": ""medium""}]","[{""value"": ""универсальный"", ""method"": ""identity_enrichment"", ""stage"": ""mnn_identity_enrichment"", ""source"": ""mnn_identity_enrichment_pass_results"", ""confidence"": ""high""}, {""value"": ""взрослые"", ""method"": ""sem_baseline"", ""stage"": ""sem1"", ""source"": ""sem_wave500_mnn_v3_report"", ""confidence"": ""medium""}]",,,FALSE,FALSE,FALSE,FALSE,low,"[""source_match""]",previous enrichment RX/OTC absent; catalog RX/OTC absent/unknown; previous enrichment Age absent; catalog Age absent/unknown,ПАПАВЕРИН; таблетки; 40 мг; N10; производитель: ИРБИТСКИЙ ХИМЗАВОД ОАО,Папаверин; таблетки; 40 мг; N10; ИРБИТСКИЙ ХИМЗАВОД ОАО,Папаверин таблетки 40 мг N10,ИРБИТСКИЙ ХИМЗАВОД ОАО,Папаверин,таблетки,таблетки,ТАБЛ.,40 мг,N10,,ИРБИТСКИЙ ХИМЗАВОД ОАО,ИРБИТСКИЙ,manufacturer_deduped,,2,0,3,5,,false,false,false,false,false,false,norm_v4_experiment_m5_0,norm_v4_1_offline_pack_and_retrieval_remediation,Папаверин; таблетки; 40 мг; N10; производитель: ИРБИТСКИЙ ХИМЗАВОД ОАО,Папаверин; таблетки; 40 мг; N10; ИРБИТСКИЙ ХИМЗАВОД ОАО,Папаверин таблетки 40 мг N10,ИРБИТСКИЙ ХИМЗАВОД ОАО,"Папаверин таблетки 40 мг N10, ИРБИТСКИЙ ХИМЗАВОД ОАО",Папаверин,таблетки,таблетки,ТАБЛ.,40 мг,ИРБИТСКИЙ ХИМЗАВОД ОАО,ИРБИТСКИЙ,,unknown,,N10,№10,N10,parsed,,ПАПАВЕРИН ТАБЛ. 40МГ ИРБИТСКИЙ ХФЗ,,,not_applicable,,false,false,,,,"{""m5_0_identity"": """", ""m5_0_manufacturer"": """", ""m5_0_notes"": """", ""m5_0_query"": """", ""m5_1_resolution_reason"": ""M5.0 labels blank; row was not in the reviewed 50-sample (blank is not treated as yes)."", ""m5_1_resolution_status"": ""not_applicable""}",,,,,not_applicable,M5.0 labels blank; row was not in the reviewed 50-sample (blank is not treated as yes).,false,false,false,false,false,false,false,true,false,false,false,,,,,
10536,ОМЕПРАЗОЛ-ОBL КАПС. КИШ/РАСТ. 20МГ №28 | ОБОЛЕНСКОЕ ФП АО | ОБОЛЕНСКОЕ ФП АО,Омепразол,Омепразол,high,resolved_input_explicit,,,,skip_strong_input_mnn,FALSE,,0,,,,Омепразол,input_explicit_mnn,FALSE,,pass_action=skip_strong_input_mnn; strong_input_explicit_accepted,redesign/artifacts/mnn_identity_enrichment_pass_searxng_raw.jsonl,461,correct,correct,incorrect,,,возрастной сегмент - универсальный,rx,взрослые,sem_baseline,sem1,sem_wave500_mnn_v3_report,medium,Sem v3 canonical attr contains RX/OTC=rx,sem_baseline,sem1,sem_wave500_mnn_v3_report,medium,Sem v3 canonical attr contains Age=взрослые,rx,взрослые,,,,,,,"[{""value"": ""rx"", ""method"": ""sem_baseline"", ""stage"": ""sem1"", ""source"": ""sem_wave500_mnn_v3_report"", ""confidence"": ""medium""}]","[{""value"": ""взрослые"", ""method"": ""sem_baseline"", ""stage"": ""sem1"", ""source"": ""sem_wave500_mnn_v3_report"", ""confidence"": ""medium""}]",,,FALSE,FALSE,FALSE,FALSE,low,"[""mnn""]",previous enrichment RX/OTC absent; catalog RX/OTC absent/unknown; previous enrichment Age absent; catalog Age absent/unknown,"ОМЕПРАЗОЛ-ОBL; капсулы, кишечнорастворимые; 20 мг; N28; производитель: ОБОЛЕНСКОЕ ФП АО",Омепразол-ОBL; капсулы; 20 мг; N28; ОБОЛЕНСКОЕ ФП АО,Омепразол-ОBL капсулы 20 мг N28,ОБОЛЕНСКОЕ ФП АО,Омепразол-ОBL,капсулы,"капсулы, кишечнорастворимые",КАПС.,20 мг,N28,,ОБОЛЕНСКОЕ ФП АО,ОБОЛЕНСКОЕ,manufacturer_deduped,,1,0,3,5,,false,false,false,false,false,false,norm_v4_experiment_m5_0,norm_v4_1_offline_pack_and_retrieval_remediation,"Омепразол-ОBL; капсулы, кишечнорастворимые; 20 мг; N28; производитель: ОБОЛЕНСКОЕ ФП АО",Омепразол-ОBL; капсулы; 20 мг; N28; ОБОЛЕНСКОЕ ФП АО,Омепразол-ОBL капсулы 20 мг N28,ОБОЛЕНСКОЕ ФП АО,"Омепразол-ОBL капсулы 20 мг N28, ОБОЛЕНСКОЕ ФП АО",Омепразол-ОBL,капсулы,"капсулы, кишечнорастворимые",КАПС.,20 мг,ОБОЛЕНСКОЕ ФП АО,ОБОЛЕНСКОЕ,,unknown,,N28,№28,N28,parsed,,ОМЕПРАЗОЛ-ОBL КАПС. КИШ/РАСТ. 20МГ,,,not_applicable,,false,false,,,,"{""m5_0_identity"": """", ""m5_0_manufacturer"": """", ""m5_0_notes"": """", ""m5_0_query"": """", ""m5_1_resolution_reason"": ""M5.0 labels blank; row was not in the reviewed 50-sample (blank is not treated as yes)."", ""m5_1_resolution_status"": ""not_applicable""}",,,,,not_applicable,M5.0 labels blank; row was not in the reviewed 50-sample (blank is not treated as yes).,false,false,false,false,false,false,false,true,false,false,false,,,,,
11142,НУРОФАСТ ТАБЛ. П/ПЛЕН/ОБ. 200МГ №20 | АЛИУМ АО | АЛИУМ АО,Ибупрофен,,none,unresolved_catalog,,,,new_enrichment,TRUE,ok,0,Ибупрофен,otc,универсальный,Ибупрофен,enrichment,FALSE,https://www.vidal.ru/drugs/hurofast | https://www.rlsnet.ru/drugs/nurofast-79943 | https://aptekamos.ru/tovary/lekarstva/ibuprofen-333/nurofast-tabletki-200mg-95273/instrukciya | https://grls.rosminzdrav.ru/ | https://medi.ru/instrukciya/nurofast_21813/ | https://www.rlsnet.ru/drugs/nurofast-79943 | https://zdesapteka.ru/instructions/nurofast/ | https://www.vidal.ru/drugs/hurofast | https://www.vidal.ru/drugs/hurofast | https://www.rlsnet.ru/drugs/nurofast-79943 | https://yandex.ru/medicine/medicaments/nurofast | https://health.mail.ru/drug/nurofast-2/,"status=ok | Category=Drug | mnn=Ибупрофен | RX_OTC=OTC | Age=Универсальный | Нурофаст — лекарственный препарат, содержащий ибупрофен (МНН). Относится к НПВС, оказывает противовоспалительное, анальгезирующее и жаропонижающее действие (источник: Видаль, https://www.vidal.ru/drugs/hurofast). Применяется при головной, зубной боли, мигрени, болезненных…",redesign/artifacts/mnn_identity_enrichment_pass_searxng_raw.jsonl,461,correct,correct,correct,,,,otc,универсальный,identity_enrichment,mnn_identity_enrichment,mnn_identity_enrichment_pass_results,high,"identity enrichment run 461: status=ok, Category=Drug, RX/OTC=otc, evidence present",identity_enrichment,mnn_identity_enrichment,mnn_identity_enrichment_pass_results,high,"identity enrichment run 461: status=ok, Category=Drug, Age=универсальный, evidence present; weaker sources differ: sem_baseline=взрослые",otc,взрослые,,,,,otc,универсальный,"[{""value"": ""otc"", ""method"": ""identity_enrichment"", ""stage"": ""mnn_identity_enrichment"", ""source"": ""mnn_identity_enrichment_pass_results"", ""confidence"": ""high""}, {""value"": ""otc"", ""method"": ""sem_baseline"", ""stage"": ""sem1"", ""source"": ""sem_wave500_mnn_v3_report"", ""confidence"": ""medium""}]","[{""value"": ""универсальный"", ""method"": ""identity_enrichment"", ""stage"": ""mnn_identity_enrichment"", ""source"": ""mnn_identity_enrichment_pass_results"", ""confidence"": ""high""}, {""value"": ""взрослые"", ""method"": ""sem_baseline"", ""stage"": ""sem1"", ""source"": ""sem_wave500_mnn_v3_report"", ""confidence"": ""medium""}]",,,FALSE,FALSE,FALSE,FALSE,low,"[""source_match""]",previous enrichment RX/OTC absent; catalog RX/OTC absent/unknown; previous enrichment Age absent; catalog Age absent/unknown,"НУРОФАСТ; таблетки, покрытые пленочной оболочкой; 200 мг; N20; производитель: АЛИУМ АО",Нурофаст; таблетки; 200 мг; N20; АЛИУМ АО,Нурофаст таблетки 200 мг N20,АЛИУМ АО,Нурофаст,таблетки,"таблетки, покрытые пленочной оболочкой",ТАБЛ.,200 мг,N20,,АЛИУМ АО,АЛИУМ,manufacturer_deduped,,1,0,3,5,,false,false,false,false,false,false,norm_v4_experiment_m5_0,norm_v4_1_offline_pack_and_retrieval_remediation,"Нурофаст; таблетки, покрытые пленочной оболочкой; 200 мг; N20; производитель: АЛИУМ АО",Нурофаст; таблетки; 200 мг; N20; АЛИУМ АО,Нурофаст таблетки 200 мг N20,АЛИУМ АО,"Нурофаст таблетки 200 мг N20, АЛИУМ АО",Нурофаст,таблетки,"таблетки, покрытые пленочной оболочкой",ТАБЛ.,200 мг,АЛИУМ АО,АЛИУМ,,unknown,,N20,№20,N20,parsed,,НУРОФАСТ ТАБЛ. П/ПЛЕН/ОБ. 200МГ,,,not_applicable,,false,false,,,,"{""m5_0_identity"": """", ""m5_0_manufacturer"": """", ""m5_0_notes"": """", ""m5_0_query"": """", ""m5_1_resolution_reason"": ""M5.0 labels blank; row was not in the reviewed 50-sample (blank is not treated as yes)."", ""m5_1_resolution_status"": ""not_applicable""}",,,,,not_applicable,M5.0 labels blank; row was not in the reviewed 50-sample (blank is not treated as yes).,false,false,false,false,false,false,false,true,false,false,false,,,,,
11272,НООТРОП КАПС. №48 | ВИС ООО | ВИС ООО,,,none,unresolved_catalog,,,ok,new_enrichment,TRUE,ok,0,,unknown,универсальный,,unresolved_final,TRUE,https://www.rlsnet.ru/drugs/nootropil-65 | https://www.vidal.ru/drugs/nootropil__606 | https://www.asna.ru/product/nootrop/instruction/ | https://www.neboleem.net/nootrop.php | https://www.vidal.ru/drugs/nootropil__607 | https://aptekamos.ru/tovary/lekarstva/piracetam-726/nootropil-tabletki-1200mg-7002/instrukciya | https://megapteka.ru/specials/guide_nootropil-instrukciya-po-1344 | https://grls.rosminzdrav.ru/ | https://rlp.test.egisz.rosminzdrav.ru/ | https://www.asna.ru/product/nootrop/instruction/ | https://www.asna.ru/product/nootrop/instruction/ | https://www.neboleem.net/nootrop.php,"status=ok | Category=BAS | RX_OTC=not applicable | Age=Универсальный | Согласно найденным источникам, препарат «Ноотроп» (капсулы №48, производитель ВИС ООО) относится к биологически активным добавкам (БАД), а не к лекарственным средствам. Например, на сайте neboleem.net указано: «Ноотроп - нелекарственный препарат, относящийся к классу…",redesign/artifacts/mnn_identity_enrichment_pass_searxng_raw.jsonl,461,should_be_empty,,,,,BAS,not_applicable,not_applicable,not_applicable,mnn_identity_enrichment,mnn_identity_enrichment_pass_searxng_raw,high,identity enrichment run 461: Category=BAS/Other; RX/OTC not applicable,not_applicable,mnn_identity_enrichment,mnn_identity_enrichment_pass_searxng_raw,high,identity enrichment run 461: Category=BAS/Other; Age not applicable,,взрослые,,,,универсальный,,универсальный,[],"[{""value"": ""универсальный"", ""method"": ""identity_enrichment"", ""stage"": ""mnn_identity_enrichment"", ""source"": ""mnn_identity_enrichment_pass_results"", ""confidence"": ""high""}, {""value"": ""универсальный"", ""method"": ""previous_enrichment"", ""stage"": ""previous_mnn_enrichment"", ""source"": ""mnn_catalog_resolution_wave500_v3"", ""confidence"": ""high""}, {""value"": ""взрослые"", ""method"": ""sem_baseline"", ""stage"": ""sem1"", ""source"": ""sem_wave500_mnn_v3_report"", ""confidence"": ""medium""}]",,,TRUE,FALSE,FALSE,TRUE,high,"[""mnn"", ""non_drug_status"", ""source_match""]",,НООТРОП; капсулы; N48; производитель: ВИС ООО,Ноотроп; капсулы; [missing_strength]; N48; ВИС ООО,Ноотроп капсулы N48,ВИС ООО,Ноотроп,капсулы,капсулы,КАПС.,,N48,,ВИС ООО,ВИС,missing_strength|manufacturer_deduped,no strength token extracted,1,0,3,4,,false,false,false,false,false,false,norm_v4_experiment_m5_0,norm_v4_1_offline_pack_and_retrieval_remediation,Ноотроп; капсулы; N48; производитель: ВИС ООО,Ноотроп; капсулы; N48; ВИС ООО,Ноотроп капсулы N48,ВИС ООО,"Ноотроп капсулы N48, ВИС ООО",Ноотроп,капсулы,капсулы,КАПС.,,ВИС ООО,ВИС,,unknown,,N48,№48,N48,parsed,,НООТРОП КАПС,,,not_applicable,,false,false,,,,"{""m5_0_identity"": """", ""m5_0_manufacturer"": """", ""m5_0_notes"": """", ""m5_0_query"": """", ""m5_1_resolution_reason"": ""M5.0 labels blank; row was not in the reviewed 50-sample (blank is not treated as yes)."", ""m5_1_resolution_status"": ""not_applicable""}",,,,,not_applicable,M5.0 labels blank; row was not in the reviewed 50-sample (blank is not treated as yes).,false,false,false,false,false,false,false,true,false,false,false,,,,,
12389,"МЯТЫ ПЕРЕЧНОЙ ЛИСТЬЯ Ф/П 1,5Г №20 ЗДОРОВЬЕ | ЗДОРОВЬЕ ФИРМА ООО | ЗДОРОВЬЕ ФИРМА ООО",Мяты перечной листья,,none,unresolved_catalog,,,ok_partial,new_enrichment,TRUE,ok,0,Мяты перечной листья,otc,универсальный,Мяты перечной листья,enrichment,FALSE,https://www.lsgeotar.ru/drugs/peppermint-leaves-AGrj | https://allmed.pro/ru/drugs/mjaty-perechnoj-listja | https://www.vidal.ru/drugs/menthae_piperitae_folia__34177 | https://www.vidal.ru/drugs/menthae_piperitae_folia__34177 | https://zdesapteka.ru/instructions/myaty-perechnoy-listya/ | https://medum.ru/listya-myaty-perechnoy | https://health.mail.ru/drug/myaty-perechnoy-listya/ | https://medi.ru/instrukciya/myaty-perechnoy-listya_21404/ | https://www.rlsnet.ru/drugs/myaty-perecnoi-listya-5753 | https://medi.ru/instrukciya/myaty-perechnoy-listya_21407/ | https://medum.ru/listya-myaty-perechnoj | https://vaskov.pro/grls/0ae96ff7-9b56-125e-819b-6c3d2b3602a7,"status=ok | Category=Drug | mnn=Мяты перечной листья | RX_OTC=OTC | Age=Универсальный | Мяты перечной листья — лекарственное средство растительного происхождения. Согласно инструкциям, настой обладает спазмолитическим, успокаивающим, желчегонным, противорвотным и местнораздражающим действием (lsgeotar.ru, vidal.ru). Препарат применяется внутрь 2-3 раза в день за…",redesign/artifacts/mnn_identity_enrichment_pass_searxng_raw.jsonl,461,correct,correct,correct,,,,otc,универсальный,identity_enrichment,mnn_identity_enrichment,mnn_identity_enrichment_pass_results,high,"identity enrichment run 461: status=ok, Category=Drug, RX/OTC=otc, evidence present",identity_enrichment,mnn_identity_enrichment,mnn_identity_enrichment_pass_results,high,"identity enrichment run 461: status=ok, Category=Drug, Age=универсальный, evidence present",otc,,,,otc,универсальный,otc,универсальный,"[{""value"": ""otc"", ""method"": ""identity_enrichment"", ""stage"": ""mnn_identity_enrichment"", ""source"": ""mnn_identity_enrichment_pass_results"", ""confidence"": ""high""}, {""value"": ""otc"", ""method"": ""previous_enrichment"", ""stage"": ""previous_mnn_enrichment"", ""source"": ""mnn_catalog_resolution_wave500_v3"", ""confidence"": ""high""}, {""value"": ""otc"", ""method"": ""sem_baseline"", ""stage"": ""sem1"", ""source"": ""sem_wave500_mnn_v3_report"", ""confidence"": ""medium""}]","[{""value"": ""универсальный"", ""method"": ""identity_enrichment"", ""stage"": ""mnn_identity_enrichment"", ""source"": ""mnn_identity_enrichment_pass_results"", ""confidence"": ""high""}, {""value"": ""универсальный"", ""method"": ""previous_enrichment"", ""stage"": ""previous_mnn_enrichment"", ""source"": ""mnn_catalog_resolution_wave500_v3"", ""confidence"": ""high""}]",,,FALSE,FALSE,FALSE,FALSE,low,"[""source_match""]",previous enrichment RX/OTC present but status not ok; catalog RX/OTC absent/unknown; previous enrichment Age present but status not ok; Sem Age absent; catalog Age absent/unknown,МЯТЫ ПЕРЕЧНОЙ ЛИСТЬЯ; фильтр-пакеты; 1.5 г; N20; производитель: ЗДОРОВЬЕ ФИРМА ООО,Мяты Перечной Листья; фильтр-пакеты; 1.5 г; N20; ЗДОРОВЬЕ ФИРМА ООО,Мяты Перечной Листья фильтр-пакеты 1.5 г N20,ЗДОРОВЬЕ ФИРМА ООО,Мяты Перечной Листья,фильтр-пакеты,фильтр-пакеты,Ф/П,1.5 г,N20,,ЗДОРОВЬЕ ФИРМА ООО,ЗДОРОВЬЕ,manufacturer_deduped,,2,0,3,5,,false,false,false,false,false,false,norm_v4_experiment_m5_0,norm_v4_1_offline_pack_and_retrieval_remediation,"Мяты Перечной Листья; фильтр-пакеты; 1.5 г; 1.5 г, N20; производитель: ЗДОРОВЬЕ ФИРМА ООО","Мяты Перечной Листья; фильтр-пакеты; 1.5 г; 1.5 г, N20; ЗДОРОВЬЕ ФИРМА ООО",Мяты Перечной Листья фильтр-пакеты 1.5 г N20,ЗДОРОВЬЕ ФИРМА ООО,"Мяты Перечной Листья фильтр-пакеты 1.5 г N20, ЗДОРОВЬЕ ФИРМА ООО",Мяты Перечной Листья,фильтр-пакеты,фильтр-пакеты,Ф/П,1.5 г,ЗДОРОВЬЕ ФИРМА ООО,ЗДОРОВЬЕ,,unknown,1.5 г,N20,"1,5Г №20","1.5 г, N20",parsed,,МЯТЫ ПЕРЕЧНОЙ ЛИСТЬЯ Ф/П ЗДОРОВЬЕ,,,not_applicable,,false,false,,,,"{""m5_0_identity"": """", ""m5_0_manufacturer"": """", ""m5_0_notes"": """", ""m5_0_query"": """", ""m5_1_resolution_reason"": ""M5.0 labels blank; row was not in the reviewed 50-sample (blank is not treated as yes)."", ""m5_1_resolution_status"": ""not_applicable""}",,,,,not_applicable,M5.0 labels blank; row was not in the reviewed 50-sample (blank is not treated as yes).,false,false,false,false,false,false,false,true,false,false,false,,,,,
12495,МУКОСАТ МАЗЬ Д/НАРУЖ. ПРИМ. 5% ТУБА 30Г | ЗЕЛЕНАЯ ДУБРАВА ЗАО | ЗЕЛЕНАЯ ДУБРАВА ЗАО,,,none,resolved_enrichment,,Хондроитина Сульфат Натрия,ok,reuse_existing_enrichment,FALSE,,0,,,,Хондроитина Сульфат Натрия,enrichment,FALSE,,pass_action=reuse_existing_enrichment; identity_gate_already_used_enrichment,redesign/artifacts/mnn_identity_enrichment_pass_searxng_raw.jsonl,461,correct,correct,correct,,,,rx,взрослые,previous_enrichment,previous_mnn_enrichment,mnn_catalog_resolution_wave500_v3,high,"reused prior enrichment: status=ok, validated RX/OTC=rx; weaker sources differ: sem_baseline=otc",previous_enrichment,previous_mnn_enrichment,mnn_catalog_resolution_wave500_v3,high,"reused prior enrichment: status=ok, validated Age=взрослые",otc,,,,rx,взрослые,,,"[{""value"": ""rx"", ""method"": ""previous_enrichment"", ""stage"": ""previous_mnn_enrichment"", ""source"": ""mnn_catalog_resolution_wave500_v3"", ""confidence"": ""high""}, {""value"": ""otc"", ""method"": ""sem_baseline"", ""stage"": ""sem1"", ""source"": ""sem_wave500_mnn_v3_report"", ""confidence"": ""medium""}]","[{""value"": ""взрослые"", ""method"": ""previous_enrichment"", ""stage"": ""previous_mnn_enrichment"", ""source"": ""mnn_catalog_resolution_wave500_v3"", ""confidence"": ""high""}]",,,FALSE,FALSE,FALSE,FALSE,low,"[""mnn""]",catalog RX/OTC absent/unknown; Sem Age absent; catalog Age absent/unknown,"МУКОСАТ; мазь, для наружного применения; 5%; 30 г; производитель: ЗЕЛЕНАЯ ДУБРАВА ЗАО",Мукосат; мазь; 5%; 30 г; ЗЕЛЕНАЯ ДУБРАВА ЗАО,Мукосат мазь 5% 30 г,ЗЕЛЕНАЯ ДУБРАВА ЗАО,Мукосат,мазь,"мазь, для наружного применения",МАЗЬ,5%,30 г,,ЗЕЛЕНАЯ ДУБРАВА ЗАО,ЗЕЛЕНАЯ,manufacturer_deduped,,1,0,3,5,,false,false,false,false,false,false,norm_v4_experiment_m5_0,norm_v4_1_offline_pack_and_retrieval_remediation,"Мукосат; мазь, для наружного применения; 5%; туба 30 г, N1; производитель: ЗЕЛЕНАЯ ДУБРАВА ЗАО","Мукосат; мазь; 5%; туба 30 г, N1; ЗЕЛЕНАЯ ДУБРАВА ЗАО",Мукосат мазь 5% туба 30 г N1,ЗЕЛЕНАЯ ДУБРАВА ЗАО,"Мукосат мазь 5% туба 30 г N1, ЗЕЛЕНАЯ ДУБРАВА ЗАО",Мукосат,мазь,"мазь, для наружного применения",МАЗЬ,5%,ЗЕЛЕНАЯ ДУБРАВА ЗАО,ЗЕЛЕНАЯ,ТУБА,туба,30 г,N1,ТУБА 30Г,"туба 30 г, N1",parsed,implicit_single_unit_count,МУКОСАТ МАЗЬ Д/НАРУЖ. ПРИМ. 5%,,,not_applicable,,false,false,,implicit_single_unit_count|query_gained_container|query_gained_pack_count,implicit_single_unit_count,"{""m5_0_identity"": """", ""m5_0_manufacturer"": """", ""m5_0_notes"": """", ""m5_0_query"": """", ""m5_1_resolution_reason"": ""M5.0 labels blank; row was not in the reviewed 50-sample (blank is not treated as yes)."", ""m5_1_resolution_status"": ""not_applicable""}",,,,,not_applicable,M5.0 labels blank; row was not in the reviewed 50-sample (blank is not treated as yes).,false,false,false,false,false,false,false,true,true,false,true,,,,,
13125,МИКРОГИНОН ТАБЛ. П/О 150МКГ+30МКГ №21 | ДЕЛЬФАРМ ЛИЛЛЬ С.А.С | ДЕЛЬФАРМ ЛИЛЛЬ С.А.С,,,none,unresolved_catalog,,,,new_enrichment,TRUE,ok,0,"levonorgestrel, ethinylestradiol",rx,взрослые,"levonorgestrel, ethinylestradiol",enrichment,FALSE,https://www.vidal.ru/drugs/microgynon__533 | https://health.mail.ru/drug/mikroginon-1/ | https://aptekamos.ru/tovary/lekarstva/levonorgestrel-etinilestradiol-1242/mikroginon-tabletki-150mkg-30mkg-73470/instrukciya | https://megapteka.ru/specials/guide_mikroginon-instrukciya-po-4268 | https://www.webapteka.ru/drugbase/name7941.html | https://www.rlsnet.ru/drugs/mikroginon-1996 | https://allmed.pro/ru/drugs/mikroginon | https://www.vidal.ru/drugs/microgynon__533 | https://health.mail.ru/drug/mikroginon-1/ | https://grls.rosminzdrav.ru/ | https://listel.ru/%D0%9C%D0%98%D0%9A%D0%A0%D0%9E%D0%93%D0%98%D0%9D%D0%9E%D0%9D | https://www.vidal.ru/drugs/microgynon__533,"status=ok | Category=Drug | mnn=levonorgestrel, ethinylestradiol | RX_OTC=RX | Age=Взрослый | Микрогинон — комбинированный эстроген-гестагенный контрацептивный препарат. Согласно инструкции, он подавляет овуляцию и повышает вязкость секрета шейки матки. Препарат является рецептурным (источник: allmed.pro). Информация о возрастных ограничениях в найденных источниках…",redesign/artifacts/mnn_identity_enrichment_pass_searxng_raw.jsonl,461,correct,correct,correct,,,MNN необходим на кирилице,rx,взрослые,identity_enrichment,mnn_identity_enrichment,mnn_identity_enrichment_pass_results,high,"identity enrichment run 461: status=ok, Category=Drug, RX/OTC=rx, evidence present",identity_enrichment,mnn_identity_enrichment,mnn_identity_enrichment_pass_results,high,"identity enrichment run 461: status=ok, Category=Drug, Age=взрослые, evidence present",rx,взрослые,,,,,rx,взрослые,"[{""value"": ""rx"", ""method"": ""identity_enrichment"", ""stage"": ""mnn_identity_enrichment"", ""source"": ""mnn_identity_enrichment_pass_results"", ""confidence"": ""high""}, {""value"": ""rx"", ""method"": ""sem_baseline"", ""stage"": ""sem1"", ""source"": ""sem_wave500_mnn_v3_report"", ""confidence"": ""medium""}]","[{""value"": ""взрослые"", ""method"": ""identity_enrichment"", ""stage"": ""mnn_identity_enrichment"", ""source"": ""mnn_identity_enrichment_pass_results"", ""confidence"": ""high""}, {""value"": ""взрослые"", ""method"": ""sem_baseline"", ""stage"": ""sem1"", ""source"": ""sem_wave500_mnn_v3_report"", ""confidence"": ""medium""}]",,,FALSE,FALSE,FALSE,FALSE,low,"[""source_match""]",previous enrichment RX/OTC absent; catalog RX/OTC absent/unknown; previous enrichment Age absent; catalog Age absent/unknown,"МИКРОГИНОН; таблетки, покрытые оболочкой; 150 мкг + 30 мкг; N21; производитель: ДЕЛЬФАРМ ЛИЛЛЬ С.А.С",Микрогинон; таблетки; 150 мкг + 30 мкг; N21; ДЕЛЬФАРМ ЛИЛЛЬ С.А.С,Микрогинон таблетки 150 мкг + 30 мкг N21,ДЕЛЬФАРМ ЛИЛЛЬ С.А.С,Микрогинон,таблетки,"таблетки, покрытые оболочкой",ТАБЛ.,150 мкг + 30 мкг,N21,,ДЕЛЬФАРМ ЛИЛЛЬ С.А.С,ДЕЛЬФАРМ,multi_component_strength|manufacturer_deduped,,1,0,3,5,,false,false,false,false,false,false,norm_v4_experiment_m5_0,norm_v4_1_offline_pack_and_retrieval_remediation,"Микрогинон; таблетки, покрытые оболочкой; 150 мкг + 30 мкг; N21; производитель: ДЕЛЬФАРМ ЛИЛЛЬ С.А.С",Микрогинон; таблетки; 150 мкг + 30 мкг; N21; ДЕЛЬФАРМ ЛИЛЛЬ С.А.С,Микрогинон таблетки 150 мкг + 30 мкг N21,ДЕЛЬФАРМ ЛИЛЛЬ С.А.С,"Микрогинон таблетки 150 мкг + 30 мкг N21, ДЕЛЬФАРМ ЛИЛЛЬ С.А.С",Микрогинон,таблетки,"таблетки, покрытые оболочкой",ТАБЛ.,150 мкг + 30 мкг,ДЕЛЬФАРМ ЛИЛЛЬ С.А.С,ДЕЛЬФАРМ,,unknown,,N21,№21,N21,parsed,,МИКРОГИНОН ТАБЛ. П/О 150МКГ+30МКГ,,,not_applicable,,false,false,,,,"{""m5_0_identity"": ""yes"", ""m5_0_manufacturer"": ""yes"", ""m5_0_notes"": """", ""m5_0_query"": ""yes"", ""m5_1_resolution_reason"": ""M5.0 identity and query were accepted (yes); no labeled defect to remediate."", ""m5_1_resolution_status"": ""not_applicable""}",yes,yes,yes,,not_applicable,M5.0 identity and query were accepted (yes); no labeled defect to remediate.,false,false,false,false,false,false,false,true,false,false,false,,yes,yes,yes,
13616,"МЕЛИССЫ ЛЕКАРСТВЕННОЙ ТРАВА Ф/П 1,5Г №20 ЗДОРОВЬЕ | ЗДОРОВЬЕ ФИРМА ООО | ЗДОРОВЬЕ ФИРМА ООО",Мелиссы лекарственной трава,,none,resolved_enrichment,,Melissae officinalis herba,ok,reuse_existing_enrichment,FALSE,,0,,,,Melissae officinalis herba,enrichment,FALSE,,pass_action=reuse_existing_enrichment; identity_gate_already_used_enrichment,redesign/artifacts/mnn_identity_enrichment_pass_searxng_raw.jsonl,461,correct,correct,incorrect,,,возрастной сегмент - универсальный. MNN необходим на кирилице,otc,взрослые,previous_enrichment,previous_mnn_enrichment,mnn_catalog_resolution_wave500_v3,high,"reused prior enrichment: status=ok, validated RX/OTC=otc",previous_enrichment,previous_mnn_enrichment,mnn_catalog_resolution_wave500_v3,high,"reused prior enrichment: status=ok, validated Age=взрослые",otc,взрослые,,,otc,взрослые,,,"[{""value"": ""otc"", ""method"": ""previous_enrichment"", ""stage"": ""previous_mnn_enrichment"", ""source"": ""mnn_catalog_resolution_wave500_v3"", ""confidence"": ""high""}, {""value"": ""otc"", ""method"": ""sem_baseline"", ""stage"": ""sem1"", ""source"": ""sem_wave500_mnn_v3_report"", ""confidence"": ""medium""}]","[{""value"": ""взрослые"", ""method"": ""previous_enrichment"", ""stage"": ""previous_mnn_enrichment"", ""source"": ""mnn_catalog_resolution_wave500_v3"", ""confidence"": ""high""}, {""value"": ""взрослые"", ""method"": ""sem_baseline"", ""stage"": ""sem1"", ""source"": ""sem_wave500_mnn_v3_report"", ""confidence"": ""medium""}]",,,FALSE,FALSE,FALSE,FALSE,low,"[""mnn""]",catalog RX/OTC absent/unknown; catalog Age absent/unknown,"МЕЛИССЫ ЛЕКАРСТВЕННОЙ; трава, фильтр-пакеты; 1.5 г; N20; производитель: ЗДОРОВЬЕ ФИРМА ООО",Мелиссы Лекарственной; фильтр-пакеты; 1.5 г; N20; ЗДОРОВЬЕ ФИРМА ООО,Мелиссы Лекарственной фильтр-пакеты 1.5 г N20,ЗДОРОВЬЕ ФИРМА ООО,Мелиссы Лекарственной,фильтр-пакеты,"трава, фильтр-пакеты",ТРАВА,1.5 г,N20,,ЗДОРОВЬЕ ФИРМА ООО,ЗДОРОВЬЕ,manufacturer_deduped,,2,0,3,5,,false,false,false,false,false,false,norm_v4_experiment_m5_0,norm_v4_1_offline_pack_and_retrieval_remediation,"Мелиссы Лекарственной; трава, фильтр-пакеты; 1.5 г; 1.5 г, N20; производитель: ЗДОРОВЬЕ ФИРМА ООО","Мелиссы Лекарственной; фильтр-пакеты; 1.5 г; 1.5 г, N20; ЗДОРОВЬЕ ФИРМА ООО",Мелиссы Лекарственной фильтр-пакеты 1.5 г N20,ЗДОРОВЬЕ ФИРМА ООО,"Мелиссы Лекарственной фильтр-пакеты 1.5 г N20, ЗДОРОВЬЕ ФИРМА ООО",Мелиссы Лекарственной,фильтр-пакеты,"трава, фильтр-пакеты",ТРАВА,1.5 г,ЗДОРОВЬЕ ФИРМА ООО,ЗДОРОВЬЕ,,unknown,1.5 г,N20,"1,5Г №20","1.5 г, N20",parsed,,МЕЛИССЫ ЛЕКАРСТВЕННОЙ ТРАВА Ф/П ЗДОРОВЬЕ,,,not_applicable,,false,false,,,,"{""m5_0_identity"": """", ""m5_0_manufacturer"": """", ""m5_0_notes"": """", ""m5_0_query"": """", ""m5_1_resolution_reason"": ""M5.0 labels blank; row was not in the reviewed 50-sample (blank is not treated as yes)."", ""m5_1_resolution_status"": ""not_applicable""}",,,,,not_applicable,M5.0 labels blank; row was not in the reviewed 50-sample (blank is not treated as yes).,false,false,false,false,false,false,false,true,false,false,false,,,,,
14758,"ЛОЗАРТАН Н ТАБЛ. П/ПЛЕН/ОБ. 12,5МГ+100МГ №30 ОЗОН | ОЗОН ООО | ОЗОН ООО",Лозартан + Гидрохлоротиазид,,none,unresolved_catalog,,,,new_enrichment,TRUE,ok,0,"Лозартан, Гидрохлоротиазид",rx,взрослые,"Лозартан, Гидрохлоротиазид",enrichment,FALSE,https://www.vidal.ru/drugs/losartan-n | https://aptekamos.ru/tovary/lekarstva/gidroxlorotiazid-lozartan-1484/lozartan-n-tabletki-12-5mg-50mg-85623/instrukciya | https://aptekamos.ru/tovary/lekarstva/gidroxlorotiazid-lozartan-1484/lozartan-n-kanon-tabletki-25mg-100mg-77982/instrukciya | https://www.rlsnet.ru/drugs/lozartan-30163 | https://www.rlsnet.ru/drugs/lozartan-n-78925 | https://allmed.pro/ru/drugs/lozartan | https://www.vidal.ru/drugs/losartan-n | https://www.rlsnet.ru/drugs/lozartan-30163 | https://www.webapteka.ru/drugbase/name62367.html | https://www.rlsnet.ru/drugs/lozartan-n-78925 | https://www.webapteka.ru/drugbase/name19179.html | https://www.asna.ru/product/lozartan/instruction/,"status=ok | Category=Drug | mnn=лозартан, гидрохлоротиазид | RX_OTC=RX | Age=Взрослый | Лозартан Н — комбинированный препарат, содержащий лозартан и гидрохлоротиазид, применяется для лечения артериальной гипертензии (источники: Видаль, РЛС). Отпускается по рецепту (источник: allmed.pro). Инструкции указывают на применение у взрослых, данные о применении у детей в…",redesign/artifacts/mnn_identity_enrichment_pass_searxng_raw.jsonl,461,correct,correct,correct,,,,rx,взрослые,identity_enrichment,mnn_identity_enrichment,mnn_identity_enrichment_pass_results,high,"identity enrichment run 461: status=ok, Category=Drug, RX/OTC=rx, evidence present",identity_enrichment,mnn_identity_enrichment,mnn_identity_enrichment_pass_results,high,"identity enrichment run 461: status=ok, Category=Drug, Age=взрослые, evidence present",rx,взрослые,,,,,rx,взрослые,"[{""value"": ""rx"", ""method"": ""identity_enrichment"", ""stage"": ""mnn_identity_enrichment"", ""source"": ""mnn_identity_enrichment_pass_results"", ""confidence"": ""high""}, {""value"": ""rx"", ""method"": ""sem_baseline"", ""stage"": ""sem1"", ""source"": ""sem_wave500_mnn_v3_report"", ""confidence"": ""medium""}]","[{""value"": ""взрослые"", ""method"": ""identity_enrichment"", ""stage"": ""mnn_identity_enrichment"", ""source"": ""mnn_identity_enrichment_pass_results"", ""confidence"": ""high""}, {""value"": ""взрослые"", ""method"": ""sem_baseline"", ""stage"": ""sem1"", ""source"": ""sem_wave500_mnn_v3_report"", ""confidence"": ""medium""}]",,,FALSE,FALSE,FALSE,FALSE,low,"[""source_match""]",previous enrichment RX/OTC absent; catalog RX/OTC absent/unknown; previous enrichment Age absent; catalog Age absent/unknown,"ЛОЗАРТАН Н; таблетки, покрытые пленочной оболочкой; 12.5 мг + 100 мг; N30; производитель: ОЗОН ООО",Лозартан Н; таблетки; 12.5 мг + 100 мг; N30; ОЗОН ООО,Лозартан Н таблетки 12.5 мг + 100 мг N30,ОЗОН ООО,Лозартан Н,таблетки,"таблетки, покрытые пленочной оболочкой",ТАБЛ.,12.5 мг + 100 мг,N30,,ОЗОН ООО,ОЗОН,multi_component_strength|manufacturer_deduped,,2,0,3,5,,false,false,false,false,false,false,norm_v4_experiment_m5_0,norm_v4_1_offline_pack_and_retrieval_remediation,"Лозартан Н; таблетки, покрытые пленочной оболочкой; 12.5 мг + 100 мг; N30; производитель: ОЗОН ООО",Лозартан Н; таблетки; 12.5 мг + 100 мг; N30; ОЗОН ООО,Лозартан Н таблетки 12.5 мг + 100 мг N30,ОЗОН ООО,"Лозартан Н таблетки 12.5 мг + 100 мг N30, ОЗОН ООО",Лозартан Н,таблетки,"таблетки, покрытые пленочной оболочкой",ТАБЛ.,12.5 мг + 100 мг,ОЗОН ООО,ОЗОН,,unknown,,N30,№30,N30,parsed,,"ЛОЗАРТАН Н ТАБЛ. П/ПЛЕН/ОБ. 12,5МГ+100МГ ОЗОН",,,not_applicable,,false,false,,,,"{""m5_0_identity"": ""yes"", ""m5_0_manufacturer"": ""yes"", ""m5_0_notes"": """", ""m5_0_query"": ""yes"", ""m5_1_resolution_reason"": ""M5.0 identity and query were accepted (yes); no labeled defect to remediate."", ""m5_1_resolution_status"": ""not_applicable""}",yes,yes,yes,,not_applicable,M5.0 identity and query were accepted (yes); no labeled defect to remediate.,false,false,false,false,false,false,false,true,false,false,false,,yes,yes,yes,
15062,ЛИЗИНОПРИЛ-ТЕВА ТАБЛ. 10МГ №30 Р-ФАРМ | Р-ФАРМ НОВОСЕЛКИ ООО | Р-ФАРМ НОВОСЕЛКИ ООО,Лизиноприл,Лизиноприл,high,resolved_input_explicit,,,,skip_strong_input_mnn,FALSE,,0,,,,Лизиноприл,input_explicit_mnn,FALSE,,pass_action=skip_strong_input_mnn; strong_input_explicit_accepted,redesign/artifacts/mnn_identity_enrichment_pass_searxng_raw.jsonl,461,correct,correct,correct,,,,rx,взрослые,sem_baseline,sem1,sem_wave500_mnn_v3_report,medium,Sem v3 canonical attr contains RX/OTC=rx,sem_baseline,sem1,sem_wave500_mnn_v3_report,medium,Sem v3 canonical attr contains Age=взрослые,rx,взрослые,,,,,,,"[{""value"": ""rx"", ""method"": ""sem_baseline"", ""stage"": ""sem1"", ""source"": ""sem_wave500_mnn_v3_report"", ""confidence"": ""medium""}]","[{""value"": ""взрослые"", ""method"": ""sem_baseline"", ""stage"": ""sem1"", ""source"": ""sem_wave500_mnn_v3_report"", ""confidence"": ""medium""}]",,,FALSE,FALSE,FALSE,FALSE,low,"[""mnn""]",previous enrichment RX/OTC absent; catalog RX/OTC absent/unknown; previous enrichment Age absent; catalog Age absent/unknown,ЛИЗИНОПРИЛ-ТЕВА; таблетки; 10 мг; N30; производитель: Р-ФАРМ НОВОСЕЛКИ ООО,Лизиноприл-Тева; таблетки; 10 мг; N30; Р-ФАРМ НОВОСЕЛКИ ООО,Лизиноприл-Тева таблетки 10 мг N30,Р-ФАРМ НОВОСЕЛКИ ООО,Лизиноприл-Тева,таблетки,таблетки,ТАБЛ.,10 мг,N30,,Р-ФАРМ НОВОСЕЛКИ ООО,Р-ФАРМ,manufacturer_deduped,,2,0,3,5,,false,false,false,false,false,false,norm_v4_experiment_m5_0,norm_v4_1_offline_pack_and_retrieval_remediation,Лизиноприл-Тева; таблетки; 10 мг; N30; производитель: Р-ФАРМ НОВОСЕЛКИ ООО,Лизиноприл-Тева; таблетки; 10 мг; N30; Р-ФАРМ НОВОСЕЛКИ ООО,Лизиноприл-Тева таблетки 10 мг N30,Р-ФАРМ НОВОСЕЛКИ ООО,"Лизиноприл-Тева таблетки 10 мг N30, Р-ФАРМ НОВОСЕЛКИ ООО",Лизиноприл-Тева,таблетки,таблетки,ТАБЛ.,10 мг,Р-ФАРМ НОВОСЕЛКИ ООО,Р-ФАРМ,,unknown,,N30,№30,N30,parsed,,ЛИЗИНОПРИЛ-ТЕВА ТАБЛ. 10МГ Р-ФАРМ,,,not_applicable,,false,false,,,,"{""m5_0_identity"": """", ""m5_0_manufacturer"": """", ""m5_0_notes"": """", ""m5_0_query"": """", ""m5_1_resolution_reason"": ""M5.0 labels blank; row was not in the reviewed 50-sample (blank is not treated as yes)."", ""m5_1_resolution_status"": ""not_applicable""}",,,,,not_applicable,M5.0 labels blank; row was not in the reviewed 50-sample (blank is not treated as yes).,false,false,false,false,false,false,false,true,false,false,false,,,,,
15150,ЛИДОКАИН БУФУС Р-Р Д/ИН. 100МГ/МЛ АМП. 2МЛ №10 ОБНОВЛЕНИЕ | ОБНОВЛЕНИЕ ПФК АО | ОБНОВЛЕНИЕ ПФК АО,Лидокаин,Лидокаин,high,resolved_input_explicit,,,,skip_strong_input_mnn,FALSE,,0,,,,Лидокаин,input_explicit_mnn,FALSE,,pass_action=skip_strong_input_mnn; strong_input_explicit_accepted,redesign/artifacts/mnn_identity_enrichment_pass_searxng_raw.jsonl,461,correct,correct,incorrect,,,возрастной сегмент - взрослый,rx,unknown,sem_baseline,sem1,sem_wave500_mnn_v3_report,medium,Sem v3 canonical attr contains RX/OTC=rx,not_resolved,none,none,unknown,no accepted pipeline source contains Age; display value unknown,rx,,,,,,,,"[{""value"": ""rx"", ""method"": ""sem_baseline"", ""stage"": ""sem1"", ""source"": ""sem_wave500_mnn_v3_report"", ""confidence"": ""medium""}]",[],,,FALSE,FALSE,TRUE,TRUE,high,"[""age""]",previous enrichment RX/OTC absent; catalog RX/OTC absent/unknown; previous enrichment Age absent; Sem Age absent; catalog Age absent/unknown,"ЛИДОКАИН БУФУС; раствор, для инъекций; 100 мг/мл; 2 мл; N10; производитель: ОБНОВЛЕНИЕ ПФК АО",Лидокаин Буфус; раствор; 100 мг/мл; N10; ОБНОВЛЕНИЕ ПФК АО,Лидокаин Буфус раствор 100 мг/мл N10,ОБНОВЛЕНИЕ ПФК АО,Лидокаин Буфус,раствор,"раствор, для инъекций",Р-Р,100 мг/мл,N10,2 мл,ОБНОВЛЕНИЕ ПФК АО,ОБНОВЛЕНИЕ,manufacturer_deduped,,2,0,3,5,,false,false,false,false,false,false,norm_v4_experiment_m5_0,norm_v4_1_offline_pack_and_retrieval_remediation,"Лидокаин Буфус; раствор, для инъекций; 100 мг/мл; ампула 2 мл, N10; производитель: ОБНОВЛЕНИЕ ПФК АО","Лидокаин Буфус; раствор; 100 мг/мл; ампула 2 мл, N10; ОБНОВЛЕНИЕ ПФК АО",Лидокаин Буфус раствор 100 мг/мл ампула 2 мл N10,ОБНОВЛЕНИЕ ПФК АО,"Лидокаин Буфус раствор 100 мг/мл ампула 2 мл N10, ОБНОВЛЕНИЕ ПФК АО",Лидокаин Буфус,раствор,"раствор, для инъекций",Р-Р,100 мг/мл,ОБНОВЛЕНИЕ ПФК АО,ОБНОВЛЕНИЕ,АМП.,ампула,2 мл,N10,АМП. 2МЛ №10,"ампула 2 мл, N10",parsed,,ЛИДОКАИН БУФУС Р-Р Д/ИН. 100МГ/МЛ ОБНОВЛЕНИЕ,,,not_applicable,,false,false,,query_gained_container|query_gained_unit_amount,,"{""m5_0_identity"": """", ""m5_0_manufacturer"": """", ""m5_0_notes"": """", ""m5_0_query"": """", ""m5_1_resolution_reason"": ""M5.0 labels blank; row was not in the reviewed 50-sample (blank is not treated as yes)."", ""m5_1_resolution_status"": ""not_applicable""}",,,,,not_applicable,M5.0 labels blank; row was not in the reviewed 50-sample (blank is not treated as yes).,false,false,false,false,false,false,false,true,true,true,false,,,,,
16485,КРУШИНЫ КОРА Ф/П 2Г №20 ФИТО-БОТ | ФИТО-БОТ ФИРМА ООО | ФИТО-БОТ ФИРМА ООО,,,none,resolved_enrichment,,Крушины ольховидной кора,ok,reuse_existing_enrichment,FALSE,,0,,,,Крушины ольховидной кора,enrichment,FALSE,,pass_action=reuse_existing_enrichment; identity_gate_already_used_enrichment,redesign/artifacts/mnn_identity_enrichment_pass_searxng_raw.jsonl,461,correct,correct,correct,,,,otc,универсальный,previous_enrichment,previous_mnn_enrichment,mnn_catalog_resolution_wave500_v3,high,"reused prior enrichment: status=ok, validated RX/OTC=otc",previous_enrichment,previous_mnn_enrichment,mnn_catalog_resolution_wave500_v3,high,"reused prior enrichment: status=ok, validated Age=универсальный; weaker sources differ: sem_baseline=взрослые",otc,взрослые,,,otc,универсальный,,,"[{""value"": ""otc"", ""method"": ""previous_enrichment"", ""stage"": ""previous_mnn_enrichment"", ""source"": ""mnn_catalog_resolution_wave500_v3"", ""confidence"": ""high""}, {""value"": ""otc"", ""method"": ""sem_baseline"", ""stage"": ""sem1"", ""source"": ""sem_wave500_mnn_v3_report"", ""confidence"": ""medium""}]","[{""value"": ""универсальный"", ""method"": ""previous_enrichment"", ""stage"": ""previous_mnn_enrichment"", ""source"": ""mnn_catalog_resolution_wave500_v3"", ""confidence"": ""high""}, {""value"": ""взрослые"", ""method"": ""sem_baseline"", ""stage"": ""sem1"", ""source"": ""sem_wave500_mnn_v3_report"", ""confidence"": ""medium""}]",,,FALSE,FALSE,FALSE,FALSE,low,"[""mnn""]",catalog RX/OTC absent/unknown; catalog Age absent/unknown,КРУШИНЫ КОРА; фильтр-пакеты; 2 г; N20; производитель: ФИТО-БОТ ФИРМА ООО,Крушины Кора; фильтр-пакеты; 2 г; N20; ФИТО-БОТ ФИРМА ООО,Крушины Кора фильтр-пакеты 2 г N20,ФИТО-БОТ ФИРМА ООО,Крушины Кора,фильтр-пакеты,фильтр-пакеты,Ф/П,2 г,N20,,ФИТО-БОТ ФИРМА ООО,ФИТО-БОТ,manufacturer_deduped,,2,0,3,5,,false,false,false,false,false,false,norm_v4_experiment_m5_0,norm_v4_1_offline_pack_and_retrieval_remediation,"Крушины Кора; фильтр-пакеты; 2 г; 2 г, N20; производитель: ФИТО-БОТ ФИРМА ООО","Крушины Кора; фильтр-пакеты; 2 г; 2 г, N20; ФИТО-БОТ ФИРМА ООО",Крушины Кора фильтр-пакеты 2 г N20,ФИТО-БОТ ФИРМА ООО,"Крушины Кора фильтр-пакеты 2 г N20, ФИТО-БОТ ФИРМА ООО",Крушины Кора,фильтр-пакеты,фильтр-пакеты,Ф/П,2 г,ФИТО-БОТ ФИРМА ООО,ФИТО-БОТ,,unknown,2 г,N20,2Г №20,"2 г, N20",parsed,,КРУШИНЫ КОРА Ф/П ФИТО-БОТ,,,not_applicable,,false,false,,,,"{""m5_0_identity"": """", ""m5_0_manufacturer"": """", ""m5_0_notes"": """", ""m5_0_query"": """", ""m5_1_resolution_reason"": ""M5.0 labels blank; row was not in the reviewed 50-sample (blank is not treated as yes)."", ""m5_1_resolution_status"": ""not_applicable""}",,,,,not_applicable,M5.0 labels blank; row was not in the reviewed 50-sample (blank is not treated as yes).,false,false,false,false,false,false,false,true,false,false,false,,,,,
16623,КОФЕИН-БЕНЗОАТ НАТРИЯ ТАБЛ. 100МГ №10 ТАТХИМФАРМПРЕПАРАТЫ | ТАТХИМФАРМПРЕПАРАТЫ АО | ТАТХИМФАРМПРЕПАРАТЫ АО,Кофеин,,none,unresolved_catalog,,,,new_enrichment,TRUE,ok,0,Кофеин,rx,универсальный,Кофеин,enrichment,FALSE,https://aptekamos.ru/tovary/lekarstva/kofein-459/kofein-benzoat-natriya-rastvor-dlya-inekciyo-20-1ml-4682/instrukciya | https://aptekamos.ru/tovary/lekarstva/kofein-459/kofein-benzoat-natriya-tabletki-100mg-4685/instrukciya | http://drugs.thead.ru/Kofein-Benzoat_Natriya | https://www.vidal.ru/drugs/coffein-benzoate_sodium__5094 | https://aptekamos.ru/tovary/lekarstva/kofein-459/kofein-benzoat-natriya-rastvor-dlya-inekciyo-20-1ml-4682/instrukciya | https://allmed.pro/ru/drugs/kofein-benzoat-natrija | https://www.rlsnet.ru/drugs/kofein-benzoat-natriya-4430 | https://www.vidal.ru/drugs/coffein-benzoate_sodium__5094 | https://aptekamos.ru/tovary/lekarstva/kofein-459/kofein-benzoat-natriya-tabletki-100mg-4685/instrukciya | https://www.vidal.ru/drugs/coffein-benzoate_sodium__5094 | https://www.webapteka.ru/drugbase/name3346.html | https://www.rlsnet.ru/drugs/kofein-benzoat-natriya-4430,"status=ok | Category=Drug | mnn=Кофеин | RX_OTC=RX | Age=Универсальный | Кофеин-бензоат натрия является лекарственным средством (препаратом), действующим веществом которого является кофеин. Согласно инструкциям, он оказывает психостимулирующее и аналептическое действие, блокируя аденозиновые рецепторы (источник: vidal.ru, aptekamos.ru). Препарат…",redesign/artifacts/mnn_identity_enrichment_pass_searxng_raw.jsonl,461,correct,correct,incorrect,,,возрастной сегмент - взрослый,rx,универсальный,identity_enrichment,mnn_identity_enrichment,mnn_identity_enrichment_pass_results,high,"identity enrichment run 461: status=ok, Category=Drug, RX/OTC=rx, evidence present",identity_enrichment,mnn_identity_enrichment,mnn_identity_enrichment_pass_results,high,"identity enrichment run 461: status=ok, Category=Drug, Age=универсальный, evidence present; weaker sources differ: sem_baseline=взрослые",rx,взрослые,,,,,rx,универсальный,"[{""value"": ""rx"", ""method"": ""identity_enrichment"", ""stage"": ""mnn_identity_enrichment"", ""source"": ""mnn_identity_enrichment_pass_results"", ""confidence"": ""high""}, {""value"": ""rx"", ""method"": ""sem_baseline"", ""stage"": ""sem1"", ""source"": ""sem_wave500_mnn_v3_report"", ""confidence"": ""medium""}]","[{""value"": ""универсальный"", ""method"": ""identity_enrichment"", ""stage"": ""mnn_identity_enrichment"", ""source"": ""mnn_identity_enrichment_pass_results"", ""confidence"": ""high""}, {""value"": ""взрослые"", ""method"": ""sem_baseline"", ""stage"": ""sem1"", ""source"": ""sem_wave500_mnn_v3_report"", ""confidence"": ""medium""}]",,,FALSE,FALSE,FALSE,FALSE,low,"[""source_match""]",previous enrichment RX/OTC absent; catalog RX/OTC absent/unknown; previous enrichment Age absent; catalog Age absent/unknown,КОФЕИН-БЕНЗОАТ НАТРИЯ; таблетки; 100 мг; N10; производитель: ТАТХИМФАРМПРЕПАРАТЫ АО,Кофеин-Бензоат Натрия; таблетки; 100 мг; N10; ТАТХИМФАРМПРЕПАРАТЫ АО,Кофеин-Бензоат Натрия таблетки 100 мг N10,ТАТХИМФАРМПРЕПАРАТЫ АО,Кофеин-Бензоат Натрия,таблетки,таблетки,ТАБЛ.,100 мг,N10,,ТАТХИМФАРМПРЕПАРАТЫ АО,ТАТХИМФАРМПРЕПАРАТЫ,manufacturer_deduped,,2,0,3,5,,false,false,false,false,false,false,norm_v4_experiment_m5_0,norm_v4_1_offline_pack_and_retrieval_remediation,Кофеин-Бензоат Натрия; таблетки; 100 мг; N10; производитель: ТАТХИМФАРМПРЕПАРАТЫ АО,Кофеин-Бензоат Натрия; таблетки; 100 мг; N10; ТАТХИМФАРМПРЕПАРАТЫ АО,Кофеин-Бензоат Натрия таблетки 100 мг N10,ТАТХИМФАРМПРЕПАРАТЫ АО,"Кофеин-Бензоат Натрия таблетки 100 мг N10, ТАТХИМФАРМПРЕПАРАТЫ АО",Кофеин-Бензоат Натрия,таблетки,таблетки,ТАБЛ.,100 мг,ТАТХИМФАРМПРЕПАРАТЫ АО,ТАТХИМФАРМПРЕПАРАТЫ,,unknown,,N10,№10,N10,parsed,,КОФЕИН-БЕНЗОАТ НАТРИЯ ТАБЛ. 100МГ ТАТХИМФАРМПРЕПАРАТЫ,,,not_applicable,,false,false,,,,"{""m5_0_identity"": """", ""m5_0_manufacturer"": """", ""m5_0_notes"": """", ""m5_0_query"": """", ""m5_1_resolution_reason"": ""M5.0 labels blank; row was not in the reviewed 50-sample (blank is not treated as yes)."", ""m5_1_resolution_status"": ""not_applicable""}",,,,,not_applicable,M5.0 labels blank; row was not in the reviewed 50-sample (blank is not treated as yes).,false,false,false,false,false,false,false,true,false,false,false,,,,,
18125,КАНДЕСАРТАН ТАБЛ. 16МГ №28 БЕРЕЗОВСКИЙ ФЗ | БЕРЕЗОВСКИЙ ФЗ | БЕРЕЗОВСКИЙ ФЗ,Кандесартан,,none,resolved_enrichment,,Кандесартан,ok,reuse_existing_enrichment,FALSE,,0,,,,Кандесартан,enrichment,FALSE,,pass_action=reuse_existing_enrichment; identity_gate_already_used_enrichment,redesign/artifacts/mnn_identity_enrichment_pass_searxng_raw.jsonl,461,correct,correct,incorrect,,,возрастной сегмент - взрослый,rx,универсальный,previous_enrichment,previous_mnn_enrichment,mnn_catalog_resolution_wave500_v3,high,"reused prior enrichment: status=ok, validated RX/OTC=rx",previous_enrichment,previous_mnn_enrichment,mnn_catalog_resolution_wave500_v3,high,"reused prior enrichment: status=ok, validated Age=универсальный; weaker sources differ: sem_baseline=взрослые",rx,взрослые,,,rx,универсальный,,,"[{""value"": ""rx"", ""method"": ""previous_enrichment"", ""stage"": ""previous_mnn_enrichment"", ""source"": ""mnn_catalog_resolution_wave500_v3"", ""confidence"": ""high""}, {""value"": ""rx"", ""method"": ""sem_baseline"", ""stage"": ""sem1"", ""source"": ""sem_wave500_mnn_v3_report"", ""confidence"": ""medium""}]","[{""value"": ""универсальный"", ""method"": ""previous_enrichment"", ""stage"": ""previous_mnn_enrichment"", ""source"": ""mnn_catalog_resolution_wave500_v3"", ""confidence"": ""high""}, {""value"": ""взрослые"", ""method"": ""sem_baseline"", ""stage"": ""sem1"", ""source"": ""sem_wave500_mnn_v3_report"", ""confidence"": ""medium""}]",,,FALSE,FALSE,FALSE,FALSE,low,"[""mnn""]",catalog RX/OTC absent/unknown; catalog Age absent/unknown,КАНДЕСАРТАН; таблетки; 16 мг; N28; производитель: БЕРЕЗОВСКИЙ ФЗ,Кандесартан; таблетки; 16 мг; N28; БЕРЕЗОВСКИЙ ФЗ,Кандесартан таблетки 16 мг N28,БЕРЕЗОВСКИЙ ФЗ,Кандесартан,таблетки,таблетки,ТАБЛ.,16 мг,N28,,БЕРЕЗОВСКИЙ ФЗ,БЕРЕЗОВСКИЙ,manufacturer_deduped,,2,0,3,5,,false,false,false,false,false,false,norm_v4_experiment_m5_0,norm_v4_1_offline_pack_and_retrieval_remediation,Кандесартан; таблетки; 16 мг; N28; производитель: БЕРЕЗОВСКИЙ ФЗ,Кандесартан; таблетки; 16 мг; N28; БЕРЕЗОВСКИЙ ФЗ,Кандесартан таблетки 16 мг N28,БЕРЕЗОВСКИЙ ФЗ,"Кандесартан таблетки 16 мг N28, БЕРЕЗОВСКИЙ ФЗ",Кандесартан,таблетки,таблетки,ТАБЛ.,16 мг,БЕРЕЗОВСКИЙ ФЗ,БЕРЕЗОВСКИЙ,,unknown,,N28,№28,N28,parsed,,КАНДЕСАРТАН ТАБЛ. 16МГ БЕРЕЗОВСКИЙ ФЗ,,,not_applicable,,false,false,,,,"{""m5_0_identity"": """", ""m5_0_manufacturer"": """", ""m5_0_notes"": """", ""m5_0_query"": """", ""m5_1_resolution_reason"": ""M5.0 labels blank; row was not in the reviewed 50-sample (blank is not treated as yes)."", ""m5_1_resolution_status"": ""not_applicable""}",,,,,not_applicable,M5.0 labels blank; row was not in the reviewed 50-sample (blank is not treated as yes).,false,false,false,false,false,false,false,true,false,false,false,,,,,
18179,КАЛЬЦИЯ ГЛЮКОНАТ ЭКО ТАБЛ. ПО 500МГ №10 | ЭКОТЕКС ООО | ЭКОТЕКС ООО,Кальция глюконат,,none,unresolved_catalog,,,ok,new_enrichment,TRUE,ok,0,,unknown,универсальный,,unresolved_final,TRUE,https://medum.ru/kalciya-glyukonat-ehko | https://www.lsgeotar.ru/supplements/calcium-gluconate-eco-without-flavoring-ABDZ | https://medum.ru/kalciya-glyukonat-ehko-tabletki | https://www.rlsnet.ru/baa/kalciya-glyukonat-eko-77080 | https://bz.medvestnik.ru/drugs/8697.html | https://www.webapteka.ru/drugbase/name65668.html | https://medum.ru/kalciya-glyukonat-ehko | https://medum.ru/kalciya-glyukonat-ehko-tabletki | https://www.vidal.ru/drugs/calcium_gluconate__30260 | https://b-apteka.ru/articles/kalciya-glyukonat | https://drugs.medelement.com/drug/%D0%BA%D0%B0%D0%BB%D1%8C%D1%86%D0%B8%D1%8F%20%D0%B3%D0%BB%D1%8E%D0%BA%D0%BE%D0%BD%D0%B0%D1%82-%D0%B8%D0%BD%D1%81%D1%82%D1%80%D1%83%D0%BA%D1%86%D0%B8%D1%8F/246698481624527587?instruction_lang=RU | https://www.rlsnet.ru/baa/kalciya-glyukonat-eko-77080,"status=ok | Category=BAS | mnn=Кальция глюконат | RX_OTC=not applicable | Age=Универсальный | Согласно найденным источникам, препарат 'Кальция глюконат Эко' является биологически активной добавкой к пище, а не лекарственным средством. В нескольких источниках указано, что он применяется в качестве дополнительного источника кальция (например, на lsgeotar.ru и…",redesign/artifacts/mnn_identity_enrichment_pass_searxng_raw.jsonl,461,should_be_empty,,,,,BAS,not_applicable,not_applicable,not_applicable,mnn_identity_enrichment,mnn_identity_enrichment_pass_searxng_raw,high,identity enrichment run 461: Category=BAS/Other; RX/OTC not applicable,not_applicable,mnn_identity_enrichment,mnn_identity_enrichment_pass_searxng_raw,high,identity enrichment run 461: Category=BAS/Other; Age not applicable,otc,,,,,универсальный,,универсальный,"[{""value"": ""otc"", ""method"": ""sem_baseline"", ""stage"": ""sem1"", ""source"": ""sem_wave500_mnn_v3_report"", ""confidence"": ""medium""}]","[{""value"": ""универсальный"", ""method"": ""identity_enrichment"", ""stage"": ""mnn_identity_enrichment"", ""source"": ""mnn_identity_enrichment_pass_results"", ""confidence"": ""high""}, {""value"": ""универсальный"", ""method"": ""previous_enrichment"", ""stage"": ""previous_mnn_enrichment"", ""source"": ""mnn_catalog_resolution_wave500_v3"", ""confidence"": ""high""}]",,,TRUE,FALSE,FALSE,TRUE,high,"[""mnn"", ""non_drug_status"", ""source_match""]",,КАЛЬЦИЯ ГЛЮКОНАТ ЭКО; таблетки; 500 мг; N10; производитель: ЭКОТЕКС ООО,Кальция Глюконат ЭКО; таблетки; 500 мг; N10; ЭКОТЕКС ООО,Кальция Глюконат ЭКО таблетки 500 мг N10,ЭКОТЕКС ООО,Кальция Глюконат ЭКО,таблетки,таблетки,ТАБЛ.,500 мг,N10,,ЭКОТЕКС ООО,ЭКОТЕКС,manufacturer_deduped,,1,0,3,5,,false,false,false,false,false,false,norm_v4_experiment_m5_0,norm_v4_1_offline_pack_and_retrieval_remediation,Кальция Глюконат ЭКО; таблетки; 500 мг; N10; производитель: ЭКОТЕКС ООО,Кальция Глюконат ЭКО; таблетки; 500 мг; N10; ЭКОТЕКС ООО,Кальция Глюконат ЭКО таблетки 500 мг N10,ЭКОТЕКС ООО,"Кальция Глюконат ЭКО таблетки 500 мг N10, ЭКОТЕКС ООО",Кальция Глюконат ЭКО,таблетки,таблетки,ТАБЛ.,500 мг,ЭКОТЕКС ООО,ЭКОТЕКС,,unknown,,N10,№10,N10,parsed,,КАЛЬЦИЯ ГЛЮКОНАТ ЭКО ТАБЛ. ПО 500МГ,,,not_applicable,,false,false,,,,"{""m5_0_identity"": """", ""m5_0_manufacturer"": """", ""m5_0_notes"": """", ""m5_0_query"": """", ""m5_1_resolution_reason"": ""M5.0 labels blank; row was not in the reviewed 50-sample (blank is not treated as yes)."", ""m5_1_resolution_status"": ""not_applicable""}",,,,,not_applicable,M5.0 labels blank; row was not in the reviewed 50-sample (blank is not treated as yes).,false,false,false,false,false,false,false,true,false,false,false,,,,,
18377,ЙОД Р-Р Д/НАРУЖ. ПРИМ. СПИРТ. 5% ФЛ. 25МЛ ГИППОКРАТ | ГИППОКРАТ | ГИППОКРАТ,Йод,,none,resolved_enrichment,,Йод,ok,reuse_existing_enrichment,FALSE,,0,,,,Йод,enrichment,FALSE,,pass_action=reuse_existing_enrichment; identity_gate_already_used_enrichment,redesign/artifacts/mnn_identity_enrichment_pass_searxng_raw.jsonl,461,correct,incorrect,correct,,,препарат OTC,rx,универсальный,previous_enrichment,previous_mnn_enrichment,mnn_catalog_resolution_wave500_v3,high,"reused prior enrichment: status=ok, validated RX/OTC=rx; weaker sources differ: sem_baseline=otc",previous_enrichment,previous_mnn_enrichment,mnn_catalog_resolution_wave500_v3,high,"reused prior enrichment: status=ok, validated Age=универсальный",otc,,,,rx,универсальный,,,"[{""value"": ""rx"", ""method"": ""previous_enrichment"", ""stage"": ""previous_mnn_enrichment"", ""source"": ""mnn_catalog_resolution_wave500_v3"", ""confidence"": ""high""}, {""value"": ""otc"", ""method"": ""sem_baseline"", ""stage"": ""sem1"", ""source"": ""sem_wave500_mnn_v3_report"", ""confidence"": ""medium""}]","[{""value"": ""универсальный"", ""method"": ""previous_enrichment"", ""stage"": ""previous_mnn_enrichment"", ""source"": ""mnn_catalog_resolution_wave500_v3"", ""confidence"": ""high""}]",,,FALSE,FALSE,FALSE,FALSE,low,"[""mnn""]",catalog RX/OTC absent/unknown; Sem Age absent; catalog Age absent/unknown,"ЙОД; раствор, для наружного применения, спиртовой; 5%; 25 мл; производитель: ГИППОКРАТ",Йод; раствор; 5%; 25 мл; ГИППОКРАТ,Йод раствор 5% 25 мл,ГИППОКРАТ,Йод,раствор,"раствор, для наружного применения, спиртовой",Р-Р,5%,25 мл,,ГИППОКРАТ,ГИППОКРАТ,manufacturer_deduped,,2,0,3,5,,false,false,false,false,false,false,norm_v4_experiment_m5_0,norm_v4_1_offline_pack_and_retrieval_remediation,"Йод; раствор, для наружного применения, спиртовой; 5%; флакон 25 мл, N1; производитель: ГИППОКРАТ","Йод; раствор; 5%; флакон 25 мл, N1; ГИППОКРАТ",Йод раствор 5% флакон 25 мл N1,ГИППОКРАТ,"Йод раствор 5% флакон 25 мл N1, ГИППОКРАТ",Йод,раствор,"раствор, для наружного применения, спиртовой",Р-Р,5%,ГИППОКРАТ,ГИППОКРАТ,ФЛ.,флакон,25 мл,N1,ФЛ. 25МЛ,"флакон 25 мл, N1",parsed,implicit_single_unit_count,ЙОД Р-Р Д/НАРУЖ. ПРИМ. СПИРТ. 5% ГИППОКРАТ,,,not_applicable,,false,false,,implicit_single_unit_count|query_gained_container|query_gained_pack_count,implicit_single_unit_count,"{""m5_0_identity"": """", ""m5_0_manufacturer"": """", ""m5_0_notes"": """", ""m5_0_query"": """", ""m5_1_resolution_reason"": ""M5.0 labels blank; row was not in the reviewed 50-sample (blank is not treated as yes)."", ""m5_1_resolution_status"": ""not_applicable""}",,,,,not_applicable,M5.0 labels blank; row was not in the reviewed 50-sample (blank is not treated as yes).,false,false,false,false,false,false,false,true,true,false,true,,,,,
18830,ИЗЖОГАНЕТ АНТАЦИДНЫЙ КОМПЛЕКС СО ВКУСОМ МЯТЫ ТАБЛ. 600МГ №40 | ГРИН САЙД ООО | ГРИН САЙД ООО,,,none,unresolved_catalog,,,ok,new_enrichment,TRUE,ok,0,,unknown,взрослые,,unresolved_final,TRUE,https://www.rlsnet.ru/baa/antacidnyi-kompleks-izzoganet-86401 | https://aptekamos.ru/tovary/bad/greenside-17060/greenside-antacidnyyo-kompleks-izzhoganet-tabletki-so-vkusom-myaty-600mg-107606/instrukciya | https://www.rlsnet.ru/baa/antacidnyi-kompleks-izzoganet-86401 | https://www.rlsnet.ru/baa/antacidnyi-kompleks-izzoganet-86401 | https://apteka.ru/product/green-side-antaczidnyj-kompleks-izzhoganet-so-vkusom-myaty-n40-tabl-massoj-600mg-602e25e6152591d9cd4dc6f2/instructions/ | https://aptekamos.ru/tovary/bad/greenside-17060/greenside-antacidnyyo-kompleks-izzhoganet-tabletki-so-vkusom-myaty-600mg-107606/instrukciya | https://aptekamos.ru/tovary/bad/greenside-17060/greenside-antacidnyyo-kompleks-izzhoganet-tabletki-so-vkusom-apelsina-600mg-107605/instrukciya | https://yandex.ru/medicine/medicaments/green-side-antatsidnyj-kompleks-izzhoganet-tabletki-po-600-mg-so-vkusom-apel-sina-20-sht | https://www.rigla.ru/product/izzhoganet-antatsidnyy-kompleks-so-vkusom-myaty-tab-600mg-no20-bad-4999901 | https://spb.budzdorov.ru/product/izzhoganet-antatsidnyy-kompleks-so-vkusom-apelsina-tab-600mg-no20-bad-4999853 | https://yandex.ru/medicine/medicaments/antatsidnyj-kompleks-izzhoganet | https://yandex.ru/medicine/medicaments/green-side-antatsidnyj-kompleks-izzhoganet-tabletki-po-600-mg-so-vkusom-apel-sina-20-sht,"status=ok | Category=BAS | RX_OTC=not applicable | Age=Взрослый | Согласно найденным источникам, «Изжоганет Антацидный комплекс» является биологически активной добавкой (БАД) к пище, а не лекарственным средством. Он способствует устранению изжоги, чувства тяжести в желудке, отрыжки и улучшению пищеварения. Инструкция по применению указывает,…",redesign/artifacts/mnn_identity_enrichment_pass_searxng_raw.jsonl,461,should_be_empty,,,,,BAS,not_applicable,not_applicable,not_applicable,mnn_identity_enrichment,mnn_identity_enrichment_pass_searxng_raw,high,identity enrichment run 461: Category=BAS/Other; RX/OTC not applicable,not_applicable,mnn_identity_enrichment,mnn_identity_enrichment_pass_searxng_raw,high,identity enrichment run 461: Category=BAS/Other; Age not applicable,otc,взрослые,,,,взрослые,,взрослые,"[{""value"": ""otc"", ""method"": ""sem_baseline"", ""stage"": ""sem1"", ""source"": ""sem_wave500_mnn_v3_report"", ""confidence"": ""medium""}]","[{""value"": ""взрослые"", ""method"": ""identity_enrichment"", ""stage"": ""mnn_identity_enrichment"", ""source"": ""mnn_identity_enrichment_pass_results"", ""confidence"": ""high""}, {""value"": ""взрослые"", ""method"": ""previous_enrichment"", ""stage"": ""previous_mnn_enrichment"", ""source"": ""mnn_catalog_resolution_wave500_v3"", ""confidence"": ""high""}, {""value"": ""взрослые"", ""method"": ""sem_baseline"", ""stage"": ""sem1"", ""source"": ""sem_wave500_mnn_v3_report"", ""confidence"": ""medium""}]",,,TRUE,FALSE,FALSE,TRUE,high,"[""mnn"", ""non_drug_status"", ""source_match""]",,ИЗЖОГАНЕТ АНТАЦИДНЫЙ КОМПЛЕКС СО ВКУСОМ МЯТЫ; таблетки; 600 мг; N40; производитель: ГРИН САЙД ООО,Изжоганет Антацидный Комплекс Со Вкусом Мяты; таблетки; 600 мг; N40; ГРИН САЙД ООО,Изжоганет Антацидный Комплекс Со Вкусом Мяты таблетки 600 мг N40,ГРИН САЙД ООО,Изжоганет Антацидный Комплекс Со Вкусом Мяты,таблетки,таблетки,ТАБЛ.,600 мг,N40,,ГРИН САЙД ООО,ГРИН,manufacturer_deduped,,1,0,3,5,,false,false,false,false,false,false,norm_v4_experiment_m5_0,norm_v4_1_offline_pack_and_retrieval_remediation,Изжоганет Антацидный Комплекс Со Вкусом Мяты; таблетки; 600 мг; N40; производитель: ГРИН САЙД ООО,Изжоганет Антацидный Комплекс Со Вкусом Мяты; таблетки; 600 мг; N40; ГРИН САЙД ООО,Изжоганет Антацидный Комплекс Со Вкусом Мяты таблетки 600 мг N40,ГРИН САЙД ООО,"Изжоганет Антацидный Комплекс Со Вкусом Мяты таблетки 600 мг N40, ГРИН САЙД ООО",Изжоганет Антацидный Комплекс Со Вкусом Мяты,таблетки,таблетки,ТАБЛ.,600 мг,ГРИН САЙД ООО,ГРИН,,unknown,,N40,№40,N40,parsed,,ИЗЖОГАНЕТ АНТАЦИДНЫЙ КОМПЛЕКС СО ВКУСОМ МЯТЫ ТАБЛ. 600МГ,,,not_applicable,,false,false,,,,"{""m5_0_identity"": """", ""m5_0_manufacturer"": """", ""m5_0_notes"": """", ""m5_0_query"": """", ""m5_1_resolution_reason"": ""M5.0 labels blank; row was not in the reviewed 50-sample (blank is not treated as yes)."", ""m5_1_resolution_status"": ""not_applicable""}",,,,,not_applicable,M5.0 labels blank; row was not in the reviewed 50-sample (blank is not treated as yes).,false,false,false,false,false,false,false,true,false,false,false,,,,,
19198,ЗВЕРОБОЯ ТРАВА 50Г ФИТОФАРМ | ФИТОФАРМ ООО | ФИТОФАРМ ООО,Зверобоя трава,,none,unresolved_catalog,,,ok_partial,new_enrichment,TRUE,ok_partial,2,,otc,универсальный,,unresolved_final,TRUE,https://pharmproduct.ru/drugs/zveroboia-trava | https://www.lsgeotar.ru/drugs/st-johns-wort-herb-BBOD | https://www.rlsnet.ru/drugs/zveroboya-trava-4291 | https://health.mail.ru/drug/zveroboya-trava/ | https://www.rlsnet.ru/drugs/zveroboya-trava-4291 | https://health.mail.ru/drug/zveroboya-trava-1/ | https://medi.ru/instrukciya/zveroboya-trava_19776/ | https://www.lsgeotar.ru/cs/zveroboya-trava-12211.html | https://www.vidal.ru/drugs/hyperici_herba__30245 | https://www.vidal.ru/drugs/hyperici_herba__28959 | https://www.pharmcontrol.ru/reference/inn/400/ | https://www.pharmcontrol.ru/registry/drugs/16633/,"status=ok_partial | Category=Drug | RX_OTC=OTC | Age=Универсальный | Зверобоя трава является лекарственным средством (ЛС) согласно данным Государственного реестра лекарственных средств (ГРЛС) и других источников. МНН (международное непатентованное название) в предоставленных результатах поиска не указано, поэтому оно не определено. Препарат…",redesign/artifacts/mnn_identity_enrichment_pass_searxng_raw.jsonl,461,incorrect,incorrect,incorrect,,,"Drug (Трава зверобоя), ОТС, Взрослый",otc,unknown,sem_baseline,sem1,sem_wave500_mnn_v3_report,medium,Sem v3 canonical attr contains RX/OTC=otc,not_resolved,none,none,unknown,no accepted pipeline source contains Age; display value unknown,otc,,,,otc,универсальный,otc,универсальный,"[{""value"": ""otc"", ""method"": ""identity_enrichment"", ""stage"": ""mnn_identity_enrichment"", ""source"": ""mnn_identity_enrichment_pass_results"", ""confidence"": ""high""}, {""value"": ""otc"", ""method"": ""previous_enrichment"", ""stage"": ""previous_mnn_enrichment"", ""source"": ""mnn_catalog_resolution_wave500_v3"", ""confidence"": ""high""}, {""value"": ""otc"", ""method"": ""sem_baseline"", ""stage"": ""sem1"", ""source"": ""sem_wave500_mnn_v3_report"", ""confidence"": ""medium""}]","[{""value"": ""универсальный"", ""method"": ""identity_enrichment"", ""stage"": ""mnn_identity_enrichment"", ""source"": ""mnn_identity_enrichment_pass_results"", ""confidence"": ""high""}, {""value"": ""универсальный"", ""method"": ""previous_enrichment"", ""stage"": ""previous_mnn_enrichment"", ""source"": ""mnn_catalog_resolution_wave500_v3"", ""confidence"": ""high""}]",,,TRUE,FALSE,TRUE,TRUE,high,"[""mnn"", ""age"", ""source_match""]",previous enrichment RX/OTC present but status not ok; catalog RX/OTC absent/unknown; previous enrichment Age present but status not ok; Sem Age absent; catalog Age absent/unknown,ЗВЕРОБОЯ; трава; 50 г; производитель: ФИТОФАРМ ООО,Зверобоя; трава; [missing_strength]; 50 г; ФИТОФАРМ ООО,Зверобоя трава 50 г,ФИТОФАРМ ООО,Зверобоя,трава,трава,ТРАВА,,50 г,,ФИТОФАРМ ООО,ФИТОФАРМ,missing_strength|manufacturer_deduped,no strength token extracted,2,0,3,4,,false,false,false,false,false,false,norm_v4_experiment_m5_0,norm_v4_1_offline_pack_and_retrieval_remediation,Зверобоя; трава; 50 г; производитель: ФИТОФАРМ ООО,Зверобоя; трава; 50 г; ФИТОФАРМ ООО,Зверобоя трава 50 г,ФИТОФАРМ ООО,"Зверобоя трава 50 г, ФИТОФАРМ ООО",Зверобоя,трава,трава,ТРАВА,,ФИТОФАРМ ООО,ФИТОФАРМ,,unknown,50 г,,50Г,50 г,partial,,ЗВЕРОБОЯ ТРАВА ФИТОФАРМ,,,not_applicable,,false,false,,,,"{""m5_0_identity"": """", ""m5_0_manufacturer"": """", ""m5_0_notes"": """", ""m5_0_query"": """", ""m5_1_resolution_reason"": ""M5.0 labels blank; row was not in the reviewed 50-sample (blank is not treated as yes)."", ""m5_1_resolution_status"": ""not_applicable""}",,,,,not_applicable,M5.0 labels blank; row was not in the reviewed 50-sample (blank is not treated as yes).,false,false,false,false,false,false,false,true,false,false,false,,,,,
19370,ДЮСПАТАЛИН ТАБЛ. П/О 135МГ №15 ВЕРОФАРМ | ВЕРОФАРМ АО | ВЕРОФАРМ АО,Мебеверин,,none,unresolved_catalog,,,,new_enrichment,TRUE,ok,0,Мебеверин,rx,взрослые,Мебеверин,enrichment,FALSE,https://www.rlsnet.ru/drugs/dyuspatalin-11389 | https://www.vidal.ru/drugs/duspatalin__1486 | https://aptekamos.ru/tovary/lekarstva/mebeverin-6238/dyuspatalin-kapsuly-200mg-22631/instrukciya | https://www.rlsnet.ru/drugs/dyuspatalin-11389 | https://www.vidal.ru/drugs/duspatalin__1486 | https://megapteka.ru/specials/guide_dyuspatalin-instrukciya-po-5640 | https://www.webapteka.ru/drugbase/name13218.html | https://www.vidal.ru/drugs/duspatalin__1486 | https://www.rlsnet.ru/drugs/dyuspatalin-11389 | https://health.mail.ru/drug/dyuspatalin/ | https://yandex.ru/medicine/medicaments/djuspatalin | https://medi.ru/instrukciya/dyuspatalin_19704/,"status=ok | Category=Drug | mnn=мебеверин | RX_OTC=RX | Age=Взрослый | Дюспаталин является лекарственным средством (препаратом), действующее вещество — мебеверин (в виде гидрохлорида). Согласно инструкции, препарат показан взрослым от 18 лет для симптоматического лечения боли, спазмов, дисфункции и дискомфорта в области кишечника, связанных с…",redesign/artifacts/mnn_identity_enrichment_pass_searxng_raw.jsonl,461,correct,incorrect,correct,,,препарат OTC,rx,взрослые,identity_enrichment,mnn_identity_enrichment,mnn_identity_enrichment_pass_results,high,"identity enrichment run 461: status=ok, Category=Drug, RX/OTC=rx, evidence present",identity_enrichment,mnn_identity_enrichment,mnn_identity_enrichment_pass_results,high,"identity enrichment run 461: status=ok, Category=Drug, Age=взрослые, evidence present",rx,взрослые,,,,,rx,взрослые,"[{""value"": ""rx"", ""method"": ""identity_enrichment"", ""stage"": ""mnn_identity_enrichment"", ""source"": ""mnn_identity_enrichment_pass_results"", ""confidence"": ""high""}, {""value"": ""rx"", ""method"": ""sem_baseline"", ""stage"": ""sem1"", ""source"": ""sem_wave500_mnn_v3_report"", ""confidence"": ""medium""}]","[{""value"": ""взрослые"", ""method"": ""identity_enrichment"", ""stage"": ""mnn_identity_enrichment"", ""source"": ""mnn_identity_enrichment_pass_results"", ""confidence"": ""high""}, {""value"": ""взрослые"", ""method"": ""sem_baseline"", ""stage"": ""sem1"", ""source"": ""sem_wave500_mnn_v3_report"", ""confidence"": ""medium""}]",,,FALSE,FALSE,FALSE,FALSE,low,"[""source_match""]",previous enrichment RX/OTC absent; catalog RX/OTC absent/unknown; previous enrichment Age absent; catalog Age absent/unknown,"ДЮСПАТАЛИН; таблетки, покрытые оболочкой; 135 мг; N15; производитель: ВЕРОФАРМ АО",Дюспаталин; таблетки; 135 мг; N15; ВЕРОФАРМ АО,Дюспаталин таблетки 135 мг N15,ВЕРОФАРМ АО,Дюспаталин,таблетки,"таблетки, покрытые оболочкой",ТАБЛ.,135 мг,N15,,ВЕРОФАРМ АО,ВЕРОФАРМ,manufacturer_deduped,,2,0,3,5,,false,false,false,false,false,false,norm_v4_experiment_m5_0,norm_v4_1_offline_pack_and_retrieval_remediation,"Дюспаталин; таблетки, покрытые оболочкой; 135 мг; N15; производитель: ВЕРОФАРМ АО",Дюспаталин; таблетки; 135 мг; N15; ВЕРОФАРМ АО,Дюспаталин таблетки 135 мг N15,ВЕРОФАРМ АО,"Дюспаталин таблетки 135 мг N15, ВЕРОФАРМ АО",Дюспаталин,таблетки,"таблетки, покрытые оболочкой",ТАБЛ.,135 мг,ВЕРОФАРМ АО,ВЕРОФАРМ,,unknown,,N15,№15,N15,parsed,,ДЮСПАТАЛИН ТАБЛ. П/О 135МГ ВЕРОФАРМ,,,not_applicable,,false,false,,,,"{""m5_0_identity"": """", ""m5_0_manufacturer"": """", ""m5_0_notes"": """", ""m5_0_query"": """", ""m5_1_resolution_reason"": ""M5.0 labels blank; row was not in the reviewed 50-sample (blank is not treated as yes)."", ""m5_1_resolution_status"": ""not_applicable""}",,,,,not_applicable,M5.0 labels blank; row was not in the reviewed 50-sample (blank is not treated as yes).,false,false,false,false,false,false,false,true,false,false,false,,,,,
20122,ДИОСМИН ТАБЛ. П/ПЛЕН/ОБ. 600МГ №60 ОЗОН | ОЗОН ООО | ОЗОН ООО,Диосмин,Диосмин,high,resolved_input_explicit,,,,skip_strong_input_mnn,FALSE,,0,,,,Диосмин,input_explicit_mnn,FALSE,,pass_action=skip_strong_input_mnn; strong_input_explicit_accepted,redesign/artifacts/mnn_identity_enrichment_pass_searxng_raw.jsonl,461,correct,correct,incorrect,,,возрастной сегмент - универсальный,otc,взрослые,sem_baseline,sem1,sem_wave500_mnn_v3_report,medium,Sem v3 canonical attr contains RX/OTC=otc,sem_baseline,sem1,sem_wave500_mnn_v3_report,medium,Sem v3 canonical attr contains Age=взрослые,otc,взрослые,,,,,,,"[{""value"": ""otc"", ""method"": ""sem_baseline"", ""stage"": ""sem1"", ""source"": ""sem_wave500_mnn_v3_report"", ""confidence"": ""medium""}]","[{""value"": ""взрослые"", ""method"": ""sem_baseline"", ""stage"": ""sem1"", ""source"": ""sem_wave500_mnn_v3_report"", ""confidence"": ""medium""}]",,,FALSE,FALSE,FALSE,FALSE,low,"[""mnn""]",previous enrichment RX/OTC absent; catalog RX/OTC absent/unknown; previous enrichment Age absent; catalog Age absent/unknown,"ДИОСМИН; таблетки, покрытые пленочной оболочкой; 600 мг; N60; производитель: ОЗОН ООО",Диосмин; таблетки; 600 мг; N60; ОЗОН ООО,Диосмин таблетки 600 мг N60,ОЗОН ООО,Диосмин,таблетки,"таблетки, покрытые пленочной оболочкой",ТАБЛ.,600 мг,N60,,ОЗОН ООО,ОЗОН,manufacturer_deduped,,2,0,3,5,,false,false,false,false,false,false,norm_v4_experiment_m5_0,norm_v4_1_offline_pack_and_retrieval_remediation,"Диосмин; таблетки, покрытые пленочной оболочкой; 600 мг; N60; производитель: ОЗОН ООО",Диосмин; таблетки; 600 мг; N60; ОЗОН ООО,Диосмин таблетки 600 мг N60,ОЗОН ООО,"Диосмин таблетки 600 мг N60, ОЗОН ООО",Диосмин,таблетки,"таблетки, покрытые пленочной оболочкой",ТАБЛ.,600 мг,ОЗОН ООО,ОЗОН,,unknown,,N60,№60,N60,parsed,,ДИОСМИН ТАБЛ. П/ПЛЕН/ОБ. 600МГ ОЗОН,,,not_applicable,,false,false,,,,"{""m5_0_identity"": """", ""m5_0_manufacturer"": """", ""m5_0_notes"": """", ""m5_0_query"": """", ""m5_1_resolution_reason"": ""M5.0 labels blank; row was not in the reviewed 50-sample (blank is not treated as yes)."", ""m5_1_resolution_status"": ""not_applicable""}",,,,,not_applicable,M5.0 labels blank; row was not in the reviewed 50-sample (blank is not treated as yes).,false,false,false,false,false,false,false,true,false,false,false,,,,,
20614,"ДЕКСАМЕТАЗОН-КРКА ТАБЛ. 4МГ №20 | КРКА Д.Д., НОВО МЕСТО АО/КРКА-РУС ООО | КРКА Д.Д., НОВО МЕСТО АО/КРКА-РУС ООО",Дексаметазон,Дексаметазон,high,resolved_input_explicit,,,,skip_strong_input_mnn,FALSE,,0,,,,Дексаметазон,input_explicit_mnn,FALSE,,pass_action=skip_strong_input_mnn; strong_input_explicit_accepted,redesign/artifacts/mnn_identity_enrichment_pass_searxng_raw.jsonl,461,correct,correct,incorrect,,,возрастной сегмент - универсальный,rx,unknown,sem_baseline,sem1,sem_wave500_mnn_v3_report,medium,Sem v3 canonical attr contains RX/OTC=rx,not_resolved,none,none,unknown,no accepted pipeline source contains Age; display value unknown,rx,,,,,,,,"[{""value"": ""rx"", ""method"": ""sem_baseline"", ""stage"": ""sem1"", ""source"": ""sem_wave500_mnn_v3_report"", ""confidence"": ""medium""}]",[],,,FALSE,FALSE,TRUE,TRUE,high,"[""age""]",previous enrichment RX/OTC absent; catalog RX/OTC absent/unknown; previous enrichment Age absent; Sem Age absent; catalog Age absent/unknown,"ДЕКСАМЕТАЗОН-КРКА; таблетки; 4 мг; N20; производитель: КРКА Д.Д., НОВО МЕСТО АО/КРКА-РУС ООО","Дексаметазон-Крка; таблетки; 4 мг; N20; КРКА Д.Д., НОВО МЕСТО АО/КРКА-РУС ООО",Дексаметазон-Крка таблетки 4 мг N20,"КРКА Д.Д., НОВО МЕСТО АО/КРКА-РУС ООО",Дексаметазон-Крка,таблетки,таблетки,ТАБЛ.,4 мг,N20,,"КРКА Д.Д., НОВО МЕСТО АО/КРКА-РУС ООО",КРКА,manufacturer_deduped|manufacturer_multi_entity,slash-separated manufacturer/MAH entities retained as one string,1,0,3,5,,false,false,false,false,false,false,norm_v4_experiment_m5_0,norm_v4_1_offline_pack_and_retrieval_remediation,"Дексаметазон-Крка; таблетки; 4 мг; N20; производитель: КРКА Д.Д., НОВО МЕСТО АО/КРКА-РУС ООО","Дексаметазон-Крка; таблетки; 4 мг; N20; КРКА Д.Д., НОВО МЕСТО АО/КРКА-РУС ООО",Дексаметазон-Крка таблетки 4 мг N20,"КРКА Д.Д., НОВО МЕСТО АО/КРКА-РУС ООО","Дексаметазон-Крка таблетки 4 мг N20, КРКА Д.Д., НОВО МЕСТО АО/КРКА-РУС ООО",Дексаметазон-Крка,таблетки,таблетки,ТАБЛ.,4 мг,"КРКА Д.Д., НОВО МЕСТО АО/КРКА-РУС ООО",КРКА,,unknown,,N20,№20,N20,parsed,,ДЕКСАМЕТАЗОН-КРКА ТАБЛ. 4МГ,,,not_applicable,,false,false,,manufacturer_multi_entity_retained,,"{""m5_0_identity"": ""yes"", ""m5_0_manufacturer"": ""yes"", ""m5_0_notes"": """", ""m5_0_query"": ""yes"", ""m5_1_resolution_reason"": ""M5.0 identity and query were accepted (yes); no labeled defect to remediate."", ""m5_1_resolution_status"": ""not_applicable""}",yes,yes,yes,,not_applicable,M5.0 identity and query were accepted (yes); no labeled defect to remediate.,false,false,false,false,false,false,false,true,false,false,false,,yes,yes,yes,
20628,ДЕКСА-ГЕНТАМИЦИН КАПЛИ ГЛАЗН. ФЛ-КАП. 5МЛ | УРСАФАРМ АРЦНАЙМИТТЕЛЬ ГМБХ | УРСАФАРМ АРЦНАЙМИТТЕЛЬ ГМБХ,Дексаметазон + Гентамицин,,none,unresolved_catalog,,,,new_enrichment,TRUE,ok,0,"Дексаметазон, Гентамицин",rx,взрослые,"Дексаметазон, Гентамицин",enrichment,FALSE,https://www.rlsnet.ru/drugs/deksa-gentamicin-7386 | https://www.lsgeotar.ru/drugs/dexa-gentamicin-AEMB | https://health.mail.ru/drug/dexa_gentamicin/ | https://megapteka.ru/specials/guide_deksa-gentamicin-instrukciya-po-2906 | https://allmed.pro/ru/drugs/deksa-gentamicin | https://www.rlsnet.ru/drugs/deksa-gentamicin-7386 | https://yandex.ru/medicine/medicaments/deksa-gentamitsin | https://www.vidal.ru/drugs/dexa-gentamicin__1842 | https://megapteka.ru/specials/guide_deksa-gentamicin-instrukciya-po-2906 | https://drugs.medelement.com/drug/%D0%B4%D0%B5%D0%BA%D1%81%D0%B0-%D0%B3%D0%B5%D0%BD%D1%82%D0%B0%D0%BC%D0%B8%D1%86%D0%B8%D0%BD-%D0%B8%D0%BD%D1%81%D1%82%D1%80%D1%83%D0%BA%D1%86%D0%B8%D1%8F/162840091477650959?instruction_lang=RU | https://medi.ru/instrukciya/deksa-gentamitsin_19297/ | https://medi.ru/instrukciya/deksa-gentamitsin_19297/,"status=ok | Category=Drug | mnn=дексаметазон, гентамицин | RX_OTC=RX | Age=Взрослый | Декса-Гентамицин — комбинированное лекарственное средство для местного применения в офтальмологии, содержащее дексаметазон (глюкокортикостероид) и гентамицин (антибиотик из группы аминогликозидов). Препарат оказывает противовоспалительное, противоаллергическое и…",redesign/artifacts/mnn_identity_enrichment_pass_searxng_raw.jsonl,461,correct,correct,correct,,,,rx,взрослые,identity_enrichment,mnn_identity_enrichment,mnn_identity_enrichment_pass_results,high,"identity enrichment run 461: status=ok, Category=Drug, RX/OTC=rx, evidence present",identity_enrichment,mnn_identity_enrichment,mnn_identity_enrichment_pass_results,high,"identity enrichment run 461: status=ok, Category=Drug, Age=взрослые, evidence present",rx,,,,,,rx,взрослые,"[{""value"": ""rx"", ""method"": ""identity_enrichment"", ""stage"": ""mnn_identity_enrichment"", ""source"": ""mnn_identity_enrichment_pass_results"", ""confidence"": ""high""}, {""value"": ""rx"", ""method"": ""sem_baseline"", ""stage"": ""sem1"", ""source"": ""sem_wave500_mnn_v3_report"", ""confidence"": ""medium""}]","[{""value"": ""взрослые"", ""method"": ""identity_enrichment"", ""stage"": ""mnn_identity_enrichment"", ""source"": ""mnn_identity_enrichment_pass_results"", ""confidence"": ""high""}]",,,FALSE,FALSE,FALSE,FALSE,low,"[""source_match""]",previous enrichment RX/OTC absent; catalog RX/OTC absent/unknown; previous enrichment Age absent; Sem Age absent; catalog Age absent/unknown,"ДЕКСА-ГЕНТАМИЦИН; капли, глазные; 5 мл; производитель: УРСАФАРМ АРЦНАЙМИТТЕЛЬ ГМБХ",Декса-Гентамицин; капли; [missing_strength]; 5 мл; УРСАФАРМ АРЦНАЙМИТТЕЛЬ ГМБХ,Декса-Гентамицин капли 5 мл,УРСАФАРМ АРЦНАЙМИТТЕЛЬ ГМБХ,Декса-Гентамицин,капли,"капли, глазные",КАПЛИ,,5 мл,,УРСАФАРМ АРЦНАЙМИТТЕЛЬ ГМБХ,УРСАФАРМ,missing_strength|manufacturer_deduped,no strength token extracted,1,0,3,4,,false,false,false,false,false,false,norm_v4_experiment_m5_0,norm_v4_1_offline_pack_and_retrieval_remediation,"Декса-Гентамицин; капли, глазные; флакон-капельница 5 мл, N1; производитель: УРСАФАРМ АРЦНАЙМИТТЕЛЬ ГМБХ","Декса-Гентамицин; капли; флакон-капельница 5 мл, N1; УРСАФАРМ АРЦНАЙМИТТЕЛЬ ГМБХ",Декса-Гентамицин капли флакон-капельница 5 мл N1,УРСАФАРМ АРЦНАЙМИТТЕЛЬ ГМБХ,"Декса-Гентамицин капли флакон-капельница 5 мл N1, УРСАФАРМ АРЦНАЙМИТТЕЛЬ ГМБХ",Декса-Гентамицин,капли,"капли, глазные",КАПЛИ,,УРСАФАРМ АРЦНАЙМИТТЕЛЬ ГМБХ,УРСАФАРМ,ФЛ-КАП.,флакон-капельница,5 мл,N1,ФЛ-КАП. 5МЛ,"флакон-капельница 5 мл, N1",parsed,implicit_single_unit_count,ДЕКСА-ГЕНТАМИЦИН КАПЛИ ГЛАЗН,,,not_applicable,,false,false,,implicit_single_unit_count|query_gained_container|query_gained_pack_count,implicit_single_unit_count,"{""m5_0_identity"": """", ""m5_0_manufacturer"": """", ""m5_0_notes"": """", ""m5_0_query"": """", ""m5_1_resolution_reason"": ""M5.0 labels blank; row was not in the reviewed 50-sample (blank is not treated as yes)."", ""m5_1_resolution_status"": ""not_applicable""}",,,,,not_applicable,M5.0 labels blank; row was not in the reviewed 50-sample (blank is not treated as yes).,false,false,false,false,false,false,false,true,true,false,true,,,,,
21010,ГЛИЦИН ФОРТЕ ТАБЛ. ЗАЩЕЧН. И П/ЯЗЫЧН. 250МГ №20 ОЗОН | ОЗОН ООО | ОЗОН ООО,Глицин,Глицин,high,resolved_input_explicit,,,,skip_strong_input_mnn,FALSE,,0,,,,Глицин,input_explicit_mnn,FALSE,,pass_action=skip_strong_input_mnn; strong_input_explicit_accepted,redesign/artifacts/mnn_identity_enrichment_pass_searxng_raw.jsonl,461,correct,correct,incorrect,,,возрастной сегмент - универсальный,otc,unknown,sem_baseline,sem1,sem_wave500_mnn_v3_report,medium,Sem v3 canonical attr contains RX/OTC=otc,not_resolved,none,none,unknown,no accepted pipeline source contains Age; display value unknown,otc,,,,,,,,"[{""value"": ""otc"", ""method"": ""sem_baseline"", ""stage"": ""sem1"", ""source"": ""sem_wave500_mnn_v3_report"", ""confidence"": ""medium""}]",[],,,FALSE,FALSE,TRUE,TRUE,high,"[""age""]",previous enrichment RX/OTC absent; catalog RX/OTC absent/unknown; previous enrichment Age absent; Sem Age absent; catalog Age absent/unknown,"ГЛИЦИН ФОРТЕ; таблетки, защечные / подъязычные; 250 мг; N20; производитель: ОЗОН ООО",Глицин Форте; таблетки; 250 мг; N20; ОЗОН ООО,Глицин Форте таблетки 250 мг N20,ОЗОН ООО,Глицин Форте,таблетки,"таблетки, защечные / подъязычные",ТАБЛ.,250 мг,N20,,ОЗОН ООО,ОЗОН,manufacturer_deduped,,2,0,3,5,,false,false,false,false,false,false,norm_v4_experiment_m5_0,norm_v4_1_offline_pack_and_retrieval_remediation,"Глицин Форте; таблетки, защечные / подъязычные; 250 мг; N20; производитель: ОЗОН ООО",Глицин Форте; таблетки; 250 мг; N20; ОЗОН ООО,Глицин Форте таблетки 250 мг N20,ОЗОН ООО,"Глицин Форте таблетки 250 мг N20, ОЗОН ООО",Глицин Форте,таблетки,"таблетки, защечные / подъязычные",ТАБЛ.,250 мг,ОЗОН ООО,ОЗОН,,unknown,,N20,№20,N20,parsed,,ГЛИЦИН ФОРТЕ ТАБЛ. ЗАЩЕЧН. И П/ЯЗЫЧН. 250МГ ОЗОН,,,not_applicable,,false,false,,,,"{""m5_0_identity"": """", ""m5_0_manufacturer"": """", ""m5_0_notes"": """", ""m5_0_query"": """", ""m5_1_resolution_reason"": ""M5.0 labels blank; row was not in the reviewed 50-sample (blank is not treated as yes)."", ""m5_1_resolution_status"": ""not_applicable""}",,,,,not_applicable,M5.0 labels blank; row was not in the reviewed 50-sample (blank is not treated as yes).,false,false,false,false,false,false,false,true,false,false,false,,,,,
21019,ГЛИЦИН ТАБЛ. П/ЯЗЫЧН. 100МГ №50 ОЗОН | ОЗОН ООО | ОЗОН ООО,Глицин,Глицин,high,resolved_enrichment,,Глицин,ok,reuse_existing_enrichment,FALSE,,0,,,,Глицин,input_plus_enrichment,FALSE,,pass_action=reuse_existing_enrichment; identity_gate_already_used_enrichment,redesign/artifacts/mnn_identity_enrichment_pass_searxng_raw.jsonl,461,correct,correct,correct,,,,otc,универсальный,previous_enrichment,previous_mnn_enrichment,mnn_catalog_resolution_wave500_v3,high,"reused prior enrichment: status=ok, validated RX/OTC=otc",previous_enrichment,previous_mnn_enrichment,mnn_catalog_resolution_wave500_v3,high,"reused prior enrichment: status=ok, validated Age=универсальный",otc,универсальный,,,otc,универсальный,,,"[{""value"": ""otc"", ""method"": ""previous_enrichment"", ""stage"": ""previous_mnn_enrichment"", ""source"": ""mnn_catalog_resolution_wave500_v3"", ""confidence"": ""high""}, {""value"": ""otc"", ""method"": ""sem_baseline"", ""stage"": ""sem1"", ""source"": ""sem_wave500_mnn_v3_report"", ""confidence"": ""medium""}]","[{""value"": ""универсальный"", ""method"": ""previous_enrichment"", ""stage"": ""previous_mnn_enrichment"", ""source"": ""mnn_catalog_resolution_wave500_v3"", ""confidence"": ""high""}, {""value"": ""универсальный"", ""method"": ""sem_baseline"", ""stage"": ""sem1"", ""source"": ""sem_wave500_mnn_v3_report"", ""confidence"": ""medium""}]",,,FALSE,FALSE,FALSE,FALSE,low,"[""mnn""]",catalog RX/OTC absent/unknown; catalog Age absent/unknown,"ГЛИЦИН; таблетки, защечные / подъязычные; 100 мг; N50; производитель: ОЗОН ООО",Глицин; таблетки; 100 мг; N50; ОЗОН ООО,Глицин таблетки 100 мг N50,ОЗОН ООО,Глицин,таблетки,"таблетки, защечные / подъязычные",ТАБЛ.,100 мг,N50,,ОЗОН ООО,ОЗОН,manufacturer_deduped,,2,0,3,5,,false,false,false,false,false,false,norm_v4_experiment_m5_0,norm_v4_1_offline_pack_and_retrieval_remediation,"Глицин; таблетки, защечные / подъязычные; 100 мг; N50; производитель: ОЗОН ООО",Глицин; таблетки; 100 мг; N50; ОЗОН ООО,Глицин таблетки 100 мг N50,ОЗОН ООО,"Глицин таблетки 100 мг N50, ОЗОН ООО",Глицин,таблетки,"таблетки, защечные / подъязычные",ТАБЛ.,100 мг,ОЗОН ООО,ОЗОН,,unknown,,N50,№50,N50,parsed,,ГЛИЦИН ТАБЛ. П/ЯЗЫЧН. 100МГ ОЗОН,,,not_applicable,,false,false,,,,"{""m5_0_identity"": """", ""m5_0_manufacturer"": """", ""m5_0_notes"": """", ""m5_0_query"": """", ""m5_1_resolution_reason"": ""M5.0 labels blank; row was not in the reviewed 50-sample (blank is not treated as yes)."", ""m5_1_resolution_status"": ""not_applicable""}",,,,,not_applicable,M5.0 labels blank; row was not in the reviewed 50-sample (blank is not treated as yes).,false,false,false,false,false,false,false,true,false,false,false,,,,,
21137,ГЛИБЕНКЛАМИД ТАБЛ. 5МГ №120 ОЗОН ФАРМ | ОЗОН ФАРМ ООО | ОЗОН ФАРМ ООО,Глибенкламид,,none,resolved_enrichment,,Глибенкламид,ok,reuse_existing_enrichment,FALSE,,0,,,,Глибенкламид,enrichment,FALSE,,pass_action=reuse_existing_enrichment; identity_gate_already_used_enrichment,redesign/artifacts/mnn_identity_enrichment_pass_searxng_raw.jsonl,461,correct,correct,correct,,,,rx,универсальный,previous_enrichment,previous_mnn_enrichment,mnn_catalog_resolution_wave500_v3,high,"reused prior enrichment: status=ok, validated RX/OTC=rx",previous_enrichment,previous_mnn_enrichment,mnn_catalog_resolution_wave500_v3,high,"reused prior enrichment: status=ok, validated Age=универсальный; weaker sources differ: sem_baseline=взрослые",rx,взрослые,,,rx,универсальный,,,"[{""value"": ""rx"", ""method"": ""previous_enrichment"", ""stage"": ""previous_mnn_enrichment"", ""source"": ""mnn_catalog_resolution_wave500_v3"", ""confidence"": ""high""}, {""value"": ""rx"", ""method"": ""sem_baseline"", ""stage"": ""sem1"", ""source"": ""sem_wave500_mnn_v3_report"", ""confidence"": ""medium""}]","[{""value"": ""универсальный"", ""method"": ""previous_enrichment"", ""stage"": ""previous_mnn_enrichment"", ""source"": ""mnn_catalog_resolution_wave500_v3"", ""confidence"": ""high""}, {""value"": ""взрослые"", ""method"": ""sem_baseline"", ""stage"": ""sem1"", ""source"": ""sem_wave500_mnn_v3_report"", ""confidence"": ""medium""}]",,,FALSE,FALSE,FALSE,FALSE,low,"[""mnn""]",catalog RX/OTC absent/unknown; catalog Age absent/unknown,ГЛИБЕНКЛАМИД; таблетки; 5 мг; N120; производитель: ОЗОН ФАРМ ООО,Глибенкламид; таблетки; 5 мг; N120; ОЗОН ФАРМ ООО,Глибенкламид таблетки 5 мг N120,ОЗОН ФАРМ ООО,Глибенкламид,таблетки,таблетки,ТАБЛ.,5 мг,N120,,ОЗОН ФАРМ ООО,ОЗОН,manufacturer_deduped,,2,0,3,5,,false,false,false,false,false,false,norm_v4_experiment_m5_0,norm_v4_1_offline_pack_and_retrieval_remediation,Глибенкламид; таблетки; 5 мг; N120; производитель: ОЗОН ФАРМ ООО,Глибенкламид; таблетки; 5 мг; N120; ОЗОН ФАРМ ООО,Глибенкламид таблетки 5 мг N120,ОЗОН ФАРМ ООО,"Глибенкламид таблетки 5 мг N120, ОЗОН ФАРМ ООО",Глибенкламид,таблетки,таблетки,ТАБЛ.,5 мг,ОЗОН ФАРМ ООО,ОЗОН,,unknown,,N120,№120,N120,parsed,,ГЛИБЕНКЛАМИД ТАБЛ. 5МГ ОЗОН ФАРМ,,,not_applicable,,false,false,,,,"{""m5_0_identity"": """", ""m5_0_manufacturer"": """", ""m5_0_notes"": """", ""m5_0_query"": """", ""m5_1_resolution_reason"": ""M5.0 labels blank; row was not in the reviewed 50-sample (blank is not treated as yes)."", ""m5_1_resolution_status"": ""not_applicable""}",,,,,not_applicable,M5.0 labels blank; row was not in the reviewed 50-sample (blank is not treated as yes).,false,false,false,false,false,false,false,true,false,false,false,,,,,
21387,ГЕПАВИЗИМ ФОСФОЛИПИДЫ+L-ОРИНИТИН+КУРКУМИН КАПС. ПО 495МГ №30 | ВТФ ООО | ВТФ ООО,,,none,unresolved_catalog,,,ok,new_enrichment,TRUE,ok,0,,unknown,универсальный,,unresolved_final,TRUE,https://aptekamos.ru/tovary/bad/gepavizim-16183/gepavizim-fosfolipidy-l-ornitin-kurkumin-kapsuly-massoyo-495mg-105791/instrukciya | https://www.lsgeotar.ru/supplements/AD0V | https://www.lsgeotar.ru/supplements/AD0V | https://aptekamos.ru/tovary/bad/gepavizim-16183/gepavizim-fosfolipidy-l-ornitin-kurkumin-kapsuly-massoyo-495mg-105791/instrukciya | https://medum.ru/gepavizim-fosfolipidy-l-ornitin-kurkumin-kapsuly | https://www.lsgeotar.ru/gepavizim-fosfolipidi-ornitin-kurkumin-27351.html | https://aptekamos.ru/tovary/bad/gepavizim-16183/gepavizim-fosfolipidy-l-ornitin-kurkumin-kapsuly-massoyo-495mg-105791/instrukciya | https://www.lsgeotar.ru/supplements/AD0V | https://tabletka.efim360.ru/bad/gepavizim-fosfolipidy'-'plus'-l_'def'ornitin-'plus'-kurkumin | https://www.rigla.ru/product/gepavizim-fosfolipidyl-orinitinkurkumin-kaps-495mg-no30-448657 | https://medum.ru/gepavizim-fosfolipidy-l-ornitin-kurkumin-kapsuly | https://www.budzdorov.ru/product/gepavizim-fosfolipidyl-orinitinkurkumin-kaps-495mg-no30-448657,"status=ok | Category=BAS | RX_OTC=not applicable | Age=Универсальный | Гепавизим Фосфолипиды+L-орнитин+Куркумин является биологически активной добавкой к пище (БАД), источником L-орнитина, куркумина и глицирризиновой кислоты (источники: aptekamos.ru, lsgeotar.ru). Информация о МНН отсутствует, так как это БАД. Отпускается без рецепта, так как не…",redesign/artifacts/mnn_identity_enrichment_pass_searxng_raw.jsonl,461,should_be_empty,,,,,BAS,not_applicable,not_applicable,not_applicable,mnn_identity_enrichment,mnn_identity_enrichment_pass_searxng_raw,high,identity enrichment run 461: Category=BAS/Other; RX/OTC not applicable,not_applicable,mnn_identity_enrichment,mnn_identity_enrichment_pass_searxng_raw,high,identity enrichment run 461: Category=BAS/Other; Age not applicable,,взрослые,,,,универсальный,,универсальный,[],"[{""value"": ""универсальный"", ""method"": ""identity_enrichment"", ""stage"": ""mnn_identity_enrichment"", ""source"": ""mnn_identity_enrichment_pass_results"", ""confidence"": ""high""}, {""value"": ""универсальный"", ""method"": ""previous_enrichment"", ""stage"": ""previous_mnn_enrichment"", ""source"": ""mnn_catalog_resolution_wave500_v3"", ""confidence"": ""high""}, {""value"": ""взрослые"", ""method"": ""sem_baseline"", ""stage"": ""sem1"", ""source"": ""sem_wave500_mnn_v3_report"", ""confidence"": ""medium""}]",,,TRUE,FALSE,FALSE,TRUE,high,"[""mnn"", ""non_drug_status"", ""source_match""]",,ГЕПАВИЗИМ ФОСФОЛИПИДЫ+L-ОРИНИТИН+КУРКУМИН; капсулы; 495 мг; N30; производитель: ВТФ ООО,Гепавизим Фосфолипиды+L-ОРИНИТИН+Куркумин; капсулы; 495 мг; N30; ВТФ ООО,Гепавизим Фосфолипиды+L-ОРИНИТИН+Куркумин капсулы 495 мг N30,ВТФ ООО,Гепавизим Фосфолипиды+L-ОРИНИТИН+Куркумин,капсулы,капсулы,КАПС.,495 мг,N30,,ВТФ ООО,ВТФ,manufacturer_deduped,,1,0,3,5,,false,false,false,false,false,false,norm_v4_experiment_m5_0,norm_v4_1_offline_pack_and_retrieval_remediation,Гепавизим Фосфолипиды+L-ОРИНИТИН+Куркумин; капсулы; 495 мг; N30; производитель: ВТФ ООО,Гепавизим Фосфолипиды+L-ОРИНИТИН+Куркумин; капсулы; 495 мг; N30; ВТФ ООО,Гепавизим Фосфолипиды+L-ОРИНИТИН+Куркумин капсулы 495 мг N30,ВТФ ООО,"Гепавизим Фосфолипиды+L-ОРИНИТИН+Куркумин капсулы 495 мг N30, ВТФ ООО",Гепавизим Фосфолипиды+L-ОРИНИТИН+Куркумин,капсулы,капсулы,КАПС.,495 мг,ВТФ ООО,ВТФ,,unknown,,N30,№30,N30,parsed,,ГЕПАВИЗИМ ФОСФОЛИПИДЫ+L-ОРИНИТИН+КУРКУМИН КАПС. ПО 495МГ,,,not_applicable,,false,false,,,,"{""m5_0_identity"": """", ""m5_0_manufacturer"": """", ""m5_0_notes"": """", ""m5_0_query"": """", ""m5_1_resolution_reason"": ""M5.0 labels blank; row was not in the reviewed 50-sample (blank is not treated as yes)."", ""m5_1_resolution_status"": ""not_applicable""}",,,,,not_applicable,M5.0 labels blank; row was not in the reviewed 50-sample (blank is not treated as yes).,false,false,false,false,false,false,false,true,false,false,false,,,,,
22468,"ВИДОРА МИКРО ТАБЛ. П/ПЛЕН/ОБ. 3МГ+0,02МГ №21+7 | ЛАБОРАТОРИОС ЛЕОН ФАРМА С.А. | ЛАБОРАТОРИОС ЛЕОН ФАРМА С.А.",Дроспиренон + Этинилэстрадиол,,none,unresolved_catalog,,,,new_enrichment,TRUE,ok,0,"Дроспиренон, Этинилэстрадиол",rx,взрослые,"Дроспиренон, Этинилэстрадиол",enrichment,FALSE,https://www.vidal.ru/drugs/vidora_micro__44246 | https://www.lsgeotar.ru/drugs/vidora-micro-AE-x | https://www.rlsnet.ru/drugs/vidora-mikro-66556 | https://www.vidal.ru/drugs/vidora_micro__44246 | https://www.rlsnet.ru/drugs/vidora-mikro-66556 | https://www.webapteka.ru/drugbase/name50522.html | https://medi.ru/instrukciya/vidora-micro_14737/ | https://www.pharmcontrol.ru/registry/drugs/14165/ | https://grls.pharm-portal.ru/grls/a1e01aed-0194-42e5-b6bb-7f8851ffbd9f | https://zdravmedinform.ru/grls/reg-lp-015153-rg-ru.html | https://grls.pharm-portal.ru/grls/041d8195-faca-4aaa-9b83-9109890de50d | https://zdravmedinform.ru/grls/reg-lp-002881.html,"status=ok | Category=Drug | mnn=Дроспиренон, Этинилэстрадиол | RX_OTC=RX | Age=Взрослый | Препарат Видора микро является лекарственным средством, зарегистрированным в ГРЛС (например, ЛП-002881 и ЛП-№ (015153)-(РГ-RU)). Согласно данным из ГРЛС, его МНН — дроспиренон + этинилэстрадиол (источник: https://grls.pharm-portal.ru/grls/a1e01aed-0194-42e5-b6bb-7f8851ffbd9f).…",redesign/artifacts/mnn_identity_enrichment_pass_searxng_raw.jsonl,461,correct,correct,correct,,,,rx,взрослые,identity_enrichment,mnn_identity_enrichment,mnn_identity_enrichment_pass_results,high,"identity enrichment run 461: status=ok, Category=Drug, RX/OTC=rx, evidence present",identity_enrichment,mnn_identity_enrichment,mnn_identity_enrichment_pass_results,high,"identity enrichment run 461: status=ok, Category=Drug, Age=взрослые, evidence present",rx,взрослые,,,,,rx,взрослые,"[{""value"": ""rx"", ""method"": ""identity_enrichment"", ""stage"": ""mnn_identity_enrichment"", ""source"": ""mnn_identity_enrichment_pass_results"", ""confidence"": ""high""}, {""value"": ""rx"", ""method"": ""sem_baseline"", ""stage"": ""sem1"", ""source"": ""sem_wave500_mnn_v3_report"", ""confidence"": ""medium""}]","[{""value"": ""взрослые"", ""method"": ""identity_enrichment"", ""stage"": ""mnn_identity_enrichment"", ""source"": ""mnn_identity_enrichment_pass_results"", ""confidence"": ""high""}, {""value"": ""взрослые"", ""method"": ""sem_baseline"", ""stage"": ""sem1"", ""source"": ""sem_wave500_mnn_v3_report"", ""confidence"": ""medium""}]",,,FALSE,FALSE,FALSE,FALSE,low,"[""source_match""]",previous enrichment RX/OTC absent; catalog RX/OTC absent/unknown; previous enrichment Age absent; catalog Age absent/unknown,"ВИДОРА МИКРО; таблетки, покрытые пленочной оболочкой; 3 мг + 0.02 мг; N21+7; производитель: ЛАБОРАТОРИОС ЛЕОН ФАРМА С.А.",Видора Микро; таблетки; 3 мг + 0.02 мг; N21+7; ЛАБОРАТОРИОС ЛЕОН ФАРМА С.А.,Видора Микро таблетки 3 мг + 0.02 мг N21+7,ЛАБОРАТОРИОС ЛЕОН ФАРМА С.А.,Видора Микро,таблетки,"таблетки, покрытые пленочной оболочкой",ТАБЛ.,3 мг + 0.02 мг,N21+7,,ЛАБОРАТОРИОС ЛЕОН ФАРМА С.А.,ЛАБОРАТОРИОС,multi_component_strength|manufacturer_deduped,,1,0,3,5,,false,false,false,false,false,false,norm_v4_experiment_m5_0,norm_v4_1_offline_pack_and_retrieval_remediation,"Видора Микро; таблетки, покрытые пленочной оболочкой; 3 мг + 0.02 мг; N21+7; производитель: ЛАБОРАТОРИОС ЛЕОН ФАРМА С.А.",Видора Микро; таблетки; 3 мг + 0.02 мг; N21+7; ЛАБОРАТОРИОС ЛЕОН ФАРМА С.А.,Видора Микро таблетки 3 мг + 0.02 мг N21+7,ЛАБОРАТОРИОС ЛЕОН ФАРМА С.А.,"Видора Микро таблетки 3 мг + 0.02 мг N21+7, ЛАБОРАТОРИОС ЛЕОН ФАРМА С.А.",Видора Микро,таблетки,"таблетки, покрытые пленочной оболочкой",ТАБЛ.,3 мг + 0.02 мг,ЛАБОРАТОРИОС ЛЕОН ФАРМА С.А.,ЛАБОРАТОРИОС,,unknown,,N21+7,№21+7,N21+7,parsed,,"ВИДОРА МИКРО ТАБЛ. П/ПЛЕН/ОБ. 3МГ+0,02МГ",,,not_applicable,,false,false,,,,"{""m5_0_identity"": ""yes"", ""m5_0_manufacturer"": ""yes"", ""m5_0_notes"": """", ""m5_0_query"": ""yes"", ""m5_1_resolution_reason"": ""M5.0 identity and query were accepted (yes); no labeled defect to remediate."", ""m5_1_resolution_status"": ""not_applicable""}",yes,yes,yes,,not_applicable,M5.0 identity and query were accepted (yes); no labeled defect to remediate.,false,false,false,false,false,false,false,true,false,false,false,,yes,yes,yes,
22548,ВЕЧЕРНЕЕ ВАЛЕРИАНА+МЯТА+МЕЛИССА ДРАЖЕ №50 ПАРАФАРМ | ПАРАФАРМ ООО | ПАРАФАРМ ООО,,,none,unresolved_catalog,,,ok,new_enrichment,TRUE,ok,0,,unknown,взрослые,,unresolved_final,TRUE,https://www.rlsnet.ru/baa/vecernee-valerianaxmelmyata-45636 | https://bz.medvestnik.ru/drugs/4388.html | https://bz.medvestnik.ru/drugs/397567.html | https://www.rlsnet.ru/baa/vecernee-valerianaxmelmyata-45636 | https://bz.medvestnik.ru/drugs/4388.html | https://www.webapteka.ru/drugbase/name67186.html | https://pharmznanie.ru/drugs/vechernee-valeriana-xmel-myata-02-g-100-sht | https://www.webapteka.ru/drugbase/name67186.html | https://www.rlsnet.ru/baa/vecernee-valerianaxmelmyata-45636 | https://bz.medvestnik.ru/drugs/4388.html | https://www.webapteka.ru/drugbase/name55610.html | https://www.lsgeotar.ru/ru/vecherneye-valeriana-khmel-miata-47299.html,"status=ok | Category=BAS | RX_OTC=not applicable | Age=Взрослый | Согласно найденным источникам, препарат «Вечернее Валериана+Мята+Мелисса» является биологически активной добавкой (БАД), а не лекарственным средством. В инструкции на сайте webapteka.ru указано: «Взрослым по 4 драже 3 раза в день во время еды. Продолжительность приема 4 недели.…",redesign/artifacts/mnn_identity_enrichment_pass_searxng_raw.jsonl,461,should_be_empty,,,,,BAS,not_applicable,not_applicable,not_applicable,mnn_identity_enrichment,mnn_identity_enrichment_pass_searxng_raw,high,identity enrichment run 461: Category=BAS/Other; RX/OTC not applicable,not_applicable,mnn_identity_enrichment,mnn_identity_enrichment_pass_searxng_raw,high,identity enrichment run 461: Category=BAS/Other; Age not applicable,otc,взрослые,,,,взрослые,,взрослые,"[{""value"": ""otc"", ""method"": ""sem_baseline"", ""stage"": ""sem1"", ""source"": ""sem_wave500_mnn_v3_report"", ""confidence"": ""medium""}]","[{""value"": ""взрослые"", ""method"": ""identity_enrichment"", ""stage"": ""mnn_identity_enrichment"", ""source"": ""mnn_identity_enrichment_pass_results"", ""confidence"": ""high""}, {""value"": ""взрослые"", ""method"": ""previous_enrichment"", ""stage"": ""previous_mnn_enrichment"", ""source"": ""mnn_catalog_resolution_wave500_v3"", ""confidence"": ""high""}, {""value"": ""взрослые"", ""method"": ""sem_baseline"", ""stage"": ""sem1"", ""source"": ""sem_wave500_mnn_v3_report"", ""confidence"": ""medium""}]",,,TRUE,FALSE,FALSE,TRUE,high,"[""mnn"", ""non_drug_status"", ""source_match""]",,"ВЕЧЕРНЕЕ ВАЛЕРИАНА+МЯТА+МЕЛИССА; таблетки, драже; N50; производитель: ПАРАФАРМ ООО",Вечернее Валериана+Мята+Мелисса; таблетки; [missing_strength]; N50; ПАРАФАРМ ООО,Вечернее Валериана+Мята+Мелисса таблетки N50,ПАРАФАРМ ООО,Вечернее Валериана+Мята+Мелисса,таблетки,"таблетки, драже",ДРАЖЕ,,N50,,ПАРАФАРМ ООО,ПАРАФАРМ,parse_ambiguous|missing_strength|manufacturer_deduped,драже mapped to таблетки; raw preserved in display; no strength token extracted,2,0,3,4,ambiguous_parse,false,false,false,false,false,true,norm_v4_experiment_m5_0,norm_v4_1_offline_pack_and_retrieval_remediation,Вечернее Валериана+Мята+Мелисса; драже; N50; производитель: ПАРАФАРМ ООО,Вечернее Валериана+Мята+Мелисса; драже; N50; ПАРАФАРМ ООО,Вечернее Валериана+Мята+Мелисса драже N50,ПАРАФАРМ ООО,"Вечернее Валериана+Мята+Мелисса драже N50, ПАРАФАРМ ООО",Вечернее Валериана+Мята+Мелисса,драже,драже,ДРАЖЕ,,ПАРАФАРМ ООО,ПАРАФАРМ,,unknown,,N50,№50,N50,parsed,,ВЕЧЕРНЕЕ ВАЛЕРИАНА+МЯТА+МЕЛИССА ДРАЖЕ ПАРАФАРМ,,,not_applicable,,false,false,,form_vocab_dragee_kept,драже kept as canonical; not mapped to таблетки,"{""m5_0_identity"": """", ""m5_0_manufacturer"": """", ""m5_0_notes"": """", ""m5_0_query"": """", ""m5_1_resolution_reason"": ""M5.0 labels blank; row was not in the reviewed 50-sample (blank is not treated as yes)."", ""m5_1_resolution_status"": ""not_applicable""}",,,,,not_applicable,M5.0 labels blank; row was not in the reviewed 50-sample (blank is not treated as yes).,false,false,false,false,false,false,false,true,false,false,false,,,,,
23695,БИОРИТМ АНТИСТРЕСС 24 ДЕНЬ/НОЧЬ ТАБЛ. П/О №32 | ЭВАЛАР ЗАО | ЭВАЛАР ЗАО,,,none,unresolved_catalog,,,ok,new_enrichment,TRUE,ok,0,,unknown,взрослые,,unresolved_final,TRUE,https://www.vidal.ru/drugs/biorythm_antistress_24_den_noch__40027 | https://www.rlsnet.ru/baa/bioritm-antistress-24-dennoc-36986 | https://www.webapteka.ru/drugbase/name55697.html | https://pharmznanie.ru/drugs/bioritm-antistress-tabletki-24-dennoch-32-sht | https://pharmznanie.ru/drugs/bioritm-antistress-tabletki-24-dennoch-32-sht | https://www.webapteka.ru/drugbase/name55697.html | https://www.vidal.ru/drugs/biorythm_antistress_24_den_noch__40027 | https://kiberis.ru/?p=35809 | https://www.rlsnet.ru/baa/bioritm-antistress-24-dennoc-36986 | https://www.vidal.ru/drugs/biorythm_antistress_24_den_noch__40027 | https://www.webapteka.ru/drugbase/name55697.html | https://apteka.103.by/bioritm-antistress-24-den-noch-instruktsiya/,"status=ok | Category=BAS | RX_OTC=not applicable | Age=Взрослый | Биоритм Антистресс 24 день/ночь является биологически активной добавкой к пище (БАД), а не лекарственным средством. Согласно инструкции, он применяется в качестве источника рутина, витаминов В1, В6, пантотената кальция. Состав таблетки ""день"" включает экстракты пустырника,…",redesign/artifacts/mnn_identity_enrichment_pass_searxng_raw.jsonl,461,should_be_empty,,,,,BAS,not_applicable,not_applicable,not_applicable,mnn_identity_enrichment,mnn_identity_enrichment_pass_searxng_raw,high,identity enrichment run 461: Category=BAS/Other; RX/OTC not applicable,not_applicable,mnn_identity_enrichment,mnn_identity_enrichment_pass_searxng_raw,high,identity enrichment run 461: Category=BAS/Other; Age not applicable,,взрослые,,,,взрослые,,взрослые,[],"[{""value"": ""взрослые"", ""method"": ""identity_enrichment"", ""stage"": ""mnn_identity_enrichment"", ""source"": ""mnn_identity_enrichment_pass_results"", ""confidence"": ""high""}, {""value"": ""взрослые"", ""method"": ""previous_enrichment"", ""stage"": ""previous_mnn_enrichment"", ""source"": ""mnn_catalog_resolution_wave500_v3"", ""confidence"": ""high""}, {""value"": ""взрослые"", ""method"": ""sem_baseline"", ""stage"": ""sem1"", ""source"": ""sem_wave500_mnn_v3_report"", ""confidence"": ""medium""}]",,,TRUE,FALSE,FALSE,TRUE,high,"[""mnn"", ""non_drug_status"", ""source_match""]",,"БИОРИТМ АНТИСТРЕСС 24 ДЕНЬ/НОЧЬ; таблетки, покрытые оболочкой; N32; производитель: ЭВАЛАР ЗАО",Биоритм Антистресс 24 День/ночь; таблетки; [missing_strength]; N32; ЭВАЛАР ЗАО,Биоритм Антистресс 24 День/ночь таблетки N32,ЭВАЛАР ЗАО,Биоритм Антистресс 24 День/ночь,таблетки,"таблетки, покрытые оболочкой",ТАБЛ.,,N32,,ЭВАЛАР ЗАО,ЭВАЛАР,missing_strength|manufacturer_deduped,no strength token extracted,1,0,3,4,,false,false,false,false,false,false,norm_v4_experiment_m5_0,norm_v4_1_offline_pack_and_retrieval_remediation,"Биоритм Антистресс 24 День/ночь; таблетки, покрытые оболочкой; N32; производитель: ЭВАЛАР ЗАО",Биоритм Антистресс 24 День/ночь; таблетки; N32; ЭВАЛАР ЗАО,Биоритм Антистресс 24 День/ночь таблетки N32,ЭВАЛАР ЗАО,"Биоритм Антистресс 24 День/ночь таблетки N32, ЭВАЛАР ЗАО",Биоритм Антистресс 24 День/ночь,таблетки,"таблетки, покрытые оболочкой",ТАБЛ.,,ЭВАЛАР ЗАО,ЭВАЛАР,,unknown,,N32,№32,N32,parsed,,БИОРИТМ АНТИСТРЕСС 24 ДЕНЬ/НОЧЬ ТАБЛ. П/О,,,not_applicable,,false,false,,,,"{""m5_0_identity"": """", ""m5_0_manufacturer"": """", ""m5_0_notes"": """", ""m5_0_query"": """", ""m5_1_resolution_reason"": ""M5.0 labels blank; row was not in the reviewed 50-sample (blank is not treated as yes)."", ""m5_1_resolution_status"": ""not_applicable""}",,,,,not_applicable,M5.0 labels blank; row was not in the reviewed 50-sample (blank is not treated as yes).,false,false,false,false,false,false,false,true,false,false,false,,,,,
24095,БЕТАГИСТИН ТАБЛ. 16МГ №30 ОЗОН | ОЗОН ООО | ОЗОН ООО,Бетагистин,,none,resolved_enrichment,,Бетагистин,ok,reuse_existing_enrichment,FALSE,,0,,,,Бетагистин,enrichment,FALSE,,pass_action=reuse_existing_enrichment; identity_gate_already_used_enrichment,redesign/artifacts/mnn_identity_enrichment_pass_searxng_raw.jsonl,461,correct,correct,correct,,,,rx,взрослые,previous_enrichment,previous_mnn_enrichment,mnn_catalog_resolution_wave500_v3,high,"reused prior enrichment: status=ok, validated RX/OTC=rx",previous_enrichment,previous_mnn_enrichment,mnn_catalog_resolution_wave500_v3,high,"reused prior enrichment: status=ok, validated Age=взрослые",rx,взрослые,,,rx,взрослые,,,"[{""value"": ""rx"", ""method"": ""previous_enrichment"", ""stage"": ""previous_mnn_enrichment"", ""source"": ""mnn_catalog_resolution_wave500_v3"", ""confidence"": ""high""}, {""value"": ""rx"", ""method"": ""sem_baseline"", ""stage"": ""sem1"", ""source"": ""sem_wave500_mnn_v3_report"", ""confidence"": ""medium""}]","[{""value"": ""взрослые"", ""method"": ""previous_enrichment"", ""stage"": ""previous_mnn_enrichment"", ""source"": ""mnn_catalog_resolution_wave500_v3"", ""confidence"": ""high""}, {""value"": ""взрослые"", ""method"": ""sem_baseline"", ""stage"": ""sem1"", ""source"": ""sem_wave500_mnn_v3_report"", ""confidence"": ""medium""}]",,,FALSE,FALSE,FALSE,FALSE,low,"[""mnn""]",catalog RX/OTC absent/unknown; catalog Age absent/unknown,БЕТАГИСТИН; таблетки; 16 мг; N30; производитель: ОЗОН ООО,Бетагистин; таблетки; 16 мг; N30; ОЗОН ООО,Бетагистин таблетки 16 мг N30,ОЗОН ООО,Бетагистин,таблетки,таблетки,ТАБЛ.,16 мг,N30,,ОЗОН ООО,ОЗОН,manufacturer_deduped,,2,0,3,5,,false,false,false,false,false,false,norm_v4_experiment_m5_0,norm_v4_1_offline_pack_and_retrieval_remediation,Бетагистин; таблетки; 16 мг; N30; производитель: ОЗОН ООО,Бетагистин; таблетки; 16 мг; N30; ОЗОН ООО,Бетагистин таблетки 16 мг N30,ОЗОН ООО,"Бетагистин таблетки 16 мг N30, ОЗОН ООО",Бетагистин,таблетки,таблетки,ТАБЛ.,16 мг,ОЗОН ООО,ОЗОН,,unknown,,N30,№30,N30,parsed,,БЕТАГИСТИН ТАБЛ. 16МГ ОЗОН,,,not_applicable,,false,false,,,,"{""m5_0_identity"": """", ""m5_0_manufacturer"": """", ""m5_0_notes"": """", ""m5_0_query"": """", ""m5_1_resolution_reason"": ""M5.0 labels blank; row was not in the reviewed 50-sample (blank is not treated as yes)."", ""m5_1_resolution_status"": ""not_applicable""}",,,,,not_applicable,M5.0 labels blank; row was not in the reviewed 50-sample (blank is not treated as yes).,false,false,false,false,false,false,false,true,false,false,false,,,,,
24098,БЕТАГИСТИН СОЛОФАРМ ТАБЛ. 16МГ №30 | ГРОТЕКС ООО | ГРОТЕКС ООО,Бетагистин,,none,resolved_enrichment,,Бетагистин,ok,reuse_existing_enrichment,FALSE,,0,,,,Бетагистин,enrichment,FALSE,,pass_action=reuse_existing_enrichment; identity_gate_already_used_enrichment,redesign/artifacts/mnn_identity_enrichment_pass_searxng_raw.jsonl,461,correct,correct,correct,,,,rx,взрослые,previous_enrichment,previous_mnn_enrichment,mnn_catalog_resolution_wave500_v3,high,"reused prior enrichment: status=ok, validated RX/OTC=rx",previous_enrichment,previous_mnn_enrichment,mnn_catalog_resolution_wave500_v3,high,"reused prior enrichment: status=ok, validated Age=взрослые",rx,взрослые,,,rx,взрослые,,,"[{""value"": ""rx"", ""method"": ""previous_enrichment"", ""stage"": ""previous_mnn_enrichment"", ""source"": ""mnn_catalog_resolution_wave500_v3"", ""confidence"": ""high""}, {""value"": ""rx"", ""method"": ""sem_baseline"", ""stage"": ""sem1"", ""source"": ""sem_wave500_mnn_v3_report"", ""confidence"": ""medium""}]","[{""value"": ""взрослые"", ""method"": ""previous_enrichment"", ""stage"": ""previous_mnn_enrichment"", ""source"": ""mnn_catalog_resolution_wave500_v3"", ""confidence"": ""high""}, {""value"": ""взрослые"", ""method"": ""sem_baseline"", ""stage"": ""sem1"", ""source"": ""sem_wave500_mnn_v3_report"", ""confidence"": ""medium""}]",,,FALSE,FALSE,FALSE,FALSE,low,"[""mnn""]",catalog RX/OTC absent/unknown; catalog Age absent/unknown,БЕТАГИСТИН СОЛОФАРМ; таблетки; 16 мг; N30; производитель: ГРОТЕКС ООО,Бетагистин Солофарм; таблетки; 16 мг; N30; ГРОТЕКС ООО,Бетагистин Солофарм таблетки 16 мг N30,ГРОТЕКС ООО,Бетагистин Солофарм,таблетки,таблетки,ТАБЛ.,16 мг,N30,,ГРОТЕКС ООО,ГРОТЕКС,manufacturer_deduped,,1,0,3,5,,false,false,false,false,false,false,norm_v4_experiment_m5_0,norm_v4_1_offline_pack_and_retrieval_remediation,Бетагистин Солофарм; таблетки; 16 мг; N30; производитель: ГРОТЕКС ООО,Бетагистин Солофарм; таблетки; 16 мг; N30; ГРОТЕКС ООО,Бетагистин Солофарм таблетки 16 мг N30,ГРОТЕКС ООО,"Бетагистин Солофарм таблетки 16 мг N30, ГРОТЕКС ООО",Бетагистин Солофарм,таблетки,таблетки,ТАБЛ.,16 мг,ГРОТЕКС ООО,ГРОТЕКС,,unknown,,N30,№30,N30,parsed,,БЕТАГИСТИН СОЛОФАРМ ТАБЛ. 16МГ,,,not_applicable,,false,false,,,,"{""m5_0_identity"": """", ""m5_0_manufacturer"": """", ""m5_0_notes"": """", ""m5_0_query"": """", ""m5_1_resolution_reason"": ""M5.0 labels blank; row was not in the reviewed 50-sample (blank is not treated as yes)."", ""m5_1_resolution_status"": ""not_applicable""}",,,,,not_applicable,M5.0 labels blank; row was not in the reviewed 50-sample (blank is not treated as yes).,false,false,false,false,false,false,false,true,false,false,false,,,,,
24255,"БЕЛОДЕРМ КРЕМ Д/НАРУЖ. ПРИМ. 0,05% ТУБА 30Г | БЕЛУПО | БЕЛУПО",Бетаметазон,,none,unresolved_catalog,,,,new_enrichment,TRUE,ok,0,Бетаметазон,rx,универсальный,Бетаметазон,enrichment,FALSE,https://www.rlsnet.ru/drugs/beloderm-7174 | https://grls.rosminzdrav.ru/ | https://www.rlsnet.ru/drugs/beloderm-7174 | https://www.webapteka.ru/drugbase/name966.html | https://medvisor.ru/medicine/drug/beloderm_30785/ | https://health.mail.ru/drug/beloderm/ | https://www.vidal.ru/drugs/beloderm__3564 | https://www.rlsnet.ru/drugs/beloderm-7174 | https://www.asna.ru/product/beloderm/instruction/ | https://drugs.medelement.com/drug/%D0%B1%D0%B5%D0%BB%D0%BE%D0%B4%D0%B5%D1%80%D0%BC-%D0%BA%D1%80%D0%B5%D0%BC-%D0%B8%D0%BD%D1%81%D1%82%D1%80%D1%83%D0%BA%D1%86%D0%B8%D1%8F/585711471477650949?instruction_lang=RU | https://medi.ru/instrukciya/beloderm-krem_8549/ | https://apteka.ru/product/beloderm-005-150-maz-dnaruzh-prim-5e3266a165b5ab00016503dc/instructions/,"status=ok | Category=Drug | mnn=Бетаметазон | RX_OTC=RX | Age=Универсальный | Белодерм — лекарственный препарат, МНН бетаметазон (источник: pharmcontrol.ru, grls.pharm-portal.ru). Отпускается по рецепту (источник: grls.pharm-portal.ru). Применяется у взрослых и детей: по данным rlsnet.ru, режим дозирования для детей от 1 года до 18 лет соответствует…",redesign/artifacts/mnn_identity_enrichment_pass_searxng_raw.jsonl,461,correct,correct,correct,,,,rx,универсальный,identity_enrichment,mnn_identity_enrichment,mnn_identity_enrichment_pass_results,high,"identity enrichment run 461: status=ok, Category=Drug, RX/OTC=rx, evidence present",identity_enrichment,mnn_identity_enrichment,mnn_identity_enrichment_pass_results,high,"identity enrichment run 461: status=ok, Category=Drug, Age=универсальный, evidence present; weaker sources differ: sem_baseline=взрослые",rx,взрослые,,,,,rx,универсальный,"[{""value"": ""rx"", ""method"": ""identity_enrichment"", ""stage"": ""mnn_identity_enrichment"", ""source"": ""mnn_identity_enrichment_pass_results"", ""confidence"": ""high""}, {""value"": ""rx"", ""method"": ""sem_baseline"", ""stage"": ""sem1"", ""source"": ""sem_wave500_mnn_v3_report"", ""confidence"": ""medium""}]","[{""value"": ""универсальный"", ""method"": ""identity_enrichment"", ""stage"": ""mnn_identity_enrichment"", ""source"": ""mnn_identity_enrichment_pass_results"", ""confidence"": ""high""}, {""value"": ""взрослые"", ""method"": ""sem_baseline"", ""stage"": ""sem1"", ""source"": ""sem_wave500_mnn_v3_report"", ""confidence"": ""medium""}]",,,FALSE,FALSE,FALSE,FALSE,low,"[""source_match""]",previous enrichment RX/OTC absent; catalog RX/OTC absent/unknown; previous enrichment Age absent; catalog Age absent/unknown,"БЕЛОДЕРМ; крем, для наружного применения; 0.05%; 30 г; производитель: БЕЛУПО",Белодерм; крем; 0.05%; 30 г; БЕЛУПО,Белодерм крем 0.05% 30 г,БЕЛУПО,Белодерм,крем,"крем, для наружного применения",КРЕМ,0.05%,30 г,,БЕЛУПО,БЕЛУПО,manufacturer_deduped,,1,0,3,5,,false,false,false,false,false,false,norm_v4_experiment_m5_0,norm_v4_1_offline_pack_and_retrieval_remediation,"Белодерм; крем, для наружного применения; 0.05%; туба 30 г, N1; производитель: БЕЛУПО","Белодерм; крем; 0.05%; туба 30 г, N1; БЕЛУПО",Белодерм крем 0.05% туба 30 г N1,БЕЛУПО,"Белодерм крем 0.05% туба 30 г N1, БЕЛУПО",Белодерм,крем,"крем, для наружного применения",КРЕМ,0.05%,БЕЛУПО,БЕЛУПО,ТУБА,туба,30 г,N1,ТУБА 30Г,"туба 30 г, N1",parsed,implicit_single_unit_count,"БЕЛОДЕРМ КРЕМ Д/НАРУЖ. ПРИМ. 0,05%",,,not_applicable,,false,false,,implicit_single_unit_count|query_gained_container|query_gained_pack_count,implicit_single_unit_count,"{""m5_0_identity"": """", ""m5_0_manufacturer"": """", ""m5_0_notes"": """", ""m5_0_query"": """", ""m5_1_resolution_reason"": ""M5.0 labels blank; row was not in the reviewed 50-sample (blank is not treated as yes)."", ""m5_1_resolution_status"": ""not_applicable""}",,,,,not_applicable,M5.0 labels blank; row was not in the reviewed 50-sample (blank is not treated as yes).,false,false,false,false,false,false,false,true,true,false,true,,,,,
24682,АЦИКЛОВИР ТАБЛ. 200МГ №20 АВЕКСИМА | ИРБИТСКИЙ ХИМЗАВОД ОАО | ИРБИТСКИЙ ХИМЗАВОД ОАО,Ацикловир,Ацикловир,high,resolved_enrichment,,Ацикловир,ok,reuse_existing_enrichment,FALSE,,0,,,,Ацикловир,input_plus_enrichment,FALSE,,pass_action=reuse_existing_enrichment; identity_gate_already_used_enrichment,redesign/artifacts/mnn_identity_enrichment_pass_searxng_raw.jsonl,461,correct,correct,correct,,,,rx,универсальный,previous_enrichment,previous_mnn_enrichment,mnn_catalog_resolution_wave500_v3,high,"reused prior enrichment: status=ok, validated RX/OTC=rx",previous_enrichment,previous_mnn_enrichment,mnn_catalog_resolution_wave500_v3,high,"reused prior enrichment: status=ok, validated Age=универсальный",rx,,,,rx,универсальный,,,"[{""value"": ""rx"", ""method"": ""previous_enrichment"", ""stage"": ""previous_mnn_enrichment"", ""source"": ""mnn_catalog_resolution_wave500_v3"", ""confidence"": ""high""}, {""value"": ""rx"", ""method"": ""sem_baseline"", ""stage"": ""sem1"", ""source"": ""sem_wave500_mnn_v3_report"", ""confidence"": ""medium""}]","[{""value"": ""универсальный"", ""method"": ""previous_enrichment"", ""stage"": ""previous_mnn_enrichment"", ""source"": ""mnn_catalog_resolution_wave500_v3"", ""confidence"": ""high""}]",,,FALSE,FALSE,FALSE,FALSE,low,"[""mnn""]",catalog RX/OTC absent/unknown; Sem Age absent; catalog Age absent/unknown,АЦИКЛОВИР АВЕКСИМА; таблетки; 200 мг; N20; производитель: ИРБИТСКИЙ ХИМЗАВОД ОАО,Ацикловир Авексима; таблетки; 200 мг; N20; ИРБИТСКИЙ ХИМЗАВОД ОАО,Ацикловир Авексима таблетки 200 мг N20,ИРБИТСКИЙ ХИМЗАВОД ОАО,Ацикловир Авексима,таблетки,таблетки,ТАБЛ.,200 мг,N20,,ИРБИТСКИЙ ХИМЗАВОД ОАО,ИРБИТСКИЙ,manufacturer_deduped,,1,0,3,5,,false,false,false,false,false,false,norm_v4_experiment_m5_0,norm_v4_1_offline_pack_and_retrieval_remediation,Ацикловир Авексима; таблетки; 200 мг; N20; производитель: ИРБИТСКИЙ ХИМЗАВОД ОАО,Ацикловир Авексима; таблетки; 200 мг; N20; ИРБИТСКИЙ ХИМЗАВОД ОАО,Ацикловир Авексима таблетки 200 мг N20,ИРБИТСКИЙ ХИМЗАВОД ОАО,"Ацикловир Авексима таблетки 200 мг N20, ИРБИТСКИЙ ХИМЗАВОД ОАО",Ацикловир Авексима,таблетки,таблетки,ТАБЛ.,200 мг,ИРБИТСКИЙ ХИМЗАВОД ОАО,ИРБИТСКИЙ,,unknown,,N20,№20,N20,parsed,,АЦИКЛОВИР ТАБЛ. 200МГ АВЕКСИМА,,,not_applicable,,false,false,,,,"{""m5_0_identity"": """", ""m5_0_manufacturer"": """", ""m5_0_notes"": """", ""m5_0_query"": """", ""m5_1_resolution_reason"": ""M5.0 labels blank; row was not in the reviewed 50-sample (blank is not treated as yes)."", ""m5_1_resolution_status"": ""not_applicable""}",,,,,not_applicable,M5.0 labels blank; row was not in the reviewed 50-sample (blank is not treated as yes).,false,false,false,false,false,false,false,true,false,false,false,,,,,
24750,АЦЕТИЛСАЛИЦИЛОВАЯ КИСЛОТА ПЛЮС РЕНЕВАЛ ТАБЛ. 500МГ+25МГ №20 | ОБНОВЛЕНИЕ ПФК АО | ОБНОВЛЕНИЕ ПФК АО,Ацетилсалициловая кислота + Аскорбиновая кислота,,none,resolved_enrichment,,"Ацетилсалициловая кислота, Аскорбиновая кислота",ok,reuse_existing_enrichment,FALSE,,0,,,,"Ацетилсалициловая кислота, Аскорбиновая кислота",enrichment,FALSE,,pass_action=reuse_existing_enrichment; identity_gate_already_used_enrichment,redesign/artifacts/mnn_identity_enrichment_pass_searxng_raw.jsonl,461,correct,correct,incorrect,,,возрастной сегмент - универсальный,otc,взрослые,previous_enrichment,previous_mnn_enrichment,mnn_catalog_resolution_wave500_v3,high,"reused prior enrichment: status=ok, validated RX/OTC=otc",previous_enrichment,previous_mnn_enrichment,mnn_catalog_resolution_wave500_v3,high,"reused prior enrichment: status=ok, validated Age=взрослые",otc,взрослые,,,otc,взрослые,,,"[{""value"": ""otc"", ""method"": ""previous_enrichment"", ""stage"": ""previous_mnn_enrichment"", ""source"": ""mnn_catalog_resolution_wave500_v3"", ""confidence"": ""high""}, {""value"": ""otc"", ""method"": ""sem_baseline"", ""stage"": ""sem1"", ""source"": ""sem_wave500_mnn_v3_report"", ""confidence"": ""medium""}]","[{""value"": ""взрослые"", ""method"": ""previous_enrichment"", ""stage"": ""previous_mnn_enrichment"", ""source"": ""mnn_catalog_resolution_wave500_v3"", ""confidence"": ""high""}, {""value"": ""взрослые"", ""method"": ""sem_baseline"", ""stage"": ""sem1"", ""source"": ""sem_wave500_mnn_v3_report"", ""confidence"": ""medium""}]",,,FALSE,FALSE,FALSE,FALSE,low,"[""mnn""]",catalog RX/OTC absent/unknown; catalog Age absent/unknown,АЦЕТИЛСАЛИЦИЛОВАЯ КИСЛОТА ПЛЮС РЕНЕВАЛ; таблетки; 500 мг + 25 мг; N20; производитель: ОБНОВЛЕНИЕ ПФК АО,Ацетилсалициловая Кислота Плюс Реневал; таблетки; 500 мг + 25 мг; N20; ОБНОВЛЕНИЕ ПФК АО,Ацетилсалициловая Кислота Плюс Реневал таблетки 500 мг + 25 мг N20,ОБНОВЛЕНИЕ ПФК АО,Ацетилсалициловая Кислота Плюс Реневал,таблетки,таблетки,ТАБЛ.,500 мг + 25 мг,N20,,ОБНОВЛЕНИЕ ПФК АО,ОБНОВЛЕНИЕ,multi_component_strength|manufacturer_deduped,,1,0,3,5,,false,false,false,false,false,false,norm_v4_experiment_m5_0,norm_v4_1_offline_pack_and_retrieval_remediation,Ацетилсалициловая Кислота Плюс Реневал; таблетки; 500 мг + 25 мг; N20; производитель: ОБНОВЛЕНИЕ ПФК АО,Ацетилсалициловая Кислота Плюс Реневал; таблетки; 500 мг + 25 мг; N20; ОБНОВЛЕНИЕ ПФК АО,Ацетилсалициловая Кислота Плюс Реневал таблетки 500 мг + 25 мг N20,ОБНОВЛЕНИЕ ПФК АО,"Ацетилсалициловая Кислота Плюс Реневал таблетки 500 мг + 25 мг N20, ОБНОВЛЕНИЕ ПФК АО",Ацетилсалициловая Кислота Плюс Реневал,таблетки,таблетки,ТАБЛ.,500 мг + 25 мг,ОБНОВЛЕНИЕ ПФК АО,ОБНОВЛЕНИЕ,,unknown,,N20,№20,N20,parsed,,АЦЕТИЛСАЛИЦИЛОВАЯ КИСЛОТА ПЛЮС РЕНЕВАЛ ТАБЛ. 500МГ+25МГ,,,not_applicable,,false,false,,,,"{""m5_0_identity"": ""yes"", ""m5_0_manufacturer"": ""yes"", ""m5_0_notes"": """", ""m5_0_query"": ""yes"", ""m5_1_resolution_reason"": ""M5.0 identity and query were accepted (yes); no labeled defect to remediate."", ""m5_1_resolution_status"": ""not_applicable""}",yes,yes,yes,,not_applicable,M5.0 identity and query were accepted (yes); no labeled defect to remediate.,false,false,false,false,false,false,false,true,false,false,false,,yes,yes,yes,
24896,АТОРВАСТАТИН-ФП ТАБЛ. П/ПЛЕН/ОБ. 20МГ №30 | ФАРМПРОЕКТ АО | ФАРМПРОЕКТ АО,Аторвастатин,Аторвастатин,high,resolved_enrichment,,Аторвастатин,ok,reuse_existing_enrichment,FALSE,,0,,,,Аторвастатин,input_plus_enrichment,FALSE,,pass_action=reuse_existing_enrichment; identity_gate_already_used_enrichment,redesign/artifacts/mnn_identity_enrichment_pass_searxng_raw.jsonl,461,correct,correct,correct,,,,rx,взрослые,previous_enrichment,previous_mnn_enrichment,mnn_catalog_resolution_wave500_v3,high,"reused prior enrichment: status=ok, validated RX/OTC=rx",previous_enrichment,previous_mnn_enrichment,mnn_catalog_resolution_wave500_v3,high,"reused prior enrichment: status=ok, validated Age=взрослые",rx,взрослые,,,rx,взрослые,,,"[{""value"": ""rx"", ""method"": ""previous_enrichment"", ""stage"": ""previous_mnn_enrichment"", ""source"": ""mnn_catalog_resolution_wave500_v3"", ""confidence"": ""high""}, {""value"": ""rx"", ""method"": ""sem_baseline"", ""stage"": ""sem1"", ""source"": ""sem_wave500_mnn_v3_report"", ""confidence"": ""medium""}]","[{""value"": ""взрослые"", ""method"": ""previous_enrichment"", ""stage"": ""previous_mnn_enrichment"", ""source"": ""mnn_catalog_resolution_wave500_v3"", ""confidence"": ""high""}, {""value"": ""взрослые"", ""method"": ""sem_baseline"", ""stage"": ""sem1"", ""source"": ""sem_wave500_mnn_v3_report"", ""confidence"": ""medium""}]",,,FALSE,FALSE,FALSE,FALSE,low,"[""mnn""]",catalog RX/OTC absent/unknown; catalog Age absent/unknown,"АТОРВАСТАТИН-ФП; таблетки, покрытые пленочной оболочкой; 20 мг; N30; производитель: ФАРМПРОЕКТ АО",Аторвастатин-ФП; таблетки; 20 мг; N30; ФАРМПРОЕКТ АО,Аторвастатин-ФП таблетки 20 мг N30,ФАРМПРОЕКТ АО,Аторвастатин-ФП,таблетки,"таблетки, покрытые пленочной оболочкой",ТАБЛ.,20 мг,N30,,ФАРМПРОЕКТ АО,ФАРМПРОЕКТ,manufacturer_deduped,,1,0,3,5,,false,false,false,false,false,false,norm_v4_experiment_m5_0,norm_v4_1_offline_pack_and_retrieval_remediation,"Аторвастатин-ФП; таблетки, покрытые пленочной оболочкой; 20 мг; N30; производитель: ФАРМПРОЕКТ АО",Аторвастатин-ФП; таблетки; 20 мг; N30; ФАРМПРОЕКТ АО,Аторвастатин-ФП таблетки 20 мг N30,ФАРМПРОЕКТ АО,"Аторвастатин-ФП таблетки 20 мг N30, ФАРМПРОЕКТ АО",Аторвастатин-ФП,таблетки,"таблетки, покрытые пленочной оболочкой",ТАБЛ.,20 мг,ФАРМПРОЕКТ АО,ФАРМПРОЕКТ,,unknown,,N30,№30,N30,parsed,,АТОРВАСТАТИН-ФП ТАБЛ. П/ПЛЕН/ОБ. 20МГ,,,not_applicable,,false,false,,,,"{""m5_0_identity"": """", ""m5_0_manufacturer"": """", ""m5_0_notes"": """", ""m5_0_query"": """", ""m5_1_resolution_reason"": ""M5.0 labels blank; row was not in the reviewed 50-sample (blank is not treated as yes)."", ""m5_1_resolution_status"": ""not_applicable""}",,,,,not_applicable,M5.0 labels blank; row was not in the reviewed 50-sample (blank is not treated as yes).,false,false,false,false,false,false,false,true,false,false,false,,,,,
24901,АТОРВАСТАТИН-ТЕВА ТАБЛ. П/ПЛЕН/ОБ. 10МГ №30 АЛКАЛОИД | АЛКАЛОИД АД Скопье | АЛКАЛОИД АД Скопье,Аторвастатин,Аторвастатин,high,resolved_input_explicit,,,,skip_strong_input_mnn,FALSE,,0,,,,Аторвастатин,input_explicit_mnn,FALSE,,pass_action=skip_strong_input_mnn; strong_input_explicit_accepted,redesign/artifacts/mnn_identity_enrichment_pass_searxng_raw.jsonl,461,correct,correct,correct,,,,rx,взрослые,sem_baseline,sem1,sem_wave500_mnn_v3_report,medium,Sem v3 canonical attr contains RX/OTC=rx,sem_baseline,sem1,sem_wave500_mnn_v3_report,medium,Sem v3 canonical attr contains Age=взрослые,rx,взрослые,,,,,,,"[{""value"": ""rx"", ""method"": ""sem_baseline"", ""stage"": ""sem1"", ""source"": ""sem_wave500_mnn_v3_report"", ""confidence"": ""medium""}]","[{""value"": ""взрослые"", ""method"": ""sem_baseline"", ""stage"": ""sem1"", ""source"": ""sem_wave500_mnn_v3_report"", ""confidence"": ""medium""}]",,,FALSE,FALSE,FALSE,FALSE,low,"[""mnn""]",previous enrichment RX/OTC absent; catalog RX/OTC absent/unknown; previous enrichment Age absent; catalog Age absent/unknown,"АТОРВАСТАТИН-ТЕВА; таблетки, покрытые пленочной оболочкой; 10 мг; N30; производитель: АЛКАЛОИД АД Скопье",Аторвастатин-Тева; таблетки; 10 мг; N30; АЛКАЛОИД АД Скопье,Аторвастатин-Тева таблетки 10 мг N30,АЛКАЛОИД АД Скопье,Аторвастатин-Тева,таблетки,"таблетки, покрытые пленочной оболочкой",ТАБЛ.,10 мг,N30,,АЛКАЛОИД АД Скопье,АЛКАЛОИД,manufacturer_deduped,,2,0,3,5,,false,false,false,false,false,false,norm_v4_experiment_m5_0,norm_v4_1_offline_pack_and_retrieval_remediation,"Аторвастатин-Тева; таблетки, покрытые пленочной оболочкой; 10 мг; N30; производитель: АЛКАЛОИД АД Скопье",Аторвастатин-Тева; таблетки; 10 мг; N30; АЛКАЛОИД АД Скопье,Аторвастатин-Тева таблетки 10 мг N30,АЛКАЛОИД АД Скопье,"Аторвастатин-Тева таблетки 10 мг N30, АЛКАЛОИД АД Скопье",Аторвастатин-Тева,таблетки,"таблетки, покрытые пленочной оболочкой",ТАБЛ.,10 мг,АЛКАЛОИД АД Скопье,АЛКАЛОИД,,unknown,,N30,№30,N30,parsed,,АТОРВАСТАТИН-ТЕВА ТАБЛ. П/ПЛЕН/ОБ. 10МГ АЛКАЛОИД,,,not_applicable,,false,false,,,,"{""m5_0_identity"": """", ""m5_0_manufacturer"": """", ""m5_0_notes"": """", ""m5_0_query"": """", ""m5_1_resolution_reason"": ""M5.0 labels blank; row was not in the reviewed 50-sample (blank is not treated as yes)."", ""m5_1_resolution_status"": ""not_applicable""}",,,,,not_applicable,M5.0 labels blank; row was not in the reviewed 50-sample (blank is not treated as yes).,false,false,false,false,false,false,false,true,false,false,false,,,,,
24945,АТОРВАСТАТИН-СЗ ТАБЛ. П/ПЛЕН/ОБ. 20МГ №30 | СЕВЕРНАЯ ЗВЕЗДА НАО | СЕВЕРНАЯ ЗВЕЗДА НАО,Аторвастатин,Аторвастатин,high,resolved_input_explicit,,,,skip_strong_input_mnn,FALSE,,0,,,,Аторвастатин,input_explicit_mnn,FALSE,,pass_action=skip_strong_input_mnn; strong_input_explicit_accepted,redesign/artifacts/mnn_identity_enrichment_pass_searxng_raw.jsonl,461,correct,correct,correct,,,,rx,взрослые,sem_baseline,sem1,sem_wave500_mnn_v3_report,medium,Sem v3 canonical attr contains RX/OTC=rx,sem_baseline,sem1,sem_wave500_mnn_v3_report,medium,Sem v3 canonical attr contains Age=взрослые,rx,взрослые,,,,,,,"[{""value"": ""rx"", ""method"": ""sem_baseline"", ""stage"": ""sem1"", ""source"": ""sem_wave500_mnn_v3_report"", ""confidence"": ""medium""}]","[{""value"": ""взрослые"", ""method"": ""sem_baseline"", ""stage"": ""sem1"", ""source"": ""sem_wave500_mnn_v3_report"", ""confidence"": ""medium""}]",,,FALSE,FALSE,FALSE,FALSE,low,"[""mnn""]",previous enrichment RX/OTC absent; catalog RX/OTC absent/unknown; previous enrichment Age absent; catalog Age absent/unknown,"АТОРВАСТАТИН-СЗ; таблетки, покрытые пленочной оболочкой; 20 мг; N30; производитель: СЕВЕРНАЯ ЗВЕЗДА НАО",Аторвастатин-СЗ; таблетки; 20 мг; N30; СЕВЕРНАЯ ЗВЕЗДА НАО,Аторвастатин-СЗ таблетки 20 мг N30,СЕВЕРНАЯ ЗВЕЗДА НАО,Аторвастатин-СЗ,таблетки,"таблетки, покрытые пленочной оболочкой",ТАБЛ.,20 мг,N30,,СЕВЕРНАЯ ЗВЕЗДА НАО,СЕВЕРНАЯ,manufacturer_deduped,,1,0,3,5,,false,false,false,false,false,false,norm_v4_experiment_m5_0,norm_v4_1_offline_pack_and_retrieval_remediation,"Аторвастатин-СЗ; таблетки, покрытые пленочной оболочкой; 20 мг; N30; производитель: СЕВЕРНАЯ ЗВЕЗДА НАО",Аторвастатин-СЗ; таблетки; 20 мг; N30; СЕВЕРНАЯ ЗВЕЗДА НАО,Аторвастатин-СЗ таблетки 20 мг N30,СЕВЕРНАЯ ЗВЕЗДА НАО,"Аторвастатин-СЗ таблетки 20 мг N30, СЕВЕРНАЯ ЗВЕЗДА НАО",Аторвастатин-СЗ,таблетки,"таблетки, покрытые пленочной оболочкой",ТАБЛ.,20 мг,СЕВЕРНАЯ ЗВЕЗДА НАО,СЕВЕРНАЯ,,unknown,,N30,№30,N30,parsed,,АТОРВАСТАТИН-СЗ ТАБЛ. П/ПЛЕН/ОБ. 20МГ,,,not_applicable,,false,false,,,,"{""m5_0_identity"": """", ""m5_0_manufacturer"": """", ""m5_0_notes"": """", ""m5_0_query"": """", ""m5_1_resolution_reason"": ""M5.0 labels blank; row was not in the reviewed 50-sample (blank is not treated as yes)."", ""m5_1_resolution_status"": ""not_applicable""}",,,,,not_applicable,M5.0 labels blank; row was not in the reviewed 50-sample (blank is not treated as yes).,false,false,false,false,false,false,false,true,false,false,false,,,,,
25599,АПИЛАК ТАБЛ. П/ЯЗЫЧН. 10МГ №30 ВИФИТЕХ | ВИФИТЕХ | ВИФИТЕХ,,,none,resolved_enrichment,,Маточное Молочко,ok,reuse_existing_enrichment,FALSE,,0,,,,Маточное Молочко,enrichment,FALSE,,pass_action=reuse_existing_enrichment; identity_gate_already_used_enrichment,redesign/artifacts/mnn_identity_enrichment_pass_searxng_raw.jsonl,461,correct,correct,correct,,,,otc,универсальный,previous_enrichment,previous_mnn_enrichment,mnn_catalog_resolution_wave500_v3,high,"reused prior enrichment: status=ok, validated RX/OTC=otc",previous_enrichment,previous_mnn_enrichment,mnn_catalog_resolution_wave500_v3,high,"reused prior enrichment: status=ok, validated Age=универсальный",,,,,otc,универсальный,,,"[{""value"": ""otc"", ""method"": ""previous_enrichment"", ""stage"": ""previous_mnn_enrichment"", ""source"": ""mnn_catalog_resolution_wave500_v3"", ""confidence"": ""high""}]","[{""value"": ""универсальный"", ""method"": ""previous_enrichment"", ""stage"": ""previous_mnn_enrichment"", ""source"": ""mnn_catalog_resolution_wave500_v3"", ""confidence"": ""high""}]",,,FALSE,FALSE,FALSE,FALSE,low,"[""mnn""]",Sem RX/OTC absent; catalog RX/OTC absent/unknown; Sem Age absent; catalog Age absent/unknown,"АПИЛАК; таблетки, защечные / подъязычные; 10 мг; N30; производитель: ВИФИТЕХ",Апилак; таблетки; 10 мг; N30; ВИФИТЕХ,Апилак таблетки 10 мг N30,ВИФИТЕХ,Апилак,таблетки,"таблетки, защечные / подъязычные",ТАБЛ.,10 мг,N30,,ВИФИТЕХ,ВИФИТЕХ,manufacturer_deduped,,2,0,3,5,,false,false,false,false,false,false,norm_v4_experiment_m5_0,norm_v4_1_offline_pack_and_retrieval_remediation,"Апилак; таблетки, защечные / подъязычные; 10 мг; N30; производитель: ВИФИТЕХ",Апилак; таблетки; 10 мг; N30; ВИФИТЕХ,Апилак таблетки 10 мг N30,ВИФИТЕХ,"Апилак таблетки 10 мг N30, ВИФИТЕХ",Апилак,таблетки,"таблетки, защечные / подъязычные",ТАБЛ.,10 мг,ВИФИТЕХ,ВИФИТЕХ,,unknown,,N30,№30,N30,parsed,,АПИЛАК ТАБЛ. П/ЯЗЫЧН. 10МГ ВИФИТЕХ,,,not_applicable,,false,false,,,,"{""m5_0_identity"": """", ""m5_0_manufacturer"": """", ""m5_0_notes"": """", ""m5_0_query"": """", ""m5_1_resolution_reason"": ""M5.0 labels blank; row was not in the reviewed 50-sample (blank is not treated as yes)."", ""m5_1_resolution_status"": ""not_applicable""}",,,,,not_applicable,M5.0 labels blank; row was not in the reviewed 50-sample (blank is not treated as yes).,false,false,false,false,false,false,false,true,false,false,false,,,,,
25982,АМЛОДИПИН ТАБЛ. 10МГ №30 РОЗЛЕКС | РОЗЛЕКС ФАРМ ООО | РОЗЛЕКС ФАРМ ООО,Амлодипин,Амлодипин,high,resolved_enrichment,,Амлодипин,ok,reuse_existing_enrichment,FALSE,,0,,,,Амлодипин,input_plus_enrichment,FALSE,,pass_action=reuse_existing_enrichment; identity_gate_already_used_enrichment,redesign/artifacts/mnn_identity_enrichment_pass_searxng_raw.jsonl,461,correct,correct,incorrect,,,возрастной сегмент - взрослый,rx,универсальный,previous_enrichment,previous_mnn_enrichment,mnn_catalog_resolution_wave500_v3,high,"reused prior enrichment: status=ok, validated RX/OTC=rx",previous_enrichment,previous_mnn_enrichment,mnn_catalog_resolution_wave500_v3,high,"reused prior enrichment: status=ok, validated Age=универсальный; weaker sources differ: sem_baseline=взрослые",rx,взрослые,,,rx,универсальный,,,"[{""value"": ""rx"", ""method"": ""previous_enrichment"", ""stage"": ""previous_mnn_enrichment"", ""source"": ""mnn_catalog_resolution_wave500_v3"", ""confidence"": ""high""}, {""value"": ""rx"", ""method"": ""sem_baseline"", ""stage"": ""sem1"", ""source"": ""sem_wave500_mnn_v3_report"", ""confidence"": ""medium""}]","[{""value"": ""универсальный"", ""method"": ""previous_enrichment"", ""stage"": ""previous_mnn_enrichment"", ""source"": ""mnn_catalog_resolution_wave500_v3"", ""confidence"": ""high""}, {""value"": ""взрослые"", ""method"": ""sem_baseline"", ""stage"": ""sem1"", ""source"": ""sem_wave500_mnn_v3_report"", ""confidence"": ""medium""}]",,,FALSE,FALSE,FALSE,FALSE,low,"[""mnn""]",catalog RX/OTC absent/unknown; catalog Age absent/unknown,АМЛОДИПИН; таблетки; 10 мг; N30; производитель: РОЗЛЕКС ФАРМ ООО,Амлодипин; таблетки; 10 мг; N30; РОЗЛЕКС ФАРМ ООО,Амлодипин таблетки 10 мг N30,РОЗЛЕКС ФАРМ ООО,Амлодипин,таблетки,таблетки,ТАБЛ.,10 мг,N30,,РОЗЛЕКС ФАРМ ООО,РОЗЛЕКС,manufacturer_deduped,,2,0,3,5,,false,false,false,false,false,false,norm_v4_experiment_m5_0,norm_v4_1_offline_pack_and_retrieval_remediation,Амлодипин; таблетки; 10 мг; N30; производитель: РОЗЛЕКС ФАРМ ООО,Амлодипин; таблетки; 10 мг; N30; РОЗЛЕКС ФАРМ ООО,Амлодипин таблетки 10 мг N30,РОЗЛЕКС ФАРМ ООО,"Амлодипин таблетки 10 мг N30, РОЗЛЕКС ФАРМ ООО",Амлодипин,таблетки,таблетки,ТАБЛ.,10 мг,РОЗЛЕКС ФАРМ ООО,РОЗЛЕКС,,unknown,,N30,№30,N30,parsed,,АМЛОДИПИН ТАБЛ. 10МГ РОЗЛЕКС,,,not_applicable,,false,false,,,,"{""m5_0_identity"": """", ""m5_0_manufacturer"": """", ""m5_0_notes"": """", ""m5_0_query"": """", ""m5_1_resolution_reason"": ""M5.0 labels blank; row was not in the reviewed 50-sample (blank is not treated as yes)."", ""m5_1_resolution_status"": ""not_applicable""}",,,,,not_applicable,M5.0 labels blank; row was not in the reviewed 50-sample (blank is not treated as yes).,false,false,false,false,false,false,false,true,false,false,false,,,,,
26001,АМЛОДИПИН-ПРАНА ТАБЛ. 10МГ №60 | ПРАНАФАРМ ООО | ПРАНАФАРМ ООО,Амлодипин,Амлодипин,high,resolved_input_explicit,,,,skip_strong_input_mnn,FALSE,,0,,,,Амлодипин,input_explicit_mnn,FALSE,,pass_action=skip_strong_input_mnn; strong_input_explicit_accepted,redesign/artifacts/mnn_identity_enrichment_pass_searxng_raw.jsonl,461,correct,correct,correct,,,,rx,взрослые,sem_baseline,sem1,sem_wave500_mnn_v3_report,medium,Sem v3 canonical attr contains RX/OTC=rx,sem_baseline,sem1,sem_wave500_mnn_v3_report,medium,Sem v3 canonical attr contains Age=взрослые,rx,взрослые,,,,,,,"[{""value"": ""rx"", ""method"": ""sem_baseline"", ""stage"": ""sem1"", ""source"": ""sem_wave500_mnn_v3_report"", ""confidence"": ""medium""}]","[{""value"": ""взрослые"", ""method"": ""sem_baseline"", ""stage"": ""sem1"", ""source"": ""sem_wave500_mnn_v3_report"", ""confidence"": ""medium""}]",,,FALSE,FALSE,FALSE,FALSE,low,"[""mnn""]",previous enrichment RX/OTC absent; catalog RX/OTC absent/unknown; previous enrichment Age absent; catalog Age absent/unknown,АМЛОДИПИН-ПРАНА; таблетки; 10 мг; N60; производитель: ПРАНАФАРМ ООО,Амлодипин-Прана; таблетки; 10 мг; N60; ПРАНАФАРМ ООО,Амлодипин-Прана таблетки 10 мг N60,ПРАНАФАРМ ООО,Амлодипин-Прана,таблетки,таблетки,ТАБЛ.,10 мг,N60,,ПРАНАФАРМ ООО,ПРАНАФАРМ,manufacturer_deduped,,1,0,3,5,,false,false,false,false,false,false,norm_v4_experiment_m5_0,norm_v4_1_offline_pack_and_retrieval_remediation,Амлодипин-Прана; таблетки; 10 мг; N60; производитель: ПРАНАФАРМ ООО,Амлодипин-Прана; таблетки; 10 мг; N60; ПРАНАФАРМ ООО,Амлодипин-Прана таблетки 10 мг N60,ПРАНАФАРМ ООО,"Амлодипин-Прана таблетки 10 мг N60, ПРАНАФАРМ ООО",Амлодипин-Прана,таблетки,таблетки,ТАБЛ.,10 мг,ПРАНАФАРМ ООО,ПРАНАФАРМ,,unknown,,N60,№60,N60,parsed,,АМЛОДИПИН-ПРАНА ТАБЛ. 10МГ,,,not_applicable,,false,false,,,,"{""m5_0_identity"": """", ""m5_0_manufacturer"": """", ""m5_0_notes"": """", ""m5_0_query"": """", ""m5_1_resolution_reason"": ""M5.0 labels blank; row was not in the reviewed 50-sample (blank is not treated as yes)."", ""m5_1_resolution_status"": ""not_applicable""}",,,,,not_applicable,M5.0 labels blank; row was not in the reviewed 50-sample (blank is not treated as yes).,false,false,false,false,false,false,false,true,false,false,false,,,,,
26038,АМЛОДИПИН-АЛСИ ТАБЛ. 10МГ №90 | АЛСИ ФАРМА АО | АЛСИ ФАРМА АО,Амлодипин,Амлодипин,high,resolved_input_explicit,,,,skip_strong_input_mnn,FALSE,,0,,,,Амлодипин,input_explicit_mnn,FALSE,,pass_action=skip_strong_input_mnn; strong_input_explicit_accepted,redesign/artifacts/mnn_identity_enrichment_pass_searxng_raw.jsonl,461,correct,correct,correct,,,,rx,взрослые,sem_baseline,sem1,sem_wave500_mnn_v3_report,medium,Sem v3 canonical attr contains RX/OTC=rx,sem_baseline,sem1,sem_wave500_mnn_v3_report,medium,Sem v3 canonical attr contains Age=взрослые,rx,взрослые,,,,,,,"[{""value"": ""rx"", ""method"": ""sem_baseline"", ""stage"": ""sem1"", ""source"": ""sem_wave500_mnn_v3_report"", ""confidence"": ""medium""}]","[{""value"": ""взрослые"", ""method"": ""sem_baseline"", ""stage"": ""sem1"", ""source"": ""sem_wave500_mnn_v3_report"", ""confidence"": ""medium""}]",,,FALSE,FALSE,FALSE,FALSE,low,"[""mnn""]",previous enrichment RX/OTC absent; catalog RX/OTC absent/unknown; previous enrichment Age absent; catalog Age absent/unknown,АМЛОДИПИН-АЛСИ; таблетки; 10 мг; N90; производитель: АЛСИ ФАРМА АО,Амлодипин-Алси; таблетки; 10 мг; N90; АЛСИ ФАРМА АО,Амлодипин-Алси таблетки 10 мг N90,АЛСИ ФАРМА АО,Амлодипин-Алси,таблетки,таблетки,ТАБЛ.,10 мг,N90,,АЛСИ ФАРМА АО,АЛСИ,manufacturer_deduped,,1,0,3,5,,false,false,false,false,false,false,norm_v4_experiment_m5_0,norm_v4_1_offline_pack_and_retrieval_remediation,Амлодипин-Алси; таблетки; 10 мг; N90; производитель: АЛСИ ФАРМА АО,Амлодипин-Алси; таблетки; 10 мг; N90; АЛСИ ФАРМА АО,Амлодипин-Алси таблетки 10 мг N90,АЛСИ ФАРМА АО,"Амлодипин-Алси таблетки 10 мг N90, АЛСИ ФАРМА АО",Амлодипин-Алси,таблетки,таблетки,ТАБЛ.,10 мг,АЛСИ ФАРМА АО,АЛСИ,,unknown,,N90,№90,N90,parsed,,АМЛОДИПИН-АЛСИ ТАБЛ. 10МГ,,,not_applicable,,false,false,,,,"{""m5_0_identity"": """", ""m5_0_manufacturer"": """", ""m5_0_notes"": """", ""m5_0_query"": """", ""m5_1_resolution_reason"": ""M5.0 labels blank; row was not in the reviewed 50-sample (blank is not treated as yes)."", ""m5_1_resolution_status"": ""not_applicable""}",,,,,not_applicable,M5.0 labels blank; row was not in the reviewed 50-sample (blank is not treated as yes).,false,false,false,false,false,false,false,true,false,false,false,,,,,
26115,АМБРОКСОЛ ТАБЛ. 30МГ №20 ВЕРТЕКС | ВЕРТЕКС АО | ВЕРТЕКС АО,Амброксол,Амброксол,high,resolved_input_explicit,,,,skip_strong_input_mnn,FALSE,,0,,,,Амброксол,input_explicit_mnn,FALSE,,pass_action=skip_strong_input_mnn; strong_input_explicit_accepted,redesign/artifacts/mnn_identity_enrichment_pass_searxng_raw.jsonl,461,correct,incorrect,incorrect,,,"препарат otc, возрастной сегмент - универсальный",rx,взрослые,sem_baseline,sem1,sem_wave500_mnn_v3_report,medium,Sem v3 canonical attr contains RX/OTC=rx,sem_baseline,sem1,sem_wave500_mnn_v3_report,medium,Sem v3 canonical attr contains Age=взрослые,rx,взрослые,,,,,,,"[{""value"": ""rx"", ""method"": ""sem_baseline"", ""stage"": ""sem1"", ""source"": ""sem_wave500_mnn_v3_report"", ""confidence"": ""medium""}]","[{""value"": ""взрослые"", ""method"": ""sem_baseline"", ""stage"": ""sem1"", ""source"": ""sem_wave500_mnn_v3_report"", ""confidence"": ""medium""}]",,,FALSE,FALSE,FALSE,FALSE,low,"[""mnn""]",previous enrichment RX/OTC absent; catalog RX/OTC absent/unknown; previous enrichment Age absent; catalog Age absent/unknown,АМБРОКСОЛ; таблетки; 30 мг; N20; производитель: ВЕРТЕКС АО,Амброксол; таблетки; 30 мг; N20; ВЕРТЕКС АО,Амброксол таблетки 30 мг N20,ВЕРТЕКС АО,Амброксол,таблетки,таблетки,ТАБЛ.,30 мг,N20,,ВЕРТЕКС АО,ВЕРТЕКС,manufacturer_deduped,,2,0,3,5,,false,false,false,false,false,false,norm_v4_experiment_m5_0,norm_v4_1_offline_pack_and_retrieval_remediation,Амброксол; таблетки; 30 мг; N20; производитель: ВЕРТЕКС АО,Амброксол; таблетки; 30 мг; N20; ВЕРТЕКС АО,Амброксол таблетки 30 мг N20,ВЕРТЕКС АО,"Амброксол таблетки 30 мг N20, ВЕРТЕКС АО",Амброксол,таблетки,таблетки,ТАБЛ.,30 мг,ВЕРТЕКС АО,ВЕРТЕКС,,unknown,,N20,№20,N20,parsed,,АМБРОКСОЛ ТАБЛ. 30МГ ВЕРТЕКС,,,not_applicable,,false,false,,,,"{""m5_0_identity"": """", ""m5_0_manufacturer"": """", ""m5_0_notes"": """", ""m5_0_query"": """", ""m5_1_resolution_reason"": ""M5.0 labels blank; row was not in the reviewed 50-sample (blank is not treated as yes)."", ""m5_1_resolution_status"": ""not_applicable""}",,,,,not_applicable,M5.0 labels blank; row was not in the reviewed 50-sample (blank is not treated as yes).,false,false,false,false,false,false,false,true,false,false,false,,,,,
26319,"АЛТАЙ ФИТОЧАЙ КИПРЕЯ ТРАВА Ф/П 1,5Г №20 | АЛТАЙСКИЙ КЕДР ООО | АЛТАЙСКИЙ КЕДР ООО",,,none,unresolved_catalog,,,ok,new_enrichment,TRUE,ok,0,,unknown,взрослые,,unresolved_final,TRUE,https://medum.ru/fitochaj-altaj-kiprej-trava | https://medum.ru/fitochaj-altaj-kiprej-trava-filtrpakety-pachki | https://www.lsgeotar.ru/supplements/AARR | https://medum.ru/fitochaj-altaj-kiprej-trava | https://medum.ru/fitochaj-altaj-kiprej-trava-filtrpakety-pachki | https://www.rlsnet.ru/baa/fitocai-altai-kiprei-trava-37693 | https://kiberis.ru/?p=35848 | https://www.medsovet.info/herb/59593 | https://medum.ru/fitochaj-altaj-kiprej-trava | https://www.rlsnet.ru/baa/fitocai-altai-kiprei-trava-37693 | https://medum.ru/fitochaj-altaj-kiprej-trava-filtrpakety-pachki | https://kiberis.ru/?p=35848,"status=ok | Category=BAS | RX_OTC=not applicable | Age=Взрослый | Согласно найденным источникам, Фиточай «Алтай» (Кипрей трава) является биологически активной добавкой (БАД), а не лекарственным средством. Например, на сайте lsgeotar.ru указано, что это БАД к пище — источник флавоноидов и полифенольных соединений. Инструкция на webapteka.ru…",redesign/artifacts/mnn_identity_enrichment_pass_searxng_raw.jsonl,461,should_be_empty,,,,,BAS,not_applicable,not_applicable,not_applicable,mnn_identity_enrichment,mnn_identity_enrichment_pass_searxng_raw,high,identity enrichment run 461: Category=BAS/Other; RX/OTC not applicable,not_applicable,mnn_identity_enrichment,mnn_identity_enrichment_pass_searxng_raw,high,identity enrichment run 461: Category=BAS/Other; Age not applicable,otc,,,,,взрослые,,взрослые,"[{""value"": ""otc"", ""method"": ""sem_baseline"", ""stage"": ""sem1"", ""source"": ""sem_wave500_mnn_v3_report"", ""confidence"": ""medium""}]","[{""value"": ""взрослые"", ""method"": ""identity_enrichment"", ""stage"": ""mnn_identity_enrichment"", ""source"": ""mnn_identity_enrichment_pass_results"", ""confidence"": ""high""}, {""value"": ""взрослые"", ""method"": ""previous_enrichment"", ""stage"": ""previous_mnn_enrichment"", ""source"": ""mnn_catalog_resolution_wave500_v3"", ""confidence"": ""high""}]",,,TRUE,FALSE,FALSE,TRUE,high,"[""mnn"", ""non_drug_status"", ""source_match""]",,"АЛТАЙ ФИТОЧАЙ КИПРЕЯ; трава, фильтр-пакеты; 1.5 г; N20; производитель: АЛТАЙСКИЙ КЕДР ООО",Алтай Фиточай Кипрея; фильтр-пакеты; 1.5 г; N20; АЛТАЙСКИЙ КЕДР ООО,Алтай Фиточай Кипрея фильтр-пакеты 1.5 г N20,АЛТАЙСКИЙ КЕДР ООО,Алтай Фиточай Кипрея,фильтр-пакеты,"трава, фильтр-пакеты",ТРАВА,1.5 г,N20,,АЛТАЙСКИЙ КЕДР ООО,АЛТАЙСКИЙ,manufacturer_deduped,,1,0,3,5,,false,false,false,false,false,false,norm_v4_experiment_m5_0,norm_v4_1_offline_pack_and_retrieval_remediation,"Алтай Фиточай Кипрея; трава, фильтр-пакеты; 1.5 г; 1.5 г, N20; производитель: АЛТАЙСКИЙ КЕДР ООО","Алтай Фиточай Кипрея; фильтр-пакеты; 1.5 г; 1.5 г, N20; АЛТАЙСКИЙ КЕДР ООО",Алтай Фиточай Кипрея фильтр-пакеты 1.5 г N20,АЛТАЙСКИЙ КЕДР ООО,"Алтай Фиточай Кипрея фильтр-пакеты 1.5 г N20, АЛТАЙСКИЙ КЕДР ООО",Алтай Фиточай Кипрея,фильтр-пакеты,"трава, фильтр-пакеты",ТРАВА,1.5 г,АЛТАЙСКИЙ КЕДР ООО,АЛТАЙСКИЙ,,unknown,1.5 г,N20,"1,5Г №20","1.5 г, N20",parsed,,АЛТАЙ ФИТОЧАЙ КИПРЕЯ ТРАВА Ф/П,,,not_applicable,,false,false,,,,"{""m5_0_identity"": """", ""m5_0_manufacturer"": """", ""m5_0_notes"": """", ""m5_0_query"": """", ""m5_1_resolution_reason"": ""M5.0 labels blank; row was not in the reviewed 50-sample (blank is not treated as yes)."", ""m5_1_resolution_status"": ""not_applicable""}",,,,,not_applicable,M5.0 labels blank; row was not in the reviewed 50-sample (blank is not treated as yes).,false,false,false,false,false,false,false,true,false,false,false,,,,,
