product_id,run_id_source,mnn_enrichment_run_id,normalized_text,product_kind,attr_mnn,attr_rx_otc,mnn_uteka,rx_uteka,mnn_asna,rx_asna,mnn_apteka,rx_apteka,mnn_vidal,rx_vidal,source_canonical_json,component_stats_json,resolved_mnn,resolved_mnn_components,mnn_resolution_status,resolution_reason,resolved_rx_otc,resolved_age_segment,needs_mnn_enrichment,enrichment_called,mnn_enrichment_status,mnn_enriched,rx_otc_enriched,age_enriched,final_candidate_mnn,final_mnn_method,retry_count,needs_human_review,evidence_urls,idempotency_key
8,406,459,ХАЙЛЕФЛОКС 500мг N5 таб. покрытые пленочной оболочкой Хайгланс Лабораториз Пвт.Лтд. | Хайгланс лабораториз пвт. Лтд | Хайгланс лабораториз пвт. Лтд | N5,drug,Левофлоксацин,rx,Левофлоксацин,rx,Левофлоксацин,rx,,,Левофлоксацин,rx,"[{""source"": ""uteka"", ""raw_mnn"": ""Левофлоксацин"", ""field_type"": ""explicit_mnn"", ""canonical_components"": [""Левофлоксацин""], ""url"": null, ""parse_warnings"": []}, {""source"": ""asna"", ""raw_mnn"": ""Левофлоксацин"", ""field_type"": ""explicit_mnn"", ""canonical_components"": [""Левофлоксацин""], ""url"": null, ""parse_warnings"": []}, {""source"": ""vidal"", ""raw_mnn"": ""Левофлоксацин"", ""field_type"": ""explicit_mnn"", ""canonical_components"": [""Левофлоксацин""], ""url"": null, ""parse_warnings"": []}]","[{""component"": ""Левофлоксацин"", ""source_count"": 3, ""sources"": [""uteka"", ""asna"", ""vidal""]}]",Левофлоксацин,Левофлоксацин,resolved_catalog,consensus,rx,unknown,False,False,,,unknown,unknown,Левофлоксацин,catalog_consensus,0,False,,ca9122f2edc815783916f3537126367e
10,406,459,"НАТРИЯ ХЛОРИД 0,9% 400мл N12 р-р д/инфузий Биосинтез | Биосинтез ПАО | Биосинтез ПАО | N12",drug,Натрия хлорид,rx,Натрия хлорид,rx,,,,,,,"[{""source"": ""uteka"", ""raw_mnn"": ""Натрия хлорид"", ""field_type"": ""explicit_mnn"", ""canonical_components"": [""Натрия хлорид""], ""url"": null, ""parse_warnings"": []}]",[],,,unresolved_catalog,single_source,unknown,unknown,True,True,ok,Натрия хлорид,rx,универсальный,Натрия хлорид,enrichment,0,False,https://www.lsgeotar.ru/drugs/sodium-chloride-ADHG | https://www.rlsnet.ru/drugs/natriya-xlorid-2123 | https://allmed.pro/ru/drugs/natrija-hlorid | https://megapteka.ru/specials/guide_natriya-hlorid-instrukciya-1168 | https://www.vidal.ru/drugs/sodium_chlorid__31235 | https://www.vidal.ru/drugs/sodium-chlorid-60 | https://health.mail.ru/drug/natriya-hlorid-1/ | https://medum.ru/sodium-chloride-for-children | https://health.mail.ru/drug/natriya-hlorid/ | https://www.asna.ru/product/natriya_khlorid/instruction/ | https://steritech.ru/upload/docs/sodium_chloride_instructions_0.9.pdf | https://www.pharmcontrol.ru/registry/drugs/138639/,55e2a5fdf4a309b9ff05c9717c7f6e54
28,407,459,МЕРИФАТИН МВ 750мг N60 таб. с пролонгированным высвобождением Фармасинтез-Тюмень ООО | Фармасинтез-Тюмень ООО | Фармасинтез-Тюмень ООО | N60,drug,Мерифатин,rx,Метформин,rx,Метформин,rx,Метформин,rx,Метформин,rx,"[{""source"": ""uteka"", ""raw_mnn"": ""Метформин"", ""field_type"": ""explicit_mnn"", ""canonical_components"": [""Метформин""], ""url"": null, ""parse_warnings"": []}, {""source"": ""apteka"", ""raw_mnn"": ""Метформин"", ""field_type"": ""explicit_mnn"", ""canonical_components"": [""Метформин""], ""url"": null, ""parse_warnings"": []}, {""source"": ""asna"", ""raw_mnn"": ""Метформин"", ""field_type"": ""explicit_mnn"", ""canonical_components"": [""Метформин""], ""url"": null, ""parse_warnings"": []}, {""source"": ""vidal"", ""raw_mnn"": ""Метформин"", ""field_type"": ""explicit_mnn"", ""canonical_components"": [""Метформин""], ""url"": null, ""parse_warnings"": []}]","[{""component"": ""Метформин"", ""source_count"": 4, ""sources"": [""uteka"", ""apteka"", ""asna"", ""vidal""]}]",Метформин,Метформин,resolved_catalog,consensus,rx,unknown,False,False,,,unknown,unknown,Метформин,catalog_consensus,0,False,,19abf0af5157d3ceacf55b4057633ccb
34,407,459,МЕЛАДАПТ 3мг N10 таб. покрытые пленочной оболочкой Озон ООО | Озон ООО | Озон ООО | N10,drug,,rx,Мелатонин,otc,Мелатонин,otc,Мелатонин,,Мелатонин,otc,"[{""source"": ""uteka"", ""raw_mnn"": ""Мелатонин"", ""field_type"": ""explicit_mnn"", ""canonical_components"": [""Мелатонин""], ""url"": null, ""parse_warnings"": []}, {""source"": ""apteka"", ""raw_mnn"": ""Мелатонин"", ""field_type"": ""explicit_mnn"", ""canonical_components"": [""Мелатонин""], ""url"": null, ""parse_warnings"": []}, {""source"": ""asna"", ""raw_mnn"": ""Мелатонин"", ""field_type"": ""explicit_mnn"", ""canonical_components"": [""Мелатонин""], ""url"": null, ""parse_warnings"": []}, {""source"": ""vidal"", ""raw_mnn"": ""Мелатонин"", ""field_type"": ""explicit_mnn"", ""canonical_components"": [""Мелатонин""], ""url"": null, ""parse_warnings"": []}]","[{""component"": ""Мелатонин"", ""source_count"": 4, ""sources"": [""uteka"", ""apteka"", ""asna"", ""vidal""]}]",Мелатонин,Мелатонин,resolved_catalog,consensus,otc,unknown,False,False,,,unknown,unknown,Мелатонин,catalog_consensus,0,False,,9c1c974bf406e3f57c702e467e93d784
45,408,459,АКВИОН КОЖА ВОЛОСЫ НОГТИ таб. N60 ВТФ ООО | ВТФ ООО | ВТФ ООО | N60,drug,,otc,,,Биотин,otc,,,,,"[{""source"": ""asna"", ""raw_mnn"": ""Биотин"", ""field_type"": ""explicit_mnn"", ""canonical_components"": [""Биотин""], ""url"": null, ""parse_warnings"": []}]",[],,,unresolved_catalog,single_source,unknown,unknown,True,True,ok,,unknown,взрослые,,,0,True,https://www.rlsnet.ru/baa/akvion-koza-volosy-i-nogti-86134 | https://kiberis.ru/?p=35810 | https://www.lsgeotar.ru/lv/akvion-kozha-volosi-nogti-25345.html | https://bz.medvestnik.ru/drugs/409738.html | https://akvion.ru/ru/katalog/akvion/akvion-koja-volosy-i-nogti_caps/ | https://akvion.ru/ru/katalog/akvion/akvion-koja-volosy-i-nogti/ | https://akvion.shop/catalog/ot_akviona/akvion_koja_volosy_nogty_caps | https://zdravcity.ru/p_kozha-volosy-i-nogti-akvion-kapsuly895mg-60sht-0269295.html | https://akvion.shop/catalog/ot_akviona/akvion_koja_volosy_nogty | https://zdravcity.ru/p_kozha-volosy-i-nogti-akvion-kapsuly895mg-60sht-0269295.html | https://akvion.ru/ru/katalog/akvion/akvion-koja-volosy-i-nogti_caps/ | https://akvion.ru/ru/katalog/akvion/akvion-koja-volosy-i-nogti/,145f36b37f94ad556e424b2b19fc2057
54,408,459,ГЕПАРИН 5000ЕД/мл 5мл N5 р-р для в/в и п/к введения Армавирская биологическая фабрика фгуп | Армавирская биологическая фабрика фгуп | Армавирская биологическая фабрика фгуп | N5,drug,Гепарин натрия,rx,,,,,Гепарин натрия,rx,,,"[{""source"": ""apteka"", ""raw_mnn"": ""Гепарин натрия"", ""field_type"": ""explicit_mnn"", ""canonical_components"": [""Гепарин натрия""], ""url"": null, ""parse_warnings"": []}]",[],,,unresolved_catalog,single_source,unknown,unknown,True,True,ok,Гепарин натрия,rx,универсальный,Гепарин натрия,enrichment,0,False,https://www.rlsnet.ru/active-substance/geparin-natriya-423 | https://www.rlsnet.ru/active-substance/geparin-3413 | https://grls.rosminzdrav.ru/ | https://edu-rosminzdrav.ru/oficialnyj-buklet-o-geparine-i-opisanie-preparata-geparin-heparin-dlya-sistemnogo-primeneniya/ | https://health.mail.ru/drug/geparin-3/ | https://zdesapteka.ru/instructions/geparin/ | https://tabletka.ru/selection/geparin/instruction/ | https://medspravochnik.com/drugs/antikoagulyanty/geparin/ | https://plusmama.ru/drugs/rus-g/geparin/ | https://www.rlsnet.ru/drugs/geparin-900 | https://health.mail.ru/drug/geparin/ | https://www.vidal.ru/drugs/heparin__4363,c454cde1c8f3571464fed0f9b037ae35
56,408,459,РИТОФЛЕКС МСМ таб. N60 Фармацевтическая Фабрика ООО | Фармацевтическая фабрика ООО | Фармацевтическая фабрика ООО | N60,drug,,,,,Глюкозамин+Хондроитин+MSM,,"Глюкозамин, Хондроитинсульфат",,,,"[{""source"": ""apteka"", ""raw_mnn"": ""Глюкозамин, Хондроитинсульфат"", ""field_type"": ""explicit_mnn"", ""canonical_components"": [""Глюкозамин"", ""Хондроитинсульфат""], ""url"": null, ""parse_warnings"": []}, {""source"": ""asna"", ""raw_mnn"": ""Глюкозамин+Хондроитин+MSM"", ""field_type"": ""explicit_mnn"", ""canonical_components"": [""Глюкозамин"", ""Хондроитин"", ""MSM""], ""url"": null, ""parse_warnings"": []}]","[{""component"": ""Глюкозамин"", ""source_count"": 2, ""sources"": [""apteka"", ""asna""]}, {""component"": ""MSM"", ""source_count"": 1, ""sources"": [""asna""]}, {""component"": ""Хондроитин"", ""source_count"": 1, ""sources"": [""asna""]}, {""component"": ""Хондроитинсульфат"", ""source_count"": 1, ""sources"": [""apteka""]}]","Глюкозамин, MSM, Хондроитин, Хондроитинсульфат","Глюкозамин, MSM, Хондроитин, Хондроитинсульфат",resolved_catalog,consensus,unknown,unknown,False,False,,,unknown,unknown,"Глюкозамин, MSM, Хондроитин, Хондроитинсульфат",catalog_consensus,0,False,,15386090e8dba02939b1198ba36f4591
60,408,459,ДИКЛОФЕНАК 25мг/мл 3мл N10 р-р для в/м введения Дальхимфарм ОАО | Дальхимфарм ОАО | Дальхимфарм ОАО | N10,drug,Диклофенак,rx,,,,,Диклофенак,rx,,,"[{""source"": ""apteka"", ""raw_mnn"": ""Диклофенак"", ""field_type"": ""explicit_mnn"", ""canonical_components"": [""Диклофенак""], ""url"": null, ""parse_warnings"": []}]",[],,,unresolved_catalog,single_source,unknown,unknown,True,True,ok,Диклофенак,rx,универсальный,Диклофенак,enrichment,0,False,https://www.rlsnet.ru/drugs/diklofenak-1202 | https://www.vidal.ru/drugs/molecule/310 | https://health.mail.ru/drug/diklofenak_2/ | https://www.vidal.ru/drugs/diclofenac__30226 | https://www.vidal.ru/drugs/diclofenac__1101 | https://clinic-mos.ru/articles/nevrologiya/25667-diklofenak-tabletki-instruktsiya-pravila-priema-pobochnye.html | https://lecheniedetej.ru/preparaty/ot-temperatury/diklofenak.html | https://medi.ru/instrukciya/diklofenak_19443/ | https://medi.ru/instrukciya/diklofenak_19441/ | https://grls.pharm-portal.ru/grls/f43c9ecd-b71d-4f8b-8caa-0932535e568a | https://grls.pharm-portal.ru/grls/1aad622f-9125-4c98-8487-6d0a45c1f2a0 | https://www.pharmcontrol.ru/registry/drugs/10817/,77222a85df3b6150645ae05f48c0fb26
68,408,459,ЭПЛЕРЕНОН-ТЕВА 25мг N30 таб. покрытые пленочной оболочкой Тева фармасьютикал воркс прайвэт Лимитед Компани | Тева фармасьютикал воркс прайвэт Лимитед Компани | Тева фармасьютикал воркс прайвэт Лимитед Компани | N30,drug,Эплеренон,rx,Эплеренон,rx,Эплеренон,rx,Эплеренон,rx,Эплеренон,rx,"[{""source"": ""uteka"", ""raw_mnn"": ""Эплеренон"", ""field_type"": ""explicit_mnn"", ""canonical_components"": [""Эплеренон""], ""url"": null, ""parse_warnings"": []}, {""source"": ""apteka"", ""raw_mnn"": ""Эплеренон"", ""field_type"": ""explicit_mnn"", ""canonical_components"": [""Эплеренон""], ""url"": null, ""parse_warnings"": []}, {""source"": ""asna"", ""raw_mnn"": ""Эплеренон"", ""field_type"": ""explicit_mnn"", ""canonical_components"": [""Эплеренон""], ""url"": null, ""parse_warnings"": []}, {""source"": ""vidal"", ""raw_mnn"": ""Эплеренон"", ""field_type"": ""explicit_mnn"", ""canonical_components"": [""Эплеренон""], ""url"": null, ""parse_warnings"": []}]","[{""component"": ""Эплеренон"", ""source_count"": 4, ""sources"": [""uteka"", ""apteka"", ""asna"", ""vidal""]}]",Эплеренон,Эплеренон,resolved_catalog,consensus,rx,unknown,False,False,,,unknown,unknown,Эплеренон,catalog_consensus,0,False,,64dc3fd3feb1830936285863bd767bb9
70,409,459,РОЗУВАСТАТИН-ТЕВА 20мг N90 таб. покрытые пленочной оболочкой Р-Фарм Новосёлки | Р-Фарм новосёлки ООО | Р-Фарм новосёлки ООО | N90,drug,Розувастатин,rx,Розувастатин,rx,,,Розувастатин,rx,Розувастатин,rx,"[{""source"": ""uteka"", ""raw_mnn"": ""Розувастатин"", ""field_type"": ""explicit_mnn"", ""canonical_components"": [""Розувастатин""], ""url"": null, ""parse_warnings"": []}, {""source"": ""apteka"", ""raw_mnn"": ""Розувастатин"", ""field_type"": ""explicit_mnn"", ""canonical_components"": [""Розувастатин""], ""url"": null, ""parse_warnings"": []}, {""source"": ""vidal"", ""raw_mnn"": ""Розувастатин"", ""field_type"": ""explicit_mnn"", ""canonical_components"": [""Розувастатин""], ""url"": null, ""parse_warnings"": []}]","[{""component"": ""Розувастатин"", ""source_count"": 3, ""sources"": [""uteka"", ""apteka"", ""vidal""]}]",Розувастатин,Розувастатин,resolved_catalog,consensus,rx,unknown,False,False,,,unknown,unknown,Розувастатин,catalog_consensus,0,False,,bbd5b867009008d775c2e7cd1e80474c
72,409,459,ФАРИНГАЛ таб. 650мг N10 Салута-М | Салута-М ООО | Салута-М ООО | N10,drug,,otc,,,,otc,,,,,"[{""source"": ""asna"", ""raw_mnn"": null, ""field_type"": ""unknown"", ""canonical_components"": [], ""url"": null, ""parse_warnings"": []}]",[],,,unresolved_catalog,empty,unknown,unknown,True,True,ok,,unknown,универсальный,,,0,True,https://www.webapteka.ru/drugbase/name11423.html | https://grls.rosminzdrav.ru/ | https://rlp2.test.egisz.rosminzdrav.ru/registries/grls | https://grls.rosminzdrav.ru/ | https://www.webapteka.ru/drugbase/name11423.html | https://www.eurolab-portal.ru/medicine/vitamins/9800/ | https://www.rlsnet.ru/baa/faringal-10921 | https://www.rlsnet.ru/drugs/faringal-10921 | https://aptekamos.ru/tovary/izdeliya-med-naznacheniya/zveroboya-travy-ekstrakt-kalenduly-cvetkov-ekstrakt-soloki-korneyo-ekstrakt-tysyachelistnika-travy-ekstrakt-shipovnika-plodov-ekstrakt-8467/faringal-sredstvo-antisepticheskoe-dlya-polosti-rta-tabletki-massoyo-0-65g-29229/instrukciya | https://www.medsovet.info/herb/15570 | https://www.vidal.ru/drugs/pharyngol_edas-126__35654 | https://minzdrav.gov.ru/opendata/7707778246-grls/visual,4327b96f4424a5f8700b52e97721c7d1
73,409,459,ГАСТРАСАН ЭКСПРЕСС 680мг+80мг N12 таб. жевательные Апельсин ЮжФарм ООО | ЮжФарм ООО | ЮжФарм ООО | N12,drug,,otc,,,Кальция карбонат + Магния карбонат,otc,"Кальция карбонат, Магния карбонат",,Кальция карбонат,otc,"[{""source"": ""apteka"", ""raw_mnn"": ""Кальция карбонат, Магния карбонат"", ""field_type"": ""explicit_mnn"", ""canonical_components"": [""Кальция карбонат"", ""Магния карбонат""], ""url"": null, ""parse_warnings"": []}, {""source"": ""asna"", ""raw_mnn"": ""Кальция карбонат + Магния карбонат"", ""field_type"": ""explicit_mnn"", ""canonical_components"": [""Кальция карбонат"", ""Магния карбонат""], ""url"": null, ""parse_warnings"": []}, {""source"": ""vidal"", ""raw_mnn"": ""Кальция карбонат"", ""field_type"": ""explicit_mnn"", ""canonical_components"": [""Кальция карбонат""], ""url"": null, ""parse_warnings"": []}]","[{""component"": ""Кальция карбонат"", ""source_count"": 3, ""sources"": [""apteka"", ""asna"", ""vidal""]}, {""component"": ""Магния карбонат"", ""source_count"": 2, ""sources"": [""apteka"", ""asna""]}]","Кальция карбонат, Магния карбонат","Кальция карбонат, Магния карбонат",resolved_catalog,consensus,otc,unknown,False,False,,,unknown,unknown,"Кальция карбонат, Магния карбонат",catalog_consensus,0,False,,f6c05ead544151433845478ea9b154b8
75,409,459,САМБУКУС БУЗИНА ИММУНИТЕТ таб. массой 700мг N30 Грин сайд ООО | Грин Сайд ООО | Грин Сайд ООО | N30,drug,,otc,,,,,,,,,[],[],,,unresolved_catalog,empty,unknown,unknown,True,True,ok,,unknown,универсальный,,,0,True,https://apteka.ru/product/green-side-sambukus-buzina-immunitet-sirop-150ml-61c46cf973341e2e5c7a457e/instructions/ | https://aptekamos.ru/tovary/bad/sambukus-buzina-immunitet-16707/sambukus-buzina-immunitet-sirop-greenside-150ml-108621/instrukciya | https://apteka.ru/product/green-side-sambukus-buzina-immunitet-sirop-150ml-61c46cf973341e2e5c7a457e/instructions/ | https://medum.ru/sambukus-buzina-immunitet-sirop | https://www.lsgeotar.ru/ru/sambukus-buzina-immunitet-sirop-39768.html | https://medum.ru/sambukus-buzina-immunitet-sirop | https://medum.ru/sambucus-elderberry-immunity-syrup | https://apteka.ru/product/green-side-sambukus-buzina-immunitet-sirop-150ml-61c46cf973341e2e5c7a457e/instructions/ | https://aptekamos.ru/tovary/bad/sambukus-buzina-immunitet-16707/sambukus-buzina-immunitet-sirop-greenside-150ml-108621/instrukciya | https://www.lsgeotar.ru/ru/sambukus-buzina-immunitet-sirop-39768.html | https://zdravcity.ru/p_sambukus-buzina-immunitet-bez-sahara-green-side-grin-sajd-tabletki-700mg-30sht-0185008.html | https://fedsp.com/catalog/health/zdorove-i-profilaktika/green-side-sambukus-buzina-immunitet-30-700-mg-105569477,8098460f5d0fcd67a1a034219bd7d6fd
86,409,459,ТАДАЛАФИЛ-АЛИУМ 20мг N8 таб. покрытые пленочной оболочкой Алиум АО | Алиум АО | Алиум АО | N8,drug,Тадалафил,rx,Ацикловир,rx,Ривароксабан,rx,Ацикловир,rx,Албендазол,rx,"[{""source"": ""uteka"", ""raw_mnn"": ""Ацикловир"", ""field_type"": ""explicit_mnn"", ""canonical_components"": [""Ацикловир""], ""url"": null, ""parse_warnings"": []}, {""source"": ""apteka"", ""raw_mnn"": ""Ацикловир"", ""field_type"": ""explicit_mnn"", ""canonical_components"": [""Ацикловир""], ""url"": null, ""parse_warnings"": []}, {""source"": ""asna"", ""raw_mnn"": ""Ривароксабан"", ""field_type"": ""explicit_mnn"", ""canonical_components"": [""Ривароксабан""], ""url"": null, ""parse_warnings"": []}, {""source"": ""vidal"", ""raw_mnn"": ""Албендазол"", ""field_type"": ""explicit_mnn"", ""canonical_components"": [""Албендазол""], ""url"": null, ""parse_warnings"": []}]",[],,,unresolved_catalog,equal_conflict,rx,unknown,True,True,ok,Тадалафил,rx,взрослые,Тадалафил,enrichment,0,False,https://www.vidal.ru/drugs/tadalafil-alium | https://www.lsgeotar.ru/drugs/tadalafil-alium-AFED | https://megapteka.ru/specials/guide_tadalafil-instrukciya-po-1371 | https://health.mail.ru/drug/tadalafilalium/ | https://health.mail.ru/drug/tadalafilalium/ | https://www.vidal.ru/drugs/tadalafil-alium | https://megapteka.ru/specials/guide_tadalafil-instrukciya-po-1371 | https://health.mail.ru/drug/tadalafilalium/ | https://www.vidal.ru/drugs/tadalafil-alium | https://medum.ru/tadalafil-alium | https://www.vidal.ru/drugs/tadalafil-17 | https://www.rlsnet.ru/drugs/tadalafil-76150,2031b8ad707e6ce673739a8d4184daf0
88,410,459,ГЕСПЕРИДИН+ДИОСМИН 100мг+900мг N30 таб. покрытые пленочной оболочкой Алиум АО | Алиум АО | Алиум АО | N30,drug,Диосмин+Гесперидин,otc,,,Бензалкония хлорид + Бензокаин + Тиротрицин,otc,Албендазол,rx,Албендазол,rx,"[{""source"": ""apteka"", ""raw_mnn"": ""Албендазол"", ""field_type"": ""explicit_mnn"", ""canonical_components"": [""Албендазол""], ""url"": null, ""parse_warnings"": []}, {""source"": ""asna"", ""raw_mnn"": ""Бензалкония хлорид + Бензокаин + Тиротрицин"", ""field_type"": ""explicit_mnn"", ""canonical_components"": [""Бензалкония хлорид"", ""Бензокаин"", ""Тиротрицин""], ""url"": null, ""parse_warnings"": []}, {""source"": ""vidal"", ""raw_mnn"": ""Албендазол"", ""field_type"": ""explicit_mnn"", ""canonical_components"": [""Албендазол""], ""url"": null, ""parse_warnings"": []}]","[{""component"": ""Албендазол"", ""source_count"": 2, ""sources"": [""apteka"", ""vidal""]}]",Албендазол,Албендазол,resolved_catalog,consensus,rx,unknown,False,False,,,unknown,unknown,Албендазол,catalog_consensus,0,False,,d99d64b0d58ef5aca4474de0e8494023
92,410,459,ДИНАМИКО ЛОНГ 20мг N8 таб. покрытые пленочной оболочкой Тева Фармацевтические Предприятия Лтд | Тева Фармацевтические Предприятия Лтд. | Тева Фармацевтические Предприятия Лтд. | N8,drug,,rx,Тадалафил,rx,Тадалафил,rx,Тадалафил,rx,Тадалафил,rx,"[{""source"": ""uteka"", ""raw_mnn"": ""Тадалафил"", ""field_type"": ""explicit_mnn"", ""canonical_components"": [""Тадалафил""], ""url"": null, ""parse_warnings"": []}, {""source"": ""apteka"", ""raw_mnn"": ""Тадалафил"", ""field_type"": ""explicit_mnn"", ""canonical_components"": [""Тадалафил""], ""url"": null, ""parse_warnings"": []}, {""source"": ""asna"", ""raw_mnn"": ""Тадалафил"", ""field_type"": ""explicit_mnn"", ""canonical_components"": [""Тадалафил""], ""url"": null, ""parse_warnings"": []}, {""source"": ""vidal"", ""raw_mnn"": ""Тадалафил"", ""field_type"": ""explicit_mnn"", ""canonical_components"": [""Тадалафил""], ""url"": null, ""parse_warnings"": []}]","[{""component"": ""Тадалафил"", ""source_count"": 4, ""sources"": [""uteka"", ""apteka"", ""asna"", ""vidal""]}]",Тадалафил,Тадалафил,resolved_catalog,consensus,rx,unknown,False,False,,,unknown,unknown,Тадалафил,catalog_consensus,0,False,,6dd635e9130a6d0d30b59eeffd932a39
249,410,459,ОСТЕОМЕД таб. N60 Парафарм | Парафарм ООО | Парафарм ООО | N60,drug,,otc,,,,otc,,,,otc,"[{""source"": ""asna"", ""raw_mnn"": null, ""field_type"": ""unknown"", ""canonical_components"": [], ""url"": null, ""parse_warnings"": []}, {""source"": ""vidal"", ""raw_mnn"": null, ""field_type"": ""unknown"", ""canonical_components"": [], ""url"": null, ""parse_warnings"": []}]",[],,,unresolved_catalog,empty,otc,unknown,True,True,ok,,unknown,взрослые,,,0,True,https://grls.rosminzdrav.ru/ | https://www.vidal.ru/drugs/osteomed | https://edu-rosminzdrav.ru/gosudarstvennyj-reestr-lekarstvennyx-sredstv-rossijskoj-federacii-2/ | https://www.vidal.ru/drugs/osteomed | https://www.eapteka.ru/goods/vitaminy_i_bad/biologicheski_aktivnye_dobavki/bad_vitaminsoderzhashchie_mineraly/vitaminno_mineralnye_kompleksy/osteomed/ | https://grls.rosminzdrav.ru/ | https://www.lsgeotar.ru/supplements/osteomed-AEmL | https://www.vidal.ru/drugs/osteomed | https://medum.ru/osteomed | https://www.vidal.ru/drugs/osteomed-forte | https://medum.ru/osteomed-tabletki | https://www.webapteka.ru/drugbase/name67219.html,492a07cbfab44046176474ff22df06c2
354,411,459,"ЭХИНАЦЕИ ПУРПУРНОЙ ТРАВА 1,5Г Ф/П №20 ИВАН ЧАЙ | ИВАН-ЧАЙ ЗАО | ИВАН-ЧАЙ ЗАО",drug,,otc,,,,otc,,,,,"[{""source"": ""asna"", ""raw_mnn"": null, ""field_type"": ""unknown"", ""canonical_components"": [], ""url"": null, ""parse_warnings"": []}]",[],,,unresolved_catalog,empty,unknown,unknown,True,True,ok,Эхинацеи пурпурной трава,otc,взрослые,Эхинацеи пурпурной трава,enrichment,0,False,https://www.rlsnet.ru/active-substance/exinacei-purpurnoi-trava-1801 | https://www.vidal.ru/drugs/echinaceae_purpurae_herba__30449 | https://www.vidal.ru/drugs/echinaceae_purpurae_herba__30448 | https://medum.ru/ekhinacei-purpurnoj-trava | https://health.mail.ru/drug/ehinatsei-purpurnoy-trava/ | https://www.rlsnet.ru/drugs/exinacei-purpurnoi-trava-5427 | https://medi.ru/instrukciya/ehinatsei-purpurnoy-trava_25199/ | https://www.rlsnet.ru/baa/exinacei-purpurnoi-trava-5427 | https://health.mail.ru/drug/ehinatsei-purpurnoy-trava/ | https://medi.ru/instrukciya/ehinatsei-purpurnoy-trava_25199/ | https://medum.ru/ekhinacei-purpurnoj-trava | https://medum.ru/ehkhinacei-purpurnoj-trava,5b2953d53743b0fb73a9fa94265bf11a
456,411,459,"ЭТОРИАКС ТАБЛ. П/ПЛЕН/ОБ. 60МГ №14 | КРКА, Д.Д., НОВО МЕСТО АО | КРКА, Д.Д., НОВО МЕСТО АО",drug,Эторикоксиб,rx,Эторикоксиб,rx,Эторикоксиб,rx,Эторикоксиб,rx,Эторикоксиб,rx,"[{""source"": ""uteka"", ""raw_mnn"": ""Эторикоксиб"", ""field_type"": ""explicit_mnn"", ""canonical_components"": [""Эторикоксиб""], ""url"": null, ""parse_warnings"": []}, {""source"": ""apteka"", ""raw_mnn"": ""Эторикоксиб"", ""field_type"": ""explicit_mnn"", ""canonical_components"": [""Эторикоксиб""], ""url"": null, ""parse_warnings"": []}, {""source"": ""asna"", ""raw_mnn"": ""Эторикоксиб"", ""field_type"": ""explicit_mnn"", ""canonical_components"": [""Эторикоксиб""], ""url"": null, ""parse_warnings"": []}, {""source"": ""vidal"", ""raw_mnn"": ""Эторикоксиб"", ""field_type"": ""explicit_mnn"", ""canonical_components"": [""Эторикоксиб""], ""url"": null, ""parse_warnings"": []}]","[{""component"": ""Эторикоксиб"", ""source_count"": 4, ""sources"": [""uteka"", ""apteka"", ""asna"", ""vidal""]}]",Эторикоксиб,Эторикоксиб,resolved_catalog,consensus,rx,unknown,False,False,,,unknown,unknown,Эторикоксиб,catalog_consensus,0,False,,c74f232fc728dbd823e815d7451de428
486,411,459,ЭСЦИТАЛОПРАМ КАНОН ТАБЛ. П/ПЛЕН/ОБ. 20МГ №28 | КАНОНФАРМА ПРОДАКШН ЗАО | КАНОНФАРМА ПРОДАКШН ЗАО,drug,Эсциталопрам,rx,Эсциталопрам,rx,,,,,Эсциталопрам,rx,"[{""source"": ""uteka"", ""raw_mnn"": ""Эсциталопрам"", ""field_type"": ""explicit_mnn"", ""canonical_components"": [""Эсциталопрам""], ""url"": null, ""parse_warnings"": []}, {""source"": ""vidal"", ""raw_mnn"": ""Эсциталопрам"", ""field_type"": ""explicit_mnn"", ""canonical_components"": [""Эсциталопрам""], ""url"": null, ""parse_warnings"": []}]","[{""component"": ""Эсциталопрам"", ""source_count"": 2, ""sources"": [""uteka"", ""vidal""]}]",Эсциталопрам,Эсциталопрам,resolved_catalog,consensus,rx,unknown,False,False,,,unknown,unknown,Эсциталопрам,catalog_consensus,0,False,,be8eba9ad63e8625a5814694091d0c79
777,411,459,ЭНАЛАПРИЛ АЛЬФАКТИВ ТАБЛ. 20МГ №20 | ОЗОН ФАРМ ООО | ОЗОН ФАРМ ООО,drug,Эналаприл,rx,Эналаприл,rx,,,Эналаприл,rx,,,"[{""source"": ""uteka"", ""raw_mnn"": ""Эналаприл"", ""field_type"": ""explicit_mnn"", ""canonical_components"": [""Эналаприл""], ""url"": null, ""parse_warnings"": []}, {""source"": ""apteka"", ""raw_mnn"": ""Эналаприл"", ""field_type"": ""explicit_mnn"", ""canonical_components"": [""Эналаприл""], ""url"": null, ""parse_warnings"": []}]","[{""component"": ""Эналаприл"", ""source_count"": 2, ""sources"": [""uteka"", ""apteka""]}]",Эналаприл,Эналаприл,resolved_catalog,consensus,rx,unknown,False,False,,,unknown,unknown,Эналаприл,catalog_consensus,0,False,,137a32bb84ede33ca2eb1db657c81bc4
844,412,459,ЭЛЬКАР Р-Р Д/ПРИЕМА ВНУТРЬ 300МГ/МЛ ФЛ. 25МЛ | ///ПИК-ФАРМА ЛЕК | ///ПИК-ФАРМА ЛЕК,drug,Левокарнитин,Без рецепта,Левокарнитин,otc,Левокарнитин,otc,Левокарнитин,,Левокарнитин,rx,"[{""source"": ""uteka"", ""raw_mnn"": ""Левокарнитин"", ""field_type"": ""explicit_mnn"", ""canonical_components"": [""Левокарнитин""], ""url"": null, ""parse_warnings"": []}, {""source"": ""apteka"", ""raw_mnn"": ""Левокарнитин"", ""field_type"": ""explicit_mnn"", ""canonical_components"": [""Левокарнитин""], ""url"": null, ""parse_warnings"": []}, {""source"": ""asna"", ""raw_mnn"": ""Левокарнитин"", ""field_type"": ""explicit_mnn"", ""canonical_components"": [""Левокарнитин""], ""url"": null, ""parse_warnings"": []}, {""source"": ""vidal"", ""raw_mnn"": ""Левокарнитин"", ""field_type"": ""explicit_mnn"", ""canonical_components"": [""Левокарнитин""], ""url"": null, ""parse_warnings"": []}]","[{""component"": ""Левокарнитин"", ""source_count"": 4, ""sources"": [""uteka"", ""apteka"", ""asna"", ""vidal""]}]",Левокарнитин,Левокарнитин,resolved_catalog,consensus,otc,unknown,False,False,,,unknown,unknown,Левокарнитин,catalog_consensus,0,False,,4b77621e7a823ba0973adfb3370d0be5
884,412,459,"ЭЛИЦЕЯ КУ-ТАБ ТАБЛ. ДИСПЕРГ. В ПОЛОСТИ РТА 10МГ №56 | КРКА, Д.Д., НОВО МЕСТО АО | КРКА, Д.Д., НОВО МЕСТО АО",drug,,rx,Эсциталопрам,rx,,,,,Эсциталопрам,rx,"[{""source"": ""uteka"", ""raw_mnn"": ""Эсциталопрам"", ""field_type"": ""explicit_mnn"", ""canonical_components"": [""Эсциталопрам""], ""url"": null, ""parse_warnings"": []}, {""source"": ""vidal"", ""raw_mnn"": ""Эсциталопрам"", ""field_type"": ""explicit_mnn"", ""canonical_components"": [""Эсциталопрам""], ""url"": null, ""parse_warnings"": []}]","[{""component"": ""Эсциталопрам"", ""source_count"": 2, ""sources"": [""uteka"", ""vidal""]}]",Эсциталопрам,Эсциталопрам,resolved_catalog,consensus,rx,unknown,False,False,,,unknown,unknown,Эсциталопрам,catalog_consensus,0,False,,d7b965221c802564d51c8b5941768548
1053,412,459,"ЭКЗОРОЛФИНЛАК ЛАК Д/НОГТЕЙ 5% ФЛ. 2,5МЛ | ПАУЛЬ В. БЕЙФЕРС ГМБХ | ПАУЛЬ В. БЕЙФЕРС ГМБХ",drug,Циклопирокс,rx,Аморолфин,otc,,,,,Аморолфин,otc,"[{""source"": ""uteka"", ""raw_mnn"": ""Аморолфин"", ""field_type"": ""explicit_mnn"", ""canonical_components"": [""Аморолфин""], ""url"": null, ""parse_warnings"": []}, {""source"": ""vidal"", ""raw_mnn"": ""Аморолфин"", ""field_type"": ""explicit_mnn"", ""canonical_components"": [""Аморолфин""], ""url"": null, ""parse_warnings"": []}]","[{""component"": ""Аморолфин"", ""source_count"": 2, ""sources"": [""uteka"", ""vidal""]}]",Аморолфин,Аморолфин,resolved_catalog,consensus,otc,unknown,False,False,,,unknown,unknown,Аморолфин,catalog_consensus,0,False,,6aabddd2589035e09b7e9e9806002e00
1217,412,459,"ЭВКАЛИПТА ПРУТОВИДНОГО ЛИСТЬЯ Ф/П 1,5Г №20 ЗДОРОВЬЕ | ЗДОРОВЬЕ ФИРМА ООО | ЗДОРОВЬЕ ФИРМА ООО",drug,Эвкалипта прутовидного листьев,otc,,,Этилметилгидроксипиридина сукцинат,rx,,,,otc,"[{""source"": ""asna"", ""raw_mnn"": ""Этилметилгидроксипиридина сукцинат"", ""field_type"": ""explicit_mnn"", ""canonical_components"": [""Этилметилгидроксипиридина сукцинат""], ""url"": null, ""parse_warnings"": []}, {""source"": ""vidal"", ""raw_mnn"": null, ""field_type"": ""unknown"", ""canonical_components"": [], ""url"": null, ""parse_warnings"": []}]",[],,,unresolved_catalog,single_source,unknown,unknown,True,True,ok,Эвкалипта прутовидного листья,otc,универсальный,Эвкалипта прутовидного листья,enrichment,0,False,https://medum.ru/ehvkalipta-prutovidnogo-listya | https://www.webapteka.ru/drugbase/name7731.html | https://zdesapteka.ru/instructions/evkalipta-prutovidnogo-listya/ | https://allmed.pro/ru/drugs/evkalipta-prutovidnogo-listja | https://medum.ru/listya-evkalipta-prutovidnogo | https://medi.ru/instrukciya/evkalipta-prutovidnogo-listya_24867/ | https://medum.ru/ehvkalipta-prutovidnogo-listya | https://bookmed.narket.ru/substance/evkalipta-prutovidnogo-list-ya-2414 | https://medi.ru/instrukciya/evkalipta-prutovidnogo-listya_24858/ | https://medvestnik.ru/ls/a0e3f0c5-ba80-4c70-b4b7-e636db184f99.html | https://medum.ru/ehvkalipta-prutovidnogo-listya | https://medum.ru/listya-evkalipta-prutovidnogo,c25a23ba14e411a06fe2473b6eaae9eb
1638,413,459,ЧЕРЕДЫ ТРАВА 50Г ЗДОРОВЬЕ | ЗДОРОВЬЕ ФИРМА ООО | ЗДОРОВЬЕ ФИРМА ООО,drug,,otc,,,Этилметилгидроксипиридина сукцинат,rx,,,,otc,"[{""source"": ""asna"", ""raw_mnn"": ""Этилметилгидроксипиридина сукцинат"", ""field_type"": ""explicit_mnn"", ""canonical_components"": [""Этилметилгидроксипиридина сукцинат""], ""url"": null, ""parse_warnings"": []}, {""source"": ""vidal"", ""raw_mnn"": null, ""field_type"": ""unknown"", ""canonical_components"": [], ""url"": null, ""parse_warnings"": []}]",[],,,unresolved_catalog,single_source,unknown,unknown,True,True,ok,Череды трехраздельной трава,otc,универсальный,Череды трехраздельной трава,enrichment,0,False,https://www.lsgeotar.ru/drugs/beggarticks-herb-BBNJ | https://www.lsgeotar.ru/drugs/beggarticks-herb-BBN1 | https://medum.ru/trava-cheredy-instrukciya | https://www.rlsnet.ru/drugs/ceredy-trava-10072 | https://medum.ru/trava-cheredy | https://health.mail.ru/drug/cheredy-trava/ | https://www.rlsnet.ru/drugs/ceredy-trava-10072 | https://medi.ru/instrukciya/cheredy-trava_2689/ | https://medum.ru/trava-cheredy-instrukciya | https://health.mail.ru/drug/cheredy-trava-1/ | https://medum.ru/trava-cheredy | https://www.vidal.ru/drugs/bidentis_herba__25006,2c48b75d1c462fddd5e946900216f091
1668,413,459,"ЧАБРЕЦА ТРАВА Ф/П 1,5Г №20 ЗДОРОВЬЕ | Здоровье фирма ЗАО | Здоровье фирма ЗАО",drug,,otc,,,Этилметилгидроксипиридина сукцинат,rx,,,,otc,"[{""source"": ""asna"", ""raw_mnn"": ""Этилметилгидроксипиридина сукцинат"", ""field_type"": ""explicit_mnn"", ""canonical_components"": [""Этилметилгидроксипиридина сукцинат""], ""url"": null, ""parse_warnings"": []}, {""source"": ""vidal"", ""raw_mnn"": null, ""field_type"": ""unknown"", ""canonical_components"": [], ""url"": null, ""parse_warnings"": []}]",[],,,unresolved_catalog,single_source,unknown,unknown,True,True,ok,Тимьяна ползучего трава,otc,универсальный,Тимьяна ползучего трава,enrichment,2,False,https://www.rlsnet.ru/drugs/cabreca-trava-5223 | https://www.rlsnet.ru/drugs/cabreca-trava-5223 | https://www.rlsnet.ru/drugs/cabreca-trava-5223 | https://medi.ru/instrukciya/chabretsa-trava_24750/ | https://medi.ru/instrukciya/chabretsa-trava_24742/ | https://medum.ru/chabrec-trava | https://medum.ru/chabreca-trava | https://health.mail.ru/drug/chabretsa-trava-1/ | https://www.vidal.ru/drugs/serpylli_herba__16609 | https://grls.pharm-portal.ru/grls/11b031bb-6f21-45f2-b465-122d3b120f53 | https://zdravmedinform.ru/farmakopeia/fs.2.5.0047.15.html | https://www.pharmcontrol.ru/registry/drugs/16742/,132e550e8fad440f594f4fb769814b44
1765,413,459,ЦИПРОТЕРОН-ТЕВА ТАБЛ. 50МГ №50 | ТЕВА ЧЕШСКИЕ ПРЕДПРИЯТИЯ С.Р.О. | ТЕВА ЧЕШСКИЕ ПРЕДПРИЯТИЯ С.Р.О.,drug,Ципротерон,rx,Ципротерон,rx,,,,,Ципротерон,rx,"[{""source"": ""uteka"", ""raw_mnn"": ""Ципротерон"", ""field_type"": ""explicit_mnn"", ""canonical_components"": [""Ципротерон""], ""url"": null, ""parse_warnings"": []}, {""source"": ""vidal"", ""raw_mnn"": ""Ципротерон"", ""field_type"": ""explicit_mnn"", ""canonical_components"": [""Ципротерон""], ""url"": null, ""parse_warnings"": []}]","[{""component"": ""Ципротерон"", ""source_count"": 2, ""sources"": [""uteka"", ""vidal""]}]",Ципротерон,Ципротерон,resolved_catalog,consensus,rx,unknown,False,False,,,unknown,unknown,Ципротерон,catalog_consensus,0,False,,355bf380fdb623a968d621fc70d6855d
2023,413,459,ЦЕЛЕКОКСИБ-ТЕВА КАПС. 200МГ №30 | УОТСОН ФАРМА ПРАЙВЭТ ЛИМИТЕД | УОТСОН ФАРМА ПРАЙВЭТ ЛИМИТЕД,drug,Целекоксиб,rx,Целекоксиб,rx,,,,,Целекоксиб,rx,"[{""source"": ""uteka"", ""raw_mnn"": ""Целекоксиб"", ""field_type"": ""explicit_mnn"", ""canonical_components"": [""Целекоксиб""], ""url"": null, ""parse_warnings"": []}, {""source"": ""vidal"", ""raw_mnn"": ""Целекоксиб"", ""field_type"": ""explicit_mnn"", ""canonical_components"": [""Целекоксиб""], ""url"": null, ""parse_warnings"": []}]","[{""component"": ""Целекоксиб"", ""source_count"": 2, ""sources"": [""uteka"", ""vidal""]}]",Целекоксиб,Целекоксиб,resolved_catalog,consensus,rx,unknown,False,False,,,unknown,unknown,Целекоксиб,catalog_consensus,0,False,,bbf15019ad01da4fa720c69c47a48f66
2348,414,459,ХИЛАК ФОРТЕ КАПЛИ Д/ПРИЕМА ВНУТРЬ ВИШНЯ ФЛ. 100МЛ | МЕРКЛЕ ГМБХ | МЕРКЛЕ ГМБХ,drug,,otc,"Метаболиты бактерий Escherichia col., Enterococcus faec., Lactobacillus acid., Lactobacillus helv",otc,Метаболиты бактерий,otc,,,Противодиарейные микроорганизмы,otc,"[{""source"": ""uteka"", ""raw_mnn"": ""Метаболиты бактерий Escherichia col., Enterococcus faec., Lactobacillus acid., Lactobacillus helv"", ""field_type"": ""explicit_mnn"", ""canonical_components"": [""Метаболиты бактерий Escherichia col"", ""Enterococcus faec"", ""Lactobacillus acid"", ""Lactobacillus helv""], ""url"": null, ""parse_warnings"": []}, {""source"": ""asna"", ""raw_mnn"": ""Метаболиты бактерий"", ""field_type"": ""explicit_mnn"", ""canonical_components"": [""Метаболиты бактерий""], ""url"": null, ""parse_warnings"": []}, {""source"": ""vidal"", ""raw_mnn"": ""Противодиарейные микроорганизмы"", ""field_type"": ""explicit_mnn"", ""canonical_components"": [""Противодиарейные микроорганизмы""], ""url"": null, ""parse_warnings"": []}]",[],,,unresolved_catalog,equal_conflict,otc,unknown,True,True,ok_partial,,otc,универсальный,,,2,True,https://pharmproduct.ru/drugs/xilak-forte | https://www.vidal.ru/drugs/hylak-forte-2 | https://medi.ru/instrukciya/khilak-forte_77/ | https://pharmproduct.ru/drugs/xilak-forte/instruction | https://www.rlsnet.ru/drugs/xilak-forte-3312 | https://drugs.medelement.com/drug/%D1%85%D0%B8%D0%BB%D0%B0%D0%BA-%D1%84%D0%BE%D1%80%D1%82%D0%B5-%D0%B8%D0%BD%D1%81%D1%82%D1%80%D1%83%D0%BA%D1%86%D0%B8%D1%8F/905641741621073522?instruction_lang=RU | https://aptekamos.ru/tovary/lekarstva/metabolity-bakteriyo-escherichia-coli-enterococcus-faecalis-lactobacillus-acidophilus-lactobacillus-helveticus-3799/xilak-forte-kapli-100ml-14527/instrukciya | https://www.vidal.ru/drugs/hylak-forte-2 | https://gorzdrav.org/catalog/khilak-forte/ | https://www.rlsnet.ru/drugs/xilak-forte-3312 | https://hylakforte.teva.ru/system/products/files/000/000/003/original/hylak_forte_instruction.pdf?1513963624 | https://allmed.pro/ru/drugs/hilak-forte,7eb9a61a1ca8d3de851ee4ec5d1835da
2621,415,459,ФУРАЦИЛИН ТАБЛ. Д/Р-РА Д/МЕСТН. И НАРУЖ. ПРИМ. 20МГ №20 ТАТХИМФАРМПРЕПАРАТЫ | ТАТХИМФАРМПРЕПАРАТЫ АО | ТАТХИМФАРМПРЕПАРАТЫ АО,drug,Нитрофурал,rx,Нитрофурал,otc,,otc,,,Прокаин,otc,"[{""source"": ""uteka"", ""raw_mnn"": ""Нитрофурал"", ""field_type"": ""explicit_mnn"", ""canonical_components"": [""Нитрофурал""], ""url"": null, ""parse_warnings"": []}, {""source"": ""asna"", ""raw_mnn"": null, ""field_type"": ""unknown"", ""canonical_components"": [], ""url"": null, ""parse_warnings"": []}, {""source"": ""vidal"", ""raw_mnn"": ""Прокаин"", ""field_type"": ""explicit_mnn"", ""canonical_components"": [""Прокаин""], ""url"": null, ""parse_warnings"": []}]",[],,,unresolved_catalog,equal_conflict,otc,unknown,True,True,ok,Нитрофурал,rx,универсальный,Нитрофурал,enrichment,0,False,https://aptekamos.ru/tovary/lekarstva/nitrofural-645/furacilin-tabletki-100mg-14748/instrukciya | https://www.vidal.ru/drugs/furacilin__18756 | https://pharmproduct.ru/drugs/furacilin | https://www.rlsnet.ru/drugs/furacilin-5155 | https://allmed.pro/ru/drugs/furacilin | https://www.rlsnet.ru/drugs/furacilin-5155 | https://grls.rosminzdrav.ru/ | https://www.rlsnet.ru/drugs/furacilin-5155 | https://tabletka.ru/selection/furatsilin/instruction/ | https://www.vidal.ru/drugs/furacilin__18756 | https://aptekamos.ru/tovary/lekarstva/nitrofural-645/furacilin-tabletki-100mg-14748/instrukciya | https://health.mail.ru/drug/furatsilin-4/,d6bd540c836123b8917b8ca642273ffe
3027,415,459,ФЛУОКСЕТИН КАПС. 10МГ №20 ОЗОН | ОЗОН ООО | ОЗОН ООО,drug,Флуоксетин,rx,Флуоксетин,rx,,,Флуоксетин,,,,"[{""source"": ""uteka"", ""raw_mnn"": ""Флуоксетин"", ""field_type"": ""explicit_mnn"", ""canonical_components"": [""Флуоксетин""], ""url"": null, ""parse_warnings"": []}, {""source"": ""apteka"", ""raw_mnn"": ""Флуоксетин"", ""field_type"": ""explicit_mnn"", ""canonical_components"": [""Флуоксетин""], ""url"": null, ""parse_warnings"": []}]","[{""component"": ""Флуоксетин"", ""source_count"": 2, ""sources"": [""uteka"", ""apteka""]}]",Флуоксетин,Флуоксетин,resolved_catalog,consensus,unknown,unknown,False,False,,,unknown,unknown,Флуоксетин,catalog_consensus,0,False,,1336a7942becab106f33da1baab1340f
3065,415,459,ФЛУКОНАЗОЛ-OBL КАПС. 150МГ №4 | ОБОЛЕНСКОЕ ФП АО | ОБОЛЕНСКОЕ ФП АО,drug,Флуконазол,rx,Флуконазол,otc,Флуконазол,otc,Флуконазол,,Флуконазол,otc,"[{""source"": ""uteka"", ""raw_mnn"": ""Флуконазол"", ""field_type"": ""explicit_mnn"", ""canonical_components"": [""Флуконазол""], ""url"": null, ""parse_warnings"": []}, {""source"": ""apteka"", ""raw_mnn"": ""Флуконазол"", ""field_type"": ""explicit_mnn"", ""canonical_components"": [""Флуконазол""], ""url"": null, ""parse_warnings"": []}, {""source"": ""asna"", ""raw_mnn"": ""Флуконазол"", ""field_type"": ""explicit_mnn"", ""canonical_components"": [""Флуконазол""], ""url"": null, ""parse_warnings"": []}, {""source"": ""vidal"", ""raw_mnn"": ""Флуконазол"", ""field_type"": ""explicit_mnn"", ""canonical_components"": [""Флуконазол""], ""url"": null, ""parse_warnings"": []}]","[{""component"": ""Флуконазол"", ""source_count"": 4, ""sources"": [""uteka"", ""apteka"", ""asna"", ""vidal""]}]",Флуконазол,Флуконазол,resolved_catalog,consensus,otc,unknown,False,False,,,unknown,unknown,Флуконазол,catalog_consensus,0,False,,7fe5c0ffd8b250c3f3b2a6115a231e3d
3556,415,459,"ФИЗИОТЕНЗ ТАБЛ. П/ПЛЕН/ОБ. 0,4МГ №28 ВЕРОФАРМ | ВЕРОФАРМ АО | ВЕРОФАРМ АО",drug,Моксонидин,rx,Моксонидин,rx,Моксонидин,rx,Моксонидин,rx,Моксонидин,rx,"[{""source"": ""uteka"", ""raw_mnn"": ""Моксонидин"", ""field_type"": ""explicit_mnn"", ""canonical_components"": [""Моксонидин""], ""url"": null, ""parse_warnings"": []}, {""source"": ""apteka"", ""raw_mnn"": ""Моксонидин"", ""field_type"": ""explicit_mnn"", ""canonical_components"": [""Моксонидин""], ""url"": null, ""parse_warnings"": []}, {""source"": ""asna"", ""raw_mnn"": ""Моксонидин"", ""field_type"": ""explicit_mnn"", ""canonical_components"": [""Моксонидин""], ""url"": null, ""parse_warnings"": []}, {""source"": ""vidal"", ""raw_mnn"": ""Моксонидин"", ""field_type"": ""explicit_mnn"", ""canonical_components"": [""Моксонидин""], ""url"": null, ""parse_warnings"": []}]","[{""component"": ""Моксонидин"", ""source_count"": 4, ""sources"": [""uteka"", ""apteka"", ""asna"", ""vidal""]}]",Моксонидин,Моксонидин,resolved_catalog,consensus,rx,unknown,False,False,,,unknown,unknown,Моксонидин,catalog_consensus,0,False,,edeaae25101b3947791ac1a9244292be
3759,416,459,ФАСПИК ГРАН. Д/Р-РА Д/ПРИЕМА ВНУТРЬ АБРИКОС 400МГ ПАК. 3Г №12 | ЗАМБОН СВИТЦЕЛАНД ЛТД. | ЗАМБОН СВИТЦЕЛАНД ЛТД.,drug,,otc,Ибупрофен,otc,,,,,Ибупрофен,otc,"[{""source"": ""uteka"", ""raw_mnn"": ""Ибупрофен"", ""field_type"": ""explicit_mnn"", ""canonical_components"": [""Ибупрофен""], ""url"": null, ""parse_warnings"": []}, {""source"": ""vidal"", ""raw_mnn"": ""Ибупрофен"", ""field_type"": ""explicit_mnn"", ""canonical_components"": [""Ибупрофен""], ""url"": null, ""parse_warnings"": []}]","[{""component"": ""Ибупрофен"", ""source_count"": 2, ""sources"": [""uteka"", ""vidal""]}]",Ибупрофен,Ибупрофен,resolved_catalog,consensus,otc,unknown,False,False,,,unknown,unknown,Ибупрофен,catalog_consensus,0,False,,9a9ccaac753756606781b446f4f77970
3763,416,459,ФАРМГРУПП НАСТОЙКА 5 ТРАВ УСПОКОИТЕЛЬНАЯ ФЛ. 250МЛ | ФАРМГРУПП ООО | ФАРМГРУПП ООО,drug,,otc,,,,otc,Осина,,,,"[{""source"": ""apteka"", ""raw_mnn"": ""Осина"", ""field_type"": ""explicit_mnn"", ""canonical_components"": [""Осина""], ""url"": null, ""parse_warnings"": []}, {""source"": ""asna"", ""raw_mnn"": null, ""field_type"": ""unknown"", ""canonical_components"": [], ""url"": null, ""parse_warnings"": []}]",[],,,unresolved_catalog,single_source,unknown,unknown,True,True,ok,,unknown,взрослые,,,0,True,https://yandex.ru/medicine/medicaments/5-trav-uspokoitel-naja-nastojka | https://www.rlsnet.ru/baa/nastoika-5-trav-uspokoitelnaya-87383 | https://medum.ru/nastojka-5-trav-uspokoitelnaya | https://www.rlsnet.ru/baa/nastoika-5-trav-uspokoitelnaya-87383 | https://yandex.ru/medicine/medicaments/5-trav-uspokoitel-naja-nastojka | https://apteka.103.by/nastoyka-5-trav-uspokoitelnaya-instruktsiya/ | https://medum.ru/nastojka-5-trav-uspokoitelnaya-1 | https://farmgrup.ru/catalog/fito-produktsiya/nastojka-5-trav-uspokoitelnaya.html | https://farmgrup.ru/catalog/fito-produktsiya/nastojka-5-trav-uspokoitelnaya.html | https://planetazdorovo.ru/catalog/lekarstva-i-bad/nevrologiya-psikhiatriya/uspokoitelnye-sedativnye/5-trav-nastojka-uspokoitelnaya-40967903/ | https://farmgrup.ru/catalog/fito-produktsiya/nastojka-5-trav-uspokoitelnaya.html | https://apteka-april.ru/product/274383-farmgrupp_nastojka_5_trav_uspokoitelnaya_250ml,0cbf8176f328c32310e6b33944fdaad5
3781,416,459,ФАРИНГОСЕПТ ТАБЛ. Д/РАССАС. МЕД-ЛИМОН 10МГ №20 | C.К. ТЕРАПИЯ С.А. | C.К. ТЕРАПИЯ С.А.,drug,Амбазон,otc,Амбазон,otc,Амбазон,otc,Амбазон,,Амбазон,otc,"[{""source"": ""uteka"", ""raw_mnn"": ""Амбазон"", ""field_type"": ""explicit_mnn"", ""canonical_components"": [""Амбазон""], ""url"": null, ""parse_warnings"": []}, {""source"": ""apteka"", ""raw_mnn"": ""Амбазон"", ""field_type"": ""explicit_mnn"", ""canonical_components"": [""Амбазон""], ""url"": null, ""parse_warnings"": []}, {""source"": ""asna"", ""raw_mnn"": ""Амбазон"", ""field_type"": ""explicit_mnn"", ""canonical_components"": [""Амбазон""], ""url"": null, ""parse_warnings"": []}, {""source"": ""vidal"", ""raw_mnn"": ""Амбазон"", ""field_type"": ""explicit_mnn"", ""canonical_components"": [""Амбазон""], ""url"": null, ""parse_warnings"": []}]","[{""component"": ""Амбазон"", ""source_count"": 4, ""sources"": [""uteka"", ""apteka"", ""asna"", ""vidal""]}]",Амбазон,Амбазон,resolved_catalog,consensus,otc,unknown,False,False,,,unknown,unknown,Амбазон,catalog_consensus,0,False,,c835cfdb43f23e7dbf594e7f416c9b32
4133,417,459,УЛЬЦЕРНИЛ ТАБЛ. КИШ/РАСТ. П/ПЛЕН/ОБ. 20МГ №28 | САН ФАРМАСЬЮТИКАЛ ИНДАСТРИЗ ЛТД | САН ФАРМАСЬЮТИКАЛ ИНДАСТРИЗ ЛТД,drug,,rx,Рабепразол,otc,,,,,Рабепразол,otc,"[{""source"": ""uteka"", ""raw_mnn"": ""Рабепразол"", ""field_type"": ""explicit_mnn"", ""canonical_components"": [""Рабепразол""], ""url"": null, ""parse_warnings"": []}, {""source"": ""vidal"", ""raw_mnn"": ""Рабепразол"", ""field_type"": ""explicit_mnn"", ""canonical_components"": [""Рабепразол""], ""url"": null, ""parse_warnings"": []}]","[{""component"": ""Рабепразол"", ""source_count"": 2, ""sources"": [""uteka"", ""vidal""]}]",Рабепразол,Рабепразол,resolved_catalog,consensus,otc,unknown,False,False,,,unknown,unknown,Рабепразол,catalog_consensus,0,False,,8f77de54a35dfbc2ac84c907b2166920
4403,417,459,ТРИМЕТАЗИДИН-АКОС МВ 35МГ ТАБЛ. МОДИФ. ВЫСВ. П/О №60 | БИОКОМ ЗАО | БИОКОМ ЗАО,drug,Триметазидин,rx,Триметазидин,rx,Триметазидин,rx,Триметазидин,rx,Триметазидин,rx,"[{""source"": ""uteka"", ""raw_mnn"": ""Триметазидин"", ""field_type"": ""explicit_mnn"", ""canonical_components"": [""Триметазидин""], ""url"": null, ""parse_warnings"": []}, {""source"": ""apteka"", ""raw_mnn"": ""Триметазидин"", ""field_type"": ""explicit_mnn"", ""canonical_components"": [""Триметазидин""], ""url"": null, ""parse_warnings"": []}, {""source"": ""asna"", ""raw_mnn"": ""Триметазидин"", ""field_type"": ""explicit_mnn"", ""canonical_components"": [""Триметазидин""], ""url"": null, ""parse_warnings"": []}, {""source"": ""vidal"", ""raw_mnn"": ""Триметазидин"", ""field_type"": ""explicit_mnn"", ""canonical_components"": [""Триметазидин""], ""url"": null, ""parse_warnings"": []}]","[{""component"": ""Триметазидин"", ""source_count"": 4, ""sources"": [""uteka"", ""apteka"", ""asna"", ""vidal""]}]",Триметазидин,Триметазидин,resolved_catalog,consensus,rx,unknown,False,False,,,unknown,unknown,Триметазидин,catalog_consensus,0,False,,27cfad50c2e5ab8bb66fcbaf142cb533
4481,417,459,ТРАНЕКСАМОВАЯ КИСЛОТА ТАБЛ. П/ПЛЕН/ОБ. 250МГ №30 МЭЗ | МОСКОВСКИЙ ЭНДОКРИННЫЙ ЗАВОД ФГУП | МОСКОВСКИЙ ЭНДОКРИННЫЙ ЗАВОД ФГУП,drug,Транексамовая кислота,rx,Транексамовая кислота,rx,,,Транексамовая кислота,rx,,,"[{""source"": ""uteka"", ""raw_mnn"": ""Транексамовая кислота"", ""field_type"": ""explicit_mnn"", ""canonical_components"": [""Транексамовая кислота""], ""url"": null, ""parse_warnings"": []}, {""source"": ""apteka"", ""raw_mnn"": ""Транексамовая кислота"", ""field_type"": ""explicit_mnn"", ""canonical_components"": [""Транексамовая кислота""], ""url"": null, ""parse_warnings"": []}]","[{""component"": ""Транексамовая кислота"", ""source_count"": 2, ""sources"": [""uteka"", ""apteka""]}]",Транексамовая кислота,Транексамовая кислота,resolved_catalog,consensus,rx,unknown,False,False,,,unknown,unknown,Транексамовая кислота,catalog_consensus,0,False,,d833905ae67e391dfb8d8294f26ca249
4487,417,459,ТРАНЕКСАМОВАЯ КИСЛОТА Р-Р ДЛЯ В/В ВВЕД. 50МГ/МЛ АМП. 5МЛ №10 МЭЗ | МОСКОВСКИЙ ЭНДОКРИННЫЙ ЗАВОД ФГУП | МОСКОВСКИЙ ЭНДОКРИННЫЙ ЗАВОД ФГУП,drug,Транексамовая кислота,rx,Транексамовая кислота,rx,,,Транексамовая кислота,rx,,,"[{""source"": ""uteka"", ""raw_mnn"": ""Транексамовая кислота"", ""field_type"": ""explicit_mnn"", ""canonical_components"": [""Транексамовая кислота""], ""url"": null, ""parse_warnings"": []}, {""source"": ""apteka"", ""raw_mnn"": ""Транексамовая кислота"", ""field_type"": ""explicit_mnn"", ""canonical_components"": [""Транексамовая кислота""], ""url"": null, ""parse_warnings"": []}]","[{""component"": ""Транексамовая кислота"", ""source_count"": 2, ""sources"": [""uteka"", ""apteka""]}]",Транексамовая кислота,Транексамовая кислота,resolved_catalog,consensus,rx,unknown,False,False,,,unknown,unknown,Транексамовая кислота,catalog_consensus,0,False,,a4e2168e58ddf46bd9180e4a4d31a3d5
4570,417,459,ТОРАСЕМИД ТАБЛ. 5МГ №60 ПРАНАФАРМ | ПРАНАФАРМ ООО | ПРАНАФАРМ ООО,drug,Торасемид,rx,Эналаприл,rx,Валсартан,rx,Атенолол,rx,,,"[{""source"": ""uteka"", ""raw_mnn"": ""Эналаприл"", ""field_type"": ""explicit_mnn"", ""canonical_components"": [""Эналаприл""], ""url"": null, ""parse_warnings"": []}, {""source"": ""apteka"", ""raw_mnn"": ""Атенолол"", ""field_type"": ""explicit_mnn"", ""canonical_components"": [""Атенолол""], ""url"": null, ""parse_warnings"": []}, {""source"": ""asna"", ""raw_mnn"": ""Валсартан"", ""field_type"": ""explicit_mnn"", ""canonical_components"": [""Валсартан""], ""url"": null, ""parse_warnings"": []}]",[],,,unresolved_catalog,equal_conflict,rx,unknown,True,True,ok,Торасемид,rx,взрослые,Торасемид,enrichment,0,False,https://www.rlsnet.ru/drugs/torasemid-46472 | https://www.vidal.ru/drugs/torasemide-3 | https://aptekamos.ru/tovary/lekarstva/torasemid-9669/torasemid-teva-tabletki-5mg-109129/instrukciya | https://megapteka.ru/specials/guide_torasemid-instrukciya-po-5897 | https://allmed.pro/ru/drugs/torasemid | https://www.rlsnet.ru/drugs/torasemid-46472 | https://www.asna.ru/product/torasemid/instruction/ | https://www.vidal.ru/drugs/torasemide-3 | https://megapteka.ru/specials/guide_torasemid-instrukciya-po-5897 | https://www.vidal.ru/drugs/torasemide-3 | https://www.rlsnet.ru/drugs/torasemid-46472 | https://www.asna.ru/product/torasemid/instruction/,ce2c95ce9364b8c658b5d06877094705
4593,417,459,ТОРАСЕМИД ТАБЛ. 10МГ №20 ОЗОН | ОЗОН ООО | ОЗОН ООО,drug,Торасемид,rx,Торасемид,rx,,,Торасемид,rx,,,"[{""source"": ""uteka"", ""raw_mnn"": ""Торасемид"", ""field_type"": ""explicit_mnn"", ""canonical_components"": [""Торасемид""], ""url"": null, ""parse_warnings"": []}, {""source"": ""apteka"", ""raw_mnn"": ""Торасемид"", ""field_type"": ""explicit_mnn"", ""canonical_components"": [""Торасемид""], ""url"": null, ""parse_warnings"": []}]","[{""component"": ""Торасемид"", ""source_count"": 2, ""sources"": [""uteka"", ""apteka""]}]",Торасемид,Торасемид,resolved_catalog,consensus,rx,unknown,False,False,,,unknown,unknown,Торасемид,catalog_consensus,0,False,,939266d3d916d1f54cc51660f89e208d
4602,417,459,ТОРАСЕМИД МЕДИСОРБ ТАБЛ. 5МГ №20 | Медисорб АО | Медисорб АО,drug,Торасемид,rx,Оланзапин,rx,Ацетилсалициловая кислота + Кофеин + Парацетамол,otc,Лизиноприл,rx,Метформин,rx,"[{""source"": ""uteka"", ""raw_mnn"": ""Оланзапин"", ""field_type"": ""explicit_mnn"", ""canonical_components"": [""Оланзапин""], ""url"": null, ""parse_warnings"": []}, {""source"": ""apteka"", ""raw_mnn"": ""Лизиноприл"", ""field_type"": ""explicit_mnn"", ""canonical_components"": [""Лизиноприл""], ""url"": null, ""parse_warnings"": []}, {""source"": ""asna"", ""raw_mnn"": ""Ацетилсалициловая кислота + Кофеин + Парацетамол"", ""field_type"": ""explicit_mnn"", ""canonical_components"": [""Ацетилсалициловая кислота"", ""Кофеин"", ""Парацетамол""], ""url"": null, ""parse_warnings"": []}, {""source"": ""vidal"", ""raw_mnn"": ""Метформин"", ""field_type"": ""explicit_mnn"", ""canonical_components"": [""Метформин""], ""url"": null, ""parse_warnings"": []}]",[],,,unresolved_catalog,equal_conflict,rx,unknown,True,True,ok,Торасемид,rx,взрослые,Торасемид,enrichment,0,False,https://aptekamos.ru/tovary/lekarstva/torasemid-9669/torasemid-medisorb-tabletki-5mg-94246/instrukciya | https://www.rlsnet.ru/drugs/torasemid-medisorb-79689 | https://medum.ru/torasemide-medisorb | https://www.rlsnet.ru/drugs/torasemid-medisorb-79689 | https://health.mail.ru/drug/torasemid-medisorb/ | https://www.rlsnet.ru/drugs/torasemid-46472 | https://www.lsgeotar.ru/ru/torasemid-medisorb-17901.html | https://aptekamos.ru/tovary/lekarstva/torasemid-9669/torasemid-medisorb-tabletki-10mg-94181/instrukciya | https://medi.ru/instrukciya/torasemid-medisorb_23786/ | https://www.vidal.ru/drugs/torasemide-3 | https://www.lsgeotar.ru/drugs/torasemide-medisorb-AAIl | https://www.rlsnet.ru/drugs/torasemid-medisorb-79689,123c2e1d4fff1ab9cce32a5e3559519a
4684,418,459,ТОЛПЕРИЗОН ТАБЛ. П/ПЛЕН/ОБ. 150МГ №30 ОЗОН | ОЗОН ООО | ОЗОН ООО,drug,Толперизон,rx,Толперизон,rx,,,Толперизон,rx,,,"[{""source"": ""uteka"", ""raw_mnn"": ""Толперизон"", ""field_type"": ""explicit_mnn"", ""canonical_components"": [""Толперизон""], ""url"": null, ""parse_warnings"": []}, {""source"": ""apteka"", ""raw_mnn"": ""Толперизон"", ""field_type"": ""explicit_mnn"", ""canonical_components"": [""Толперизон""], ""url"": null, ""parse_warnings"": []}]","[{""component"": ""Толперизон"", ""source_count"": 2, ""sources"": [""uteka"", ""apteka""]}]",Толперизон,Толперизон,resolved_catalog,consensus,rx,unknown,False,False,,,unknown,unknown,Толперизон,catalog_consensus,0,False,,608d0f11600b07226e8b1166349d65e0
4922,418,459,ТЕРМИКОН СПРЕЙ Д/НАРУЖ. ПРИМ. 1% ФЛ. 30Г | ФАРМСТАНДАРТ-ЛЕКСРЕДСТВА ОАО | ФАРМСТАНДАРТ-ЛЕКСРЕДСТВА ОАО,drug,Тербинафин,rx,Тербинафин,otc,Тербинафин,otc,Тербинафин,,Тербинафин,otc,"[{""source"": ""uteka"", ""raw_mnn"": ""Тербинафин"", ""field_type"": ""explicit_mnn"", ""canonical_components"": [""Тербинафин""], ""url"": null, ""parse_warnings"": []}, {""source"": ""apteka"", ""raw_mnn"": ""Тербинафин"", ""field_type"": ""explicit_mnn"", ""canonical_components"": [""Тербинафин""], ""url"": null, ""parse_warnings"": []}, {""source"": ""asna"", ""raw_mnn"": ""Тербинафин"", ""field_type"": ""explicit_mnn"", ""canonical_components"": [""Тербинафин""], ""url"": null, ""parse_warnings"": []}, {""source"": ""vidal"", ""raw_mnn"": ""Тербинафин"", ""field_type"": ""explicit_mnn"", ""canonical_components"": [""Тербинафин""], ""url"": null, ""parse_warnings"": []}]","[{""component"": ""Тербинафин"", ""source_count"": 4, ""sources"": [""uteka"", ""apteka"", ""asna"", ""vidal""]}]",Тербинафин,Тербинафин,resolved_catalog,consensus,otc,unknown,False,False,,,unknown,unknown,Тербинафин,catalog_consensus,0,False,,90e0e1ec89fabf33bbf7480fd897c057
4924,418,459,ТЕРМИКОН КРЕМ Д/НАРУЖ. ПРИМ. 1% ТУБА 15Г | ЛЕККО ЗАО | ЛЕККО ЗАО,drug,,otc,Тербинафин,otc,Тербинафин,otc,Тербинафин,,Тербинафин,otc,"[{""source"": ""uteka"", ""raw_mnn"": ""Тербинафин"", ""field_type"": ""explicit_mnn"", ""canonical_components"": [""Тербинафин""], ""url"": null, ""parse_warnings"": []}, {""source"": ""apteka"", ""raw_mnn"": ""Тербинафин"", ""field_type"": ""explicit_mnn"", ""canonical_components"": [""Тербинафин""], ""url"": null, ""parse_warnings"": []}, {""source"": ""asna"", ""raw_mnn"": ""Тербинафин"", ""field_type"": ""explicit_mnn"", ""canonical_components"": [""Тербинафин""], ""url"": null, ""parse_warnings"": []}, {""source"": ""vidal"", ""raw_mnn"": ""Тербинафин"", ""field_type"": ""explicit_mnn"", ""canonical_components"": [""Тербинафин""], ""url"": null, ""parse_warnings"": []}]","[{""component"": ""Тербинафин"", ""source_count"": 4, ""sources"": [""uteka"", ""apteka"", ""asna"", ""vidal""]}]",Тербинафин,Тербинафин,resolved_catalog,consensus,otc,unknown,False,False,,,unknown,unknown,Тербинафин,catalog_consensus,0,False,,e2552d765a9f500a528179788b8a4753
5010,418,459,ТЕРАФЛЕКС КАПС. 500МГ+400МГ №200 МАКИЗ-ФАРМА | МАКИЗ-ФАРМА | МАКИЗ-ФАРМА,drug,,otc,,,Глюкозамин+Хондроитин сульфат,otc,"Глюкозамин, Хондроитина сульфат",,Хондроитина сульфат натрия,otc,"[{""source"": ""apteka"", ""raw_mnn"": ""Глюкозамин, Хондроитина сульфат"", ""field_type"": ""explicit_mnn"", ""canonical_components"": [""Глюкозамин"", ""Хондроитина сульфат""], ""url"": null, ""parse_warnings"": []}, {""source"": ""asna"", ""raw_mnn"": ""Глюкозамин+Хондроитин сульфат"", ""field_type"": ""explicit_mnn"", ""canonical_components"": [""Глюкозамин"", ""Хондроитин сульфат""], ""url"": null, ""parse_warnings"": []}, {""source"": ""vidal"", ""raw_mnn"": ""Хондроитина сульфат натрия"", ""field_type"": ""explicit_mnn"", ""canonical_components"": [""Хондроитина сульфат натрия""], ""url"": null, ""parse_warnings"": []}]","[{""component"": ""Глюкозамин"", ""source_count"": 2, ""sources"": [""apteka"", ""asna""]}, {""component"": ""Хондроитин сульфат"", ""source_count"": 1, ""sources"": [""asna""]}, {""component"": ""Хондроитина сульфат"", ""source_count"": 1, ""sources"": [""apteka""]}]","Глюкозамин, Хондроитин сульфат, Хондроитина сульфат","Глюкозамин, Хондроитин сульфат, Хондроитина сульфат",resolved_catalog,consensus,otc,unknown,False,False,,,unknown,unknown,"Глюкозамин, Хондроитин сульфат, Хондроитина сульфат",catalog_consensus,0,False,,4d2c2a6428d73fe3f9070695138ce0a2
5258,418,459,"ТАМСУЛОЗИН КАНОН КАПС. КИШ/РАСТ. ПРОЛОНГ. ВЫСВ. 0,4МГ №30 | КАНОНФАРМА ПРОДАКШН ЗАО | КАНОНФАРМА ПРОДАКШН ЗАО",drug,Тамсулозин,rx,Тамсулозин,rx,Тамсулозин,rx,Тамсулозин,rx,Тамсулозин,rx,"[{""source"": ""uteka"", ""raw_mnn"": ""Тамсулозин"", ""field_type"": ""explicit_mnn"", ""canonical_components"": [""Тамсулозин""], ""url"": null, ""parse_warnings"": []}, {""source"": ""apteka"", ""raw_mnn"": ""Тамсулозин"", ""field_type"": ""explicit_mnn"", ""canonical_components"": [""Тамсулозин""], ""url"": null, ""parse_warnings"": []}, {""source"": ""asna"", ""raw_mnn"": ""Тамсулозин"", ""field_type"": ""explicit_mnn"", ""canonical_components"": [""Тамсулозин""], ""url"": null, ""parse_warnings"": []}, {""source"": ""vidal"", ""raw_mnn"": ""Тамсулозин"", ""field_type"": ""explicit_mnn"", ""canonical_components"": [""Тамсулозин""], ""url"": null, ""parse_warnings"": []}]","[{""component"": ""Тамсулозин"", ""source_count"": 4, ""sources"": [""uteka"", ""apteka"", ""asna"", ""vidal""]}]",Тамсулозин,Тамсулозин,resolved_catalog,consensus,rx,unknown,False,False,,,unknown,unknown,Тамсулозин,catalog_consensus,0,False,,fc685ae53680471caef756297f99217d
5267,418,459,ТАМОКСИФЕН ТАБЛ. 20МГ №30 ОЗОН | ОЗОН ООО | ОЗОН ООО,drug,Тамоксифен,rx,Метронидазол,rx,Омепразол,rx,Мелоксикам,rx,Глицин,otc,"[{""source"": ""uteka"", ""raw_mnn"": ""Метронидазол"", ""field_type"": ""explicit_mnn"", ""canonical_components"": [""Метронидазол""], ""url"": null, ""parse_warnings"": []}, {""source"": ""apteka"", ""raw_mnn"": ""Мелоксикам"", ""field_type"": ""explicit_mnn"", ""canonical_components"": [""Мелоксикам""], ""url"": null, ""parse_warnings"": []}, {""source"": ""asna"", ""raw_mnn"": ""Омепразол"", ""field_type"": ""explicit_mnn"", ""canonical_components"": [""Омепразол""], ""url"": null, ""parse_warnings"": []}, {""source"": ""vidal"", ""raw_mnn"": ""Глицин"", ""field_type"": ""explicit_mnn"", ""canonical_components"": [""Глицин""], ""url"": null, ""parse_warnings"": []}]",[],,,unresolved_catalog,equal_conflict,rx,unknown,True,True,ok,Тамоксифен,rx,взрослые,Тамоксифен,enrichment,0,False,https://www.vidal.ru/drugs/tamoxifen__7169 | https://aptekamos.ru/tovary/lekarstva/tamoksifen-859/tamoksifen-tabletki-30mg-8723/instrukciya | https://www.rlsnet.ru/drugs/tamoksifen-2932 | https://aptekamos.ru/tovary/lekarstva/tamoksifen-859/tamoksifen-geksal-tabletki-20mg-54098/instrukciya | https://yandex.ru/medicine/medicaments/tamoksifen | https://grls.rosminzdrav.ru/ | https://www.rlsnet.ru/drugs/tamoksifen-2932 | https://www.vidal.ru/drugs/tamoxifen__7169 | https://www.vidal.ru/drugs/tamoxifen__7169 | https://www.rlsnet.ru/drugs/tamoksifen-2932 | https://yandex.ru/medicine/medicaments/tamoksifen | https://drugs.medelement.com/drug/%D1%82%D0%B0%D0%BC%D0%BE%D0%BA%D1%81%D0%B8%D1%84%D0%B5%D0%BD-20%D0%BC%D0%B3-%D0%B8%D0%BD%D1%81%D1%82%D1%80%D1%83%D0%BA%D1%86%D0%B8%D1%8F/870021731477650932?instruction_lang=RU,6f2ab268029495bf9e4a50710b741f0b
5270,419,459,ТАМИФЛЮ КАПС. 75МГ №10 | ДЕЛФАРМ МИЛАНО С.Р.Л./Ф.ХОФФМАНН-ЛЯ РОШ ЛТД/СЕНЕКСИ С.А.С. | ДЕЛФАРМ МИЛАНО С.Р.Л./Ф.ХОФФМАНН-ЛЯ РОШ ЛТД/СЕНЕКСИ С.А.С.,drug,Осельтамивир,rx,Осельтамивир,rx,Осельтамивир,rx,,,Осельтамивир,rx,"[{""source"": ""uteka"", ""raw_mnn"": ""Осельтамивир"", ""field_type"": ""explicit_mnn"", ""canonical_components"": [""Осельтамивир""], ""url"": null, ""parse_warnings"": []}, {""source"": ""asna"", ""raw_mnn"": ""Осельтамивир"", ""field_type"": ""explicit_mnn"", ""canonical_components"": [""Осельтамивир""], ""url"": null, ""parse_warnings"": []}, {""source"": ""vidal"", ""raw_mnn"": ""Осельтамивир"", ""field_type"": ""explicit_mnn"", ""canonical_components"": [""Осельтамивир""], ""url"": null, ""parse_warnings"": []}]","[{""component"": ""Осельтамивир"", ""source_count"": 3, ""sources"": [""uteka"", ""asna"", ""vidal""]}]",Осельтамивир,Осельтамивир,resolved_catalog,consensus,rx,unknown,False,False,,,unknown,unknown,Осельтамивир,catalog_consensus,0,False,,ac50d241befe35631ac061c527dfea4f
5287,419,459,"ТАДАЛАФИЛ-ТЕВА ТАБЛ. П/ПЛЕН/ОБ. 20МГ №8 | ТЕВА ФАРМА, С.Л.У. | ТЕВА ФАРМА, С.Л.У.",drug,Тадалафил,rx,Аторвастатин,rx,Ксилометазолин,otc,Тадалафил,rx,Филграстим,rx,"[{""source"": ""uteka"", ""raw_mnn"": ""Аторвастатин"", ""field_type"": ""explicit_mnn"", ""canonical_components"": [""Аторвастатин""], ""url"": null, ""parse_warnings"": []}, {""source"": ""apteka"", ""raw_mnn"": ""Тадалафил"", ""field_type"": ""explicit_mnn"", ""canonical_components"": [""Тадалафил""], ""url"": null, ""parse_warnings"": []}, {""source"": ""asna"", ""raw_mnn"": ""Ксилометазолин"", ""field_type"": ""explicit_mnn"", ""canonical_components"": [""Ксилометазолин""], ""url"": null, ""parse_warnings"": []}, {""source"": ""vidal"", ""raw_mnn"": ""Филграстим"", ""field_type"": ""explicit_mnn"", ""canonical_components"": [""Филграстим""], ""url"": null, ""parse_warnings"": []}]",[],,,unresolved_catalog,equal_conflict,rx,unknown,True,True,ok,Тадалафил,rx,взрослые,Тадалафил,enrichment,0,False,https://pharmproduct.ru/drugs/tadalafil-teva | https://www.lsgeotar.ru/drugs/tadalafil-teva-AFmG | https://www.vidal.ru/drugs/tadalafil-teva | https://www.rlsnet.ru/drugs/tadalafil-teva-75913 | https://medum.ru/tadalafil-teva | https://health.mail.ru/drug/tadalafilteva/ | https://www.webapteka.ru/drugbase/name53570.html | https://www.vidal.ru/drugs/tadalafil-teva | https://health.mail.ru/drug/tadalafilteva/ | https://yandex.ru/medicine/medicaments/tadalafil-teva | https://medum.ru/tadalafil-teva | https://www.webapteka.ru/drugbase/name53570.html,b9b6dee46ac5841cdc608a42f7cb6661
5322,419,459,"ТАВОЛГА ВЯЗОЛИСТНАЯ (ЛАБАЗНИК) ТРАВА Ф/П 1,5Г №20 ХЕРБЕС | ХЕРБЕС ООО | ХЕРБЕС ООО",drug,,БАД,,,Ромашки аптечной цветки,otc,,,,,"[{""source"": ""asna"", ""raw_mnn"": ""Ромашки аптечной цветки"", ""field_type"": ""explicit_mnn"", ""canonical_components"": [""Ромашки аптечной цветки""], ""url"": null, ""parse_warnings"": []}]",[],,,unresolved_catalog,single_source,unknown,unknown,True,True,ok,,unknown,универсальный,,,0,True,https://medum.ru/nasledie-prirody-tavolga-vyazolistnaya-nastoj | https://ru.wikipedia.org/wiki/%D0%A2%D0%B0%D0%B2%D0%BE%D0%BB%D0%B3%D0%B0_%D0%B2%D1%8F%D0%B7%D0%BE%D0%BB%D0%B8%D1%81%D1%82%D0%BD%D0%B0%D1%8F | https://ru.wikipedia.org/wiki/%D0%A2%D0%B0%D0%B2%D0%BE%D0%BB%D0%B3%D0%B0_(%D1%80%D0%B0%D1%81%D1%82%D0%B5%D0%BD%D0%B8%D0%B5) | http://medherbal.ru/tavolga.php | https://ru.ruwiki.ru/wiki/%D0%A2%D0%B0%D0%B2%D0%BE%D0%BB%D0%B3%D0%B0_%D0%B2%D1%8F%D0%B7%D0%BE%D0%BB%D0%B8%D1%81%D1%82%D0%BD%D0%B0%D1%8F | http://belena.biz/nov/tavol.htm | https://plant-atlas.kpfu.ru/plant/178 | https://azbyka.ru/zdorovie/tavolga-lechebnye-svojstva-primenenie-protivopokazaniya | https://www.plantarium.ru/page/view/item/16470.html | https://ru.wikipedia.org/wiki/%D0%A2%D0%B0%D0%B2%D0%BE%D0%BB%D0%B3%D0%B0_%D0%B2%D1%8F%D0%B7%D0%BE%D0%BB%D0%B8%D1%81%D1%82%D0%BD%D0%B0%D1%8F | https://azbyka.ru/zdorovie/tavolga-lechebnye-svojstva-primenenie-protivopokazaniya | https://foodandscience.org/tavolga-vyazolistnaya/,a70fc75f8b53cc6aef6a88c3da32ca90
5634,419,459,СТРЕПТОЦИД ПОР. Д/НАРУЖ. ПРИМ. 2Г ПАК. №50 ОЗОН | ОЗОН ООО | ОЗОН ООО,drug,Сульфаниламид,otc,Сульфаниламид,otc,,,,,Сульфаниламид,otc,"[{""source"": ""uteka"", ""raw_mnn"": ""Сульфаниламид"", ""field_type"": ""explicit_mnn"", ""canonical_components"": [""Сульфаниламид""], ""url"": null, ""parse_warnings"": []}, {""source"": ""vidal"", ""raw_mnn"": ""Сульфаниламид"", ""field_type"": ""explicit_mnn"", ""canonical_components"": [""Сульфаниламид""], ""url"": null, ""parse_warnings"": []}]","[{""component"": ""Сульфаниламид"", ""source_count"": 2, ""sources"": [""uteka"", ""vidal""]}]",Сульфаниламид,Сульфаниламид,resolved_catalog,consensus,otc,unknown,False,False,,,unknown,unknown,Сульфаниламид,catalog_consensus,0,False,,eeb2b9b6b2aa8212a21b82b121b77a22
5729,419,459,СТОМАТОФИТ ФРЕШ ОПОЛАСКИВАТЕЛЬ ДЛЯ ПОЛОСТИ РТА ФЛ. 250МЛ | Фитофарм кленка АО | Фитофарм кленка АО,drug,,otc,,,,,,,,,[],[],,,unresolved_catalog,empty,unknown,unknown,True,True,ok,"Ромашки Аптечной Цветки, Дуба Кора, Шалфея Лекарственного Листья, Арники Трава, Аира Обыкновенного Корневища, Мяты Перечной Трава, Тимьяна Трава",otc,универсальный,"Ромашки Аптечной Цветки, Дуба Кора, Шалфея Лекарственного Листья, Арники Трава, Аира Обыкновенного Корневища, Мяты Перечной Трава, Тимьяна Трава",enrichment,0,False,https://24stoma.ru/stomatofit.html | https://www.vidal.ru/drugs/stomatophit__15791 | https://allmed.pro/ru/drugs/stomatofit | https://24stoma.ru/stomatofit.html | https://clinic-m.ru/articles/stomatofit-instruktsiya-po-primeneniyu-opolaskivatelya-ekstrakta-i-smesi | https://zdorovi.net/preparaty/stomatofit.html | https://www.vidal.ru/drugs/stomatophit__15791 | https://medi.ru/instrukciya/stomatofit_816/ | https://detirkutsk.ru/3210-stomatofit-instrukciya-po-primeneniyu.html | https://o-krohe.ru/protivovospalitelnyj-preparat/stomatofit/ | https://mc-diagnost.com/articles/stomatofit | http://lekhar.ru/lekarstva/preparaty-dlja-polosti-rta/stomatofit-instrukcija-po-primeneniju/,3ff1280d4302ae90f54046ba908e0f29
5736,419,459,СТИМУЛОТОН ТАБЛ. П/ПЛЕН/ОБ. 100МГ №28 | ЭГИС ФАРМАЦЕВТИЧЕСКИЙ ЗАВОД ЗАО | ЭГИС ФАРМАЦЕВТИЧЕСКИЙ ЗАВОД ЗАО,drug,сертралин,rx,Сертралин,rx,Сертралин,rx,Сертралин,,Сертралин,rx,"[{""source"": ""uteka"", ""raw_mnn"": ""Сертралин"", ""field_type"": ""explicit_mnn"", ""canonical_components"": [""Сертралин""], ""url"": null, ""parse_warnings"": []}, {""source"": ""apteka"", ""raw_mnn"": ""Сертралин"", ""field_type"": ""explicit_mnn"", ""canonical_components"": [""Сертралин""], ""url"": null, ""parse_warnings"": []}, {""source"": ""asna"", ""raw_mnn"": ""Сертралин"", ""field_type"": ""explicit_mnn"", ""canonical_components"": [""Сертралин""], ""url"": null, ""parse_warnings"": []}, {""source"": ""vidal"", ""raw_mnn"": ""Сертралин"", ""field_type"": ""explicit_mnn"", ""canonical_components"": [""Сертралин""], ""url"": null, ""parse_warnings"": []}]","[{""component"": ""Сертралин"", ""source_count"": 4, ""sources"": [""uteka"", ""apteka"", ""asna"", ""vidal""]}]",Сертралин,Сертралин,resolved_catalog,consensus,rx,unknown,False,False,,,unknown,unknown,Сертралин,catalog_consensus,0,False,,fdd3f8407eb9fd78e419ff6d76f10194
6506,421,459,СИРОП ШИПОВНИКА ФЛ. 250МЛ МИРРОЛЛА | МИРРОЛЛА ООО | МИРРОЛЛА ООО,drug,,otc,,,,otc,,,,,"[{""source"": ""asna"", ""raw_mnn"": null, ""field_type"": ""unknown"", ""canonical_components"": [], ""url"": null, ""parse_warnings"": []}]",[],,,unresolved_catalog,empty,unknown,unknown,True,True,ok_partial,,otc,универсальный,,,2,True,https://www.lsgeotar.ru/drugs/rosehip-syrup-BA5m | https://www.lsgeotar.ru/drugs/rosae-fructuum-syrup-AGNV | https://www.rlsnet.ru/drugs/sipovnika-sirop-32584 | https://aptekamos.ru/tovary/lekarstva/shipovnika-plody-3932/shipovnika-plodov-sirop-sirop-250ml-14746/instrukciya | https://www.vidal.ru/drugs/rosae_frustus_syrup__25197 | https://www.rlsnet.ru/drugs/sipovnika-sirop-32584 | https://www.lsgeotar.ru/drugs/rosehip-syrup-BA5m | https://www.rlsnet.ru/baa/sirop-sipovnika-28163 | https://www.vidal.ru/drugs/rosae_syrup__32889 | https://medum.ru/sirop-shipovnika-instrukciya | https://health.mail.ru/drug/shipovnika_sirop/ | https://www.vidal.ru/drugs/rosae_syrup__32889,876b0d530a572c023b18149a87461568
6592,421,459,СИНЕКОД КАПЛИ Д/ПРИЕМА ВНУТРЬ ДЛЯ ДЕТЕЙ 5МГ/МЛ ФЛ. 20МЛ | ГКС КОНСЬЮМЕР ХЕЛС С.А. | ГКС КОНСЬЮМЕР ХЕЛС С.А.,drug,Бутамират,Без рецепта,Бутамират,otc,Бутамират,otc,Бутамират,,Бутамират,otc,"[{""source"": ""uteka"", ""raw_mnn"": ""Бутамират"", ""field_type"": ""explicit_mnn"", ""canonical_components"": [""Бутамират""], ""url"": null, ""parse_warnings"": []}, {""source"": ""apteka"", ""raw_mnn"": ""Бутамират"", ""field_type"": ""explicit_mnn"", ""canonical_components"": [""Бутамират""], ""url"": null, ""parse_warnings"": []}, {""source"": ""asna"", ""raw_mnn"": ""Бутамират"", ""field_type"": ""explicit_mnn"", ""canonical_components"": [""Бутамират""], ""url"": null, ""parse_warnings"": []}, {""source"": ""vidal"", ""raw_mnn"": ""Бутамират"", ""field_type"": ""explicit_mnn"", ""canonical_components"": [""Бутамират""], ""url"": null, ""parse_warnings"": []}]","[{""component"": ""Бутамират"", ""source_count"": 4, ""sources"": [""uteka"", ""apteka"", ""asna"", ""vidal""]}]",Бутамират,Бутамират,resolved_catalog,consensus,otc,unknown,False,False,,,unknown,unknown,Бутамират,catalog_consensus,0,False,,0f70d4e8f603bc063504c21a0def2e2d
6593,421,459,СИНДРАНОЛ ТАБЛ. ПРОЛОНГ. П/ПЛЕН/ОБ. 8МГ №28 | ЭГИС ФАРМАЦЕВТИЧЕСКИЙ ЗАВОД АО/ФАРМАТЕН ИНТЕРНЕШНЛ С.А. | ЭГИС ФАРМАЦЕВТИЧЕСКИЙ ЗАВОД АО/ФАРМАТЕН ИНТЕРНЕШНЛ С.А.,drug,,rx,Ропинирол,rx,,,,,,,"[{""source"": ""uteka"", ""raw_mnn"": ""Ропинирол"", ""field_type"": ""explicit_mnn"", ""canonical_components"": [""Ропинирол""], ""url"": null, ""parse_warnings"": []}]",[],,,unresolved_catalog,single_source,unknown,unknown,True,True,ok,Ропинирол,rx,взрослые,Ропинирол,enrichment,0,False,https://www.vidal.ru/drugs/sindranol | https://www.rlsnet.ru/drugs/sindranol-78224 | https://health.mail.ru/drug/sindranol-1/ | https://medi.ru/instrukciya/sindranol_13174/ | https://www.webapteka.ru/drugbase/name53531.html | https://www.neboleem.net/sindranol.php | https://aptekamos.ru/tovary/lekarstva/ropinirol-11371/sindranol-tabletki-4mg-85449/instrukciya | https://apteka.ru/product/sindranol-0008-n28-tabl-prolong-pplenoboloch-5e3275b9ca7bdc000193319a/instructions/ | https://www.rlsnet.ru/drugs/sindranol-78224 | https://grls.rosminzdrav.ru/ | https://www.vidal.ru/drugs/sindranol | https://health.mail.ru/drug/sindranol-1/,79140be0021900f59676a88205829548
6743,421,459,СИЛДЕНАФИЛ ТАБЛ. П/ПЛЕН/ОБ. 100МГ №10 ОЗОН | ОЗОН ООО | ОЗОН ООО,drug,Силденафил,rx,Силденафил,rx,,,Силденафил,rx,,,"[{""source"": ""uteka"", ""raw_mnn"": ""Силденафил"", ""field_type"": ""explicit_mnn"", ""canonical_components"": [""Силденафил""], ""url"": null, ""parse_warnings"": []}, {""source"": ""apteka"", ""raw_mnn"": ""Силденафил"", ""field_type"": ""explicit_mnn"", ""canonical_components"": [""Силденафил""], ""url"": null, ""parse_warnings"": []}]","[{""component"": ""Силденафил"", ""source_count"": 2, ""sources"": [""uteka"", ""apteka""]}]",Силденафил,Силденафил,resolved_catalog,consensus,rx,unknown,False,False,,,unknown,unknown,Силденафил,catalog_consensus,0,False,,753fa1701662d58dd095ad529e425c41
7275,422,459,САНОВАСК ТАБЛ. П/КИШ/РАСТ/ПЛЕН/ОБ. 50МГ №30 | ИРБИТСКИЙ ХИМЗАВОД ОАО | ИРБИТСКИЙ ХИМЗАВОД ОАО,drug,,,Ацетилсалициловая кислота,otc,Ацетилсалициловая кислота,otc,Ацетилсалициловая кислота,,Магния гидроксид,otc,"[{""source"": ""uteka"", ""raw_mnn"": ""Ацетилсалициловая кислота"", ""field_type"": ""explicit_mnn"", ""canonical_components"": [""Ацетилсалициловая кислота""], ""url"": null, ""parse_warnings"": []}, {""source"": ""apteka"", ""raw_mnn"": ""Ацетилсалициловая кислота"", ""field_type"": ""explicit_mnn"", ""canonical_components"": [""Ацетилсалициловая кислота""], ""url"": null, ""parse_warnings"": []}, {""source"": ""asna"", ""raw_mnn"": ""Ацетилсалициловая кислота"", ""field_type"": ""explicit_mnn"", ""canonical_components"": [""Ацетилсалициловая кислота""], ""url"": null, ""parse_warnings"": []}, {""source"": ""vidal"", ""raw_mnn"": ""Магния гидроксид"", ""field_type"": ""explicit_mnn"", ""canonical_components"": [""Магния гидроксид""], ""url"": null, ""parse_warnings"": []}]","[{""component"": ""Ацетилсалициловая кислота"", ""source_count"": 3, ""sources"": [""uteka"", ""apteka"", ""asna""]}]",Ацетилсалициловая кислота,Ацетилсалициловая кислота,resolved_catalog,consensus,otc,unknown,False,False,,,unknown,unknown,Ацетилсалициловая кислота,catalog_consensus,0,False,,e2cd2671cd796ab7bc5648ddce0f4713
7625,423,459,РОСИНСУЛИН С МЕДСИНТЕЗ СУСП. ДЛЯ П/К ВВЕД. 100МЕ/МЛ КАРТРИДЖ 3МЛ №5 | ЗАВОД МЕДСИНТЕЗ ООО | ЗАВОД МЕДСИНТЕЗ ООО,drug,Инсулин человеческий,rx,Инсулин растворимый [человеческий генно-инженерный],rx,Инсулин гларгин,rx,Инсулин-изофан человеческий генно-инженерный,rx,Инсулин аспарт,rx,"[{""source"": ""uteka"", ""raw_mnn"": ""Инсулин растворимый [человеческий генно-инженерный]"", ""field_type"": ""explicit_mnn"", ""canonical_components"": [""Инсулин растворимый [человеческий генно-инженерный]""], ""url"": null, ""parse_warnings"": []}, {""source"": ""apteka"", ""raw_mnn"": ""Инсулин-изофан человеческий генно-инженерный"", ""field_type"": ""explicit_mnn"", ""canonical_components"": [""Инсулин-изофан человеческий генно-инженерный""], ""url"": null, ""parse_warnings"": []}, {""source"": ""asna"", ""raw_mnn"": ""Инсулин гларгин"", ""field_type"": ""explicit_mnn"", ""canonical_components"": [""Инсулин гларгин""], ""url"": null, ""parse_warnings"": []}, {""source"": ""vidal"", ""raw_mnn"": ""Инсулин аспарт"", ""field_type"": ""explicit_mnn"", ""canonical_components"": [""Инсулин аспарт""], ""url"": null, ""parse_warnings"": []}]",[],,,unresolved_catalog,equal_conflict,rx,unknown,True,True,ok,Инсулин человеческий,rx,универсальный,Инсулин человеческий,enrichment,0,False,https://megapteka.ru/specials/guide_rosinsulin-instrukciya-po-6417 | https://www.vidal.ru/drugs/rosinsuline_s__21123 | https://www.vidal.ru/drugs/rosinsulin-glargin | https://allmed.pro/drugs/rosinsulin-s | https://www.vidal.ru/drugs/rosinsuline_s__21123 | https://grls.rosminzdrav.ru/ | https://medi.ru/instrukciya/rosinsulin-s_23082/ | https://www.rlsnet.ru/drugs/rosinsulin-s-36426 | https://www.vidal.ru/drugs/rosinsuline_s__21123 | https://health.mail.ru/drug/rosinsulin_s/ | https://medi.ru/instrukciya/rosinsulin-s_23082/ | https://www.rlsnet.ru/drugs/rosinsulin-s-36426,3b5a48f50d1caabf6938b6a49b3673b9
7651,423,459,РОМАШКИ АПТЕЧНОЙ ЦВЕТКИ 50Г ХЕРБЕС | ХЕРБЕС ООО | ХЕРБЕС ООО,drug,,otc,,,Ромашки аптечной цветки,otc,,,,,"[{""source"": ""asna"", ""raw_mnn"": ""Ромашки аптечной цветки"", ""field_type"": ""explicit_mnn"", ""canonical_components"": [""Ромашки аптечной цветки""], ""url"": null, ""parse_warnings"": []}]",[],,,unresolved_catalog,single_source,unknown,unknown,True,True,ok,Ромашки аптечной цветки,otc,универсальный,Ромашки аптечной цветки,enrichment,0,False,https://www.vidal.ru/drugs/chamomillae_flores__16503 | https://medum.ru/romashki-aptechnoj-cvetki | https://medi.ru/instrukciya/romashki-aptechnoy-tsvetki_23050/ | https://medum.ru/romashki-aptechnoj-cvetki | https://www.vidal.ru/drugs/chamomillae_flores__16503 | https://aptekamos.ru/tovary/bad/romashka-aptechnaya-4569/romashka-aptechnaya-cvetki-50g-69179/instrukciya | https://health.mail.ru/drug/romashki_aptechnoy_tsvetki/ | https://bz.medvestnik.ru/classify/mnn/Romashki-aptechnoi-cvetki.html | https://www.vidal.ru/drugs/chamomillae_flores__16503 | https://health.mail.ru/drug/romashki_tsvetki/ | https://drugs.medelement.com/drug/%D1%80%D0%BE%D0%BC%D0%B0%D1%88%D0%BA%D0%B8-%D1%86%D0%B2%D0%B5%D1%82%D0%BA%D0%B8-%D0%B8%D0%BD%D1%81%D1%82%D1%80%D1%83%D0%BA%D1%86%D0%B8%D1%8F/959406351477650942?instruction_lang=RU | https://medum.ru/romashki-aptechnoj-cvetki,88f347a2cde661eb8819992c7bb8cbcc
7803,423,459,РОЗУВАСТАТИН-ТАД ТАБЛ. П/ПЛЕН/ОБ. 20МГ №30 | Крка-Рус ООО | Крка-Рус ООО,drug,Розувастатин,rx,Розувастатин,rx,Розувастатин,rx,,,,,"[{""source"": ""uteka"", ""raw_mnn"": ""Розувастатин"", ""field_type"": ""explicit_mnn"", ""canonical_components"": [""Розувастатин""], ""url"": null, ""parse_warnings"": []}, {""source"": ""asna"", ""raw_mnn"": ""Розувастатин"", ""field_type"": ""explicit_mnn"", ""canonical_components"": [""Розувастатин""], ""url"": null, ""parse_warnings"": []}]","[{""component"": ""Розувастатин"", ""source_count"": 2, ""sources"": [""uteka"", ""asna""]}]",Розувастатин,Розувастатин,resolved_catalog,consensus,rx,unknown,False,False,,,unknown,unknown,Розувастатин,catalog_consensus,0,False,,bb341156ab173d17a69104a0e18f706a
7807,423,459,РОЗУВАСТАТИН ТАБЛ. П/ПЛЕН/ОБ. 5МГ №30 ПРАНАФАРМ | ПРАНАФАРМ ООО | ПРАНАФАРМ ООО,drug,Розувастатин,rx,Эналаприл,rx,Валсартан,rx,Атенолол,rx,,,"[{""source"": ""uteka"", ""raw_mnn"": ""Эналаприл"", ""field_type"": ""explicit_mnn"", ""canonical_components"": [""Эналаприл""], ""url"": null, ""parse_warnings"": []}, {""source"": ""apteka"", ""raw_mnn"": ""Атенолол"", ""field_type"": ""explicit_mnn"", ""canonical_components"": [""Атенолол""], ""url"": null, ""parse_warnings"": []}, {""source"": ""asna"", ""raw_mnn"": ""Валсартан"", ""field_type"": ""explicit_mnn"", ""canonical_components"": [""Валсартан""], ""url"": null, ""parse_warnings"": []}]",[],,,unresolved_catalog,equal_conflict,rx,unknown,True,True,ok,Розувастатин,rx,взрослые,Розувастатин,enrichment,0,False,https://www.vidal.ru/drugs/rosuvastatin__44535 | https://allmed.pro/ru/drugs/rozuvastatin | https://www.vidal.ru/drugs/rosuvastatin__44624 | https://www.vidal.ru/drugs/rosuvastatin__44535 | https://drugs.medelement.com/drug/%D1%80%D0%BE%D0%B7%D1%83%D0%B2%D0%B0%D1%81%D1%82%D0%B0%D1%82%D0%B8%D0%BD-10%D0%BC%D0%B3-%D0%B8%D0%BD%D1%81%D1%82%D1%80%D1%83%D0%BA%D1%86%D0%B8%D1%8F/873473161669965240?instruction_lang=RU | https://health.mail.ru/drug/rozuvastatin-1/ | https://medum.ru/rozuvastatin | https://medspravochnik.com/drugs/statiny/rozuvastatin/ | https://ozonpharm.ru/wp-content/uploads/2024/06/7c23a099c889939b92f4465751ddf946-3.pdf | https://megapteka.ru/specials/guide_rozuvastatin-instrukciya-po-5601 | https://www.pharmcontrol.ru/reference/inn/591/ | https://grls.pharm-portal.ru/grls/86d649ff-50bd-49c9-bfbb-d774c6c5daab,ebd18dbff11670ee936d8398079ff275
7816,423,459,РОЗУВАСТАТИН ТАБЛ. П/ПЛЕН/ОБ. 20МГ №90 ОЗОН | ОЗОН ООО | ОЗОН ООО,drug,Розувастатин,rx,,,Омепразол,rx,Добутамин,rx,Глицин,otc,"[{""source"": ""apteka"", ""raw_mnn"": ""Добутамин"", ""field_type"": ""explicit_mnn"", ""canonical_components"": [""Добутамин""], ""url"": null, ""parse_warnings"": []}, {""source"": ""asna"", ""raw_mnn"": ""Омепразол"", ""field_type"": ""explicit_mnn"", ""canonical_components"": [""Омепразол""], ""url"": null, ""parse_warnings"": []}, {""source"": ""vidal"", ""raw_mnn"": ""Глицин"", ""field_type"": ""explicit_mnn"", ""canonical_components"": [""Глицин""], ""url"": null, ""parse_warnings"": []}]",[],,,unresolved_catalog,equal_conflict,rx,unknown,True,True,ok,Розувастатин,rx,взрослые,Розувастатин,enrichment,0,False,https://www.vidal.ru/drugs/rosuvastatin__44535 | https://allmed.pro/ru/drugs/rozuvastatin | https://www.pharmcontrol.ru/reference/inn/591/ | https://grls.pharm-portal.ru/grls/86d649ff-50bd-49c9-bfbb-d774c6c5daab | https://grls.pharm-portal.ru/grls/3ab53ce0-82bd-4b3e-8bf0-0073c7f5576d | https://www.pharmcontrol.ru/registry/drugs/9682/ | https://vaskov.pro/grls/0ae95044-9f67-1ba9-819f-67ef32a001a4 | https://vaskov.pro/grls/0ae95063-9f67-1630-819f-67df44cc0342 | https://zdravmedinform.ru/grls/reg-lp-007407.html | https://grls.pharm-portal.ru/grls/86d649ff-50bd-49c9-bfbb-d774c6c5daab | https://grls.pharm-portal.ru/grls/3ab53ce0-82bd-4b3e-8bf0-0073c7f5576d | https://zdravmedinform.ru/grls/reg-lp-010846-rg-ru.html,672c908fc6b8737eff4b2d17f2f7a8e7
7858,423,459,РОЗУВАСТАТИН РЕНЕВАЛ ТАБЛ. П/ПЛЕН/ОБ. 10МГ №30 | ОБНОВЛЕНИЕ ПФК АО | ОБНОВЛЕНИЕ ПФК АО,drug,Розувастатин,rx,Пропранолол,rx,Натрия хлорид,rx,Рамиприл,rx,Розувастатин,rx,"[{""source"": ""uteka"", ""raw_mnn"": ""Пропранолол"", ""field_type"": ""explicit_mnn"", ""canonical_components"": [""Пропранолол""], ""url"": null, ""parse_warnings"": []}, {""source"": ""apteka"", ""raw_mnn"": ""Рамиприл"", ""field_type"": ""explicit_mnn"", ""canonical_components"": [""Рамиприл""], ""url"": null, ""parse_warnings"": []}, {""source"": ""asna"", ""raw_mnn"": ""Натрия хлорид"", ""field_type"": ""explicit_mnn"", ""canonical_components"": [""Натрия хлорид""], ""url"": null, ""parse_warnings"": []}, {""source"": ""vidal"", ""raw_mnn"": ""Розувастатин"", ""field_type"": ""explicit_mnn"", ""canonical_components"": [""Розувастатин""], ""url"": null, ""parse_warnings"": []}]",[],,,unresolved_catalog,equal_conflict,rx,unknown,True,True,ok,Розувастатин,rx,взрослые,Розувастатин,enrichment,0,False,https://yandex.ru/medicine/medicaments/rozuvastatin-reneval | https://www.vidal.ru/drugs/rozuvastatin-reneval | https://health.mail.ru/drug/rozuvastatin_reneval/ | https://aptekamos.ru/tovary/lekarstva/rozuvastatin-8530/rozuvastatin-reneval-tabletki-10mg-106156/instrukciya | https://www.lsgeotar.ru/drugs/rozuvastatine-reneval-ADAE | https://www.rlsnet.ru/drugs/rozuvastatin-reneval-88497 | https://yandex.ru/medicine/medicaments/rozuvastatin-reneval | https://health.mail.ru/drug/rozuvastatin_reneval/ | https://medum.ru/rozuvastatin-reneval | https://www.vidal.ru/drugs/rozuvastatin-reneval | https://www.vidal.ru/drugs/rosuvastatin__44624 | https://www.renewal.ru/products/rozuvastatin-reneval/,9fb1cd352308616e62a440ae80acef2b
8055,423,459,РИМАСОПТ ВМ КАПЛИ ГЛАЗНЫЕ 2МГ/МЛ+5МГ/МЛ ФЛ. 5МЛ №1 | Уорлд медицин илач сан. ве тидж. Аш | Уорлд медицин илач сан. ве тидж. Аш,drug,,rx,,,,,,,Тимолол,rx,"[{""source"": ""vidal"", ""raw_mnn"": ""Тимолол"", ""field_type"": ""explicit_mnn"", ""canonical_components"": [""Тимолол""], ""url"": null, ""parse_warnings"": []}]",[],,,unresolved_catalog,single_source,unknown,unknown,True,True,ok,"Бримонидин, Тимолол",rx,взрослые,"Бримонидин, Тимолол",enrichment,0,False,https://pharmproduct.ru/drugs/rimasopt-vm | https://www.vidal.ru/drugs/rimasopt-vm | https://medum.ru/rimasopt-vm-kapli | https://www.rlsnet.ru/drugs/rimasopt-vm-85870 | https://medum.ru/rimasopt-vm | https://medi.ru/instrukciya/rimasopt-vm_26499/ | https://tabletka.efim360.ru/drug/rimasopt-vm | https://medum.ru/rimasopt-vm-kapli | https://medum.ru/rimasopt-vm | https://medi.ru/instrukciya/rimasopt-vm_26499/ | https://pharmproduct.ru/drugs/rimasopt-vm | https://health.mail.ru/drug/rimasopt_vm/,9570685ba5c905998fd4816c43a2ca0b
8201,423,459,РЕПЕШОК ОБЫКНОВЕННЫЙ ТРАВА 50Г ЭВАЛАР | ЭВАЛАР ЗАО | ЭВАЛАР ЗАО,drug,,otc,,,Гинкго двулопастного листьев экстракт,otc,,,Общетонизирующие препараты,otc,"[{""source"": ""asna"", ""raw_mnn"": ""Гинкго двулопастного листьев экстракт"", ""field_type"": ""explicit_mnn"", ""canonical_components"": [""Гинкго двулопастного листьев экстракт""], ""url"": null, ""parse_warnings"": []}, {""source"": ""vidal"", ""raw_mnn"": ""Общетонизирующие препараты"", ""field_type"": ""explicit_mnn"", ""canonical_components"": [""Общетонизирующие препараты""], ""url"": null, ""parse_warnings"": []}]",[],,,unresolved_catalog,equal_conflict,otc,unknown,True,True,ok,,unknown,универсальный,,,0,True,https://bz.medvestnik.ru/drugs/39376.html | https://bz.medvestnik.ru/drugs/16114.html | https://bz.medvestnik.ru/drugs/16111.html | https://medum.ru/repeshok-obyknovennyj-trava | https://medum.ru/repeshok-obyknovennyj | https://www.webapteka.ru/drugbase/name11845.html | https://aptekamos.ru/tovary/bad/repeshok-obyknovennyyo-7978/repeshok-obyknovennyyo-trava-50g-27590/instrukciya | https://apteka.103.by/repeshok-obyknovennyy-instruktsiya/ | https://apteka.ru/product/repeshok-obyknovennyj-50-gr-nasledie-prirody-5e326cd9ca7bdc000192f079/instructions/ | https://www.rlsnet.ru/drugs/repesok-obyknovennyi-12781 | https://ru.wikipedia.org/wiki/%D0%A0%D0%B5%D0%BF%D0%B5%D1%88%D0%BE%D0%BA_%D0%BE%D0%B1%D1%8B%D0%BA%D0%BD%D0%BE%D0%B2%D0%B5%D0%BD%D0%BD%D1%8B%D0%B9 | https://ru.wikipedia.org/wiki/%D0%A0%D0%B5%D0%BF%D0%B5%D1%88%D0%BE%D0%BA,394eb4abbeafc82803484d79f9925312
8374,425,459,РЕДЕЦИЛ МАЗЬ Д/НАРУЖ. ПРИМ. ТУБА 35Г | РЕТИНОИДЫ АО | РЕТИНОИДЫ АО,drug,,,Диоксометилтетрагидропиримидин + Ретинол,otc,,,,,Диоксометилтетрагидропиримидин,otc,"[{""source"": ""uteka"", ""raw_mnn"": ""Диоксометилтетрагидропиримидин + Ретинол"", ""field_type"": ""explicit_mnn"", ""canonical_components"": [""Диоксометилтетрагидропиримидин"", ""Ретинол""], ""url"": null, ""parse_warnings"": []}, {""source"": ""vidal"", ""raw_mnn"": ""Диоксометилтетрагидропиримидин"", ""field_type"": ""explicit_mnn"", ""canonical_components"": [""Диоксометилтетрагидропиримидин""], ""url"": null, ""parse_warnings"": []}]","[{""component"": ""Диоксометилтетрагидропиримидин"", ""source_count"": 2, ""sources"": [""uteka"", ""vidal""]}, {""component"": ""Ретинол"", ""source_count"": 1, ""sources"": [""uteka""]}]","Диоксометилтетрагидропиримидин, Ретинол","Диоксометилтетрагидропиримидин, Ретинол",resolved_catalog,consensus,otc,unknown,False,False,,,unknown,unknown,"Диоксометилтетрагидропиримидин, Ретинол",catalog_consensus,0,False,,8c56f65595abdd5fd2e1db04a91b7100
8414,425,459,РЕБАМИПИД ТАБЛ. П/ПЛЕН/ОБ. 100МГ №90 | ОБНИНСКАЯ ХИМИКО-ФАРМАЦЕВТИЧЕСКАЯ КОМПАНИЯ | ОБНИНСКАЯ ХИМИКО-ФАРМАЦЕВТИЧЕСКАЯ КОМПАНИЯ,drug,Ребамипид,rx,Ребамипид,rx,,,Ребамипид,rx,,,"[{""source"": ""uteka"", ""raw_mnn"": ""Ребамипид"", ""field_type"": ""explicit_mnn"", ""canonical_components"": [""Ребамипид""], ""url"": null, ""parse_warnings"": []}, {""source"": ""apteka"", ""raw_mnn"": ""Ребамипид"", ""field_type"": ""explicit_mnn"", ""canonical_components"": [""Ребамипид""], ""url"": null, ""parse_warnings"": []}]","[{""component"": ""Ребамипид"", ""source_count"": 2, ""sources"": [""uteka"", ""apteka""]}]",Ребамипид,Ребамипид,resolved_catalog,consensus,rx,unknown,False,False,,,unknown,unknown,Ребамипид,catalog_consensus,0,False,,e09cb375d6f76d51d7a5590d559924b8
8566,425,459,РАБИЕТ КАПС. КИШ/РАСТ. 20МГ №14 АЛИУМ | АЛИУМ АО | АЛИУМ АО,drug,,,Ацикловир,rx,Ривароксабан,rx,Ацикловир,rx,Албендазол,rx,"[{""source"": ""uteka"", ""raw_mnn"": ""Ацикловир"", ""field_type"": ""explicit_mnn"", ""canonical_components"": [""Ацикловир""], ""url"": null, ""parse_warnings"": []}, {""source"": ""apteka"", ""raw_mnn"": ""Ацикловир"", ""field_type"": ""explicit_mnn"", ""canonical_components"": [""Ацикловир""], ""url"": null, ""parse_warnings"": []}, {""source"": ""asna"", ""raw_mnn"": ""Ривароксабан"", ""field_type"": ""explicit_mnn"", ""canonical_components"": [""Ривароксабан""], ""url"": null, ""parse_warnings"": []}, {""source"": ""vidal"", ""raw_mnn"": ""Албендазол"", ""field_type"": ""explicit_mnn"", ""canonical_components"": [""Албендазол""], ""url"": null, ""parse_warnings"": []}]",[],,,unresolved_catalog,equal_conflict,rx,unknown,True,True,ok,Рабепразол,rx,универсальный,Рабепразол,enrichment,0,False,https://grls.rosminzdrav.ru/ | https://www.rlsnet.ru/drugs/rabiet-78983 | https://edu-rosminzdrav.ru/grls-mnn-chto-eto/ | https://grls.rosminzdrav.ru/ | https://www.rlsnet.ru/drugs/rabiet-78983 | https://www.vidal.ru/drugs/rabiet__45198 | https://www.rlsnet.ru/drugs/rabiet-78983 | https://health.mail.ru/drug/rabiet-1/ | https://www.vidal.ru/drugs/rabiet__45198 | https://www.webapteka.ru/drugbase/name51941.html | https://apteka.ru/product/rabiet-002-n28-kaps-kishechnorastvor-63d36f9a6d590277f2df371e/instructions/ | https://medum.ru/rabiet-capsules,3fe8e73390e2cf2b7e8f787e406644af
8753,425,459,ПРОСТАНОРМ ЭКСТРАКТ Д/ПРИЕМА ВНУТРЬ ЖИДК. ФЛ. 100МЛ | ФАРМВИЛАР НПО ООО | ФАРМВИЛАР НПО ООО,drug,,otc,Зверобоя продырявленного трава +Золотарника канадского трава+Солодки корни+Эхинацеи пурпурной корневища с корнями,otc,,otc,,,,otc,"[{""source"": ""uteka"", ""raw_mnn"": ""Зверобоя продырявленного трава +Золотарника канадского трава+Солодки корни+Эхинацеи пурпурной корневища с корнями"", ""field_type"": ""explicit_mnn"", ""canonical_components"": [""Зверобоя продырявленного трава"", ""Золотарника канадского трава"", ""Солодки корни"", ""Эхинацеи пурпурной корневища с корнями""], ""url"": null, ""parse_warnings"": []}, {""source"": ""asna"", ""raw_mnn"": null, ""field_type"": ""unknown"", ""canonical_components"": [], ""url"": null, ""parse_warnings"": []}, {""source"": ""vidal"", ""raw_mnn"": null, ""field_type"": ""unknown"", ""canonical_components"": [], ""url"": null, ""parse_warnings"": []}]",[],,,unresolved_catalog,single_source,otc,unknown,True,True,ok_partial,,unknown,взрослые,,,2,True,https://aptekamos.ru/tovary/lekarstva/zveroboya-trava-zolotarnika-kanadskogo-trava-solodki-korni-exinacei-perpurnoyo-kornevishha-5422/prostanorm-tabletki-200mg-27945/instrukciya | https://www.rlsnet.ru/drugs/prostanorm-79815 | https://www.vidal.ru/drugs/prostanorm__31368 | https://www.webapteka.ru/drugbase/name13278.html | https://allmed.pro/ru/drugs/prostanorm | https://zdesapteka.ru/instructions/prostanorm/ | https://www.rlsnet.ru/drugs/prostanorm-79815 | https://www.vidal.ru/drugs/prostanorm__31368 | https://www.webapteka.ru/drugbase/name13278.html | https://www.rlsnet.ru/drugs/prostanorm-79815 | https://health.mail.ru/drug/prostanorm-1/ | https://aptekamos.ru/tovary/lekarstva/zveroboya-trava-zolotarnika-kanadskogo-trava-solodki-korni-exinacei-perpurnoyo-kornevishha-5422/prostanorm-tabletki-200mg-27945/instrukciya,bb21032003485d2842f81005fd49fb7e
8788,425,459,ПРОПИЦИЛ ТАБЛ. 50МГ №20 | ХАУПТ ФАРМА МЮНСТЕР ГМБХ | ХАУПТ ФАРМА МЮНСТЕР ГМБХ,drug,Пропилтиоурацил,rx,Пропилтиоурацил,rx,,,,,Пропилтиоурацил,rx,"[{""source"": ""uteka"", ""raw_mnn"": ""Пропилтиоурацил"", ""field_type"": ""explicit_mnn"", ""canonical_components"": [""Пропилтиоурацил""], ""url"": null, ""parse_warnings"": []}, {""source"": ""vidal"", ""raw_mnn"": ""Пропилтиоурацил"", ""field_type"": ""explicit_mnn"", ""canonical_components"": [""Пропилтиоурацил""], ""url"": null, ""parse_warnings"": []}]","[{""component"": ""Пропилтиоурацил"", ""source_count"": 2, ""sources"": [""uteka"", ""vidal""]}]",Пропилтиоурацил,Пропилтиоурацил,resolved_catalog,consensus,rx,unknown,False,False,,,unknown,unknown,Пропилтиоурацил,catalog_consensus,0,False,,249792eff71670e0d030bb3c87eb5a1f
9096,426,459,"ПРЕДНИЗОЛОН МАЗЬ Д/НАРУЖ. ПРИМ. 0,5% ТУБА 15Г БИОСИНТЕЗ | БИОСИНТЕЗ ПАО | БИОСИНТЕЗ ПАО",drug,Преднизолон,rx,,,Гризеофульвин,rx,Тетрациклин,rx,Каптоприл,rx,"[{""source"": ""apteka"", ""raw_mnn"": ""Тетрациклин"", ""field_type"": ""explicit_mnn"", ""canonical_components"": [""Тетрациклин""], ""url"": null, ""parse_warnings"": []}, {""source"": ""asna"", ""raw_mnn"": ""Гризеофульвин"", ""field_type"": ""explicit_mnn"", ""canonical_components"": [""Гризеофульвин""], ""url"": null, ""parse_warnings"": []}, {""source"": ""vidal"", ""raw_mnn"": ""Каптоприл"", ""field_type"": ""explicit_mnn"", ""canonical_components"": [""Каптоприл""], ""url"": null, ""parse_warnings"": []}]",[],,,unresolved_catalog,equal_conflict,rx,unknown,True,True,ok,Преднизолон,rx,универсальный,Преднизолон,enrichment,0,False,https://aptekamos.ru/tovary/lekarstva/prednizolon-756/prednizolon-tabletki-5mg-12445/instrukciya | https://www.rlsnet.ru/active-substance/prednizolon-297 | https://allmed.pro/ru/drugs/prednizolon | https://grls.rosminzdrav.ru/ | https://www.rlsnet.ru/active-substance/prednizolon-297 | https://medum.ru/prednizolon-detyam | https://o-krohe.ru/med-preparaty/prednizolon/ | https://medi.ru/instrukciya/prednizolon_22547/ | https://medi.ru/instrukciya/prednizolon_22550/ | https://www.vidal.ru/drugs/prednisolon__37231 | https://aptekamos.ru/tovary/lekarstva/prednizolon-756/prednizolon-tabletki-5mg-12445/instrukciya | https://medspravochnik.com/drugs/kortikosteroidy/prednizolon/,8b7fa95371d2738cfd9732f0b67e338f
9197,426,459,ПОМОГУША СИРОП ДЕТСКИЙ ДЛЯ ДЕТЕЙ С 3-Х ЛЕТ ПРОТИВОПРОСТУДНЫЙ 100МЛ | ЮГ ООО | ЮГ ООО,drug,,otc,,,,otc,,,,,"[{""source"": ""asna"", ""raw_mnn"": null, ""field_type"": ""unknown"", ""canonical_components"": [], ""url"": null, ""parse_warnings"": []}]",[],,,unresolved_catalog,empty,unknown,unknown,True,True,ok,,unknown,дети,,,0,True,https://grls.rosminzdrav.ru/ | https://rlp2.test.egisz.rosminzdrav.ru/registries/grls | https://edu-rosminzdrav.ru/grls-mnn-chto-eto/ | https://grls.rosminzdrav.ru/ | https://aptekamos.ru/tovary/pishhevye-produkty/pomogusha-13949/pomogusha-immunomoduliruyushhiyo-sirop-detskiyo-100ml-87305/instrukciya | https://aptekamos.ru/tovary/pishhevye-produkty/pomogusha-13949/pomogusha-uspokaivayushhiyo-sirop-detskiyo-100ml-101043/instrukciya | https://pharmznanie.ru/drugs/pomogusha-sirop-detskij-uspokaivayushhij-100-ml | http://lekhar.ru/wp-content/uploads/2018/06/%D0%9F%D0%BE%D0%BC%D0%BE%D0%B3%D1%83%D1%88%D0%B0-%D0%B8%D0%BD%D1%81%D1%82%D1%80%D1%83%D0%BA%D1%86%D0%B8%D1%8F-%D0%BF%D0%BE-%D0%BF%D1%80%D0%B8%D0%BC%D0%B5%D0%BD%D0%B5%D0%BD%D0%B8%D1%8E.pdf | http://lekhar.ru/lekarstva/preparaty-dlja-nervnoj-sistemy/pomogusha-instrukcija-po-primeneniju/ | https://pharmznanie.ru/drugs/pomogusha-sirop-dlya-detej-protivoprostudnyj-100-ml | https://instruk.world-shop.ru/pomogusha-sirop-detskiy-uspokaivayushchiy-instruktsiya/ | https://vaskov.pro/grls,57b135c4e5554960e2817def68769656
9301,426,459,ПОЛЫНИ ГОРЬКОЙ ТРАВА 50Г ФИТОФАРМ | ФИТОФАРМ ООО | ФИТОФАРМ ООО,drug,Полыни горькой трава,otc,,,,,,,,,[],[],,,unresolved_catalog,empty,unknown,unknown,True,True,ok,Полыни горькой трава,otc,универсальный,Полыни горькой трава,enrichment,0,False,https://pharmproduct.ru/drugs/polyni-gorkoi-trava | https://www.lsgeotar.ru/drugs/bitter-wormwood-herb-BA8e | https://allmed.pro/ru/drugs/polyni-gorkoj-trava | https://pharmznanie.ru/drugs/polyni-gorkoj-trava-50-g | https://bz.medvestnik.ru/drugs/15175.html | https://health.mail.ru/drug/polyni-gorkoy-trava/ | https://health.mail.ru/drug/polyni-gorkoy-trava-1/ | https://medi.ru/instrukciya/polyni-gorkoj-trava_12705/ | https://www.rlsnet.ru/drugs/polyni-gorkoi-trava-4783 | https://apteka.103.by/63285-polyni-gorkoy-trava-instruktsiya/ | https://medi.ru/instrukciya/polyni-gorkoy-trava_22517/ | https://drugs.medelement.com/drug/%D0%BF%D0%BE%D0%BB%D1%8B%D0%BD%D1%8C-%D0%B3%D0%BE%D1%80%D1%8C%D0%BA%D0%B0%D1%8F-%D0%B8%D1%81%D0%BD%D1%82%D1%80%D1%83%D0%BA%D1%86%D0%B8%D1%8F/42828891618207096?instruction_lang=RU,f5cd8dc841bc980a34943931ad149129
9306,426,459,ПОЛИФЕПАН ПОР. Д/ПРИЕМА ВНУТРЬ ПАК. 10Г №10 | ВОСТОК ООО | ВОСТОК ООО,drug,,,,,,,,,,,[],[],,,unresolved_catalog,empty,unknown,unknown,True,True,ok,Лигнин гидролизный,otc,универсальный,Лигнин гидролизный,enrichment,0,False,https://www.webapteka.ru/drugbase/name5465.html | https://aptekamos.ru/tovary/lekarstva/lignin-gidroliznyyo-2931/polifepan-poroshok-250g-13283/instrukciya | https://www.rlsnet.ru/drugs/polifepan-4779 | https://pharmproduct.ru/drugs/polifepan | https://www.vidal.ru/drugs/polyphepan__40305 | https://megapteka.ru/specials/guide_polifepan-instrukciya-po-2679 | https://medi.ru/instrukciya/polifepan_9270/ | https://health.mail.ru/drug/polifepan-2/ | https://zdesapteka.ru/instructions/polifepan/ | https://www.rlsnet.ru/drugs/polifepan-4779 | https://medi.ru/instrukciya/polifepan_22501/ | https://www.vidal.ru/drugs/polyphepan__40305,01f0fa76ea251cb03f5ccdcbdca066ad
9511,427,459,ПИОНА НАСТОЙКА РЕНЕВАЛ ФЛ. 25МЛ | ОБНОВЛЕНИЕ ПФК АО | ОБНОВЛЕНИЕ ПФК АО,drug,,otc,Пропранолол,rx,Натрия хлорид,rx,"Ацетилсалициловая кислота, Аскорбиновая кислота",,Розувастатин,rx,"[{""source"": ""uteka"", ""raw_mnn"": ""Пропранолол"", ""field_type"": ""explicit_mnn"", ""canonical_components"": [""Пропранолол""], ""url"": null, ""parse_warnings"": []}, {""source"": ""apteka"", ""raw_mnn"": ""Ацетилсалициловая кислота, Аскорбиновая кислота"", ""field_type"": ""explicit_mnn"", ""canonical_components"": [""Ацетилсалициловая кислота"", ""Аскорбиновая кислота""], ""url"": null, ""parse_warnings"": []}, {""source"": ""asna"", ""raw_mnn"": ""Натрия хлорид"", ""field_type"": ""explicit_mnn"", ""canonical_components"": [""Натрия хлорид""], ""url"": null, ""parse_warnings"": []}, {""source"": ""vidal"", ""raw_mnn"": ""Розувастатин"", ""field_type"": ""explicit_mnn"", ""canonical_components"": [""Розувастатин""], ""url"": null, ""parse_warnings"": []}]",[],,,unresolved_catalog,equal_conflict,rx,unknown,True,True,ok,"Пиона уклоняющегося травы, корневищ и корней настойка",otc,взрослые,"Пиона уклоняющегося травы, корневищ и корней настойка",enrichment,0,False,https://herbalpedia.ru/articles/nastojka-piona/ | https://pharmproduct.ru/drugs/piona-ukloniaiushhegosia-nastoika | https://megapteka.ru/specials/guide_nastojka-piona-instrukciya-7296 | https://herbalpedia.ru/articles/nastojka-piona/ | https://drugs.medelement.com/drug/%D0%BF%D0%B8%D0%BE%D0%BD%D0%B0-%D0%BD%D0%B0%D1%81%D1%82%D0%BE%D0%B9%D0%BA%D0%B0-25%D0%BC%D0%BB-%D0%B8%D0%BD%D1%81%D1%82%D1%80%D1%83%D0%BA%D1%86%D0%B8%D1%8F/888951651696339215?instruction_lang=RU | https://drugs.medelement.com/drug/%D0%BF%D0%B8%D0%BE%D0%BD%D0%B0-%D0%BD%D0%B0%D1%81%D1%82%D0%BE%D0%B9%D0%BA%D0%B0-%D0%B8%D0%BD%D1%81%D1%82%D1%80%D1%83%D0%BA%D1%86%D0%B8%D1%8F/695284471669119563?instruction_lang=RU | https://www.neboleem.net/nastojka-piona.php | https://health.mail.ru/drug/piona-uklonyayuschegosya-nastoyka/ | https://medi.ru/instrukciya/piona-uklonyayushchegosya-nastoyka_22370/ | https://medi.ru/instrukciya/piona-uklonyayushchegosya-nastoyka_22359/ | https://www.pharmcontrol.ru/reference/inn/10487/ | https://www.pharmcontrol.ru/reference/inn/3555/,de12c825578d6f4d2d10653f6dc85574
9539,427,459,"ПИКОДИНАР КАПЛИ Д/ПРИЕМА ВНУТРЬ 7,5МГ/МЛ ФЛ. 15МЛ | ГРОТЕКС ООО | ГРОТЕКС ООО",drug,,otc,Натрия пикосульфат,otc,Натрия пикосульфат,otc,Натрия пикосульфат,,Натрия пикосульфат,otc,"[{""source"": ""uteka"", ""raw_mnn"": ""Натрия пикосульфат"", ""field_type"": ""explicit_mnn"", ""canonical_components"": [""Натрия пикосульфат""], ""url"": null, ""parse_warnings"": []}, {""source"": ""apteka"", ""raw_mnn"": ""Натрия пикосульфат"", ""field_type"": ""explicit_mnn"", ""canonical_components"": [""Натрия пикосульфат""], ""url"": null, ""parse_warnings"": []}, {""source"": ""asna"", ""raw_mnn"": ""Натрия пикосульфат"", ""field_type"": ""explicit_mnn"", ""canonical_components"": [""Натрия пикосульфат""], ""url"": null, ""parse_warnings"": []}, {""source"": ""vidal"", ""raw_mnn"": ""Натрия пикосульфат"", ""field_type"": ""explicit_mnn"", ""canonical_components"": [""Натрия пикосульфат""], ""url"": null, ""parse_warnings"": []}]","[{""component"": ""Натрия пикосульфат"", ""source_count"": 4, ""sources"": [""uteka"", ""apteka"", ""asna"", ""vidal""]}]",Натрия пикосульфат,Натрия пикосульфат,resolved_catalog,consensus,otc,unknown,False,False,,,unknown,unknown,Натрия пикосульфат,catalog_consensus,0,False,,e18baecb4b634252508e8079d2cf7fd0
9941,427,459,ПАРОДОНТОЦИД ОПОЛАСКИВАТЕЛЬ ДЛЯ ПОЛОСТИ РТА 250МЛ | МОСКОВСКАЯ ФФ | МОСКОВСКАЯ ФФ,drug,,otc,,,,,,,,otc,"[{""source"": ""vidal"", ""raw_mnn"": null, ""field_type"": ""unknown"", ""canonical_components"": [], ""url"": null, ""parse_warnings"": []}]",[],,,unresolved_catalog,empty,unknown,unknown,True,True,ok_partial,,otc,универсальный,,,2,True,https://www.vidal.ru/drugs/parodontocide | https://www.vidal.ru/drugs/parodontocide-3 | https://pharmproduct.ru/drugs/parodontocid | https://www.webapteka.ru/drugbase/name15440.html | https://www.lsgeotar.ru/drugs/parodontocide-AGH3 | https://www.vidal.ru/drugs/parodontocide | https://www.rlsnet.ru/drugs/parodontocid-22979 | https://megapteka.ru/specials/guide_parodontocid-instrukciya-po-4457 | https://yandex.ru/medicine/medicaments/parodontotsid | https://www.vidal.ru/drugs/parodontocide | https://www.vidal.ru/drugs/parodontocide__20669 | https://www.kp.ru/putevoditel/spetsproekty/parodontotsid/,e29bd4a4866b473b9a92b04843862606
9993,427,459,ПАРАЦЕТАМОЛ ТАБЛ. 500МГ №10 ОЗОН | ОЗОН ООО | ОЗОН ООО,drug,Парацетамол,otc,Парацетамол,otc,,,,,,,"[{""source"": ""uteka"", ""raw_mnn"": ""Парацетамол"", ""field_type"": ""explicit_mnn"", ""canonical_components"": [""Парацетамол""], ""url"": null, ""parse_warnings"": []}]",[],,,unresolved_catalog,single_source,unknown,unknown,True,True,ok,Парацетамол,otc,универсальный,Парацетамол,enrichment,0,False,https://aptekamos.ru/tovary/lekarstva/paracetamol-693/paracetamol-tabletki-120mg-6707/instrukciya | https://www.rlsnet.ru/drugs/paracetamol-920 | https://www.rlsnet.ru/drugs/paracetamol-920 | https://doctorzaharova.ru/blog/paratsetamol-instruktsiya-po-preparatu-primenenie-tsena-formy-vypuska-raschet-dozirovki-detyam-i-rekomendatsii-po-ispolzovaniyu | https://medlib.net/paracetamol-detskij.html | https://www.webapteka.ru/drugbase/name4789.html | https://yandex.ru/medicine/medicaments/paratsetamol | https://www.vidal.ru/drugs/paracetamol__12749 | https://www.rlsnet.ru/drugs/paracetamol-920 | https://utamedc.com/articles/paratsetamol-instruktsiya-po-primeneniyu-dlya-vzroslyh-i-detej | https://grls.pharm-portal.ru/grls/4dd3ffbf-c653-45a2-9764-22c24ae028f8 | https://grls.pharm-portal.ru/grls/001f7fd8-86d2-4834-be6a-ddb84506c64c,5ad68fdaccda090a554900778eadeb92
9996,427,459,ПАРАЦЕТАМОЛ СУСП. Д/ПРИЕМА ВНУТРЬ ДЛЯ ДЕТЕЙ 120МГ/5МЛ ФЛ. 100МЛ СИНТЕЗ | СИНТЕЗ | СИНТЕЗ,drug,Парацетамол,otc,,,,,,,,,[],[],,,unresolved_catalog,empty,unknown,unknown,True,True,ok,Парацетамол,otc,дети,Парацетамол,enrichment,0,False,https://aptekamos.ru/tovary/lekarstva/paracetamol-693/paracetamol-tabletki-120mg-6707/instrukciya | https://www.rlsnet.ru/drugs/paracetamol-920 | https://www.rlsnet.ru/drugs/paracetamol-920 | https://doctorzaharova.ru/blog/paratsetamol-instruktsiya-po-preparatu-primenenie-tsena-formy-vypuska-raschet-dozirovki-detyam-i-rekomendatsii-po-ispolzovaniyu | https://medlib.net/paracetamol-detskij.html | https://www.webapteka.ru/drugbase/name4789.html | https://yandex.ru/medicine/medicaments/paratsetamol | https://www.vidal.ru/drugs/paracetamol__12749 | https://medi.ru/instrukciya/paratsetamol-detskiy_22188/ | https://www.vidal.ru/drugs/paracetamol_children__6556 | https://grls.pharm-portal.ru/grls/4dd3ffbf-c653-45a2-9764-22c24ae028f8 | https://grls.pharm-portal.ru/grls/001f7fd8-86d2-4834-be6a-ddb84506c64c,74072689b3884650c51b3ff906f7a6ca
10005,427,459,ПАРАЦЕТАМОЛ РЕНЕВАЛ ТАБЛ. 500МГ №20 | ОБНОВЛЕНИЕ ПФК АО | ОБНОВЛЕНИЕ ПФК АО,drug,Парацетамол,otc,Метамизол натрия,otc,Парацетамол,otc,"Ацетилсалициловая кислота, Аскорбиновая кислота",,Розувастатин,rx,"[{""source"": ""uteka"", ""raw_mnn"": ""Метамизол натрия"", ""field_type"": ""explicit_mnn"", ""canonical_components"": [""Метамизол натрия""], ""url"": null, ""parse_warnings"": []}, {""source"": ""apteka"", ""raw_mnn"": ""Ацетилсалициловая кислота, Аскорбиновая кислота"", ""field_type"": ""explicit_mnn"", ""canonical_components"": [""Ацетилсалициловая кислота"", ""Аскорбиновая кислота""], ""url"": null, ""parse_warnings"": []}, {""source"": ""asna"", ""raw_mnn"": ""Парацетамол"", ""field_type"": ""explicit_mnn"", ""canonical_components"": [""Парацетамол""], ""url"": null, ""parse_warnings"": []}, {""source"": ""vidal"", ""raw_mnn"": ""Розувастатин"", ""field_type"": ""explicit_mnn"", ""canonical_components"": [""Розувастатин""], ""url"": null, ""parse_warnings"": []}]",[],,,unresolved_catalog,equal_conflict,otc,unknown,True,True,ok,Парацетамол,otc,универсальный,Парацетамол,enrichment,0,False,https://aptekamos.ru/tovary/lekarstva/paracetamol-693/paracetamol-reneval-tabletki-500mg-107294/instrukciya | https://www.vidal.ru/drugs/paratsetamol-reneval | https://www.renewal.ru/upload/iblock/fff/%D0%9F%D0%B0%D1%80%D0%B0%D1%86%D0%B5%D1%82%D0%B0%D0%BC%D0%BE%D0%BB%20%D0%A0%D0%B5%D0%BD%D0%B5%D0%B2%D0%B0%D0%BB%20-%20%D0%B8%D0%BD%D1%81%D1%82%D1%80%D1%83%D0%BA%D1%86%D0%B8%D1%8F%20%D0%BF%D0%BE%20%D0%BF%D1%80%D0%B8%D0%BC%D0%B5%D0%BD%D0%B5%D0%BD%D0%B8%D1%8E.pdf | https://aptekamos.ru/tovary/lekarstva/paracetamol-693/paracetamol-reneval-tabletki-shipuchie-500mg-107295/instrukciya | https://www.rlsnet.ru/drugs/paracetamol-reneval-86469 | https://www.renewal.ru/upload/iblock/fff/%D0%9F%D0%B0%D1%80%D0%B0%D1%86%D0%B5%D1%82%D0%B0%D0%BC%D0%BE%D0%BB%20%D0%A0%D0%B5%D0%BD%D0%B5%D0%B2%D0%B0%D0%BB%20-%20%D0%B8%D0%BD%D1%81%D1%82%D1%80%D1%83%D0%BA%D1%86%D0%B8%D1%8F%20%D0%BF%D0%BE%20%D0%BF%D1%80%D0%B8%D0%BC%D0%B5%D0%BD%D0%B5%D0%BD%D0%B8%D1%8E.pdf | https://aptekamos.ru/tovary/lekarstva/paracetamol-693/paracetamol-reneval-tabletki-500mg-107294/instrukciya | https://medum.ru/paracetamol-reneval | https://www.vidal.ru/drugs/paratsetamol-reneval | https://www.renewal.ru/upload/iblock/4d3/7dkck5tkg3wv2j9uedbo5brd3c7vh3ye/Instruktsiya-Paratsetamol-Reneval-shipuchiy-500-mg.pdf | https://yandex.ru/medicine/medicaments/paratsetamol-reneval | https://www.vidal.ru/drugs/paratsetamol-reneval,bbec23a697c0ff66d6ed3e267d4030ef
10009,428,459,ПАРАЦЕТАМОЛ ДЕТСКИЙ СУСП. Д/ПРИЕМА ВНУТРЬ МАЛИНА 120МГ/5МЛ ФЛ. 100Г ФАРМСТАНДАРТ | ФАРМСТАНДАРТ-ЛЕКСРЕДСТВА ОАО | ФАРМСТАНДАРТ-ЛЕКСРЕДСТВА ОАО,drug,Парацетамол,otc,,,,,,,,,[],[],,,unresolved_catalog,empty,unknown,unknown,True,True,ok,Парацетамол,otc,дети,Парацетамол,enrichment,0,False,https://www.lsgeotar.ru/drugs/paracetamol-for-children-BA5X | https://www.lsgeotar.ru/drugs/paracetamol-childrens-ACTe | https://medlib.net/paracetamol-detskij.html | https://www.vidal.ru/drugs/paracetamol_children__6556 | https://ozonpharm.ru/wp-content/uploads/2024/06/81364ebe41fed938b429c7be0dcdf96c-3.pdf | https://medi.ru/instrukciya/paratsetamol-detskiy_22188/ | https://medi.ru/instrukciya/paratsetamol-detskiy_22187/ | https://www.vidal.ru/drugs/paracetamol_children__6556 | https://www.neboleem.net/paracetamol-detskij.php | https://medlib.net/paracetamol-detskij.html | https://www.rlsnet.ru/drugs/paracetamol-detskii-26820 | https://www.pharmcontrol.ru/registry/drugs/9764/,8f09bd845c0ec9dea7ac159639a6c21f
10046,428,459,ПАПАВЕРИН ТАБЛ. 40МГ №10 ИРБИТСКИЙ ХФЗ | ИРБИТСКИЙ ХИМЗАВОД ОАО | ИРБИТСКИЙ ХИМЗАВОД ОАО,drug,Папаверин,rx,Папаверин,otc,Папаверин,otc,Папаверин,,Папаверин,rx,"[{""source"": ""uteka"", ""raw_mnn"": ""Папаверин"", ""field_type"": ""explicit_mnn"", ""canonical_components"": [""Папаверин""], ""url"": null, ""parse_warnings"": []}, {""source"": ""apteka"", ""raw_mnn"": ""Папаверин"", ""field_type"": ""explicit_mnn"", ""canonical_components"": [""Папаверин""], ""url"": null, ""parse_warnings"": []}, {""source"": ""asna"", ""raw_mnn"": ""Папаверин"", ""field_type"": ""explicit_mnn"", ""canonical_components"": [""Папаверин""], ""url"": null, ""parse_warnings"": []}, {""source"": ""vidal"", ""raw_mnn"": ""Папаверин"", ""field_type"": ""explicit_mnn"", ""canonical_components"": [""Папаверин""], ""url"": null, ""parse_warnings"": []}]","[{""component"": ""Папаверин"", ""source_count"": 4, ""sources"": [""uteka"", ""apteka"", ""asna"", ""vidal""]}]",Папаверин,Папаверин,resolved_catalog,consensus,otc,unknown,False,False,,,unknown,unknown,Папаверин,catalog_consensus,0,False,,6a4169a7900e7e0349bc5c109ca91022
10097,428,459,ПАНТОКАЛЬЦИН ТАБЛ. 500МГ №50 | ВАЛЕНТА ФАРМ АО | ВАЛЕНТА ФАРМ АО,drug,,,Инозин пранобекс,rx,Имидазолилэтанамид пентандиовой кислоты,otc,,,,,"[{""source"": ""uteka"", ""raw_mnn"": ""Инозин пранобекс"", ""field_type"": ""explicit_mnn"", ""canonical_components"": [""Инозин пранобекс""], ""url"": null, ""parse_warnings"": []}, {""source"": ""asna"", ""raw_mnn"": ""Имидазолилэтанамид пентандиовой кислоты"", ""field_type"": ""explicit_mnn"", ""canonical_components"": [""Имидазолилэтанамид пентандиовой кислоты""], ""url"": null, ""parse_warnings"": []}]",[],,,unresolved_catalog,equal_conflict,unknown,unknown,True,True,ok,Гопантеновая кислота,rx,универсальный,Гопантеновая кислота,enrichment,0,False,https://aptekamos.ru/tovary/lekarstva/gopantenovaya-kislota-233/pantokalcin-tabletki-250mg-28284/instrukciya | https://megapteka.ru/specials/guide_pantokalcin-instrukciya-po-2426 | https://edu-rosminzdrav.ru/pantokalcin-mnn/ | https://www.apteka-april.ru/product/6844-pantokalcin_tabletki_250mg_50 | https://www.vidal.ru/drugs/pantocalcin__3368 | https://www.rlsnet.ru/drugs/pantokalcin-20951 | https://pharmproduct.ru/drugs/pantokalcin | https://allmed.pro/ru/drugs/pantokalcin | https://allmed.pro/ru/drugs/pantogam | https://grls.rosminzdrav.ru/ | https://www.rlsnet.ru/drugs/pantokalcin-20951 | https://megapteka.ru/specials/guide_pantokalcin-instrukciya-po-2426,0f2fe547a648a783a09f70601e5b98fe
10121,428,459,ПАНТЕНОЛ-ТЕВА МАЗЬ Д/НАРУЖ. ПРИМ. 5% ТУБА 35Г | МЕРКЛЕ ГМБХ | МЕРКЛЕ ГМБХ,drug,Декспантенол,otc,Декспантенол,otc,Декспантенол,otc,Декспантенол,,Декспантенол,otc,"[{""source"": ""uteka"", ""raw_mnn"": ""Декспантенол"", ""field_type"": ""explicit_mnn"", ""canonical_components"": [""Декспантенол""], ""url"": null, ""parse_warnings"": []}, {""source"": ""apteka"", ""raw_mnn"": ""Декспантенол"", ""field_type"": ""explicit_mnn"", ""canonical_components"": [""Декспантенол""], ""url"": null, ""parse_warnings"": []}, {""source"": ""asna"", ""raw_mnn"": ""Декспантенол"", ""field_type"": ""explicit_mnn"", ""canonical_components"": [""Декспантенол""], ""url"": null, ""parse_warnings"": []}, {""source"": ""vidal"", ""raw_mnn"": ""Декспантенол"", ""field_type"": ""explicit_mnn"", ""canonical_components"": [""Декспантенол""], ""url"": null, ""parse_warnings"": []}]","[{""component"": ""Декспантенол"", ""source_count"": 4, ""sources"": [""uteka"", ""apteka"", ""asna"", ""vidal""]}]",Декспантенол,Декспантенол,resolved_catalog,consensus,otc,unknown,False,False,,,unknown,unknown,Декспантенол,catalog_consensus,0,False,,5fe6ef08700d2ff68484aa6c9850b6a6
10283,428,459,"ОТРИВИН КОМПЛЕКС СПРЕЙ НАЗ. 0,6МГ/МЛ + 0,5МГ/МЛ (84МКГ/ДОЗА+70МКГ/ДОЗА) ФЛ. 10МЛ | ГКС КОНСЬЮМЕР ХЕЛС С.А. | ГКС КОНСЬЮМЕР ХЕЛС С.А.",drug,,otc,,,Ксилометазолин,otc,"Ипратропия бромид, Ксилометазолин",,Ксилометазолин,otc,"[{""source"": ""apteka"", ""raw_mnn"": ""Ипратропия бромид, Ксилометазолин"", ""field_type"": ""explicit_mnn"", ""canonical_components"": [""Ипратропия бромид"", ""Ксилометазолин""], ""url"": null, ""parse_warnings"": []}, {""source"": ""asna"", ""raw_mnn"": ""Ксилометазолин"", ""field_type"": ""explicit_mnn"", ""canonical_components"": [""Ксилометазолин""], ""url"": null, ""parse_warnings"": []}, {""source"": ""vidal"", ""raw_mnn"": ""Ксилометазолин"", ""field_type"": ""explicit_mnn"", ""canonical_components"": [""Ксилометазолин""], ""url"": null, ""parse_warnings"": []}]","[{""component"": ""Ксилометазолин"", ""source_count"": 3, ""sources"": [""apteka"", ""asna"", ""vidal""]}]",Ксилометазолин,Ксилометазолин,resolved_catalog,consensus,otc,unknown,False,False,,,unknown,unknown,Ксилометазолин,catalog_consensus,0,False,,06da39849a14496bd1e909e284ccd4ba
10536,429,459,ОМЕПРАЗОЛ-ОBL КАПС. КИШ/РАСТ. 20МГ №28 | ОБОЛЕНСКОЕ ФП АО | ОБОЛЕНСКОЕ ФП АО,drug,Омепразол,rx,Омепразол,rx,Омепразол,rx,Омепразол,rx,,,"[{""source"": ""uteka"", ""raw_mnn"": ""Омепразол"", ""field_type"": ""explicit_mnn"", ""canonical_components"": [""Омепразол""], ""url"": null, ""parse_warnings"": []}, {""source"": ""apteka"", ""raw_mnn"": ""Омепразол"", ""field_type"": ""explicit_mnn"", ""canonical_components"": [""Омепразол""], ""url"": null, ""parse_warnings"": []}, {""source"": ""asna"", ""raw_mnn"": ""Омепразол"", ""field_type"": ""explicit_mnn"", ""canonical_components"": [""Омепразол""], ""url"": null, ""parse_warnings"": []}]","[{""component"": ""Омепразол"", ""source_count"": 3, ""sources"": [""uteka"", ""apteka"", ""asna""]}]",Омепразол,Омепразол,resolved_catalog,consensus,rx,unknown,False,False,,,unknown,unknown,Омепразол,catalog_consensus,0,False,,7cccb74bab00f228d3a320f1c180247d
11142,430,459,НУРОФАСТ ТАБЛ. П/ПЛЕН/ОБ. 200МГ №20 | АЛИУМ АО | АЛИУМ АО,drug,Ибупрофен,otc,Ибупрофен,otc,Ибупрофен,otc,Ибупрофен,,Ибупрофен,otc,"[{""source"": ""uteka"", ""raw_mnn"": ""Ибупрофен"", ""field_type"": ""explicit_mnn"", ""canonical_components"": [""Ибупрофен""], ""url"": null, ""parse_warnings"": []}, {""source"": ""apteka"", ""raw_mnn"": ""Ибупрофен"", ""field_type"": ""explicit_mnn"", ""canonical_components"": [""Ибупрофен""], ""url"": null, ""parse_warnings"": []}, {""source"": ""asna"", ""raw_mnn"": ""Ибупрофен"", ""field_type"": ""explicit_mnn"", ""canonical_components"": [""Ибупрофен""], ""url"": null, ""parse_warnings"": []}, {""source"": ""vidal"", ""raw_mnn"": ""Ибупрофен"", ""field_type"": ""explicit_mnn"", ""canonical_components"": [""Ибупрофен""], ""url"": null, ""parse_warnings"": []}]","[{""component"": ""Ибупрофен"", ""source_count"": 4, ""sources"": [""uteka"", ""apteka"", ""asna"", ""vidal""]}]",Ибупрофен,Ибупрофен,resolved_catalog,consensus,otc,unknown,False,False,,,unknown,unknown,Ибупрофен,catalog_consensus,0,False,,8e3823181c2f04043f9d6a3a086e2891
11173,430,459,НО-ШПА ДУО ТАБЛ. 40МГ+500МГ №12 | ХИНОИН ЗАВОД ФАРМАЦЕВТИЧЕСКИХ И ХИМИЧЕСКИХ ПРОДУКТОВ ЗАО/ОПЕЛЛА ХЕЛСКЕА ВЕНГРИЯ ЛТД | ХИНОИН ЗАВОД ФАРМАЦЕВТИЧЕСКИХ И ХИМИЧЕСКИХ ПРОДУКТОВ ЗАО/ОПЕЛЛА ХЕЛСКЕА ВЕНГРИЯ ЛТД,drug,Дротаверин + Парацетамол,Без рецепта,,,Дротаверин + Парацетамол,otc,"Парацетамол, Дротаверин",,Парацетамол,otc,"[{""source"": ""apteka"", ""raw_mnn"": ""Парацетамол, Дротаверин"", ""field_type"": ""explicit_mnn"", ""canonical_components"": [""Парацетамол"", ""Дротаверин""], ""url"": null, ""parse_warnings"": []}, {""source"": ""asna"", ""raw_mnn"": ""Дротаверин + Парацетамол"", ""field_type"": ""explicit_mnn"", ""canonical_components"": [""Дротаверин"", ""Парацетамол""], ""url"": null, ""parse_warnings"": []}, {""source"": ""vidal"", ""raw_mnn"": ""Парацетамол"", ""field_type"": ""explicit_mnn"", ""canonical_components"": [""Парацетамол""], ""url"": null, ""parse_warnings"": []}]","[{""component"": ""Парацетамол"", ""source_count"": 3, ""sources"": [""apteka"", ""asna"", ""vidal""]}, {""component"": ""Дротаверин"", ""source_count"": 2, ""sources"": [""apteka"", ""asna""]}]","Парацетамол, Дротаверин","Парацетамол, Дротаверин",resolved_catalog,consensus,otc,unknown,False,False,,,unknown,unknown,"Парацетамол, Дротаверин",catalog_consensus,0,False,,8bb3d1c7c9b56ccb97c104022a7d911f
11272,430,459,НООТРОП КАПС. №48 | ВИС ООО | ВИС ООО,drug,,,,,,,,,,,[],[],,,unresolved_catalog,empty,unknown,unknown,True,True,ok,,unknown,универсальный,,,0,True,https://www.rlsnet.ru/drugs/nootropil-65 | https://www.vidal.ru/drugs/nootropil__606 | https://www.neboleem.net/nootrop.php | https://www.vidal.ru/drugs/nootropil__607 | https://aptekamos.ru/tovary/lekarstva/piracetam-726/nootropil-tabletki-1200mg-7002/instrukciya | https://www.asna.ru/product/nootrop/instruction/ | https://medvisor.ru/medicine/drug/nootropil_37307/ | https://apteka-april.ru/product/89497-nootrop_kapsuly_48 | https://grls.rosminzdrav.ru/ | https://www.neboleem.net/nootrop.php | https://www.vidal.ru/drugs/clinic-pointer/02.15.01 | https://www.asna.ru/product/nootrop/instruction/,48d5a7669c25a99829e81867f373332e
11277,430,459,НООКЛЕРИН Р-Р Д/ПРИЕМА ВНУТРЬ 200МГ/МЛ ФЛ. 100МЛ | ЭКОХИМ-ИННОВАЦИИ ООО | ЭКОХИМ-ИННОВАЦИИ ООО,drug,,,,,Деанола ацеглумат,rx,Деанола ацеглумат,rx,Деанол ацеглумат,rx,"[{""source"": ""apteka"", ""raw_mnn"": ""Деанола ацеглумат"", ""field_type"": ""explicit_mnn"", ""canonical_components"": [""Деанола ацеглумат""], ""url"": null, ""parse_warnings"": []}, {""source"": ""asna"", ""raw_mnn"": ""Деанола ацеглумат"", ""field_type"": ""explicit_mnn"", ""canonical_components"": [""Деанола ацеглумат""], ""url"": null, ""parse_warnings"": []}, {""source"": ""vidal"", ""raw_mnn"": ""Деанол ацеглумат"", ""field_type"": ""explicit_mnn"", ""canonical_components"": [""Деанол ацеглумат""], ""url"": null, ""parse_warnings"": []}]","[{""component"": ""Деанола ацеглумат"", ""source_count"": 2, ""sources"": [""apteka"", ""asna""]}]",Деанола ацеглумат,Деанола ацеглумат,resolved_catalog,consensus,rx,unknown,False,False,,,unknown,unknown,Деанола ацеглумат,catalog_consensus,0,False,,e833fd46ebc7f123483d1f6187453b64
11292,430,459,"НОЛЬПАЗА ТАБЛ. КИШ/РАСТ. П/ПЛЕН/ОБ. 20МГ №28 | КРКА Д.Д., НОВО МЕСТО АО/КРКА-РУС ООО | КРКА Д.Д., НОВО МЕСТО АО/КРКА-РУС ООО",drug,Пантопразол,rx,Пантопразол,rx,Пантопразол,rx,Пантопразол,rx,Пантопразол,otc,"[{""source"": ""uteka"", ""raw_mnn"": ""Пантопразол"", ""field_type"": ""explicit_mnn"", ""canonical_components"": [""Пантопразол""], ""url"": null, ""parse_warnings"": []}, {""source"": ""apteka"", ""raw_mnn"": ""Пантопразол"", ""field_type"": ""explicit_mnn"", ""canonical_components"": [""Пантопразол""], ""url"": null, ""parse_warnings"": []}, {""source"": ""asna"", ""raw_mnn"": ""Пантопразол"", ""field_type"": ""explicit_mnn"", ""canonical_components"": [""Пантопразол""], ""url"": null, ""parse_warnings"": []}, {""source"": ""vidal"", ""raw_mnn"": ""Пантопразол"", ""field_type"": ""explicit_mnn"", ""canonical_components"": [""Пантопразол""], ""url"": null, ""parse_warnings"": []}]","[{""component"": ""Пантопразол"", ""source_count"": 4, ""sources"": [""uteka"", ""apteka"", ""asna"", ""vidal""]}]",Пантопразол,Пантопразол,resolved_catalog,consensus,rx,unknown,False,False,,,unknown,unknown,Пантопразол,catalog_consensus,0,False,,108a4f2a4e3ca28efe451d050e23629d
11293,431,459,"НОЛЬПАЗА ТАБЛ. КИШ/РАСТ. П/ПЛЕН/ОБ. 20МГ №14 | КРКА Д.Д., НОВО МЕСТО АО/КРКА-РУС ООО | КРКА Д.Д., НОВО МЕСТО АО/КРКА-РУС ООО",drug,Пантопразол,rx,Пантопразол,rx,Пантопразол,rx,Пантопразол,rx,Пантопразол,otc,"[{""source"": ""uteka"", ""raw_mnn"": ""Пантопразол"", ""field_type"": ""explicit_mnn"", ""canonical_components"": [""Пантопразол""], ""url"": null, ""parse_warnings"": []}, {""source"": ""apteka"", ""raw_mnn"": ""Пантопразол"", ""field_type"": ""explicit_mnn"", ""canonical_components"": [""Пантопразол""], ""url"": null, ""parse_warnings"": []}, {""source"": ""asna"", ""raw_mnn"": ""Пантопразол"", ""field_type"": ""explicit_mnn"", ""canonical_components"": [""Пантопразол""], ""url"": null, ""parse_warnings"": []}, {""source"": ""vidal"", ""raw_mnn"": ""Пантопразол"", ""field_type"": ""explicit_mnn"", ""canonical_components"": [""Пантопразол""], ""url"": null, ""parse_warnings"": []}]","[{""component"": ""Пантопразол"", ""source_count"": 4, ""sources"": [""uteka"", ""apteka"", ""asna"", ""vidal""]}]",Пантопразол,Пантопразол,resolved_catalog,consensus,rx,unknown,False,False,,,unknown,unknown,Пантопразол,catalog_consensus,0,False,,2850dc5a74c17dc949bf276b4c8b6ec6
11667,431,459,"НИКОРЕТТЕ СПРЕЙ Д/СЛИЗИСТ. ОБОЛОЧ. ПОЛОСТИ РТА ДОЗИР. ФРУКТОВО-МЯТНЫЙ 1МГ/ДОЗА ФЛ. 13,2МЛ 150ДОЗ №2 | МАКНИЛ АБ | МАКНИЛ АБ",drug,,otc,Никотин,otc,Никотин,otc,Никотин,,Никотин,otc,"[{""source"": ""uteka"", ""raw_mnn"": ""Никотин"", ""field_type"": ""explicit_mnn"", ""canonical_components"": [""Никотин""], ""url"": null, ""parse_warnings"": []}, {""source"": ""apteka"", ""raw_mnn"": ""Никотин"", ""field_type"": ""explicit_mnn"", ""canonical_components"": [""Никотин""], ""url"": null, ""parse_warnings"": []}, {""source"": ""asna"", ""raw_mnn"": ""Никотин"", ""field_type"": ""explicit_mnn"", ""canonical_components"": [""Никотин""], ""url"": null, ""parse_warnings"": []}, {""source"": ""vidal"", ""raw_mnn"": ""Никотин"", ""field_type"": ""explicit_mnn"", ""canonical_components"": [""Никотин""], ""url"": null, ""parse_warnings"": []}]","[{""component"": ""Никотин"", ""source_count"": 4, ""sources"": [""uteka"", ""apteka"", ""asna"", ""vidal""]}]",Никотин,Никотин,resolved_catalog,consensus,otc,unknown,False,False,,,unknown,unknown,Никотин,catalog_consensus,0,False,,006bea6141aa17e49dc445a89906fdc3
12389,432,459,"МЯТЫ ПЕРЕЧНОЙ ЛИСТЬЯ Ф/П 1,5Г №20 ЗДОРОВЬЕ | ЗДОРОВЬЕ ФИРМА ООО | ЗДОРОВЬЕ ФИРМА ООО",drug,Мяты перечной листья,otc,,,Этилметилгидроксипиридина сукцинат,rx,,,,otc,"[{""source"": ""asna"", ""raw_mnn"": ""Этилметилгидроксипиридина сукцинат"", ""field_type"": ""explicit_mnn"", ""canonical_components"": [""Этилметилгидроксипиридина сукцинат""], ""url"": null, ""parse_warnings"": []}, {""source"": ""vidal"", ""raw_mnn"": null, ""field_type"": ""unknown"", ""canonical_components"": [], ""url"": null, ""parse_warnings"": []}]",[],,,unresolved_catalog,single_source,unknown,unknown,True,True,ok_partial,,otc,универсальный,,,2,True,https://www.lsgeotar.ru/drugs/peppermint-leaves-AGrj | https://allmed.pro/ru/drugs/mjaty-perechnoj-listja | https://www.vidal.ru/drugs/menthae_piperitae_folia__34177 | https://medum.ru/myaty-perechnoj-listya | https://www.vidal.ru/drugs/menthae_piperitae_folia__34177 | https://medum.ru/listya-myaty-perechnoy | https://medi.ru/instrukciya/myaty-perechnoy-listya_21404/ | https://health.mail.ru/drug/myaty-perechnoy-listya/ | https://zdesapteka.ru/instructions/myaty-perechnoy-listya/ | https://medi.ru/instrukciya/myaty-perechnoy-listya_21407/ | https://www.rlsnet.ru/drugs/myaty-perecnoi-listya-5753 | https://medvestnik.ru/ls/a0e3f218-ca42-497c-9c19-5c2a46e3f87f.html,df67a4267653d9200e8392106fc8146f
12495,432,459,МУКОСАТ МАЗЬ Д/НАРУЖ. ПРИМ. 5% ТУБА 30Г | ЗЕЛЕНАЯ ДУБРАВА ЗАО | ЗЕЛЕНАЯ ДУБРАВА ЗАО,drug,,otc,,,Троксерутин,otc,,,,,"[{""source"": ""asna"", ""raw_mnn"": ""Троксерутин"", ""field_type"": ""explicit_mnn"", ""canonical_components"": [""Троксерутин""], ""url"": null, ""parse_warnings"": []}]",[],,,unresolved_catalog,single_source,unknown,unknown,True,True,ok,Хондроитина Сульфат Натрия,rx,взрослые,Хондроитина Сульфат Натрия,enrichment,0,False,https://www.rlsnet.ru/drugs/mukosat-5398 | https://diamed-pharma.ru/content/catalogfile/mukosat/mukosat-maz.pdf | https://www.vidal.ru/drugs/mucosat__18528 | https://allmed.pro/ru/drugs/mukosat | https://www.rlsnet.ru/drugs/mukosat-5398 | https://www.vidal.ru/drugs/mucosat__18528 | https://zdesapteka.ru/instructions/mukosat/ | https://medum.ru/mukosat | https://www.vidal.ru/drugs/mucosat__18528 | https://www.rlsnet.ru/drugs/mukosat-5398 | https://mukosat.ru/instruction-mukosat-solutionforinjection/ | https://health.mail.ru/drug/mukosat-1/,0f449b5b8396f3a16df76f62a5feaebd
13125,433,459,МИКРОГИНОН ТАБЛ. П/О 150МКГ+30МКГ №21 | ДЕЛЬФАРМ ЛИЛЛЬ С.А.С | ДЕЛЬФАРМ ЛИЛЛЬ С.А.С,drug,,rx,,,Левоноргестрел+Этинилэстрадиол,rx,"Этинилэстрадиол, Левоноргестрел",rx,Этинилэстрадиол,rx,"[{""source"": ""apteka"", ""raw_mnn"": ""Этинилэстрадиол, Левоноргестрел"", ""field_type"": ""explicit_mnn"", ""canonical_components"": [""Этинилэстрадиол"", ""Левоноргестрел""], ""url"": null, ""parse_warnings"": []}, {""source"": ""asna"", ""raw_mnn"": ""Левоноргестрел+Этинилэстрадиол"", ""field_type"": ""explicit_mnn"", ""canonical_components"": [""Левоноргестрел"", ""Этинилэстрадиол""], ""url"": null, ""parse_warnings"": []}, {""source"": ""vidal"", ""raw_mnn"": ""Этинилэстрадиол"", ""field_type"": ""explicit_mnn"", ""canonical_components"": [""Этинилэстрадиол""], ""url"": null, ""parse_warnings"": []}]","[{""component"": ""Этинилэстрадиол"", ""source_count"": 3, ""sources"": [""apteka"", ""asna"", ""vidal""]}, {""component"": ""Левоноргестрел"", ""source_count"": 2, ""sources"": [""apteka"", ""asna""]}]","Этинилэстрадиол, Левоноргестрел","Этинилэстрадиол, Левоноргестрел",resolved_catalog,consensus,rx,unknown,False,False,,,unknown,unknown,"Этинилэстрадиол, Левоноргестрел",catalog_consensus,0,False,,0691895bda99605edc8c65e27100ab81
13533,433,459,МЕЛЬДОНИЙ КАПС. 500МГ №60 ФАРМСТАНДАРТ | ФАРМСТАНДАРТ-ЛЕКСРЕДСТВА ОАО | ФАРМСТАНДАРТ-ЛЕКСРЕДСТВА ОАО,drug,Мельдоний,rx,Метамизол натрия,rx,Парацетамол,otc,Валацикловир,rx,Флурбипрофен,otc,"[{""source"": ""uteka"", ""raw_mnn"": ""Метамизол натрия"", ""field_type"": ""explicit_mnn"", ""canonical_components"": [""Метамизол натрия""], ""url"": null, ""parse_warnings"": []}, {""source"": ""apteka"", ""raw_mnn"": ""Валацикловир"", ""field_type"": ""explicit_mnn"", ""canonical_components"": [""Валацикловир""], ""url"": null, ""parse_warnings"": []}, {""source"": ""asna"", ""raw_mnn"": ""Парацетамол"", ""field_type"": ""explicit_mnn"", ""canonical_components"": [""Парацетамол""], ""url"": null, ""parse_warnings"": []}, {""source"": ""vidal"", ""raw_mnn"": ""Флурбипрофен"", ""field_type"": ""explicit_mnn"", ""canonical_components"": [""Флурбипрофен""], ""url"": null, ""parse_warnings"": []}]",[],,,unresolved_catalog,equal_conflict,unknown,unknown,True,True,ok,Мельдоний,rx,взрослые,Мельдоний,enrichment,0,False,https://grls.rosminzdrav.ru/ | https://allmed.pro/ru/drugs/meldonij | https://grls.rosminzdrav.ru/ | https://www.vidal.ru/drugs/meldonium__20587 | https://www.rlsnet.ru/drugs/meldonii-35454 | https://medum.ru/meldonium | https://www.asna.ru/product/meldoniy/instruction/ | https://www.vidal.ru/drugs/meldonium | https://health.mail.ru/drug/meldoniy/ | https://medspravochnik.com/drugs/serdechnye-preparaty/meldoniy/ | https://megapteka.ru/specials/guide_meldonij-instrukciya-po-5926 | https://www.pharmcontrol.ru/registry/drugs/12134/,ed3582d5f5104ef43b4371fa1310ebbb
13616,433,459,"МЕЛИССЫ ЛЕКАРСТВЕННОЙ ТРАВА Ф/П 1,5Г №20 ЗДОРОВЬЕ | ЗДОРОВЬЕ ФИРМА ООО | ЗДОРОВЬЕ ФИРМА ООО",drug,Мелиссы лекарственной трава,Без рецепта,,,Этилметилгидроксипиридина сукцинат,rx,,,,otc,"[{""source"": ""asna"", ""raw_mnn"": ""Этилметилгидроксипиридина сукцинат"", ""field_type"": ""explicit_mnn"", ""canonical_components"": [""Этилметилгидроксипиридина сукцинат""], ""url"": null, ""parse_warnings"": []}, {""source"": ""vidal"", ""raw_mnn"": null, ""field_type"": ""unknown"", ""canonical_components"": [], ""url"": null, ""parse_warnings"": []}]",[],,,unresolved_catalog,single_source,unknown,unknown,True,True,ok,Melissae officinalis herba,otc,взрослые,Melissae officinalis herba,enrichment,0,False,https://www.vidal.ru/drugs/melissae_officinalis_herba__30679 | https://medum.ru/melissa-officinalis | https://medum.ru/trava-melissy-lekarstvennoj | https://medvisor.ru/medicine/drug/melissy-lekarstvennoy-trava_36103/ | https://www.vidal.ru/drugs/melissae_officinalis_herba__30679 | https://medum.ru/trava-melissy-lekarstvennoj | https://allmed.pro/drugs/melissy-lekarstvennoj-trava | https://medi.ru/instrukciya/melissy-lekarstvennoj-trava_496/ | https://medvestnik.ru/ls/a0e3fcad-d504-45d1-ae21-59dced8e590f.html | https://www.vidal.ru/drugs/melissae_officinalis_herba__30679 | https://medum.ru/melissa-officinalis | https://medi.ru/instrukciya/melissy-lekarstvennoj-trava_496/,4be2db29d62ea3bd623b7fba47191b5e
13645,433,459,МЕКСИПРИМ ТАБЛ. П/ПЛЕН/ОБ. 125МГ №60 | ОБНИНСКАЯ ХИМИКО-ФАРМАЦЕВТИЧЕСКАЯ КОМПАНИЯ | ОБНИНСКАЯ ХИМИКО-ФАРМАЦЕВТИЧЕСКАЯ КОМПАНИЯ,drug,Этилметилгидроксипиридина сукцинат,rx,Этилметилгидроксипиридина сукцинат,rx,Этилметилгидроксипиридина сукцинат,rx,Этилметилгидроксипиридина сукцинат,rx,Этилметилгидроксипиридина сукцинат,rx,"[{""source"": ""uteka"", ""raw_mnn"": ""Этилметилгидроксипиридина сукцинат"", ""field_type"": ""explicit_mnn"", ""canonical_components"": [""Этилметилгидроксипиридина сукцинат""], ""url"": null, ""parse_warnings"": []}, {""source"": ""apteka"", ""raw_mnn"": ""Этилметилгидроксипиридина сукцинат"", ""field_type"": ""explicit_mnn"", ""canonical_components"": [""Этилметилгидроксипиридина сукцинат""], ""url"": null, ""parse_warnings"": []}, {""source"": ""asna"", ""raw_mnn"": ""Этилметилгидроксипиридина сукцинат"", ""field_type"": ""explicit_mnn"", ""canonical_components"": [""Этилметилгидроксипиридина сукцинат""], ""url"": null, ""parse_warnings"": []}, {""source"": ""vidal"", ""raw_mnn"": ""Этилметилгидроксипиридина сукцинат"", ""field_type"": ""explicit_mnn"", ""canonical_components"": [""Этилметилгидроксипиридина сукцинат""], ""url"": null, ""parse_warnings"": []}]","[{""component"": ""Этилметилгидроксипиридина сукцинат"", ""source_count"": 4, ""sources"": [""uteka"", ""apteka"", ""asna"", ""vidal""]}]",Этилметилгидроксипиридина сукцинат,Этилметилгидроксипиридина сукцинат,resolved_catalog,consensus,rx,unknown,False,False,,,unknown,unknown,Этилметилгидроксипиридина сукцинат,catalog_consensus,0,False,,0af85017258b71688462f5c182f86645
14164,434,459,"МАКСИКОЛД ЛОР ТАБС ДВОЙНОЕ ДЕЙСТВИЕ ТАБЛ. Д/РАССАС. 8,75МГ+1МГ №20 | ФАРМСТАНДАРТ-ЛЕКСРЕДСТВА / ОТИСИФАРМ ПРО | ФАРМСТАНДАРТ-ЛЕКСРЕДСТВА / ОТИСИФАРМ ПРО",drug,Бензокаин + Цетилпиридиния хлорид,otc,,,Гексэтидин,otc,"Флурбипрофен, Цетилпиридиния хлорид",,Гексэтидин,otc,"[{""source"": ""apteka"", ""raw_mnn"": ""Флурбипрофен, Цетилпиридиния хлорид"", ""field_type"": ""explicit_mnn"", ""canonical_components"": [""Флурбипрофен"", ""Цетилпиридиния хлорид""], ""url"": null, ""parse_warnings"": []}, {""source"": ""asna"", ""raw_mnn"": ""Гексэтидин"", ""field_type"": ""explicit_mnn"", ""canonical_components"": [""Гексэтидин""], ""url"": null, ""parse_warnings"": []}, {""source"": ""vidal"", ""raw_mnn"": ""Гексэтидин"", ""field_type"": ""explicit_mnn"", ""canonical_components"": [""Гексэтидин""], ""url"": null, ""parse_warnings"": []}]","[{""component"": ""Гексэтидин"", ""source_count"": 2, ""sources"": [""asna"", ""vidal""]}]",Гексэтидин,Гексэтидин,resolved_catalog,consensus,otc,unknown,False,False,,,unknown,unknown,Гексэтидин,catalog_consensus,0,False,,9aae00136cca4a0d2082af576f2dbc92
14593,435,459,ЛОРНОКСЕФ ТАБЛ. П/ПЛЕН/ОБ. 8МГ №10 | ФАРМПРОЕКТ АО | ФАРМПРОЕКТ АО,drug,Лорноксикам,rx,Лорноксикам,rx,Лорноксикам,rx,Лорноксикам,rx,Лорноксикам,rx,"[{""source"": ""uteka"", ""raw_mnn"": ""Лорноксикам"", ""field_type"": ""explicit_mnn"", ""canonical_components"": [""Лорноксикам""], ""url"": null, ""parse_warnings"": []}, {""source"": ""apteka"", ""raw_mnn"": ""Лорноксикам"", ""field_type"": ""explicit_mnn"", ""canonical_components"": [""Лорноксикам""], ""url"": null, ""parse_warnings"": []}, {""source"": ""asna"", ""raw_mnn"": ""Лорноксикам"", ""field_type"": ""explicit_mnn"", ""canonical_components"": [""Лорноксикам""], ""url"": null, ""parse_warnings"": []}, {""source"": ""vidal"", ""raw_mnn"": ""Лорноксикам"", ""field_type"": ""explicit_mnn"", ""canonical_components"": [""Лорноксикам""], ""url"": null, ""parse_warnings"": []}]","[{""component"": ""Лорноксикам"", ""source_count"": 4, ""sources"": [""uteka"", ""apteka"", ""asna"", ""vidal""]}]",Лорноксикам,Лорноксикам,resolved_catalog,consensus,rx,unknown,False,False,,,unknown,unknown,Лорноксикам,catalog_consensus,0,False,,b51c1280512a2cd68c15ecbcfef3daff
14679,435,459,ЛОПЕРАМИД ТАБЛ. 2МГ №30 ОЗОН | ОЗОН ООО | ОЗОН ООО,drug,Лоперамид,otc,Лоперамид,otc,,,Лоперамид,,,,"[{""source"": ""uteka"", ""raw_mnn"": ""Лоперамид"", ""field_type"": ""explicit_mnn"", ""canonical_components"": [""Лоперамид""], ""url"": null, ""parse_warnings"": []}, {""source"": ""apteka"", ""raw_mnn"": ""Лоперамид"", ""field_type"": ""explicit_mnn"", ""canonical_components"": [""Лоперамид""], ""url"": null, ""parse_warnings"": []}]","[{""component"": ""Лоперамид"", ""source_count"": 2, ""sources"": [""uteka"", ""apteka""]}]",Лоперамид,Лоперамид,resolved_catalog,consensus,unknown,unknown,False,False,,,unknown,unknown,Лоперамид,catalog_consensus,0,False,,6a74eb3d3a236e134a7618fb4a0d38a0
14719,435,459,"ЛОКОИД КРЕЛО ЭМУЛЬСИЯ Д/НАРУЖ. ПРИМ. 0,1% ФЛ. 30Г | ТЕММЛЕР ИТАЛИА С.Р.Л | ТЕММЛЕР ИТАЛИА С.Р.Л",drug,Гидрокортизон,rx,Гидрокортизон,otc,Гидрокортизон,otc,Гидрокортизон,,Гидрокортизона бутират,otc,"[{""source"": ""uteka"", ""raw_mnn"": ""Гидрокортизон"", ""field_type"": ""explicit_mnn"", ""canonical_components"": [""Гидрокортизон""], ""url"": null, ""parse_warnings"": []}, {""source"": ""apteka"", ""raw_mnn"": ""Гидрокортизон"", ""field_type"": ""explicit_mnn"", ""canonical_components"": [""Гидрокортизон""], ""url"": null, ""parse_warnings"": []}, {""source"": ""asna"", ""raw_mnn"": ""Гидрокортизон"", ""field_type"": ""explicit_mnn"", ""canonical_components"": [""Гидрокортизон""], ""url"": null, ""parse_warnings"": []}, {""source"": ""vidal"", ""raw_mnn"": ""Гидрокортизона бутират"", ""field_type"": ""explicit_mnn"", ""canonical_components"": [""Гидрокортизона бутират""], ""url"": null, ""parse_warnings"": []}]","[{""component"": ""Гидрокортизон"", ""source_count"": 3, ""sources"": [""uteka"", ""apteka"", ""asna""]}]",Гидрокортизон,Гидрокортизон,resolved_catalog,consensus,otc,unknown,False,False,,,unknown,unknown,Гидрокортизон,catalog_consensus,0,False,,cdd7746264dd4c9aa41c4c9a50546d29
14758,435,459,"ЛОЗАРТАН Н ТАБЛ. П/ПЛЕН/ОБ. 12,5МГ+100МГ №30 ОЗОН | ОЗОН ООО | ОЗОН ООО",drug,Лозартан + Гидрохлоротиазид,rx,Гидрохлоротиазид + Лозартан,rx,,,"Гидрохлоротиазид, Лозартан",rx,,,"[{""source"": ""uteka"", ""raw_mnn"": ""Гидрохлоротиазид + Лозартан"", ""field_type"": ""explicit_mnn"", ""canonical_components"": [""Гидрохлоротиазид"", ""Лозартан""], ""url"": null, ""parse_warnings"": []}, {""source"": ""apteka"", ""raw_mnn"": ""Гидрохлоротиазид, Лозартан"", ""field_type"": ""explicit_mnn"", ""canonical_components"": [""Гидрохлоротиазид"", ""Лозартан""], ""url"": null, ""parse_warnings"": []}]","[{""component"": ""Гидрохлоротиазид"", ""source_count"": 2, ""sources"": [""uteka"", ""apteka""]}, {""component"": ""Лозартан"", ""source_count"": 2, ""sources"": [""uteka"", ""apteka""]}]","Гидрохлоротиазид, Лозартан","Гидрохлоротиазид, Лозартан",resolved_catalog,consensus,rx,unknown,False,False,,,unknown,unknown,"Гидрохлоротиазид, Лозартан",catalog_consensus,0,False,,61122a246ccad86cb0da8877b2e08728
14780,435,459,ЛОЗАРТАН-ВЕРТЕКС ТАБЛ. П/ПЛЕН/ОБ. 25МГ №30 | ВЕРТЕКС АО | ВЕРТЕКС АО,drug,Лозартан,rx,Лозартан,rx,Лозартан,rx,Лозартан,rx,Лозартан,rx,"[{""source"": ""uteka"", ""raw_mnn"": ""Лозартан"", ""field_type"": ""explicit_mnn"", ""canonical_components"": [""Лозартан""], ""url"": null, ""parse_warnings"": []}, {""source"": ""apteka"", ""raw_mnn"": ""Лозартан"", ""field_type"": ""explicit_mnn"", ""canonical_components"": [""Лозартан""], ""url"": null, ""parse_warnings"": []}, {""source"": ""asna"", ""raw_mnn"": ""Лозартан"", ""field_type"": ""explicit_mnn"", ""canonical_components"": [""Лозартан""], ""url"": null, ""parse_warnings"": []}, {""source"": ""vidal"", ""raw_mnn"": ""Лозартан"", ""field_type"": ""explicit_mnn"", ""canonical_components"": [""Лозартан""], ""url"": null, ""parse_warnings"": []}]","[{""component"": ""Лозартан"", ""source_count"": 4, ""sources"": [""uteka"", ""apteka"", ""asna"", ""vidal""]}]",Лозартан,Лозартан,resolved_catalog,consensus,rx,unknown,False,False,,,unknown,unknown,Лозартан,catalog_consensus,0,False,,2541b62dbe64d8f02a58169536dcb854
15062,436,459,ЛИЗИНОПРИЛ-ТЕВА ТАБЛ. 10МГ №30 Р-ФАРМ | Р-ФАРМ НОВОСЕЛКИ ООО | Р-ФАРМ НОВОСЕЛКИ ООО,drug,Лизиноприл,rx,Лизиноприл,rx,Лизиноприл,rx,Лизиноприл,rx,Лизиноприл,rx,"[{""source"": ""uteka"", ""raw_mnn"": ""Лизиноприл"", ""field_type"": ""explicit_mnn"", ""canonical_components"": [""Лизиноприл""], ""url"": null, ""parse_warnings"": []}, {""source"": ""apteka"", ""raw_mnn"": ""Лизиноприл"", ""field_type"": ""explicit_mnn"", ""canonical_components"": [""Лизиноприл""], ""url"": null, ""parse_warnings"": []}, {""source"": ""asna"", ""raw_mnn"": ""Лизиноприл"", ""field_type"": ""explicit_mnn"", ""canonical_components"": [""Лизиноприл""], ""url"": null, ""parse_warnings"": []}, {""source"": ""vidal"", ""raw_mnn"": ""Лизиноприл"", ""field_type"": ""explicit_mnn"", ""canonical_components"": [""Лизиноприл""], ""url"": null, ""parse_warnings"": []}]","[{""component"": ""Лизиноприл"", ""source_count"": 4, ""sources"": [""uteka"", ""apteka"", ""asna"", ""vidal""]}]",Лизиноприл,Лизиноприл,resolved_catalog,consensus,rx,unknown,False,False,,,unknown,unknown,Лизиноприл,catalog_consensus,0,False,,9362900f85c49985eae5c52e17169e81
15070,436,459,ЛИЗИНОПРИЛ ТАБЛ. 5МГ №30 БИОХИМИК | БИОХИМИК АО | БИОХИМИК АО,drug,Лизиноприл,rx,Хондроитина сульфат,otc,,,,,,,"[{""source"": ""uteka"", ""raw_mnn"": ""Хондроитина сульфат"", ""field_type"": ""explicit_mnn"", ""canonical_components"": [""Хондроитина сульфат""], ""url"": null, ""parse_warnings"": []}]",[],,,unresolved_catalog,single_source,unknown,unknown,True,True,ok,Лизиноприл,rx,универсальный,Лизиноприл,enrichment,0,False,https://aptekamos.ru/tovary/lekarstva/lizinopril-483/lizinopril-tabletki-2-5mg-45536/instrukciya | https://www.vidal.ru/drugs/lisinopril__13042 | https://allmed.pro/ru/drugs/lizinopril | https://www.rlsnet.ru/drugs/lizinopril-25120 | https://www.vidal.ru/drugs/lisinopril__13042 | https://www.vidal.ru/drugs/lisinopril__13042 | https://www.rlsnet.ru/drugs/lizinopril-25120 | https://www.vidal.ru/drugs/lisinopril__5200 | https://medi.ru/instrukciya/lizinopril-obl_20823/ | https://aptekamos.ru/tovary/lekarstva/lizinopril-483/lizinopril-tabletki-2-5mg-45536/instrukciya | https://medspravochnik.com/drugs/antigipertenzivnye/lizinopril/ | https://yandex.ru/medicine/medicaments/lizinopril,60d556f1b0adb5dc8a75fe8ff0ed2e5d
15076,436,459,ЛИЗИНОПРИЛ ТАБЛ. 20МГ №20 ПРАНАФАРМ | ПРАНАФАРМ ООО | ПРАНАФАРМ ООО,drug,Лизиноприл,rx,Эналаприл,rx,Мелоксикам,rx,Атенолол,rx,,,"[{""source"": ""uteka"", ""raw_mnn"": ""Эналаприл"", ""field_type"": ""explicit_mnn"", ""canonical_components"": [""Эналаприл""], ""url"": null, ""parse_warnings"": []}, {""source"": ""apteka"", ""raw_mnn"": ""Атенолол"", ""field_type"": ""explicit_mnn"", ""canonical_components"": [""Атенолол""], ""url"": null, ""parse_warnings"": []}, {""source"": ""asna"", ""raw_mnn"": ""Мелоксикам"", ""field_type"": ""explicit_mnn"", ""canonical_components"": [""Мелоксикам""], ""url"": null, ""parse_warnings"": []}]",[],,,unresolved_catalog,equal_conflict,rx,unknown,True,True,ok,Лизиноприл,rx,взрослые,Лизиноприл,enrichment,0,False,https://aptekamos.ru/tovary/lekarstva/lizinopril-483/lizinopril-tabletki-2-5mg-45536/instrukciya | https://www.vidal.ru/drugs/lisinopril__13042 | https://www.rlsnet.ru/drugs/lizinopril-25120 | https://grls.rosminzdrav.ru/ | https://allmed.pro/ru/drugs/lizinopril | https://www.vidal.ru/drugs/lisinopril__13042 | https://www.rlsnet.ru/drugs/lizinopril-25120 | https://aptekamos.ru/tovary/lekarstva/lizinopril-483/lizinopril-tabletki-2-5mg-45536/instrukciya | https://medspravochnik.com/drugs/antigipertenzivnye/lizinopril/ | https://medi.ru/instrukciya/lizinopril-obl_20823/ | https://yandex.ru/medicine/medicaments/lizinopril | https://medum.ru/lisinopril,b028cc430b0db7193dfc9aeb965ae04d
15150,436,459,ЛИДОКАИН БУФУС Р-Р Д/ИН. 100МГ/МЛ АМП. 2МЛ №10 ОБНОВЛЕНИЕ | ОБНОВЛЕНИЕ ПФК АО | ОБНОВЛЕНИЕ ПФК АО,drug,Лидокаин,rx,Лидокаин,rx,,,"Толперизон, Лидокаин",rx,,,"[{""source"": ""uteka"", ""raw_mnn"": ""Лидокаин"", ""field_type"": ""explicit_mnn"", ""canonical_components"": [""Лидокаин""], ""url"": null, ""parse_warnings"": []}, {""source"": ""apteka"", ""raw_mnn"": ""Толперизон, Лидокаин"", ""field_type"": ""explicit_mnn"", ""canonical_components"": [""Толперизон"", ""Лидокаин""], ""url"": null, ""parse_warnings"": []}]","[{""component"": ""Лидокаин"", ""source_count"": 2, ""sources"": [""uteka"", ""apteka""]}, {""component"": ""Толперизон"", ""source_count"": 1, ""sources"": [""apteka""]}]","Лидокаин, Толперизон","Лидокаин, Толперизон",resolved_catalog,consensus,rx,unknown,False,False,,,unknown,unknown,"Лидокаин, Толперизон",catalog_consensus,0,False,,890cdf9a50e693a80163bb6b15e81c74
16485,438,459,КРУШИНЫ КОРА Ф/П 2Г №20 ФИТО-БОТ | ФИТО-БОТ ФИРМА ООО | ФИТО-БОТ ФИРМА ООО,drug,,otc,,,Полыни горькой трава,otc,,,,,"[{""source"": ""asna"", ""raw_mnn"": ""Полыни горькой трава"", ""field_type"": ""explicit_mnn"", ""canonical_components"": [""Полыни горькой трава""], ""url"": null, ""parse_warnings"": []}]",[],,,unresolved_catalog,single_source,unknown,unknown,True,True,ok,Крушины ольховидной кора,otc,универсальный,Крушины ольховидной кора,enrichment,0,False,https://www.lsgeotar.ru/drugs/ACFL | https://www.lsgeotar.ru/drugs/cortex-frangulae-ACWq | https://apteka-april.ru/product/66445-krushina_kora_pachka_50g | https://health.mail.ru/drug/krushiny-kora-1/ | https://medi.ru/instrukciya/krushiny-kora_25741/ | https://www.webapteka.ru/drugbase/name3411.html | https://medi.ru/instrukciya/krushiny-kora_25745/ | https://www.vidal.ru/drugs/frangulae_cortex__30274 | https://apteka.ru/product/krushiny-kora-50-gr-5e326a7865b5ab0001652316/instructions/ | https://apteka.ru/product/krushiny-kora-500-ivan-chaj-61e6819ee21d5bb546fa6186/instructions/ | https://megapteka.ru/specials/guide_krushiny-kora-instrukciya-4565 | https://vaskov.pro/grls/0ae95063-9f67-1508-819f-67e821d700b6,2184cd25ab7758fc093dee115a470d9b
16623,438,459,КОФЕИН-БЕНЗОАТ НАТРИЯ ТАБЛ. 100МГ №10 ТАТХИМФАРМПРЕПАРАТЫ | ТАТХИМФАРМПРЕПАРАТЫ АО | ТАТХИМФАРМПРЕПАРАТЫ АО,drug,Кофеин,rx,Кофеин,rx,Кофеин,rx,Кофеин,rx,Кофеин,rx,"[{""source"": ""uteka"", ""raw_mnn"": ""Кофеин"", ""field_type"": ""explicit_mnn"", ""canonical_components"": [""Кофеин""], ""url"": null, ""parse_warnings"": []}, {""source"": ""apteka"", ""raw_mnn"": ""Кофеин"", ""field_type"": ""explicit_mnn"", ""canonical_components"": [""Кофеин""], ""url"": null, ""parse_warnings"": []}, {""source"": ""asna"", ""raw_mnn"": ""Кофеин"", ""field_type"": ""explicit_mnn"", ""canonical_components"": [""Кофеин""], ""url"": null, ""parse_warnings"": []}, {""source"": ""vidal"", ""raw_mnn"": ""Кофеин"", ""field_type"": ""explicit_mnn"", ""canonical_components"": [""Кофеин""], ""url"": null, ""parse_warnings"": []}]","[{""component"": ""Кофеин"", ""source_count"": 4, ""sources"": [""uteka"", ""apteka"", ""asna"", ""vidal""]}]",Кофеин,Кофеин,resolved_catalog,consensus,rx,unknown,False,False,,,unknown,unknown,Кофеин,catalog_consensus,0,False,,1211b2da33f5aa1a8f23f6a593e7abc9
17516,439,459,КЛАРИТРОМИЦИН-OBL ТАБЛ. П/ПЛЕН/ОБ. 500МГ №7 АЛИУМ | АЛИУМ АО | АЛИУМ АО,drug,Кларитромицин,rx,Кларитромицин,rx,,,,,,,"[{""source"": ""uteka"", ""raw_mnn"": ""Кларитромицин"", ""field_type"": ""explicit_mnn"", ""canonical_components"": [""Кларитромицин""], ""url"": null, ""parse_warnings"": []}]",[],,,unresolved_catalog,single_source,unknown,unknown,True,True,ok,Кларитромицин,rx,универсальный,Кларитромицин,enrichment,0,False,https://aptekamos.ru/tovary/lekarstva/klaritromicin-428/klaritromicin-obl-tabletki-500mg-68016/instrukciya | https://www.vidal.ru/drugs/clarithromycin-obl__22364 | https://health.mail.ru/drug/klaritromitsinobl/ | https://medum.ru/klaritromicin-obl | https://www.rlsnet.ru/drugs/klaritromicin-obl-41864 | https://medum.ru/klaritromicin-obl-tabletki | https://allmed.pro/ru/drugs/klaritromicin | https://health.mail.ru/drug/klaritromitsinobl/ | https://aptekamos.ru/tovary/lekarstva/klaritromicin-428/klaritromicin-obl-tabletki-500mg-68016/instrukciya | https://www.rlsnet.ru/drugs/klaritromicin-obl-41864 | https://docteka.ru/analogs/drug/9094/1 | https://www.rlsnet.ru/drugs/klaritromicin-21505,f8ed29127bfe96618fa105d5cdd5cd5b
17666,439,459,КЕТОПРОФЕН-АКОС ГЕЛЬ Д/НАРУЖ. ПРИМ. 5% ТУБА 30Г | СИНТЕЗ | СИНТЕЗ,drug,Кетопрофен,rx,Кетопрофен,otc,,,,,Кетопрофен,rx,"[{""source"": ""uteka"", ""raw_mnn"": ""Кетопрофен"", ""field_type"": ""explicit_mnn"", ""canonical_components"": [""Кетопрофен""], ""url"": null, ""parse_warnings"": []}, {""source"": ""vidal"", ""raw_mnn"": ""Кетопрофен"", ""field_type"": ""explicit_mnn"", ""canonical_components"": [""Кетопрофен""], ""url"": null, ""parse_warnings"": []}]","[{""component"": ""Кетопрофен"", ""source_count"": 2, ""sources"": [""uteka"", ""vidal""]}]",Кетопрофен,Кетопрофен,resolved_catalog,consensus,unknown,unknown,False,False,,,unknown,unknown,Кетопрофен,catalog_consensus,0,False,,cb36e181c19ca0aaaa722d318bbe9860
17884,440,459,КАРДИОЛИП ТАБЛ. П/ПЛЕН/ОБ. 10МГ №90 | АЛСИ ФАРМА ЗАО | АЛСИ ФАРМА ЗАО,drug,,,Розувастатин,rx,Розувастатин,rx,,,Розувастатин,rx,"[{""source"": ""uteka"", ""raw_mnn"": ""Розувастатин"", ""field_type"": ""explicit_mnn"", ""canonical_components"": [""Розувастатин""], ""url"": null, ""parse_warnings"": []}, {""source"": ""asna"", ""raw_mnn"": ""Розувастатин"", ""field_type"": ""explicit_mnn"", ""canonical_components"": [""Розувастатин""], ""url"": null, ""parse_warnings"": []}, {""source"": ""vidal"", ""raw_mnn"": ""Розувастатин"", ""field_type"": ""explicit_mnn"", ""canonical_components"": [""Розувастатин""], ""url"": null, ""parse_warnings"": []}]","[{""component"": ""Розувастатин"", ""source_count"": 3, ""sources"": [""uteka"", ""asna"", ""vidal""]}]",Розувастатин,Розувастатин,resolved_catalog,consensus,rx,unknown,False,False,,,unknown,unknown,Розувастатин,catalog_consensus,0,False,,9ac415cdcb7f2bcc041ce593f1214d59
17886,440,459,КАРДИОЛИП ТАБЛ. П/ПЛЕН/ОБ. 10МГ №30 | АЛСИ ФАРМА ЗАО | АЛСИ ФАРМА ЗАО,drug,,,Розувастатин,rx,Розувастатин,rx,,,Розувастатин,rx,"[{""source"": ""uteka"", ""raw_mnn"": ""Розувастатин"", ""field_type"": ""explicit_mnn"", ""canonical_components"": [""Розувастатин""], ""url"": null, ""parse_warnings"": []}, {""source"": ""asna"", ""raw_mnn"": ""Розувастатин"", ""field_type"": ""explicit_mnn"", ""canonical_components"": [""Розувастатин""], ""url"": null, ""parse_warnings"": []}, {""source"": ""vidal"", ""raw_mnn"": ""Розувастатин"", ""field_type"": ""explicit_mnn"", ""canonical_components"": [""Розувастатин""], ""url"": null, ""parse_warnings"": []}]","[{""component"": ""Розувастатин"", ""source_count"": 3, ""sources"": [""uteka"", ""asna"", ""vidal""]}]",Розувастатин,Розувастатин,resolved_catalog,consensus,rx,unknown,False,False,,,unknown,unknown,Розувастатин,catalog_consensus,0,False,,3d634b16ff94416eaac8fe2b9f06cf37
18125,440,459,КАНДЕСАРТАН ТАБЛ. 16МГ №28 БЕРЕЗОВСКИЙ ФЗ | БЕРЕЗОВСКИЙ ФЗ | БЕРЕЗОВСКИЙ ФЗ,drug,Кандесартан,rx,Кандесартан,rx,,,,,,,"[{""source"": ""uteka"", ""raw_mnn"": ""Кандесартан"", ""field_type"": ""explicit_mnn"", ""canonical_components"": [""Кандесартан""], ""url"": null, ""parse_warnings"": []}]",[],,,unresolved_catalog,single_source,unknown,unknown,True,True,ok,Кандесартан,rx,универсальный,Кандесартан,enrichment,0,False,https://aptekamos.ru/tovary/lekarstva/kandesartan-6352/kandesartan-tabletki-8mg-107766/instrukciya | https://www.vidal.ru/drugs/candesartan | https://www.rlsnet.ru/drugs/kandesartan-79949 | https://www.vidal.ru/drugs/candesartan | https://www.vidal.ru/drugs/molecule-in/164 | https://www.rlsnet.ru/drugs/kandesartan-79949 | https://www.vidal.ru/drugs/candesartan | https://aptekamos.ru/tovary/lekarstva/kandesartan-6352/kandesartan-tabletki-8mg-107766/instrukciya | https://medi.ru/instrukciya/kandesartan_20216/ | https://www.rlsnet.ru/drugs/kandesartan-farmasintez-91040 | https://www.webapteka.ru/drugbase/name71658.html | https://medum.ru/kandesartan,994f1e416e5d6c8dbcd98e2f6b6098d9
18179,440,459,КАЛЬЦИЯ ГЛЮКОНАТ ЭКО ТАБЛ. ПО 500МГ №10 | ЭКОТЕКС ООО | ЭКОТЕКС ООО,drug,Кальция глюконат,Без рецепта,,,,,,,,,[],[],,,unresolved_catalog,empty,unknown,unknown,True,True,ok,,unknown,универсальный,,,0,True,https://aptekamos.ru/tovary/lekarstva/kalciya-glyukonat-390/kalciya-glyukonat-tabletki-500mg-3949/instrukciya | https://www.rlsnet.ru/baa/kalciya-glyukonat-eko-77080 | https://medum.ru/kalciya-glyukonat-ehko | https://medum.ru/kalciya-glyukonat-ehko-tabletki | https://www.vidal.ru/drugs/calcium_gluconate__30260 | https://medum.ru/kalciya-glyukonat-ehko | https://www.lsgeotar.ru/supplements/calcium-gluconate-eco-without-flavoring-ABDZ | https://medum.ru/kalciya-glyukonat-ehko-tabletki | https://www.rlsnet.ru/baa/kalciya-glyukonat-eko-77080 | https://bz.medvestnik.ru/drugs/8697.html | https://www.webapteka.ru/drugbase/name65668.html | https://www.lsgeotar.ru/ko/kaltsiya-gliukonat-eko-bez-aromatizatora-16486.html,2ff258d5b2b2a1d69b063385885022a7
18306,440,459,КАЛЕНДУЛЫ НАСТОЙКА ФЛ. 25МЛ ИВАНОВСКАЯ ФФ | ИВАНОВСКАЯ ФФ | ИВАНОВСКАЯ ФФ,drug,Календулы лекарственной цветков настойка,otc,,,Натрия тетраборат,otc,,,,,"[{""source"": ""asna"", ""raw_mnn"": ""Натрия тетраборат"", ""field_type"": ""explicit_mnn"", ""canonical_components"": [""Натрия тетраборат""], ""url"": null, ""parse_warnings"": []}]",[],,,unresolved_catalog,single_source,unknown,unknown,True,True,ok,Календулы лекарственной цветков настойка,otc,взрослые,Календулы лекарственной цветков настойка,enrichment,0,False,https://www.vidal.ru/drugs/calendulae_tinctura__22389 | https://www.lsgeotar.ru/drugs/calendulae-tinctura-AFRL | https://www.vidal.ru/drugs/calendulae_tinctura__22389 | https://medi.ru/instrukciya/kalenduly-nastoyka_20077/ | https://www.vidal.ru/drugs/calendulae_tinctura__30255 | https://allmed.pro/ru/drugs/kalenduly-nastojka | https://www.vidal.ru/drugs/calendulae_tinctura__22389 | https://www.vidal.ru/drugs/calendulae_tinctura__30255 | https://www.rlsnet.ru/drugs/kalenduly-nastoika-4328 | https://medi.ru/instrukciya/kalenduly-nastoyka_20077/ | https://medi.ru/instrukciya/kalenduly-nastoyka_20068/ | https://apteka.ru/product/kalenduly-nastojka-25-ml-5e32758ef5a9ae000140e732/instructions/,81b8fabfbb2c71ac3a16f68e53f9c36b
18377,441,459,ЙОД Р-Р Д/НАРУЖ. ПРИМ. СПИРТ. 5% ФЛ. 25МЛ ГИППОКРАТ | ГИППОКРАТ | ГИППОКРАТ,drug,Йод,otc,,,Боярышника плодов настойка,otc,,,,,"[{""source"": ""asna"", ""raw_mnn"": ""Боярышника плодов настойка"", ""field_type"": ""explicit_mnn"", ""canonical_components"": [""Боярышника плодов настойка""], ""url"": null, ""parse_warnings"": []}]",[],,,unresolved_catalog,single_source,unknown,unknown,True,True,ok,Йод,rx,универсальный,Йод,enrichment,0,False,https://grls.rosminzdrav.ru/ | https://medum.ru/yod | https://health.mail.ru/drug/yod-1/ | https://www.asna.ru/product/yod/instruction/ | https://medvestnik.ru/ls/a0e408e8-037d-4841-9c00-5e7d3c0c3b73.html | https://www.rlsnet.ru/drugs/iod-4317 | https://medvestnik.ru/ls/a0e408b6-5623-49d0-8e76-2c4b88159170.html | https://www.vidal.ru/drugs/iod__30469 | https://health.mail.ru/drug/yodaktiv/ | https://grls.pharm-portal.ru/grls/0efe7948-1715-4ee7-83d4-da16dbf52052 | https://grls.pharm-portal.ru/grls/68797fc5-b5e7-4391-955b-199ba6c96f47 | https://zdravmedinform.ru/grls/reg-ls-000279.html,be627fe270c8efa9232a64264920afd3
18400,441,459,ЙОДИНОЛ Р-Р Д/МЕСТН. И НАРУЖ. ПРИМ. ФЛ. ПОЛИМЕР. 100МЛ САМАРАМЕДПРОМ | САМАРАМЕДПРОМ ОАО | САМАРАМЕДПРОМ ОАО,drug,Йод,otc,Йод + [Калия йодид + Поливиниловый спирт],otc,,,,,Йод,otc,"[{""source"": ""uteka"", ""raw_mnn"": ""Йод + [Калия йодид + Поливиниловый спирт]"", ""field_type"": ""explicit_mnn"", ""canonical_components"": [""Йод"", ""Калия йодид"", ""Поливиниловый спирт""], ""url"": null, ""parse_warnings"": []}, {""source"": ""vidal"", ""raw_mnn"": ""Йод"", ""field_type"": ""explicit_mnn"", ""canonical_components"": [""Йод""], ""url"": null, ""parse_warnings"": []}]","[{""component"": ""Йод"", ""source_count"": 2, ""sources"": [""uteka"", ""vidal""]}, {""component"": ""Калия йодид"", ""source_count"": 1, ""sources"": [""uteka""]}, {""component"": ""Поливиниловый спирт"", ""source_count"": 1, ""sources"": [""uteka""]}]","Йод, Калия йодид, Поливиниловый спирт","Йод, Калия йодид, Поливиниловый спирт",resolved_catalog,consensus,otc,unknown,False,False,,,unknown,unknown,"Йод, Калия йодид, Поливиниловый спирт",catalog_consensus,0,False,,5b69358a9c2b71ada24568bc437cffec
18418,441,459,ЙОВИДОКС МАЗЬ Д/НАРУЖ. ПРИМ. 10% ТУБА 20Г | Тульская фармацевтическая фабрика ООО | Тульская фармацевтическая фабрика ООО,drug,,,Повидон-йод,otc,,,,,,,"[{""source"": ""uteka"", ""raw_mnn"": ""Повидон-йод"", ""field_type"": ""explicit_mnn"", ""canonical_components"": [""Повидон-йод""], ""url"": null, ""parse_warnings"": []}]",[],,,unresolved_catalog,single_source,unknown,unknown,True,True,ok,Повидон-йод,rx,универсальный,Повидон-йод,enrichment,0,False,https://pharmproduct.ru/drugs/iovidoks | https://grls.rosminzdrav.ru/ | http://drugs.thead.ru/Yovidoks | https://grls.rosminzdrav.ru/ | https://pharmproduct.ru/drugs/iovidoks | https://medvisor.ru/medicine/drug/yovidoks_34147/ | https://www.vidal.ru/drugs/iovidox | https://health.mail.ru/drug/yovidoks-3/ | https://medi.ru/instrukciya/yovidox_15097/ | https://health.mail.ru/drug/yovidoks-2/ | https://medum.ru/jovidoks | https://www.vidal.ru/drugs/iovidox-2,984b5224e2f32d137dc970e222c3604d
18473,441,459,ИТОПРИД ВЕЛФАРМ ТАБЛ. П/ПЛЕН/ОБ. 50МГ №40 | ВЕЛФАРМ ООО | ВЕЛФАРМ ООО,drug,Итоприд,rx,Каптоприл,rx,Карбамазепин,rx,,,Менадион,rx,"[{""source"": ""uteka"", ""raw_mnn"": ""Каптоприл"", ""field_type"": ""explicit_mnn"", ""canonical_components"": [""Каптоприл""], ""url"": null, ""parse_warnings"": []}, {""source"": ""asna"", ""raw_mnn"": ""Карбамазепин"", ""field_type"": ""explicit_mnn"", ""canonical_components"": [""Карбамазепин""], ""url"": null, ""parse_warnings"": []}, {""source"": ""vidal"", ""raw_mnn"": ""Менадион"", ""field_type"": ""explicit_mnn"", ""canonical_components"": [""Менадион""], ""url"": null, ""parse_warnings"": []}]",[],,,unresolved_catalog,equal_conflict,rx,unknown,True,True,ok,Итоприд,rx,взрослые,Итоприд,enrichment,0,False,https://www.vidal.ru/drugs/itopride | https://aptekamos.ru/tovary/lekarstva/itoprid-10274/itoprid-velfarm-tabletki-50mg-111695/instrukciya | https://www.rlsnet.ru/drugs/itoprid-velfarm-90619 | https://aptekamos.ru/tovary/lekarstva/itoprid-10274/itoprid-velfarm-tabletki-50mg-111695/instrukciya | https://apteka.ru/product/itoprid-velfarm-50-mg-100-sht-blister-tabletki-pokrytye-plenochnoj-obolochkoj-690c5d077f2bfb856e951097/instructions/ | https://www.vidal.ru/drugs/itopride | https://www.rlsnet.ru/drugs/itoprid-velfarm-90619 | https://aptekamos.ru/tovary/lekarstva/itoprid-10274/itoprid-velfarm-tabletki-50mg-111695/instrukciya | https://www.vidal.ru/drugs/itopride-2 | https://medvestnik.ru/ls/a0e40785-e934-4bf5-a910-6902a5d322da.html | https://apteka.ru/product/itoprid-velfarm-50-mg-100-sht-blister-tabletki-pokrytye-plenochnoj-obolochkoj-690c5d077f2bfb856e951097/instructions/ | https://www.rlsnet.ru/drugs/itoprid-velfarm-90619,9cca2e2045c1746ce5219e03d3a47bde
18830,442,459,ИЗЖОГАНЕТ АНТАЦИДНЫЙ КОМПЛЕКС СО ВКУСОМ МЯТЫ ТАБЛ. 600МГ №40 | ГРИН САЙД ООО | ГРИН САЙД ООО,drug,,otc,,,,otc,,,,,"[{""source"": ""asna"", ""raw_mnn"": null, ""field_type"": ""unknown"", ""canonical_components"": [], ""url"": null, ""parse_warnings"": []}]",[],,,unresolved_catalog,empty,unknown,unknown,True,True,ok,,unknown,взрослые,,,0,True,https://www.rlsnet.ru/baa/antacidnyi-kompleks-izzoganet-86401 | https://aptekamos.ru/tovary/bad/greenside-17060/greenside-antacidnyyo-kompleks-izzhoganet-tabletki-so-vkusom-myaty-600mg-107606/instrukciya | https://www.rlsnet.ru/baa/antacidnyi-kompleks-izzoganet-86401 | https://www.rlsnet.ru/baa/antacidnyi-kompleks-izzoganet-86401 | https://aptekamos.ru/tovary/bad/greenside-17060/greenside-antacidnyyo-kompleks-izzhoganet-tabletki-so-vkusom-myaty-600mg-107606/instrukciya | https://apteka.ru/product/green-side-antaczidnyj-kompleks-izzhoganet-so-vkusom-myaty-n40-tabl-massoj-600mg-602e25e6152591d9cd4dc6f2/instructions/ | https://aptekamos.ru/tovary/bad/greenside-17060/greenside-antacidnyyo-kompleks-izzhoganet-tabletki-so-vkusom-apelsina-600mg-107605/instrukciya | https://yandex.ru/medicine/medicaments/antatsidnyj-kompleks-izzhoganet | https://yandex.ru/medicine/medicaments/green-side-antatsidnyj-kompleks-izzhoganet-tabletki-po-600-mg-so-vkusom-apel-sina-20-sht | https://www.rigla.ru/product/izzhoganet-antatsidnyy-kompleks-so-vkusom-myaty-tab-600mg-no20-bad-4999901 | https://spb.budzdorov.ru/product/izzhoganet-antatsidnyy-kompleks-so-vkusom-apelsina-tab-600mg-no20-bad-4999853 | https://yandex.ru/medicine/medicaments/antatsidnyj-kompleks-izzhoganet,fa2e057a9586708d0e955dfb42fdeaae
18925,442,459,ИБУПРОФЕН ВЕЛФАРМ ТАБЛ. П/ПЛЕН/ОБ. 400МГ №30 УРАЛБИОФАРМ | УРАЛБИОФАРМ ОАО | УРАЛБИОФАРМ ОАО,drug,Ибупрофен,otc,Ацикловир,rx,Адеметионин,otc,,,Менадион,rx,"[{""source"": ""uteka"", ""raw_mnn"": ""Ацикловир"", ""field_type"": ""explicit_mnn"", ""canonical_components"": [""Ацикловир""], ""url"": null, ""parse_warnings"": []}, {""source"": ""asna"", ""raw_mnn"": ""Адеметионин"", ""field_type"": ""explicit_mnn"", ""canonical_components"": [""Адеметионин""], ""url"": null, ""parse_warnings"": []}, {""source"": ""vidal"", ""raw_mnn"": ""Менадион"", ""field_type"": ""explicit_mnn"", ""canonical_components"": [""Менадион""], ""url"": null, ""parse_warnings"": []}]",[],,,unresolved_catalog,equal_conflict,rx,unknown,True,True,ok,Ибупрофен,otc,универсальный,Ибупрофен,enrichment,0,False,https://aptekamos.ru/tovary/lekarstva/ibuprofen-333/ibuprofen-velfarm-tabletki-400mg-95925/instrukciya | https://www.vidal.ru/drugs/ibuprofen-velfarm | https://health.mail.ru/drug/ibprofen_velfarm/ | https://www.vidal.ru/drugs/ibuprofen-velfarm | https://velpharm.group/upload/iblock/b4f/Ibuprofen-Velfarm-tabletki.pdf | https://aptekamos.ru/tovary/lekarstva/ibuprofen-333/ibuprofen-velfarm-tabletki-400mg-95925/instrukciya | https://www.vidal.ru/drugs/ibuprofen-velpharm | https://medvestnik.ru/ls/a0e4076d-343e-4cd4-a015-2ca0b3fcaaa1.html | https://health.mail.ru/drug/ibprofen_velfarm/ | https://aptekamos.ru/tovary/lekarstva/ibuprofen-333/ibuprofen-velfarm-tabletki-400mg-95925/instrukciya | https://medi.ru/instrukciya/ibuprofen-velfarm_25525/ | https://velpharm.group/upload/iblock/b4f/Ibuprofen-Velfarm-tabletki.pdf,53b65e1002b28d01413be710d5edd33b
19198,442,459,ЗВЕРОБОЯ ТРАВА 50Г ФИТОФАРМ | ФИТОФАРМ ООО | ФИТОФАРМ ООО,drug,Зверобоя трава,otc,,,,otc,,,,,"[{""source"": ""asna"", ""raw_mnn"": null, ""field_type"": ""unknown"", ""canonical_components"": [], ""url"": null, ""parse_warnings"": []}]",[],,,unresolved_catalog,empty,unknown,unknown,True,True,ok_partial,,otc,универсальный,,,2,True,https://pharmproduct.ru/drugs/zveroboia-trava | https://www.lsgeotar.ru/drugs/st-johns-wort-herb-ADLw | https://www.rlsnet.ru/drugs/zveroboya-trava-4291 | https://health.mail.ru/drug/zveroboya-trava/ | https://www.rlsnet.ru/drugs/zveroboya-trava-4291 | https://www.lsgeotar.ru/cs/zveroboya-trava-12211.html | https://medi.ru/instrukciya/zveroboya-trava_19776/ | https://health.mail.ru/drug/zveroboya-trava-1/ | https://www.vidal.ru/drugs/hyperici_herba__30245 | https://www.webapteka.ru/drugbase/name2383.html | https://medum.ru/trava-zveroboya-vzroslym | https://www.pharmcontrol.ru/reference/inn/400/,a7eb8e56c1f2c918912b7332e3949363
19368,442,459,ДЮФАЛАК СИРОП 667МГ/МЛ ПАК. 15МЛ №10 | ЭББОТ БИОЛОДЖИКАЛЗ Б.В./ВЕРОФАРМ АО | ЭББОТ БИОЛОДЖИКАЛЗ Б.В./ВЕРОФАРМ АО,drug,Лактулоза,otc,Лактулоза,otc,Лактулоза,otc,,,Лактулоза,otc,"[{""source"": ""uteka"", ""raw_mnn"": ""Лактулоза"", ""field_type"": ""explicit_mnn"", ""canonical_components"": [""Лактулоза""], ""url"": null, ""parse_warnings"": []}, {""source"": ""asna"", ""raw_mnn"": ""Лактулоза"", ""field_type"": ""explicit_mnn"", ""canonical_components"": [""Лактулоза""], ""url"": null, ""parse_warnings"": []}, {""source"": ""vidal"", ""raw_mnn"": ""Лактулоза"", ""field_type"": ""explicit_mnn"", ""canonical_components"": [""Лактулоза""], ""url"": null, ""parse_warnings"": []}]","[{""component"": ""Лактулоза"", ""source_count"": 3, ""sources"": [""uteka"", ""asna"", ""vidal""]}]",Лактулоза,Лактулоза,resolved_catalog,consensus,otc,unknown,False,False,,,unknown,unknown,Лактулоза,catalog_consensus,0,False,,fd146e21538f0b8d6432a35591d66818
19370,443,459,ДЮСПАТАЛИН ТАБЛ. П/О 135МГ №15 ВЕРОФАРМ | ВЕРОФАРМ АО | ВЕРОФАРМ АО,drug,Мебеверин,rx,Мебеверин + Симетикон,otc,Мебеверин,otc,,,Симетикон,otc,"[{""source"": ""uteka"", ""raw_mnn"": ""Мебеверин + Симетикон"", ""field_type"": ""explicit_mnn"", ""canonical_components"": [""Мебеверин"", ""Симетикон""], ""url"": null, ""parse_warnings"": []}, {""source"": ""asna"", ""raw_mnn"": ""Мебеверин"", ""field_type"": ""explicit_mnn"", ""canonical_components"": [""Мебеверин""], ""url"": null, ""parse_warnings"": []}, {""source"": ""vidal"", ""raw_mnn"": ""Симетикон"", ""field_type"": ""explicit_mnn"", ""canonical_components"": [""Симетикон""], ""url"": null, ""parse_warnings"": []}]","[{""component"": ""Мебеверин"", ""source_count"": 2, ""sources"": [""uteka"", ""asna""]}, {""component"": ""Симетикон"", ""source_count"": 2, ""sources"": [""uteka"", ""vidal""]}]","Мебеверин, Симетикон","Мебеверин, Симетикон",resolved_catalog,consensus,otc,unknown,False,False,,,unknown,unknown,"Мебеверин, Симетикон",catalog_consensus,0,False,,d451ffcc14d44633f4938de3a7ddb6aa
19875,443,459,ДОЛГИТБЛОК ГЕЛЬ Д/НАРУЖ. ПРИМ. 5%+3% ТУБА 20Г | ДОЛОРГИТ ГМБХ И КО.КГ | ДОЛОРГИТ ГМБХ И КО.КГ,drug,,otc,Ибупрофен + Левоментол,otc,Ибупрофен+ Левоментол,otc,,,Ибупрофен,otc,"[{""source"": ""uteka"", ""raw_mnn"": ""Ибупрофен + Левоментол"", ""field_type"": ""explicit_mnn"", ""canonical_components"": [""Ибупрофен"", ""Левоментол""], ""url"": null, ""parse_warnings"": []}, {""source"": ""asna"", ""raw_mnn"": ""Ибупрофен+ Левоментол"", ""field_type"": ""explicit_mnn"", ""canonical_components"": [""Ибупрофен"", ""Левоментол""], ""url"": null, ""parse_warnings"": []}, {""source"": ""vidal"", ""raw_mnn"": ""Ибупрофен"", ""field_type"": ""explicit_mnn"", ""canonical_components"": [""Ибупрофен""], ""url"": null, ""parse_warnings"": []}]","[{""component"": ""Ибупрофен"", ""source_count"": 3, ""sources"": [""uteka"", ""asna"", ""vidal""]}, {""component"": ""Левоментол"", ""source_count"": 2, ""sources"": [""uteka"", ""asna""]}]","Ибупрофен, Левоментол","Ибупрофен, Левоментол",resolved_catalog,consensus,otc,unknown,False,False,,,unknown,unknown,"Ибупрофен, Левоментол",catalog_consensus,0,False,,3113c4e7d40771bd97705cdba505ae70
20027,443,459,ДОКСАЗОЗИН ТАБЛ. 2МГ №30 ОЗОН | ОЗОН ООО | ОЗОН ООО,drug,Доксазозин,rx,Доксазозин,rx,,,,,,,"[{""source"": ""uteka"", ""raw_mnn"": ""Доксазозин"", ""field_type"": ""explicit_mnn"", ""canonical_components"": [""Доксазозин""], ""url"": null, ""parse_warnings"": []}]",[],,,unresolved_catalog,single_source,unknown,unknown,True,True,ok,Доксазозин,rx,взрослые,Доксазозин,enrichment,0,False,https://www.vidal.ru/drugs/doxazosin | https://medspravochnik.com/drugs/antigipertenzivnye/doksazozin/ | https://www.rlsnet.ru/drugs/doksazozin-16086 | https://www.vidal.ru/drugs/doxazosin | https://allmed.pro/ru/drugs/doksazozin | https://www.rlsnet.ru/drugs/doksazozin-16086 | https://medspravochnik.com/drugs/antigipertenzivnye/doksazozin/ | https://www.vidal.ru/drugs/doxazosin | https://medspravochnik.com/drugs/antigipertenzivnye/doksazozin/ | https://medum.ru/doxazosin | https://health.mail.ru/drug/doksazozin-1/ | https://medum.ru/doksazozin,faf042c2c316784594d35e638aa6d921
20122,443,459,ДИОСМИН ТАБЛ. П/ПЛЕН/ОБ. 600МГ №60 ОЗОН | ОЗОН ООО | ОЗОН ООО,drug,Диосмин,otc,Диосмин,otc,Диосмин,otc,,,Диосмин,otc,"[{""source"": ""uteka"", ""raw_mnn"": ""Диосмин"", ""field_type"": ""explicit_mnn"", ""canonical_components"": [""Диосмин""], ""url"": null, ""parse_warnings"": []}, {""source"": ""asna"", ""raw_mnn"": ""Диосмин"", ""field_type"": ""explicit_mnn"", ""canonical_components"": [""Диосмин""], ""url"": null, ""parse_warnings"": []}, {""source"": ""vidal"", ""raw_mnn"": ""Диосмин"", ""field_type"": ""explicit_mnn"", ""canonical_components"": [""Диосмин""], ""url"": null, ""parse_warnings"": []}]","[{""component"": ""Диосмин"", ""source_count"": 3, ""sources"": [""uteka"", ""asna"", ""vidal""]}]",Диосмин,Диосмин,resolved_catalog,consensus,otc,unknown,False,False,,,unknown,unknown,Диосмин,catalog_consensus,0,False,,6c16cba146f5e855994c64358a6da663
20151,444,459,ДИОВЕНГЕС ТАБЛ. П/ПЛЕН/ОБ. 100МГ+900МГ №30 | ФАРМВИЛАР НПО ООО | ФАРМВИЛАР НПО ООО,drug,,,,,Гесперидин + Диосмин,otc,,,Диосмин,otc,"[{""source"": ""asna"", ""raw_mnn"": ""Гесперидин + Диосмин"", ""field_type"": ""explicit_mnn"", ""canonical_components"": [""Гесперидин"", ""Диосмин""], ""url"": null, ""parse_warnings"": []}, {""source"": ""vidal"", ""raw_mnn"": ""Диосмин"", ""field_type"": ""explicit_mnn"", ""canonical_components"": [""Диосмин""], ""url"": null, ""parse_warnings"": []}]","[{""component"": ""Диосмин"", ""source_count"": 2, ""sources"": [""asna"", ""vidal""]}, {""component"": ""Гесперидин"", ""source_count"": 1, ""sources"": [""asna""]}]","Диосмин, Гесперидин","Диосмин, Гесперидин",resolved_catalog,consensus,otc,unknown,False,False,,,unknown,unknown,"Диосмин, Гесперидин",catalog_consensus,0,False,,cf19cf9451673dd7a73254853d7fd820
20290,444,459,ДИКЛОФЕНАК-АКОС Р-Р ДЛЯ В/М ВВЕД. 25МГ/МЛ АМП. 3МЛ №5 | СИНТЕЗ | СИНТЕЗ,drug,Диклофенак,rx,Диклофенак,rx,Диклофенак,otc,Диклофенак,rx,Диклофенак,rx,"[{""source"": ""uteka"", ""raw_mnn"": ""Диклофенак"", ""field_type"": ""explicit_mnn"", ""canonical_components"": [""Диклофенак""], ""url"": null, ""parse_warnings"": []}, {""source"": ""apteka"", ""raw_mnn"": ""Диклофенак"", ""field_type"": ""explicit_mnn"", ""canonical_components"": [""Диклофенак""], ""url"": null, ""parse_warnings"": []}, {""source"": ""asna"", ""raw_mnn"": ""Диклофенак"", ""field_type"": ""explicit_mnn"", ""canonical_components"": [""Диклофенак""], ""url"": null, ""parse_warnings"": []}, {""source"": ""vidal"", ""raw_mnn"": ""Диклофенак"", ""field_type"": ""explicit_mnn"", ""canonical_components"": [""Диклофенак""], ""url"": null, ""parse_warnings"": []}]","[{""component"": ""Диклофенак"", ""source_count"": 4, ""sources"": [""uteka"", ""apteka"", ""asna"", ""vidal""]}]",Диклофенак,Диклофенак,resolved_catalog,consensus,rx,unknown,False,False,,,unknown,unknown,Диклофенак,catalog_consensus,0,False,,4134203722c117bab4a55e46f67583d5
20291,444,459,"ДИКЛОФЕНАК-АКОС КАПЛИ ГЛАЗН. 0,1% ФЛ. 5МЛ | СИНТЕЗ | СИНТЕЗ",drug,Диклофенак,rx,,,Диклофенак,otc,,,Диклофенак,rx,"[{""source"": ""asna"", ""raw_mnn"": ""Диклофенак"", ""field_type"": ""explicit_mnn"", ""canonical_components"": [""Диклофенак""], ""url"": null, ""parse_warnings"": []}, {""source"": ""vidal"", ""raw_mnn"": ""Диклофенак"", ""field_type"": ""explicit_mnn"", ""canonical_components"": [""Диклофенак""], ""url"": null, ""parse_warnings"": []}]","[{""component"": ""Диклофенак"", ""source_count"": 2, ""sources"": [""asna"", ""vidal""]}]",Диклофенак,Диклофенак,resolved_catalog,consensus,unknown,unknown,False,False,,,unknown,unknown,Диклофенак,catalog_consensus,0,False,,183556d26b9aa315328719082cf2fb09
20364,444,459,"ДИБАЗОЛ ТАБЛ. 0,02Г №10 МОСКОВСКАЯ ФФ | МОСКОВСКАЯ ФФ | МОСКОВСКАЯ ФФ",drug,Бендазол,rx,Бендазол,otc,,,,,Бендазол,otc,"[{""source"": ""uteka"", ""raw_mnn"": ""Бендазол"", ""field_type"": ""explicit_mnn"", ""canonical_components"": [""Бендазол""], ""url"": null, ""parse_warnings"": []}, {""source"": ""vidal"", ""raw_mnn"": ""Бендазол"", ""field_type"": ""explicit_mnn"", ""canonical_components"": [""Бендазол""], ""url"": null, ""parse_warnings"": []}]","[{""component"": ""Бендазол"", ""source_count"": 2, ""sources"": [""uteka"", ""vidal""]}]",Бендазол,Бендазол,resolved_catalog,consensus,otc,unknown,False,False,,,unknown,unknown,Бендазол,catalog_consensus,0,False,,2d145b3340961219dae0ba0247c043ce
20437,444,459,ДЖОЗАФЕН ТАБЛ. П/ПЛЕН/ОБ. 500МГ №10 | ФАРМСТАНДАРТ-ЛЕКСРЕДСТВА ОАО | ФАРМСТАНДАРТ-ЛЕКСРЕДСТВА ОАО,drug,Джозамицин,rx,Джозамицин,rx,Джозамицин,rx,,,Джозамицин,rx,"[{""source"": ""uteka"", ""raw_mnn"": ""Джозамицин"", ""field_type"": ""explicit_mnn"", ""canonical_components"": [""Джозамицин""], ""url"": null, ""parse_warnings"": []}, {""source"": ""asna"", ""raw_mnn"": ""Джозамицин"", ""field_type"": ""explicit_mnn"", ""canonical_components"": [""Джозамицин""], ""url"": null, ""parse_warnings"": []}, {""source"": ""vidal"", ""raw_mnn"": ""Джозамицин"", ""field_type"": ""explicit_mnn"", ""canonical_components"": [""Джозамицин""], ""url"": null, ""parse_warnings"": []}]","[{""component"": ""Джозамицин"", ""source_count"": 3, ""sources"": [""uteka"", ""asna"", ""vidal""]}]",Джозамицин,Джозамицин,resolved_catalog,consensus,rx,unknown,False,False,,,unknown,unknown,Джозамицин,catalog_consensus,0,False,,ab71503b664ccafacd84523fb3f5cd47
20469,444,459,ДЕТРАЛЕКС ТАБЛ. П/ПЛЕН/ОБ. 1000МГ №60 | СЕРВЬЕ РУС ООО | СЕРВЬЕ РУС ООО,drug,диосмин+гесперидин,rx,Очищенная микронизированная флавоноидная фракция (диосмин + флавоноиды в пересчете на гесперидин),otc,Гесперидин + Диосмин,otc,,,Очищенная микронизированная флавоноидная фракция (диосмин+флавоноиды в пересчете на гесперидин),otc,"[{""source"": ""uteka"", ""raw_mnn"": ""Очищенная микронизированная флавоноидная фракция (диосмин + флавоноиды в пересчете на гесперидин)"", ""field_type"": ""explicit_mnn"", ""canonical_components"": [""Очищенная микронизированная флавоноидная фракция (диосмин"", ""Флавоноиды В Пересчете На Гесперидин)""], ""url"": null, ""parse_warnings"": []}, {""source"": ""asna"", ""raw_mnn"": ""Гесперидин + Диосмин"", ""field_type"": ""explicit_mnn"", ""canonical_components"": [""Гесперидин"", ""Диосмин""], ""url"": null, ""parse_warnings"": []}, {""source"": ""vidal"", ""raw_mnn"": ""Очищенная микронизированная флавоноидная фракция (диосмин+флавоноиды в пересчете на гесперидин)"", ""field_type"": ""explicit_mnn"", ""canonical_components"": [""Очищенная микронизированная флавоноидная фракция (диосмин"", ""Флавоноиды В Пересчете На Гесперидин)""], ""url"": null, ""parse_warnings"": []}]","[{""component"": ""Очищенная микронизированная флавоноидная фракция (диосмин"", ""source_count"": 2, ""sources"": [""uteka"", ""vidal""]}, {""component"": ""Флавоноиды В Пересчете На Гесперидин)"", ""source_count"": 2, ""sources"": [""uteka"", ""vidal""]}]","Очищенная микронизированная флавоноидная фракция (диосмин, Флавоноиды В Пересчете На Гесперидин)","Очищенная микронизированная флавоноидная фракция (диосмин, Флавоноиды В Пересчете На Гесперидин)",resolved_catalog,consensus,otc,unknown,False,False,,,unknown,unknown,"Очищенная микронизированная флавоноидная фракция (диосмин, Флавоноиды В Пересчете На Гесперидин)",catalog_consensus,0,False,,435ab5f2b7d38af2a973dfd4d83ea37f
20518,444,459,ДЕПАКИН ХРОНОСФЕРА ГРАН. ПРОЛОНГ. 100МГ ПАК. №30 | САНОФИ ВИНТРОП ИНДУСТРИЯ | САНОФИ ВИНТРОП ИНДУСТРИЯ,drug,Вальпроевая кислота,rx,Вальпроевая кислота,rx,,,,,Вальпроевая кислота,rx,"[{""source"": ""uteka"", ""raw_mnn"": ""Вальпроевая кислота"", ""field_type"": ""explicit_mnn"", ""canonical_components"": [""Вальпроевая кислота""], ""url"": null, ""parse_warnings"": []}, {""source"": ""vidal"", ""raw_mnn"": ""Вальпроевая кислота"", ""field_type"": ""explicit_mnn"", ""canonical_components"": [""Вальпроевая кислота""], ""url"": null, ""parse_warnings"": []}]","[{""component"": ""Вальпроевая кислота"", ""source_count"": 2, ""sources"": [""uteka"", ""vidal""]}]",Вальпроевая кислота,Вальпроевая кислота,resolved_catalog,consensus,rx,unknown,False,False,,,unknown,unknown,Вальпроевая кислота,catalog_consensus,0,False,,7dbd58bde03a43815759caedf5d2fe30
20606,444,459,ДЕКСАМЕТАЗОН Р-Р Д/ИН. 4МГ/МЛ АМП. 1МЛ №10 ЭСКОМ | ЭСКОМ НПК | ЭСКОМ НПК,drug,Дексаметазон,rx,Декстроза,rx,Натрия хлорид,rx,,,Этамзилат,rx,"[{""source"": ""uteka"", ""raw_mnn"": ""Декстроза"", ""field_type"": ""explicit_mnn"", ""canonical_components"": [""Декстроза""], ""url"": null, ""parse_warnings"": []}, {""source"": ""asna"", ""raw_mnn"": ""Натрия хлорид"", ""field_type"": ""explicit_mnn"", ""canonical_components"": [""Натрия хлорид""], ""url"": null, ""parse_warnings"": []}, {""source"": ""vidal"", ""raw_mnn"": ""Этамзилат"", ""field_type"": ""explicit_mnn"", ""canonical_components"": [""Этамзилат""], ""url"": null, ""parse_warnings"": []}]",[],,,unresolved_catalog,equal_conflict,rx,unknown,True,True,ok,Дексаметазон,rx,универсальный,Дексаметазон,enrichment,0,False,https://allmed.pro/ru/drugs/deksametazon | https://medi.ru/instrukciya/deksametazon-tabletki_11785/ | https://health.mail.ru/drug/deksametazon-3/ | https://medi.ru/instrukciya/deksametazon_19317/ | https://health.mail.ru/drug/deksametazon-1/ | https://medspravochnik.com/drugs/kortikosteroidy/deksametazon/ | https://medum.ru/dexamethasone | https://www.vidal.ru/drugs/dexamethasone__32085 | https://www.vidal.ru/drugs/dexamethasone__3484 | https://grls.pharm-portal.ru/grls/aef282b7-f979-4fd2-a99a-0921ee4c15ea | https://www.pharmcontrol.ru/registry/drugs/8089/ | https://www.pharmcontrol.ru/reference/inn/432/,abefe1dfdf738bfccb824bec58fa1b43
20614,445,459,"ДЕКСАМЕТАЗОН-КРКА ТАБЛ. 4МГ №20 | КРКА Д.Д., НОВО МЕСТО АО/КРКА-РУС ООО | КРКА Д.Д., НОВО МЕСТО АО/КРКА-РУС ООО",drug,Дексаметазон,rx,Дексаметазон,rx,Дексаметазон,rx,,,Дексаметазон,rx,"[{""source"": ""uteka"", ""raw_mnn"": ""Дексаметазон"", ""field_type"": ""explicit_mnn"", ""canonical_components"": [""Дексаметазон""], ""url"": null, ""parse_warnings"": []}, {""source"": ""asna"", ""raw_mnn"": ""Дексаметазон"", ""field_type"": ""explicit_mnn"", ""canonical_components"": [""Дексаметазон""], ""url"": null, ""parse_warnings"": []}, {""source"": ""vidal"", ""raw_mnn"": ""Дексаметазон"", ""field_type"": ""explicit_mnn"", ""canonical_components"": [""Дексаметазон""], ""url"": null, ""parse_warnings"": []}]","[{""component"": ""Дексаметазон"", ""source_count"": 3, ""sources"": [""uteka"", ""asna"", ""vidal""]}]",Дексаметазон,Дексаметазон,resolved_catalog,consensus,rx,unknown,False,False,,,unknown,unknown,Дексаметазон,catalog_consensus,0,False,,23992d0d7c6c0638fea92b58e19d55cd
20628,445,459,ДЕКСА-ГЕНТАМИЦИН КАПЛИ ГЛАЗН. ФЛ-КАП. 5МЛ | УРСАФАРМ АРЦНАЙМИТТЕЛЬ ГМБХ | УРСАФАРМ АРЦНАЙМИТТЕЛЬ ГМБХ,drug,Дексаметазон + Гентамицин,rx,Гентамицин + Дексаметазон,rx,,,,,Дексаметазон,rx,"[{""source"": ""uteka"", ""raw_mnn"": ""Гентамицин + Дексаметазон"", ""field_type"": ""explicit_mnn"", ""canonical_components"": [""Гентамицин"", ""Дексаметазон""], ""url"": null, ""parse_warnings"": []}, {""source"": ""vidal"", ""raw_mnn"": ""Дексаметазон"", ""field_type"": ""explicit_mnn"", ""canonical_components"": [""Дексаметазон""], ""url"": null, ""parse_warnings"": []}]","[{""component"": ""Дексаметазон"", ""source_count"": 2, ""sources"": [""uteka"", ""vidal""]}, {""component"": ""Гентамицин"", ""source_count"": 1, ""sources"": [""uteka""]}]","Дексаметазон, Гентамицин","Дексаметазон, Гентамицин",resolved_catalog,consensus,rx,unknown,False,False,,,unknown,unknown,"Дексаметазон, Гентамицин",catalog_consensus,0,False,,2662d0ba476211de951b3b95145c367f
20726,445,459,ДАБИКСОМ КАПС. 150МГ №60 | КРКА-РУС ООО | КРКА-РУС ООО,drug,дабигатрана этексилат,rx,Дабигатрана этексилат,rx,Дабигатрана этексилат,rx,,,Дабигатрана этексилат,rx,"[{""source"": ""uteka"", ""raw_mnn"": ""Дабигатрана этексилат"", ""field_type"": ""explicit_mnn"", ""canonical_components"": [""Дабигатрана этексилат""], ""url"": null, ""parse_warnings"": []}, {""source"": ""asna"", ""raw_mnn"": ""Дабигатрана этексилат"", ""field_type"": ""explicit_mnn"", ""canonical_components"": [""Дабигатрана этексилат""], ""url"": null, ""parse_warnings"": []}, {""source"": ""vidal"", ""raw_mnn"": ""Дабигатрана этексилат"", ""field_type"": ""explicit_mnn"", ""canonical_components"": [""Дабигатрана этексилат""], ""url"": null, ""parse_warnings"": []}]","[{""component"": ""Дабигатрана этексилат"", ""source_count"": 3, ""sources"": [""uteka"", ""asna"", ""vidal""]}]",Дабигатрана этексилат,Дабигатрана этексилат,resolved_catalog,consensus,rx,unknown,False,False,,,unknown,unknown,Дабигатрана этексилат,catalog_consensus,0,False,,2261f2a58c9a45e285b58d24426cbf8e
20781,445,459,ГРОПРИНОСИН ТАБЛ. 500МГ №30 | ГЕДЕОН РИХТЕР ПОЛЬША ООО/ГЕДЕОН РИХТЕР-РУС АО | ГЕДЕОН РИХТЕР ПОЛЬША ООО/ГЕДЕОН РИХТЕР-РУС АО,drug,Инозин пранобекс,rx,Инозин пранобекс,rx,Инозин* пранобекс,rx,,,Инозин пранобекс,rx,"[{""source"": ""uteka"", ""raw_mnn"": ""Инозин пранобекс"", ""field_type"": ""explicit_mnn"", ""canonical_components"": [""Инозин пранобекс""], ""url"": null, ""parse_warnings"": []}, {""source"": ""asna"", ""raw_mnn"": ""Инозин* пранобекс"", ""field_type"": ""explicit_mnn"", ""canonical_components"": [""Инозин пранобекс""], ""url"": null, ""parse_warnings"": []}, {""source"": ""vidal"", ""raw_mnn"": ""Инозин пранобекс"", ""field_type"": ""explicit_mnn"", ""canonical_components"": [""Инозин пранобекс""], ""url"": null, ""parse_warnings"": []}]","[{""component"": ""Инозин пранобекс"", ""source_count"": 3, ""sources"": [""uteka"", ""asna"", ""vidal""]}]",Инозин пранобекс,Инозин пранобекс,resolved_catalog,consensus,rx,unknown,False,False,,,unknown,unknown,Инозин пранобекс,catalog_consensus,0,False,,0dc8fbb189b8130c0cbbe9edaf4b1b1d
20890,445,459,ГОПАНТОМИД ТАБЛ. 250МГ №50 | УСОЛЬЕ-СИБИРСКИЙ ХИМИКО-ФАРМАЦЕВТИЧЕСКИЙ ЗАВОД АО | УСОЛЬЕ-СИБИРСКИЙ ХИМИКО-ФАРМАЦЕВТИЧЕСКИЙ ЗАВОД АО,drug,Гопантеновая кислота,rx,Гопантеновая кислота,rx,Гопантеновая кислота,rx,,,Гопантеновая кислота,rx,"[{""source"": ""uteka"", ""raw_mnn"": ""Гопантеновая кислота"", ""field_type"": ""explicit_mnn"", ""canonical_components"": [""Гопантеновая кислота""], ""url"": null, ""parse_warnings"": []}, {""source"": ""asna"", ""raw_mnn"": ""Гопантеновая кислота"", ""field_type"": ""explicit_mnn"", ""canonical_components"": [""Гопантеновая кислота""], ""url"": null, ""parse_warnings"": []}, {""source"": ""vidal"", ""raw_mnn"": ""Гопантеновая кислота"", ""field_type"": ""explicit_mnn"", ""canonical_components"": [""Гопантеновая кислота""], ""url"": null, ""parse_warnings"": []}]","[{""component"": ""Гопантеновая кислота"", ""source_count"": 3, ""sources"": [""uteka"", ""asna"", ""vidal""]}]",Гопантеновая кислота,Гопантеновая кислота,resolved_catalog,consensus,rx,unknown,False,False,,,unknown,unknown,Гопантеновая кислота,catalog_consensus,0,False,,02fa58518367a8bc6790c9d24ada6e50
20982,445,459,"ГЛЮКОВАНС ТАБЛ. П/ПЛЕН/ОБ. 2,5МГ+500МГ №30 | МЕРК САНТЭ С.А.С. | МЕРК САНТЭ С.А.С.",drug,Метформин+Глибенкламид,rx,,,Глибенкламид*+ Метформин,rx,,,Метформин,rx,"[{""source"": ""asna"", ""raw_mnn"": ""Глибенкламид*+ Метформин"", ""field_type"": ""explicit_mnn"", ""canonical_components"": [""Глибенкламид"", ""Метформин""], ""url"": null, ""parse_warnings"": []}, {""source"": ""vidal"", ""raw_mnn"": ""Метформин"", ""field_type"": ""explicit_mnn"", ""canonical_components"": [""Метформин""], ""url"": null, ""parse_warnings"": []}]","[{""component"": ""Метформин"", ""source_count"": 2, ""sources"": [""asna"", ""vidal""]}, {""component"": ""Глибенкламид"", ""source_count"": 1, ""sources"": [""asna""]}]","Метформин, Глибенкламид","Метформин, Глибенкламид",resolved_catalog,consensus,rx,unknown,False,False,,,unknown,unknown,"Метформин, Глибенкламид",catalog_consensus,0,False,,48cb7965a4f2797c90fb8fcf39de4a78
21010,445,459,ГЛИЦИН ФОРТЕ ТАБЛ. ЗАЩЕЧН. И П/ЯЗЫЧН. 250МГ №20 ОЗОН | ОЗОН ООО | ОЗОН ООО,drug,Глицин,Без рецепта,Глицин,rx,,,,,Глицин,rx,"[{""source"": ""uteka"", ""raw_mnn"": ""Глицин"", ""field_type"": ""explicit_mnn"", ""canonical_components"": [""Глицин""], ""url"": null, ""parse_warnings"": []}, {""source"": ""vidal"", ""raw_mnn"": ""Глицин"", ""field_type"": ""explicit_mnn"", ""canonical_components"": [""Глицин""], ""url"": null, ""parse_warnings"": []}]","[{""component"": ""Глицин"", ""source_count"": 2, ""sources"": [""uteka"", ""vidal""]}]",Глицин,Глицин,resolved_catalog,consensus,rx,unknown,False,False,,,unknown,unknown,Глицин,catalog_consensus,0,False,,8820236c43f1a12c88ada71f53e54316
21018,446,459,ГЛИЦИН ТАБЛ. П/ЯЗЫЧН. 100МГ №50 ОЗОН ФАРМ | ОЗОН ФАРМ ООО | ОЗОН ФАРМ ООО,drug,Глицин,otc,Глицин,otc,Омепразол,rx,Мелоксикам,rx,,,"[{""source"": ""uteka"", ""raw_mnn"": ""Глицин"", ""field_type"": ""explicit_mnn"", ""canonical_components"": [""Глицин""], ""url"": null, ""parse_warnings"": []}, {""source"": ""apteka"", ""raw_mnn"": ""Мелоксикам"", ""field_type"": ""explicit_mnn"", ""canonical_components"": [""Мелоксикам""], ""url"": null, ""parse_warnings"": []}, {""source"": ""asna"", ""raw_mnn"": ""Омепразол"", ""field_type"": ""explicit_mnn"", ""canonical_components"": [""Омепразол""], ""url"": null, ""parse_warnings"": []}]",[],,,unresolved_catalog,equal_conflict,rx,unknown,True,True,ok,Глицин,otc,универсальный,Глицин,enrichment,0,False,https://www.vidal.ru/drugs/glycine__4429 | https://aptekamos.ru/tovary/lekarstva/glicin-224/glicin-tabletki-100mg-11370/instrukciya | https://www.rlsnet.ru/drugs/glicin-997 | https://grls.rosminzdrav.ru/ | https://glicin.ru/instruction/ | https://rosmed-clinic.ru/articles/kardiologiya/12444-glitsin-dlya-detey-dlya-chego-naznachayut-i-kak-prinimat.html | https://biotiki.org/preparatyi/glicin-instruktsiya/ | https://aptekamos.ru/tovary/lekarstva/glicin-224/glicin-tabletki-100mg-11370/instrukciya | https://www.rlsnet.ru/drugs/glicin-997 | https://o-krohe.ru/med-preparaty/glicin/ | https://health.mail.ru/drug/glitsin-1/ | https://dinastycenter.ru/blog/glitsin-detskij-instruktsiya-po-primeneniyu-dlya-detej-dozirovka,b1c7211136d5bf246a50fc670f42ae69
21019,446,459,ГЛИЦИН ТАБЛ. П/ЯЗЫЧН. 100МГ №50 ОЗОН | ОЗОН ООО | ОЗОН ООО,drug,Глицин,Без рецепта,Мебгидролин,otc,Доксициклин,rx,Мелоксикам,rx,Глицин,otc,"[{""source"": ""uteka"", ""raw_mnn"": ""Мебгидролин"", ""field_type"": ""explicit_mnn"", ""canonical_components"": [""Мебгидролин""], ""url"": null, ""parse_warnings"": []}, {""source"": ""apteka"", ""raw_mnn"": ""Мелоксикам"", ""field_type"": ""explicit_mnn"", ""canonical_components"": [""Мелоксикам""], ""url"": null, ""parse_warnings"": []}, {""source"": ""asna"", ""raw_mnn"": ""Доксициклин"", ""field_type"": ""explicit_mnn"", ""canonical_components"": [""Доксициклин""], ""url"": null, ""parse_warnings"": []}, {""source"": ""vidal"", ""raw_mnn"": ""Глицин"", ""field_type"": ""explicit_mnn"", ""canonical_components"": [""Глицин""], ""url"": null, ""parse_warnings"": []}]",[],,,unresolved_catalog,equal_conflict,unknown,unknown,True,True,ok,Глицин,otc,универсальный,Глицин,enrichment,0,False,https://www.vidal.ru/drugs/glycine__4429 | https://www.rlsnet.ru/drugs/glicin-997 | https://aptekamos.ru/tovary/lekarstva/glicin-224/glicin-tabletki-100mg-11370/instrukciya | https://grls.rosminzdrav.ru/ | https://www.rlsnet.ru/drugs/glicin-mxfp-36413 | https://rosmed-clinic.ru/articles/kardiologiya/12444-glitsin-dlya-detey-dlya-chego-naznachayut-i-kak-prinimat.html | https://glicin.ru/instruction/ | https://www.rlsnet.ru/drugs/glicin-997 | https://biotiki.org/preparatyi/glicin-instruktsiya/ | https://aptekamos.ru/tovary/lekarstva/glicin-224/glicin-tabletki-100mg-11370/instrukciya | https://health.mail.ru/drug/glitsin-1/ | https://o-krohe.ru/med-preparaty/glicin/,819f90502abb97c52e01bbdd799fd835
21137,446,459,ГЛИБЕНКЛАМИД ТАБЛ. 5МГ №120 ОЗОН ФАРМ | ОЗОН ФАРМ ООО | ОЗОН ФАРМ ООО,drug,Глибенкламид,rx,Амброксол,otc,Омепразол,rx,Мелоксикам,rx,,,"[{""source"": ""uteka"", ""raw_mnn"": ""Амброксол"", ""field_type"": ""explicit_mnn"", ""canonical_components"": [""Амброксол""], ""url"": null, ""parse_warnings"": []}, {""source"": ""apteka"", ""raw_mnn"": ""Мелоксикам"", ""field_type"": ""explicit_mnn"", ""canonical_components"": [""Мелоксикам""], ""url"": null, ""parse_warnings"": []}, {""source"": ""asna"", ""raw_mnn"": ""Омепразол"", ""field_type"": ""explicit_mnn"", ""canonical_components"": [""Омепразол""], ""url"": null, ""parse_warnings"": []}]",[],,,unresolved_catalog,equal_conflict,rx,unknown,True,True,ok,Глибенкламид,rx,универсальный,Глибенкламид,enrichment,0,False,https://megapteka.ru/specials/guide_glibenklamid-instrukciya-po-2900 | https://aptekamos.ru/tovary/lekarstva/glibenklamid-218/glibenklamid-tabletki-5mg-2255/instrukciya | https://www.vidal.ru/drugs/glibenclamide__31963 | https://www.rlsnet.ru/drugs/glibenklamid-4168 | https://megapteka.ru/specials/guide_glibenklamid-instrukciya-po-2900 | https://www.vidal.ru/drugs/glibenclamide__31963 | https://www.rlsnet.ru/drugs/glibenklamid-4168 | https://www.webapteka.ru/drugbase/name1679.html | https://www.rlsnet.ru/drugs/glibenklamid-4168 | https://www.vidal.ru/drugs/glibenclamide__31963 | https://medum.ru/glibenclamide | https://medi.ru/instrukciya/glibenklamid_19034/,a2f3efc24c8cbcc11b7d598062fa1c1d
21387,446,459,ГЕПАВИЗИМ ФОСФОЛИПИДЫ+L-ОРИНИТИН+КУРКУМИН КАПС. ПО 495МГ №30 | ВТФ ООО | ВТФ ООО,drug,,БАД,,,,otc,,,,,"[{""source"": ""asna"", ""raw_mnn"": null, ""field_type"": ""unknown"", ""canonical_components"": [], ""url"": null, ""parse_warnings"": []}]",[],,,unresolved_catalog,empty,unknown,unknown,True,True,ok,,unknown,универсальный,,,0,True,https://aptekamos.ru/tovary/bad/gepavizim-16183/gepavizim-fosfolipidy-l-ornitin-kurkumin-kapsuly-massoyo-495mg-105791/instrukciya | https://www.lsgeotar.ru/supplements/AD0V | https://www.lsgeotar.ru/supplements/AD0V | https://aptekamos.ru/tovary/bad/gepavizim-16183/gepavizim-fosfolipidy-l-ornitin-kurkumin-kapsuly-massoyo-495mg-105791/instrukciya | https://www.rigla.ru/product/gepavizim-fosfolipidyl-orinitinkurkumin-kaps-495mg-no30-448657 | https://aptekiplus.ru/im-vorovskogo-rp/product/gepavizim-fosfolipidi-lornitin-kurkumin-30-sht-kapsuli/ | https://www.rigla.ru/product/gepavizim-fosfolipidyl-orinitinkurkumin-kaps-495mg-no30-448657 | https://medum.ru/gepavizim-fosfolipidy-l-ornitin-kurkumin-kapsuly | https://www.acmespb.ru/preparaty/gepavizim_fosfolipidy_l_ornitin_kurkumin | https://www.budzdorov.ru/product/gepavizim-fosfolipidyl-orinitinkurkumin-kaps-495mg-no30-448657 | https://uteka.ru/product/gepavizim-fosfolipidy--l-orinitin--kurkumin-387972/ | https://apteka.ru/product/plantcomplex-gepavizim-fosfolipidyl-orinitinkurkumin-n30-kaps-massoj-495mg-630f4c63260509b64b8d8e6d/instructions/,6b5b6905aaabcac113c9c7aec468dd1b
22406,449,459,ВИЛДАГЛИПТИН-ВЕРТЕКС ТАБЛ. 50МГ №56 | ВЕРТЕКС АО | ВЕРТЕКС АО,drug,Вилдаглиптин,rx,Вилдаглиптин,rx,Вилдаглиптин,rx,,,Вилдаглиптин,rx,"[{""source"": ""uteka"", ""raw_mnn"": ""Вилдаглиптин"", ""field_type"": ""explicit_mnn"", ""canonical_components"": [""Вилдаглиптин""], ""url"": null, ""parse_warnings"": []}, {""source"": ""asna"", ""raw_mnn"": ""Вилдаглиптин"", ""field_type"": ""explicit_mnn"", ""canonical_components"": [""Вилдаглиптин""], ""url"": null, ""parse_warnings"": []}, {""source"": ""vidal"", ""raw_mnn"": ""Вилдаглиптин"", ""field_type"": ""explicit_mnn"", ""canonical_components"": [""Вилдаглиптин""], ""url"": null, ""parse_warnings"": []}]","[{""component"": ""Вилдаглиптин"", ""source_count"": 3, ""sources"": [""uteka"", ""asna"", ""vidal""]}]",Вилдаглиптин,Вилдаглиптин,resolved_catalog,consensus,rx,unknown,False,False,,,unknown,unknown,Вилдаглиптин,catalog_consensus,0,False,,ce6a4b651ae83350b288470bb11b38ec
22468,449,459,"ВИДОРА МИКРО ТАБЛ. П/ПЛЕН/ОБ. 3МГ+0,02МГ №21+7 | ЛАБОРАТОРИОС ЛЕОН ФАРМА С.А. | ЛАБОРАТОРИОС ЛЕОН ФАРМА С.А.",drug,Дроспиренон + Этинилэстрадиол,rx,,,Дроспиренон + Этинилэстрадиол,rx,,,Этинилэстрадиол,rx,"[{""source"": ""asna"", ""raw_mnn"": ""Дроспиренон + Этинилэстрадиол"", ""field_type"": ""explicit_mnn"", ""canonical_components"": [""Дроспиренон"", ""Этинилэстрадиол""], ""url"": null, ""parse_warnings"": []}, {""source"": ""vidal"", ""raw_mnn"": ""Этинилэстрадиол"", ""field_type"": ""explicit_mnn"", ""canonical_components"": [""Этинилэстрадиол""], ""url"": null, ""parse_warnings"": []}]","[{""component"": ""Этинилэстрадиол"", ""source_count"": 2, ""sources"": [""asna"", ""vidal""]}, {""component"": ""Дроспиренон"", ""source_count"": 1, ""sources"": [""asna""]}]","Этинилэстрадиол, Дроспиренон","Этинилэстрадиол, Дроспиренон",resolved_catalog,consensus,rx,unknown,False,False,,,unknown,unknown,"Этинилэстрадиол, Дроспиренон",catalog_consensus,0,False,,aa3d27db4ceef77b579b627a163e86d0
22548,449,459,ВЕЧЕРНЕЕ ВАЛЕРИАНА+МЯТА+МЕЛИССА ДРАЖЕ №50 ПАРАФАРМ | ПАРАФАРМ ООО | ПАРАФАРМ ООО,drug,,otc,,,,otc,,,,,"[{""source"": ""asna"", ""raw_mnn"": null, ""field_type"": ""unknown"", ""canonical_components"": [], ""url"": null, ""parse_warnings"": []}]",[],,,unresolved_catalog,empty,unknown,unknown,True,True,ok,,unknown,взрослые,,,0,True,https://www.rlsnet.ru/baa/vecernee-valerianaxmelmyata-45636 | https://www.webapteka.ru/drugbase/name67186.html | https://bz.medvestnik.ru/drugs/4388.html | https://medum.ru/vechernee-valeriana-khmel-myata | https://www.rlsnet.ru/baa/vecernee-valerianaxmelmyata-45636 | https://www.webapteka.ru/drugbase/name67186.html | https://bz.medvestnik.ru/drugs/4388.html | https://bz.medvestnik.ru/drugs/397567.html | https://kiberis.ru/?p=36041 | https://medum.ru/vechernee-valeriana-khmel-myata | https://www.rlsnet.ru/baa/vecernee-valerianaxmelmyata-45636 | https://www.webapteka.ru/drugbase/name67186.html,d18ea33792a2491d06b81ed88ff91627
23214,449,459,БРОМГЕКСИН ТАБЛ. 8МГ №20 ФАРМСТАНДАРТ | ФАРМСТАНДАРТ-ЛЕКСРЕДСТВА ОАО | ФАРМСТАНДАРТ-ЛЕКСРЕДСТВА ОАО,drug,Бромгексин,rx,Бромгексин,otc,Бромгексин,otc,,,Бромгексин,otc,"[{""source"": ""uteka"", ""raw_mnn"": ""Бромгексин"", ""field_type"": ""explicit_mnn"", ""canonical_components"": [""Бромгексин""], ""url"": null, ""parse_warnings"": []}, {""source"": ""asna"", ""raw_mnn"": ""Бромгексин"", ""field_type"": ""explicit_mnn"", ""canonical_components"": [""Бромгексин""], ""url"": null, ""parse_warnings"": []}, {""source"": ""vidal"", ""raw_mnn"": ""Бромгексин"", ""field_type"": ""explicit_mnn"", ""canonical_components"": [""Бромгексин""], ""url"": null, ""parse_warnings"": []}]","[{""component"": ""Бромгексин"", ""source_count"": 3, ""sources"": [""uteka"", ""asna"", ""vidal""]}]",Бромгексин,Бромгексин,resolved_catalog,consensus,otc,unknown,False,False,,,unknown,unknown,Бромгексин,catalog_consensus,0,False,,516d0654e8f6ba45b433426c5f0563bb
23633,450,459,БИСОПРОЛОЛ-АЛСИ ТАБЛ. 5МГ №60 | АЛСИ ФАРМА АО | АЛСИ ФАРМА АО,drug,Бисопролол,rx,Бисопролол,rx,Бисопролол,rx,,,Бисопролол,rx,"[{""source"": ""uteka"", ""raw_mnn"": ""Бисопролол"", ""field_type"": ""explicit_mnn"", ""canonical_components"": [""Бисопролол""], ""url"": null, ""parse_warnings"": []}, {""source"": ""asna"", ""raw_mnn"": ""Бисопролол"", ""field_type"": ""explicit_mnn"", ""canonical_components"": [""Бисопролол""], ""url"": null, ""parse_warnings"": []}, {""source"": ""vidal"", ""raw_mnn"": ""Бисопролол"", ""field_type"": ""explicit_mnn"", ""canonical_components"": [""Бисопролол""], ""url"": null, ""parse_warnings"": []}]","[{""component"": ""Бисопролол"", ""source_count"": 3, ""sources"": [""uteka"", ""asna"", ""vidal""]}]",Бисопролол,Бисопролол,resolved_catalog,consensus,rx,unknown,False,False,,,unknown,unknown,Бисопролол,catalog_consensus,0,False,,d4e133fb267cb52b38cecad5242cd108
23641,450,459,БИСОПРОЛОЛ-АКОС ТАБЛ. П/ПЛЕН/ОБ. 5МГ №30 | БИОКОМ ЗАО | БИОКОМ ЗАО,drug,Бисопролол,rx,Бисопролол,rx,Бисопролол,rx,,,Бисопролол,rx,"[{""source"": ""uteka"", ""raw_mnn"": ""Бисопролол"", ""field_type"": ""explicit_mnn"", ""canonical_components"": [""Бисопролол""], ""url"": null, ""parse_warnings"": []}, {""source"": ""asna"", ""raw_mnn"": ""Бисопролол"", ""field_type"": ""explicit_mnn"", ""canonical_components"": [""Бисопролол""], ""url"": null, ""parse_warnings"": []}, {""source"": ""vidal"", ""raw_mnn"": ""Бисопролол"", ""field_type"": ""explicit_mnn"", ""canonical_components"": [""Бисопролол""], ""url"": null, ""parse_warnings"": []}]","[{""component"": ""Бисопролол"", ""source_count"": 3, ""sources"": [""uteka"", ""asna"", ""vidal""]}]",Бисопролол,Бисопролол,resolved_catalog,consensus,rx,unknown,False,False,,,unknown,unknown,Бисопролол,catalog_consensus,0,False,,7d3dd476103535be66ef50ca54475e87
23643,450,459,БИСОПРОЛОЛ-АКОС ТАБЛ. П/ПЛЕН/ОБ. 10МГ №30 | БИОКОМ ЗАО | БИОКОМ ЗАО,drug,Бисопролол,rx,Бисопролол,rx,Бисопролол,rx,,,Бисопролол,rx,"[{""source"": ""uteka"", ""raw_mnn"": ""Бисопролол"", ""field_type"": ""explicit_mnn"", ""canonical_components"": [""Бисопролол""], ""url"": null, ""parse_warnings"": []}, {""source"": ""asna"", ""raw_mnn"": ""Бисопролол"", ""field_type"": ""explicit_mnn"", ""canonical_components"": [""Бисопролол""], ""url"": null, ""parse_warnings"": []}, {""source"": ""vidal"", ""raw_mnn"": ""Бисопролол"", ""field_type"": ""explicit_mnn"", ""canonical_components"": [""Бисопролол""], ""url"": null, ""parse_warnings"": []}]","[{""component"": ""Бисопролол"", ""source_count"": 3, ""sources"": [""uteka"", ""asna"", ""vidal""]}]",Бисопролол,Бисопролол,resolved_catalog,consensus,rx,unknown,False,False,,,unknown,unknown,Бисопролол,catalog_consensus,0,False,,1058e1c1fb148ea851b7dcb4d7497c94
23695,450,459,БИОРИТМ АНТИСТРЕСС 24 ДЕНЬ/НОЧЬ ТАБЛ. П/О №32 | ЭВАЛАР ЗАО | ЭВАЛАР ЗАО,drug,,over_the_counter,,,Гинкго двулопастного листьев экстракт,otc,,,Общетонизирующие препараты,otc,"[{""source"": ""asna"", ""raw_mnn"": ""Гинкго двулопастного листьев экстракт"", ""field_type"": ""explicit_mnn"", ""canonical_components"": [""Гинкго двулопастного листьев экстракт""], ""url"": null, ""parse_warnings"": []}, {""source"": ""vidal"", ""raw_mnn"": ""Общетонизирующие препараты"", ""field_type"": ""explicit_mnn"", ""canonical_components"": [""Общетонизирующие препараты""], ""url"": null, ""parse_warnings"": []}]",[],,,unresolved_catalog,equal_conflict,otc,unknown,True,True,ok,,unknown,взрослые,,,0,True,https://pharmznanie.ru/drugs/bioritm-antistress-tabletki-24-dennoch-32-sht | https://www.vidal.ru/drugs/biorythm_antistress_24_den_noch__40027 | https://www.webapteka.ru/drugbase/name55697.html | https://www.rlsnet.ru/baa/bioritm-antistress-24-dennoc-36986 | https://pharmznanie.ru/drugs/bioritm-antistress-tabletki-24-dennoch-32-sht | https://www.vidal.ru/drugs/biorythm_antistress_24_den_noch__40027 | https://www.webapteka.ru/drugbase/name55697.html | https://kiberis.ru/?p=35809 | https://www.vidal.ru/drugs/biorythm_antistress_24_den_noch__40027 | https://www.webapteka.ru/drugbase/name55697.html | https://apteka.103.by/bioritm-antistress-24-den-noch-instruktsiya/ | https://pharmznanie.ru/drugs/bioritm-antistress-tabletki-24-dennoch-32-sht,52add4b604b67c142b10d358f179bb19
24080,451,459,БЕТАГИСТИН ТАБЛ. 8МГ №30 ОЗОН | ОЗОН ООО/ОЗОН ФАРМ ООО | ОЗОН ООО/ОЗОН ФАРМ ООО,drug,Бетагистин,rx,Бетагистин,rx,,,,,,,"[{""source"": ""uteka"", ""raw_mnn"": ""Бетагистин"", ""field_type"": ""explicit_mnn"", ""canonical_components"": [""Бетагистин""], ""url"": null, ""parse_warnings"": []}]",[],,,unresolved_catalog,single_source,unknown,unknown,True,True,ok,Бетагистин,rx,универсальный,Бетагистин,enrichment,0,False,https://www.rlsnet.ru/drugs/betagistin-31801 | https://aptekamos.ru/tovary/lekarstva/betagistin-124/betagistin-tabletki-24mg-46959/instrukciya | https://www.vidal.ru/drugs/betahistine__13787 | https://allmed.pro/ru/drugs/betagistin | https://www.rlsnet.ru/drugs/betagistin-31801 | https://www.vidal.ru/drugs/betahistine__13787 | https://aptekamos.ru/tovary/lekarstva/betagistin-124/betagistin-tabletki-24mg-46959/instrukciya | https://www.pharmcontrol.ru/reference/inn/1522/ | https://www.pharmcontrol.ru/registry/drugs/7786/ | https://grls.pharm-portal.ru/grls/19239af7-0b7f-4314-b3a2-577aa68f7fb8 | https://grls.pharm-portal.ru/grls/2a618d94-4f96-4a4d-b97d-4fd0496627a0 | https://zdravmedinform.ru/grls/reg-lsr-003585-10.html,97102e2adb3a4c3a04ee5187a8388f3e
24095,451,459,БЕТАГИСТИН ТАБЛ. 16МГ №30 ОЗОН | ОЗОН ООО | ОЗОН ООО,drug,Бетагистин,rx,Бетагистин,rx,Омепразол,rx,Мелоксикам,rx,Глицин,otc,"[{""source"": ""uteka"", ""raw_mnn"": ""Бетагистин"", ""field_type"": ""explicit_mnn"", ""canonical_components"": [""Бетагистин""], ""url"": null, ""parse_warnings"": []}, {""source"": ""apteka"", ""raw_mnn"": ""Мелоксикам"", ""field_type"": ""explicit_mnn"", ""canonical_components"": [""Мелоксикам""], ""url"": null, ""parse_warnings"": []}, {""source"": ""asna"", ""raw_mnn"": ""Омепразол"", ""field_type"": ""explicit_mnn"", ""canonical_components"": [""Омепразол""], ""url"": null, ""parse_warnings"": []}, {""source"": ""vidal"", ""raw_mnn"": ""Глицин"", ""field_type"": ""explicit_mnn"", ""canonical_components"": [""Глицин""], ""url"": null, ""parse_warnings"": []}]",[],,,unresolved_catalog,equal_conflict,rx,unknown,True,True,ok,Бетагистин,rx,взрослые,Бетагистин,enrichment,0,False,https://www.rlsnet.ru/drugs/betagistin-31801 | https://aptekamos.ru/tovary/lekarstva/betagistin-124/betagistin-tabletki-24mg-46959/instrukciya | https://www.vidal.ru/drugs/betahistine__13787 | https://allmed.pro/ru/drugs/betagistin | https://www.rlsnet.ru/drugs/betagistin-31801 | https://aptekamos.ru/tovary/lekarstva/betagistin-124/betagistin-tabletki-24mg-46959/instrukciya | https://www.vidal.ru/drugs/betahistine__13787 | https://www.vidal.ru/drugs/betahistine__44850 | https://www.vidal.ru/drugs/betahistine__13787 | https://aptekamos.ru/tovary/lekarstva/betagistin-124/betagistin-tabletki-16mg-46089/instrukciya | https://www.rlsnet.ru/drugs/betagistin-31801 | https://medi.ru/instrukciya/betagistin_18101/,b018537f7d0d5c58dfc9beb5edab7c5b
24098,451,459,БЕТАГИСТИН СОЛОФАРМ ТАБЛ. 16МГ №30 | ГРОТЕКС ООО | ГРОТЕКС ООО,drug,Бетагистин,rx,Бетагистин,rx,Кромоглициевая кислота,otc,,,Суматриптан,rx,"[{""source"": ""uteka"", ""raw_mnn"": ""Бетагистин"", ""field_type"": ""explicit_mnn"", ""canonical_components"": [""Бетагистин""], ""url"": null, ""parse_warnings"": []}, {""source"": ""asna"", ""raw_mnn"": ""Кромоглициевая кислота"", ""field_type"": ""explicit_mnn"", ""canonical_components"": [""Кромоглициевая кислота""], ""url"": null, ""parse_warnings"": []}, {""source"": ""vidal"", ""raw_mnn"": ""Суматриптан"", ""field_type"": ""explicit_mnn"", ""canonical_components"": [""Суматриптан""], ""url"": null, ""parse_warnings"": []}]",[],,,unresolved_catalog,equal_conflict,rx,unknown,True,True,ok,Бетагистин,rx,взрослые,Бетагистин,enrichment,0,False,https://aptekamos.ru/tovary/lekarstva/betagistin-124/betagistin-solofarm-tabletki-24mg-113311/instrukciya | https://medvestnik.ru/ls/a0e407e1-99df-4b68-8fbe-f278b5de1208.html | https://yandex.ru/medicine/medicaments/betagistin-solofarm | https://www.lsgeotar.ru/drugs/betagistin-solopharm-AGdw | https://aptekamos.ru/tovary/lekarstva/betagistin-124/betagistin-solofarm-tabletki-24mg-113311/instrukciya | https://medum.ru/betagistin-solofarm | https://yandex.ru/medicine/medicaments/betagistin-solofarm | https://apteka.ru/product/betagistin-solofarm-24-mg-60-sht-tabletki-67d2871c81406a62ed494836/instructions/ | https://www.lsgeotar.ru/ru/betagistin-solofarm-54280.html | https://allmed.pro/ru/drugs/betagistin | https://aptekamos.ru/tovary/lekarstva/betagistin-124/betagistin-solofarm-tabletki-24mg-113311/instrukciya | https://yandex.ru/medicine/medicaments/betagistin-solofarm,9d61bb15c56af706f4f6c7d7ebba951d
24255,451,459,"БЕЛОДЕРМ КРЕМ Д/НАРУЖ. ПРИМ. 0,05% ТУБА 30Г | БЕЛУПО | БЕЛУПО",drug,Бетаметазон,rx,Бетаметазон,otc,Бетаметазон,otc,,,Бетаметазон,otc,"[{""source"": ""uteka"", ""raw_mnn"": ""Бетаметазон"", ""field_type"": ""explicit_mnn"", ""canonical_components"": [""Бетаметазон""], ""url"": null, ""parse_warnings"": []}, {""source"": ""asna"", ""raw_mnn"": ""Бетаметазон"", ""field_type"": ""explicit_mnn"", ""canonical_components"": [""Бетаметазон""], ""url"": null, ""parse_warnings"": []}, {""source"": ""vidal"", ""raw_mnn"": ""Бетаметазон"", ""field_type"": ""explicit_mnn"", ""canonical_components"": [""Бетаметазон""], ""url"": null, ""parse_warnings"": []}]","[{""component"": ""Бетаметазон"", ""source_count"": 3, ""sources"": [""uteka"", ""asna"", ""vidal""]}]",Бетаметазон,Бетаметазон,resolved_catalog,consensus,otc,unknown,False,False,,,unknown,unknown,Бетаметазон,catalog_consensus,0,False,,62f656e3a93ed3ef4de965835f88df85
24335,451,459,БЕКЛОМЕТАЗОН АЭРОЗ. Д/ИНГ. ДОЗИР. 250МКГ/ДОЗА 200ДОЗ | БИННОФАРМ АО | БИННОФАРМ АО,drug,Беклометазон,rx,Беклометазон,rx,Беклометазон,rx,,,Ибупрофен,rx,"[{""source"": ""uteka"", ""raw_mnn"": ""Беклометазон"", ""field_type"": ""explicit_mnn"", ""canonical_components"": [""Беклометазон""], ""url"": null, ""parse_warnings"": []}, {""source"": ""asna"", ""raw_mnn"": ""Беклометазон"", ""field_type"": ""explicit_mnn"", ""canonical_components"": [""Беклометазон""], ""url"": null, ""parse_warnings"": []}, {""source"": ""vidal"", ""raw_mnn"": ""Ибупрофен"", ""field_type"": ""explicit_mnn"", ""canonical_components"": [""Ибупрофен""], ""url"": null, ""parse_warnings"": []}]","[{""component"": ""Беклометазон"", ""source_count"": 2, ""sources"": [""uteka"", ""asna""]}]",Беклометазон,Беклометазон,resolved_catalog,consensus,rx,unknown,False,False,,,unknown,unknown,Беклометазон,catalog_consensus,0,False,,a02388b4354f84dd79f2aac2f4ed62cd
24682,452,459,АЦИКЛОВИР ТАБЛ. 200МГ №20 АВЕКСИМА | ИРБИТСКИЙ ХИМЗАВОД ОАО | ИРБИТСКИЙ ХИМЗАВОД ОАО,drug,Ацикловир,rx,Нифуроксазид,otc,Инозин,rx,,,Азитромицин,rx,"[{""source"": ""uteka"", ""raw_mnn"": ""Нифуроксазид"", ""field_type"": ""explicit_mnn"", ""canonical_components"": [""Нифуроксазид""], ""url"": null, ""parse_warnings"": []}, {""source"": ""asna"", ""raw_mnn"": ""Инозин"", ""field_type"": ""explicit_mnn"", ""canonical_components"": [""Инозин""], ""url"": null, ""parse_warnings"": []}, {""source"": ""vidal"", ""raw_mnn"": ""Азитромицин"", ""field_type"": ""explicit_mnn"", ""canonical_components"": [""Азитромицин""], ""url"": null, ""parse_warnings"": []}]",[],,,unresolved_catalog,equal_conflict,rx,unknown,True,True,ok,Ацикловир,rx,универсальный,Ацикловир,enrichment,0,False,https://www.rlsnet.ru/active-substance/aciklovir-27 | https://aptekamos.ru/tovary/lekarstva/aciklovir-89/aciklovir-tabletki-400mg-1035/instrukciya | https://www.vidal.ru/drugs/aciclovir__29945 | https://allmed.pro/ru/drugs/aciklovir | https://www.rlsnet.ru/active-substance/aciklovir-27 | https://www.rlsnet.ru/drugs/aciklovir-404 | https://www.vidal.ru/drugs/aciclovir__29945 | https://aptekamos.ru/tovary/lekarstva/aciklovir-89/aciklovir-tabletki-400mg-1035/instrukciya | https://aptekamos.ru/tovary/lekarstva/aciklovir-89/aciklovir-tabletki-800mg-1036/instrukciya | https://www.vidal.ru/drugs/molecule/13 | https://009.рф/articles/instruction/atsiklovir | https://apollonclinica.com/blog/atsiklovir-instruktsiya-po-primeneniyu-detyam-dlya-lecheniya-i-profilaktiki-virusnyh-infektsij,f43ad4544e58bdce690a29180005017e
24750,452,459,АЦЕТИЛСАЛИЦИЛОВАЯ КИСЛОТА ПЛЮС РЕНЕВАЛ ТАБЛ. 500МГ+25МГ №20 | ОБНОВЛЕНИЕ ПФК АО | ОБНОВЛЕНИЕ ПФК АО,drug,Ацетилсалициловая кислота + Аскорбиновая кислота,Без рецепта,Ацетилсалициловая кислота + Аскорбиновая кислота,otc,Натрия хлорид,rx,"Ацетилсалициловая кислота, Аскорбиновая кислота",,Розувастатин,rx,"[{""source"": ""uteka"", ""raw_mnn"": ""Ацетилсалициловая кислота + Аскорбиновая кислота"", ""field_type"": ""explicit_mnn"", ""canonical_components"": [""Ацетилсалициловая кислота"", ""Аскорбиновая кислота""], ""url"": null, ""parse_warnings"": []}, {""source"": ""apteka"", ""raw_mnn"": ""Ацетилсалициловая кислота, Аскорбиновая кислота"", ""field_type"": ""explicit_mnn"", ""canonical_components"": [""Ацетилсалициловая кислота"", ""Аскорбиновая кислота""], ""url"": null, ""parse_warnings"": []}, {""source"": ""asna"", ""raw_mnn"": ""Натрия хлорид"", ""field_type"": ""explicit_mnn"", ""canonical_components"": [""Натрия хлорид""], ""url"": null, ""parse_warnings"": []}, {""source"": ""vidal"", ""raw_mnn"": ""Розувастатин"", ""field_type"": ""explicit_mnn"", ""canonical_components"": [""Розувастатин""], ""url"": null, ""parse_warnings"": []}]",[],,,unresolved_catalog,equal_conflict,rx,unknown,True,True,ok,"Ацетилсалициловая кислота, Аскорбиновая кислота",otc,взрослые,"Ацетилсалициловая кислота, Аскорбиновая кислота",enrichment,0,False,https://www.vidal.ru/drugs/acetylsalicylic-acid-plus-renewal | https://health.mail.ru/drug/atsetilsalitsilovaya_kislota_plyus_reneval/ | https://www.lsgeotar.ru/drugs/acetylsalicylic-acidreneval-ADZM | https://kiberis.ru/?p=26934&lang=ru | https://health.mail.ru/drug/atsetilsalitsilovaya_kislota_plyus_reneval/ | https://medvestnik.ru/ls/a0e406f3-6eb5-47f8-b085-e362d0e0c949.html | https://www.vidal.ru/drugs/acetylsalicylic-acid-plus-renewal | https://health.mail.ru/drug/atsetilsalitsilovaya_kislota_reneval/ | https://travmakab.ru/farma/2378 | https://zdesapteka.ru/instructions/atsetilsalitsilovaya-kislota-reneval/ | https://www.vidal.ru/drugs/acetylsalicylic-acid-plus-renewal | https://health.mail.ru/drug/atsetilsalitsilovaya_kislota_plyus_reneval/,94672646091a3129cbca2042a59c48ee
24896,453,459,АТОРВАСТАТИН-ФП ТАБЛ. П/ПЛЕН/ОБ. 20МГ №30 | ФАРМПРОЕКТ АО | ФАРМПРОЕКТ АО,drug,Аторвастатин,rx,Аторвастатин,rx,,,,,,,"[{""source"": ""uteka"", ""raw_mnn"": ""Аторвастатин"", ""field_type"": ""explicit_mnn"", ""canonical_components"": [""Аторвастатин""], ""url"": null, ""parse_warnings"": []}]",[],,,unresolved_catalog,single_source,unknown,unknown,True,True,ok,Аторвастатин,rx,взрослые,Аторвастатин,enrichment,0,False,https://aptekamos.ru/tovary/lekarstva/atorvastatin-1221/atorvastatin-fp-tabletki-40mg-104814/instrukciya | https://www.rlsnet.ru/drugs/atorvastatin-fp-85808 | https://www.vidal.ru/drugs/atorvastatin-fp | https://medvisor.ru/medicine/drug/atorvastatin-fp_76927/ | https://allmed.pro/ru/drugs/atorvastatin | https://www.rlsnet.ru/drugs/atorvastatin-fp-85808 | https://www.vidal.ru/drugs/atorvastatin-fp | https://aptekamos.ru/tovary/lekarstva/atorvastatin-1221/atorvastatin-fp-tabletki-40mg-104814/instrukciya | https://medvisor.ru/medicine/drug/atorvastatin-fp_76927/ | https://aptekamos.ru/tovary/lekarstva/atorvastatin-1221/atorvastatin-fp-tabletki-40mg-104814/instrukciya | https://www.vidal.ru/drugs/atorvastatin-fp | https://www.rlsnet.ru/drugs/atorvastatin-fp-85808,93cc4a384af53180f1fd41ef6fdb7049
24901,453,459,АТОРВАСТАТИН-ТЕВА ТАБЛ. П/ПЛЕН/ОБ. 10МГ №30 АЛКАЛОИД | АЛКАЛОИД АД Скопье | АЛКАЛОИД АД Скопье,drug,Аторвастатин,rx,Аторвастатин,rx,Аторвастатин,rx,,,Аторвастатин,rx,"[{""source"": ""uteka"", ""raw_mnn"": ""Аторвастатин"", ""field_type"": ""explicit_mnn"", ""canonical_components"": [""Аторвастатин""], ""url"": null, ""parse_warnings"": []}, {""source"": ""asna"", ""raw_mnn"": ""Аторвастатин"", ""field_type"": ""explicit_mnn"", ""canonical_components"": [""Аторвастатин""], ""url"": null, ""parse_warnings"": []}, {""source"": ""vidal"", ""raw_mnn"": ""Аторвастатин"", ""field_type"": ""explicit_mnn"", ""canonical_components"": [""Аторвастатин""], ""url"": null, ""parse_warnings"": []}]","[{""component"": ""Аторвастатин"", ""source_count"": 3, ""sources"": [""uteka"", ""asna"", ""vidal""]}]",Аторвастатин,Аторвастатин,resolved_catalog,consensus,rx,unknown,False,False,,,unknown,unknown,Аторвастатин,catalog_consensus,0,False,,7507a240c67e93ff6c63b7a8695c4e45
24945,453,459,АТОРВАСТАТИН-СЗ ТАБЛ. П/ПЛЕН/ОБ. 20МГ №30 | СЕВЕРНАЯ ЗВЕЗДА НАО | СЕВЕРНАЯ ЗВЕЗДА НАО,drug,Аторвастатин,rx,Аторвастатин,rx,Аторвастатин,rx,,,Аторвастатин,rx,"[{""source"": ""uteka"", ""raw_mnn"": ""Аторвастатин"", ""field_type"": ""explicit_mnn"", ""canonical_components"": [""Аторвастатин""], ""url"": null, ""parse_warnings"": []}, {""source"": ""asna"", ""raw_mnn"": ""Аторвастатин"", ""field_type"": ""explicit_mnn"", ""canonical_components"": [""Аторвастатин""], ""url"": null, ""parse_warnings"": []}, {""source"": ""vidal"", ""raw_mnn"": ""Аторвастатин"", ""field_type"": ""explicit_mnn"", ""canonical_components"": [""Аторвастатин""], ""url"": null, ""parse_warnings"": []}]","[{""component"": ""Аторвастатин"", ""source_count"": 3, ""sources"": [""uteka"", ""asna"", ""vidal""]}]",Аторвастатин,Аторвастатин,resolved_catalog,consensus,rx,unknown,False,False,,,unknown,unknown,Аторвастатин,catalog_consensus,0,False,,95135d71acae864b0060b9abafe5edfd
24957,453,459,АТОРВАСТАТИН МЕДИСОРБ ТАБЛ. П/ПЛЕН/ОБ. 40МГ №30 | МЕДИСОРБ АО | МЕДИСОРБ АО,drug,Аторвастатин,rx,Аторвастатин,rx,Валсартан,rx,,,Метформин,rx,"[{""source"": ""uteka"", ""raw_mnn"": ""Аторвастатин"", ""field_type"": ""explicit_mnn"", ""canonical_components"": [""Аторвастатин""], ""url"": null, ""parse_warnings"": []}, {""source"": ""asna"", ""raw_mnn"": ""Валсартан"", ""field_type"": ""explicit_mnn"", ""canonical_components"": [""Валсартан""], ""url"": null, ""parse_warnings"": []}, {""source"": ""vidal"", ""raw_mnn"": ""Метформин"", ""field_type"": ""explicit_mnn"", ""canonical_components"": [""Метформин""], ""url"": null, ""parse_warnings"": []}]",[],,,unresolved_catalog,equal_conflict,rx,unknown,True,True,ok,Аторвастатин,rx,взрослые,Аторвастатин,enrichment,0,False,https://aptekamos.ru/tovary/lekarstva/atorvastatin-1221/atorvastatin-medisorb-tabletki-40mg-92239/instrukciya | https://apteka.ru/product/atorvastatin-medisorb-40-mg-60-sht-blister-tabletki-pokrytye-plenochnoj-obolochkoj-6756cf0130321fee9b6a870a/instructions/ | https://yandex.ru/medicine/medicaments/atorvastatin-medisorb | https://www.vidal.ru/drugs/atorvastatin-ms | https://www.rlsnet.ru/drugs/atorvastatin-33273 | https://medum.ru/atorvastatin-medisorb-10-mg-20-mg-40-mg | https://aptekamos.ru/tovary/lekarstva/atorvastatin-1221/atorvastatin-medisorb-tabletki-40mg-92239/instrukciya | https://medisorb.ru/upload/iblock/3f4/5tczcp23g93gqkoptogu8vpmppntxq47.pdf | https://www.rlsnet.ru/drugs/atorvastatin-medisorb-79808 | https://health.mail.ru/drug/atorvastatin_medisorb/ | https://apteka.ru/product/atorvastatin-medisorb-40-mg-60-sht-blister-tabletki-pokrytye-plenochnoj-obolochkoj-6756cf0130321fee9b6a870a/instructions/ | https://yandex.ru/medicine/medicaments/atorvastatin-medisorb,7d3e912e676b908a2ba8a767b24e4a42
25424,453,459,АРТОГИСТАН Р-Р ДЛЯ В/М ВВЕД. 100МГ/МЛ АМП. 2МЛ №10 | ГРОТЕКС ООО | ГРОТЕКС ООО,drug,,rx,Хондроитина сульфат,rx,Хондроитина сульфат,rx,,,Хондроитина сульфат натрия,rx,"[{""source"": ""uteka"", ""raw_mnn"": ""Хондроитина сульфат"", ""field_type"": ""explicit_mnn"", ""canonical_components"": [""Хондроитина сульфат""], ""url"": null, ""parse_warnings"": []}, {""source"": ""asna"", ""raw_mnn"": ""Хондроитина сульфат"", ""field_type"": ""explicit_mnn"", ""canonical_components"": [""Хондроитина сульфат""], ""url"": null, ""parse_warnings"": []}, {""source"": ""vidal"", ""raw_mnn"": ""Хондроитина сульфат натрия"", ""field_type"": ""explicit_mnn"", ""canonical_components"": [""Хондроитина сульфат натрия""], ""url"": null, ""parse_warnings"": []}]","[{""component"": ""Хондроитина сульфат"", ""source_count"": 2, ""sources"": [""uteka"", ""asna""]}]",Хондроитина сульфат,Хондроитина сульфат,resolved_catalog,consensus,rx,unknown,False,False,,,unknown,unknown,Хондроитина сульфат,catalog_consensus,0,False,,b45facfef643e69b1330637556372fa0
25599,454,459,АПИЛАК ТАБЛ. П/ЯЗЫЧН. 10МГ №30 ВИФИТЕХ | ВИФИТЕХ | ВИФИТЕХ,drug,,,Маточное молочко,otc,,,,,,,"[{""source"": ""uteka"", ""raw_mnn"": ""Маточное молочко"", ""field_type"": ""explicit_mnn"", ""canonical_components"": [""Маточное молочко""], ""url"": null, ""parse_warnings"": []}]",[],,,unresolved_catalog,single_source,unknown,unknown,True,True,ok,Маточное Молочко,otc,универсальный,Маточное Молочко,enrichment,0,False,https://pharmproduct.ru/drugs/apilak-grindeks | https://www.rlsnet.ru/drugs/apilak-grindeks-36807 | https://zdesapteka.ru/instructions/apilak-grindeks/ | https://medvestnik.ru/ls/a0e3f41a-107f-498a-abe0-bce0083f05c5.html | https://www.vidal.ru/drugs/apilac__8937 | https://allmed.pro/ru/drugs/apilak | https://medvisor.ru/medicine/drug/apilak_30235/ | https://www.neboleem.net/apilak.php | https://zdesapteka.ru/instructions/apilak/ | https://yandex.ru/medicine/medicaments/apilak | https://www.vidal.ru/drugs/apilac__8937 | https://www.webapteka.ru/drugbase/name497.html,3418f33ca61ab6f23c0348085eac6bd5
25707,454,459,АНГИОРУС ТАБЛ. П/ПЛЕН/ОБ. 100МГ+900МГ №30 АЛИУМ | АЛИУМ АО | АЛИУМ АО,drug,,,,,Гесперидин + Диосмин,otc,,,Диосмин,otc,"[{""source"": ""asna"", ""raw_mnn"": ""Гесперидин + Диосмин"", ""field_type"": ""explicit_mnn"", ""canonical_components"": [""Гесперидин"", ""Диосмин""], ""url"": null, ""parse_warnings"": []}, {""source"": ""vidal"", ""raw_mnn"": ""Диосмин"", ""field_type"": ""explicit_mnn"", ""canonical_components"": [""Диосмин""], ""url"": null, ""parse_warnings"": []}]","[{""component"": ""Диосмин"", ""source_count"": 2, ""sources"": [""asna"", ""vidal""]}, {""component"": ""Гесперидин"", ""source_count"": 1, ""sources"": [""asna""]}]","Диосмин, Гесперидин","Диосмин, Гесперидин",resolved_catalog,consensus,otc,unknown,False,False,,,unknown,unknown,"Диосмин, Гесперидин",catalog_consensus,0,False,,2b70e8ee376428ab838cff3960beffbb
25865,454,459,"АМПРИЛАН ТАБЛ. 5МГ №30 | КРКА Д.Д., НОВО МЕСТО АО/КРКА-РУС ООО | КРКА Д.Д., НОВО МЕСТО АО/КРКА-РУС ООО",drug,рамиприл,rx,Рамиприл,rx,Рамиприл,rx,,,Рамиприл,rx,"[{""source"": ""uteka"", ""raw_mnn"": ""Рамиприл"", ""field_type"": ""explicit_mnn"", ""canonical_components"": [""Рамиприл""], ""url"": null, ""parse_warnings"": []}, {""source"": ""asna"", ""raw_mnn"": ""Рамиприл"", ""field_type"": ""explicit_mnn"", ""canonical_components"": [""Рамиприл""], ""url"": null, ""parse_warnings"": []}, {""source"": ""vidal"", ""raw_mnn"": ""Рамиприл"", ""field_type"": ""explicit_mnn"", ""canonical_components"": [""Рамиприл""], ""url"": null, ""parse_warnings"": []}]","[{""component"": ""Рамиприл"", ""source_count"": 3, ""sources"": [""uteka"", ""asna"", ""vidal""]}]",Рамиприл,Рамиприл,resolved_catalog,consensus,rx,unknown,False,False,,,unknown,unknown,Рамиприл,catalog_consensus,0,False,,e68ba4c1cbb89566e15bc09d31322e9c
25982,454,459,АМЛОДИПИН ТАБЛ. 10МГ №30 РОЗЛЕКС | РОЗЛЕКС ФАРМ ООО | РОЗЛЕКС ФАРМ ООО,drug,Амлодипин,rx,Амлодипин,rx,,,,,,,"[{""source"": ""uteka"", ""raw_mnn"": ""Амлодипин"", ""field_type"": ""explicit_mnn"", ""canonical_components"": [""Амлодипин""], ""url"": null, ""parse_warnings"": []}]",[],,,unresolved_catalog,single_source,unknown,unknown,True,True,ok,Амлодипин,rx,универсальный,Амлодипин,enrichment,0,False,https://www.vidal.ru/drugs/amlodipine__3929 | https://www.rlsnet.ru/drugs/amlodipin-24511 | https://grls.rosminzdrav.ru/ | https://allmed.pro/ru/drugs/amlodipin | https://www.vidal.ru/drugs/amlodipine__3929 | https://www.rlsnet.ru/drugs/amlodipin-24511 | https://medum.ru/amlodipine | https://amlodipine.ru/instrukciya/ | https://www.webapteka.ru/drugbase/name16726.html | https://medi.ru/instrukciya/amlodipin_17604/ | https://www.vidal.ru/drugs/amlodipine__13202 | https://apteki.yandex.ru/news/amlodipin-instrukciya,3b6ed49f305de61ac2e414816c740dad
26001,454,459,АМЛОДИПИН-ПРАНА ТАБЛ. 10МГ №60 | ПРАНАФАРМ ООО | ПРАНАФАРМ ООО,drug,Амлодипин,rx,Амлодипин,rx,Амлодипин,rx,,,Амлодипин,rx,"[{""source"": ""uteka"", ""raw_mnn"": ""Амлодипин"", ""field_type"": ""explicit_mnn"", ""canonical_components"": [""Амлодипин""], ""url"": null, ""parse_warnings"": []}, {""source"": ""asna"", ""raw_mnn"": ""Амлодипин"", ""field_type"": ""explicit_mnn"", ""canonical_components"": [""Амлодипин""], ""url"": null, ""parse_warnings"": []}, {""source"": ""vidal"", ""raw_mnn"": ""Амлодипин"", ""field_type"": ""explicit_mnn"", ""canonical_components"": [""Амлодипин""], ""url"": null, ""parse_warnings"": []}]","[{""component"": ""Амлодипин"", ""source_count"": 3, ""sources"": [""uteka"", ""asna"", ""vidal""]}]",Амлодипин,Амлодипин,resolved_catalog,consensus,rx,unknown,False,False,,,unknown,unknown,Амлодипин,catalog_consensus,0,False,,7a6ba18f931c26931f16ba5351b88531
26038,454,459,АМЛОДИПИН-АЛСИ ТАБЛ. 10МГ №90 | АЛСИ ФАРМА АО | АЛСИ ФАРМА АО,drug,Амлодипин,rx,Амлодипин,rx,Амлодипин,rx,,,Амлодипин,rx,"[{""source"": ""uteka"", ""raw_mnn"": ""Амлодипин"", ""field_type"": ""explicit_mnn"", ""canonical_components"": [""Амлодипин""], ""url"": null, ""parse_warnings"": []}, {""source"": ""asna"", ""raw_mnn"": ""Амлодипин"", ""field_type"": ""explicit_mnn"", ""canonical_components"": [""Амлодипин""], ""url"": null, ""parse_warnings"": []}, {""source"": ""vidal"", ""raw_mnn"": ""Амлодипин"", ""field_type"": ""explicit_mnn"", ""canonical_components"": [""Амлодипин""], ""url"": null, ""parse_warnings"": []}]","[{""component"": ""Амлодипин"", ""source_count"": 3, ""sources"": [""uteka"", ""asna"", ""vidal""]}]",Амлодипин,Амлодипин,resolved_catalog,consensus,rx,unknown,False,False,,,unknown,unknown,Амлодипин,catalog_consensus,0,False,,da04477b79471b7677d345817bb1001e
26068,455,459,АМИНАЛОН ТАБЛ. П/О 250МГ №50 БОРИСОВСКИЙ ЗМП | БОРИСОВСКИЙ ЗАВОД МЕДИЦИНСКИХ ПРЕПАРАТОВ | БОРИСОВСКИЙ ЗАВОД МЕДИЦИНСКИХ ПРЕПАРАТОВ,drug,Гамма-аминомасляная кислота,rx,Гамма-аминомасляная кислота,rx,Гамма-аминомасляная кислота,rx,,,Гамма-аминобутировая кислота,rx,"[{""source"": ""uteka"", ""raw_mnn"": ""Гамма-аминомасляная кислота"", ""field_type"": ""explicit_mnn"", ""canonical_components"": [""Гамма-аминомасляная кислота""], ""url"": null, ""parse_warnings"": []}, {""source"": ""asna"", ""raw_mnn"": ""Гамма-аминомасляная кислота"", ""field_type"": ""explicit_mnn"", ""canonical_components"": [""Гамма-аминомасляная кислота""], ""url"": null, ""parse_warnings"": []}, {""source"": ""vidal"", ""raw_mnn"": ""Гамма-аминобутировая кислота"", ""field_type"": ""explicit_mnn"", ""canonical_components"": [""Гамма-аминобутировая кислота""], ""url"": null, ""parse_warnings"": []}]","[{""component"": ""Гамма-аминомасляная кислота"", ""source_count"": 2, ""sources"": [""uteka"", ""asna""]}]",Гамма-аминомасляная кислота,Гамма-аминомасляная кислота,resolved_catalog,consensus,rx,unknown,False,False,,,unknown,unknown,Гамма-аминомасляная кислота,catalog_consensus,0,False,,ac0364189c80fe1f0cfa391f7fccc72c
26113,455,459,АМБРОКСОЛ ТАБЛ. 30МГ №20 КАНОНФАРМА | КАНОНФАРМА ПРОДАКШН ЗАО | КАНОНФАРМА ПРОДАКШН ЗАО,drug,Амброксол,otc,Миртазапин,rx,Дулоксетин,rx,,,,,"[{""source"": ""uteka"", ""raw_mnn"": ""Миртазапин"", ""field_type"": ""explicit_mnn"", ""canonical_components"": [""Миртазапин""], ""url"": null, ""parse_warnings"": []}, {""source"": ""asna"", ""raw_mnn"": ""Дулоксетин"", ""field_type"": ""explicit_mnn"", ""canonical_components"": [""Дулоксетин""], ""url"": null, ""parse_warnings"": []}]",[],,,unresolved_catalog,equal_conflict,rx,unknown,True,True,ok,Амброксол,otc,универсальный,Амброксол,enrichment,0,False,https://www.rlsnet.ru/drugs/ambroksol-159 | https://aptekamos.ru/tovary/lekarstva/ambroksol-37/ambroksol-tabletki-30mg-350/instrukciya | https://www.vidal.ru/drugs/ambroxol-4 | https://aptekamos.ru/tovary/lekarstva/ambroksol-37/ambroksol-rastvor-7-5mg-ml-100ml-83534/instrukciya | https://www.rlsnet.ru/drugs/ambroksol-159 | https://www.vidal.ru/drugs/ambroxol-4 | https://medum.ru/ambroksol | https://www.rlsnet.ru/drugs/ambroksol-159 | https://ambroksol.ru/instrukciya/ | https://aptekamos.ru/tovary/lekarstva/ambroksol-37/ambroksol-rastvor-30mg-5ml-200ml-108215/instrukciya | https://drugs.medelement.com/drug/%D0%B0%D0%BC%D0%B1%D1%80%D0%BE%D0%BA%D1%81%D0%BE%D0%BB-30%D0%BC%D0%B3-%D0%B8%D1%80%D0%B1%D0%B8%D1%82%D1%81%D0%BA%D0%B8%D0%B9-%D0%B8%D0%BD%D1%81%D1%82%D1%80%D1%83%D0%BA%D1%86%D0%B8%D1%8F/367485831695279278?instruction_lang=RU | https://aptekamos.ru/tovary/lekarstva/ambroksol-37/ambroksol-tabletki-30mg-350/instrukciya,1431677eb3a0470a2e0ff346004590bc
26115,455,459,АМБРОКСОЛ ТАБЛ. 30МГ №20 ВЕРТЕКС | ВЕРТЕКС АО | ВЕРТЕКС АО,drug,Амброксол,rx,Амлодипин + Валсартан,rx,Бисопролол,rx,,,Валсартан,rx,"[{""source"": ""uteka"", ""raw_mnn"": ""Амлодипин + Валсартан"", ""field_type"": ""explicit_mnn"", ""canonical_components"": [""Амлодипин"", ""Валсартан""], ""url"": null, ""parse_warnings"": []}, {""source"": ""asna"", ""raw_mnn"": ""Бисопролол"", ""field_type"": ""explicit_mnn"", ""canonical_components"": [""Бисопролол""], ""url"": null, ""parse_warnings"": []}, {""source"": ""vidal"", ""raw_mnn"": ""Валсартан"", ""field_type"": ""explicit_mnn"", ""canonical_components"": [""Валсартан""], ""url"": null, ""parse_warnings"": []}]","[{""component"": ""Валсартан"", ""source_count"": 2, ""sources"": [""uteka"", ""vidal""]}, {""component"": ""Амлодипин"", ""source_count"": 1, ""sources"": [""uteka""]}]","Валсартан, Амлодипин","Валсартан, Амлодипин",resolved_catalog,consensus,rx,unknown,False,False,,,unknown,unknown,"Валсартан, Амлодипин",catalog_consensus,0,False,,581caf652fb22937d4197b9b8c9480b1
26319,455,459,"АЛТАЙ ФИТОЧАЙ КИПРЕЯ ТРАВА Ф/П 1,5Г №20 | АЛТАЙСКИЙ КЕДР ООО | АЛТАЙСКИЙ КЕДР ООО",drug,,otc,,,,otc,,,,,"[{""source"": ""asna"", ""raw_mnn"": null, ""field_type"": ""unknown"", ""canonical_components"": [], ""url"": null, ""parse_warnings"": []}]",[],,,unresolved_catalog,empty,unknown,unknown,True,True,ok,,unknown,взрослые,,,0,True,https://medum.ru/fitochaj-altaj-kiprej-trava | https://medum.ru/fitochaj-altaj-kiprej-trava-filtrpakety-pachki | https://www.lsgeotar.ru/supplements/AARR | https://medum.ru/fitochaj-altaj-kiprej-trava | https://www.rlsnet.ru/baa/fitocai-altai-kiprei-trava-37693 | https://medum.ru/fitochaj-altaj-kiprej-trava-filtrpakety-pachki | https://kiberis.ru/?p=35848 | https://www.medsovet.info/herb/59593 | https://medum.ru/fitochaj-altaj-kiprej-trava | https://www.rlsnet.ru/baa/fitocai-altai-kiprei-trava-37693 | https://medum.ru/fitochaj-altaj-kiprej-trava-filtrpakety-pachki | https://kiberis.ru/?p=35848,9079e219a691c0022eb86342087a1e22
27128,456,459,АГОМЕЛАТИН ТАБЛ. П/ПЛЕН/ОБ. 25МГ №28 | ОЗОН ООО | ОЗОН ООО,drug,Агомелатин,rx,Агомелатин,rx,,,,,,,"[{""source"": ""uteka"", ""raw_mnn"": ""Агомелатин"", ""field_type"": ""explicit_mnn"", ""canonical_components"": [""Агомелатин""], ""url"": null, ""parse_warnings"": []}]",[],,,unresolved_catalog,single_source,unknown,unknown,True,True,ok,Агомелатин,rx,взрослые,Агомелатин,enrichment,0,False,https://www.vidal.ru/drugs/agomelatine | https://www.lsgeotar.ru/drugs/agomelatine-BAwU | https://www.lsgeotar.ru/drugs/agomelatine-ACYN | https://allmed.pro/ru/drugs/agomelatin | https://grls.rosminzdrav.ru/ | https://www.rlsnet.ru/drugs/agomelatin-38875 | https://www.vidal.ru/drugs/agomelatine | https://www.rlsnet.ru/drugs/agomelatin-38875 | https://aptekamos.ru/tovary/lekarstva/agomelatin-10689/agomelatin-tabletki-25mg-106642/instrukciya | https://medum.ru/agomelatin | https://medspravochnik.com/drugs/antidepressanty/agomelatin/ | https://medum.ru/agomelatine,c9dcbe0bfb0deccaddec7d2db7d2f484
