product_id,normalized_text,baseline_attr_mnn,input_explicit_mnn,input_explicit_mnn_confidence,identity_gate_status,previous_catalog_mnn,previous_enrichment_mnn,previous_enrichment_status,pass_action,new_enrichment_called,new_enrichment_status,retry_count,new_mnn_enriched,new_rx_otc_enriched,new_age_enriched,final_candidate_mnn,final_mnn_method,needs_human_review,evidence_urls,research_summary,raw_artifact_path,identity_enrichment_run_id
8,ХАЙЛЕФЛОКС 500мг N5 таб. покрытые пленочной оболочкой Хайгланс Лабораториз Пвт.Лтд. | Хайгланс лабораториз пвт. Лтд | Хайгланс лабораториз пвт. Лтд | N5,Левофлоксацин,,none,resolved_catalog,Левофлоксацин,,,skip_catalog,false,,0,,,,Левофлоксацин,catalog_consensus,false,,pass_action=skip_catalog; catalog_consensus_retained,redesign/artifacts/mnn_identity_enrichment_pass_searxng_raw.jsonl,461
10,"НАТРИЯ ХЛОРИД 0,9% 400мл N12 р-р д/инфузий Биосинтез | Биосинтез ПАО | Биосинтез ПАО | N12",Натрия хлорид,Натрия хлорид,high,resolved_enrichment,,Натрия хлорид,ok,reuse_existing_enrichment,false,,0,,,,Натрия хлорид,input_plus_enrichment,false,,pass_action=reuse_existing_enrichment; identity_gate_already_used_enrichment,redesign/artifacts/mnn_identity_enrichment_pass_searxng_raw.jsonl,461
28,МЕРИФАТИН МВ 750мг N60 таб. с пролонгированным высвобождением Фармасинтез-Тюмень ООО | Фармасинтез-Тюмень ООО | Фармасинтез-Тюмень ООО | N60,Мерифатин,,none,resolved_catalog,Метформин,,,skip_catalog,false,,0,,,,Метформин,catalog_consensus,false,,pass_action=skip_catalog; catalog_consensus_retained,redesign/artifacts/mnn_identity_enrichment_pass_searxng_raw.jsonl,461
54,ГЕПАРИН 5000ЕД/мл 5мл N5 р-р для в/в и п/к введения Армавирская биологическая фабрика фгуп | Армавирская биологическая фабрика фгуп | Армавирская биологическая фабрика фгуп | N5,Гепарин натрия,,none,resolved_enrichment,,Гепарин натрия,ok,reuse_existing_enrichment,false,,0,,,,Гепарин натрия,enrichment,false,,pass_action=reuse_existing_enrichment; identity_gate_already_used_enrichment,redesign/artifacts/mnn_identity_enrichment_pass_searxng_raw.jsonl,461
60,ДИКЛОФЕНАК 25мг/мл 3мл N10 р-р для в/м введения Дальхимфарм ОАО | Дальхимфарм ОАО | Дальхимфарм ОАО | N10,Диклофенак,,none,resolved_enrichment,,Диклофенак,ok,reuse_existing_enrichment,false,,0,,,,Диклофенак,enrichment,false,,pass_action=reuse_existing_enrichment; identity_gate_already_used_enrichment,redesign/artifacts/mnn_identity_enrichment_pass_searxng_raw.jsonl,461
68,ЭПЛЕРЕНОН-ТЕВА 25мг N30 таб. покрытые пленочной оболочкой Тева фармасьютикал воркс прайвэт Лимитед Компани | Тева фармасьютикал воркс прайвэт Лимитед Компани | Тева фармасьютикал воркс прайвэт Лимитед Компани | N30,Эплеренон,,none,resolved_catalog,Эплеренон,,,skip_catalog,false,,0,,,,Эплеренон,catalog_consensus,false,,pass_action=skip_catalog; catalog_consensus_retained,redesign/artifacts/mnn_identity_enrichment_pass_searxng_raw.jsonl,461
70,РОЗУВАСТАТИН-ТЕВА 20мг N90 таб. покрытые пленочной оболочкой Р-Фарм Новосёлки | Р-Фарм новосёлки ООО | Р-Фарм новосёлки ООО | N90,Розувастатин,Розувастатин,high,resolved_input_explicit,,,,skip_strong_input_mnn,false,,0,,,,Розувастатин,input_explicit_mnn,false,,pass_action=skip_strong_input_mnn; strong_input_explicit_accepted,redesign/artifacts/mnn_identity_enrichment_pass_searxng_raw.jsonl,461
86,ТАДАЛАФИЛ-АЛИУМ 20мг N8 таб. покрытые пленочной оболочкой Алиум АО | Алиум АО | Алиум АО | N8,Тадалафил,,none,resolved_enrichment,,Тадалафил,ok,reuse_existing_enrichment,false,,0,,,,Тадалафил,enrichment,false,,pass_action=reuse_existing_enrichment; identity_gate_already_used_enrichment,redesign/artifacts/mnn_identity_enrichment_pass_searxng_raw.jsonl,461
354,"ЭХИНАЦЕИ ПУРПУРНОЙ ТРАВА 1,5Г Ф/П №20 ИВАН ЧАЙ | ИВАН-ЧАЙ ЗАО | ИВАН-ЧАЙ ЗАО",,,none,resolved_enrichment,,Эхинацеи пурпурной трава,ok,reuse_existing_enrichment,false,,0,,,,Эхинацеи пурпурной трава,enrichment,false,,pass_action=reuse_existing_enrichment; identity_gate_already_used_enrichment,redesign/artifacts/mnn_identity_enrichment_pass_searxng_raw.jsonl,461
777,ЭНАЛАПРИЛ АЛЬФАКТИВ ТАБЛ. 20МГ №20 | ОЗОН ФАРМ ООО | ОЗОН ФАРМ ООО,Эналаприл,Эналаприл,high,resolved_input_explicit,,,,skip_strong_input_mnn,false,,0,,,,Эналаприл,input_explicit_mnn,false,,pass_action=skip_strong_input_mnn; strong_input_explicit_accepted,redesign/artifacts/mnn_identity_enrichment_pass_searxng_raw.jsonl,461
1217,"ЭВКАЛИПТА ПРУТОВИДНОГО ЛИСТЬЯ Ф/П 1,5Г №20 ЗДОРОВЬЕ | ЗДОРОВЬЕ ФИРМА ООО | ЗДОРОВЬЕ ФИРМА ООО",Эвкалипта прутовидного листьев,,none,resolved_enrichment,,Эвкалипта прутовидного листья,ok,reuse_existing_enrichment,false,,0,,,,Эвкалипта прутовидного листья,enrichment,false,,pass_action=reuse_existing_enrichment; identity_gate_already_used_enrichment,redesign/artifacts/mnn_identity_enrichment_pass_searxng_raw.jsonl,461
1638,ЧЕРЕДЫ ТРАВА 50Г ЗДОРОВЬЕ | ЗДОРОВЬЕ ФИРМА ООО | ЗДОРОВЬЕ ФИРМА ООО,,,none,resolved_enrichment,,Череды трехраздельной трава,ok,reuse_existing_enrichment,false,,0,,,,Череды трехраздельной трава,enrichment,false,,pass_action=reuse_existing_enrichment; identity_gate_already_used_enrichment,redesign/artifacts/mnn_identity_enrichment_pass_searxng_raw.jsonl,461
1668,"ЧАБРЕЦА ТРАВА Ф/П 1,5Г №20 ЗДОРОВЬЕ | Здоровье фирма ЗАО | Здоровье фирма ЗАО",,,none,resolved_enrichment,,Тимьяна ползучего трава,ok,reuse_existing_enrichment,false,,0,,,,Тимьяна ползучего трава,enrichment,false,,pass_action=reuse_existing_enrichment; identity_gate_already_used_enrichment,redesign/artifacts/mnn_identity_enrichment_pass_searxng_raw.jsonl,461
2621,ФУРАЦИЛИН ТАБЛ. Д/Р-РА Д/МЕСТН. И НАРУЖ. ПРИМ. 20МГ №20 ТАТХИМФАРМПРЕПАРАТЫ | ТАТХИМФАРМПРЕПАРАТЫ АО | ТАТХИМФАРМПРЕПАРАТЫ АО,Нитрофурал,,none,resolved_enrichment,,Нитрофурал,ok,reuse_existing_enrichment,false,,0,,,,Нитрофурал,enrichment,false,,pass_action=reuse_existing_enrichment; identity_gate_already_used_enrichment,redesign/artifacts/mnn_identity_enrichment_pass_searxng_raw.jsonl,461
3065,ФЛУКОНАЗОЛ-OBL КАПС. 150МГ №4 | ОБОЛЕНСКОЕ ФП АО | ОБОЛЕНСКОЕ ФП АО,Флуконазол,,none,resolved_catalog,Флуконазол,,,skip_catalog,false,,0,,,,Флуконазол,catalog_consensus,false,,pass_action=skip_catalog; catalog_consensus_retained,redesign/artifacts/mnn_identity_enrichment_pass_searxng_raw.jsonl,461
4570,ТОРАСЕМИД ТАБЛ. 5МГ №60 ПРАНАФАРМ | ПРАНАФАРМ ООО | ПРАНАФАРМ ООО,Торасемид,Торасемид,high,resolved_enrichment,,Торасемид,ok,reuse_existing_enrichment,false,,0,,,,Торасемид,input_plus_enrichment,false,,pass_action=reuse_existing_enrichment; identity_gate_already_used_enrichment,redesign/artifacts/mnn_identity_enrichment_pass_searxng_raw.jsonl,461
4593,ТОРАСЕМИД ТАБЛ. 10МГ №20 ОЗОН | ОЗОН ООО | ОЗОН ООО,Торасемид,Торасемид,high,resolved_input_explicit,,,,skip_strong_input_mnn,false,,0,,,,Торасемид,input_explicit_mnn,false,,pass_action=skip_strong_input_mnn; strong_input_explicit_accepted,redesign/artifacts/mnn_identity_enrichment_pass_searxng_raw.jsonl,461
4602,ТОРАСЕМИД МЕДИСОРБ ТАБЛ. 5МГ №20 | Медисорб АО | Медисорб АО,Торасемид,Торасемид,high,resolved_enrichment,,Торасемид,ok,reuse_existing_enrichment,false,,0,,,,Торасемид,input_plus_enrichment,false,,pass_action=reuse_existing_enrichment; identity_gate_already_used_enrichment,redesign/artifacts/mnn_identity_enrichment_pass_searxng_raw.jsonl,461
4684,ТОЛПЕРИЗОН ТАБЛ. П/ПЛЕН/ОБ. 150МГ №30 ОЗОН | ОЗОН ООО | ОЗОН ООО,Толперизон,Толперизон,high,resolved_input_explicit,,,,skip_strong_input_mnn,false,,0,,,,Толперизон,input_explicit_mnn,false,,pass_action=skip_strong_input_mnn; strong_input_explicit_accepted,redesign/artifacts/mnn_identity_enrichment_pass_searxng_raw.jsonl,461
5267,ТАМОКСИФЕН ТАБЛ. 20МГ №30 ОЗОН | ОЗОН ООО | ОЗОН ООО,Тамоксифен,Тамоксифен,high,resolved_enrichment,,Тамоксифен,ok,reuse_existing_enrichment,false,,0,,,,Тамоксифен,input_plus_enrichment,false,,pass_action=reuse_existing_enrichment; identity_gate_already_used_enrichment,redesign/artifacts/mnn_identity_enrichment_pass_searxng_raw.jsonl,461
5287,"ТАДАЛАФИЛ-ТЕВА ТАБЛ. П/ПЛЕН/ОБ. 20МГ №8 | ТЕВА ФАРМА, С.Л.У. | ТЕВА ФАРМА, С.Л.У.",Тадалафил,,none,resolved_enrichment,,Тадалафил,ok,reuse_existing_enrichment,false,,0,,,,Тадалафил,enrichment,false,,pass_action=reuse_existing_enrichment; identity_gate_already_used_enrichment,redesign/artifacts/mnn_identity_enrichment_pass_searxng_raw.jsonl,461
5729,СТОМАТОФИТ ФРЕШ ОПОЛАСКИВАТЕЛЬ ДЛЯ ПОЛОСТИ РТА ФЛ. 250МЛ | Фитофарм кленка АО | Фитофарм кленка АО,,,none,resolved_enrichment,,"Ромашки Аптечной Цветки, Дуба Кора, Шалфея Лекарственного Листья, Арники Трава, Аира Обыкновенного Корневища, Мяты Перечной Трава, Тимьяна Трава",ok,reuse_existing_enrichment,false,,0,,,,"Ромашки Аптечной Цветки, Дуба Кора, Шалфея Лекарственного Листья, Арники Трава, Аира Обыкновенного Корневища, Мяты Перечной Трава, Тимьяна Трава",enrichment,false,,pass_action=reuse_existing_enrichment; identity_gate_already_used_enrichment,redesign/artifacts/mnn_identity_enrichment_pass_searxng_raw.jsonl,461
6593,СИНДРАНОЛ ТАБЛ. ПРОЛОНГ. П/ПЛЕН/ОБ. 8МГ №28 | ЭГИС ФАРМАЦЕВТИЧЕСКИЙ ЗАВОД АО/ФАРМАТЕН ИНТЕРНЕШНЛ С.А. | ЭГИС ФАРМАЦЕВТИЧЕСКИЙ ЗАВОД АО/ФАРМАТЕН ИНТЕРНЕШНЛ С.А.,,,none,resolved_enrichment,,Ропинирол,ok,reuse_existing_enrichment,false,,0,,,,Ропинирол,enrichment,false,,pass_action=reuse_existing_enrichment; identity_gate_already_used_enrichment,redesign/artifacts/mnn_identity_enrichment_pass_searxng_raw.jsonl,461
7625,РОСИНСУЛИН С МЕДСИНТЕЗ СУСП. ДЛЯ П/К ВВЕД. 100МЕ/МЛ КАРТРИДЖ 3МЛ №5 | ЗАВОД МЕДСИНТЕЗ ООО | ЗАВОД МЕДСИНТЕЗ ООО,Инсулин человеческий,,none,resolved_enrichment,,Инсулин человеческий,ok,reuse_existing_enrichment,false,,0,,,,Инсулин человеческий,enrichment,false,,pass_action=reuse_existing_enrichment; identity_gate_already_used_enrichment,redesign/artifacts/mnn_identity_enrichment_pass_searxng_raw.jsonl,461
7651,РОМАШКИ АПТЕЧНОЙ ЦВЕТКИ 50Г ХЕРБЕС | ХЕРБЕС ООО | ХЕРБЕС ООО,,,none,resolved_enrichment,,Ромашки аптечной цветки,ok,reuse_existing_enrichment,false,,0,,,,Ромашки аптечной цветки,enrichment,false,,pass_action=reuse_existing_enrichment; identity_gate_already_used_enrichment,redesign/artifacts/mnn_identity_enrichment_pass_searxng_raw.jsonl,461
7803,РОЗУВАСТАТИН-ТАД ТАБЛ. П/ПЛЕН/ОБ. 20МГ №30 | Крка-Рус ООО | Крка-Рус ООО,Розувастатин,Розувастатин,high,resolved_input_explicit,,,,skip_strong_input_mnn,false,,0,,,,Розувастатин,input_explicit_mnn,false,,pass_action=skip_strong_input_mnn; strong_input_explicit_accepted,redesign/artifacts/mnn_identity_enrichment_pass_searxng_raw.jsonl,461
7807,РОЗУВАСТАТИН ТАБЛ. П/ПЛЕН/ОБ. 5МГ №30 ПРАНАФАРМ | ПРАНАФАРМ ООО | ПРАНАФАРМ ООО,Розувастатин,Розувастатин,high,resolved_enrichment,,Розувастатин,ok,reuse_existing_enrichment,false,,0,,,,Розувастатин,input_plus_enrichment,false,,pass_action=reuse_existing_enrichment; identity_gate_already_used_enrichment,redesign/artifacts/mnn_identity_enrichment_pass_searxng_raw.jsonl,461
7816,РОЗУВАСТАТИН ТАБЛ. П/ПЛЕН/ОБ. 20МГ №90 ОЗОН | ОЗОН ООО | ОЗОН ООО,Розувастатин,Розувастатин,high,resolved_enrichment,,Розувастатин,ok,reuse_existing_enrichment,false,,0,,,,Розувастатин,input_plus_enrichment,false,,pass_action=reuse_existing_enrichment; identity_gate_already_used_enrichment,redesign/artifacts/mnn_identity_enrichment_pass_searxng_raw.jsonl,461
7858,РОЗУВАСТАТИН РЕНЕВАЛ ТАБЛ. П/ПЛЕН/ОБ. 10МГ №30 | ОБНОВЛЕНИЕ ПФК АО | ОБНОВЛЕНИЕ ПФК АО,Розувастатин,Розувастатин,high,resolved_enrichment,,Розувастатин,ok,reuse_existing_enrichment,false,,0,,,,Розувастатин,input_plus_enrichment,false,,pass_action=reuse_existing_enrichment; identity_gate_already_used_enrichment,redesign/artifacts/mnn_identity_enrichment_pass_searxng_raw.jsonl,461
8055,РИМАСОПТ ВМ КАПЛИ ГЛАЗНЫЕ 2МГ/МЛ+5МГ/МЛ ФЛ. 5МЛ №1 | Уорлд медицин илач сан. ве тидж. Аш | Уорлд медицин илач сан. ве тидж. Аш,,,none,resolved_enrichment,,"Бримонидин, Тимолол",ok,reuse_existing_enrichment,false,,0,,,,"Бримонидин, Тимолол",enrichment,false,,pass_action=reuse_existing_enrichment; identity_gate_already_used_enrichment,redesign/artifacts/mnn_identity_enrichment_pass_searxng_raw.jsonl,461
8566,РАБИЕТ КАПС. КИШ/РАСТ. 20МГ №14 АЛИУМ | АЛИУМ АО | АЛИУМ АО,,,none,resolved_enrichment,,Рабепразол,ok,reuse_existing_enrichment,false,,0,,,,Рабепразол,enrichment,false,,pass_action=reuse_existing_enrichment; identity_gate_already_used_enrichment,redesign/artifacts/mnn_identity_enrichment_pass_searxng_raw.jsonl,461
9096,"ПРЕДНИЗОЛОН МАЗЬ Д/НАРУЖ. ПРИМ. 0,5% ТУБА 15Г БИОСИНТЕЗ | БИОСИНТЕЗ ПАО | БИОСИНТЕЗ ПАО",Преднизолон,Преднизолон,high,resolved_enrichment,,Преднизолон,ok,reuse_existing_enrichment,false,,0,,,,Преднизолон,input_plus_enrichment,false,,pass_action=reuse_existing_enrichment; identity_gate_already_used_enrichment,redesign/artifacts/mnn_identity_enrichment_pass_searxng_raw.jsonl,461
9301,ПОЛЫНИ ГОРЬКОЙ ТРАВА 50Г ФИТОФАРМ | ФИТОФАРМ ООО | ФИТОФАРМ ООО,Полыни горькой трава,,none,resolved_enrichment,,Полыни горькой трава,ok,reuse_existing_enrichment,false,,0,,,,Полыни горькой трава,enrichment,false,,pass_action=reuse_existing_enrichment; identity_gate_already_used_enrichment,redesign/artifacts/mnn_identity_enrichment_pass_searxng_raw.jsonl,461
9306,ПОЛИФЕПАН ПОР. Д/ПРИЕМА ВНУТРЬ ПАК. 10Г №10 | ВОСТОК ООО | ВОСТОК ООО,,,none,resolved_enrichment,,Лигнин гидролизный,ok,reuse_existing_enrichment,false,,0,,,,Лигнин гидролизный,enrichment,false,,pass_action=reuse_existing_enrichment; identity_gate_already_used_enrichment,redesign/artifacts/mnn_identity_enrichment_pass_searxng_raw.jsonl,461
9511,ПИОНА НАСТОЙКА РЕНЕВАЛ ФЛ. 25МЛ | ОБНОВЛЕНИЕ ПФК АО | ОБНОВЛЕНИЕ ПФК АО,,,none,resolved_enrichment,,"Пиона уклоняющегося травы, корневищ и корней настойка",ok,reuse_existing_enrichment,false,,0,,,,"Пиона уклоняющегося травы, корневищ и корней настойка",enrichment,false,,pass_action=reuse_existing_enrichment; identity_gate_already_used_enrichment,redesign/artifacts/mnn_identity_enrichment_pass_searxng_raw.jsonl,461
9993,ПАРАЦЕТАМОЛ ТАБЛ. 500МГ №10 ОЗОН | ОЗОН ООО | ОЗОН ООО,Парацетамол,Парацетамол,high,resolved_enrichment,,Парацетамол,ok,reuse_existing_enrichment,false,,0,,,,Парацетамол,input_plus_enrichment,false,,pass_action=reuse_existing_enrichment; identity_gate_already_used_enrichment,redesign/artifacts/mnn_identity_enrichment_pass_searxng_raw.jsonl,461
9996,ПАРАЦЕТАМОЛ СУСП. Д/ПРИЕМА ВНУТРЬ ДЛЯ ДЕТЕЙ 120МГ/5МЛ ФЛ. 100МЛ СИНТЕЗ | СИНТЕЗ | СИНТЕЗ,Парацетамол,Парацетамол,high,resolved_enrichment,,Парацетамол,ok,reuse_existing_enrichment,false,,0,,,,Парацетамол,input_plus_enrichment,false,,pass_action=reuse_existing_enrichment; identity_gate_already_used_enrichment,redesign/artifacts/mnn_identity_enrichment_pass_searxng_raw.jsonl,461
10005,ПАРАЦЕТАМОЛ РЕНЕВАЛ ТАБЛ. 500МГ №20 | ОБНОВЛЕНИЕ ПФК АО | ОБНОВЛЕНИЕ ПФК АО,Парацетамол,Парацетамол,high,resolved_enrichment,,Парацетамол,ok,reuse_existing_enrichment,false,,0,,,,Парацетамол,input_plus_enrichment,false,,pass_action=reuse_existing_enrichment; identity_gate_already_used_enrichment,redesign/artifacts/mnn_identity_enrichment_pass_searxng_raw.jsonl,461
10009,ПАРАЦЕТАМОЛ ДЕТСКИЙ СУСП. Д/ПРИЕМА ВНУТРЬ МАЛИНА 120МГ/5МЛ ФЛ. 100Г ФАРМСТАНДАРТ | ФАРМСТАНДАРТ-ЛЕКСРЕДСТВА ОАО | ФАРМСТАНДАРТ-ЛЕКСРЕДСТВА ОАО,Парацетамол,Парацетамол,high,resolved_enrichment,,Парацетамол,ok,reuse_existing_enrichment,false,,0,,,,Парацетамол,input_plus_enrichment,false,,pass_action=reuse_existing_enrichment; identity_gate_already_used_enrichment,redesign/artifacts/mnn_identity_enrichment_pass_searxng_raw.jsonl,461
10097,ПАНТОКАЛЬЦИН ТАБЛ. 500МГ №50 | ВАЛЕНТА ФАРМ АО | ВАЛЕНТА ФАРМ АО,,,none,resolved_enrichment,,Гопантеновая кислота,ok,reuse_existing_enrichment,false,,0,,,,Гопантеновая кислота,enrichment,false,,pass_action=reuse_existing_enrichment; identity_gate_already_used_enrichment,redesign/artifacts/mnn_identity_enrichment_pass_searxng_raw.jsonl,461
10536,ОМЕПРАЗОЛ-ОBL КАПС. КИШ/РАСТ. 20МГ №28 | ОБОЛЕНСКОЕ ФП АО | ОБОЛЕНСКОЕ ФП АО,Омепразол,Омепразол,high,resolved_input_explicit,,,,skip_strong_input_mnn,false,,0,,,,Омепразол,input_explicit_mnn,false,,pass_action=skip_strong_input_mnn; strong_input_explicit_accepted,redesign/artifacts/mnn_identity_enrichment_pass_searxng_raw.jsonl,461
12495,МУКОСАТ МАЗЬ Д/НАРУЖ. ПРИМ. 5% ТУБА 30Г | ЗЕЛЕНАЯ ДУБРАВА ЗАО | ЗЕЛЕНАЯ ДУБРАВА ЗАО,,,none,resolved_enrichment,,Хондроитина Сульфат Натрия,ok,reuse_existing_enrichment,false,,0,,,,Хондроитина Сульфат Натрия,enrichment,false,,pass_action=reuse_existing_enrichment; identity_gate_already_used_enrichment,redesign/artifacts/mnn_identity_enrichment_pass_searxng_raw.jsonl,461
13533,МЕЛЬДОНИЙ КАПС. 500МГ №60 ФАРМСТАНДАРТ | ФАРМСТАНДАРТ-ЛЕКСРЕДСТВА ОАО | ФАРМСТАНДАРТ-ЛЕКСРЕДСТВА ОАО,Мельдоний,Мельдоний,high,resolved_enrichment,,Мельдоний,ok,reuse_existing_enrichment,false,,0,,,,Мельдоний,input_plus_enrichment,false,,pass_action=reuse_existing_enrichment; identity_gate_already_used_enrichment,redesign/artifacts/mnn_identity_enrichment_pass_searxng_raw.jsonl,461
13616,"МЕЛИССЫ ЛЕКАРСТВЕННОЙ ТРАВА Ф/П 1,5Г №20 ЗДОРОВЬЕ | ЗДОРОВЬЕ ФИРМА ООО | ЗДОРОВЬЕ ФИРМА ООО",Мелиссы лекарственной трава,,none,resolved_enrichment,,Melissae officinalis herba,ok,reuse_existing_enrichment,false,,0,,,,Melissae officinalis herba,enrichment,false,,pass_action=reuse_existing_enrichment; identity_gate_already_used_enrichment,redesign/artifacts/mnn_identity_enrichment_pass_searxng_raw.jsonl,461
15062,ЛИЗИНОПРИЛ-ТЕВА ТАБЛ. 10МГ №30 Р-ФАРМ | Р-ФАРМ НОВОСЕЛКИ ООО | Р-ФАРМ НОВОСЕЛКИ ООО,Лизиноприл,Лизиноприл,high,resolved_input_explicit,,,,skip_strong_input_mnn,false,,0,,,,Лизиноприл,input_explicit_mnn,false,,pass_action=skip_strong_input_mnn; strong_input_explicit_accepted,redesign/artifacts/mnn_identity_enrichment_pass_searxng_raw.jsonl,461
15070,ЛИЗИНОПРИЛ ТАБЛ. 5МГ №30 БИОХИМИК | БИОХИМИК АО | БИОХИМИК АО,Лизиноприл,Лизиноприл,high,resolved_enrichment,,Лизиноприл,ok,reuse_existing_enrichment,false,,0,,,,Лизиноприл,input_plus_enrichment,false,,pass_action=reuse_existing_enrichment; identity_gate_already_used_enrichment,redesign/artifacts/mnn_identity_enrichment_pass_searxng_raw.jsonl,461
15076,ЛИЗИНОПРИЛ ТАБЛ. 20МГ №20 ПРАНАФАРМ | ПРАНАФАРМ ООО | ПРАНАФАРМ ООО,Лизиноприл,Лизиноприл,high,resolved_enrichment,,Лизиноприл,ok,reuse_existing_enrichment,false,,0,,,,Лизиноприл,input_plus_enrichment,false,,pass_action=reuse_existing_enrichment; identity_gate_already_used_enrichment,redesign/artifacts/mnn_identity_enrichment_pass_searxng_raw.jsonl,461
15150,ЛИДОКАИН БУФУС Р-Р Д/ИН. 100МГ/МЛ АМП. 2МЛ №10 ОБНОВЛЕНИЕ | ОБНОВЛЕНИЕ ПФК АО | ОБНОВЛЕНИЕ ПФК АО,Лидокаин,Лидокаин,high,resolved_input_explicit,,,,skip_strong_input_mnn,false,,0,,,,Лидокаин,input_explicit_mnn,false,,pass_action=skip_strong_input_mnn; strong_input_explicit_accepted,redesign/artifacts/mnn_identity_enrichment_pass_searxng_raw.jsonl,461
16485,КРУШИНЫ КОРА Ф/П 2Г №20 ФИТО-БОТ | ФИТО-БОТ ФИРМА ООО | ФИТО-БОТ ФИРМА ООО,,,none,resolved_enrichment,,Крушины ольховидной кора,ok,reuse_existing_enrichment,false,,0,,,,Крушины ольховидной кора,enrichment,false,,pass_action=reuse_existing_enrichment; identity_gate_already_used_enrichment,redesign/artifacts/mnn_identity_enrichment_pass_searxng_raw.jsonl,461
17516,КЛАРИТРОМИЦИН-OBL ТАБЛ. П/ПЛЕН/ОБ. 500МГ №7 АЛИУМ | АЛИУМ АО | АЛИУМ АО,Кларитромицин,,none,resolved_enrichment,,Кларитромицин,ok,reuse_existing_enrichment,false,,0,,,,Кларитромицин,enrichment,false,,pass_action=reuse_existing_enrichment; identity_gate_already_used_enrichment,redesign/artifacts/mnn_identity_enrichment_pass_searxng_raw.jsonl,461
18125,КАНДЕСАРТАН ТАБЛ. 16МГ №28 БЕРЕЗОВСКИЙ ФЗ | БЕРЕЗОВСКИЙ ФЗ | БЕРЕЗОВСКИЙ ФЗ,Кандесартан,,none,resolved_enrichment,,Кандесартан,ok,reuse_existing_enrichment,false,,0,,,,Кандесартан,enrichment,false,,pass_action=reuse_existing_enrichment; identity_gate_already_used_enrichment,redesign/artifacts/mnn_identity_enrichment_pass_searxng_raw.jsonl,461
18306,КАЛЕНДУЛЫ НАСТОЙКА ФЛ. 25МЛ ИВАНОВСКАЯ ФФ | ИВАНОВСКАЯ ФФ | ИВАНОВСКАЯ ФФ,Календулы лекарственной цветков настойка,,none,resolved_enrichment,,Календулы лекарственной цветков настойка,ok,reuse_existing_enrichment,false,,0,,,,Календулы лекарственной цветков настойка,enrichment,false,,pass_action=reuse_existing_enrichment; identity_gate_already_used_enrichment,redesign/artifacts/mnn_identity_enrichment_pass_searxng_raw.jsonl,461
18377,ЙОД Р-Р Д/НАРУЖ. ПРИМ. СПИРТ. 5% ФЛ. 25МЛ ГИППОКРАТ | ГИППОКРАТ | ГИППОКРАТ,Йод,,none,resolved_enrichment,,Йод,ok,reuse_existing_enrichment,false,,0,,,,Йод,enrichment,false,,pass_action=reuse_existing_enrichment; identity_gate_already_used_enrichment,redesign/artifacts/mnn_identity_enrichment_pass_searxng_raw.jsonl,461
18418,ЙОВИДОКС МАЗЬ Д/НАРУЖ. ПРИМ. 10% ТУБА 20Г | Тульская фармацевтическая фабрика ООО | Тульская фармацевтическая фабрика ООО,,,none,resolved_enrichment,,Повидон-йод,ok,reuse_existing_enrichment,false,,0,,,,Повидон-йод,enrichment,false,,pass_action=reuse_existing_enrichment; identity_gate_already_used_enrichment,redesign/artifacts/mnn_identity_enrichment_pass_searxng_raw.jsonl,461
18473,ИТОПРИД ВЕЛФАРМ ТАБЛ. П/ПЛЕН/ОБ. 50МГ №40 | ВЕЛФАРМ ООО | ВЕЛФАРМ ООО,Итоприд,,none,resolved_enrichment,,Итоприд,ok,reuse_existing_enrichment,false,,0,,,,Итоприд,enrichment,false,,pass_action=reuse_existing_enrichment; identity_gate_already_used_enrichment,redesign/artifacts/mnn_identity_enrichment_pass_searxng_raw.jsonl,461
18925,ИБУПРОФЕН ВЕЛФАРМ ТАБЛ. П/ПЛЕН/ОБ. 400МГ №30 УРАЛБИОФАРМ | УРАЛБИОФАРМ ОАО | УРАЛБИОФАРМ ОАО,Ибупрофен,Ибупрофен,high,resolved_enrichment,,Ибупрофен,ok,reuse_existing_enrichment,false,,0,,,,Ибупрофен,input_plus_enrichment,false,,pass_action=reuse_existing_enrichment; identity_gate_already_used_enrichment,redesign/artifacts/mnn_identity_enrichment_pass_searxng_raw.jsonl,461
20027,ДОКСАЗОЗИН ТАБЛ. 2МГ №30 ОЗОН | ОЗОН ООО | ОЗОН ООО,Доксазозин,,none,resolved_enrichment,,Доксазозин,ok,reuse_existing_enrichment,false,,0,,,,Доксазозин,enrichment,false,,pass_action=reuse_existing_enrichment; identity_gate_already_used_enrichment,redesign/artifacts/mnn_identity_enrichment_pass_searxng_raw.jsonl,461
20122,ДИОСМИН ТАБЛ. П/ПЛЕН/ОБ. 600МГ №60 ОЗОН | ОЗОН ООО | ОЗОН ООО,Диосмин,Диосмин,high,resolved_input_explicit,,,,skip_strong_input_mnn,false,,0,,,,Диосмин,input_explicit_mnn,false,,pass_action=skip_strong_input_mnn; strong_input_explicit_accepted,redesign/artifacts/mnn_identity_enrichment_pass_searxng_raw.jsonl,461
20606,ДЕКСАМЕТАЗОН Р-Р Д/ИН. 4МГ/МЛ АМП. 1МЛ №10 ЭСКОМ | ЭСКОМ НПК | ЭСКОМ НПК,Дексаметазон,Дексаметазон,high,resolved_enrichment,,Дексаметазон,ok,reuse_existing_enrichment,false,,0,,,,Дексаметазон,input_plus_enrichment,false,,pass_action=reuse_existing_enrichment; identity_gate_already_used_enrichment,redesign/artifacts/mnn_identity_enrichment_pass_searxng_raw.jsonl,461
20614,"ДЕКСАМЕТАЗОН-КРКА ТАБЛ. 4МГ №20 | КРКА Д.Д., НОВО МЕСТО АО/КРКА-РУС ООО | КРКА Д.Д., НОВО МЕСТО АО/КРКА-РУС ООО",Дексаметазон,Дексаметазон,high,resolved_input_explicit,,,,skip_strong_input_mnn,false,,0,,,,Дексаметазон,input_explicit_mnn,false,,pass_action=skip_strong_input_mnn; strong_input_explicit_accepted,redesign/artifacts/mnn_identity_enrichment_pass_searxng_raw.jsonl,461
21010,ГЛИЦИН ФОРТЕ ТАБЛ. ЗАЩЕЧН. И П/ЯЗЫЧН. 250МГ №20 ОЗОН | ОЗОН ООО | ОЗОН ООО,Глицин,Глицин,high,resolved_input_explicit,,,,skip_strong_input_mnn,false,,0,,,,Глицин,input_explicit_mnn,false,,pass_action=skip_strong_input_mnn; strong_input_explicit_accepted,redesign/artifacts/mnn_identity_enrichment_pass_searxng_raw.jsonl,461
21018,ГЛИЦИН ТАБЛ. П/ЯЗЫЧН. 100МГ №50 ОЗОН ФАРМ | ОЗОН ФАРМ ООО | ОЗОН ФАРМ ООО,Глицин,Глицин,high,resolved_enrichment,,Глицин,ok,reuse_existing_enrichment,false,,0,,,,Глицин,input_plus_enrichment,false,,pass_action=reuse_existing_enrichment; identity_gate_already_used_enrichment,redesign/artifacts/mnn_identity_enrichment_pass_searxng_raw.jsonl,461
21019,ГЛИЦИН ТАБЛ. П/ЯЗЫЧН. 100МГ №50 ОЗОН | ОЗОН ООО | ОЗОН ООО,Глицин,Глицин,high,resolved_enrichment,,Глицин,ok,reuse_existing_enrichment,false,,0,,,,Глицин,input_plus_enrichment,false,,pass_action=reuse_existing_enrichment; identity_gate_already_used_enrichment,redesign/artifacts/mnn_identity_enrichment_pass_searxng_raw.jsonl,461
21137,ГЛИБЕНКЛАМИД ТАБЛ. 5МГ №120 ОЗОН ФАРМ | ОЗОН ФАРМ ООО | ОЗОН ФАРМ ООО,Глибенкламид,,none,resolved_enrichment,,Глибенкламид,ok,reuse_existing_enrichment,false,,0,,,,Глибенкламид,enrichment,false,,pass_action=reuse_existing_enrichment; identity_gate_already_used_enrichment,redesign/artifacts/mnn_identity_enrichment_pass_searxng_raw.jsonl,461
24080,БЕТАГИСТИН ТАБЛ. 8МГ №30 ОЗОН | ОЗОН ООО/ОЗОН ФАРМ ООО | ОЗОН ООО/ОЗОН ФАРМ ООО,Бетагистин,,none,resolved_enrichment,,Бетагистин,ok,reuse_existing_enrichment,false,,0,,,,Бетагистин,enrichment,false,,pass_action=reuse_existing_enrichment; identity_gate_already_used_enrichment,redesign/artifacts/mnn_identity_enrichment_pass_searxng_raw.jsonl,461
24095,БЕТАГИСТИН ТАБЛ. 16МГ №30 ОЗОН | ОЗОН ООО | ОЗОН ООО,Бетагистин,,none,resolved_enrichment,,Бетагистин,ok,reuse_existing_enrichment,false,,0,,,,Бетагистин,enrichment,false,,pass_action=reuse_existing_enrichment; identity_gate_already_used_enrichment,redesign/artifacts/mnn_identity_enrichment_pass_searxng_raw.jsonl,461
24098,БЕТАГИСТИН СОЛОФАРМ ТАБЛ. 16МГ №30 | ГРОТЕКС ООО | ГРОТЕКС ООО,Бетагистин,,none,resolved_enrichment,,Бетагистин,ok,reuse_existing_enrichment,false,,0,,,,Бетагистин,enrichment,false,,pass_action=reuse_existing_enrichment; identity_gate_already_used_enrichment,redesign/artifacts/mnn_identity_enrichment_pass_searxng_raw.jsonl,461
24682,АЦИКЛОВИР ТАБЛ. 200МГ №20 АВЕКСИМА | ИРБИТСКИЙ ХИМЗАВОД ОАО | ИРБИТСКИЙ ХИМЗАВОД ОАО,Ацикловир,Ацикловир,high,resolved_enrichment,,Ацикловир,ok,reuse_existing_enrichment,false,,0,,,,Ацикловир,input_plus_enrichment,false,,pass_action=reuse_existing_enrichment; identity_gate_already_used_enrichment,redesign/artifacts/mnn_identity_enrichment_pass_searxng_raw.jsonl,461
24750,АЦЕТИЛСАЛИЦИЛОВАЯ КИСЛОТА ПЛЮС РЕНЕВАЛ ТАБЛ. 500МГ+25МГ №20 | ОБНОВЛЕНИЕ ПФК АО | ОБНОВЛЕНИЕ ПФК АО,Ацетилсалициловая кислота + Аскорбиновая кислота,,none,resolved_enrichment,,"Ацетилсалициловая кислота, Аскорбиновая кислота",ok,reuse_existing_enrichment,false,,0,,,,"Ацетилсалициловая кислота, Аскорбиновая кислота",enrichment,false,,pass_action=reuse_existing_enrichment; identity_gate_already_used_enrichment,redesign/artifacts/mnn_identity_enrichment_pass_searxng_raw.jsonl,461
24896,АТОРВАСТАТИН-ФП ТАБЛ. П/ПЛЕН/ОБ. 20МГ №30 | ФАРМПРОЕКТ АО | ФАРМПРОЕКТ АО,Аторвастатин,Аторвастатин,high,resolved_enrichment,,Аторвастатин,ok,reuse_existing_enrichment,false,,0,,,,Аторвастатин,input_plus_enrichment,false,,pass_action=reuse_existing_enrichment; identity_gate_already_used_enrichment,redesign/artifacts/mnn_identity_enrichment_pass_searxng_raw.jsonl,461
24901,АТОРВАСТАТИН-ТЕВА ТАБЛ. П/ПЛЕН/ОБ. 10МГ №30 АЛКАЛОИД | АЛКАЛОИД АД Скопье | АЛКАЛОИД АД Скопье,Аторвастатин,Аторвастатин,high,resolved_input_explicit,,,,skip_strong_input_mnn,false,,0,,,,Аторвастатин,input_explicit_mnn,false,,pass_action=skip_strong_input_mnn; strong_input_explicit_accepted,redesign/artifacts/mnn_identity_enrichment_pass_searxng_raw.jsonl,461
24945,АТОРВАСТАТИН-СЗ ТАБЛ. П/ПЛЕН/ОБ. 20МГ №30 | СЕВЕРНАЯ ЗВЕЗДА НАО | СЕВЕРНАЯ ЗВЕЗДА НАО,Аторвастатин,Аторвастатин,high,resolved_input_explicit,,,,skip_strong_input_mnn,false,,0,,,,Аторвастатин,input_explicit_mnn,false,,pass_action=skip_strong_input_mnn; strong_input_explicit_accepted,redesign/artifacts/mnn_identity_enrichment_pass_searxng_raw.jsonl,461
24957,АТОРВАСТАТИН МЕДИСОРБ ТАБЛ. П/ПЛЕН/ОБ. 40МГ №30 | МЕДИСОРБ АО | МЕДИСОРБ АО,Аторвастатин,Аторвастатин,high,resolved_enrichment,,Аторвастатин,ok,reuse_existing_enrichment,false,,0,,,,Аторвастатин,input_plus_enrichment,false,,pass_action=reuse_existing_enrichment; identity_gate_already_used_enrichment,redesign/artifacts/mnn_identity_enrichment_pass_searxng_raw.jsonl,461
25599,АПИЛАК ТАБЛ. П/ЯЗЫЧН. 10МГ №30 ВИФИТЕХ | ВИФИТЕХ | ВИФИТЕХ,,,none,resolved_enrichment,,Маточное Молочко,ok,reuse_existing_enrichment,false,,0,,,,Маточное Молочко,enrichment,false,,pass_action=reuse_existing_enrichment; identity_gate_already_used_enrichment,redesign/artifacts/mnn_identity_enrichment_pass_searxng_raw.jsonl,461
25982,АМЛОДИПИН ТАБЛ. 10МГ №30 РОЗЛЕКС | РОЗЛЕКС ФАРМ ООО | РОЗЛЕКС ФАРМ ООО,Амлодипин,Амлодипин,high,resolved_enrichment,,Амлодипин,ok,reuse_existing_enrichment,false,,0,,,,Амлодипин,input_plus_enrichment,false,,pass_action=reuse_existing_enrichment; identity_gate_already_used_enrichment,redesign/artifacts/mnn_identity_enrichment_pass_searxng_raw.jsonl,461
26001,АМЛОДИПИН-ПРАНА ТАБЛ. 10МГ №60 | ПРАНАФАРМ ООО | ПРАНАФАРМ ООО,Амлодипин,Амлодипин,high,resolved_input_explicit,,,,skip_strong_input_mnn,false,,0,,,,Амлодипин,input_explicit_mnn,false,,pass_action=skip_strong_input_mnn; strong_input_explicit_accepted,redesign/artifacts/mnn_identity_enrichment_pass_searxng_raw.jsonl,461
26038,АМЛОДИПИН-АЛСИ ТАБЛ. 10МГ №90 | АЛСИ ФАРМА АО | АЛСИ ФАРМА АО,Амлодипин,Амлодипин,high,resolved_input_explicit,,,,skip_strong_input_mnn,false,,0,,,,Амлодипин,input_explicit_mnn,false,,pass_action=skip_strong_input_mnn; strong_input_explicit_accepted,redesign/artifacts/mnn_identity_enrichment_pass_searxng_raw.jsonl,461
26113,АМБРОКСОЛ ТАБЛ. 30МГ №20 КАНОНФАРМА | КАНОНФАРМА ПРОДАКШН ЗАО | КАНОНФАРМА ПРОДАКШН ЗАО,Амброксол,Амброксол,high,resolved_enrichment,,Амброксол,ok,reuse_existing_enrichment,false,,0,,,,Амброксол,input_plus_enrichment,false,,pass_action=reuse_existing_enrichment; identity_gate_already_used_enrichment,redesign/artifacts/mnn_identity_enrichment_pass_searxng_raw.jsonl,461
26115,АМБРОКСОЛ ТАБЛ. 30МГ №20 ВЕРТЕКС | ВЕРТЕКС АО | ВЕРТЕКС АО,Амброксол,Амброксол,high,resolved_input_explicit,,,,skip_strong_input_mnn,false,,0,,,,Амброксол,input_explicit_mnn,false,,pass_action=skip_strong_input_mnn; strong_input_explicit_accepted,redesign/artifacts/mnn_identity_enrichment_pass_searxng_raw.jsonl,461
27128,АГОМЕЛАТИН ТАБЛ. П/ПЛЕН/ОБ. 25МГ №28 | ОЗОН ООО | ОЗОН ООО,Агомелатин,,none,resolved_enrichment,,Агомелатин,ok,reuse_existing_enrichment,false,,0,,,,Агомелатин,enrichment,false,,pass_action=reuse_existing_enrichment; identity_gate_already_used_enrichment,redesign/artifacts/mnn_identity_enrichment_pass_searxng_raw.jsonl,461
34,МЕЛАДАПТ 3мг N10 таб. покрытые пленочной оболочкой Озон ООО | Озон ООО | Озон ООО | N10,,,none,unresolved_catalog,,,,new_enrichment,true,ok,0,Мелатонин,otc,взрослые,Мелатонин,enrichment,false,https://megapteka.ru/specials/guide_meladapt-instrukciya-po-4049 | https://www.rlsnet.ru/pharm-groups/obshhetoniziruyushhie-sredstva-i-adaptogeny-64 | https://aptekamos.ru/tovary/lekarstva/melatonin-2540/meladapt-tabletki-3mg-98709/instrukciya | https://www.rlsnet.ru/active-substance/melatonin-2159 | https://megapteka.ru/specials/guide_kogda-primenyat-melatonin-461 | https://megapteka.ru/specials/guide_melaksen-instrukciya-po-1020 | https://megapteka.ru/specials/guide_melaritm-instrukciya-po-6800 | https://megapteka.ru/specials/guide_melaritm-instrukciya-po-6800 | https://www.rlsnet.ru/drugs/meladapt-82375 | https://www.vidal.ru/drugs/meladapt | https://medvisor.ru/medicine/drug/meladapt-_76658/ | https://www.rlsnet.ru/drugs/meladapt-82375,"status=ok | Category=Drug | mnn=Мелатонин | RX_OTC=OTC | Age=Взрослый | Меладапт — это лекарственный препарат, зарегистрированный в ГРЛС, выпускается в форме таблеток, покрытых пленочной оболочкой, дозировкой 3 мг (источник: megapteka.ru). Действующее вещество — мелатонин (МНН) (источник: aptekamos.ru, rlsnet.ru). Препарат относится к группе…",redesign/artifacts/mnn_identity_enrichment_pass_searxng_raw.jsonl,461
45,АКВИОН КОЖА ВОЛОСЫ НОГТИ таб. N60 ВТФ ООО | ВТФ ООО | ВТФ ООО | N60,,,none,unresolved_catalog,,,ok,new_enrichment,true,ok,0,,unknown,универсальный,,unresolved_final,true,https://medi.ru/instrukciya/endomeklin_28767/ | https://dsm.ru/upload/medialibrary/164/61vbxn9ib5bkrf0xyedyjx81a772rpca/DSM-Annual_report_2025_RU.pdf | https://chelovekilekarstvo.ru/wp-content/uploads/2025/04/e-tesisi_chil_2025.pdf | https://zdravcity.ru/p_pikovit-tab-p-o-n60-0005739.html | https://cdn1.tenchat.ru/static/vbc-gostinder/2024-04-01/f65efd72-9b00-4e73-a7cb-e45fd3898005.pdf | https://izvestiya.ggtu.ru/wp-content/uploads/2025/12/konferencziya-2.pdf | https://zdravcity.ru/p_revit-dr-n100-0045953.html | https://zdravcity.ru/p_pikovit-forte-tab-p-o-n30-0011198.html | https://dsm.ru/upload/medialibrary/164/61vbxn9ib5bkrf0xyedyjx81a772rpca/DSM-Annual_report_2025_RU.pdf | https://chelovekilekarstvo.ru/wp-content/uploads/2025/04/e-tesisi_chil_2025.pdf | https://izvestiya.ggtu.ru/wp-content/uploads/2025/12/konferencziya-2.pdf | https://cdn1.tenchat.ru/static/vbc-gostinder/2024-04-01/f65efd72-9b00-4e73-a7cb-e45fd3898005.pdf,"status=ok | Category=Other | RX_OTC=not applicable | Age=Универсальный | Поиск по запросу 'АКВИОН КОЖА ВОЛОСЫ НОГТИ' не дал прямых результатов. В найденных сниппетах упоминается 'Кожа, волосы и ногти Аквион' на страницах Здравсити (например, https://zdravcity.ru/p_pikovit-tab-p-o-n60-0005739.html и…",redesign/artifacts/mnn_identity_enrichment_pass_searxng_raw.jsonl,461
56,РИТОФЛЕКС МСМ таб. N60 Фармацевтическая Фабрика ООО | Фармацевтическая фабрика ООО | Фармацевтическая фабрика ООО | N60,,,none,unresolved_catalog,,,,new_enrichment,true,ok,0,,unknown,взрослые,,unresolved_final,true,https://apteka.ru/product/erzig-ritofleks-msm-60-sht-tabletki-massoj-13-g-6881ca52930d4277140351ba/instructions/ | https://apteka.ru/product/erzig-ritofleks-msm-60-sht-tabletki-massoj-13-g-6881ca52930d4277140351ba/instructions/ | https://erzig.ru/catalog/zdorove-sustavov/ritofleks-msm/ | https://erzig.ru/catalog/zdorove-sustavov/ritofleks/ | https://s-zdorovie.ru/catalog/bady/dlya-sustavov/ritofleks_msm__glyukozamin_500mg_hondroitin_400mg_msm__tab__1300mg__60/ | https://erzig.ru/catalog/zdorove-sustavov/ritofleks-msm/ | https://erzig.ru/catalog/zdorove-sustavov/ritofleks/ | https://planetazdorovo.ru/sanktpeterburg/catalog/lekarstva-i-bad/sustavy-i-myshtsy/khondroprotektory/erzig-ritofleks-msm-tab-60-sht-24591111/ | https://s-zdorovie.ru/catalog/bady/dlya-sustavov/ritofleks_msm__glyukozamin_500mg_hondroitin_400mg_msm__tab__1300mg__60/ | https://erzig.ru/catalog/zdorove-sustavov/ritofleks-msm/ | https://s-zdorovie.ru/catalog/bady/dlya-sustavov/ritofleks_msm__glyukozamin_500mg_hondroitin_400mg_msm__tab__1300mg__60/ | https://planetazdorovo.ru/catalog/lekarstva-i-bad/sustavy-i-myshtsy/khondroprotektory/ritofleks-glyukozamin-500hondro-13999511/,"status=ok | Category=BAS | RX_OTC=not applicable | Age=Взрослый | РИТОФЛЕКС МСМ является биологически активной добавкой (БАД) к пище, а не лекарственным средством. Согласно инструкции, его принимают взрослые по 1 таблетке 2 раза в день во время еды. Состав включает хондроитин, глюкозамин, гиалуроновую кислоту и МСМ (метилсульфонилметан).…",redesign/artifacts/mnn_identity_enrichment_pass_searxng_raw.jsonl,461
72,ФАРИНГАЛ таб. 650мг N10 Салута-М | Салута-М ООО | Салута-М ООО | N10,,,none,unresolved_catalog,,,ok,new_enrichment,true,ok_partial,2,,unknown,универсальный,,unresolved_final,true,https://grls.rosminzdrav.ru/ | https://www.webapteka.ru/drugbase/name11423.html | https://www.rlsnet.ru/baa/faringal-10921 | https://grls.rosminzdrav.ru/ | https://zhurnal-vokls.ru/wp-content/uploads/2025/10/49ru_all_ok.pdf | https://minzdrav.gov.ru/opendata/7707778246-grls/visual | https://grls.pharm-portal.ru/grls?pageSize=100&sort%5Breg_date%5D=desc | https://grls.pharm-portal.ru/grls?sort%5Bholder%5D=desc | https://minzdrav.gov.ru/search?q=grls | https://farmsovety.ru/blog/retsepturnye-i-bezretsepturnye-preparaty/ | https://grls.pharm-portal.ru/grls | https://pharmznanie.ru/article/instrukcia-dla-farmacevta-kak-bystro-iskat-dostovernuu-informaciu-o-lekarstvah,"status=ok_partial | Category=Drug | RX_OTC=not applicable | Age=Универсальный | По данным поиска, Фарингал упоминается в контексте лекарственных средств, но точная информация о МНН, рецептурности и возрастных ограничениях отсутствует. В результатах есть ссылки на инструкцию на webapteka.ru и rlsnet.ru, но содержимое не раскрывает этих деталей. Также…",redesign/artifacts/mnn_identity_enrichment_pass_searxng_raw.jsonl,461
73,ГАСТРАСАН ЭКСПРЕСС 680мг+80мг N12 таб. жевательные Апельсин ЮжФарм ООО | ЮжФарм ООО | ЮжФарм ООО | N12,,,none,unresolved_catalog,,,,new_enrichment,true,ok,0,"Кальция карбонат, Магния карбонат",otc,универсальный,"Кальция карбонат, Магния карбонат",enrichment,false,https://megapteka.ru/specials/guide_renimag-instrukciya-po-7021 | https://www.webapteka.ru/drugbase/name72899.html | https://medum.ru/gastrasan-ehkspress | https://megapteka.ru/specials/guide_renimag-instrukciya-po-7021 | https://medum.ru/gastrasan-ehkspress | https://medvisor.ru/medicine/drug/gastrasan-ekspress_77200/ | https://www.lsgeotar.ru/ru/gastrasan-express-55845.html | https://medi.ru/instrukciya/gastrasan-ekspress_26342/ | https://www.webapteka.ru/drugbase/name72899.html | https://www.rlsnet.ru/drugs/gastrasan-ekspress-85461 | https://www.vidal.ru/drugs/gastrasan-express | https://megapteka.ru/specials/guide_gastal-instrukciya-po-2474,"status=ok | Category=Drug | mnn=Кальция карбонат, Магния карбонат | RX_OTC=OTC | Age=Универсальный | Гастрасан Экспресс зарегистрирован в ГРЛС как лекарственное средство с МНН Кальция карбонат+Магния карбонат (источник: pharmcontrol.ru, zdravmedinform.ru). Препарат содержит антацидные вещества - кальция карбонат и магния карбонат, которые нейтрализуют избыточную соляную…",redesign/artifacts/mnn_identity_enrichment_pass_searxng_raw.jsonl,461
75,САМБУКУС БУЗИНА ИММУНИТЕТ таб. массой 700мг N30 Грин сайд ООО | Грин Сайд ООО | Грин Сайд ООО | N30,,,none,unresolved_catalog,,,ok,new_enrichment,true,ok,0,,unknown,универсальный,,unresolved_final,true,https://aptekamos.ru/tovary/bad/sambukus-buzina-immunitet-16707/sambukus-buzina-immunitet-sirop-greenside-150ml-108621/instrukciya | https://apteka.ru/product/green-side-sambukus-buzina-immunitet-sirop-150ml-61c46cf973341e2e5c7a457e/instructions/ | https://www.pmedpharm.ru/upload/iblock/f8a/ubwjtt2fq72dzdxha1epo1xlt41rlhqy/D1_81_D0_B1_D0_BE_D1_80_D0_BD_D0_B8_D0_BA_76_2021_D0_A1_D0_B0_D0_B9_D1_82_compressed.pdf | https://zdravcity.ru/p_orvis-rino-kapli-dlja-priema-vnutr-fl-100ml-0097284.html | https://www.pharmindex.ru/pdf/pharmindex_481.pdf | https://izvestiya.ggtu.ru/wp-content/uploads/2025/12/konferencziya-2.pdf | https://www.med-sovet.pro/jour/oai?verb=ListRecords&metadataPrefix=oai_dc&set=driver | https://zdravcity.ru/p_orvis-rino-kapli-dlja-priema-vnutr-fl-100ml-0097284.html | https://www.pmedpharm.ru/upload/iblock/f8a/ubwjtt2fq72dzdxha1epo1xlt41rlhqy/D1_81_D0_B1_D0_BE_D1_80_D0_BD_D0_B8_D0_BA_76_2021_D0_A1_D0_B0_D0_B9_D1_82_compressed.pdf | https://izvestiya.ggtu.ru/wp-content/uploads/2025/12/konferencziya-2.pdf | https://www.pmedpharm.ru/upload/iblock/e1b/oapjnh7davohcdoiqr6f2ipob9ht94az/D1_81_D0_B1_D0_BE_D1_80_D0_BD_D0_B8_D0_BA_77_2022.pdf | https://zdravcity.ru/p_sambukus-buzina-immunitet-bez-sahara-green-side-grin-sajd-tabletki-700mg-30sht-0185008.html,"status=ok | Category=BAS | RX_OTC=not applicable | Age=Универсальный | Согласно найденным данным, продукт 'Самбукус Бузина Иммунитет' является биологически активной добавкой (БАД), а не лекарственным средством. В составе указаны экстракт плодов бузины черной, мед, экстракт эхинацеи, витамин C и цинк (источник: aptekamos.ru). На сайте Здравсити…",redesign/artifacts/mnn_identity_enrichment_pass_searxng_raw.jsonl,461
88,ГЕСПЕРИДИН+ДИОСМИН 100мг+900мг N30 таб. покрытые пленочной оболочкой Алиум АО | Алиум АО | Алиум АО | N30,Диосмин+Гесперидин,Гесперидин,low,unresolved_catalog,,,,new_enrichment,true,ok,0,"Гесперидин, Диосмин",otc,универсальный,"Гесперидин, Диосмин",enrichment,false,https://www.rlsnet.ru/active-substance/gesperidin-diosmin-518 | https://megapteka.ru/specials/guide_gesperidin-diosmin-instrukciya-po-4379 | https://medi.ru/instrukciya/diosmin-gesperidin-verteks_19523/ | https://aptekamos.ru/tovary/lekarstva/gesperidin-diosmin-14901/diosperidin-tabletki-50mg-450mg-106298/instrukciya | https://www.vidal.ru/drugs/molecule/496 | https://megapteka.ru/specials/guide_angiorus-instrukciya-po-2691 | https://megapteka.ru/specials/guide_venozol-instrukciya-po-7166 | https://megapteka.ru/specials/guide_flebaven-instrukciya-po-6020 | https://velpharm.group/catalog/dioridinvel/ | https://zdravcity.ru/p_gesperedin-diosmin-tabletki-p-o-plen-100mg-900mg-30sht-0184812.html | https://medum.ru/gesperidin-diosmin-mnn | https://zdravcity.ru/p_diosmin-gesperidin-verteks-tab-p-o-pljon-500mg-n30-0119927.html,"status=ok | Category=Drug | mnn=Гесперидин, Диосмин | RX_OTC=OTC | Age=Универсальный | Препарат Гесперидин+Диосмин является лекарственным средством (ангиопротекторным и венотонизирующим). Действующие вещества: гесперидин и диосмин (МНН). Согласно данным с сайта ЗдравСити, препарат отпускается без рецепта. Инструкция по применению доступна на официальных ресурсах,…",redesign/artifacts/mnn_identity_enrichment_pass_searxng_raw.jsonl,461
92,ДИНАМИКО ЛОНГ 20мг N8 таб. покрытые пленочной оболочкой Тева Фармацевтические Предприятия Лтд | Тева Фармацевтические Предприятия Лтд. | Тева Фармацевтические Предприятия Лтд. | N8,,,none,unresolved_catalog,,,,new_enrichment,true,ok,0,Тадалафил,rx,взрослые,Тадалафил,enrichment,false,https://aptekamos.ru/tovary/lekarstva/tadalafil-7766/dinamiko-long-tabletki-20mg-89269/instrukciya | https://www.rlsnet.ru/active-substance/metformin-sitagliptin-2989 | https://megapteka.ru/specials/guide_dinamiko-instrukciya-po-4024 | https://www.vidal.ru/drugs/dinamiko-long-3 | https://www.rlsnet.ru/drugs/dinamiko-40732 | https://tabletka.ru/selection/dinamiko/instruction/ | https://megapteka.ru/specials/guide_dinamiko-instrukciya-po-4024 | https://zdravcity.ru/p_dinamiko-long-tabletki-p-o-plen-20mg-8sht-0185640.html | https://zdravcity.ru/p_dinamiko-tab-p-o-100mg-n4-0015084.html | https://farmamedspb.ru/company/news/ | https://cyberleninka.ru/article/n/issledovanie-assortimenta-analgeziruyuschih-narkoticheskih-lekarstvennyh-sredstv-na-regionalnom-urovne | https://medpoint.pro/article/khronicheskii-mieloidnii-leikoz-1681,"status=ok | Category=Drug | mnn=Тадалафил | RX_OTC=RX | Age=Взрослый | Динамико Лонг — лекарственный препарат, содержащий действующее вещество тадалафил (МНН). Применяется для лечения эректильной дисфункции у взрослых мужчин, в том числе при симптомах нижних мочевых путей на фоне доброкачественной гиперплазии предстательной железы. Противопоказан…",redesign/artifacts/mnn_identity_enrichment_pass_searxng_raw.jsonl,461
249,ОСТЕОМЕД таб. N60 Парафарм | Парафарм ООО | Парафарм ООО | N60,,,none,unresolved_catalog,,,ok,new_enrichment,true,ok,0,,unknown,взрослые,,unresolved_final,true,https://megapteka.ru/specials/guide_osteomed-forte-instrukciya-1263 | https://www.vidal.ru/drugs/osteomed | https://www.eapteka.ru/goods/vitaminy_i_bad/biologicheski_aktivnye_dobavki/bad_vitaminsoderzhashchie_mineraly/vitaminno_mineralnye_kompleksy/osteomed/ | https://grls.rosminzdrav.ru/ | https://www.lsgeotar.ru/supplements/osteomed-AEmL | https://www.vidal.ru/drugs/osteomed | https://www.vidal.ru/drugs/osteomed-forte | https://health.mail.ru/drug/osteomed_forte/ | https://www.rlsnet.ru/baa/osteomed-40701 | https://belayaapteka.ru/catalog/bad/osteomed/ | https://tkachevmoscow.ru/articles/pomogaet-li-voltaren-ot-boli-v-spine-i-shee | https://narcorehab.com/articles/piralgin/,"status=ok | Category=BAS | RX_OTC=not applicable | Age=Взрослый | Остеомед является биологически активной добавкой к пище (БАД), а не лекарственным средством. Согласно инструкции на сайте Видаль, он является дополнительным источником кальция и витамина В6, содержит деценовые кислоты. Рекомендуется взрослым по 2 таблетки 3 раза в сутки или по…",redesign/artifacts/mnn_identity_enrichment_pass_searxng_raw.jsonl,461
456,"ЭТОРИАКС ТАБЛ. П/ПЛЕН/ОБ. 60МГ №14 | КРКА, Д.Д., НОВО МЕСТО АО | КРКА, Д.Д., НОВО МЕСТО АО",Эторикоксиб,,none,unresolved_catalog,,,,new_enrichment,true,ok,0,Эторикоксиб,rx,взрослые,Эторикоксиб,enrichment,false,https://www.rlsnet.ru/active-substance/etorikoksib-2890 | https://aptekamos.ru/tovary/lekarstva/etorikoksib-10880/etoriaks-tabletki-60mg-96614/instrukciya | https://www.vidal.ru/drugs/molecule/1912 | https://megapteka.ru/specials/guide_etorikoksib-instrukciya-po-5616 | https://www.rlsnet.ru/drugs/etoriaks-81478 | https://www.vidal.ru/drugs/etoriax-1 | https://apteka.103.by/etoriaks-instruktsiya/ | https://megapteka.ru/specials/guide_etoriaks-instrukciya-po-2661 | https://health.mail.ru/drug/etoriaks/ | https://aptekamos.ru/tovary/lekarstva/etorikoksib-10880/etoriaks-tabletki-60mg-96614/instrukciya | https://volgograd.budzdorov.ru/forms/etoriaks | https://zdravcity.ru/p_jetoriaks-tab-p-o-plen-60mg-n14-0098279.html,"status=ok | Category=Drug | mnn=Эторикоксиб | RX_OTC=RX | Age=Взрослый | Препарат Эториакс содержит действующее вещество эторикоксиб (МНН), которое относится к нестероидным противовоспалительным препаратам (НПВС) из группы коксибов. Согласно инструкции, он применяется для симптоматической терапии остеоартроза, ревматоидного артрита, анкилозирующего…",redesign/artifacts/mnn_identity_enrichment_pass_searxng_raw.jsonl,461
486,ЭСЦИТАЛОПРАМ КАНОН ТАБЛ. П/ПЛЕН/ОБ. 20МГ №28 | КАНОНФАРМА ПРОДАКШН ЗАО | КАНОНФАРМА ПРОДАКШН ЗАО,Эсциталопрам,,none,unresolved_catalog,,,,new_enrichment,true,ok,0,Эсциталопрам,rx,универсальный,Эсциталопрам,enrichment,false,https://www.rlsnet.ru/drugs/escitalopram-66941 | https://aptekamos.ru/tovary/lekarstva/escitalopram-8473/escitalopram-kanon-tabletki-20mg-91410/instrukciya | https://www.rlsnet.ru/drugs/eliceya-39239 | https://www.rlsnet.ru/drugs/cipraleks-24934 | https://aptekamos.ru/tovary/lekarstva/escitalopram-8473/escitalopram-kanon-tabletki-20mg-91410/instrukciya | https://www.rlsnet.ru/active-substance/escitalopram-2668 | https://www.rlsnet.ru/drugs/escitalopram-66941 | https://www.asna.ru/product/estsitalopram/instruction/ | https://zdravcity.ru/p_jescitalopram-kanon-tabletki-pokrytye-plenochnoj-obolochkoj-10mg-56sht-0269000.html | https://zdravcity.ru/p_jescitalopram-kanon-tab-p-o-plen-10mg-n28-0089809.html | https://zdravcity.ru/p_jescitalopram-kanon-tab-p-o-plen-20mg-n28-0089808.html | https://t-j.ru/list/psychiatric-drugs-russia/,"status=ok | Category=Drug | mnn=Эсциталопрам | RX_OTC=RX | Age=Универсальный | Эсциталопрам Канон является лекарственным средством (антидепрессантом, СИОЗС). Действующее вещество (МНН) — эсциталопрам (источник: Здравсити, РЛС). Препарат применяется при депрессии, панических расстройствах и других показаниях (Здравсити). Инструкция указывает, что для…",redesign/artifacts/mnn_identity_enrichment_pass_searxng_raw.jsonl,461
844,ЭЛЬКАР Р-Р Д/ПРИЕМА ВНУТРЬ 300МГ/МЛ ФЛ. 25МЛ | ///ПИК-ФАРМА ЛЕК | ///ПИК-ФАРМА ЛЕК,Левокарнитин,,none,unresolved_catalog,,,,new_enrichment,true,ok,0,Левокарнитин,otc,универсальный,Левокарнитин,enrichment,false,https://www.vidal.ru/drugs/elcar__25460 | https://www.rlsnet.ru/drugs/elkar-15200 | https://aptekamos.ru/tovary/lekarstva/levokarnitin-475/elkar-rastvor-dlya-inekciyo-100mg-ml-5ml-49499/instrukciya | https://megapteka.ru/specials/guide_elkar-instrukciya-po-5612 | https://medi.ru/instrukciya/elkar-vv-vm-100_12148/ | https://megapteka.ru/specials/guide_levokarnitin-instrukciya-po-2858 | https://www.asna.ru/product/elkar/instruction/ | https://www.vidal.ru/drugs/elcar | https://megapteka.ru/specials/guide_elkar-instrukciya-po-5612 | https://www.rlsnet.ru/drugs/elkar-15200 | https://spb.asna.ru/cards/elkar_30_100ml_r-r_pik-farma.html | https://medvestnik.ru/ls/a0e407c1-48e5-49e1-b164-1ba432eafceb.html,"status=ok | Category=Drug | mnn=Левокарнитин | RX_OTC=OTC | Age=Универсальный | Элькар — лекарственный препарат, действующее вещество — левокарнитин (L-карнитин). Согласно инструкции, он показан к применению у взрослых и детей от 0 лет в составе комплексной терапии (источник: asna.ru, spb.asna.ru). В некоторых источниках указано, что препарат применяется у…",redesign/artifacts/mnn_identity_enrichment_pass_searxng_raw.jsonl,461
884,"ЭЛИЦЕЯ КУ-ТАБ ТАБЛ. ДИСПЕРГ. В ПОЛОСТИ РТА 10МГ №56 | КРКА, Д.Д., НОВО МЕСТО АО | КРКА, Д.Д., НОВО МЕСТО АО",,,none,unresolved_catalog,,,,new_enrichment,true,ok,0,Эсциталопрам,rx,взрослые,Эсциталопрам,enrichment,false,https://www.rlsnet.ru/drugs/eliceya-ku-tab-74532 | https://www.rlsnet.ru/drugs/eliceya-39239 | https://aptekamos.ru/tovary/lekarstva/escitalopram-8473/escitalopram-tabletki-10mg-82935/instrukciya | https://www.rlsnet.ru/drugs/escitalopram-66941 | https://www.krka.ru/_assets/Elicea-Qtab_CU_UG_LoD1_PIL_final-version-for-Stage-III_14.12.2022.pdf | https://www.vidal.ru/drugs/elicea-q-tab-1 | https://health.mail.ru/drug/elitseya-kutab/ | https://drugs.medelement.com/drug/%D1%8D%D0%BB%D0%B8%D1%86%D0%B5%D1%8F-%D0%BA%D1%83-%D1%82%D0%B0%D0%B1-5%D0%BC%D0%B3-%D0%B8%D0%BD%D1%81%D1%82%D1%80%D1%83%D0%BA%D1%86%D0%B8%D1%8F/452066081477650937?instruction_lang=RU | https://medum.ru/ehliceya-ku-tab | https://www.lsgeotar.ru/ka/elitseya-ku-tab-48204.html | https://medum.ru/tabletki-ehliceya-ku-tab | https://krkapro.ru/medicaments/311/,"status=ok | Category=Drug | mnn=Эсциталопрам | RX_OTC=RX | Age=Взрослый | Элицея Ку-таб — лекарственный препарат, действующее вещество эсциталопрам (МНН). Согласно инструкции, препарат противопоказан детям и подросткам до 18 лет (источник: krkapro.ru). Отпускается по рецепту (источник: health.mail.ru). Инструкция по применению доступна на rlsnet.ru и…",redesign/artifacts/mnn_identity_enrichment_pass_searxng_raw.jsonl,461
1053,"ЭКЗОРОЛФИНЛАК ЛАК Д/НОГТЕЙ 5% ФЛ. 2,5МЛ | ПАУЛЬ В. БЕЙФЕРС ГМБХ | ПАУЛЬ В. БЕЙФЕРС ГМБХ",Циклопирокс,,none,unresolved_catalog,,,,new_enrichment,true,ok,0,Аморолфин,rx,взрослые,Аморолфин,enrichment,false,https://www.lsgeotar.ru/drugs/exorolfinlak-AAGS | https://drugs.medelement.com/drug/%D1%8D%D0%BA%D0%B7%D0%BE%D1%80%D0%BE%D0%BB%D1%84%D0%B8%D0%BD%D0%BB%D0%B0%D0%BA-%D0%B8%D0%BD%D1%81%D1%82%D1%80%D1%83%D0%BA%D1%86%D0%B8%D1%8F/520665881602584216?instruction_lang=RU | https://health.mail.ru/drug/ekzorolfinlak-2/ | https://grls.rosminzdrav.ru/ | https://health.mail.ru/drug/ekzorolfinlak-2/ | https://medi.ru/instrukciya/ekzorolfinlak_13521/ | https://drugs.medelement.com/drug/%D1%8D%D0%BA%D0%B7%D0%BE%D1%80%D0%BE%D0%BB%D1%84%D0%B8%D0%BD%D0%BB%D0%B0%D0%BA-%D0%B8%D0%BD%D1%81%D1%82%D1%80%D1%83%D0%BA%D1%86%D0%B8%D1%8F/520665881602584216?instruction_lang=RU | https://www.webapteka.ru/drugbase/name62613.html | https://www.rlsnet.ru/drugs/ekzorolfinlak-79112 | https://www.neboleem.net/jekzorolfinlak.php | https://prg.kz/Document/?doc_id=35682609 | https://kiberis.ru/?p=26977,"status=ok | Category=Drug | mnn=Аморолфин | RX_OTC=RX | Age=Взрослый | Экзоролфинлак — лекарственный препарат, действующее вещество аморолфин (МНН). Применяется для лечения грибкового поражения ногтей (онихомикоза) у взрослых. Отпускается по рецепту. Инструкция по применению доступна на сайтах drugs.medelement.com, medi.ru, rlsnet.ru и других.",redesign/artifacts/mnn_identity_enrichment_pass_searxng_raw.jsonl,461
1765,ЦИПРОТЕРОН-ТЕВА ТАБЛ. 50МГ №50 | ТЕВА ЧЕШСКИЕ ПРЕДПРИЯТИЯ С.Р.О. | ТЕВА ЧЕШСКИЕ ПРЕДПРИЯТИЯ С.Р.О.,Ципротерон,,none,unresolved_catalog,,,,new_enrichment,true,ok,0,Ципротерон,rx,универсальный,Ципротерон,enrichment,false,https://medi.ru/instrukciya/tsiproteron-teva_381/ | https://www.lsgeotar.ru/drugs/cyproterone-teva-AB0h | https://aptekamos.ru/tovary/lekarstva/ciproteron-1104/ciproteron-teva-tabletki-50mg-26637/instrukciya | https://www.vidal.ru/drugs/cyproterone-teva__6350 | https://www.lsgeotar.ru/drugs/cyproterone-teva-ACdc | https://health.mail.ru/drug/tsiproteronteva/ | https://medi.ru/instrukciya/tsiproteron-teva_381/ | https://www.vidal.ru/drugs/cyproterone-teva__6350 | https://health.mail.ru/drug/tsiproteronteva/ | https://aptekamos.ru/tovary/lekarstva/ciproteron-1104/ciproteron-teva-tabletki-50mg-26637/instrukciya | https://www.rlsnet.ru/drugs/ciproteron-teva-21548 | https://www.webapteka.ru/drugbase/name15462.html,"status=ok | Category=Drug | mnn=Ципротерон | RX_OTC=RX | Age=Универсальный | Ципротерон-Тева — лекарственный препарат, содержащий действующее вещество ципротерон (МНН). Согласно инструкции, он применяется для лечения рака предстательной железы у мужчин и симптомов андрогенизации у женщин (например, тяжелый гирсутизм, акне). Препарат отпускается по…",redesign/artifacts/mnn_identity_enrichment_pass_searxng_raw.jsonl,461
2023,ЦЕЛЕКОКСИБ-ТЕВА КАПС. 200МГ №30 | УОТСОН ФАРМА ПРАЙВЭТ ЛИМИТЕД | УОТСОН ФАРМА ПРАЙВЭТ ЛИМИТЕД,Целекоксиб,,none,unresolved_catalog,,,,new_enrichment,true,ok,0,Целекоксиб,rx,универсальный,Целекоксиб,enrichment,false,https://aptekamos.ru/tovary/lekarstva/celekoksib-5352/celekoksib-teva-kapsuly-200mg-110832/instrukciya | https://www.rlsnet.ru/active-substance/celekoksib-2360 | https://megapteka.ru/specials/guide_celekoksib-instrukciya-po-6725 | https://www.rlsnet.ru/active-substance/etorikoksib-2890 | https://megapteka.ru/specials/guide_celeksib-instrukciya-po-6802 | https://www.rlsnet.ru/active-substance/celekoksib-2360 | https://www.vidal.ru/drugs/celecoxib-4 | https://zdravcity.ru/p_celekoksib-teva-kapsuly-200mg-30sht-0210302.html | https://recipe.ru/news/medpharm/minzdrav-rf-otmenil-registratsiyu-71-lekarstvennogo-sredstva/ | https://dsm.ru/upload/medialibrary/164/61vbxn9ib5bkrf0xyedyjx81a772rpca/DSM-Annual_report_2025_RU.pdf | https://zdravcity.ru/p_celekoksib-teva-kapsuly-200mg-30sht-0210302.html | https://dsm.ru/upload/medialibrary/164/61vbxn9ib5bkrf0xyedyjx81a772rpca/DSM-Annual_report_2025_RU.pdf,"status=ok | Category=Drug | mnn=Целекоксиб | RX_OTC=RX | Age=Универсальный | Целекоксиб-Тева является лекарственным средством (препаратом), действующим веществом которого является целекоксиб (МНН). Согласно инструкции, препарат применяется при остеоартрите, ревматоидном артрите, ювенильном ревматоидном артрите у пациентов от 2 лет и старше,…",redesign/artifacts/mnn_identity_enrichment_pass_searxng_raw.jsonl,461
2348,ХИЛАК ФОРТЕ КАПЛИ Д/ПРИЕМА ВНУТРЬ ВИШНЯ ФЛ. 100МЛ | МЕРКЛЕ ГМБХ | МЕРКЛЕ ГМБХ,,,none,unresolved_catalog,,,ok_partial,new_enrichment,true,ok,0,Метаболиты бактерий,otc,универсальный,Метаболиты бактерий,enrichment,false,https://www.rlsnet.ru/drugs/xilak-forte-3312 | https://megapteka.ru/specials/guide_hilak-forte-instrukciya-5798 | https://www.vidal.ru/drugs/hylak-forte-2 | https://uteka.ru/articles/lekarstvennye-preparaty/khilak-forte/ | https://www.asna.ru/product/khilak_forte/instruction/ | https://tabletka.ru/selection/khilak-forte/instruction/ | https://megapteka.ru/specials/guide_hilak-forte-instrukciya-5798 | https://zdravcity.ru/p_hilak-forte-kapli-mikroflory-kishechnika-30ml-0011941/r_ulanude/ | https://minicen.ru/tovar/26183 | https://ozerki.ru/catalog/product/khilak-forte-kapli-d-priema-vnutr-fl-30ml/ | https://zdravcity.ru/p_hilak-forte-kapli-dlja-mikroflory-kishechnika-vishnja-100ml-0093623.html | https://vitaexpress.ru/product/khilak_forte_kapli_dpr__vnutr_100ml/,"status=ok | Category=Drug | mnn=Метаболиты бактерий | RX_OTC=OTC | Age=Универсальный | Хилак форте — лекарственный препарат (метабиотик), содержащий продукты обмена нормальной микрофлоры кишечника (МНН: метаболиты бактерий). Отпускается без рецепта. Применяется у взрослых, детей и младенцев: взрослым по 40-60 капель, детям по 20-40 капель, младенцам по 15-30…",redesign/artifacts/mnn_identity_enrichment_pass_searxng_raw.jsonl,461
3027,ФЛУОКСЕТИН КАПС. 10МГ №20 ОЗОН | ОЗОН ООО | ОЗОН ООО,Флуоксетин,,none,unresolved_catalog,,,,new_enrichment,true,ok,0,Флуоксетин,rx,универсальный,Флуоксетин,enrichment,false,https://www.rlsnet.ru/active-substance/fluoksetin-264 | https://www.rlsnet.ru/drugs/fluoksetin-16275 | https://aptekamos.ru/tovary/lekarstva/fluoksetin-999/profluzak-kapsuly-20mg-21518/instrukciya | https://aptekamos.ru/tovary/lekarstva/fluoksetin-999/fluoksetin-kapsuly-20mg-25971/instrukciya | https://www.vidal.ru/drugs/molecule/433 | https://grls.rosminzdrav.ru/grls.aspx | https://www.vidal.ru/drugs/fluoxetine__13699 | https://www.rlsnet.ru/drugs/fluoksetin-16275 | https://www.vidal.ru/drugs/fluoxetine__13699 | https://www.asna.ru/product/fluoksetin/instruction/ | https://www.rlsnet.ru/active-substance/fluoksetin-264 | https://aptekamos.ru/tovary/lekarstva/fluoksetin-999/fluoksetin-kapsuly-10mg-26666/instrukciya,"status=ok | Category=Drug | mnn=Флуоксетин | RX_OTC=RX | Age=Универсальный | Флуоксетин является лекарственным средством (антидепрессантом) с действующим веществом флуоксетин (МНН). Согласно данным из Государственного реестра лекарственных средств (ГРЛС), препарат отпускается по рецепту (источник: grls.pharm-portal.ru). Инструкция по применению…",redesign/artifacts/mnn_identity_enrichment_pass_searxng_raw.jsonl,461
3556,"ФИЗИОТЕНЗ ТАБЛ. П/ПЛЕН/ОБ. 0,4МГ №28 ВЕРОФАРМ | ВЕРОФАРМ АО | ВЕРОФАРМ АО",Моксонидин,,none,unresolved_catalog,,,,new_enrichment,true,ok,0,Моксонидин,rx,взрослые,Моксонидин,enrichment,false,https://www.rlsnet.ru/drugs/fiziotenz-9564 | https://megapteka.ru/specials/guide_fiziotenz-instrukciya-po-5257 | https://aptekamos.ru/tovary/lekarstva/moksonidin-578/fiziotenz-tabletki-0-4mg-25262/instrukciya | https://www.rlsnet.ru/active-substance/moksonidin-1086 | https://www.rlsnet.ru/drugs/fiziotenz-9564 | https://www.vidal.ru/drugs/physiotens__1277 | https://megapteka.ru/specials/guide_fiziotenz-instrukciya-po-5257 | https://www.asna.ru/product/fiziotenz/instruction/ | https://prg.kz/document/?doc_id=33659055 | https://tabletka.ru/selection/fiziotenz/instruction/ | https://apteka.103.by/fiziotenz-instruktsiya/ | https://zdravcity.ru/p_fiziotenz-tab-p-o-pljon-0-4mg-n28-0129536.html,"status=ok | Category=Drug | mnn=Моксонидин | RX_OTC=RX | Age=Взрослый | Физиотенз является лекарственным препаратом, действующим веществом которого является моксонидин (МНН). Препарат относится к группе антигипертензивных средств центрального действия и применяется для лечения артериальной гипертензии у взрослых пациентов. Инструкция по применению…",redesign/artifacts/mnn_identity_enrichment_pass_searxng_raw.jsonl,461
3759,ФАСПИК ГРАН. Д/Р-РА Д/ПРИЕМА ВНУТРЬ АБРИКОС 400МГ ПАК. 3Г №12 | ЗАМБОН СВИТЦЕЛАНД ЛТД. | ЗАМБОН СВИТЦЕЛАНД ЛТД.,,,none,unresolved_catalog,,,,new_enrichment,true,ok,0,Ибупрофен,otc,универсальный,Ибупрофен,enrichment,false,https://megapteka.ru/specials/guide_faspik-instrukciya-po-7234 | https://grls.rosminzdrav.ru/ | https://medvisor.ru/medicine/drug/faspik_41214/ | https://medvisor.ru/medicine/drug/faspik-tabletki_76829/ | https://medi.ru/instrukciya/faspik_24071/ | https://www.vidal.ru/drugs/faspic__11402 | https://www.vidal.ru/drugs/faspic__14828 | https://www.rlsnet.ru/drugs/faspik-26912 | https://aptekamos.ru/tovary/lekarstva/ibuprofen-333/faspik-tabletki-400mg-48509/instrukciya | https://apteka.103.by/faspik-instruktsiya/ | https://apteka.ru/product/faspik-04-n6-tabl-po-5e3274b3f5a9ae000140e09a/instructions/ | https://health.mail.ru/drug/faspic/,"status=ok | Category=Drug | mnn=ибупрофен | RX_OTC=OTC | Age=Универсальный | Фаспик — лекарственный препарат, содержащий ибупрофен (МНН: ибупрофен). Согласно инструкции, он оказывает противовоспалительное, анальгезирующее и жаропонижающее действие (Видаль: https://www.vidal.ru/drugs/faspic__11402). Препарат применяется у взрослых и детей старше 6 лет…",redesign/artifacts/mnn_identity_enrichment_pass_searxng_raw.jsonl,461
3763,ФАРМГРУПП НАСТОЙКА 5 ТРАВ УСПОКОИТЕЛЬНАЯ ФЛ. 250МЛ | ФАРМГРУПП ООО | ФАРМГРУПП ООО,,,none,unresolved_catalog,,,ok,new_enrichment,true,ok,0,,unknown,взрослые,,unresolved_final,true,https://yandex.ru/medicine/medicaments/5-trav-uspokoitel-naja-nastojka | https://www.rlsnet.ru/baa/nastoika-5-trav-uspokoitelnaya-87383 | https://www.asna.ru/cards/5_trav_nastoyka_uspokoitelnaya_250ml_farmgrupp.html | https://apteka.103.by/nastoyka-5-trav-uspokoitelnaya-instruktsiya/ | https://www.rlsnet.ru/baa/nastoika-5-trav-uspokoitelnaya-87383 | https://pharm-medexpert.ru/news2/ | https://farmgrup.ru/catalog/fito-produktsiya/nastojka-5-trav-uspokoitelnaya.html | https://www.pmedpharm.ru/upload/iblock/3e8/7w2d78qy3esv8ss5vcz25zhopmmgw3yc/D0_91_D0_95_D0_9B_D0_98_D0_9A_D0_9E_D0_92_2020_D1_81_D0_B0_D0_B9_D1_82_281_29.pdf | https://pharm-medexpert.ru/news2/ | https://farmgrup.ru/catalog/fito-produktsiya/nastojka-5-trav-uspokoitelnaya.html | https://farmgrup.ru/catalog/fito-produktsiya/nastojka-5-trav-uspokoitelnaya.html | https://planetazdorovo.ru/catalog/lekarstva-i-bad/nevrologiya-psikhiatriya/uspokoitelnye-sedativnye/5-trav-nastojka-uspokoitelnaya-40967903/,"status=ok | Category=BAS | RX_OTC=not applicable | Age=Взрослый | Согласно найденным источникам, продукт «ФАРМГРУПП НАСТОЙКА 5 ТРАВ УСПОКОИТЕЛЬНАЯ» рекомендуется в качестве биологически активной добавки к пище (БАД) — источника дубильных веществ (танинов) и гидроксикоричных кислот (источники: spb.asna.ru, market.yandex.ru). Применяется как…",redesign/artifacts/mnn_identity_enrichment_pass_searxng_raw.jsonl,461
3781,ФАРИНГОСЕПТ ТАБЛ. Д/РАССАС. МЕД-ЛИМОН 10МГ №20 | C.К. ТЕРАПИЯ С.А. | C.К. ТЕРАПИЯ С.А.,Амбазон,,none,unresolved_catalog,,,,new_enrichment,true,ok,0,Амбазон,otc,универсальный,Амбазон,enrichment,false,https://www.rlsnet.ru/drugs/faringosept-3176 | https://megapteka.ru/specials/guide_faringosept-instrukciya-po-1169 | https://medi.ru/instrukciya/faringosept_7134/ | https://aptekamos.ru/tovary/lekarstva/ambazon-35/faringosept-tabletki-dlya-rassasyvaniya-10mg-338/instrukciya | https://megapteka.ru/specials/guide_lirinon-instrukciya-po-7148 | https://www.vidal.ru/drugs/faringosept__17003 | https://www.webapteka.ru/drugbase/name268.html | https://medi.ru/instrukciya/faringosept_7134/ | https://megapteka.ru/specials/guide_faringosept-instrukciya-po-1169 | https://b-apteka.ru/articles/faringosept | https://uteka.ru/articles/lekarstvennye-preparaty/faringosept/ | https://drugs.medelement.com/drug/%D1%84%D0%B0%D1%80%D0%B8%D0%BD%D0%B3%D0%BE%D1%81%D0%B5%D0%BF%D1%82-%D0%B8%D0%BD%D1%81%D1%82%D1%80%D1%83%D0%BA%D1%86%D0%B8%D1%8F/188053511477650937?instruction_lang=RU,"status=ok | Category=Drug | mnn=Амбазон | RX_OTC=OTC | Age=Универсальный | Фарингосепт — лекарственный препарат, действующее вещество амбазон (МНН). Относится к антисептическим средствам для местного применения. Согласно инструкциям, применяется у взрослых и детей старше 3 лет (в некоторых источниках с 6 лет). Отпускается без рецепта. Источники:…",redesign/artifacts/mnn_identity_enrichment_pass_searxng_raw.jsonl,461
4133,УЛЬЦЕРНИЛ ТАБЛ. КИШ/РАСТ. П/ПЛЕН/ОБ. 20МГ №28 | САН ФАРМАСЬЮТИКАЛ ИНДАСТРИЗ ЛТД | САН ФАРМАСЬЮТИКАЛ ИНДАСТРИЗ ЛТД,,,none,unresolved_catalog,,,,new_enrichment,true,ok,0,Рабепразол,rx,универсальный,Рабепразол,enrichment,false,https://grls.rosminzdrav.ru/ | https://aptekamos.ru/tovary/lekarstva/rabeprazol-5929/ulcernil-tabletki-20mg-95070/instrukciya | https://medum.ru/ulcernil-tabletki | https://health.mail.ru/drug/ultsernil-1/ | https://grls.rosminzdrav.ru/ | https://health.mail.ru/drug/ultsernil-1/ | https://zdesapteka.ru/instructions/ultsernil/ | https://aptekamos.ru/tovary/lekarstva/rabeprazol-5929/ulcernil-tabletki-20mg-95070/instrukciya | https://www.webapteka.ru/drugbase/name71760.html | https://medvestnik.ru/ls/a0e408a6-e220-4c8e-a4bd-9ff8a2c146d0.html | https://medi.ru/instrukciya/ulcernil-10_15167/ | https://medum.ru/ulcernil,"status=ok | Category=Drug | mnn=Рабепразол | RX_OTC=RX | Age=Универсальный | Ульцернил является лекарственным препаратом, его МНН — рабепразол (источник: ГРЛС, https://grls.pharm-portal.ru/grls/735c5019-3250-4d95-b956-e1baa60b32dd). Препарат применяется у взрослых и детей в возрасте от 12 лет (источник:…",redesign/artifacts/mnn_identity_enrichment_pass_searxng_raw.jsonl,461
4403,ТРИМЕТАЗИДИН-АКОС МВ 35МГ ТАБЛ. МОДИФ. ВЫСВ. П/О №60 | БИОКОМ ЗАО | БИОКОМ ЗАО,Триметазидин,,none,unresolved_catalog,,,,new_enrichment,true,ok,0,Триметазидин,rx,взрослые,Триметазидин,enrichment,false,https://health.mail.ru/drug/trimetazidinakos_mv/ | https://www.vidal.ru/drugs/trimetazidine-akos-mr-1 | https://www.rlsnet.ru/drugs/trimetazidin-akos-mv-87044 | https://www.lsgeotar.ru/drugs/trimetazidine-akos-mv-ADL2 | https://yandex.ru/medicine/medicaments/trimetazidin-akos-mv | https://health.mail.ru/drug/trimetazidinakos_mv/ | https://www.rlsnet.ru/drugs/trimetazidin-akos-mv-87044 | https://aptekamos.ru/tovary/lekarstva/trimetazidin-930/trimetazidin-akos-mv-tabletki-35mg-104739/instrukciya | https://www.vidal.ru/drugs/trimetazidine-akos-mr-1 | https://www.lsgeotar.ru/lv/trimetazidin-akos-mv-18126.html | https://yandex.ru/medicine/medicaments/trimetazidin-akos-mv | https://health.mail.ru/drug/trimetazidinakos_mv/,"status=ok | Category=Drug | mnn=Триметазидин | RX_OTC=RX | Age=Взрослый | Триметазидин-АКОС МВ — лекарственный препарат, действующее вещество триметазидин. Относится к категории лекарственных средств. По данным инструкций, препарат применяется для лечения заболеваний сердца, в частности стабильной стенокардии. В результатах поиска указано, что…",redesign/artifacts/mnn_identity_enrichment_pass_searxng_raw.jsonl,461
4481,ТРАНЕКСАМОВАЯ КИСЛОТА ТАБЛ. П/ПЛЕН/ОБ. 250МГ №30 МЭЗ | МОСКОВСКИЙ ЭНДОКРИННЫЙ ЗАВОД ФГУП | МОСКОВСКИЙ ЭНДОКРИННЫЙ ЗАВОД ФГУП,Транексамовая кислота,,none,unresolved_catalog,,,,new_enrichment,true,ok,0,Транексамовая кислота,rx,универсальный,Транексамовая кислота,enrichment,false,https://www.rlsnet.ru/drugs/traneksam-29530 | https://www.rlsnet.ru/drugs/traneksam-29530 | https://allmed.pro/ru/drugs/traneksamovaja_kislota | https://allmed.pro/ru/drugs/traneksam | https://www.vidal.ru/drugs/molecule-in/1070 | https://www.vidal.ru/drugs/tranexamicshy-acid | https://www.vidal.ru/drugs/tranexamic-acid-17 | https://drugs2.medelement.com/drug/%D1%82%D1%80%D0%B0%D0%BD%D0%B5%D0%BA%D1%81%D0%B0%D0%BC%D0%BE%D0%B2%D0%B0%D1%8F-%D0%BA%D0%B8%D1%81%D0%BB%D0%BE%D1%82%D0%B0-%D0%B8%D0%BD%D1%81%D1%82%D1%80%D1%83%D0%BA%D1%86%D0%B8%D1%8F/251425451602577397?instruction_lang=RU | https://medi.ru/instrukciya/traneksamovaya-kislota_23829/ | https://www.vidal.ru/drugs/tranexam-2 | https://medi.ru/instrukciya/traneksamovaya-kislota_23832/ | https://medum.ru/kislota-traneksamovaya,status=ok | Category=Drug | mnn=Транексамовая кислота | RX_OTC=RX | Age=Универсальный | Препарат Транексамовая кислота является лекарственным средством (МНН: Транексамовая кислота) согласно данным Государственного реестра лекарственных средств (pharmcontrol.ru). Он применяется для профилактики и лечения кровотечений вследствие фибринолиза у взрослых и детей в…,redesign/artifacts/mnn_identity_enrichment_pass_searxng_raw.jsonl,461
4487,ТРАНЕКСАМОВАЯ КИСЛОТА Р-Р ДЛЯ В/В ВВЕД. 50МГ/МЛ АМП. 5МЛ №10 МЭЗ | МОСКОВСКИЙ ЭНДОКРИННЫЙ ЗАВОД ФГУП | МОСКОВСКИЙ ЭНДОКРИННЫЙ ЗАВОД ФГУП,Транексамовая кислота,,none,unresolved_catalog,,,,new_enrichment,true,ok,0,Транексамовая кислота,rx,универсальный,Транексамовая кислота,enrichment,false,https://www.rlsnet.ru/drugs/traneksam-29530 | https://www.rlsnet.ru/drugs/traneksam-29530 | https://allmed.pro/ru/drugs/traneksamovaja_kislota | https://allmed.pro/ru/drugs/traneksam | https://www.vidal.ru/drugs/molecule-in/1070 | https://www.vidal.ru/drugs/tranexamicshy-acid | https://www.vidal.ru/drugs/tranexamic-acid-17 | https://drugs2.medelement.com/drug/%D1%82%D1%80%D0%B0%D0%BD%D0%B5%D0%BA%D1%81%D0%B0%D0%BC%D0%BE%D0%B2%D0%B0%D1%8F-%D0%BA%D0%B8%D1%81%D0%BB%D0%BE%D1%82%D0%B0-%D0%B8%D0%BD%D1%81%D1%82%D1%80%D1%83%D0%BA%D1%86%D0%B8%D1%8F/251425451602577397?instruction_lang=RU | https://medi.ru/instrukciya/traneksamovaya-kislota_23829/ | https://medi.ru/instrukciya/traneksamovaya-kislota_23832/ | https://www.vidal.ru/drugs/tranexam-2 | https://medum.ru/kislota-traneksamovaya,"status=ok | Category=Drug | mnn=Транексамовая кислота | RX_OTC=RX | Age=Универсальный | Препарат Транексамовая кислота является лекарственным средством (категория Drug). МНН — Транексамовая кислота (источник: ГРЛС, https://www.pharmcontrol.ru/registry/drugs/3712/). Отпускается по рецепту (RX), так как в инструкциях указано, что перед применением необходимо…",redesign/artifacts/mnn_identity_enrichment_pass_searxng_raw.jsonl,461
4922,ТЕРМИКОН СПРЕЙ Д/НАРУЖ. ПРИМ. 1% ФЛ. 30Г | ФАРМСТАНДАРТ-ЛЕКСРЕДСТВА ОАО | ФАРМСТАНДАРТ-ЛЕКСРЕДСТВА ОАО,Тербинафин,,none,unresolved_catalog,,,,new_enrichment,true,ok,0,Тербинафин,rx,универсальный,Тербинафин,enrichment,false,https://www.lsgeotar.ru/drugs/termicon-ADls | https://www.lsgeotar.ru/drugs/termicon-AFpC | https://aptekamos.ru/tovary/lekarstva/terbinafin-869/termikon-tabletki-250mg-30184/instrukciya | https://apteka-april.ru/product/213409-termikon_tabletki_250mg_28 | https://www.rlsnet.ru/drugs/termikon-16124 | https://aptekamos.ru/tovary/lekarstva/terbinafin-869/termikon-krem-1-15g-29833/instrukciya | https://www.lsgeotar.ru/drugs/termicon-AD0y | https://www.lsgeotar.ru/drugs/termicon-AFpC | https://grls.rosminzdrav.ru/ | https://www.vidal.ru/drugs/termicon__13678 | https://www.vidal.ru/drugs/termicon__13678 | https://medum.ru/termikon,"status=ok | Category=Drug | mnn=Тербинафин | RX_OTC=RX | Age=Универсальный | Термикон — лекарственное средство, действующее вещество тербинафин (МНН). Препарат относится к противогрибковым средствам класса аллиламинов. Согласно инструкции, Термикон назначают наружно взрослым и детям старше 12 лет (Vidal: https://www.vidal.ru/drugs/termicon__13678). Для…",redesign/artifacts/mnn_identity_enrichment_pass_searxng_raw.jsonl,461
4924,ТЕРМИКОН КРЕМ Д/НАРУЖ. ПРИМ. 1% ТУБА 15Г | ЛЕККО ЗАО | ЛЕККО ЗАО,,,none,unresolved_catalog,,,,new_enrichment,true,ok,0,Тербинафин,rx,универсальный,Тербинафин,enrichment,false,https://apteka-april.ru/product/213409-termikon_tabletki_250mg_28 | https://aptekamos.ru/tovary/lekarstva/terbinafin-869/termikon-krem-1-15g-29833/instrukciya | https://grls.rosminzdrav.ru/ | https://www.rlsnet.ru/drugs/termikon-16124 | https://www.vidal.ru/drugs/termicon__13678 | https://www.vidal.ru/drugs/termicon | https://health.mail.ru/drug/termikon/ | https://zdesapteka.ru/instructions/termikon/ | https://medum.ru/termikon | https://medlib.net/termikon.html | https://termikon.ru/instrukcii/ | https://medvestnik.ru/ls/a0e3f418-4d20-492b-9bb8-6eeb13ee10ab.html,"status=ok | Category=Drug | mnn=Тербинафин | RX_OTC=RX | Age=Универсальный | Термикон является лекарственным средством (препаратом), его МНН — Тербинафин (источник: pharmcontrol.ru, rlsnet.ru). Согласно инструкции, крем Термикон применяется наружно у взрослых и детей старше 12 лет (vidal.ru, zdesapteka.ru). Для детей младше 12 лет требуется осторожность…",redesign/artifacts/mnn_identity_enrichment_pass_searxng_raw.jsonl,461
5010,ТЕРАФЛЕКС КАПС. 500МГ+400МГ №200 МАКИЗ-ФАРМА | МАКИЗ-ФАРМА | МАКИЗ-ФАРМА,,,none,unresolved_catalog,,,,new_enrichment,true,ok,0,"ГЛЮКОЗАМИН, Хондроитина сульфат натрия",otc,взрослые,"ГЛЮКОЗАМИН, Хондроитина сульфат натрия",enrichment,false,https://www.rlsnet.ru/drugs/terafleks-24430 | https://pharmproduct.ru/drugs/terafleks | https://aptekamos.ru/tovary/lekarstva/glyukozamin-xondroitina-sulfat-7759/terafleks-kapsuly-500mg-400mg-27916/instrukciya | https://pharmproduct.ru/drugs/terafleks/instruction | https://drugs.medelement.com/drug/%D1%82%D0%B5%D1%80%D0%B0%D1%84%D0%BB%D0%B5%D0%BA%D1%81-%D0%B8%D0%BD%D1%81%D1%82%D1%80%D1%83%D0%BA%D1%86%D0%B8%D1%8F/343739611477650933?instruction_lang=RU | https://www.vidal.ru/drugs/theraflex__3379 | https://allmed.pro/ru/drugs/terafleks | https://www.rlsnet.ru/drugs/terafleks-24430 | https://medi.ru/instrukciya/terafleks_23613/ | https://www.webapteka.ru/drugbase/name16743.html | https://www.vidal.ru/drugs/theraflex__3379 | https://zdesapteka.ru/instructions/terafleks/,"status=ok | Category=Drug | mnn=ГЛЮКОЗАМИН, ХОНДРОИТИНА СУЛЬФАТ | RX_OTC=OTC | Age=Взрослый | Терафлекс — комбинированный препарат, содержащий глюкозамин и хондроитина сульфат (МНН: ГЛЮКОЗАМИН+ХОНДРОИТИНА СУЛЬФАТ). Согласно инструкции, применяется у взрослых и подростков старше 15 лет (в некоторых источниках — старше 12 лет) для лечения дегенеративно-дистрофических…",redesign/artifacts/mnn_identity_enrichment_pass_searxng_raw.jsonl,461
5258,"ТАМСУЛОЗИН КАНОН КАПС. КИШ/РАСТ. ПРОЛОНГ. ВЫСВ. 0,4МГ №30 | КАНОНФАРМА ПРОДАКШН ЗАО | КАНОНФАРМА ПРОДАКШН ЗАО",Тамсулозин,,none,unresolved_catalog,,,,new_enrichment,true,ok,0,Тамсулозин,rx,взрослые,Тамсулозин,enrichment,false,https://aptekamos.ru/tovary/lekarstva/tamsulozin-1195/tamsulozin-kanon-kapsuly-0-4mg-84380/instrukciya | https://www.vidal.ru/drugs/tamsulosin-canon | https://aptekamos.ru/tovary/lekarstva/tamsulozin-1195/tamsulozin-kanon-tabletki-0-4mg-103388/instrukciya | https://www.rlsnet.ru/drugs/tamsulozin-kanon-78545 | https://drugs.medelement.com/drug/%D1%82%D0%B0%D0%BC%D1%81%D1%83%D0%BB%D0%BE%D0%B7%D0%B8%D0%BD-%D0%BA%D0%B0%D0%BD%D0%BE%D0%BD-%D0%B8%D0%BD%D1%81%D1%82%D1%80%D1%83%D0%BA%D1%86%D0%B8%D1%8F/290839361699438245?instruction_lang=RU | https://medum.ru/tamsulozin-kanon | https://www.rlsnet.ru/drugs/tamsulozin-kanon-78545 | https://www.vidal.ru/drugs/tamsulosin-canon | https://aptekamos.ru/tovary/lekarstva/tamsulozin-1195/tamsulozin-kanon-kapsuly-0-4mg-84380/instrukciya | https://zdesapteka.ru/instructions/tamsulozin-kanon/ | https://www.vidal.ru/drugs/tamsulosin-canon | https://drugs.medelement.com/drug/%D1%82%D0%B0%D0%BC%D1%81%D1%83%D0%BB%D0%BE%D0%B7%D0%B8%D0%BD-%D0%BA%D0%B0%D0%BD%D0%BE%D0%BD-%D0%B8%D0%BD%D1%81%D1%82%D1%80%D1%83%D0%BA%D1%86%D0%B8%D1%8F/290839361699438245?instruction_lang=RU,"status=ok | Category=Drug | mnn=Тамсулозин | RX_OTC=RX | Age=Взрослый | Тамсулозин Канон — лекарственный препарат, действующее вещество тамсулозин. Относится к блокаторам альфа1-адренорецепторов, применяется для лечения дизурических расстройств при доброкачественной гиперплазии предстательной железы (источники: vidal.ru, rlsnet.ru). Препарат…",redesign/artifacts/mnn_identity_enrichment_pass_searxng_raw.jsonl,461
5270,ТАМИФЛЮ КАПС. 75МГ №10 | ДЕЛФАРМ МИЛАНО С.Р.Л./Ф.ХОФФМАНН-ЛЯ РОШ ЛТД/СЕНЕКСИ С.А.С. | ДЕЛФАРМ МИЛАНО С.Р.Л./Ф.ХОФФМАНН-ЛЯ РОШ ЛТД/СЕНЕКСИ С.А.С.,Осельтамивир,,none,unresolved_catalog,,,,new_enrichment,true,ok,0,Осельтамивир,rx,универсальный,Осельтамивир,enrichment,false,https://www.rlsnet.ru/drugs/tamiflyu-14676 | https://grls.rosminzdrav.ru/ | https://www.vidal.ru/drugs/tamiflu__37267 | https://aptekamos.ru/tovary/lekarstva/oseltamivir-6076/tamiflyu-kapsuly-75mg-22088/instrukciya | https://www.vidal.ru/drugs/tamiflu__37267 | https://health.mail.ru/drug/tamiflyu-1/ | https://medum.ru/tamiflyu | https://www.rlsnet.ru/drugs/tamiflyu-14676 | https://www.asna.ru/product/tamiflyu/instruction/ | https://medi.ru/instrukciya/tamiflyu_12321/ | https://megapteka.ru/specials/guide_tamiflyu-instrukciya-po-5623 | https://grls.pharm-portal.ru/grls/a30e80da-1893-4248-acc8-61f724c11849,"status=ok | Category=Drug | mnn=осельтамивир | RX_OTC=RX | Age=Универсальный | Тамифлю (капсулы 75 мг) является лекарственным средством, действующее вещество — осельтамивир (согласно ГРЛС). Отпускается по рецепту (в ГРЛС указано 'По рецепту'). Применяется для лечения и профилактики гриппа у взрослых и детей старше 1 года (для детей младшего возраста…",redesign/artifacts/mnn_identity_enrichment_pass_searxng_raw.jsonl,461
5322,"ТАВОЛГА ВЯЗОЛИСТНАЯ (ЛАБАЗНИК) ТРАВА Ф/П 1,5Г №20 ХЕРБЕС | ХЕРБЕС ООО | ХЕРБЕС ООО",,,none,unresolved_catalog,,,ok,new_enrichment,true,ok,0,,unknown,универсальный,,unresolved_final,true,https://medum.ru/labaznik-tavolga-vyazolistnyj-trava | https://www.rlsnet.ru/baa/labaznik-tavolga-vyazolistnyi-trava-44825 | https://ru.wikipedia.org/wiki/%D0%A2%D0%B0%D0%B2%D0%BE%D0%BB%D0%B3%D0%B0_%D0%B2%D1%8F%D0%B7%D0%BE%D0%BB%D0%B8%D1%81%D1%82%D0%BD%D0%B0%D1%8F | https://ru.wikipedia.org/wiki/%D0%A2%D0%B0%D0%B2%D0%BE%D0%BB%D0%B3%D0%B0_(%D1%80%D0%B0%D1%81%D1%82%D0%B5%D0%BD%D0%B8%D0%B5) | https://ru.ruwiki.ru/wiki/%D0%A2%D0%B0%D0%B2%D0%BE%D0%BB%D0%B3%D0%B0_%D0%B2%D1%8F%D0%B7%D0%BE%D0%BB%D0%B8%D1%81%D1%82%D0%BD%D0%B0%D1%8F | https://shop.evalar.ru/encyclopedia/item/labaznik-vyazolistnyy/ | http://medherbal.ru/tavolga.php | https://www.oum.ru/literature/zdorovje/azbuka-trav-tavolga/ | http://belena.biz/nov/tavol.htm | https://naranfito.ru/articles/poleznoe/chem-polezen-labaznik-tavolga/ | https://ru.wikipedia.org/wiki/%D0%A2%D0%B0%D0%B2%D0%BE%D0%BB%D0%B3%D0%B0_%D0%B2%D1%8F%D0%B7%D0%BE%D0%BB%D0%B8%D1%81%D1%82%D0%BD%D0%B0%D1%8F | https://7dach.ru/zdorovie/MarusyaRusya/recepty-zdorovya-tavolga-vyazolistnaya-prirodnyy-analog-aspirina-160944.html,"status=ok | Category=BAS | RX_OTC=not applicable | Age=Универсальный | Согласно найденным источникам, таволга вязолистная (лабазник) является лекарственным растением, но в результатах поиска нет указаний на то, что это лекарственное средство, зарегистрированное в ГРЛС. На сайте rlsnet.ru она классифицируется как БАД (биологически активная добавка)…",redesign/artifacts/mnn_identity_enrichment_pass_searxng_raw.jsonl,461
5634,СТРЕПТОЦИД ПОР. Д/НАРУЖ. ПРИМ. 2Г ПАК. №50 ОЗОН | ОЗОН ООО | ОЗОН ООО,Сульфаниламид,,none,unresolved_catalog,,,,new_enrichment,true,ok,0,Сульфаниламид,otc,универсальный,Сульфаниламид,enrichment,false,https://aptekamos.ru/tovary/lekarstva/sulfanilamid-851/streptocid-tabletki-300mg-8644/instrukciya | https://www.rlsnet.ru/drugs/streptocid-6267 | https://www.rlsnet.ru/drugs/streptocid-6267 | https://grls.rosminzdrav.ru/ | https://www.webapteka.ru/drugbase/name6255.html | https://www.vidal.ru/drugs/streptocide-1 | https://www.rlsnet.ru/drugs/streptocid-6267 | https://megapteka.ru/specials/guide_streptocid-instrukciya-po-5531 | https://medum.ru/streptocid-dlya-detej | https://yandex.ru/medicine/medicaments/streptotsid | https://medi.ru/instrukciya/streptotsid_23397/ | https://medum.ru/streptocid,status=ok | Category=Drug | mnn=Сульфаниламид | RX_OTC=OTC | Age=Универсальный | Стрептоцид является лекарственным средством (категория Drug). Его международное непатентованное название (МНН) — сульфаниламид (источник: https://pharmcontrol.ru/registry/drugs/1201/). Препарат отпускается без рецепта (источник:…,redesign/artifacts/mnn_identity_enrichment_pass_searxng_raw.jsonl,461
5736,СТИМУЛОТОН ТАБЛ. П/ПЛЕН/ОБ. 100МГ №28 | ЭГИС ФАРМАЦЕВТИЧЕСКИЙ ЗАВОД ЗАО | ЭГИС ФАРМАЦЕВТИЧЕСКИЙ ЗАВОД ЗАО,сертралин,,none,unresolved_catalog,,,,new_enrichment,true,ok,0,Сертралин,rx,взрослые,Сертралин,enrichment,false,https://aptekamos.ru/tovary/lekarstva/sertralin-815/stimuloton-tabletki-50mg-25560/instrukciya | https://www.vidal.ru/drugs/stimuloton__7174 | https://pharmproduct.ru/drugs/stimuloton | https://aptekamos.ru/tovary/lekarstva/sertralin-815/stimuloton-tabletki-100mg-30873/instrukciya | https://allmed.pro/ru/drugs/stimuloton | https://www.vidal.ru/drugs/stimuloton__7174 | https://aptekamos.ru/tovary/lekarstva/sertralin-815/stimuloton-tabletki-50mg-25560/instrukciya | http://pharm.cals.am/pharm/data/drug_131333/1659533780256.pdf | https://www.vidal.ru/drugs/stimuloton__7174 | https://medi.ru/instrukciya/stimuloton_1008/ | https://medlib.net/stimuloton.html | https://apteka.103.by/stimuloton-instruktsiya/,"status=ok | Category=Drug | mnn=Сертралин | RX_OTC=RX | Age=Взрослый | Стимулотон (МНН: сертралин) является антидепрессантом, селективным ингибитором обратного захвата серотонина (СИОЗС). Согласно инструкции, препарат применяется для лечения депрессий и обсессивно-компульсивного расстройства (ОКР). Взрослым назначают по 50 мг в сутки, при…",redesign/artifacts/mnn_identity_enrichment_pass_searxng_raw.jsonl,461
6506,СИРОП ШИПОВНИКА ФЛ. 250МЛ МИРРОЛЛА | МИРРОЛЛА ООО | МИРРОЛЛА ООО,,,none,unresolved_catalog,,,ok_partial,new_enrichment,true,ok,2,Шиповника плодов сироп,otc,универсальный,Шиповника плодов сироп,enrichment,false,https://www.lsgeotar.ru/drugs/rosae-fructuum-syrup-AGNV | https://www.lsgeotar.ru/drugs/rosehip-syrup-BA5m | https://www.rlsnet.ru/drugs/sipovnika-sirop-32584 | https://pharmproduct.ru/drugs/sipovnika-plodov-sirop | https://aptekamos.ru/tovary/lekarstva/shipovnika-plody-3932/shipovnika-plodov-sirop-sirop-250ml-14746/instrukciya | https://www.rlsnet.ru/drugs/sipovnika-sirop-32584 | https://www.vidal.ru/drugs/rosae_syrup__32889 | https://www.lsgeotar.ru/drugs/rosehip-syrup-BA5m | https://www.rlsnet.ru/baa/sirop-sipovnika-28163 | https://www.vidal.ru/drugs/rosae_syrup__39953 | https://www.webapteka.ru/drugbase/name60579.html | https://www.vidal.ru/drugs/rosae_syrup__32889,"status=ok | Category=Drug | mnn=Шиповника плодов сироп | RX_OTC=OTC | Age=Универсальный | Сироп шиповника является лекарственным препаратом (ЛС) на основе плодов шиповника. Согласно инструкциям, он применяется для повышения неспецифической резистентности организма, усиления регенерации тканей, уменьшения проницаемости сосудов, а также обладает желчегонными…",redesign/artifacts/mnn_identity_enrichment_pass_searxng_raw.jsonl,461
6592,СИНЕКОД КАПЛИ Д/ПРИЕМА ВНУТРЬ ДЛЯ ДЕТЕЙ 5МГ/МЛ ФЛ. 20МЛ | ГКС КОНСЬЮМЕР ХЕЛС С.А. | ГКС КОНСЬЮМЕР ХЕЛС С.А.,Бутамират,,none,unresolved_catalog,,,,new_enrichment,true,ok,0,Бутамират,otc,универсальный,Бутамират,enrichment,false,https://www.vidal.ru/drugs/sinecod__1576 | https://www.vidal.ru/drugs/sinecod__39872 | https://megapteka.ru/specials/guide_sinekod-instrukciya-po-1070 | https://grls.rosminzdrav.ru/ | https://grls.rosminzdrav.ru/ | https://allmed.pro/ru/drugs/sinekod | https://www.vidal.ru/drugs/sinecod__1576 | https://www.rlsnet.ru/drugs/sinekod-2775 | https://www.vidal.ru/drugs/sinecod__1576 | https://www.vidal.ru/drugs/sinecod__39872 | https://megapteka.ru/specials/guide_sinekod-instrukciya-po-1070 | https://www.rlsnet.ru/drugs/sinekod-2775,"status=ok | Category=Drug | mnn=бутамират | RX_OTC=OTC | Age=Универсальный | Синекод — это лекарственный препарат, зарегистрированный в ГРЛС. Его международное непатентованное наименование (МНН) — бутамират, действующее вещество — бутамирата цитрат (источник: megapteka.ru). Препарат применяется для симптоматического лечения сухого кашля различной…",redesign/artifacts/mnn_identity_enrichment_pass_searxng_raw.jsonl,461
6743,СИЛДЕНАФИЛ ТАБЛ. П/ПЛЕН/ОБ. 100МГ №10 ОЗОН | ОЗОН ООО | ОЗОН ООО,Силденафил,,none,unresolved_catalog,,,,new_enrichment,true,ok,0,Силденафил,rx,взрослые,Силденафил,enrichment,false,https://www.rlsnet.ru/drugs/sildenafil-56636 | https://www.vidal.ru/drugs/sildenafil__45069 | https://www.lsgeotar.ru/drugs/sildenafil-AF7D | https://www.vidal.ru/drugs/molecule-in/958 | https://www.rlsnet.ru/drugs/sildenafil-56636 | https://medspravochnik.com/drugs/urologicheskie/sildenafil/ | https://www.vidal.ru/drugs/sildenafil__45069 | https://www.vidal.ru/drugs/sildenafil__45069 | https://www.rlsnet.ru/drugs/sildenafil-56636 | https://www.rlsnet.ru/drugs/sildenafil-sz-67591 | https://medspravochnik.com/drugs/urologicheskie/sildenafil/ | https://health.mail.ru/drug/sildenafil-1/,"status=ok | Category=Drug | mnn=Силденафил | RX_OTC=RX | Age=Взрослый | Силденафил является лекарственным средством (МНН: силденафил). Согласно инструкциям, он применяется для лечения эректильной дисфункции у взрослых (источник: https://www.rlsnet.ru/drugs/sildenafil-56636, https://www.vidal.ru/drugs/sildenafil__45069). В клинических исследованиях…",redesign/artifacts/mnn_identity_enrichment_pass_searxng_raw.jsonl,461
7275,САНОВАСК ТАБЛ. П/КИШ/РАСТ/ПЛЕН/ОБ. 50МГ №30 | ИРБИТСКИЙ ХИМЗАВОД ОАО | ИРБИТСКИЙ ХИМЗАВОД ОАО,,,none,unresolved_catalog,,,,new_enrichment,true,ok,0,Ацетилсалициловая кислота,rx,универсальный,Ацетилсалициловая кислота,enrichment,false,https://www.vidal.ru/drugs/sanovasc | https://www.lsgeotar.ru/drugs/sanovasc-AEUn | https://www.rlsnet.ru/drugs/sanovask-75403 | https://grls.rosminzdrav.ru/ | https://www.lsgeotar.ru/drugs/sanovasc-ADcV | http://drugs.thead.ru/SANOVASK | https://www.rlsnet.ru/drugs/sanovask-75403 | https://www.vidal.ru/drugs/sanovasc | https://medvisor.ru/medicine/drug/sanovask_39420/ | https://grls.rosminzdrav.ru/ | https://avexima.ru/upload/iblock/5f4/o5oavm0mg1b7f5j7f1mqrnipexcx4gc0.pdf | https://www.webapteka.ru/drugbase/name53516.html,"status=ok | Category=Drug | mnn=Ацетилсалициловая кислота | RX_OTC=RX | Age=Универсальный | САНОВАСК содержит действующее вещество ацетилсалициловую кислоту (АСК) (источник: lsgeotar.ru). Препарат выпускается в форме таблеток кишечнорастворимых, покрытых пленочной оболочкой, 50 мг (источник: vidal.ru). Согласно инструкции, препарат применяется для профилактики…",redesign/artifacts/mnn_identity_enrichment_pass_searxng_raw.jsonl,461
8201,РЕПЕШОК ОБЫКНОВЕННЫЙ ТРАВА 50Г ЭВАЛАР | ЭВАЛАР ЗАО | ЭВАЛАР ЗАО,,,none,unresolved_catalog,,,ok,new_enrichment,true,ok,0,,unknown,взрослые,,unresolved_final,true,https://bz.medvestnik.ru/drugs/16111.html | https://bz.medvestnik.ru/drugs/16114.html | https://medum.ru/repeshok-obyknovennyj-trava | https://medum.ru/repeshok-obyknovennyj | https://www.webapteka.ru/drugbase/name11845.html | https://www.rlsnet.ru/drugs/repesok-obyknovennyi-12781 | https://bz.medvestnik.ru/drugs/16114.html | https://bz.medvestnik.ru/drugs/16112.html | https://ru.wikipedia.org/wiki/%D0%A0%D0%B5%D0%BF%D0%B5%D1%88%D0%BE%D0%BA_%D0%BE%D0%B1%D1%8B%D0%BA%D0%BD%D0%BE%D0%B2%D0%B5%D0%BD%D0%BD%D1%8B%D0%B9 | https://ru.wikipedia.org/wiki/%D0%A0%D0%B5%D0%BF%D0%B5%D1%88%D0%BE%D0%BA | https://medplants.ru/repeshok-obykn/ | https://kykuruza.ru/or/repeynichek.html,"status=ok | Category=BAS | mnn=Репешок обыкновенный трава | RX_OTC=not applicable | Age=Взрослый | Согласно данным из поисковой выдачи, репешок обыкновенный трава классифицируется как биологически активная добавка (БАД) (источник: bz.medvestnik.ru). Инструкция по применению указывает, что принимать его следует взрослым по 1 стакану в день во время еды (источник:…",redesign/artifacts/mnn_identity_enrichment_pass_searxng_raw.jsonl,461
8374,РЕДЕЦИЛ МАЗЬ Д/НАРУЖ. ПРИМ. ТУБА 35Г | РЕТИНОИДЫ АО | РЕТИНОИДЫ АО,,,none,unresolved_catalog,,,,new_enrichment,true,ok,0,"Метилурацил, Ретинол",rx,универсальный,"Метилурацил, Ретинол",enrichment,false,https://www.vidal.ru/drugs/redecil__15776 | https://grls.rosminzdrav.ru/ | https://megapteka.ru/specials/guide_redecil-instrukciya-po-6360 | https://pharmproduct.ru/drugs/redecil | https://medi.ru/instrukciya/redetsil_10454/ | https://megapteka.ru/specials/guide_redecil-instrukciya-po-6360 | https://medi.ru/instrukciya/redetsil_10454/ | https://www.vidal.ru/drugs/redecil__15776 | https://grls.rosminzdrav.ru/ | https://zdesapteka.ru/instructions/redetsil/ | https://pharmproduct.ru/drugs/redecil | https://www.vidal.ru/drugs/redecil__15776,"status=ok | Category=Drug | mnn=метилурацил, ретинол | RX_OTC=RX | Age=Универсальный | Редецил — комбинированная мазь для наружного применения, содержащая метилурацил и ретинол (источник: megapteka.ru). Относится к дерматопротекторным средствам (medi.ru). Применяется для стимуляции заживления и восстановления кожи после повреждений (megapteka.ru). Способ…",redesign/artifacts/mnn_identity_enrichment_pass_searxng_raw.jsonl,461
8414,РЕБАМИПИД ТАБЛ. П/ПЛЕН/ОБ. 100МГ №90 | ОБНИНСКАЯ ХИМИКО-ФАРМАЦЕВТИЧЕСКАЯ КОМПАНИЯ | ОБНИНСКАЯ ХИМИКО-ФАРМАЦЕВТИЧЕСКАЯ КОМПАНИЯ,Ребамипид,,none,unresolved_catalog,,,,new_enrichment,true,ok,0,Ребамипид,rx,взрослые,Ребамипид,enrichment,false,https://grls.rosminzdrav.ru/ | https://aptekamos.ru/tovary/lekarstva/rebamipid-13438/rebamipid-tabletki-100mg-110567/instrukciya | https://www.vidal.ru/drugs/rebamipid-1 | https://www.vidal.ru/drugs/rebamipid-1 | https://www.rlsnet.ru/active-substance/rebamipid-3132 | https://www.rlsnet.ru/drugs/rebamipid-sz-82953 | https://www.vidal.ru/drugs/molecule/2293 | https://aptekamos.ru/tovary/lekarstva/rebamipid-13438/rebamipid-tabletki-100mg-110567/instrukciya | https://www.vidal.ru/drugs/rebamipid-1 | https://aptekamos.ru/tovary/lekarstva/rebamipid-13438/rebamipid-tabletki-100mg-110567/instrukciya | https://www.vidal.ru/drugs/rebamipid-sz | https://yandex.ru/medicine/medicaments/rebamipid-sz,"status=ok | Category=Drug | mnn=Ребамипид | RX_OTC=RX | Age=Взрослый | Препарат Ребамипид содержит действующее вещество ребамипид, который является гастропротекторным средством, оказывающим защитное действие на слизистую оболочку желудка (источник: aptekamos.ru). Согласно инструкции на vidal.ru, препарат противопоказан для применения у детей и…",redesign/artifacts/mnn_identity_enrichment_pass_searxng_raw.jsonl,461
8753,ПРОСТАНОРМ ЭКСТРАКТ Д/ПРИЕМА ВНУТРЬ ЖИДК. ФЛ. 100МЛ | ФАРМВИЛАР НПО ООО | ФАРМВИЛАР НПО ООО,,,none,unresolved_catalog,,,ok_partial,new_enrichment,true,ok,1,"Зверобоя трава, Золотарника канадского трава, Солодки корни, Эхинацеи пурпурной корневища с корнями",otc,взрослые,"Зверобоя трава, Золотарника канадского трава, Солодки корни, Эхинацеи пурпурной корневища с корнями",enrichment,false,https://aptekamos.ru/tovary/lekarstva/zveroboya-trava-zolotarnika-kanadskogo-trava-solodki-korni-exinacei-perpurnoyo-kornevishha-5422/prostanorm-tabletki-200mg-27945/instrukciya | https://pharmproduct.ru/drugs/prostanorm | https://www.rlsnet.ru/drugs/prostanorm-79815 | https://www.webapteka.ru/drugbase/name13278.html | https://allmed.pro/ru/drugs/prostanorm | https://zdesapteka.ru/instructions/prostanorm/ | https://www.vidal.ru/drugs/prostanorm__31368 | https://www.vidal.ru/drugs/prostanorm__31368 | https://www.rlsnet.ru/drugs/prostanorm-79815 | https://health.mail.ru/drug/prostanorm-1/ | https://www.webapteka.ru/drugbase/name13278.html | https://medi.ru/instrukciya/prostanorm-tabletki_9608/,"status=ok | Category=Drug | mnn=Зверобоя трава, Золотарника канадского трава, Солодки корни, Эхинацеи пурпурной корневища с корнями | RX_OTC=OTC | Age=Взрослый | Простанорм — комбинированный препарат растительного происхождения, оказывает простатотропное, противовоспалительное, анальгезирующее и бактериостатическое действие (источники: vidal.ru, rlsnet.ru). Состав включает экстракт из смеси трав: зверобоя, золотарника канадского,…",redesign/artifacts/mnn_identity_enrichment_pass_searxng_raw.jsonl,461
8788,ПРОПИЦИЛ ТАБЛ. 50МГ №20 | ХАУПТ ФАРМА МЮНСТЕР ГМБХ | ХАУПТ ФАРМА МЮНСТЕР ГМБХ,Пропилтиоурацил,,none,unresolved_catalog,,,,new_enrichment,true,ok,0,ПРОПИЛТИОУРАЦИЛ,rx,универсальный,ПРОПИЛТИОУРАЦИЛ,enrichment,false,https://pharmproduct.ru/drugs/propicil | https://grls.rosminzdrav.ru/ | https://www.webapteka.ru/drugbase/name5573.html | https://www.vidal.ru/drugs/propycil__5744 | https://www.rlsnet.ru/drugs/propicil-6243 | https://medvisor.ru/medicine/drug/propitsil_38594/ | https://yandex.ru/medicine/medicaments/propitsil-tab | https://grls.rosminzdrav.ru/ | https://www.vidal.ru/drugs/propycil__5744 | https://www.rlsnet.ru/drugs/propicil-6243 | https://www.neboleem.net/propicil.php | https://www.webapteka.ru/drugbase/name5573.html,"status=ok | Category=Drug | mnn=ПРОПИЛТИОУРАЦИЛ | RX_OTC=RX | Age=Универсальный | Пропицил (МНН: пропилтиоурацил) — лекарственное средство, производитель Хаупт Фарма Берлин ГмбХ, Германия. Форма выпуска: таблетки 50 мг. Препарат применяется для лечения тиреотоксикоза, дозировка зависит от возраста: детям от 6 до 10 лет — 50-150 мг/сут, старше 10 лет и…",redesign/artifacts/mnn_identity_enrichment_pass_searxng_raw.jsonl,461
9197,ПОМОГУША СИРОП ДЕТСКИЙ ДЛЯ ДЕТЕЙ С 3-Х ЛЕТ ПРОТИВОПРОСТУДНЫЙ 100МЛ | ЮГ ООО | ЮГ ООО,,,none,unresolved_catalog,,,ok,new_enrichment,true,ok,0,,unknown,дети,,unresolved_final,true,https://grls.rosminzdrav.ru/ | https://rlp2.test.egisz.rosminzdrav.ru/registries/grls | https://edu-rosminzdrav.ru/grls-mnn-chto-eto/ | https://grls.rosminzdrav.ru/ | https://aptekamos.ru/tovary/pishhevye-produkty/pomogusha-13949/pomogusha-immunomoduliruyushhiyo-sirop-detskiyo-100ml-87305/instrukciya | https://aptekamos.ru/tovary/pishhevye-produkty/pomogusha-13949/pomogusha-uspokaivayushhiyo-sirop-detskiyo-100ml-101043/instrukciya | https://pharmznanie.ru/drugs/pomogusha-sirop-detskij-uspokaivayushhij-100-ml | http://lekhar.ru/wp-content/uploads/2018/06/%D0%9F%D0%BE%D0%BC%D0%BE%D0%B3%D1%83%D1%88%D0%B0-%D0%B8%D0%BD%D1%81%D1%82%D1%80%D1%83%D0%BA%D1%86%D0%B8%D1%8F-%D0%BF%D0%BE-%D0%BF%D1%80%D0%B8%D0%BC%D0%B5%D0%BD%D0%B5%D0%BD%D0%B8%D1%8E.pdf | https://pharmznanie.ru/drugs/pomogusha-sirop-dlya-detej-protivoprostudnyj-100-ml | http://lekhar.ru/lekarstva/preparaty-dlja-nervnoj-sistemy/pomogusha-instrukcija-po-primeneniju/ | https://instruk.world-shop.ru/pomogusha-sirop-detskiy-uspokaivayushchiy-instruktsiya/ | https://pharmznanie.ru/article/instrukcia-dla-farmacevta-kak-bystro-iskat-dostovernuu-informaciu-o-lekarstvah,"status=ok | Category=Other | RX_OTC=not applicable | Age=Детский | Согласно найденным инструкциям, препарат 'Помогуша' предназначен для детей с 3 лет. В инструкциях указаны дозировки для детей от 3 до 11 лет и от 11 до 14 лет. Однако в результатах поиска не найдено информации о регистрации в ГРЛС, МНН или рецептурном статусе. Упоминания о…",redesign/artifacts/mnn_identity_enrichment_pass_searxng_raw.jsonl,461
9539,"ПИКОДИНАР КАПЛИ Д/ПРИЕМА ВНУТРЬ 7,5МГ/МЛ ФЛ. 15МЛ | ГРОТЕКС ООО | ГРОТЕКС ООО",,,none,unresolved_catalog,,,,new_enrichment,true,ok,0,НАТРИЯ ПИКОСУЛЬФАТ,otc,универсальный,НАТРИЯ ПИКОСУЛЬФАТ,enrichment,false,https://www.vidal.ru/drugs/picodinar | https://www.lsgeotar.ru/drugs/picodinar-ADR8 | https://grls.rosminzdrav.ru/ | https://pharmproduct.ru/drugs/pikodinar | https://medi.ru/instrukciya/pikodinar_22342/ | https://medi.ru/instrukciya/pikodinar_22342/ | https://www.vidal.ru/drugs/picodinar | https://medvisor.ru/medicine/drug/pikodinar_38168/ | https://www.webapteka.ru/drugbase/name71305.html | https://bz.medvestnik.ru/drugs/242692.html | https://www.vidal.ru/drugs/picodinar | https://medi.ru/instrukciya/pikodinar_22342/,"status=ok | Category=Drug | mnn=НАТРИЯ ПИКОСУЛЬФАТ | RX_OTC=OTC | Age=Универсальный | Пикодинар является лекарственным средством (препаратом), действующее вещество — натрия пикосульфат (МНН). Отпускается без рецепта (bz.medvestnik.ru). Применяется у взрослых и детей старше 4 лет: взрослым и детям старше 10 лет — 10-20 капель в сутки, детям 4-10 лет — 5-10 капель…",redesign/artifacts/mnn_identity_enrichment_pass_searxng_raw.jsonl,461
9941,ПАРОДОНТОЦИД ОПОЛАСКИВАТЕЛЬ ДЛЯ ПОЛОСТИ РТА 250МЛ | МОСКОВСКАЯ ФФ | МОСКОВСКАЯ ФФ,,,none,unresolved_catalog,,,ok_partial,new_enrichment,true,error,2,,unknown,unknown,,unresolved_final,true,,status=error | error=transport,redesign/artifacts/mnn_identity_enrichment_pass_searxng_raw.jsonl,461
10046,ПАПАВЕРИН ТАБЛ. 40МГ №10 ИРБИТСКИЙ ХФЗ | ИРБИТСКИЙ ХИМЗАВОД ОАО | ИРБИТСКИЙ ХИМЗАВОД ОАО,Папаверин,,none,unresolved_catalog,,,,new_enrichment,true,ok,0,Папаверин,rx,универсальный,Папаверин,enrichment,false,https://www.rlsnet.ru/drugs/papaverin-26592 | https://www.vidal.ru/drugs/papaverin__5582 | https://www.rlsnet.ru/drugs/papaverin-26592 | https://allmed.pro/ru/drugs/papaverin | https://www.rlsnet.ru/drugs/papaverin-26592 | https://megapteka.ru/specials/guide_papaverin-instrukciya-po-873 | https://medi.ru/instrukciya/papaverin_22138/ | https://www.vidal.ru/drugs/papaverine__18543 | https://health.mail.ru/drug/papaverin_1/ | https://b-apteka.ru/articles/papaverin | https://medi.ru/instrukciya/papaverin_22140/ | https://medum.ru/papaverine,"status=ok | Category=Drug | mnn=Папаверин | RX_OTC=RX | Age=Универсальный | Препарат Папаверин является лекарственным средством (МНН: Папаверин). Согласно данным Государственного реестра лекарственных средств (ГРЛС), препарат отпускается по рецепту (источник: https://grls.pharm-portal.ru/grls/2993c030-54eb-4632-962e-e5c44550ab39). Инструкции указывают,…",redesign/artifacts/mnn_identity_enrichment_pass_searxng_raw.jsonl,461
10121,ПАНТЕНОЛ-ТЕВА МАЗЬ Д/НАРУЖ. ПРИМ. 5% ТУБА 35Г | МЕРКЛЕ ГМБХ | МЕРКЛЕ ГМБХ,Декспантенол,,none,unresolved_catalog,,,,new_enrichment,true,ok,0,Декспантенол,otc,универсальный,Декспантенол,enrichment,false,https://www.lsgeotar.ru/drugs/panthenol-teva-AFbX | https://www.lsgeotar.ru/drugs/panthenol-teva-ABTC | https://medvestnik.ru/ls/a0e3f25f-9418-4652-b715-7ee15463b169.html | https://health.mail.ru/drug/pantenolteva/ | https://www.webapteka.ru/drugbase/name51790.html | https://www.vidal.ru/drugs/panthenol-teva__7122 | https://health.mail.ru/drug/pantenolteva/ | https://zdesapteka.ru/instructions/pantenol-teva/ | https://yandex.ru/medicine/medicaments/pantenol-teva | https://www.vidal.ru/drugs/panthenol-teva__7122 | https://drugs.medelement.com/drug/%D0%BF%D0%B0%D0%BD%D1%82%D0%B5%D0%BD%D0%BE%D0%BB-%D1%82%D0%B5%D0%B2%D0%B0-%D0%B8%D0%BD%D1%81%D1%82%D1%80%D1%83%D0%BA%D1%86%D0%B8%D1%8F/181181471477650960?instruction_lang=RU | https://medvisor.ru/medicine/drug/pantenol-teva_37876/,"status=ok | Category=Drug | mnn=декспантенол | RX_OTC=OTC | Age=Универсальный | Пантенол-Тева — лекарственный препарат, содержащий действующее вещество декспантенол (МНН). Относится к группе стимуляторов регенерации тканей, является предшественником пантотеновой кислоты (витамин В5). Препарат отпускается без рецепта (источник: zdesapteka.ru). Применяется у…",redesign/artifacts/mnn_identity_enrichment_pass_searxng_raw.jsonl,461
10283,"ОТРИВИН КОМПЛЕКС СПРЕЙ НАЗ. 0,6МГ/МЛ + 0,5МГ/МЛ (84МКГ/ДОЗА+70МКГ/ДОЗА) ФЛ. 10МЛ | ГКС КОНСЬЮМЕР ХЕЛС С.А. | ГКС КОНСЬЮМЕР ХЕЛС С.А.",,,none,unresolved_catalog,,,,new_enrichment,true,ok,0,"Ксилометазолин, Ипратропия бромид",rx,взрослые,"Ксилометазолин, Ипратропия бромид",enrichment,false,https://www.vidal.ru/drugs/otrivin_complex__44371 | https://drugs.medelement.com/drug/%D0%BE%D1%82%D1%80%D0%B8%D0%B2%D0%B8%D0%BD-%D0%BA%D0%BE%D0%BC%D0%BF%D0%BB%D0%B5%D0%BA%D1%81-%D0%B8%D0%BD%D1%81%D1%82%D1%80%D1%83%D0%BA%D1%86%D0%B8%D1%8F/765800841538026890?instruction_lang=RU | https://www.rlsnet.ru/drugs/otrivin-kompleks-58632 | https://megapteka.ru/specials/guide_otrivin-instrukciya-po-1455 | https://www.vidal.ru/drugs/otrivin_complex__44371 | https://medi.ru/instrukciya/otrivin-kompleks_22044/ | https://www.rlsnet.ru/drugs/otrivin-kompleks-58632 | https://health.mail.ru/drug/otrivin-kompleks/ | https://zdesapteka.ru/instructions/otrivin-kompleks/ | https://www.vidal.ru/drugs/otrivin_complex__44371 | https://drugs.medelement.com/drug/%D0%BE%D1%82%D1%80%D0%B8%D0%B2%D0%B8%D0%BD-%D0%BA%D0%BE%D0%BC%D0%BF%D0%BB%D0%B5%D0%BA%D1%81-%D0%B8%D0%BD%D1%81%D1%82%D1%80%D1%83%D0%BA%D1%86%D0%B8%D1%8F/765800841538026890?instruction_lang=RU | https://www.vidal.ru/drugs/otrivin__23457,"status=ok | Category=Drug | mnn=Ксилометазолин, Ипратропия бромид | RX_OTC=RX | Age=Взрослый | Отривин Комплекс — комбинированный препарат, содержащий ксилометазолин (сосудосуживающее) и ипратропия бромид (антихолинергическое), применяется интраназально для облегчения носового дыхания при ринитах. Согласно инструкции, препарат предназначен для взрослых старше 18 лет (по…",redesign/artifacts/mnn_identity_enrichment_pass_searxng_raw.jsonl,461
11142,НУРОФАСТ ТАБЛ. П/ПЛЕН/ОБ. 200МГ №20 | АЛИУМ АО | АЛИУМ АО,Ибупрофен,,none,unresolved_catalog,,,,new_enrichment,true,ok,0,Ибупрофен,otc,универсальный,Ибупрофен,enrichment,false,https://www.vidal.ru/drugs/hurofast | https://www.rlsnet.ru/drugs/nurofast-79943 | https://aptekamos.ru/tovary/lekarstva/ibuprofen-333/nurofast-tabletki-200mg-95273/instrukciya | https://grls.rosminzdrav.ru/ | https://medi.ru/instrukciya/nurofast_21813/ | https://www.rlsnet.ru/drugs/nurofast-79943 | https://zdesapteka.ru/instructions/nurofast/ | https://www.vidal.ru/drugs/hurofast | https://www.vidal.ru/drugs/hurofast | https://www.rlsnet.ru/drugs/nurofast-79943 | https://yandex.ru/medicine/medicaments/nurofast | https://health.mail.ru/drug/nurofast-2/,"status=ok | Category=Drug | mnn=Ибупрофен | RX_OTC=OTC | Age=Универсальный | Нурофаст — лекарственный препарат, содержащий ибупрофен (МНН). Относится к НПВС, оказывает противовоспалительное, анальгезирующее и жаропонижающее действие (источник: Видаль, https://www.vidal.ru/drugs/hurofast). Применяется при головной, зубной боли, мигрени, болезненных…",redesign/artifacts/mnn_identity_enrichment_pass_searxng_raw.jsonl,461
11173,НО-ШПА ДУО ТАБЛ. 40МГ+500МГ №12 | ХИНОИН ЗАВОД ФАРМАЦЕВТИЧЕСКИХ И ХИМИЧЕСКИХ ПРОДУКТОВ ЗАО/ОПЕЛЛА ХЕЛСКЕА ВЕНГРИЯ ЛТД | ХИНОИН ЗАВОД ФАРМАЦЕВТИЧЕСКИХ И ХИМИЧЕСКИХ ПРОДУКТОВ ЗАО/ОПЕЛЛА ХЕЛСКЕА ВЕНГРИЯ ЛТД,Дротаверин + Парацетамол,,none,unresolved_catalog,,,,new_enrichment,true,ok,0,"Дротаверин, Парацетамол",otc,универсальный,"Дротаверин, Парацетамол",enrichment,false,https://www.vidal.ru/drugs/unispaz_n__25205 | https://www.rlsnet.ru/drugs/no-spa-duo-85418 | https://aptekamos.ru/tovary/lekarstva/drotaverin-paracetamol-12760/no-shpa-duo-tabletki-40mg-500mg-98899/instrukciya | https://www.vidal.ru/drugs/no-spa__591 | https://apteka.ru/product/no-shpa-duo-40-mg--500-mg-12-sht-tabletki-6350ea2c5d0cc7efccd23d04/instructions/ | https://www.webapteka.ru/drugbase/name72674.html | https://www.rlsnet.ru/drugs/no-spa-duo-85418 | https://www.rlsnet.ru/drugs/no-spa-2216 | https://yandex.ru/medicine/medicaments/no-shpa-duo | https://www.vidal.ru/drugs/unispaz_n__25205 | https://zdesapteka.ru/instructions/no-shpa-duo/ | https://www.pharmcontrol.ru/registry/drugs/14854/,"status=ok | Category=Drug | mnn=Дротаверин, Парацетамол | RX_OTC=OTC | Age=Универсальный | Препарат Но-шпа Дуо содержит дротаверин и парацетамол (МНН: Дротаверин+Парацетамол) и зарегистрирован в ГРЛС (рег. номер ЛСР-000858/10). Согласно инструкции, он показан взрослым, подросткам и детям от 6 лет при болевом синдроме слабой и умеренной интенсивности. Отпускается без…",redesign/artifacts/mnn_identity_enrichment_pass_searxng_raw.jsonl,461
11272,НООТРОП КАПС. №48 | ВИС ООО | ВИС ООО,,,none,unresolved_catalog,,,ok,new_enrichment,true,ok,0,,unknown,универсальный,,unresolved_final,true,https://www.rlsnet.ru/drugs/nootropil-65 | https://www.vidal.ru/drugs/nootropil__606 | https://www.asna.ru/product/nootrop/instruction/ | https://www.neboleem.net/nootrop.php | https://www.vidal.ru/drugs/nootropil__607 | https://aptekamos.ru/tovary/lekarstva/piracetam-726/nootropil-tabletki-1200mg-7002/instrukciya | https://megapteka.ru/specials/guide_nootropil-instrukciya-po-1344 | https://grls.rosminzdrav.ru/ | https://rlp.test.egisz.rosminzdrav.ru/ | https://www.asna.ru/product/nootrop/instruction/ | https://www.asna.ru/product/nootrop/instruction/ | https://www.neboleem.net/nootrop.php,"status=ok | Category=BAS | RX_OTC=not applicable | Age=Универсальный | Согласно найденным источникам, препарат «Ноотроп» (капсулы №48, производитель ВИС ООО) относится к биологически активным добавкам (БАД), а не к лекарственным средствам. Например, на сайте neboleem.net указано: «Ноотроп - нелекарственный препарат, относящийся к классу…",redesign/artifacts/mnn_identity_enrichment_pass_searxng_raw.jsonl,461
11277,НООКЛЕРИН Р-Р Д/ПРИЕМА ВНУТРЬ 200МГ/МЛ ФЛ. 100МЛ | ЭКОХИМ-ИННОВАЦИИ ООО | ЭКОХИМ-ИННОВАЦИИ ООО,,,none,unresolved_catalog,,,,new_enrichment,true,ok,0,Deanol aceglumate,rx,универсальный,Deanol aceglumate,enrichment,false,https://www.vidal.ru/drugs/nooclerin__2971 | https://www.rlsnet.ru/drugs/nooklerin-16393 | https://aptekamos.ru/tovary/lekarstva/deanola-aceglumat-1323/nooklerin-rastvor-200mg-ml-100ml-25670/instrukciya | https://megapteka.ru/specials/guide_nooklerin-instrukciya-po-2692 | https://medi.ru/instrukciya/nooklerin_6864/ | https://allmed.pro/ru/drugs/nooklerin | https://www.rlsnet.ru/drugs/nooklerin-16393 | https://www.vidal.ru/drugs/nooclerin__2971 | https://medi.ru/instrukciya/nooklerin_6864/ | https://health.mail.ru/drug/nooklerin/ | https://megapteka.ru/specials/guide_nooklerin-instrukciya-po-2692 | https://www.vidal.ru/drugs/nooclerin__2971,"status=ok | Category=Drug | mnn=Deanol aceglumate | RX_OTC=RX | Age=Универсальный | Нооклерин — ноотропный препарат, по химической структуре близкий к естественным метаболитам головного мозга (ГАМК, глутаминовая кислота). Действующее вещество — деанола ацеглумат (Deanol aceglumate). Препарат применяется у взрослых и детей (с 10 лет) для лечения умственной…",redesign/artifacts/mnn_identity_enrichment_pass_searxng_raw.jsonl,461
11292,"НОЛЬПАЗА ТАБЛ. КИШ/РАСТ. П/ПЛЕН/ОБ. 20МГ №28 | КРКА Д.Д., НОВО МЕСТО АО/КРКА-РУС ООО | КРКА Д.Д., НОВО МЕСТО АО/КРКА-РУС ООО",Пантопразол,,none,unresolved_catalog,,,,new_enrichment,true,ok,0,Пантопразол,rx,универсальный,Пантопразол,enrichment,false,https://www.vidal.ru/drugs/nolpaza__21167 | https://aptekamos.ru/tovary/lekarstva/pantoprazol-5418/nolpaza-tabletki-20mg-50635/instrukciya | https://www.rlsnet.ru/drugs/nolpaza-36065 | https://www.webapteka.ru/drugbase/name19800.html | https://www.vidal.ru/drugs/nolpaza__21167 | https://medi.ru/instrukciya/nolpaza_3677/ | https://www.webapteka.ru/drugbase/name19800.html | https://www.asna.ru/product/nolpaza/instruction/ | https://www.rlsnet.ru/drugs/nolpaza-36065 | https://drugs.medelement.com/drug/%D0%BD%D0%BE%D0%BB%D1%8C%D0%BF%D0%B0%D0%B7%D0%B0-%D1%82%D0%B0%D0%B1%D0%BB%D0%B5%D1%82%D0%BA%D0%B8-40-%D0%B8%D0%BD%D1%81%D1%82%D1%80%D1%83%D0%BA%D1%86%D0%B8%D1%8F/854488901477650955?instruction_lang=RU | https://tabletka.ru/selection/nolpaza/instruction/ | https://www.krka.ru/_assets/Nolpaza-grtab_PIL_appr.-28072021.pdf,"status=ok | Category=Drug | mnn=Пантопразол | RX_OTC=RX | Age=Универсальный | Нольпаза является лекарственным средством (препаратом), согласно данным Государственного реестра лекарственных средств (ГРЛС) и других источников. Действующее вещество — пантопразол (МНН: Пантопразол). Препарат относится к ингибиторам протонного насоса, снижает секрецию соляной…",redesign/artifacts/mnn_identity_enrichment_pass_searxng_raw.jsonl,461
11293,"НОЛЬПАЗА ТАБЛ. КИШ/РАСТ. П/ПЛЕН/ОБ. 20МГ №14 | КРКА Д.Д., НОВО МЕСТО АО/КРКА-РУС ООО | КРКА Д.Д., НОВО МЕСТО АО/КРКА-РУС ООО",Пантопразол,,none,unresolved_catalog,,,,new_enrichment,true,ok,0,Пантопразол,rx,универсальный,Пантопразол,enrichment,false,https://www.vidal.ru/drugs/nolpaza__21167 | https://www.rlsnet.ru/drugs/nolpaza-36065 | https://aptekamos.ru/tovary/lekarstva/pantoprazol-5418/nolpaza-tabletki-20mg-50635/instrukciya | https://www.webapteka.ru/drugbase/name19800.html | https://allmed.pro/ru/drugs/nol_paza | https://www.webapteka.ru/drugbase/name19800.html | https://www.rlsnet.ru/drugs/nolpaza-36065 | https://www.vidal.ru/drugs/nolpaza__21167 | https://www.vidal.ru/drugs/nolpaza__21167 | https://medi.ru/instrukciya/nolpaza_3677/ | https://www.webapteka.ru/drugbase/name19800.html | https://www.asna.ru/product/nolpaza/instruction/,"status=ok | Category=Drug | mnn=Пантопразол | RX_OTC=RX | Age=Универсальный | Нольпаза — лекарственный препарат, ингибитор протонного насоса. Активное вещество — пантопразол (в форме натрия сесквигидрата). Относится к рецептурным препаратам. Применяется у взрослых и детей (с 5 лет) при ГЭРБ и других кислотозависимых состояниях. Информация о возрастных…",redesign/artifacts/mnn_identity_enrichment_pass_searxng_raw.jsonl,461
11667,"НИКОРЕТТЕ СПРЕЙ Д/СЛИЗИСТ. ОБОЛОЧ. ПОЛОСТИ РТА ДОЗИР. ФРУКТОВО-МЯТНЫЙ 1МГ/ДОЗА ФЛ. 13,2МЛ 150ДОЗ №2 | МАКНИЛ АБ | МАКНИЛ АБ",,,none,unresolved_catalog,,,,new_enrichment,true,ok,0,Никотин,otc,взрослые,Никотин,enrichment,false,https://pharmproduct.ru/drugs/nikorette | https://www.vidal.ru/drugs/nicorette__31749 | https://aptekamos.ru/tovary/lekarstva/nikotin-631/nikorette-tabletki-dlya-rassasyvaniya-myatnye-2mg-99512/instrukciya | https://aptekamos.ru/tovary/lekarstva/nikotin-631/nikorette-zhevatelnaya-rezinka-2mg-6085/instrukciya | https://www.eapteka.ru/spb/goods/nikorette/ | https://www.pharmcontrol.ru/registry/drugs/10356/ | https://grls.pharm-portal.ru/grls/1348e5ec-bb93-4775-aa80-33fdd762e6a5 | https://grls.pharm-portal.ru/grls/ac0d517f-d4b1-4619-9d64-6fed02b41fba | https://zdravmedinform.ru/grls/reg-lp-010764-rg-ru.html | https://grls.pharm-portal.ru/grls/ac0d517f-d4b1-4619-9d64-6fed02b41fba | https://grls.pharm-portal.ru/grls/1348e5ec-bb93-4775-aa80-33fdd762e6a5 | https://www.pharmcontrol.ru/registry/drugs/10356/,"status=ok | Category=Drug | mnn=Никотин | RX_OTC=OTC | Age=Взрослый | Никоретте — лекарственный препарат, МНН Никотин (источники: ГРЛС, PharmProduct, Видаль). Применяется для лечения табачной зависимости, снижения потребности в никотине и облегчения симптомов отмены при отказе от курения (aptekamos.ru). Препарат отпускается без рецепта…",redesign/artifacts/mnn_identity_enrichment_pass_searxng_raw.jsonl,461
12389,"МЯТЫ ПЕРЕЧНОЙ ЛИСТЬЯ Ф/П 1,5Г №20 ЗДОРОВЬЕ | ЗДОРОВЬЕ ФИРМА ООО | ЗДОРОВЬЕ ФИРМА ООО",Мяты перечной листья,,none,unresolved_catalog,,,ok_partial,new_enrichment,true,ok,0,Мяты перечной листья,otc,универсальный,Мяты перечной листья,enrichment,false,https://www.lsgeotar.ru/drugs/peppermint-leaves-AGrj | https://allmed.pro/ru/drugs/mjaty-perechnoj-listja | https://www.vidal.ru/drugs/menthae_piperitae_folia__34177 | https://www.vidal.ru/drugs/menthae_piperitae_folia__34177 | https://zdesapteka.ru/instructions/myaty-perechnoy-listya/ | https://medum.ru/listya-myaty-perechnoy | https://health.mail.ru/drug/myaty-perechnoy-listya/ | https://medi.ru/instrukciya/myaty-perechnoy-listya_21404/ | https://www.rlsnet.ru/drugs/myaty-perecnoi-listya-5753 | https://medi.ru/instrukciya/myaty-perechnoy-listya_21407/ | https://medum.ru/listya-myaty-perechnoj | https://vaskov.pro/grls/0ae96ff7-9b56-125e-819b-6c3d2b3602a7,"status=ok | Category=Drug | mnn=Мяты перечной листья | RX_OTC=OTC | Age=Универсальный | Мяты перечной листья — лекарственное средство растительного происхождения. Согласно инструкциям, настой обладает спазмолитическим, успокаивающим, желчегонным, противорвотным и местнораздражающим действием (lsgeotar.ru, vidal.ru). Препарат применяется внутрь 2-3 раза в день за…",redesign/artifacts/mnn_identity_enrichment_pass_searxng_raw.jsonl,461
13125,МИКРОГИНОН ТАБЛ. П/О 150МКГ+30МКГ №21 | ДЕЛЬФАРМ ЛИЛЛЬ С.А.С | ДЕЛЬФАРМ ЛИЛЛЬ С.А.С,,,none,unresolved_catalog,,,,new_enrichment,true,ok,0,"levonorgestrel, ethinylestradiol",rx,взрослые,"levonorgestrel, ethinylestradiol",enrichment,false,https://www.vidal.ru/drugs/microgynon__533 | https://health.mail.ru/drug/mikroginon-1/ | https://aptekamos.ru/tovary/lekarstva/levonorgestrel-etinilestradiol-1242/mikroginon-tabletki-150mkg-30mkg-73470/instrukciya | https://megapteka.ru/specials/guide_mikroginon-instrukciya-po-4268 | https://www.webapteka.ru/drugbase/name7941.html | https://www.rlsnet.ru/drugs/mikroginon-1996 | https://allmed.pro/ru/drugs/mikroginon | https://www.vidal.ru/drugs/microgynon__533 | https://health.mail.ru/drug/mikroginon-1/ | https://grls.rosminzdrav.ru/ | https://listel.ru/%D0%9C%D0%98%D0%9A%D0%A0%D0%9E%D0%93%D0%98%D0%9D%D0%9E%D0%9D | https://www.vidal.ru/drugs/microgynon__533,"status=ok | Category=Drug | mnn=levonorgestrel, ethinylestradiol | RX_OTC=RX | Age=Взрослый | Микрогинон — комбинированный эстроген-гестагенный контрацептивный препарат. Согласно инструкции, он подавляет овуляцию и повышает вязкость секрета шейки матки. Препарат является рецептурным (источник: allmed.pro). Информация о возрастных ограничениях в найденных источниках…",redesign/artifacts/mnn_identity_enrichment_pass_searxng_raw.jsonl,461
13645,МЕКСИПРИМ ТАБЛ. П/ПЛЕН/ОБ. 125МГ №60 | ОБНИНСКАЯ ХИМИКО-ФАРМАЦЕВТИЧЕСКАЯ КОМПАНИЯ | ОБНИНСКАЯ ХИМИКО-ФАРМАЦЕВТИЧЕСКАЯ КОМПАНИЯ,Этилметилгидроксипиридина сукцинат,,none,unresolved_catalog,,,,new_enrichment,true,ok,0,Этилметилгидроксипиридина Сукцинат,rx,взрослые,Этилметилгидроксипиридина Сукцинат,enrichment,false,https://aptekamos.ru/tovary/lekarstva/etilmetilgidroksipiridina-sukcinat-7533/meksiprim-tabletki-125mg-45612/instrukciya | https://www.vidal.ru/drugs/mexiprim__24918 | https://megapteka.ru/specials/guide_meksiprim-instrukciya-po-1438 | https://megapteka.ru/specials/guide_meksiprim-instrukciya-po-1438 | https://www.vidal.ru/drugs/mexiprim__24918 | https://medum.ru/meksiprim | https://www.webapteka.ru/drugbase/name20046.html | https://zdesapteka.ru/instructions/meksiprim/ | https://www.vidal.ru/drugs/mexiprim__24918 | https://medi.ru/instrukciya/meksiprim_7762/ | https://aptekamos.ru/tovary/lekarstva/etilmetilgidroksipiridina-sukcinat-7533/meksiprim-tabletki-125mg-45612/instrukciya | https://www.rlsnet.ru/drugs/meksiprim-31340,"status=ok | Category=Drug | mnn=этилметилгидроксипиридина сукцинат | RX_OTC=RX | Age=Взрослый | Мексиприм является лекарственным препаратом (категория Drug). Действующее вещество - этилметилгидроксипиридина сукцинат (МНН). Препарат отпускается по рецепту (RX). Инструкция по применению указывает, что Мексиприм назначают внутрь, дозы и продолжительность лечения определяются…",redesign/artifacts/mnn_identity_enrichment_pass_searxng_raw.jsonl,461
14164,"МАКСИКОЛД ЛОР ТАБС ДВОЙНОЕ ДЕЙСТВИЕ ТАБЛ. Д/РАССАС. 8,75МГ+1МГ №20 | ФАРМСТАНДАРТ-ЛЕКСРЕДСТВА / ОТИСИФАРМ ПРО | ФАРМСТАНДАРТ-ЛЕКСРЕДСТВА / ОТИСИФАРМ ПРО",Бензокаин + Цетилпиридиния хлорид,,none,unresolved_catalog,,,,new_enrichment,true,ok,0,"Бензокаин, Цетилпиридиния хлорид",otc,универсальный,"Бензокаин, Цетилпиридиния хлорид",enrichment,false,https://www.vidal.ru/drugs/maxicold-lor-tabs-double-action | https://medi.ru/instrukciya/maksikold-lor-tabs_26719/ | https://medum.ru/maksikold-lor-tabs-dvojnoe-dejstvie | https://health.mail.ru/drug/maksikold_lor_tabs_dvoynoe_deystvie/ | https://zdesapteka.ru/instructions/maksikold-lor-tabs-dvoynoe-deystvie/ | https://www.lsgeotar.ru/drugs/maxicold-lor-tabs-double-action-BAsh | https://medi.ru/instrukciya/maksikold-lor-tabs_26719/ | https://zdesapteka.ru/instructions/maksikold-lor-tabs-dvoynoe-deystvie/ | https://www.vidal.ru/drugs/maxicold-lor-tabs-double-action | https://medum.ru/maksikold-lor-tabs-dvojnoe-dejstvie | https://health.mail.ru/drug/maksikold_lor_tabs_dvoynoe_deystvie/ | https://otcpharm.ru/files/iblock/d20/1qf9g9bx7z1o3l6pqpb36ymile8rj0ut/maksikold_lor_tabs_dvoynoe_deystvie.pdf,"status=ok | Category=Drug | mnn=Бензокаин, Цетилпиридиния хлорид | RX_OTC=OTC | Age=Универсальный | Максиколд ЛОР табс двойное действие — лекарственный препарат, оказывающий местное обезболивающее и противовоспалительное действие на слизистую оболочку полости рта и глотки (источники: vidal.ru, medi.ru). Согласно инструкции, препарат применяется для симптоматического лечения…",redesign/artifacts/mnn_identity_enrichment_pass_searxng_raw.jsonl,461
14593,ЛОРНОКСЕФ ТАБЛ. П/ПЛЕН/ОБ. 8МГ №10 | ФАРМПРОЕКТ АО | ФАРМПРОЕКТ АО,Лорноксикам,,none,unresolved_catalog,,,,new_enrichment,true,ok,0,Лорноксикам,rx,взрослые,Лорноксикам,enrichment,false,https://www.vidal.ru/drugs/lornoksef | https://www.lsgeotar.ru/drugs/lornoxef-AFlK | https://medi.ru/instrukciya/lornoksef_28589/ | https://pharmproduct.ru/drugs/lornoksef | https://www.rlsnet.ru/drugs/lornoksef-90277 | https://medum.ru/lornoxef | https://medum.ru/lornoksef | https://medi.ru/instrukciya/lornoksef_28589/ | https://www.vidal.ru/drugs/lornoksef | https://kiberis.ru/?p=29956&lang=ru | https://pharmproduct.ru/drugs/lornoksef | https://www.rlsnet.ru/drugs/lornoksef-90277,"status=ok | Category=Drug | mnn=Лорноксикам | RX_OTC=RX | Age=Взрослый | Лорноксеф (торговое наименование) содержит действующее вещество лорноксикам, которое является нестероидным противовоспалительным средством из группы оксикамов (источник: lsgeotar.ru, medi.ru). Препарат выпускается в форме таблеток, покрытых пленочной оболочкой, 4 мг и 8 мг…",redesign/artifacts/mnn_identity_enrichment_pass_searxng_raw.jsonl,461
14679,ЛОПЕРАМИД ТАБЛ. 2МГ №30 ОЗОН | ОЗОН ООО | ОЗОН ООО,Лоперамид,,none,unresolved_catalog,,,,new_enrichment,true,ok,0,Лоперамид,otc,универсальный,Лоперамид,enrichment,false,https://www.vidal.ru/drugs/loperamide__30636 | https://grls.rosminzdrav.ru/ | https://rlp.test.egisz.rosminzdrav.ru/ | https://allmed.pro/ru/drugs/loperamid | https://www.vidal.ru/drugs/loperamide__30636 | https://health.mail.ru/drug/loperamid-1/ | https://www.vidal.ru/drugs/loperamide-1 | https://dsc-stom.com/articles/loperamid-instruktsiya-po-primeneniyu-dlya-detej | https://medi.ru/instrukciya/loperamid_20951/ | https://www.rlsnet.ru/drugs/loperamid-1854 | https://www.asna.ru/product/loperamid/instruction/ | https://aptekamos.ru/tovary/lekarstva/loperamid-497/loperamid-tabletki-2mg-5127/instrukciya,"status=ok | Category=Drug | mnn=Лоперамид | RX_OTC=OTC | Age=Универсальный | Лоперамид является лекарственным средством (МНН: Лоперамид). Согласно инструкции, он применяется при острой и хронической диарее. Препарат доступен в форме таблеток по 2 мг. Взрослым максимальная суточная доза составляет 12 мг, детям в возрасте 4-8 лет - по 1 мг 3-4 раза в…",redesign/artifacts/mnn_identity_enrichment_pass_searxng_raw.jsonl,461
14719,"ЛОКОИД КРЕЛО ЭМУЛЬСИЯ Д/НАРУЖ. ПРИМ. 0,1% ФЛ. 30Г | ТЕММЛЕР ИТАЛИА С.Р.Л | ТЕММЛЕР ИТАЛИА С.Р.Л",Гидрокортизон,,none,unresolved_catalog,,,,new_enrichment,true,ok,0,Гидрокортизон,rx,универсальный,Гидрокортизон,enrichment,false,https://pharmproduct.ru/drugs/lokoid-krelo | https://medvisor.ru/medicine/drug/lokoid-krelo_35770/ | https://drugs.medelement.com/drug/%D0%BB%D0%BE%D0%BA%D0%BE%D0%B8%D0%B4-%D0%BA%D1%80%D0%B5%D0%BB%D0%BE-%D0%B8%D0%BD%D1%81%D1%82%D1%80%D1%83%D0%BA%D1%86%D0%B8%D1%8F/176611191477650941?instruction_lang=RU | https://medum.ru/lokoid-krelo | https://www.rlsnet.ru/drugs/lokoid-krelo-1843 | https://health.mail.ru/drug/lokoid-krelo/ | https://www.vidal.ru/drugs/locoid_crelo__30234 | https://drugs.medelement.com/drug/%D0%BB%D0%BE%D0%BA%D0%BE%D0%B8%D0%B4-%D0%BA%D1%80%D0%B5%D0%BB%D0%BE-%D0%B8%D0%BD%D1%81%D1%82%D1%80%D1%83%D0%BA%D1%86%D0%B8%D1%8F/176611191477650941?instruction_lang=RU | https://medi.ru/instrukciya/lokoid-krelo_20936/ | https://apteka.ru/product/lokoid-krelo-01-emulsiya-30-gr-5e3277bbca7bdc000193448e/instructions/ | https://zdesapteka.ru/instructions/lokoid-krelo/ | https://medum.ru/lokoid-krelo,"status=ok | Category=Drug | mnn=Гидрокортизон | RX_OTC=RX | Age=Универсальный | Локоид Крело является лекарственным средством (препаратом), зарегистрированным в ГРЛС (рег. номер ЛП-№ (013900)-(РГ-RU)). МНН: Гидрокортизон. Препарат относится к глюкокортикостероидам для наружного применения. Согласно инструкции, возможно применение у детей с 6-месячного…",redesign/artifacts/mnn_identity_enrichment_pass_searxng_raw.jsonl,461
14758,"ЛОЗАРТАН Н ТАБЛ. П/ПЛЕН/ОБ. 12,5МГ+100МГ №30 ОЗОН | ОЗОН ООО | ОЗОН ООО",Лозартан + Гидрохлоротиазид,,none,unresolved_catalog,,,,new_enrichment,true,ok,0,"Лозартан, Гидрохлоротиазид",rx,взрослые,"Лозартан, Гидрохлоротиазид",enrichment,false,https://www.vidal.ru/drugs/losartan-n | https://aptekamos.ru/tovary/lekarstva/gidroxlorotiazid-lozartan-1484/lozartan-n-tabletki-12-5mg-50mg-85623/instrukciya | https://aptekamos.ru/tovary/lekarstva/gidroxlorotiazid-lozartan-1484/lozartan-n-kanon-tabletki-25mg-100mg-77982/instrukciya | https://www.rlsnet.ru/drugs/lozartan-30163 | https://www.rlsnet.ru/drugs/lozartan-n-78925 | https://allmed.pro/ru/drugs/lozartan | https://www.vidal.ru/drugs/losartan-n | https://www.rlsnet.ru/drugs/lozartan-30163 | https://www.webapteka.ru/drugbase/name62367.html | https://www.rlsnet.ru/drugs/lozartan-n-78925 | https://www.webapteka.ru/drugbase/name19179.html | https://www.asna.ru/product/lozartan/instruction/,"status=ok | Category=Drug | mnn=лозартан, гидрохлоротиазид | RX_OTC=RX | Age=Взрослый | Лозартан Н — комбинированный препарат, содержащий лозартан и гидрохлоротиазид, применяется для лечения артериальной гипертензии (источники: Видаль, РЛС). Отпускается по рецепту (источник: allmed.pro). Инструкции указывают на применение у взрослых, данные о применении у детей в…",redesign/artifacts/mnn_identity_enrichment_pass_searxng_raw.jsonl,461
14780,ЛОЗАРТАН-ВЕРТЕКС ТАБЛ. П/ПЛЕН/ОБ. 25МГ №30 | ВЕРТЕКС АО | ВЕРТЕКС АО,Лозартан,,none,unresolved_catalog,,,,new_enrichment,true,ok,0,Лозартан,rx,взрослые,Лозартан,enrichment,false,https://www.rlsnet.ru/drugs/lozartan-verteks-79873 | https://aptekamos.ru/tovary/lekarstva/lozartan-494/lozartan-verteks-tabletki-100mg-94293/instrukciya | https://vertex.spb.ru/upload/medialibrary/1a9/%D0%9B%D0%BE%D0%B7%D0%B0%D1%80%D1%82%D0%B0%D0%BD-%D0%92%D0%95%D0%A0%D0%A2%D0%95%D0%9A%D0%A1.pdf | https://medi.ru/instrukciya/lozartan-verteks_20931/ | https://www.vidal.ru/drugs/losartan__42178 | https://www.asna.ru/product/lozartan_verteks/instruction/ | https://health.mail.ru/drug/lozartanverteks/ | https://www.webapteka.ru/drugbase/name71676.html | https://www.rlsnet.ru/drugs/lozartan-verteks-79873 | https://www.vidal.ru/drugs/losartan__42178 | https://vertex.spb.ru/upload/medialibrary/1a9/%D0%9B%D0%BE%D0%B7%D0%B0%D1%80%D1%82%D0%B0%D0%BD-%D0%92%D0%95%D0%A0%D0%A2%D0%95%D0%9A%D0%A1.pdf | https://aptekamos.ru/tovary/lekarstva/lozartan-494/lozartan-verteks-tabletki-100mg-94293/instrukciya,"status=ok | Category=Drug | mnn=Лозартан | RX_OTC=RX | Age=Взрослый | Лозартан-ВЕРТЕКС является лекарственным препаратом, действующим веществом которого является лозартан (в виде лозартана калия). Он относится к блокаторам рецепторов ангиотензина II (АРА II) и применяется для лечения артериальной гипертензии. Согласно инструкции, препарат…",redesign/artifacts/mnn_identity_enrichment_pass_searxng_raw.jsonl,461
16623,КОФЕИН-БЕНЗОАТ НАТРИЯ ТАБЛ. 100МГ №10 ТАТХИМФАРМПРЕПАРАТЫ | ТАТХИМФАРМПРЕПАРАТЫ АО | ТАТХИМФАРМПРЕПАРАТЫ АО,Кофеин,,none,unresolved_catalog,,,,new_enrichment,true,ok,0,Кофеин,rx,универсальный,Кофеин,enrichment,false,https://aptekamos.ru/tovary/lekarstva/kofein-459/kofein-benzoat-natriya-rastvor-dlya-inekciyo-20-1ml-4682/instrukciya | https://aptekamos.ru/tovary/lekarstva/kofein-459/kofein-benzoat-natriya-tabletki-100mg-4685/instrukciya | http://drugs.thead.ru/Kofein-Benzoat_Natriya | https://www.vidal.ru/drugs/coffein-benzoate_sodium__5094 | https://aptekamos.ru/tovary/lekarstva/kofein-459/kofein-benzoat-natriya-rastvor-dlya-inekciyo-20-1ml-4682/instrukciya | https://allmed.pro/ru/drugs/kofein-benzoat-natrija | https://www.rlsnet.ru/drugs/kofein-benzoat-natriya-4430 | https://www.vidal.ru/drugs/coffein-benzoate_sodium__5094 | https://aptekamos.ru/tovary/lekarstva/kofein-459/kofein-benzoat-natriya-tabletki-100mg-4685/instrukciya | https://www.vidal.ru/drugs/coffein-benzoate_sodium__5094 | https://www.webapteka.ru/drugbase/name3346.html | https://www.rlsnet.ru/drugs/kofein-benzoat-natriya-4430,"status=ok | Category=Drug | mnn=Кофеин | RX_OTC=RX | Age=Универсальный | Кофеин-бензоат натрия является лекарственным средством (препаратом), действующим веществом которого является кофеин. Согласно инструкциям, он оказывает психостимулирующее и аналептическое действие, блокируя аденозиновые рецепторы (источник: vidal.ru, aptekamos.ru). Препарат…",redesign/artifacts/mnn_identity_enrichment_pass_searxng_raw.jsonl,461
17666,КЕТОПРОФЕН-АКОС ГЕЛЬ Д/НАРУЖ. ПРИМ. 5% ТУБА 30Г | СИНТЕЗ | СИНТЕЗ,Кетопрофен,,none,unresolved_catalog,,,,new_enrichment,true,ok,0,Кетопрофен,rx,взрослые,Кетопрофен,enrichment,false,https://www.lsgeotar.ru/drugs/ketoprofen-acos-ACpa | https://www.rlsnet.ru/drugs/ketoprofen-akos-84174 | https://www.lsgeotar.ru/drugs/ketoprofen-acos-ACsS | https://pharmproduct.ru/drugs/ketoprofen-akos | https://www.rlsnet.ru/drugs/ketoprofen-akos-84174 | https://health.mail.ru/drug/ketoprofenakos-1/ | https://www.vidal.ru/drugs/ketoprofen-acos-1 | https://www.lsgeotar.ru/drugs/ketoprofen-acos-ACsS | https://www.vidal.ru/drugs/ketoprofen-acos | https://health.mail.ru/drug/ketoprofenakos-3/ | https://www.vidal.ru/drugs/ketoprofen-acos-2 | https://www.rlsnet.ru/drugs/ketoprofen-akos-84174,"status=ok | Category=Drug | mnn=Кетопрофен | RX_OTC=RX | Age=Взрослый | Кетопрофен-АКОС является нестероидным противовоспалительным препаратом (НПВП), оказывающим противовоспалительное, анальгезирующее и жаропонижающее действие (источник: lsgeotar.ru). Согласно инструкции, препарат противопоказан детям до 15 лет (источник: vidal.ru). Отпускается по…",redesign/artifacts/mnn_identity_enrichment_pass_searxng_raw.jsonl,461
17884,КАРДИОЛИП ТАБЛ. П/ПЛЕН/ОБ. 10МГ №90 | АЛСИ ФАРМА ЗАО | АЛСИ ФАРМА ЗАО,,,none,unresolved_catalog,,,,new_enrichment,true,ok,0,Розувастатин,rx,взрослые,Розувастатин,enrichment,false,https://allmed.pro/ru/drugs/kardiolip | https://www.webapteka.ru/drugbase/name71194.html | https://zdesapteka.ru/instructions/kardiolip/ | https://yandex.ru/medicine/medicaments/kardiolip | https://medum.ru/kardiolip | https://www.rlsnet.ru/drugs/kardiolip-79473 | https://www.rlsnet.ru/drugs/kardiolip-79473 | https://www.vidal.ru/drugs/cardiolip | https://medi.ru/instrukciya/kardiolip_16671/ | https://www.asna.ru/product/kardiolip/instruction/ | https://medside.ru/kardiolip | https://medum.ru/kardiolip,"status=ok | Category=Drug | mnn=Розувастатин | RX_OTC=RX | Age=Взрослый | Кардиолип является гиполипидемическим препаратом, селективным конкурентным ингибитором ГМГ-КоА-редуктазы (источник: allmed.pro, eapteka.ru). Действующее вещество — розувастатин (источник: medum.ru). Препарат эффективен у взрослых пациентов с гиперхолестеринемией, с или без…",redesign/artifacts/mnn_identity_enrichment_pass_searxng_raw.jsonl,461
17886,КАРДИОЛИП ТАБЛ. П/ПЛЕН/ОБ. 10МГ №30 | АЛСИ ФАРМА ЗАО | АЛСИ ФАРМА ЗАО,,,none,unresolved_catalog,,,,new_enrichment,true,ok,0,Розувастатин,rx,взрослые,Розувастатин,enrichment,false,https://megapteka.ru/specials/guide_kardiolip-instrukciya-po-4001 | https://www.rlsnet.ru/drugs/kardiolip-79473 | https://www.vidal.ru/drugs/cardiolip | https://www.apteka-april.ru/product/227941-kardiolip_tabletki_20mg_30 | https://apteka.ru/product/kardiolip-20-mg-60-sht-tabletki-pokrytye-plenochnoj-obolochkoj-5e326e2465b5ab0001653fb5/instructions/ | https://allmed.pro/ru/drugs/kardiolip | https://www.webapteka.ru/drugbase/name71194.html | https://zdesapteka.ru/instructions/kardiolip/ | https://yandex.ru/medicine/medicaments/kardiolip | https://medum.ru/kardiolip | https://www.rlsnet.ru/drugs/kardiolip-79473 | https://www.rlsnet.ru/drugs/kardiolip-79473,"status=ok | Category=Drug | mnn=Розувастатин | RX_OTC=RX | Age=Взрослый | Кардиолип — гиполипидемическое средство из группы статинов, ингибитор ГМГ-КоА-редуктазы (источник: vidal.ru). Действующее вещество — розувастатин (источник: medum.ru). Препарат эффективен у взрослых пациентов с гиперхолестеринемией (источник: allmed.pro). Противопоказан при…",redesign/artifacts/mnn_identity_enrichment_pass_searxng_raw.jsonl,461
18179,КАЛЬЦИЯ ГЛЮКОНАТ ЭКО ТАБЛ. ПО 500МГ №10 | ЭКОТЕКС ООО | ЭКОТЕКС ООО,Кальция глюконат,,none,unresolved_catalog,,,ok,new_enrichment,true,ok,0,,unknown,универсальный,,unresolved_final,true,https://medum.ru/kalciya-glyukonat-ehko | https://www.lsgeotar.ru/supplements/calcium-gluconate-eco-without-flavoring-ABDZ | https://medum.ru/kalciya-glyukonat-ehko-tabletki | https://www.rlsnet.ru/baa/kalciya-glyukonat-eko-77080 | https://bz.medvestnik.ru/drugs/8697.html | https://www.webapteka.ru/drugbase/name65668.html | https://medum.ru/kalciya-glyukonat-ehko | https://medum.ru/kalciya-glyukonat-ehko-tabletki | https://www.vidal.ru/drugs/calcium_gluconate__30260 | https://b-apteka.ru/articles/kalciya-glyukonat | https://drugs.medelement.com/drug/%D0%BA%D0%B0%D0%BB%D1%8C%D1%86%D0%B8%D1%8F%20%D0%B3%D0%BB%D1%8E%D0%BA%D0%BE%D0%BD%D0%B0%D1%82-%D0%B8%D0%BD%D1%81%D1%82%D1%80%D1%83%D0%BA%D1%86%D0%B8%D1%8F/246698481624527587?instruction_lang=RU | https://www.rlsnet.ru/baa/kalciya-glyukonat-eko-77080,"status=ok | Category=BAS | mnn=Кальция глюконат | RX_OTC=not applicable | Age=Универсальный | Согласно найденным источникам, препарат 'Кальция глюконат Эко' является биологически активной добавкой к пище, а не лекарственным средством. В нескольких источниках указано, что он применяется в качестве дополнительного источника кальция (например, на lsgeotar.ru и…",redesign/artifacts/mnn_identity_enrichment_pass_searxng_raw.jsonl,461
18400,ЙОДИНОЛ Р-Р Д/МЕСТН. И НАРУЖ. ПРИМ. ФЛ. ПОЛИМЕР. 100МЛ САМАРАМЕДПРОМ | САМАРАМЕДПРОМ ОАО | САМАРАМЕДПРОМ ОАО,Йод,,none,unresolved_catalog,,,,new_enrichment,true,ok,0,Йод,otc,универсальный,Йод,enrichment,false,https://www.rlsnet.ru/drugs/iodinol-4320 | https://pharmproduct.ru/drugs/iodinol | https://aptekamos.ru/tovary/lekarstva/yood-kaliya-yoodid-polivinilovyyo-spirt-2165/yoodinol-rastvor-100ml-3855/instrukciya | https://www.vidal.ru/drugs/iodinol__38480 | https://www.rlsnet.ru/drugs/iodinol-4320 | https://grls.rosminzdrav.ru/ | https://www.rlsnet.ru/drugs/iodinol-4320 | https://www.vidal.ru/drugs/iodinol__38480 | https://www.vidal.ru/drugs/iodinol__28719 | https://yandex.ru/medicine/medicaments/jodinol | https://uteka.ru/articles/lekarstvennye-preparaty/yodinol/ | https://health.mail.ru/drug/iodinol/,"status=ok | Category=Drug | mnn=йод | RX_OTC=OTC | Age=Универсальный | Йодинол — лекарственный препарат, действующим веществом которого является йод (МНН: йод). Согласно инструкции, он применяется местно и наружно при хроническом тонзиллите, атрофическом рините, гнойном отите, трофических язвах, ранах и ожогах. Препарат разрешен взрослым и детям с…",redesign/artifacts/mnn_identity_enrichment_pass_searxng_raw.jsonl,461
18830,ИЗЖОГАНЕТ АНТАЦИДНЫЙ КОМПЛЕКС СО ВКУСОМ МЯТЫ ТАБЛ. 600МГ №40 | ГРИН САЙД ООО | ГРИН САЙД ООО,,,none,unresolved_catalog,,,ok,new_enrichment,true,ok,0,,unknown,взрослые,,unresolved_final,true,https://www.rlsnet.ru/baa/antacidnyi-kompleks-izzoganet-86401 | https://aptekamos.ru/tovary/bad/greenside-17060/greenside-antacidnyyo-kompleks-izzhoganet-tabletki-so-vkusom-myaty-600mg-107606/instrukciya | https://www.rlsnet.ru/baa/antacidnyi-kompleks-izzoganet-86401 | https://www.rlsnet.ru/baa/antacidnyi-kompleks-izzoganet-86401 | https://apteka.ru/product/green-side-antaczidnyj-kompleks-izzhoganet-so-vkusom-myaty-n40-tabl-massoj-600mg-602e25e6152591d9cd4dc6f2/instructions/ | https://aptekamos.ru/tovary/bad/greenside-17060/greenside-antacidnyyo-kompleks-izzhoganet-tabletki-so-vkusom-myaty-600mg-107606/instrukciya | https://aptekamos.ru/tovary/bad/greenside-17060/greenside-antacidnyyo-kompleks-izzhoganet-tabletki-so-vkusom-apelsina-600mg-107605/instrukciya | https://yandex.ru/medicine/medicaments/green-side-antatsidnyj-kompleks-izzhoganet-tabletki-po-600-mg-so-vkusom-apel-sina-20-sht | https://www.rigla.ru/product/izzhoganet-antatsidnyy-kompleks-so-vkusom-myaty-tab-600mg-no20-bad-4999901 | https://spb.budzdorov.ru/product/izzhoganet-antatsidnyy-kompleks-so-vkusom-apelsina-tab-600mg-no20-bad-4999853 | https://yandex.ru/medicine/medicaments/antatsidnyj-kompleks-izzhoganet | https://yandex.ru/medicine/medicaments/green-side-antatsidnyj-kompleks-izzhoganet-tabletki-po-600-mg-so-vkusom-apel-sina-20-sht,"status=ok | Category=BAS | RX_OTC=not applicable | Age=Взрослый | Согласно найденным источникам, «Изжоганет Антацидный комплекс» является биологически активной добавкой (БАД) к пище, а не лекарственным средством. Он способствует устранению изжоги, чувства тяжести в желудке, отрыжки и улучшению пищеварения. Инструкция по применению указывает,…",redesign/artifacts/mnn_identity_enrichment_pass_searxng_raw.jsonl,461
19198,ЗВЕРОБОЯ ТРАВА 50Г ФИТОФАРМ | ФИТОФАРМ ООО | ФИТОФАРМ ООО,Зверобоя трава,,none,unresolved_catalog,,,ok_partial,new_enrichment,true,ok_partial,2,,otc,универсальный,,unresolved_final,true,https://pharmproduct.ru/drugs/zveroboia-trava | https://www.lsgeotar.ru/drugs/st-johns-wort-herb-BBOD | https://www.rlsnet.ru/drugs/zveroboya-trava-4291 | https://health.mail.ru/drug/zveroboya-trava/ | https://www.rlsnet.ru/drugs/zveroboya-trava-4291 | https://health.mail.ru/drug/zveroboya-trava-1/ | https://medi.ru/instrukciya/zveroboya-trava_19776/ | https://www.lsgeotar.ru/cs/zveroboya-trava-12211.html | https://www.vidal.ru/drugs/hyperici_herba__30245 | https://www.vidal.ru/drugs/hyperici_herba__28959 | https://www.pharmcontrol.ru/reference/inn/400/ | https://www.pharmcontrol.ru/registry/drugs/16633/,"status=ok_partial | Category=Drug | RX_OTC=OTC | Age=Универсальный | Зверобоя трава является лекарственным средством (ЛС) согласно данным Государственного реестра лекарственных средств (ГРЛС) и других источников. МНН (международное непатентованное название) в предоставленных результатах поиска не указано, поэтому оно не определено. Препарат…",redesign/artifacts/mnn_identity_enrichment_pass_searxng_raw.jsonl,461
19368,ДЮФАЛАК СИРОП 667МГ/МЛ ПАК. 15МЛ №10 | ЭББОТ БИОЛОДЖИКАЛЗ Б.В./ВЕРОФАРМ АО | ЭББОТ БИОЛОДЖИКАЛЗ Б.В./ВЕРОФАРМ АО,Лактулоза,,none,unresolved_catalog,,,,new_enrichment,true,ok,0,Лактулоза,otc,универсальный,Лактулоза,enrichment,false,https://www.rlsnet.ru/drugs/dyufalak-7297 | https://www.vidal.ru/drugs/duphalac__44475 | https://megapteka.ru/specials/guide_dyufalak-instrukciya-po-5583 | https://drugs.medelement.com/drug/%D0%B4%D1%8E%D1%84%D0%B0%D0%BB%D0%B0%D0%BA-%D0%B8%D0%BD%D1%81%D1%82%D1%80%D1%83%D0%BA%D1%86%D0%B8%D1%8F/686133351477650934?instruction_lang=RU | https://allmed.pro/ru/drugs/dyufalak | https://megapteka.ru/specials/guide_dyufalak-instrukciya-po-5583 | https://www.rlsnet.ru/drugs/dyufalak-7297 | https://www.vidal.ru/drugs/duphalac__44475 | https://duphalac.ru/instrukciya/duphalac/ | https://medvisor.ru/medicine/drug/dyufalak_33451/ | https://www.vidal.ru/drugs/duphalac__44475 | https://duphalac.ru/instrukciya/duphalac/,"status=ok | Category=Drug | mnn=Лактулоза | RX_OTC=OTC | Age=Универсальный | Дюфалак — это лекарственный препарат, действующим веществом которого является лактулоза (синтетический дисахарид). Он относится к осмотическим слабительным средствам, стимулирует перистальтику кишечника и способствует выведению ионов аммония. Препарат применяется у взрослых и…",redesign/artifacts/mnn_identity_enrichment_pass_searxng_raw.jsonl,461
19370,ДЮСПАТАЛИН ТАБЛ. П/О 135МГ №15 ВЕРОФАРМ | ВЕРОФАРМ АО | ВЕРОФАРМ АО,Мебеверин,,none,unresolved_catalog,,,,new_enrichment,true,ok,0,Мебеверин,rx,взрослые,Мебеверин,enrichment,false,https://www.rlsnet.ru/drugs/dyuspatalin-11389 | https://www.vidal.ru/drugs/duspatalin__1486 | https://aptekamos.ru/tovary/lekarstva/mebeverin-6238/dyuspatalin-kapsuly-200mg-22631/instrukciya | https://www.rlsnet.ru/drugs/dyuspatalin-11389 | https://www.vidal.ru/drugs/duspatalin__1486 | https://megapteka.ru/specials/guide_dyuspatalin-instrukciya-po-5640 | https://www.webapteka.ru/drugbase/name13218.html | https://www.vidal.ru/drugs/duspatalin__1486 | https://www.rlsnet.ru/drugs/dyuspatalin-11389 | https://health.mail.ru/drug/dyuspatalin/ | https://yandex.ru/medicine/medicaments/djuspatalin | https://medi.ru/instrukciya/dyuspatalin_19704/,"status=ok | Category=Drug | mnn=мебеверин | RX_OTC=RX | Age=Взрослый | Дюспаталин является лекарственным средством (препаратом), действующее вещество — мебеверин (в виде гидрохлорида). Согласно инструкции, препарат показан взрослым от 18 лет для симптоматического лечения боли, спазмов, дисфункции и дискомфорта в области кишечника, связанных с…",redesign/artifacts/mnn_identity_enrichment_pass_searxng_raw.jsonl,461
19875,ДОЛГИТБЛОК ГЕЛЬ Д/НАРУЖ. ПРИМ. 5%+3% ТУБА 20Г | ДОЛОРГИТ ГМБХ И КО.КГ | ДОЛОРГИТ ГМБХ И КО.КГ,,,none,unresolved_catalog,,,,new_enrichment,true,ok,0,"Ибупрофен, Левоментол",otc,взрослые,"Ибупрофен, Левоментол",enrichment,false,https://www.rlsnet.ru/drugs/dolgitblok-89189 | https://www.vidal.ru/drugs/dolgitblok | https://www.lsgeotar.ru/drugs/dolgitblock-ACsy | https://aptekamos.ru/tovary/lekarstva/ibuprofen-levomentol-9616/dolgitblok-gel-5-3-100g-105661/instrukciya | https://www.lsgeotar.ru/drugs/dolgitblock-AF0m | https://www.rlsnet.ru/drugs/dolgitblok-89189 | https://www.vidal.ru/drugs/dolgitblok | https://zdesapteka.ru/instructions/dolgitblok/ | https://aptekamos.ru/tovary/lekarstva/ibuprofen-levomentol-9616/dolgitblok-gel-5-3-100g-105661/instrukciya | https://kliwi.ru/wp-content/uploads/instruktsii/dolgitblock-instruktsiya.pdf | https://grls.rosminzdrav.ru/ | https://www.vidal.ru/drugs/dolgitblok,"status=ok | Category=Drug | mnn=ибупрофен, левоментол | RX_OTC=OTC | Age=Взрослый | Долгитблок — комбинированный препарат, содержащий ибупрофен и левоментол (источник: aptekamos.ru, kliwi.ru). Относится к лекарственным средствам (категория Drug). Согласно инструкции, применяется у взрослых и детей с 14 лет (источник: apteka.ru, vidal.ru). Противопоказан в…",redesign/artifacts/mnn_identity_enrichment_pass_searxng_raw.jsonl,461
20151,ДИОВЕНГЕС ТАБЛ. П/ПЛЕН/ОБ. 100МГ+900МГ №30 | ФАРМВИЛАР НПО ООО | ФАРМВИЛАР НПО ООО,,,none,unresolved_catalog,,,,new_enrichment,true,ok,0,"Гесперидин, Диосмин",otc,взрослые,"Гесперидин, Диосмин",enrichment,false,https://aptekamos.ru/tovary/lekarstva/gesperidin-diosmin-14901/diovenges-tabletki-50mg-450mg-92128/instrukciya | https://www.vidal.ru/drugs/diovenges | https://grls.rosminzdrav.ru/ | https://www.vidal.ru/drugs/diovenges | https://megapteka.ru/specials/guide_diovenges-instrukciya-po-6648 | https://aptekamos.ru/tovary/lekarstva/gesperidin-diosmin-14901/diovenges-tabletki-50mg-450mg-92128/instrukciya | https://www.vidal.ru/drugs/diovenges | https://megapteka.ru/specials/guide_diovenges-instrukciya-po-6648 | https://medi.ru/instrukciya/diovenges_14802/ | https://health.mail.ru/drug/diovenges-1/ | https://aptekamos.ru/tovary/lekarstva/gesperidin-diosmin-14901/diovenges-tabletki-50mg-450mg-92128/instrukciya | https://aptekamos.ru/tovary/lekarstva/gesperidin-diosmin-14901/diovenges-tabletki-100mg-900mg-109435/instrukciya,"status=ok | Category=Drug | mnn=Гесперидин, Диосмин | RX_OTC=OTC | Age=Взрослый | Диовенгес — комбинированное лекарственное средство с ангиопротекторным и венотонизирующим действием, содержащее биофлавоноиды (гесперидин и диосмин). Согласно данным ГРЛС (grls.pharm-portal.ru), МНН — гесперидин + диосмин. Препарат отпускается без рецепта (megapteka.ru).…",redesign/artifacts/mnn_identity_enrichment_pass_searxng_raw.jsonl,461
20290,ДИКЛОФЕНАК-АКОС Р-Р ДЛЯ В/М ВВЕД. 25МГ/МЛ АМП. 3МЛ №5 | СИНТЕЗ | СИНТЕЗ,Диклофенак,,none,unresolved_catalog,,,,new_enrichment,true,ok,0,Диклофенак,rx,взрослые,Диклофенак,enrichment,false,https://www.lsgeotar.ru/drugs/diclofenac-akos-AERk | https://www.rlsnet.ru/drugs/diklofenak-akos-22315 | https://www.lsgeotar.ru/drugs/diklofenak-akos-ADHO | http://drugs.thead.ru/Diklofenak-AKOS | https://www.vidal.ru/drugs/diclofenac-akos | https://www.vidal.ru/drugs/diclofenac-akos-4 | https://medi.ru/instrukciya/diklofenak-akos_19458/ | https://www.rlsnet.ru/drugs/diklofenak-akos-22315 | https://drugs.medelement.com/drug/%D0%B4%D0%B8%D0%BA%D0%BB%D0%BE%D1%84%D0%B5%D0%BD%D0%B0%D0%BA-%D0%B0%D0%BA%D0%BE%D1%81-%D0%B8%D0%BD%D1%81%D1%82%D1%80%D1%83%D0%BA%D1%86%D0%B8%D1%8F/850791641477650934?instruction_lang=RU | https://health.mail.ru/drug/diclofenak_akos/ | https://health.mail.ru/drug/diklofenakakos-1/ | https://medvestnik.ru/ls/a0e4063a-27e8-48d3-a01e-031aa17b849a.html,"status=ok | Category=Drug | mnn=Диклофенак | RX_OTC=RX | Age=Взрослый | Диклофенак-АКОС является лекарственным средством (НПВП) с действующим веществом диклофенак (МНН: Диклофенак). Препарат отпускается по рецепту (в ГРЛС указано ""По рецепту""). Согласно инструкции, раствор для внутримышечного введения применяется у взрослых (разовая доза 75 мг,…",redesign/artifacts/mnn_identity_enrichment_pass_searxng_raw.jsonl,461
20291,"ДИКЛОФЕНАК-АКОС КАПЛИ ГЛАЗН. 0,1% ФЛ. 5МЛ | СИНТЕЗ | СИНТЕЗ",Диклофенак,,none,unresolved_catalog,,,,new_enrichment,true,ok,0,Диклофенак,rx,универсальный,Диклофенак,enrichment,false,https://www.rlsnet.ru/drugs/diklofenak-akos-22315 | https://www.vidal.ru/drugs/diclofenac-akos | https://www.lsgeotar.ru/drugs/diklofenak-akos-ADHO | https://www.rlsnet.ru/drugs/diklofenak-akos-22315 | https://medi.ru/instrukciya/diklofenak-akos_19458/ | https://health.mail.ru/drug/diklofenakakos-4/ | https://www.vidal.ru/drugs/diclofenac-akos | https://apteka.ru/product/diklofenak-akos-5-gel-dlya-naruzhnogo-primeneniya-30-gr-5fad0dc125629200019b7f15/instructions/ | https://aptekamos.ru/tovary/lekarstva/diklofenak-282/diklofenak-akos-gel-5-30g-97429/instrukciya | https://www.vidal.ru/drugs/diclofenac-akos | https://www.rlsnet.ru/drugs/diklofenak-akos-22315 | https://medi.ru/instrukciya/diklofenak-akos_19458/,"status=ok | Category=Drug | mnn=диклофенак | RX_OTC=RX | Age=Универсальный | Диклофенак-АКОС содержит действующее вещество диклофенак, относится к нестероидным противовоспалительным препаратам (НПВП) (источник: lsgeotar.ru). Препарат обладает противовоспалительным, обезболивающим и жаропонижающим действием (источник: rlsnet.ru, medi.ru). В инструкции на…",redesign/artifacts/mnn_identity_enrichment_pass_searxng_raw.jsonl,461
20364,"ДИБАЗОЛ ТАБЛ. 0,02Г №10 МОСКОВСКАЯ ФФ | МОСКОВСКАЯ ФФ | МОСКОВСКАЯ ФФ",Бендазол,,none,unresolved_catalog,,,,new_enrichment,true,ok,0,Бендазол,rx,универсальный,Бендазол,enrichment,false,https://aptekamos.ru/tovary/lekarstva/bendazol-103/dibazol-tabletki-4mg-1231/instrukciya | https://www.rlsnet.ru/drugs/dibazol-4225 | https://www.rlsnet.ru/drugs/dibazol-4225 | https://www.vidal.ru/drugs/dibazol__21810 | https://www.webapteka.ru/drugbase/name888.html | https://www.vidal.ru/drugs/dibazol__4145 | https://www.vidal.ru/drugs/dibazol__21810 | https://health.mail.ru/drug/dibazol_2/ | https://www.rlsnet.ru/drugs/dibazol-4225 | https://megapteka.ru/specials/guide_dibazol-instrukciya-po-2413 | https://medvisor.ru/medicine/drug/dibazol_33021/ | https://medi.ru/instrukciya/dibazol_19404/,"status=ok | Category=Drug | mnn=Бендазол | RX_OTC=RX | Age=Универсальный | Дибазол является лекарственным средством (препаратом), его МНН — Бендазол (источник: pharmcontrol.ru, grls.pharm-portal.ru). Препарат относится к спазмолитикам миотропного действия, оказывает сосудорасширяющее и гипотензивное действие (источник: aptekamos.ru, rlsnet.ru).…",redesign/artifacts/mnn_identity_enrichment_pass_searxng_raw.jsonl,461
20437,ДЖОЗАФЕН ТАБЛ. П/ПЛЕН/ОБ. 500МГ №10 | ФАРМСТАНДАРТ-ЛЕКСРЕДСТВА ОАО | ФАРМСТАНДАРТ-ЛЕКСРЕДСТВА ОАО,Джозамицин,,none,unresolved_catalog,,,,new_enrichment,true,ok,0,ДЖОЗАМИЦИН,rx,универсальный,ДЖОЗАМИЦИН,enrichment,false,https://pharmproduct.ru/drugs/dzozafen | https://medi.ru/instrukciya/dzhozafen_28605/ | https://www.vidal.ru/drugs/dzhozafen | https://www.vidal.ru/drugs/dzhozafen | https://medi.ru/instrukciya/dzhozafen_28605/ | https://www.eapteka.ru/goods/drugs/antibacterial/antibiotic/dzhozafen/ | https://kiberis.ru/?p=29433&lang=ru | https://www.rlsnet.ru/drugs/dzozafen-90827 | https://health.mail.ru/drug/dzhozafen/ | https://zdravmedinform.ru/grls/reg-lp-007138-rg-ru.html | https://pharmstd.ru/index.php?page=11&lid=312 | https://minzdrav.gov.ru/opendata/7707778246-grls/visual,"status=ok | Category=Drug | mnn=ДЖОЗАМИЦИН | RX_OTC=RX | Age=Универсальный | Джозафен — лекарственный препарат, антибиотик группы макролидов, действующее вещество — джозамицин (МНН). Согласно инструкции, препарат применяется для лечения инфекций, вызванных чувствительными бактериями. В официальных источниках (ГРЛС, medi.ru, vidal.ru) указано, что…",redesign/artifacts/mnn_identity_enrichment_pass_searxng_raw.jsonl,461
20469,ДЕТРАЛЕКС ТАБЛ. П/ПЛЕН/ОБ. 1000МГ №60 | СЕРВЬЕ РУС ООО | СЕРВЬЕ РУС ООО,диосмин+гесперидин,,none,unresolved_catalog,,,,new_enrichment,true,ok,0,"Диосмин, Гесперидин",otc,взрослые,"Диосмин, Гесперидин",enrichment,false,https://aptekamos.ru/tovary/lekarstva/ochishhennaya-mikronizirovannaya-flavonoidnaya-frakciya-diosmin-flavonoidy-v-pereschete-na-gesperidin-1520/detraleks-tabletki-1000mg-83747/instrukciya | https://www.rlsnet.ru/drugs/detraleks-1145 | https://www.vidal.ru/drugs/detralex__45311 | https://pharmproduct.ru/drugs/detraleks/instruction | https://allmed.pro/ru/drugs/detraleks | https://www.rlsnet.ru/drugs/detraleks-1145 | https://www.vidal.ru/drugs/detralex__45311 | https://aptekamos.ru/tovary/lekarstva/ochishhennaya-mikronizirovannaya-flavonoidnaya-frakciya-diosmin-flavonoidy-v-pereschete-na-gesperidin-1520/detraleks-tabletki-1000mg-83747/instrukciya | https://www.vidal.ru/drugs/detralex__45311 | https://health.mail.ru/drug/detraleks-2/ | https://medi.ru/instrukciya/detraleks_7929/ | https://detralex.ru/media/documents/Detralex_18.pdf,"status=ok | Category=Drug | mnn=диосмин, гесперидин | RX_OTC=OTC | Age=Взрослый | Детралекс — лекарственный препарат, применяемый у взрослых для терапии симптомов хронических заболеваний вен (устранения и облегчения симптомов), таких как боль, судороги нижних конечностей, ощущение тяжести и распирания в ногах, «усталость» ног (aptekamos.ru). Препарат…",redesign/artifacts/mnn_identity_enrichment_pass_searxng_raw.jsonl,461
20518,ДЕПАКИН ХРОНОСФЕРА ГРАН. ПРОЛОНГ. 100МГ ПАК. №30 | САНОФИ ВИНТРОП ИНДУСТРИЯ | САНОФИ ВИНТРОП ИНДУСТРИЯ,Вальпроевая кислота,,none,unresolved_catalog,,,,new_enrichment,true,ok,0,"Вальпроат Натрия, Вальпроевая Кислота",rx,универсальный,"Вальпроат Натрия, Вальпроевая Кислота",enrichment,false,https://www.vidal.ru/drugs/depakine_chronosphere__18375 | https://www.rlsnet.ru/drugs/depakin-xronosfera-35415 | https://aptekamos.ru/tovary/lekarstva/valproevaya-kislota-157/depakin-xronosfera-granuly-1000mg-49657/instrukciya | https://allmed.pro/ru/drugs/depakin-hronosfera | https://www.vidal.ru/drugs/depakine_chronosphere__18375 | https://www.rlsnet.ru/drugs/depakin-xronosfera-35415 | https://medum.ru/depakin-khronosfera | https://aptekamos.ru/tovary/lekarstva/valproevaya-kislota-157/depakin-xronosfera-granuly-1000mg-49657/instrukciya | http://drugs.thead.ru/Depakin_Hronosfera | https://www.vidal.ru/drugs/depakine_chronosphere__18375 | https://drugs.medelement.com/drug/%D0%B4%D0%B5%D0%BF%D0%B0%D0%BA%D0%B8%D0%BD-%D1%85%D1%80%D0%BE%D0%BD%D0%BE%D1%81%D1%84%D0%B5%D1%80%D0%B0-500%D0%BC%D0%B3-%D0%B8%D0%BD%D1%81%D1%82%D1%80%D1%83%D0%BA%D1%86%D0%B8%D1%8F/326068341477650957?instruction_lang=RU | https://zdesapteka.ru/instructions/depakin-khronosfera/,"status=ok | Category=Drug | mnn=вальпроат натрия, вальпроевая кислота | RX_OTC=RX | Age=Универсальный | Депакин Хроносфера — противоэпилептический препарат, действующими веществами которого являются вальпроат натрия и вальпроевая кислота (источник: aptekamos.ru). Препарат применяется при различных типах эпилепсии (vidal.ru). Дозировки указаны для детей, подростков и взрослых, что…",redesign/artifacts/mnn_identity_enrichment_pass_searxng_raw.jsonl,461
20628,ДЕКСА-ГЕНТАМИЦИН КАПЛИ ГЛАЗН. ФЛ-КАП. 5МЛ | УРСАФАРМ АРЦНАЙМИТТЕЛЬ ГМБХ | УРСАФАРМ АРЦНАЙМИТТЕЛЬ ГМБХ,Дексаметазон + Гентамицин,,none,unresolved_catalog,,,,new_enrichment,true,ok,0,"Дексаметазон, Гентамицин",rx,взрослые,"Дексаметазон, Гентамицин",enrichment,false,https://www.rlsnet.ru/drugs/deksa-gentamicin-7386 | https://www.lsgeotar.ru/drugs/dexa-gentamicin-AEMB | https://health.mail.ru/drug/dexa_gentamicin/ | https://megapteka.ru/specials/guide_deksa-gentamicin-instrukciya-po-2906 | https://allmed.pro/ru/drugs/deksa-gentamicin | https://www.rlsnet.ru/drugs/deksa-gentamicin-7386 | https://yandex.ru/medicine/medicaments/deksa-gentamitsin | https://www.vidal.ru/drugs/dexa-gentamicin__1842 | https://megapteka.ru/specials/guide_deksa-gentamicin-instrukciya-po-2906 | https://drugs.medelement.com/drug/%D0%B4%D0%B5%D0%BA%D1%81%D0%B0-%D0%B3%D0%B5%D0%BD%D1%82%D0%B0%D0%BC%D0%B8%D1%86%D0%B8%D0%BD-%D0%B8%D0%BD%D1%81%D1%82%D1%80%D1%83%D0%BA%D1%86%D0%B8%D1%8F/162840091477650959?instruction_lang=RU | https://medi.ru/instrukciya/deksa-gentamitsin_19297/ | https://medi.ru/instrukciya/deksa-gentamitsin_19297/,"status=ok | Category=Drug | mnn=дексаметазон, гентамицин | RX_OTC=RX | Age=Взрослый | Декса-Гентамицин — комбинированное лекарственное средство для местного применения в офтальмологии, содержащее дексаметазон (глюкокортикостероид) и гентамицин (антибиотик из группы аминогликозидов). Препарат оказывает противовоспалительное, противоаллергическое и…",redesign/artifacts/mnn_identity_enrichment_pass_searxng_raw.jsonl,461
20726,ДАБИКСОМ КАПС. 150МГ №60 | КРКА-РУС ООО | КРКА-РУС ООО,дабигатрана этексилат,,none,unresolved_catalog,,,,new_enrichment,true,ok,0,Дабигатрана Этексилат,rx,взрослые,Дабигатрана Этексилат,enrichment,false,https://www.vidal.ru/drugs/dabiksom | https://megapteka.ru/specials/guide_dabiksom-instrukciya-po-5872 | https://aptekamos.ru/tovary/lekarstva/dabigatrana-eteksilat-11184/dabiksom-kapsuly-150mg-106649/instrukciya | https://www.rlsnet.ru/drugs/dabiksom-88372 | https://medi.ru/instrukciya/dabiksom-110_27202/ | https://www.vidal.ru/drugs/dabiksom | https://allmed.pro/ru/drugs/dabiksom | https://megapteka.ru/specials/guide_dabiksom-instrukciya-po-5872 | https://medi.ru/instrukciya/dabiksom_27195/ | https://medvestnik.ru/ls/a0e40608-c45e-47e5-8e9e-2981c59e325d.html | https://www.vidal.ru/drugs/dabiksom | https://medi.ru/instrukciya/dabiksom_27195/,status=ok | Category=Drug | mnn=дабигатрана этексилат | RX_OTC=RX | Age=Взрослый | Препарат Дабиксом содержит действующее вещество дабигатрана этексилат и относится к антитромботическим средствам (источник: medi.ru). Зарегистрирован в ГРЛС и входит в Перечень ЖНВЛП (megapteka.ru). Показания включают профилактику инсульта и системных тромбоэмболий у взрослых…,redesign/artifacts/mnn_identity_enrichment_pass_searxng_raw.jsonl,461
20781,ГРОПРИНОСИН ТАБЛ. 500МГ №30 | ГЕДЕОН РИХТЕР ПОЛЬША ООО/ГЕДЕОН РИХТЕР-РУС АО | ГЕДЕОН РИХТЕР ПОЛЬША ООО/ГЕДЕОН РИХТЕР-РУС АО,Инозин пранобекс,,none,unresolved_catalog,,,,new_enrichment,true,ok,0,Инозин пранобекс,rx,универсальный,Инозин пранобекс,enrichment,false,https://aptekamos.ru/tovary/lekarstva/inozin-pranobeks-355/groprinosin-tabletki-500mg-3628/instrukciya | https://www.vidal.ru/drugs/groprinosin | https://megapteka.ru/specials/guide_groprinosin-instrukciya-po-1351 | https://drugs.medelement.com/drug/%D0%B3%D1%80%D0%BE%D0%BF%D1%80%D0%B8%D0%BD%D0%BE%D1%81%D0%B8%D0%BD-%D0%B8%D0%BD%D1%81%D1%82%D1%80%D1%83%D0%BA%D1%86%D0%B8%D1%8F/357764761477650935?instruction_lang=RU | https://www.asna.ru/product/groprinosin/instruction/ | https://pharmproduct.ru/drugs/groprinosin | https://allmed.pro/ru/drugs/groprinosin | https://www.vidal.ru/drugs/groprinosin | https://megapteka.ru/specials/guide_groprinosin-instrukciya-po-1351 | https://grls.rosminzdrav.ru/ | https://www.asna.ru/product/groprinosin/instruction/ | https://aptekamos.ru/tovary/lekarstva/inozin-pranobeks-355/groprinosin-tabletki-500mg-3628/instrukciya,"status=ok | Category=Drug | mnn=Инозин пранобекс | RX_OTC=RX | Age=Универсальный | Гроприносин — лекарственное средство, зарегистрированное в ГРЛС, с действующим веществом инозин пранобекс (МНН). Препарат применяется у взрослых и детей от 3 лет при гриппе и ОРВИ. Отпускается по рецепту (в одном из источников указано, что сироп отпускается без рецепта, но для…",redesign/artifacts/mnn_identity_enrichment_pass_searxng_raw.jsonl,461
20890,ГОПАНТОМИД ТАБЛ. 250МГ №50 | УСОЛЬЕ-СИБИРСКИЙ ХИМИКО-ФАРМАЦЕВТИЧЕСКИЙ ЗАВОД АО | УСОЛЬЕ-СИБИРСКИЙ ХИМИКО-ФАРМАЦЕВТИЧЕСКИЙ ЗАВОД АО,Гопантеновая кислота,,none,unresolved_catalog,,,,new_enrichment,true,ok,0,Гопантеновая кислота,rx,универсальный,Гопантеновая кислота,enrichment,false,https://www.lsgeotar.ru/drugs/gopantomid-AARs | https://www.vidal.ru/drugs/gopantenova-acid | https://www.lsgeotar.ru/drugs/gopantomid-AAaF | https://grls.rosminzdrav.ru/ | https://idoclab.ru/pharmacy/gopantomid | https://www.vidal.ru/drugs/gopantenova-acid | https://www.vidal.ru/drugs/gopantenova-acid | https://www.webapteka.ru/drugbase/name72250.html | https://medi.ru/instrukciya/gopantomid_16600/ | https://idoclab.ru/pharmacy/gopantomid | https://medum.ru/gopantomid | https://www.vidal.by/poisk_preparatov/gopantomid.html,"status=ok | Category=Drug | mnn=Гопантеновая кислота | RX_OTC=RX | Age=Универсальный | Гопантомид является лекарственным средством (препаратом), его МНН — гопантеновая кислота (источники: zdavmedinform.ru, pharmcontrol.ru). Препарат обладает ноотропным и противосудорожным действием (lsgeotar.ru, vidal.ru). Согласно инструкции, применяется внутрь, разовая доза для…",redesign/artifacts/mnn_identity_enrichment_pass_searxng_raw.jsonl,461
20982,"ГЛЮКОВАНС ТАБЛ. П/ПЛЕН/ОБ. 2,5МГ+500МГ №30 | МЕРК САНТЭ С.А.С. | МЕРК САНТЭ С.А.С.",Метформин+Глибенкламид,,none,unresolved_catalog,,,,new_enrichment,true,ok,0,"Глибенкламид, Метформин",rx,взрослые,"Глибенкламид, Метформин",enrichment,false,https://medi.ru/instrukciya/glyukovans_7800/ | https://www.vidal.ru/drugs/glucovance__6790 | https://www.rlsnet.ru/drugs/glyukovans-21906 | https://listel.ru/%D0%93%D0%9B%D0%AE%D0%9A%D0%9E%D0%92%D0%90%D0%9D%D0%A1_%D1%82%D0%B0%D0%B1%D0%BB%D0%B5%D1%82%D0%BA%D0%B8 | https://health.mail.ru/drug/glyukovans/ | https://www.vidal.ru/drugs/glucovance__6790 | https://medi.ru/instrukciya/glyukovans_7800/ | https://medum.ru/glyukovans | https://medlib.net/gljukovans.html | https://www.rlsnet.ru/drugs/glyukovans-21906 | https://drugs.medelement.com/drug/%D0%B3%D0%BB%3F%D0%BA%D0%BE%D0%B2%D0%B0%D0%BD%D1%81/465933141477650972?instruction_lang=RU | https://www.merckgroup.com/ru-ru/brands/information/Glucovance_PIL.pdf,"status=ok | Category=Drug | mnn=Глибенкламид, Метформин | RX_OTC=RX | Age=Взрослый | Глюкованс является комбинированным лекарственным препаратом, содержащим метформин и глибенкламид (источник: medi.ru, rlsnet.ru). Согласно официальной инструкции, препарат противопоказан детям и подросткам до 18 лет (источник: PDF на merckgroup.com). Препарат отпускается по…",redesign/artifacts/mnn_identity_enrichment_pass_searxng_raw.jsonl,461
21387,ГЕПАВИЗИМ ФОСФОЛИПИДЫ+L-ОРИНИТИН+КУРКУМИН КАПС. ПО 495МГ №30 | ВТФ ООО | ВТФ ООО,,,none,unresolved_catalog,,,ok,new_enrichment,true,ok,0,,unknown,универсальный,,unresolved_final,true,https://aptekamos.ru/tovary/bad/gepavizim-16183/gepavizim-fosfolipidy-l-ornitin-kurkumin-kapsuly-massoyo-495mg-105791/instrukciya | https://www.lsgeotar.ru/supplements/AD0V | https://www.lsgeotar.ru/supplements/AD0V | https://aptekamos.ru/tovary/bad/gepavizim-16183/gepavizim-fosfolipidy-l-ornitin-kurkumin-kapsuly-massoyo-495mg-105791/instrukciya | https://medum.ru/gepavizim-fosfolipidy-l-ornitin-kurkumin-kapsuly | https://www.lsgeotar.ru/gepavizim-fosfolipidi-ornitin-kurkumin-27351.html | https://aptekamos.ru/tovary/bad/gepavizim-16183/gepavizim-fosfolipidy-l-ornitin-kurkumin-kapsuly-massoyo-495mg-105791/instrukciya | https://www.lsgeotar.ru/supplements/AD0V | https://tabletka.efim360.ru/bad/gepavizim-fosfolipidy'-'plus'-l_'def'ornitin-'plus'-kurkumin | https://www.rigla.ru/product/gepavizim-fosfolipidyl-orinitinkurkumin-kaps-495mg-no30-448657 | https://medum.ru/gepavizim-fosfolipidy-l-ornitin-kurkumin-kapsuly | https://www.budzdorov.ru/product/gepavizim-fosfolipidyl-orinitinkurkumin-kaps-495mg-no30-448657,"status=ok | Category=BAS | RX_OTC=not applicable | Age=Универсальный | Гепавизим Фосфолипиды+L-орнитин+Куркумин является биологически активной добавкой к пище (БАД), источником L-орнитина, куркумина и глицирризиновой кислоты (источники: aptekamos.ru, lsgeotar.ru). Информация о МНН отсутствует, так как это БАД. Отпускается без рецепта, так как не…",redesign/artifacts/mnn_identity_enrichment_pass_searxng_raw.jsonl,461
22406,ВИЛДАГЛИПТИН-ВЕРТЕКС ТАБЛ. 50МГ №56 | ВЕРТЕКС АО | ВЕРТЕКС АО,Вилдаглиптин,,none,unresolved_catalog,,,,new_enrichment,true,ok,0,Вилдаглиптин,rx,взрослые,Вилдаглиптин,enrichment,false,https://www.vidal.ru/drugs/vildagliptin-verteks | https://aptekamos.ru/tovary/lekarstva/vildagliptin-10840/vildagliptin-verteks-tabletki-50mg-115986/instrukciya | https://www.lsgeotar.ru/drugs/vildagliptin-vertex-AFQg | https://www.vidal.ru/drugs/vildagliptin | https://www.vidal.ru/drugs/vildagliptin-verteks | https://health.mail.ru/drug/vildagliptinverteks/ | https://aptekamos.ru/tovary/lekarstva/vildagliptin-10840/vildagliptin-verteks-tabletki-50mg-115986/instrukciya | https://apteka.ru/product/vildagliptin-verteks-50-mg-28-sht-tabletki-668e3f114561bed9d48f0ecc/instructions/ | https://www.vidal.ru/drugs/vildagliptin | https://www.rlsnet.ru/drugs/vildagliptin-verteks-89859 | https://www.vidal.ru/drugs/vildagliptin-verteks | https://aptekamos.ru/tovary/lekarstva/vildagliptin-10840/vildagliptin-verteks-tabletki-50mg-115986/instrukciya,"status=ok | Category=Drug | mnn=Вилдаглиптин | RX_OTC=RX | Age=Взрослый | Вилдаглиптин-Вертекс является лекарственным препаратом, действующим веществом которого является вилдаглиптин. Он применяется для лечения сахарного диабета 2 типа у взрослых пациентов в сочетании с диетотерапией и физическими упражнениями (источник: aptekamos.ru). Препарат…",redesign/artifacts/mnn_identity_enrichment_pass_searxng_raw.jsonl,461
22468,"ВИДОРА МИКРО ТАБЛ. П/ПЛЕН/ОБ. 3МГ+0,02МГ №21+7 | ЛАБОРАТОРИОС ЛЕОН ФАРМА С.А. | ЛАБОРАТОРИОС ЛЕОН ФАРМА С.А.",Дроспиренон + Этинилэстрадиол,,none,unresolved_catalog,,,,new_enrichment,true,ok,0,"Дроспиренон, Этинилэстрадиол",rx,взрослые,"Дроспиренон, Этинилэстрадиол",enrichment,false,https://www.vidal.ru/drugs/vidora_micro__44246 | https://www.lsgeotar.ru/drugs/vidora-micro-AE-x | https://www.rlsnet.ru/drugs/vidora-mikro-66556 | https://www.vidal.ru/drugs/vidora_micro__44246 | https://www.rlsnet.ru/drugs/vidora-mikro-66556 | https://www.webapteka.ru/drugbase/name50522.html | https://medi.ru/instrukciya/vidora-micro_14737/ | https://www.pharmcontrol.ru/registry/drugs/14165/ | https://grls.pharm-portal.ru/grls/a1e01aed-0194-42e5-b6bb-7f8851ffbd9f | https://zdravmedinform.ru/grls/reg-lp-015153-rg-ru.html | https://grls.pharm-portal.ru/grls/041d8195-faca-4aaa-9b83-9109890de50d | https://zdravmedinform.ru/grls/reg-lp-002881.html,"status=ok | Category=Drug | mnn=Дроспиренон, Этинилэстрадиол | RX_OTC=RX | Age=Взрослый | Препарат Видора микро является лекарственным средством, зарегистрированным в ГРЛС (например, ЛП-002881 и ЛП-№ (015153)-(РГ-RU)). Согласно данным из ГРЛС, его МНН — дроспиренон + этинилэстрадиол (источник: https://grls.pharm-portal.ru/grls/a1e01aed-0194-42e5-b6bb-7f8851ffbd9f).…",redesign/artifacts/mnn_identity_enrichment_pass_searxng_raw.jsonl,461
22548,ВЕЧЕРНЕЕ ВАЛЕРИАНА+МЯТА+МЕЛИССА ДРАЖЕ №50 ПАРАФАРМ | ПАРАФАРМ ООО | ПАРАФАРМ ООО,,,none,unresolved_catalog,,,ok,new_enrichment,true,ok,0,,unknown,взрослые,,unresolved_final,true,https://www.rlsnet.ru/baa/vecernee-valerianaxmelmyata-45636 | https://bz.medvestnik.ru/drugs/4388.html | https://bz.medvestnik.ru/drugs/397567.html | https://www.rlsnet.ru/baa/vecernee-valerianaxmelmyata-45636 | https://bz.medvestnik.ru/drugs/4388.html | https://www.webapteka.ru/drugbase/name67186.html | https://pharmznanie.ru/drugs/vechernee-valeriana-xmel-myata-02-g-100-sht | https://www.webapteka.ru/drugbase/name67186.html | https://www.rlsnet.ru/baa/vecernee-valerianaxmelmyata-45636 | https://bz.medvestnik.ru/drugs/4388.html | https://www.webapteka.ru/drugbase/name55610.html | https://www.lsgeotar.ru/ru/vecherneye-valeriana-khmel-miata-47299.html,"status=ok | Category=BAS | RX_OTC=not applicable | Age=Взрослый | Согласно найденным источникам, препарат «Вечернее Валериана+Мята+Мелисса» является биологически активной добавкой (БАД), а не лекарственным средством. В инструкции на сайте webapteka.ru указано: «Взрослым по 4 драже 3 раза в день во время еды. Продолжительность приема 4 недели.…",redesign/artifacts/mnn_identity_enrichment_pass_searxng_raw.jsonl,461
23214,БРОМГЕКСИН ТАБЛ. 8МГ №20 ФАРМСТАНДАРТ | ФАРМСТАНДАРТ-ЛЕКСРЕДСТВА ОАО | ФАРМСТАНДАРТ-ЛЕКСРЕДСТВА ОАО,Бромгексин,,none,unresolved_catalog,,,,new_enrichment,true,ok,0,Бромгексин,otc,универсальный,Бромгексин,enrichment,false,https://aptekamos.ru/tovary/lekarstva/bromgeksin-141/bromgeksin-tabletki-16mg-1489/instrukciya | https://www.vidal.ru/drugs/bromhexine__20529 | https://www.rlsnet.ru/drugs/bromgeksin-100 | https://www.rlsnet.ru/drugs/bromgeksin-100 | https://www.vidal.ru/drugs/bromhexine__20529 | https://megapteka.ru/specials/guide_bromgeksin-instrukciya-po-804 | https://www.webapteka.ru/drugbase/name1088.html | https://aptekamos.ru/tovary/lekarstva/bromgeksin-141/bromgeksin-tabletki-16mg-1489/instrukciya | https://medi.ru/instrukciya/bromgeksin_18354/ | https://www.vidal.ru/drugs/bromhexine__20529 | https://www.rlsnet.ru/drugs/bromgeksin-100 | https://www.vidal.ru/drugs/bromhexine-4,"status=ok | Category=Drug | mnn=Бромгексин | RX_OTC=OTC | Age=Универсальный | Бромгексин — лекарственное средство, действующее вещество бромгексин. Относится к безрецептурным препаратам (источник: megapteka.ru). Применяется при острых и хронических заболеваниях бронхов и легких с нарушением отхождения мокроты. Дозировки различаются по возрасту: взрослым…",redesign/artifacts/mnn_identity_enrichment_pass_searxng_raw.jsonl,461
23633,БИСОПРОЛОЛ-АЛСИ ТАБЛ. 5МГ №60 | АЛСИ ФАРМА АО | АЛСИ ФАРМА АО,Бисопролол,,none,unresolved_catalog,,,,new_enrichment,true,ok,0,Бисопролол,rx,взрослые,Бисопролол,enrichment,false,https://aptekamos.ru/tovary/lekarstva/bisoprolol-134/bisoprolol-alsi-tabletki-10mg-113273/instrukciya | https://www.vidal.ru/drugs/bisoprolol-alsi | https://apteka.ru/product/bisoprolol-alsi-5-mg-60-sht-tabletki-669f9d1aa41bb4060ab40ba4/instructions/ | https://www.rlsnet.ru/drugs/bisoprolol-alsi-90400 | https://www.vidal.ru/drugs/bisoprolol-alsi | https://apteka.ru/product/bisoprolol-alsi-5-mg-30-sht-tabletki-669f9d1ab73d221a9c56fd1b/instructions/ | https://health.mail.ru/drug/bisoprololalsi/ | https://aptekamos.ru/tovary/lekarstva/bisoprolol-134/bisoprolol-alsi-tabletki-10mg-113273/instrukciya | https://www.vidal.ru/drugs/bisoprolol__42743 | https://www.vidal.ru/drugs/bisoprolol-alsi | https://health.mail.ru/drug/bisoprololalsi/ | https://apteka.ru/product/bisoprolol-alsi-25-mg-30-sht-tabletki-669f9ce9b4389d4ab1e7ddeb/instructions/,"status=ok | Category=Drug | mnn=бисопролол | RX_OTC=RX | Age=Взрослый | Препарат Бисопролол-АЛСИ является лекарственным средством, действующим веществом которого является бисопролол (источник: apteka.ru). Он применяется для лечения у взрослых в возрасте от 18 лет при артериальной гипертензии, ишемической болезни сердца (стабильной стенокардии) и…",redesign/artifacts/mnn_identity_enrichment_pass_searxng_raw.jsonl,461
23641,БИСОПРОЛОЛ-АКОС ТАБЛ. П/ПЛЕН/ОБ. 5МГ №30 | БИОКОМ ЗАО | БИОКОМ ЗАО,Бисопролол,,none,unresolved_catalog,,,,new_enrichment,true,ok,0,Бисопролол,rx,взрослые,Бисопролол,enrichment,false,https://idoclab.ru/pharmacy/bisoprolol-akos | https://www.vidal.ru/drugs/bisoprolol-akos | https://www.lsgeotar.ru/drugs/bisoprolol-akos-AGY_ | https://medum.ru/bisoprolol-akos-tabletki | https://zdesapteka.ru/instructions/bisoprolol-akos/ | https://health.mail.ru/drug/bisoprololakos/ | https://aptekamos.ru/tovary/lekarstva/bisoprolol-134/bisoprolol-akos-tabletki-5mg-104062/instrukciya | https://www.vidal.ru/drugs/bisoprolol-akos-2 | https://medvestnik.ru/ls/a0e4060d-3d5c-43e2-bff0-c86965de4f92.html | https://grls.pharm-portal.ru/grls/fe908a7f-e5c0-422b-b181-32841017302b | https://grls.pharm-portal.ru/grls/11d4df23-6c0a-47d4-99c7-33d3a10a6010 | https://zdravmedinform.ru/grls/reg-lp-000792-rg-ru.html,"status=ok | Category=Drug | mnn=бисопролол | RX_OTC=RX | Age=Взрослый | Препарат Бисопролол-АКОС содержит действующее вещество бисопролол, которое относится к группе бета-адреноблокаторов (источник: lsgeotar.ru, medvestnik.ru). Он применяется при артериальной гипертензии и стабильной стенокардии (источник: zdesapteka.ru). В Государственном реестре…",redesign/artifacts/mnn_identity_enrichment_pass_searxng_raw.jsonl,461
23643,БИСОПРОЛОЛ-АКОС ТАБЛ. П/ПЛЕН/ОБ. 10МГ №30 | БИОКОМ ЗАО | БИОКОМ ЗАО,Бисопролол,,none,unresolved_catalog,,,,new_enrichment,true,ok,0,Бисопролол,rx,взрослые,Бисопролол,enrichment,false,https://www.vidal.ru/drugs/bisoprolol-akos | https://idoclab.ru/pharmacy/bisoprolol-akos | https://www.lsgeotar.ru/drugs/bisoprolol-akos-AGY_ | https://www.rlsnet.ru/drugs/bisoprolol-akos-87488 | https://health.mail.ru/drug/bisoprololakos/ | https://zdesapteka.ru/instructions/bisoprolol-akos/ | https://www.vidal.ru/drugs/bisoprolol-akos-2 | https://aptekamos.ru/tovary/lekarstva/bisoprolol-134/bisoprolol-akos-tabletki-5mg-104062/instrukciya | https://medvestnik.ru/ls/a0e4060d-3d5c-43e2-bff0-c86965de4f92.html | https://medum.ru/bisoprolol-akos | https://www.vidal.ru/drugs/bisoprolol-akos | https://www.lekopedia.ru/medications/bisoprolol-akos,"status=ok | Category=Drug | mnn=бисопролол | RX_OTC=RX | Age=Взрослый | Препарат Бисопролол-АКОС содержит действующее вещество бисопролол, которое относится к группе селективных бета-адреноблокаторов (источники: lsgeotar.ru, rlsnet.ru, medvestnik.ru). Он применяется при артериальной гипертензии и стабильной стенокардии (zdesapteka.ru). Инструкции…",redesign/artifacts/mnn_identity_enrichment_pass_searxng_raw.jsonl,461
23695,БИОРИТМ АНТИСТРЕСС 24 ДЕНЬ/НОЧЬ ТАБЛ. П/О №32 | ЭВАЛАР ЗАО | ЭВАЛАР ЗАО,,,none,unresolved_catalog,,,ok,new_enrichment,true,ok,0,,unknown,взрослые,,unresolved_final,true,https://www.vidal.ru/drugs/biorythm_antistress_24_den_noch__40027 | https://www.rlsnet.ru/baa/bioritm-antistress-24-dennoc-36986 | https://www.webapteka.ru/drugbase/name55697.html | https://pharmznanie.ru/drugs/bioritm-antistress-tabletki-24-dennoch-32-sht | https://pharmznanie.ru/drugs/bioritm-antistress-tabletki-24-dennoch-32-sht | https://www.webapteka.ru/drugbase/name55697.html | https://www.vidal.ru/drugs/biorythm_antistress_24_den_noch__40027 | https://kiberis.ru/?p=35809 | https://www.rlsnet.ru/baa/bioritm-antistress-24-dennoc-36986 | https://www.vidal.ru/drugs/biorythm_antistress_24_den_noch__40027 | https://www.webapteka.ru/drugbase/name55697.html | https://apteka.103.by/bioritm-antistress-24-den-noch-instruktsiya/,"status=ok | Category=BAS | RX_OTC=not applicable | Age=Взрослый | Биоритм Антистресс 24 день/ночь является биологически активной добавкой к пище (БАД), а не лекарственным средством. Согласно инструкции, он применяется в качестве источника рутина, витаминов В1, В6, пантотената кальция. Состав таблетки ""день"" включает экстракты пустырника,…",redesign/artifacts/mnn_identity_enrichment_pass_searxng_raw.jsonl,461
24255,"БЕЛОДЕРМ КРЕМ Д/НАРУЖ. ПРИМ. 0,05% ТУБА 30Г | БЕЛУПО | БЕЛУПО",Бетаметазон,,none,unresolved_catalog,,,,new_enrichment,true,ok,0,Бетаметазон,rx,универсальный,Бетаметазон,enrichment,false,https://www.rlsnet.ru/drugs/beloderm-7174 | https://grls.rosminzdrav.ru/ | https://www.rlsnet.ru/drugs/beloderm-7174 | https://www.webapteka.ru/drugbase/name966.html | https://medvisor.ru/medicine/drug/beloderm_30785/ | https://health.mail.ru/drug/beloderm/ | https://www.vidal.ru/drugs/beloderm__3564 | https://www.rlsnet.ru/drugs/beloderm-7174 | https://www.asna.ru/product/beloderm/instruction/ | https://drugs.medelement.com/drug/%D0%B1%D0%B5%D0%BB%D0%BE%D0%B4%D0%B5%D1%80%D0%BC-%D0%BA%D1%80%D0%B5%D0%BC-%D0%B8%D0%BD%D1%81%D1%82%D1%80%D1%83%D0%BA%D1%86%D0%B8%D1%8F/585711471477650949?instruction_lang=RU | https://medi.ru/instrukciya/beloderm-krem_8549/ | https://apteka.ru/product/beloderm-005-150-maz-dnaruzh-prim-5e3266a165b5ab00016503dc/instructions/,"status=ok | Category=Drug | mnn=Бетаметазон | RX_OTC=RX | Age=Универсальный | Белодерм — лекарственный препарат, МНН бетаметазон (источник: pharmcontrol.ru, grls.pharm-portal.ru). Отпускается по рецепту (источник: grls.pharm-portal.ru). Применяется у взрослых и детей: по данным rlsnet.ru, режим дозирования для детей от 1 года до 18 лет соответствует…",redesign/artifacts/mnn_identity_enrichment_pass_searxng_raw.jsonl,461
24335,БЕКЛОМЕТАЗОН АЭРОЗ. Д/ИНГ. ДОЗИР. 250МКГ/ДОЗА 200ДОЗ | БИННОФАРМ АО | БИННОФАРМ АО,Беклометазон,,none,unresolved_catalog,,,,new_enrichment,true,ok,0,Беклометазон,rx,универсальный,Беклометазон,enrichment,false,https://www.rlsnet.ru/drugs/beklometazon-9205 | https://www.vidal.ru/drugs/beklometasone__43429 | https://medspravochnik.com/drugs/kortikosteroidy/beklometazon/ | https://www.rlsnet.ru/drugs/beklometazon-9205 | https://medi.ru/instrukciya/beklometazon_18019/ | https://www.vidal.ru/drugs/beklometasone__43429 | https://medum.ru/beclomethasonum | https://medspravochnik.com/drugs/kortikosteroidy/beklometazon/ | https://medi.ru/instrukciya/beklometazon_18018/ | https://medvisor.ru/medicine/drug/beklometazon_30759/ | https://medlib.net/beklometazon.html | https://grls.pharm-portal.ru/grls/c3b78011-bb8c-457b-ad91-57eee1c158cc,"status=ok | Category=Drug | mnn=Беклометазон | RX_OTC=RX | Age=Универсальный | Препарат Беклометазон является лекарственным средством (ГРЛС). Согласно инструкции, он применяется ингаляционно и используется регулярно. Взрослым и детям старше 12 лет назначают 200-2000 мкг в сутки, детям от 4 до 12 лет - 100-400 мкг в сутки (источник: vidal.ru). В ГРЛС…",redesign/artifacts/mnn_identity_enrichment_pass_searxng_raw.jsonl,461
25424,АРТОГИСТАН Р-Р ДЛЯ В/М ВВЕД. 100МГ/МЛ АМП. 2МЛ №10 | ГРОТЕКС ООО | ГРОТЕКС ООО,,,none,unresolved_catalog,,,,new_enrichment,true,ok,0,Хондроитина сульфат натрия,rx,взрослые,Хондроитина сульфат натрия,enrichment,false,https://www.vidal.ru/drugs/artogystan | https://aptekamos.ru/tovary/lekarstva/xondroitina-sulfat-1060/artogistan-rastvor-dlya-inekciyo-100mg-ml-2ml-91092/instrukciya | https://www.rlsnet.ru/drugs/artogistan-78930 | https://medi.ru/instrukciya/artogistan_17878/ | https://www.lsgeotar.ru/drugs/artogistan-AEhi | https://pharmproduct.ru/drugs/artogistan | https://www.rlsnet.ru/drugs/artogistan-78930 | https://www.vidal.ru/drugs/artogystan | https://medi.ru/instrukciya/artogistan_17878/ | https://www.asna.ru/product/artogistan/instruction/ | https://health.mail.ru/drug/artogistan/ | https://health.mail.ru/drug/artogistan-1/,"status=ok | Category=Drug | mnn=Хондроитина сульфат натрия | RX_OTC=RX | Age=Взрослый | Артогистан является лекарственным средством, действующим веществом которого является хондроитина сульфат натрия (100 мг/мл). Препарат оказывает хондростимулирующее, регенерирующее, противовоспалительное и анальгезирующее действие, применяется при дегенеративно-дистрофических…",redesign/artifacts/mnn_identity_enrichment_pass_searxng_raw.jsonl,461
25707,АНГИОРУС ТАБЛ. П/ПЛЕН/ОБ. 100МГ+900МГ №30 АЛИУМ | АЛИУМ АО | АЛИУМ АО,,,none,unresolved_catalog,,,,new_enrichment,true,ok,0,"Диосмин, Гесперидин",otc,взрослые,"Диосмин, Гесперидин",enrichment,false,https://www.vidal.ru/drugs/angiorus | https://grls.rosminzdrav.ru/ | https://megapteka.ru/specials/guide_angiorus-instrukciya-po-2691 | https://www.rlsnet.ru/drugs/angiorus-78947 | https://megapteka.ru/specials/guide_angiorus-instrukciya-po-2691 | https://www.vidal.ru/drugs/angiorus | https://allmed.pro/drugs/angiorus | https://medi.ru/instrukciya/angiorus_17776/ | https://apteka.ru/product/angiorus-gel-dlya-nog-120-ml-61aa1926894a81084a375d62/instructions/ | https://www.vidal.ru/drugs/angiorus | https://medi.ru/instrukciya/angiorus_17107/ | https://www.kliwi.ru/wp-content/uploads/instruktsii/angiorus-instruktsiya.pdf,"status=ok | Category=Drug | mnn=диосмин, гесперидин | RX_OTC=OTC | Age=Взрослый | Ангиорус — комбинированное лекарственное средство с ангиопротекторным и венотонизирующим действием, содержащее микронизированные субстанции диосмина и гесперидина (источник: megapteka.ru). Отпускается без рецепта (источник: megapteka.ru). Инструкция по применению доступна на…",redesign/artifacts/mnn_identity_enrichment_pass_searxng_raw.jsonl,461
25865,"АМПРИЛАН ТАБЛ. 5МГ №30 | КРКА Д.Д., НОВО МЕСТО АО/КРКА-РУС ООО | КРКА Д.Д., НОВО МЕСТО АО/КРКА-РУС ООО",рамиприл,,none,unresolved_catalog,,,,new_enrichment,true,ok,0,Рамиприл,rx,взрослые,Рамиприл,enrichment,false,https://www.rlsnet.ru/drugs/amprilan-30521 | https://www.vidal.ru/drugs/amprilan__12486 | https://megapteka.ru/specials/guide_amprilan-instrukciya-po-3231 | https://medi.ru/instrukciya/amprilan-nl_1801/ | https://www.rlsnet.ru/drugs/amprilan-30521 | https://www.vidal.ru/drugs/amprilan__12486 | https://www.krka.ru/_assets/Amprilan-HL_PIL_CU-UG_word-version-appr.-09.06.2023.pdf | https://health.mail.ru/drug/amprilan-1/ | https://www.krka.ru/_assets/Amprilan_PIL_CU-UG_word-version-appr.-13.01.2023-1.pdf | https://medi.ru/instrukciya/amprilan_8583/ | https://www.neboleem.net/amprilan.php | https://medlib.net/amprilan.html,"status=ok | Category=Drug | mnn=рамиприл | RX_OTC=RX | Age=Взрослый | Амприлан является лекарственным средством, зарегистрированным в ГРЛС, и входит в перечень ЖНВЛП. Его международное непатентованное наименование (МНН) — рамиприл (источник: megapteka.ru). Препарат противопоказан для применения у детей и подростков до 18 лет (источник:…",redesign/artifacts/mnn_identity_enrichment_pass_searxng_raw.jsonl,461
26068,АМИНАЛОН ТАБЛ. П/О 250МГ №50 БОРИСОВСКИЙ ЗМП | БОРИСОВСКИЙ ЗАВОД МЕДИЦИНСКИХ ПРЕПАРАТОВ | БОРИСОВСКИЙ ЗАВОД МЕДИЦИНСКИХ ПРЕПАРАТОВ,Гамма-аминомасляная кислота,,none,unresolved_catalog,,,,new_enrichment,true,ok,0,Гамма-аминомасляная кислота,rx,универсальный,Гамма-аминомасляная кислота,enrichment,false,https://www.vidal.ru/drugs/aminalon__4325 | https://aptekamos.ru/tovary/lekarstva/gamma-aminomaslyanaya-kislota-182/aminalon-tabletki-250mg-1970/instrukciya | https://megapteka.ru/specials/guide_aminalon-instrukciya-po-5311 | https://www.vidal.ru/drugs/aminalon__4325 | https://megapteka.ru/specials/guide_aminalon-instrukciya-po-5311 | https://allmed.pro/ru/drugs/aminalon | https://www.vidal.ru/drugs/aminalon__4325 | https://megapteka.ru/specials/guide_aminalon-instrukciya-po-5311 | https://www.webapteka.ru/drugbase/name1427.html | https://health.mail.ru/drug/aminalon_1/ | https://drugs.medelement.com/drug/%D0%B0%D0%BC%D0%B8%D0%BD%D0%B0%D0%BB%D0%BE%D0%BD-%D0%B8%D0%BD%D1%81%D1%82%D1%80%D1%83%D0%BA%D1%86%D0%B8%D1%8F/844200091477650959?instruction_lang=RU | https://www.asna.ru/product/aminalon/instruction/,"status=ok | Category=Drug | mnn=Гамма-аминомасляная кислота | RX_OTC=RX | Age=Универсальный | Аминалон является лекарственным средством (препаратом), его МНН — гамма-аминомасляная кислота (ГАМК). Препарат применяется в неврологии и психиатрии для улучшения метаболизма головного мозга, способствует восстановлению когнитивных функций после травм, инсультов и при…",redesign/artifacts/mnn_identity_enrichment_pass_searxng_raw.jsonl,461
26319,"АЛТАЙ ФИТОЧАЙ КИПРЕЯ ТРАВА Ф/П 1,5Г №20 | АЛТАЙСКИЙ КЕДР ООО | АЛТАЙСКИЙ КЕДР ООО",,,none,unresolved_catalog,,,ok,new_enrichment,true,ok,0,,unknown,взрослые,,unresolved_final,true,https://medum.ru/fitochaj-altaj-kiprej-trava | https://medum.ru/fitochaj-altaj-kiprej-trava-filtrpakety-pachki | https://www.lsgeotar.ru/supplements/AARR | https://medum.ru/fitochaj-altaj-kiprej-trava | https://medum.ru/fitochaj-altaj-kiprej-trava-filtrpakety-pachki | https://www.rlsnet.ru/baa/fitocai-altai-kiprei-trava-37693 | https://kiberis.ru/?p=35848 | https://www.medsovet.info/herb/59593 | https://medum.ru/fitochaj-altaj-kiprej-trava | https://www.rlsnet.ru/baa/fitocai-altai-kiprei-trava-37693 | https://medum.ru/fitochaj-altaj-kiprej-trava-filtrpakety-pachki | https://kiberis.ru/?p=35848,"status=ok | Category=BAS | RX_OTC=not applicable | Age=Взрослый | Согласно найденным источникам, Фиточай «Алтай» (Кипрей трава) является биологически активной добавкой (БАД), а не лекарственным средством. Например, на сайте lsgeotar.ru указано, что это БАД к пище — источник флавоноидов и полифенольных соединений. Инструкция на webapteka.ru…",redesign/artifacts/mnn_identity_enrichment_pass_searxng_raw.jsonl,461
