product_id,normalized_text,final_candidate_mnn,pass_action,identity_gate_status,final_mnn_method,needs_human_review,needs_human_review_any,review_priority,final_age,final_age_method,final_age_stage,final_age_source,final_age_confidence,final_age_reason,sem_age,catalog_age,previous_enrichment_age,identity_enrichment_age,age_candidates_json,label_age,label_notes,m2_non_drug_gate,m2_final_proposed_product_kind,m2_final_override_status,manual_expected_age_hint,manual_expected_age_hint_strength,age_replay_current_value,age_replay_current_method,age_replay_current_stage,age_replay_current_source,age_replay_current_confidence,age_replay_value,age_replay_decision,age_replay_reason,age_replay_evidence_status,age_replay_identity_status,age_replay_conflict_status,age_replay_requires_review,age_replay_queue_action,age_replay_source,age_replay_policy_version
8,ХАЙЛЕФЛОКС 500мг N5 таб. покрытые пленочной оболочкой Хайгланс Лабораториз Пвт.Лтд. | Хайгланс лабораториз пвт. Лтд | Хайгланс лабораториз пвт. Лтд | N5,Левофлоксацин,skip_catalog,resolved_catalog,catalog_consensus,FALSE,FALSE,low,взрослые,sem_baseline,sem1,sem_wave500_mnn_v3_report,medium,Sem v3 canonical attr contains Age=взрослые,взрослые,,,,"[{""value"": ""взрослые"", ""method"": ""sem_baseline"", ""stage"": ""sem1"", ""source"": ""sem_wave500_mnn_v3_report"", ""confidence"": ""medium""}]",correct,,not_m2,,,,not_available,взрослые,sem_baseline,sem1,sem_wave500_mnn_v3_report,medium,unknown,downgrade_unsupported_to_unknown,"current=взрослые via sem_baseline lacks product-specific explicit Age evidence (evidence_status=no_saved_evidence, identity=unknown, evidence_grade=none). absence of age data != универсальный; Sem adults != adult-only. Downgrade display to unknown. Hint is not used as truth.",no_saved_evidence,unknown,no_conflict,true,send_to_age_contract_review,mnn_age_policy_replay_v1,age_contract_v1
28,МЕРИФАТИН МВ 750мг N60 таб. с пролонгированным высвобождением Фармасинтез-Тюмень ООО | Фармасинтез-Тюмень ООО | Фармасинтез-Тюмень ООО | N60,Метформин,skip_catalog,resolved_catalog,catalog_consensus,FALSE,FALSE,low,взрослые,sem_baseline,sem1,sem_wave500_mnn_v3_report,medium,Sem v3 canonical attr contains Age=взрослые,взрослые,,,,"[{""value"": ""взрослые"", ""method"": ""sem_baseline"", ""stage"": ""sem1"", ""source"": ""sem_wave500_mnn_v3_report"", ""confidence"": ""medium""}]",correct,,not_m2,,,,not_available,взрослые,sem_baseline,sem1,sem_wave500_mnn_v3_report,medium,unknown,downgrade_unsupported_to_unknown,"current=взрослые via sem_baseline lacks product-specific explicit Age evidence (evidence_status=no_saved_evidence, identity=unknown, evidence_grade=none). absence of age data != универсальный; Sem adults != adult-only. Downgrade display to unknown. Hint is not used as truth.",no_saved_evidence,unknown,no_conflict,true,send_to_age_contract_review,mnn_age_policy_replay_v1,age_contract_v1
34,МЕЛАДАПТ 3мг N10 таб. покрытые пленочной оболочкой Озон ООО | Озон ООО | Озон ООО | N10,Мелатонин,new_enrichment,unresolved_catalog,enrichment,FALSE,FALSE,low,взрослые,identity_enrichment,mnn_identity_enrichment,mnn_identity_enrichment_pass_results,high,"identity enrichment run 461: status=ok, Category=Drug, Age=взрослые, evidence present",взрослые,,,взрослые,"[{""value"": ""взрослые"", ""method"": ""identity_enrichment"", ""stage"": ""mnn_identity_enrichment"", ""source"": ""mnn_identity_enrichment_pass_results"", ""confidence"": ""high""}, {""value"": ""взрослые"", ""method"": ""sem_baseline"", ""stage"": ""sem1"", ""source"": ""sem_wave500_mnn_v3_report"", ""confidence"": ""medium""}]",correct,,not_m2,,,,not_available,взрослые,identity_enrichment,mnn_identity_enrichment,mnn_identity_enrichment_pass_results,high,unknown,downgrade_unsupported_to_unknown,"current=взрослые via identity_enrichment lacks product-specific explicit Age evidence (evidence_status=product_specific_but_no_explicit_age, identity=C, evidence_grade=none). absence of age data != универсальный; Sem adults != adult-only. Downgrade display to unknown. Hint is not used as truth.",product_specific_but_no_explicit_age,C,no_conflict,true,send_to_age_contract_review,mnn_age_policy_replay_v1,age_contract_v1
45,АКВИОН КОЖА ВОЛОСЫ НОГТИ таб. N60 ВТФ ООО | ВТФ ООО | ВТФ ООО | N60,,new_enrichment,unresolved_catalog,unresolved_final,TRUE,TRUE,high,not_applicable,not_applicable,mnn_identity_enrichment,mnn_identity_enrichment_pass_searxng_raw,high,identity enrichment run 461: Category=BAS/Other; Age not applicable,взрослые,,взрослые,универсальный,"[{""value"": ""универсальный"", ""method"": ""identity_enrichment"", ""stage"": ""mnn_identity_enrichment"", ""source"": ""mnn_identity_enrichment_pass_results"", ""confidence"": ""high""}, {""value"": ""взрослые"", ""method"": ""previous_enrichment"", ""stage"": ""previous_mnn_enrichment"", ""source"": ""mnn_catalog_resolution_wave500_v3"", ""confidence"": ""high""}, {""value"": ""взрослые"", ""method"": ""sem_baseline"", ""stage"": ""sem1"", ""source"": ""sem_wave500_mnn_v3_report"", ""confidence"": ""medium""}]",,BAS,not_m2,,,,not_available,not_applicable,not_applicable,mnn_identity_enrichment,mnn_identity_enrichment_pass_searxng_raw,high,conflict,conflict_requires_evidence,unresolved comparable-source conflict (multiple_source_conflict); sem=взрослые prev=взрослые identity=универсальный. No source winner. Display=conflict; current value not accepted.,conflict,D,multiple_source_conflict,true,send_to_age_contract_review,mnn_age_policy_replay_v1,age_contract_v1
54,ГЕПАРИН 5000ЕД/мл 5мл N5 р-р для в/в и п/к введения Армавирская биологическая фабрика фгуп | Армавирская биологическая фабрика фгуп | Армавирская биологическая фабрика фгуп | N5,Гепарин натрия,reuse_existing_enrichment,resolved_enrichment,enrichment,FALSE,FALSE,low,универсальный,previous_enrichment,previous_mnn_enrichment,mnn_catalog_resolution_wave500_v3,high,"reused prior enrichment: status=ok, validated Age=универсальный; weaker sources differ: sem_baseline=взрослые",взрослые,,универсальный,,"[{""value"": ""универсальный"", ""method"": ""previous_enrichment"", ""stage"": ""previous_mnn_enrichment"", ""source"": ""mnn_catalog_resolution_wave500_v3"", ""confidence"": ""high""}, {""value"": ""взрослые"", ""method"": ""sem_baseline"", ""stage"": ""sem1"", ""source"": ""sem_wave500_mnn_v3_report"", ""confidence"": ""medium""}]",incorrect,возрастной сегмент - взрослый,not_m2,,,взрослые,explicit_label_note,универсальный,previous_enrichment,previous_mnn_enrichment,mnn_catalog_resolution_wave500_v3,high,conflict,conflict_requires_evidence,unresolved comparable-source conflict (baseline_vs_enrichment_conflict); sem=взрослые prev=универсальный identity=empty. No source winner. Display=conflict; current value not accepted.,conflict,unknown,baseline_vs_enrichment_conflict,true,send_to_age_contract_review,mnn_age_policy_replay_v1,age_contract_v1
56,РИТОФЛЕКС МСМ таб. N60 Фармацевтическая Фабрика ООО | Фармацевтическая фабрика ООО | Фармацевтическая фабрика ООО | N60,,new_enrichment,unresolved_catalog,unresolved_final,TRUE,TRUE,high,not_applicable,not_applicable,mnn_identity_enrichment,mnn_identity_enrichment_pass_searxng_raw,high,identity enrichment run 461: Category=BAS/Other; Age not applicable,,,,взрослые,"[{""value"": ""взрослые"", ""method"": ""identity_enrichment"", ""stage"": ""mnn_identity_enrichment"", ""source"": ""mnn_identity_enrichment_pass_results"", ""confidence"": ""high""}]",,BAS,approved,bas,applied,,not_available,not_applicable,not_applicable,mnn_identity_enrichment,mnn_identity_enrichment_pass_searxng_raw,high,not_applicable,m2_not_applicable_candidate,approved M2 BAS/Other non-drug; Age not needed for drug routing; kind=bas; override_status=applied. Proposal-only; current Age and product_kind unchanged.,not_applicable,not_applicable,not_applicable,false,not_applicable_no_drug_age_review,m2_reviewed_policy_v1,age_contract_v1
68,ЭПЛЕРЕНОН-ТЕВА 25мг N30 таб. покрытые пленочной оболочкой Тева фармасьютикал воркс прайвэт Лимитед Компани | Тева фармасьютикал воркс прайвэт Лимитед Компани | Тева фармасьютикал воркс прайвэт Лимитед Компани | N30,Эплеренон,skip_catalog,resolved_catalog,catalog_consensus,FALSE,FALSE,low,взрослые,sem_baseline,sem1,sem_wave500_mnn_v3_report,medium,Sem v3 canonical attr contains Age=взрослые,взрослые,,,,"[{""value"": ""взрослые"", ""method"": ""sem_baseline"", ""stage"": ""sem1"", ""source"": ""sem_wave500_mnn_v3_report"", ""confidence"": ""medium""}]",correct,,not_m2,,,,not_available,взрослые,sem_baseline,sem1,sem_wave500_mnn_v3_report,medium,unknown,downgrade_unsupported_to_unknown,"current=взрослые via sem_baseline lacks product-specific explicit Age evidence (evidence_status=no_saved_evidence, identity=unknown, evidence_grade=none). absence of age data != универсальный; Sem adults != adult-only. Downgrade display to unknown. Hint is not used as truth.",no_saved_evidence,unknown,no_conflict,true,send_to_age_contract_review,mnn_age_policy_replay_v1,age_contract_v1
70,РОЗУВАСТАТИН-ТЕВА 20мг N90 таб. покрытые пленочной оболочкой Р-Фарм Новосёлки | Р-Фарм новосёлки ООО | Р-Фарм новосёлки ООО | N90,Розувастатин,skip_strong_input_mnn,resolved_input_explicit,input_explicit_mnn,FALSE,FALSE,low,взрослые,sem_baseline,sem1,sem_wave500_mnn_v3_report,medium,Sem v3 canonical attr contains Age=взрослые,взрослые,,,,"[{""value"": ""взрослые"", ""method"": ""sem_baseline"", ""stage"": ""sem1"", ""source"": ""sem_wave500_mnn_v3_report"", ""confidence"": ""medium""}]",correct,,not_m2,,,,not_available,взрослые,sem_baseline,sem1,sem_wave500_mnn_v3_report,medium,unknown,downgrade_unsupported_to_unknown,"current=взрослые via sem_baseline lacks product-specific explicit Age evidence (evidence_status=no_saved_evidence, identity=unknown, evidence_grade=none). absence of age data != универсальный; Sem adults != adult-only. Downgrade display to unknown. Hint is not used as truth.",no_saved_evidence,unknown,no_conflict,true,send_to_age_contract_review,mnn_age_policy_replay_v1,age_contract_v1
72,ФАРИНГАЛ таб. 650мг N10 Салута-М | Салута-М ООО | Салута-М ООО | N10,,new_enrichment,unresolved_catalog,unresolved_final,TRUE,TRUE,high,универсальный,previous_enrichment,previous_mnn_enrichment,mnn_catalog_resolution_wave500_v3,high,"reused prior enrichment: status=ok, validated Age=универсальный",,,универсальный,универсальный,"[{""value"": ""универсальный"", ""method"": ""identity_enrichment"", ""stage"": ""mnn_identity_enrichment"", ""source"": ""mnn_identity_enrichment_pass_results"", ""confidence"": ""high""}, {""value"": ""универсальный"", ""method"": ""previous_enrichment"", ""stage"": ""previous_mnn_enrichment"", ""source"": ""mnn_catalog_resolution_wave500_v3"", ""confidence"": ""high""}]",,BAS,not_m2,,,,not_available,универсальный,previous_enrichment,previous_mnn_enrichment,mnn_catalog_resolution_wave500_v3,high,unknown,downgrade_unsupported_to_unknown,"current=универсальный via previous_enrichment lacks product-specific explicit Age evidence (evidence_status=product_specific_but_no_explicit_age, identity=C, evidence_grade=none). absence of age data != универсальный; Sem adults != adult-only. Downgrade display to unknown. Hint is not used as truth.",product_specific_but_no_explicit_age,C,no_conflict,true,send_to_age_contract_review,mnn_age_policy_replay_v1,age_contract_v1
73,ГАСТРАСАН ЭКСПРЕСС 680мг+80мг N12 таб. жевательные Апельсин ЮжФарм ООО | ЮжФарм ООО | ЮжФарм ООО | N12,"Кальция карбонат, Магния карбонат",new_enrichment,unresolved_catalog,enrichment,FALSE,FALSE,low,универсальный,identity_enrichment,mnn_identity_enrichment,mnn_identity_enrichment_pass_results,high,"identity enrichment run 461: status=ok, Category=Drug, Age=универсальный, evidence present; weaker sources differ: sem_baseline=взрослые",взрослые,,,универсальный,"[{""value"": ""универсальный"", ""method"": ""identity_enrichment"", ""stage"": ""mnn_identity_enrichment"", ""source"": ""mnn_identity_enrichment_pass_results"", ""confidence"": ""high""}, {""value"": ""взрослые"", ""method"": ""sem_baseline"", ""stage"": ""sem1"", ""source"": ""sem_wave500_mnn_v3_report"", ""confidence"": ""medium""}]",correct,,not_m2,,,,not_available,универсальный,identity_enrichment,mnn_identity_enrichment,mnn_identity_enrichment_pass_results,high,conflict,conflict_requires_evidence,unresolved comparable-source conflict (baseline_vs_enrichment_conflict); sem=взрослые prev=empty identity=универсальный. No source winner. Display=conflict; current value not accepted.,conflict,C,baseline_vs_enrichment_conflict,true,send_to_age_contract_review,mnn_age_policy_replay_v1,age_contract_v1
75,САМБУКУС БУЗИНА ИММУНИТЕТ таб. массой 700мг N30 Грин сайд ООО | Грин Сайд ООО | Грин Сайд ООО | N30,,new_enrichment,unresolved_catalog,unresolved_final,TRUE,TRUE,high,not_applicable,not_applicable,mnn_identity_enrichment,mnn_identity_enrichment_pass_searxng_raw,high,identity enrichment run 461: Category=BAS/Other; Age not applicable,,,универсальный,универсальный,"[{""value"": ""универсальный"", ""method"": ""identity_enrichment"", ""stage"": ""mnn_identity_enrichment"", ""source"": ""mnn_identity_enrichment_pass_results"", ""confidence"": ""high""}, {""value"": ""универсальный"", ""method"": ""previous_enrichment"", ""stage"": ""previous_mnn_enrichment"", ""source"": ""mnn_catalog_resolution_wave500_v3"", ""confidence"": ""high""}]",,BAS,approved,bas,applied,,not_available,not_applicable,not_applicable,mnn_identity_enrichment,mnn_identity_enrichment_pass_searxng_raw,high,not_applicable,m2_not_applicable_candidate,approved M2 BAS/Other non-drug; Age not needed for drug routing; kind=bas; override_status=applied. Proposal-only; current Age and product_kind unchanged.,not_applicable,not_applicable,not_applicable,false,not_applicable_no_drug_age_review,m2_reviewed_policy_v1,age_contract_v1
88,ГЕСПЕРИДИН+ДИОСМИН 100мг+900мг N30 таб. покрытые пленочной оболочкой Алиум АО | Алиум АО | Алиум АО | N30,"Гесперидин, Диосмин",new_enrichment,unresolved_catalog,enrichment,FALSE,FALSE,low,универсальный,identity_enrichment,mnn_identity_enrichment,mnn_identity_enrichment_pass_results,high,"identity enrichment run 461: status=ok, Category=Drug, Age=универсальный, evidence present; weaker sources differ: sem_baseline=взрослые",взрослые,,,универсальный,"[{""value"": ""универсальный"", ""method"": ""identity_enrichment"", ""stage"": ""mnn_identity_enrichment"", ""source"": ""mnn_identity_enrichment_pass_results"", ""confidence"": ""high""}, {""value"": ""взрослые"", ""method"": ""sem_baseline"", ""stage"": ""sem1"", ""source"": ""sem_wave500_mnn_v3_report"", ""confidence"": ""medium""}]",incorrect,возрастной сегмент - взрослый,not_m2,,,взрослые,explicit_label_note,универсальный,identity_enrichment,mnn_identity_enrichment,mnn_identity_enrichment_pass_results,high,conflict,conflict_requires_evidence,unresolved comparable-source conflict (baseline_vs_enrichment_conflict); sem=взрослые prev=empty identity=универсальный. No source winner. Display=conflict; current value not accepted.,conflict,D,baseline_vs_enrichment_conflict,true,send_to_age_contract_review,mnn_age_policy_replay_v1,age_contract_v1
92,ДИНАМИКО ЛОНГ 20мг N8 таб. покрытые пленочной оболочкой Тева Фармацевтические Предприятия Лтд | Тева Фармацевтические Предприятия Лтд. | Тева Фармацевтические Предприятия Лтд. | N8,Тадалафил,new_enrichment,unresolved_catalog,enrichment,FALSE,FALSE,low,взрослые,identity_enrichment,mnn_identity_enrichment,mnn_identity_enrichment_pass_results,high,"identity enrichment run 461: status=ok, Category=Drug, Age=взрослые, evidence present",взрослые,,,взрослые,"[{""value"": ""взрослые"", ""method"": ""identity_enrichment"", ""stage"": ""mnn_identity_enrichment"", ""source"": ""mnn_identity_enrichment_pass_results"", ""confidence"": ""high""}, {""value"": ""взрослые"", ""method"": ""sem_baseline"", ""stage"": ""sem1"", ""source"": ""sem_wave500_mnn_v3_report"", ""confidence"": ""medium""}]",correct,,not_m2,,,,not_available,взрослые,identity_enrichment,mnn_identity_enrichment,mnn_identity_enrichment_pass_results,high,unknown,downgrade_unsupported_to_unknown,"current=взрослые via identity_enrichment lacks product-specific explicit Age evidence (evidence_status=product_specific_but_no_explicit_age, identity=C, evidence_grade=none). absence of age data != универсальный; Sem adults != adult-only. Downgrade display to unknown. Hint is not used as truth.",product_specific_but_no_explicit_age,C,no_conflict,true,send_to_age_contract_review,mnn_age_policy_replay_v1,age_contract_v1
249,ОСТЕОМЕД таб. N60 Парафарм | Парафарм ООО | Парафарм ООО | N60,,new_enrichment,unresolved_catalog,unresolved_final,TRUE,TRUE,high,not_applicable,not_applicable,mnn_identity_enrichment,mnn_identity_enrichment_pass_searxng_raw,high,identity enrichment run 461: Category=BAS/Other; Age not applicable,взрослые,,взрослые,взрослые,"[{""value"": ""взрослые"", ""method"": ""identity_enrichment"", ""stage"": ""mnn_identity_enrichment"", ""source"": ""mnn_identity_enrichment_pass_results"", ""confidence"": ""high""}, {""value"": ""взрослые"", ""method"": ""previous_enrichment"", ""stage"": ""previous_mnn_enrichment"", ""source"": ""mnn_catalog_resolution_wave500_v3"", ""confidence"": ""high""}, {""value"": ""взрослые"", ""method"": ""sem_baseline"", ""stage"": ""sem1"", ""source"": ""sem_wave500_mnn_v3_report"", ""confidence"": ""medium""}]",,BAS,approved,bas,applied,,not_available,not_applicable,not_applicable,mnn_identity_enrichment,mnn_identity_enrichment_pass_searxng_raw,high,not_applicable,m2_not_applicable_candidate,approved M2 BAS/Other non-drug; Age not needed for drug routing; kind=bas; override_status=applied. Proposal-only; current Age and product_kind unchanged.,not_applicable,not_applicable,not_applicable,false,not_applicable_no_drug_age_review,m2_reviewed_policy_v1,age_contract_v1
354,"ЭХИНАЦЕИ ПУРПУРНОЙ ТРАВА 1,5Г Ф/П №20 ИВАН ЧАЙ | ИВАН-ЧАЙ ЗАО | ИВАН-ЧАЙ ЗАО",Эхинацеи пурпурной трава,reuse_existing_enrichment,resolved_enrichment,enrichment,FALSE,FALSE,low,взрослые,previous_enrichment,previous_mnn_enrichment,mnn_catalog_resolution_wave500_v3,high,"reused prior enrichment: status=ok, validated Age=взрослые",,,взрослые,,"[{""value"": ""взрослые"", ""method"": ""previous_enrichment"", ""stage"": ""previous_mnn_enrichment"", ""source"": ""mnn_catalog_resolution_wave500_v3"", ""confidence"": ""high""}]",correct,,not_m2,,,,not_available,взрослые,previous_enrichment,previous_mnn_enrichment,mnn_catalog_resolution_wave500_v3,high,unknown,downgrade_unsupported_to_unknown,"current=взрослые via previous_enrichment lacks product-specific explicit Age evidence (evidence_status=no_saved_evidence, identity=unknown, evidence_grade=none). absence of age data != универсальный; Sem adults != adult-only. Downgrade display to unknown. Hint is not used as truth.",no_saved_evidence,unknown,no_conflict,true,send_to_age_contract_review,mnn_age_policy_replay_v1,age_contract_v1
456,"ЭТОРИАКС ТАБЛ. П/ПЛЕН/ОБ. 60МГ №14 | КРКА, Д.Д., НОВО МЕСТО АО | КРКА, Д.Д., НОВО МЕСТО АО",Эторикоксиб,new_enrichment,unresolved_catalog,enrichment,FALSE,FALSE,low,взрослые,identity_enrichment,mnn_identity_enrichment,mnn_identity_enrichment_pass_results,high,"identity enrichment run 461: status=ok, Category=Drug, Age=взрослые, evidence present",взрослые,,,взрослые,"[{""value"": ""взрослые"", ""method"": ""identity_enrichment"", ""stage"": ""mnn_identity_enrichment"", ""source"": ""mnn_identity_enrichment_pass_results"", ""confidence"": ""high""}, {""value"": ""взрослые"", ""method"": ""sem_baseline"", ""stage"": ""sem1"", ""source"": ""sem_wave500_mnn_v3_report"", ""confidence"": ""medium""}]",correct,,not_m2,,,,not_available,взрослые,identity_enrichment,mnn_identity_enrichment,mnn_identity_enrichment_pass_results,high,unknown,downgrade_unsupported_to_unknown,"current=взрослые via identity_enrichment lacks product-specific explicit Age evidence (evidence_status=product_specific_but_no_explicit_age, identity=C, evidence_grade=none). absence of age data != универсальный; Sem adults != adult-only. Downgrade display to unknown. Hint is not used as truth.",product_specific_but_no_explicit_age,C,no_conflict,true,send_to_age_contract_review,mnn_age_policy_replay_v1,age_contract_v1
486,ЭСЦИТАЛОПРАМ КАНОН ТАБЛ. П/ПЛЕН/ОБ. 20МГ №28 | КАНОНФАРМА ПРОДАКШН ЗАО | КАНОНФАРМА ПРОДАКШН ЗАО,Эсциталопрам,new_enrichment,unresolved_catalog,enrichment,FALSE,FALSE,low,универсальный,identity_enrichment,mnn_identity_enrichment,mnn_identity_enrichment_pass_results,high,"identity enrichment run 461: status=ok, Category=Drug, Age=универсальный, evidence present; weaker sources differ: sem_baseline=взрослые",взрослые,,,универсальный,"[{""value"": ""универсальный"", ""method"": ""identity_enrichment"", ""stage"": ""mnn_identity_enrichment"", ""source"": ""mnn_identity_enrichment_pass_results"", ""confidence"": ""high""}, {""value"": ""взрослые"", ""method"": ""sem_baseline"", ""stage"": ""sem1"", ""source"": ""sem_wave500_mnn_v3_report"", ""confidence"": ""medium""}]",incorrect,возрастной сегмент - взрослый,not_m2,,,взрослые,explicit_label_note,универсальный,identity_enrichment,mnn_identity_enrichment,mnn_identity_enrichment_pass_results,high,conflict,conflict_requires_evidence,unresolved comparable-source conflict (baseline_vs_enrichment_conflict); sem=взрослые prev=empty identity=универсальный. No source winner. Display=conflict; current value not accepted.,conflict,C,baseline_vs_enrichment_conflict,true,send_to_age_contract_review,mnn_age_policy_replay_v1,age_contract_v1
777,ЭНАЛАПРИЛ АЛЬФАКТИВ ТАБЛ. 20МГ №20 | ОЗОН ФАРМ ООО | ОЗОН ФАРМ ООО,Эналаприл,skip_strong_input_mnn,resolved_input_explicit,input_explicit_mnn,FALSE,FALSE,low,взрослые,sem_baseline,sem1,sem_wave500_mnn_v3_report,medium,Sem v3 canonical attr contains Age=взрослые,взрослые,,,,"[{""value"": ""взрослые"", ""method"": ""sem_baseline"", ""stage"": ""sem1"", ""source"": ""sem_wave500_mnn_v3_report"", ""confidence"": ""medium""}]",correct,,not_m2,,,,not_available,взрослые,sem_baseline,sem1,sem_wave500_mnn_v3_report,medium,unknown,downgrade_unsupported_to_unknown,"current=взрослые via sem_baseline lacks product-specific explicit Age evidence (evidence_status=no_saved_evidence, identity=unknown, evidence_grade=none). absence of age data != универсальный; Sem adults != adult-only. Downgrade display to unknown. Hint is not used as truth.",no_saved_evidence,unknown,no_conflict,true,send_to_age_contract_review,mnn_age_policy_replay_v1,age_contract_v1
844,ЭЛЬКАР Р-Р Д/ПРИЕМА ВНУТРЬ 300МГ/МЛ ФЛ. 25МЛ | ///ПИК-ФАРМА ЛЕК | ///ПИК-ФАРМА ЛЕК,Левокарнитин,new_enrichment,unresolved_catalog,enrichment,FALSE,FALSE,low,универсальный,identity_enrichment,mnn_identity_enrichment,mnn_identity_enrichment_pass_results,high,"identity enrichment run 461: status=ok, Category=Drug, Age=универсальный, evidence present; weaker sources differ: sem_baseline=взрослые",взрослые,,,универсальный,"[{""value"": ""универсальный"", ""method"": ""identity_enrichment"", ""stage"": ""mnn_identity_enrichment"", ""source"": ""mnn_identity_enrichment_pass_results"", ""confidence"": ""high""}, {""value"": ""взрослые"", ""method"": ""sem_baseline"", ""stage"": ""sem1"", ""source"": ""sem_wave500_mnn_v3_report"", ""confidence"": ""medium""}]",correct,,not_m2,,,,not_available,универсальный,identity_enrichment,mnn_identity_enrichment,mnn_identity_enrichment_pass_results,high,conflict,conflict_requires_evidence,unresolved comparable-source conflict (baseline_vs_enrichment_conflict); sem=взрослые prev=empty identity=универсальный. No source winner. Display=conflict; current value not accepted.,conflict,C,baseline_vs_enrichment_conflict,true,send_to_age_contract_review,mnn_age_policy_replay_v1,age_contract_v1
884,"ЭЛИЦЕЯ КУ-ТАБ ТАБЛ. ДИСПЕРГ. В ПОЛОСТИ РТА 10МГ №56 | КРКА, Д.Д., НОВО МЕСТО АО | КРКА, Д.Д., НОВО МЕСТО АО",Эсциталопрам,new_enrichment,unresolved_catalog,enrichment,FALSE,FALSE,low,взрослые,identity_enrichment,mnn_identity_enrichment,mnn_identity_enrichment_pass_results,high,"identity enrichment run 461: status=ok, Category=Drug, Age=взрослые, evidence present",,,,взрослые,"[{""value"": ""взрослые"", ""method"": ""identity_enrichment"", ""stage"": ""mnn_identity_enrichment"", ""source"": ""mnn_identity_enrichment_pass_results"", ""confidence"": ""high""}]",correct,,not_m2,,,,not_available,взрослые,identity_enrichment,mnn_identity_enrichment,mnn_identity_enrichment_pass_results,high,unknown,downgrade_unsupported_to_unknown,"current=взрослые via identity_enrichment lacks product-specific explicit Age evidence (evidence_status=product_specific_but_no_explicit_age, identity=C, evidence_grade=none). absence of age data != универсальный; Sem adults != adult-only. Downgrade display to unknown. Hint is not used as truth.",product_specific_but_no_explicit_age,C,no_conflict,true,send_to_age_contract_review,mnn_age_policy_replay_v1,age_contract_v1
1053,"ЭКЗОРОЛФИНЛАК ЛАК Д/НОГТЕЙ 5% ФЛ. 2,5МЛ | ПАУЛЬ В. БЕЙФЕРС ГМБХ | ПАУЛЬ В. БЕЙФЕРС ГМБХ",Аморолфин,new_enrichment,unresolved_catalog,enrichment,FALSE,FALSE,low,взрослые,identity_enrichment,mnn_identity_enrichment,mnn_identity_enrichment_pass_results,high,"identity enrichment run 461: status=ok, Category=Drug, Age=взрослые, evidence present",взрослые,,,взрослые,"[{""value"": ""взрослые"", ""method"": ""identity_enrichment"", ""stage"": ""mnn_identity_enrichment"", ""source"": ""mnn_identity_enrichment_pass_results"", ""confidence"": ""high""}, {""value"": ""взрослые"", ""method"": ""sem_baseline"", ""stage"": ""sem1"", ""source"": ""sem_wave500_mnn_v3_report"", ""confidence"": ""medium""}]",correct,препарат OTC,not_m2,,,,not_available,взрослые,identity_enrichment,mnn_identity_enrichment,mnn_identity_enrichment_pass_results,high,unknown,downgrade_unsupported_to_unknown,"current=взрослые via identity_enrichment lacks product-specific explicit Age evidence (evidence_status=product_specific_but_no_explicit_age, identity=B, evidence_grade=none). absence of age data != универсальный; Sem adults != adult-only. Downgrade display to unknown. Hint is not used as truth.",product_specific_but_no_explicit_age,B,no_conflict,true,send_to_age_contract_review,mnn_age_policy_replay_v1,age_contract_v1
1668,"ЧАБРЕЦА ТРАВА Ф/П 1,5Г №20 ЗДОРОВЬЕ | Здоровье фирма ЗАО | Здоровье фирма ЗАО",Тимьяна ползучего трава,reuse_existing_enrichment,resolved_enrichment,enrichment,FALSE,FALSE,low,универсальный,previous_enrichment,previous_mnn_enrichment,mnn_catalog_resolution_wave500_v3,high,"reused prior enrichment: status=ok, validated Age=универсальный",,,универсальный,,"[{""value"": ""универсальный"", ""method"": ""previous_enrichment"", ""stage"": ""previous_mnn_enrichment"", ""source"": ""mnn_catalog_resolution_wave500_v3"", ""confidence"": ""high""}]",incorrect,возрастной сегмент - взрослый,not_m2,,,взрослые,explicit_label_note,универсальный,previous_enrichment,previous_mnn_enrichment,mnn_catalog_resolution_wave500_v3,high,unknown,downgrade_unsupported_to_unknown,"current=универсальный via previous_enrichment lacks product-specific explicit Age evidence (evidence_status=no_saved_evidence, identity=unknown, evidence_grade=none). absence of age data != универсальный; Sem adults != adult-only. Downgrade display to unknown. Hint is not used as truth.",no_saved_evidence,unknown,no_conflict,true,send_to_age_contract_review,mnn_age_policy_replay_v1,age_contract_v1
1765,ЦИПРОТЕРОН-ТЕВА ТАБЛ. 50МГ №50 | ТЕВА ЧЕШСКИЕ ПРЕДПРИЯТИЯ С.Р.О. | ТЕВА ЧЕШСКИЕ ПРЕДПРИЯТИЯ С.Р.О.,Ципротерон,new_enrichment,unresolved_catalog,enrichment,FALSE,FALSE,low,универсальный,identity_enrichment,mnn_identity_enrichment,mnn_identity_enrichment_pass_results,high,"identity enrichment run 461: status=ok, Category=Drug, Age=универсальный, evidence present; weaker sources differ: sem_baseline=взрослые",взрослые,,,универсальный,"[{""value"": ""универсальный"", ""method"": ""identity_enrichment"", ""stage"": ""mnn_identity_enrichment"", ""source"": ""mnn_identity_enrichment_pass_results"", ""confidence"": ""high""}, {""value"": ""взрослые"", ""method"": ""sem_baseline"", ""stage"": ""sem1"", ""source"": ""sem_wave500_mnn_v3_report"", ""confidence"": ""medium""}]",incorrect,возрастной сегмент - взрослый,not_m2,,,взрослые,explicit_label_note,универсальный,identity_enrichment,mnn_identity_enrichment,mnn_identity_enrichment_pass_results,high,conflict,conflict_requires_evidence,unresolved comparable-source conflict (baseline_vs_enrichment_conflict); sem=взрослые prev=empty identity=универсальный. No source winner. Display=conflict; current value not accepted.,conflict,C,baseline_vs_enrichment_conflict,true,send_to_age_contract_review,mnn_age_policy_replay_v1,age_contract_v1
2023,ЦЕЛЕКОКСИБ-ТЕВА КАПС. 200МГ №30 | УОТСОН ФАРМА ПРАЙВЭТ ЛИМИТЕД | УОТСОН ФАРМА ПРАЙВЭТ ЛИМИТЕД,Целекоксиб,new_enrichment,unresolved_catalog,enrichment,FALSE,FALSE,low,универсальный,identity_enrichment,mnn_identity_enrichment,mnn_identity_enrichment_pass_results,high,"identity enrichment run 461: status=ok, Category=Drug, Age=универсальный, evidence present; weaker sources differ: sem_baseline=взрослые",взрослые,,,универсальный,"[{""value"": ""универсальный"", ""method"": ""identity_enrichment"", ""stage"": ""mnn_identity_enrichment"", ""source"": ""mnn_identity_enrichment_pass_results"", ""confidence"": ""high""}, {""value"": ""взрослые"", ""method"": ""sem_baseline"", ""stage"": ""sem1"", ""source"": ""sem_wave500_mnn_v3_report"", ""confidence"": ""medium""}]",incorrect,возрастной сегмент - взрослый,not_m2,,,взрослые,explicit_label_note,универсальный,identity_enrichment,mnn_identity_enrichment,mnn_identity_enrichment_pass_results,high,conflict,conflict_requires_evidence,unresolved comparable-source conflict (baseline_vs_enrichment_conflict); sem=взрослые prev=empty identity=универсальный. No source winner. Display=conflict; current value not accepted.,conflict,D,baseline_vs_enrichment_conflict,true,send_to_age_contract_review,mnn_age_policy_replay_v1,age_contract_v1
2348,ХИЛАК ФОРТЕ КАПЛИ Д/ПРИЕМА ВНУТРЬ ВИШНЯ ФЛ. 100МЛ | МЕРКЛЕ ГМБХ | МЕРКЛЕ ГМБХ,Метаболиты бактерий,new_enrichment,unresolved_catalog,enrichment,FALSE,FALSE,low,универсальный,identity_enrichment,mnn_identity_enrichment,mnn_identity_enrichment_pass_results,high,"identity enrichment run 461: status=ok, Category=Drug, Age=универсальный, evidence present",,,универсальный,универсальный,"[{""value"": ""универсальный"", ""method"": ""identity_enrichment"", ""stage"": ""mnn_identity_enrichment"", ""source"": ""mnn_identity_enrichment_pass_results"", ""confidence"": ""high""}, {""value"": ""универсальный"", ""method"": ""previous_enrichment"", ""stage"": ""previous_mnn_enrichment"", ""source"": ""mnn_catalog_resolution_wave500_v3"", ""confidence"": ""high""}]",correct,,not_m2,,,,not_available,универсальный,identity_enrichment,mnn_identity_enrichment,mnn_identity_enrichment_pass_results,high,unknown,downgrade_unsupported_to_unknown,"current=универсальный via identity_enrichment lacks product-specific explicit Age evidence (evidence_status=product_specific_explicit, identity=B, evidence_grade=B). absence of age data != универсальный; Sem adults != adult-only. Downgrade display to unknown. Hint is not used as truth.",product_specific_explicit,B,no_conflict,true,send_to_age_contract_review,mnn_age_policy_replay_v1,age_contract_v1
2621,ФУРАЦИЛИН ТАБЛ. Д/Р-РА Д/МЕСТН. И НАРУЖ. ПРИМ. 20МГ №20 ТАТХИМФАРМПРЕПАРАТЫ | ТАТХИМФАРМПРЕПАРАТЫ АО | ТАТХИМФАРМПРЕПАРАТЫ АО,Нитрофурал,reuse_existing_enrichment,resolved_enrichment,enrichment,FALSE,FALSE,low,универсальный,previous_enrichment,previous_mnn_enrichment,mnn_catalog_resolution_wave500_v3,high,"reused prior enrichment: status=ok, validated Age=универсальный; weaker sources differ: sem_baseline=взрослые",взрослые,,универсальный,,"[{""value"": ""универсальный"", ""method"": ""previous_enrichment"", ""stage"": ""previous_mnn_enrichment"", ""source"": ""mnn_catalog_resolution_wave500_v3"", ""confidence"": ""high""}, {""value"": ""взрослые"", ""method"": ""sem_baseline"", ""stage"": ""sem1"", ""source"": ""sem_wave500_mnn_v3_report"", ""confidence"": ""medium""}]",correct,препарат OTC,not_m2,,,,not_available,универсальный,previous_enrichment,previous_mnn_enrichment,mnn_catalog_resolution_wave500_v3,high,conflict,conflict_requires_evidence,unresolved comparable-source conflict (baseline_vs_enrichment_conflict); sem=взрослые prev=универсальный identity=empty. No source winner. Display=conflict; current value not accepted.,conflict,unknown,baseline_vs_enrichment_conflict,true,send_to_age_contract_review,mnn_age_policy_replay_v1,age_contract_v1
3027,ФЛУОКСЕТИН КАПС. 10МГ №20 ОЗОН | ОЗОН ООО | ОЗОН ООО,Флуоксетин,new_enrichment,unresolved_catalog,enrichment,FALSE,FALSE,low,универсальный,identity_enrichment,mnn_identity_enrichment,mnn_identity_enrichment_pass_results,high,"identity enrichment run 461: status=ok, Category=Drug, Age=универсальный, evidence present; weaker sources differ: sem_baseline=взрослые",взрослые,,,универсальный,"[{""value"": ""универсальный"", ""method"": ""identity_enrichment"", ""stage"": ""mnn_identity_enrichment"", ""source"": ""mnn_identity_enrichment_pass_results"", ""confidence"": ""high""}, {""value"": ""взрослые"", ""method"": ""sem_baseline"", ""stage"": ""sem1"", ""source"": ""sem_wave500_mnn_v3_report"", ""confidence"": ""medium""}]",incorrect,возрастной сегмент - взрослый,not_m2,,,взрослые,explicit_label_note,универсальный,identity_enrichment,mnn_identity_enrichment,mnn_identity_enrichment_pass_results,high,conflict,conflict_requires_evidence,unresolved comparable-source conflict (baseline_vs_enrichment_conflict); sem=взрослые prev=empty identity=универсальный. No source winner. Display=conflict; current value not accepted.,conflict,C,baseline_vs_enrichment_conflict,true,send_to_age_contract_review,mnn_age_policy_replay_v1,age_contract_v1
3065,ФЛУКОНАЗОЛ-OBL КАПС. 150МГ №4 | ОБОЛЕНСКОЕ ФП АО | ОБОЛЕНСКОЕ ФП АО,Флуконазол,skip_catalog,resolved_catalog,catalog_consensus,FALSE,TRUE,high,unknown,not_resolved,none,none,unknown,no accepted pipeline source contains Age; display value unknown,,,,,[],incorrect,"препарат otc, возрастной сегмент - универсальный",not_m2,,,универсальный,explicit_label_note,unknown,not_resolved,none,none,unknown,unknown,retain_safe_unknown,current Age is unknown and no product-specific explicit Age evidence is stored. unknown is a valid safe outcome; not upgraded from labels or medical inference.,no_saved_evidence,unknown,unknown,true,require_product_specific_evidence,mnn_age_policy_replay_v1,age_contract_v1
3556,"ФИЗИОТЕНЗ ТАБЛ. П/ПЛЕН/ОБ. 0,4МГ №28 ВЕРОФАРМ | ВЕРОФАРМ АО | ВЕРОФАРМ АО",Моксонидин,new_enrichment,unresolved_catalog,enrichment,FALSE,FALSE,low,взрослые,identity_enrichment,mnn_identity_enrichment,mnn_identity_enrichment_pass_results,high,"identity enrichment run 461: status=ok, Category=Drug, Age=взрослые, evidence present",взрослые,,,взрослые,"[{""value"": ""взрослые"", ""method"": ""identity_enrichment"", ""stage"": ""mnn_identity_enrichment"", ""source"": ""mnn_identity_enrichment_pass_results"", ""confidence"": ""high""}, {""value"": ""взрослые"", ""method"": ""sem_baseline"", ""stage"": ""sem1"", ""source"": ""sem_wave500_mnn_v3_report"", ""confidence"": ""medium""}]",correct,,not_m2,,,,not_available,взрослые,identity_enrichment,mnn_identity_enrichment,mnn_identity_enrichment_pass_results,high,unknown,downgrade_unsupported_to_unknown,"current=взрослые via identity_enrichment lacks product-specific explicit Age evidence (evidence_status=product_specific_but_no_explicit_age, identity=C, evidence_grade=none). absence of age data != универсальный; Sem adults != adult-only. Downgrade display to unknown. Hint is not used as truth.",product_specific_but_no_explicit_age,C,no_conflict,true,send_to_age_contract_review,mnn_age_policy_replay_v1,age_contract_v1
3759,ФАСПИК ГРАН. Д/Р-РА Д/ПРИЕМА ВНУТРЬ АБРИКОС 400МГ ПАК. 3Г №12 | ЗАМБОН СВИТЦЕЛАНД ЛТД. | ЗАМБОН СВИТЦЕЛАНД ЛТД.,Ибупрофен,new_enrichment,unresolved_catalog,enrichment,FALSE,FALSE,low,универсальный,identity_enrichment,mnn_identity_enrichment,mnn_identity_enrichment_pass_results,high,"identity enrichment run 461: status=ok, Category=Drug, Age=универсальный, evidence present",,,,универсальный,"[{""value"": ""универсальный"", ""method"": ""identity_enrichment"", ""stage"": ""mnn_identity_enrichment"", ""source"": ""mnn_identity_enrichment_pass_results"", ""confidence"": ""high""}]",correct,,not_m2,,,,not_available,универсальный,identity_enrichment,mnn_identity_enrichment,mnn_identity_enrichment_pass_results,high,unknown,downgrade_unsupported_to_unknown,"current=универсальный via identity_enrichment lacks product-specific explicit Age evidence (evidence_status=product_specific_but_no_explicit_age, identity=C, evidence_grade=none). absence of age data != универсальный; Sem adults != adult-only. Downgrade display to unknown. Hint is not used as truth.",product_specific_but_no_explicit_age,C,no_conflict,true,send_to_age_contract_review,mnn_age_policy_replay_v1,age_contract_v1
3763,ФАРМГРУПП НАСТОЙКА 5 ТРАВ УСПОКОИТЕЛЬНАЯ ФЛ. 250МЛ | ФАРМГРУПП ООО | ФАРМГРУПП ООО,,new_enrichment,unresolved_catalog,unresolved_final,TRUE,TRUE,high,not_applicable,not_applicable,mnn_identity_enrichment,mnn_identity_enrichment_pass_searxng_raw,high,identity enrichment run 461: Category=BAS/Other; Age not applicable,взрослые,,взрослые,взрослые,"[{""value"": ""взрослые"", ""method"": ""identity_enrichment"", ""stage"": ""mnn_identity_enrichment"", ""source"": ""mnn_identity_enrichment_pass_results"", ""confidence"": ""high""}, {""value"": ""взрослые"", ""method"": ""previous_enrichment"", ""stage"": ""previous_mnn_enrichment"", ""source"": ""mnn_catalog_resolution_wave500_v3"", ""confidence"": ""high""}, {""value"": ""взрослые"", ""method"": ""sem_baseline"", ""stage"": ""sem1"", ""source"": ""sem_wave500_mnn_v3_report"", ""confidence"": ""medium""}]",,BAS,approved,bas,applied,,not_available,not_applicable,not_applicable,mnn_identity_enrichment,mnn_identity_enrichment_pass_searxng_raw,high,not_applicable,m2_not_applicable_candidate,approved M2 BAS/Other non-drug; Age not needed for drug routing; kind=bas; override_status=applied. Proposal-only; current Age and product_kind unchanged.,not_applicable,not_applicable,not_applicable,false,not_applicable_no_drug_age_review,m2_reviewed_policy_v1,age_contract_v1
3781,ФАРИНГОСЕПТ ТАБЛ. Д/РАССАС. МЕД-ЛИМОН 10МГ №20 | C.К. ТЕРАПИЯ С.А. | C.К. ТЕРАПИЯ С.А.,Амбазон,new_enrichment,unresolved_catalog,enrichment,FALSE,FALSE,low,универсальный,identity_enrichment,mnn_identity_enrichment,mnn_identity_enrichment_pass_results,high,"identity enrichment run 461: status=ok, Category=Drug, Age=универсальный, evidence present; weaker sources differ: sem_baseline=взрослые",взрослые,,,универсальный,"[{""value"": ""универсальный"", ""method"": ""identity_enrichment"", ""stage"": ""mnn_identity_enrichment"", ""source"": ""mnn_identity_enrichment_pass_results"", ""confidence"": ""high""}, {""value"": ""взрослые"", ""method"": ""sem_baseline"", ""stage"": ""sem1"", ""source"": ""sem_wave500_mnn_v3_report"", ""confidence"": ""medium""}]",correct,,not_m2,,,,not_available,универсальный,identity_enrichment,mnn_identity_enrichment,mnn_identity_enrichment_pass_results,high,conflict,conflict_requires_evidence,unresolved comparable-source conflict (baseline_vs_enrichment_conflict); sem=взрослые prev=empty identity=универсальный. No source winner. Display=conflict; current value not accepted.,conflict,C,baseline_vs_enrichment_conflict,true,send_to_age_contract_review,mnn_age_policy_replay_v1,age_contract_v1
4133,УЛЬЦЕРНИЛ ТАБЛ. КИШ/РАСТ. П/ПЛЕН/ОБ. 20МГ №28 | САН ФАРМАСЬЮТИКАЛ ИНДАСТРИЗ ЛТД | САН ФАРМАСЬЮТИКАЛ ИНДАСТРИЗ ЛТД,Рабепразол,new_enrichment,unresolved_catalog,enrichment,FALSE,FALSE,low,универсальный,identity_enrichment,mnn_identity_enrichment,mnn_identity_enrichment_pass_results,high,"identity enrichment run 461: status=ok, Category=Drug, Age=универсальный, evidence present; weaker sources differ: sem_baseline=взрослые",взрослые,,,универсальный,"[{""value"": ""универсальный"", ""method"": ""identity_enrichment"", ""stage"": ""mnn_identity_enrichment"", ""source"": ""mnn_identity_enrichment_pass_results"", ""confidence"": ""high""}, {""value"": ""взрослые"", ""method"": ""sem_baseline"", ""stage"": ""sem1"", ""source"": ""sem_wave500_mnn_v3_report"", ""confidence"": ""medium""}]",incorrect,возрастной сегмент - взрослый,not_m2,,,взрослые,explicit_label_note,универсальный,identity_enrichment,mnn_identity_enrichment,mnn_identity_enrichment_pass_results,high,conflict,conflict_requires_evidence,unresolved comparable-source conflict (baseline_vs_enrichment_conflict); sem=взрослые prev=empty identity=универсальный. No source winner. Display=conflict; current value not accepted.,conflict,B,baseline_vs_enrichment_conflict,true,send_to_age_contract_review,mnn_age_policy_replay_v1,age_contract_v1
4403,ТРИМЕТАЗИДИН-АКОС МВ 35МГ ТАБЛ. МОДИФ. ВЫСВ. П/О №60 | БИОКОМ ЗАО | БИОКОМ ЗАО,Триметазидин,new_enrichment,unresolved_catalog,enrichment,FALSE,FALSE,low,взрослые,identity_enrichment,mnn_identity_enrichment,mnn_identity_enrichment_pass_results,high,"identity enrichment run 461: status=ok, Category=Drug, Age=взрослые, evidence present",взрослые,,,взрослые,"[{""value"": ""взрослые"", ""method"": ""identity_enrichment"", ""stage"": ""mnn_identity_enrichment"", ""source"": ""mnn_identity_enrichment_pass_results"", ""confidence"": ""high""}, {""value"": ""взрослые"", ""method"": ""sem_baseline"", ""stage"": ""sem1"", ""source"": ""sem_wave500_mnn_v3_report"", ""confidence"": ""medium""}]",correct,,not_m2,,,,not_available,взрослые,identity_enrichment,mnn_identity_enrichment,mnn_identity_enrichment_pass_results,high,unknown,downgrade_unsupported_to_unknown,"current=взрослые via identity_enrichment lacks product-specific explicit Age evidence (evidence_status=product_specific_but_no_explicit_age, identity=C, evidence_grade=none). absence of age data != универсальный; Sem adults != adult-only. Downgrade display to unknown. Hint is not used as truth.",product_specific_but_no_explicit_age,C,no_conflict,true,send_to_age_contract_review,mnn_age_policy_replay_v1,age_contract_v1
4481,ТРАНЕКСАМОВАЯ КИСЛОТА ТАБЛ. П/ПЛЕН/ОБ. 250МГ №30 МЭЗ | МОСКОВСКИЙ ЭНДОКРИННЫЙ ЗАВОД ФГУП | МОСКОВСКИЙ ЭНДОКРИННЫЙ ЗАВОД ФГУП,Транексамовая кислота,new_enrichment,unresolved_catalog,enrichment,FALSE,FALSE,low,универсальный,identity_enrichment,mnn_identity_enrichment,mnn_identity_enrichment_pass_results,high,"identity enrichment run 461: status=ok, Category=Drug, Age=универсальный, evidence present; weaker sources differ: sem_baseline=взрослые",взрослые,,,универсальный,"[{""value"": ""универсальный"", ""method"": ""identity_enrichment"", ""stage"": ""mnn_identity_enrichment"", ""source"": ""mnn_identity_enrichment_pass_results"", ""confidence"": ""high""}, {""value"": ""взрослые"", ""method"": ""sem_baseline"", ""stage"": ""sem1"", ""source"": ""sem_wave500_mnn_v3_report"", ""confidence"": ""medium""}]",correct,,not_m2,,,,not_available,универсальный,identity_enrichment,mnn_identity_enrichment,mnn_identity_enrichment_pass_results,high,conflict,conflict_requires_evidence,unresolved comparable-source conflict (baseline_vs_enrichment_conflict); sem=взрослые prev=empty identity=универсальный. No source winner. Display=conflict; current value not accepted.,conflict,C,baseline_vs_enrichment_conflict,true,send_to_age_contract_review,mnn_age_policy_replay_v1,age_contract_v1
4487,ТРАНЕКСАМОВАЯ КИСЛОТА Р-Р ДЛЯ В/В ВВЕД. 50МГ/МЛ АМП. 5МЛ №10 МЭЗ | МОСКОВСКИЙ ЭНДОКРИННЫЙ ЗАВОД ФГУП | МОСКОВСКИЙ ЭНДОКРИННЫЙ ЗАВОД ФГУП,Транексамовая кислота,new_enrichment,unresolved_catalog,enrichment,FALSE,FALSE,low,универсальный,identity_enrichment,mnn_identity_enrichment,mnn_identity_enrichment_pass_results,high,"identity enrichment run 461: status=ok, Category=Drug, Age=универсальный, evidence present",,,,универсальный,"[{""value"": ""универсальный"", ""method"": ""identity_enrichment"", ""stage"": ""mnn_identity_enrichment"", ""source"": ""mnn_identity_enrichment_pass_results"", ""confidence"": ""high""}]",correct,,not_m2,,,,not_available,универсальный,identity_enrichment,mnn_identity_enrichment,mnn_identity_enrichment_pass_results,high,unknown,downgrade_unsupported_to_unknown,"current=универсальный via identity_enrichment lacks product-specific explicit Age evidence (evidence_status=product_specific_but_no_explicit_age, identity=C, evidence_grade=none). absence of age data != универсальный; Sem adults != adult-only. Downgrade display to unknown. Hint is not used as truth.",product_specific_but_no_explicit_age,C,no_conflict,true,send_to_age_contract_review,mnn_age_policy_replay_v1,age_contract_v1
4593,ТОРАСЕМИД ТАБЛ. 10МГ №20 ОЗОН | ОЗОН ООО | ОЗОН ООО,Торасемид,skip_strong_input_mnn,resolved_input_explicit,input_explicit_mnn,FALSE,FALSE,low,взрослые,sem_baseline,sem1,sem_wave500_mnn_v3_report,medium,Sem v3 canonical attr contains Age=взрослые,взрослые,,,,"[{""value"": ""взрослые"", ""method"": ""sem_baseline"", ""stage"": ""sem1"", ""source"": ""sem_wave500_mnn_v3_report"", ""confidence"": ""medium""}]",correct,,not_m2,,,,not_available,взрослые,sem_baseline,sem1,sem_wave500_mnn_v3_report,medium,unknown,downgrade_unsupported_to_unknown,"current=взрослые via sem_baseline lacks product-specific explicit Age evidence (evidence_status=no_saved_evidence, identity=unknown, evidence_grade=none). absence of age data != универсальный; Sem adults != adult-only. Downgrade display to unknown. Hint is not used as truth.",no_saved_evidence,unknown,no_conflict,true,send_to_age_contract_review,mnn_age_policy_replay_v1,age_contract_v1
4684,ТОЛПЕРИЗОН ТАБЛ. П/ПЛЕН/ОБ. 150МГ №30 ОЗОН | ОЗОН ООО | ОЗОН ООО,Толперизон,skip_strong_input_mnn,resolved_input_explicit,input_explicit_mnn,FALSE,FALSE,low,взрослые,sem_baseline,sem1,sem_wave500_mnn_v3_report,medium,Sem v3 canonical attr contains Age=взрослые,взрослые,,,,"[{""value"": ""взрослые"", ""method"": ""sem_baseline"", ""stage"": ""sem1"", ""source"": ""sem_wave500_mnn_v3_report"", ""confidence"": ""medium""}]",correct,,not_m2,,,,not_available,взрослые,sem_baseline,sem1,sem_wave500_mnn_v3_report,medium,unknown,downgrade_unsupported_to_unknown,"current=взрослые via sem_baseline lacks product-specific explicit Age evidence (evidence_status=no_saved_evidence, identity=unknown, evidence_grade=none). absence of age data != универсальный; Sem adults != adult-only. Downgrade display to unknown. Hint is not used as truth.",no_saved_evidence,unknown,no_conflict,true,send_to_age_contract_review,mnn_age_policy_replay_v1,age_contract_v1
4922,ТЕРМИКОН СПРЕЙ Д/НАРУЖ. ПРИМ. 1% ФЛ. 30Г | ФАРМСТАНДАРТ-ЛЕКСРЕДСТВА ОАО | ФАРМСТАНДАРТ-ЛЕКСРЕДСТВА ОАО,Тербинафин,new_enrichment,unresolved_catalog,enrichment,FALSE,FALSE,low,универсальный,identity_enrichment,mnn_identity_enrichment,mnn_identity_enrichment_pass_results,high,"identity enrichment run 461: status=ok, Category=Drug, Age=универсальный, evidence present",,,,универсальный,"[{""value"": ""универсальный"", ""method"": ""identity_enrichment"", ""stage"": ""mnn_identity_enrichment"", ""source"": ""mnn_identity_enrichment_pass_results"", ""confidence"": ""high""}]",correct,препарат OTC,not_m2,,,,not_available,универсальный,identity_enrichment,mnn_identity_enrichment,mnn_identity_enrichment_pass_results,high,unknown,downgrade_unsupported_to_unknown,"current=универсальный via identity_enrichment lacks product-specific explicit Age evidence (evidence_status=product_specific_but_no_explicit_age, identity=C, evidence_grade=none). absence of age data != универсальный; Sem adults != adult-only. Downgrade display to unknown. Hint is not used as truth.",product_specific_but_no_explicit_age,C,no_conflict,true,send_to_age_contract_review,mnn_age_policy_replay_v1,age_contract_v1
4924,ТЕРМИКОН КРЕМ Д/НАРУЖ. ПРИМ. 1% ТУБА 15Г | ЛЕККО ЗАО | ЛЕККО ЗАО,Тербинафин,new_enrichment,unresolved_catalog,enrichment,FALSE,FALSE,low,универсальный,identity_enrichment,mnn_identity_enrichment,mnn_identity_enrichment_pass_results,high,"identity enrichment run 461: status=ok, Category=Drug, Age=универсальный, evidence present",,,,универсальный,"[{""value"": ""универсальный"", ""method"": ""identity_enrichment"", ""stage"": ""mnn_identity_enrichment"", ""source"": ""mnn_identity_enrichment_pass_results"", ""confidence"": ""high""}]",incorrect,"препарат otc, возрастной сегмент - взрослый",not_m2,,,взрослые,explicit_label_note,универсальный,identity_enrichment,mnn_identity_enrichment,mnn_identity_enrichment_pass_results,high,unknown,downgrade_unsupported_to_unknown,"current=универсальный via identity_enrichment lacks product-specific explicit Age evidence (evidence_status=product_specific_but_no_explicit_age, identity=C, evidence_grade=none). absence of age data != универсальный; Sem adults != adult-only. Downgrade display to unknown. Hint is not used as truth.",product_specific_but_no_explicit_age,C,no_conflict,true,send_to_age_contract_review,mnn_age_policy_replay_v1,age_contract_v1
5010,ТЕРАФЛЕКС КАПС. 500МГ+400МГ №200 МАКИЗ-ФАРМА | МАКИЗ-ФАРМА | МАКИЗ-ФАРМА,"ГЛЮКОЗАМИН, Хондроитина сульфат натрия",new_enrichment,unresolved_catalog,enrichment,FALSE,FALSE,low,взрослые,identity_enrichment,mnn_identity_enrichment,mnn_identity_enrichment_pass_results,high,"identity enrichment run 461: status=ok, Category=Drug, Age=взрослые, evidence present",взрослые,,,взрослые,"[{""value"": ""взрослые"", ""method"": ""identity_enrichment"", ""stage"": ""mnn_identity_enrichment"", ""source"": ""mnn_identity_enrichment_pass_results"", ""confidence"": ""high""}, {""value"": ""взрослые"", ""method"": ""sem_baseline"", ""stage"": ""sem1"", ""source"": ""sem_wave500_mnn_v3_report"", ""confidence"": ""medium""}]",correct,,not_m2,,,,not_available,взрослые,identity_enrichment,mnn_identity_enrichment,mnn_identity_enrichment_pass_results,high,unknown,downgrade_unsupported_to_unknown,"current=взрослые via identity_enrichment lacks product-specific explicit Age evidence (evidence_status=product_specific_but_no_explicit_age, identity=C, evidence_grade=none). absence of age data != универсальный; Sem adults != adult-only. Downgrade display to unknown. Hint is not used as truth.",product_specific_but_no_explicit_age,C,no_conflict,true,send_to_age_contract_review,mnn_age_policy_replay_v1,age_contract_v1
5258,"ТАМСУЛОЗИН КАНОН КАПС. КИШ/РАСТ. ПРОЛОНГ. ВЫСВ. 0,4МГ №30 | КАНОНФАРМА ПРОДАКШН ЗАО | КАНОНФАРМА ПРОДАКШН ЗАО",Тамсулозин,new_enrichment,unresolved_catalog,enrichment,FALSE,FALSE,low,взрослые,identity_enrichment,mnn_identity_enrichment,mnn_identity_enrichment_pass_results,high,"identity enrichment run 461: status=ok, Category=Drug, Age=взрослые, evidence present",взрослые,,,взрослые,"[{""value"": ""взрослые"", ""method"": ""identity_enrichment"", ""stage"": ""mnn_identity_enrichment"", ""source"": ""mnn_identity_enrichment_pass_results"", ""confidence"": ""high""}, {""value"": ""взрослые"", ""method"": ""sem_baseline"", ""stage"": ""sem1"", ""source"": ""sem_wave500_mnn_v3_report"", ""confidence"": ""medium""}]",correct,,not_m2,,,,not_available,взрослые,identity_enrichment,mnn_identity_enrichment,mnn_identity_enrichment_pass_results,high,unknown,downgrade_unsupported_to_unknown,"current=взрослые via identity_enrichment lacks product-specific explicit Age evidence (evidence_status=product_specific_but_no_explicit_age, identity=C, evidence_grade=none). absence of age data != универсальный; Sem adults != adult-only. Downgrade display to unknown. Hint is not used as truth.",product_specific_but_no_explicit_age,C,no_conflict,true,send_to_age_contract_review,mnn_age_policy_replay_v1,age_contract_v1
5267,ТАМОКСИФЕН ТАБЛ. 20МГ №30 ОЗОН | ОЗОН ООО | ОЗОН ООО,Тамоксифен,reuse_existing_enrichment,resolved_enrichment,input_plus_enrichment,FALSE,FALSE,low,взрослые,previous_enrichment,previous_mnn_enrichment,mnn_catalog_resolution_wave500_v3,high,"reused prior enrichment: status=ok, validated Age=взрослые",взрослые,,взрослые,,"[{""value"": ""взрослые"", ""method"": ""previous_enrichment"", ""stage"": ""previous_mnn_enrichment"", ""source"": ""mnn_catalog_resolution_wave500_v3"", ""confidence"": ""high""}, {""value"": ""взрослые"", ""method"": ""sem_baseline"", ""stage"": ""sem1"", ""source"": ""sem_wave500_mnn_v3_report"", ""confidence"": ""medium""}]",correct,,not_m2,,,,not_available,взрослые,previous_enrichment,previous_mnn_enrichment,mnn_catalog_resolution_wave500_v3,high,unknown,downgrade_unsupported_to_unknown,"current=взрослые via previous_enrichment lacks product-specific explicit Age evidence (evidence_status=no_saved_evidence, identity=unknown, evidence_grade=none). absence of age data != универсальный; Sem adults != adult-only. Downgrade display to unknown. Hint is not used as truth.",no_saved_evidence,unknown,no_conflict,true,send_to_age_contract_review,mnn_age_policy_replay_v1,age_contract_v1
5270,ТАМИФЛЮ КАПС. 75МГ №10 | ДЕЛФАРМ МИЛАНО С.Р.Л./Ф.ХОФФМАНН-ЛЯ РОШ ЛТД/СЕНЕКСИ С.А.С. | ДЕЛФАРМ МИЛАНО С.Р.Л./Ф.ХОФФМАНН-ЛЯ РОШ ЛТД/СЕНЕКСИ С.А.С.,Осельтамивир,new_enrichment,unresolved_catalog,enrichment,FALSE,FALSE,low,универсальный,identity_enrichment,mnn_identity_enrichment,mnn_identity_enrichment_pass_results,high,"identity enrichment run 461: status=ok, Category=Drug, Age=универсальный, evidence present; weaker sources differ: sem_baseline=взрослые",взрослые,,,универсальный,"[{""value"": ""универсальный"", ""method"": ""identity_enrichment"", ""stage"": ""mnn_identity_enrichment"", ""source"": ""mnn_identity_enrichment_pass_results"", ""confidence"": ""high""}, {""value"": ""взрослые"", ""method"": ""sem_baseline"", ""stage"": ""sem1"", ""source"": ""sem_wave500_mnn_v3_report"", ""confidence"": ""medium""}]",correct,,not_m2,,,,not_available,универсальный,identity_enrichment,mnn_identity_enrichment,mnn_identity_enrichment_pass_results,high,conflict,conflict_requires_evidence,unresolved comparable-source conflict (baseline_vs_enrichment_conflict); sem=взрослые prev=empty identity=универсальный. No source winner. Display=conflict; current value not accepted.,conflict,C,baseline_vs_enrichment_conflict,true,send_to_age_contract_review,mnn_age_policy_replay_v1,age_contract_v1
5322,"ТАВОЛГА ВЯЗОЛИСТНАЯ (ЛАБАЗНИК) ТРАВА Ф/П 1,5Г №20 ХЕРБЕС | ХЕРБЕС ООО | ХЕРБЕС ООО",,new_enrichment,unresolved_catalog,unresolved_final,TRUE,TRUE,high,not_applicable,not_applicable,mnn_identity_enrichment,mnn_identity_enrichment_pass_searxng_raw,high,identity enrichment run 461: Category=BAS/Other; Age not applicable,взрослые,,универсальный,универсальный,"[{""value"": ""универсальный"", ""method"": ""identity_enrichment"", ""stage"": ""mnn_identity_enrichment"", ""source"": ""mnn_identity_enrichment_pass_results"", ""confidence"": ""high""}, {""value"": ""универсальный"", ""method"": ""previous_enrichment"", ""stage"": ""previous_mnn_enrichment"", ""source"": ""mnn_catalog_resolution_wave500_v3"", ""confidence"": ""high""}, {""value"": ""взрослые"", ""method"": ""sem_baseline"", ""stage"": ""sem1"", ""source"": ""sem_wave500_mnn_v3_report"", ""confidence"": ""medium""}]",,BAS,approved,bas,applied,,not_available,not_applicable,not_applicable,mnn_identity_enrichment,mnn_identity_enrichment_pass_searxng_raw,high,not_applicable,m2_not_applicable_candidate,approved M2 BAS/Other non-drug; Age not needed for drug routing; kind=bas; override_status=applied. Proposal-only; current Age and product_kind unchanged.,not_applicable,not_applicable,not_applicable,false,not_applicable_no_drug_age_review,m2_reviewed_policy_v1,age_contract_v1
7275,САНОВАСК ТАБЛ. П/КИШ/РАСТ/ПЛЕН/ОБ. 50МГ №30 | ИРБИТСКИЙ ХИМЗАВОД ОАО | ИРБИТСКИЙ ХИМЗАВОД ОАО,Ацетилсалициловая кислота,new_enrichment,unresolved_catalog,enrichment,FALSE,FALSE,low,универсальный,identity_enrichment,mnn_identity_enrichment,mnn_identity_enrichment_pass_results,high,"identity enrichment run 461: status=ok, Category=Drug, Age=универсальный, evidence present",,,,универсальный,"[{""value"": ""универсальный"", ""method"": ""identity_enrichment"", ""stage"": ""mnn_identity_enrichment"", ""source"": ""mnn_identity_enrichment_pass_results"", ""confidence"": ""high""}]",incorrect,"препарат otc, возрастной сегмент - взрослый",not_m2,,,взрослые,explicit_label_note,универсальный,identity_enrichment,mnn_identity_enrichment,mnn_identity_enrichment_pass_results,high,unknown,downgrade_unsupported_to_unknown,"current=универсальный via identity_enrichment lacks product-specific explicit Age evidence (evidence_status=product_specific_but_no_explicit_age, identity=D, evidence_grade=none). absence of age data != универсальный; Sem adults != adult-only. Downgrade display to unknown. Hint is not used as truth.",product_specific_but_no_explicit_age,D,no_conflict,true,send_to_age_contract_review,mnn_age_policy_replay_v1,age_contract_v1
7625,РОСИНСУЛИН С МЕДСИНТЕЗ СУСП. ДЛЯ П/К ВВЕД. 100МЕ/МЛ КАРТРИДЖ 3МЛ №5 | ЗАВОД МЕДСИНТЕЗ ООО | ЗАВОД МЕДСИНТЕЗ ООО,Инсулин человеческий,reuse_existing_enrichment,resolved_enrichment,enrichment,FALSE,FALSE,low,универсальный,previous_enrichment,previous_mnn_enrichment,mnn_catalog_resolution_wave500_v3,high,"reused prior enrichment: status=ok, validated Age=универсальный",,,универсальный,,"[{""value"": ""универсальный"", ""method"": ""previous_enrichment"", ""stage"": ""previous_mnn_enrichment"", ""source"": ""mnn_catalog_resolution_wave500_v3"", ""confidence"": ""high""}]",correct,,not_m2,,,,not_available,универсальный,previous_enrichment,previous_mnn_enrichment,mnn_catalog_resolution_wave500_v3,high,unknown,downgrade_unsupported_to_unknown,"current=универсальный via previous_enrichment lacks product-specific explicit Age evidence (evidence_status=no_saved_evidence, identity=unknown, evidence_grade=none). absence of age data != универсальный; Sem adults != adult-only. Downgrade display to unknown. Hint is not used as truth.",no_saved_evidence,unknown,no_conflict,true,send_to_age_contract_review,mnn_age_policy_replay_v1,age_contract_v1
7803,РОЗУВАСТАТИН-ТАД ТАБЛ. П/ПЛЕН/ОБ. 20МГ №30 | Крка-Рус ООО | Крка-Рус ООО,Розувастатин,skip_strong_input_mnn,resolved_input_explicit,input_explicit_mnn,FALSE,FALSE,low,взрослые,sem_baseline,sem1,sem_wave500_mnn_v3_report,medium,Sem v3 canonical attr contains Age=взрослые,взрослые,,,,"[{""value"": ""взрослые"", ""method"": ""sem_baseline"", ""stage"": ""sem1"", ""source"": ""sem_wave500_mnn_v3_report"", ""confidence"": ""medium""}]",correct,,not_m2,,,,not_available,взрослые,sem_baseline,sem1,sem_wave500_mnn_v3_report,medium,unknown,downgrade_unsupported_to_unknown,"current=взрослые via sem_baseline lacks product-specific explicit Age evidence (evidence_status=no_saved_evidence, identity=unknown, evidence_grade=none). absence of age data != универсальный; Sem adults != adult-only. Downgrade display to unknown. Hint is not used as truth.",no_saved_evidence,unknown,no_conflict,true,send_to_age_contract_review,mnn_age_policy_replay_v1,age_contract_v1
7816,РОЗУВАСТАТИН ТАБЛ. П/ПЛЕН/ОБ. 20МГ №90 ОЗОН | ОЗОН ООО | ОЗОН ООО,Розувастатин,reuse_existing_enrichment,resolved_enrichment,input_plus_enrichment,FALSE,FALSE,low,взрослые,previous_enrichment,previous_mnn_enrichment,mnn_catalog_resolution_wave500_v3,high,"reused prior enrichment: status=ok, validated Age=взрослые",взрослые,,взрослые,,"[{""value"": ""взрослые"", ""method"": ""previous_enrichment"", ""stage"": ""previous_mnn_enrichment"", ""source"": ""mnn_catalog_resolution_wave500_v3"", ""confidence"": ""high""}, {""value"": ""взрослые"", ""method"": ""sem_baseline"", ""stage"": ""sem1"", ""source"": ""sem_wave500_mnn_v3_report"", ""confidence"": ""medium""}]",correct,,not_m2,,,,not_available,взрослые,previous_enrichment,previous_mnn_enrichment,mnn_catalog_resolution_wave500_v3,high,unknown,downgrade_unsupported_to_unknown,"current=взрослые via previous_enrichment lacks product-specific explicit Age evidence (evidence_status=no_saved_evidence, identity=unknown, evidence_grade=none). absence of age data != универсальный; Sem adults != adult-only. Downgrade display to unknown. Hint is not used as truth.",no_saved_evidence,unknown,no_conflict,true,send_to_age_contract_review,mnn_age_policy_replay_v1,age_contract_v1
7858,РОЗУВАСТАТИН РЕНЕВАЛ ТАБЛ. П/ПЛЕН/ОБ. 10МГ №30 | ОБНОВЛЕНИЕ ПФК АО | ОБНОВЛЕНИЕ ПФК АО,Розувастатин,reuse_existing_enrichment,resolved_enrichment,input_plus_enrichment,FALSE,FALSE,low,взрослые,previous_enrichment,previous_mnn_enrichment,mnn_catalog_resolution_wave500_v3,high,"reused prior enrichment: status=ok, validated Age=взрослые",взрослые,,взрослые,,"[{""value"": ""взрослые"", ""method"": ""previous_enrichment"", ""stage"": ""previous_mnn_enrichment"", ""source"": ""mnn_catalog_resolution_wave500_v3"", ""confidence"": ""high""}, {""value"": ""взрослые"", ""method"": ""sem_baseline"", ""stage"": ""sem1"", ""source"": ""sem_wave500_mnn_v3_report"", ""confidence"": ""medium""}]",correct,,not_m2,,,,not_available,взрослые,previous_enrichment,previous_mnn_enrichment,mnn_catalog_resolution_wave500_v3,high,unknown,downgrade_unsupported_to_unknown,"current=взрослые via previous_enrichment lacks product-specific explicit Age evidence (evidence_status=no_saved_evidence, identity=unknown, evidence_grade=none). absence of age data != универсальный; Sem adults != adult-only. Downgrade display to unknown. Hint is not used as truth.",no_saved_evidence,unknown,no_conflict,true,send_to_age_contract_review,mnn_age_policy_replay_v1,age_contract_v1
8055,РИМАСОПТ ВМ КАПЛИ ГЛАЗНЫЕ 2МГ/МЛ+5МГ/МЛ ФЛ. 5МЛ №1 | Уорлд медицин илач сан. ве тидж. Аш | Уорлд медицин илач сан. ве тидж. Аш,"Бримонидин, Тимолол",reuse_existing_enrichment,resolved_enrichment,enrichment,FALSE,FALSE,low,взрослые,previous_enrichment,previous_mnn_enrichment,mnn_catalog_resolution_wave500_v3,high,"reused prior enrichment: status=ok, validated Age=взрослые",,,взрослые,,"[{""value"": ""взрослые"", ""method"": ""previous_enrichment"", ""stage"": ""previous_mnn_enrichment"", ""source"": ""mnn_catalog_resolution_wave500_v3"", ""confidence"": ""high""}]",correct,,not_m2,,,,not_available,взрослые,previous_enrichment,previous_mnn_enrichment,mnn_catalog_resolution_wave500_v3,high,unknown,downgrade_unsupported_to_unknown,"current=взрослые via previous_enrichment lacks product-specific explicit Age evidence (evidence_status=no_saved_evidence, identity=unknown, evidence_grade=none). absence of age data != универсальный; Sem adults != adult-only. Downgrade display to unknown. Hint is not used as truth.",no_saved_evidence,unknown,no_conflict,true,send_to_age_contract_review,mnn_age_policy_replay_v1,age_contract_v1
8201,РЕПЕШОК ОБЫКНОВЕННЫЙ ТРАВА 50Г ЭВАЛАР | ЭВАЛАР ЗАО | ЭВАЛАР ЗАО,,new_enrichment,unresolved_catalog,unresolved_final,TRUE,TRUE,high,not_applicable,not_applicable,mnn_identity_enrichment,mnn_identity_enrichment_pass_searxng_raw,high,identity enrichment run 461: Category=BAS/Other; Age not applicable,,,универсальный,взрослые,"[{""value"": ""взрослые"", ""method"": ""identity_enrichment"", ""stage"": ""mnn_identity_enrichment"", ""source"": ""mnn_identity_enrichment_pass_results"", ""confidence"": ""high""}, {""value"": ""универсальный"", ""method"": ""previous_enrichment"", ""stage"": ""previous_mnn_enrichment"", ""source"": ""mnn_catalog_resolution_wave500_v3"", ""confidence"": ""high""}]",,BAS,approved,bas,applied,,not_available,not_applicable,not_applicable,mnn_identity_enrichment,mnn_identity_enrichment_pass_searxng_raw,high,not_applicable,m2_not_applicable_candidate,approved M2 BAS/Other non-drug; Age not needed for drug routing; kind=bas; override_status=applied. Proposal-only; current Age and product_kind unchanged.,not_applicable,not_applicable,not_applicable,false,not_applicable_no_drug_age_review,m2_reviewed_policy_v1,age_contract_v1
8753,ПРОСТАНОРМ ЭКСТРАКТ Д/ПРИЕМА ВНУТРЬ ЖИДК. ФЛ. 100МЛ | ФАРМВИЛАР НПО ООО | ФАРМВИЛАР НПО ООО,"Зверобоя трава, Золотарника канадского трава, Солодки корни, Эхинацеи пурпурной корневища с корнями",new_enrichment,unresolved_catalog,enrichment,FALSE,FALSE,low,взрослые,identity_enrichment,mnn_identity_enrichment,mnn_identity_enrichment_pass_results,high,"identity enrichment run 461: status=ok, Category=Drug, Age=взрослые, evidence present",взрослые,,взрослые,взрослые,"[{""value"": ""взрослые"", ""method"": ""identity_enrichment"", ""stage"": ""mnn_identity_enrichment"", ""source"": ""mnn_identity_enrichment_pass_results"", ""confidence"": ""high""}, {""value"": ""взрослые"", ""method"": ""previous_enrichment"", ""stage"": ""previous_mnn_enrichment"", ""source"": ""mnn_catalog_resolution_wave500_v3"", ""confidence"": ""high""}, {""value"": ""взрослые"", ""method"": ""sem_baseline"", ""stage"": ""sem1"", ""source"": ""sem_wave500_mnn_v3_report"", ""confidence"": ""medium""}]",correct,,not_m2,,,,not_available,взрослые,identity_enrichment,mnn_identity_enrichment,mnn_identity_enrichment_pass_results,high,unknown,downgrade_unsupported_to_unknown,"current=взрослые via identity_enrichment lacks product-specific explicit Age evidence (evidence_status=product_specific_but_no_explicit_age, identity=C, evidence_grade=none). absence of age data != универсальный; Sem adults != adult-only. Downgrade display to unknown. Hint is not used as truth.",product_specific_but_no_explicit_age,C,no_conflict,true,send_to_age_contract_review,mnn_age_policy_replay_v1,age_contract_v1
9197,ПОМОГУША СИРОП ДЕТСКИЙ ДЛЯ ДЕТЕЙ С 3-Х ЛЕТ ПРОТИВОПРОСТУДНЫЙ 100МЛ | ЮГ ООО | ЮГ ООО,,new_enrichment,unresolved_catalog,unresolved_final,TRUE,TRUE,high,not_applicable,not_applicable,mnn_identity_enrichment,mnn_identity_enrichment_pass_searxng_raw,high,identity enrichment run 461: Category=BAS/Other; Age not applicable,дети,,дети,дети,"[{""value"": ""дети"", ""method"": ""identity_enrichment"", ""stage"": ""mnn_identity_enrichment"", ""source"": ""mnn_identity_enrichment_pass_results"", ""confidence"": ""high""}, {""value"": ""дети"", ""method"": ""previous_enrichment"", ""stage"": ""previous_mnn_enrichment"", ""source"": ""mnn_catalog_resolution_wave500_v3"", ""confidence"": ""high""}, {""value"": ""дети"", ""method"": ""sem_baseline"", ""stage"": ""sem1"", ""source"": ""sem_wave500_mnn_v3_report"", ""confidence"": ""medium""}]",,BAS,approved,other,applied,,not_available,not_applicable,not_applicable,mnn_identity_enrichment,mnn_identity_enrichment_pass_searxng_raw,high,not_applicable,m2_not_applicable_candidate,approved M2 BAS/Other non-drug; Age not needed for drug routing; kind=other; override_status=applied. Proposal-only; current Age and product_kind unchanged.,not_applicable,not_applicable,not_applicable,false,not_applicable_no_drug_age_review,m2_reviewed_policy_v1,age_contract_v1
9301,ПОЛЫНИ ГОРЬКОЙ ТРАВА 50Г ФИТОФАРМ | ФИТОФАРМ ООО | ФИТОФАРМ ООО,Полыни горькой трава,reuse_existing_enrichment,resolved_enrichment,enrichment,FALSE,FALSE,low,универсальный,previous_enrichment,previous_mnn_enrichment,mnn_catalog_resolution_wave500_v3,high,"reused prior enrichment: status=ok, validated Age=универсальный; weaker sources differ: sem_baseline=взрослые",взрослые,,универсальный,,"[{""value"": ""универсальный"", ""method"": ""previous_enrichment"", ""stage"": ""previous_mnn_enrichment"", ""source"": ""mnn_catalog_resolution_wave500_v3"", ""confidence"": ""high""}, {""value"": ""взрослые"", ""method"": ""sem_baseline"", ""stage"": ""sem1"", ""source"": ""sem_wave500_mnn_v3_report"", ""confidence"": ""medium""}]",incorrect,возрастной сегмент - взрослый,not_m2,,,взрослые,explicit_label_note,универсальный,previous_enrichment,previous_mnn_enrichment,mnn_catalog_resolution_wave500_v3,high,conflict,conflict_requires_evidence,unresolved comparable-source conflict (baseline_vs_enrichment_conflict); sem=взрослые prev=универсальный identity=empty. No source winner. Display=conflict; current value not accepted.,conflict,unknown,baseline_vs_enrichment_conflict,true,send_to_age_contract_review,mnn_age_policy_replay_v1,age_contract_v1
9511,ПИОНА НАСТОЙКА РЕНЕВАЛ ФЛ. 25МЛ | ОБНОВЛЕНИЕ ПФК АО | ОБНОВЛЕНИЕ ПФК АО,"Пиона уклоняющегося травы, корневищ и корней настойка",reuse_existing_enrichment,resolved_enrichment,enrichment,FALSE,FALSE,low,взрослые,previous_enrichment,previous_mnn_enrichment,mnn_catalog_resolution_wave500_v3,high,"reused prior enrichment: status=ok, validated Age=взрослые",взрослые,,взрослые,,"[{""value"": ""взрослые"", ""method"": ""previous_enrichment"", ""stage"": ""previous_mnn_enrichment"", ""source"": ""mnn_catalog_resolution_wave500_v3"", ""confidence"": ""high""}, {""value"": ""взрослые"", ""method"": ""sem_baseline"", ""stage"": ""sem1"", ""source"": ""sem_wave500_mnn_v3_report"", ""confidence"": ""medium""}]",correct,,not_m2,,,,not_available,взрослые,previous_enrichment,previous_mnn_enrichment,mnn_catalog_resolution_wave500_v3,high,unknown,downgrade_unsupported_to_unknown,"current=взрослые via previous_enrichment lacks product-specific explicit Age evidence (evidence_status=no_saved_evidence, identity=unknown, evidence_grade=none). absence of age data != универсальный; Sem adults != adult-only. Downgrade display to unknown. Hint is not used as truth.",no_saved_evidence,unknown,no_conflict,true,send_to_age_contract_review,mnn_age_policy_replay_v1,age_contract_v1
9941,ПАРОДОНТОЦИД ОПОЛАСКИВАТЕЛЬ ДЛЯ ПОЛОСТИ РТА 250МЛ | МОСКОВСКАЯ ФФ | МОСКОВСКАЯ ФФ,,new_enrichment,unresolved_catalog,unresolved_final,TRUE,TRUE,high,unknown,not_resolved,none,none,unknown,no accepted pipeline source contains Age; display value unknown,,,универсальный,,"[{""value"": ""универсальный"", ""method"": ""previous_enrichment"", ""stage"": ""previous_mnn_enrichment"", ""source"": ""mnn_catalog_resolution_wave500_v3"", ""confidence"": ""high""}]",,hygiene,not_m2,,,,not_available,unknown,not_resolved,none,none,unknown,unknown,retain_safe_unknown,current Age is unknown and no product-specific explicit Age evidence is stored. unknown is a valid safe outcome; not upgraded from labels or medical inference.,no_saved_evidence,unknown,no_conflict,true,require_product_specific_evidence,mnn_age_policy_replay_v1,age_contract_v1
10046,ПАПАВЕРИН ТАБЛ. 40МГ №10 ИРБИТСКИЙ ХФЗ | ИРБИТСКИЙ ХИМЗАВОД ОАО | ИРБИТСКИЙ ХИМЗАВОД ОАО,Папаверин,new_enrichment,unresolved_catalog,enrichment,FALSE,FALSE,low,универсальный,identity_enrichment,mnn_identity_enrichment,mnn_identity_enrichment_pass_results,high,"identity enrichment run 461: status=ok, Category=Drug, Age=универсальный, evidence present; weaker sources differ: sem_baseline=взрослые",взрослые,,,универсальный,"[{""value"": ""универсальный"", ""method"": ""identity_enrichment"", ""stage"": ""mnn_identity_enrichment"", ""source"": ""mnn_identity_enrichment_pass_results"", ""confidence"": ""high""}, {""value"": ""взрослые"", ""method"": ""sem_baseline"", ""stage"": ""sem1"", ""source"": ""sem_wave500_mnn_v3_report"", ""confidence"": ""medium""}]",correct,препарат OTC,not_m2,,,,not_available,универсальный,identity_enrichment,mnn_identity_enrichment,mnn_identity_enrichment_pass_results,high,conflict,conflict_requires_evidence,unresolved comparable-source conflict (baseline_vs_enrichment_conflict); sem=взрослые prev=empty identity=универсальный. No source winner. Display=conflict; current value not accepted.,conflict,C,baseline_vs_enrichment_conflict,true,send_to_age_contract_review,mnn_age_policy_replay_v1,age_contract_v1
10536,ОМЕПРАЗОЛ-ОBL КАПС. КИШ/РАСТ. 20МГ №28 | ОБОЛЕНСКОЕ ФП АО | ОБОЛЕНСКОЕ ФП АО,Омепразол,skip_strong_input_mnn,resolved_input_explicit,input_explicit_mnn,FALSE,FALSE,low,взрослые,sem_baseline,sem1,sem_wave500_mnn_v3_report,medium,Sem v3 canonical attr contains Age=взрослые,взрослые,,,,"[{""value"": ""взрослые"", ""method"": ""sem_baseline"", ""stage"": ""sem1"", ""source"": ""sem_wave500_mnn_v3_report"", ""confidence"": ""medium""}]",incorrect,возрастной сегмент - универсальный,not_m2,,,универсальный,explicit_label_note,взрослые,sem_baseline,sem1,sem_wave500_mnn_v3_report,medium,unknown,downgrade_unsupported_to_unknown,"current=взрослые via sem_baseline lacks product-specific explicit Age evidence (evidence_status=no_saved_evidence, identity=unknown, evidence_grade=none). absence of age data != универсальный; Sem adults != adult-only. Downgrade display to unknown. Hint is not used as truth.",no_saved_evidence,unknown,no_conflict,true,send_to_age_contract_review,mnn_age_policy_replay_v1,age_contract_v1
11142,НУРОФАСТ ТАБЛ. П/ПЛЕН/ОБ. 200МГ №20 | АЛИУМ АО | АЛИУМ АО,Ибупрофен,new_enrichment,unresolved_catalog,enrichment,FALSE,FALSE,low,универсальный,identity_enrichment,mnn_identity_enrichment,mnn_identity_enrichment_pass_results,high,"identity enrichment run 461: status=ok, Category=Drug, Age=универсальный, evidence present; weaker sources differ: sem_baseline=взрослые",взрослые,,,универсальный,"[{""value"": ""универсальный"", ""method"": ""identity_enrichment"", ""stage"": ""mnn_identity_enrichment"", ""source"": ""mnn_identity_enrichment_pass_results"", ""confidence"": ""high""}, {""value"": ""взрослые"", ""method"": ""sem_baseline"", ""stage"": ""sem1"", ""source"": ""sem_wave500_mnn_v3_report"", ""confidence"": ""medium""}]",correct,,not_m2,,,,not_available,универсальный,identity_enrichment,mnn_identity_enrichment,mnn_identity_enrichment_pass_results,high,conflict,conflict_requires_evidence,unresolved comparable-source conflict (baseline_vs_enrichment_conflict); sem=взрослые prev=empty identity=универсальный. No source winner. Display=conflict; current value not accepted.,conflict,C,baseline_vs_enrichment_conflict,true,send_to_age_contract_review,mnn_age_policy_replay_v1,age_contract_v1
11272,НООТРОП КАПС. №48 | ВИС ООО | ВИС ООО,,new_enrichment,unresolved_catalog,unresolved_final,TRUE,TRUE,high,not_applicable,not_applicable,mnn_identity_enrichment,mnn_identity_enrichment_pass_searxng_raw,high,identity enrichment run 461: Category=BAS/Other; Age not applicable,взрослые,,универсальный,универсальный,"[{""value"": ""универсальный"", ""method"": ""identity_enrichment"", ""stage"": ""mnn_identity_enrichment"", ""source"": ""mnn_identity_enrichment_pass_results"", ""confidence"": ""high""}, {""value"": ""универсальный"", ""method"": ""previous_enrichment"", ""stage"": ""previous_mnn_enrichment"", ""source"": ""mnn_catalog_resolution_wave500_v3"", ""confidence"": ""high""}, {""value"": ""взрослые"", ""method"": ""sem_baseline"", ""stage"": ""sem1"", ""source"": ""sem_wave500_mnn_v3_report"", ""confidence"": ""medium""}]",,BAS,not_m2,,,,not_available,not_applicable,not_applicable,mnn_identity_enrichment,mnn_identity_enrichment_pass_searxng_raw,high,conflict,conflict_requires_evidence,unresolved comparable-source conflict (baseline_vs_enrichment_conflict); sem=взрослые prev=универсальный identity=универсальный. No source winner. Display=conflict; current value not accepted.,conflict,C,baseline_vs_enrichment_conflict,true,send_to_age_contract_review,mnn_age_policy_replay_v1,age_contract_v1
12389,"МЯТЫ ПЕРЕЧНОЙ ЛИСТЬЯ Ф/П 1,5Г №20 ЗДОРОВЬЕ | ЗДОРОВЬЕ ФИРМА ООО | ЗДОРОВЬЕ ФИРМА ООО",Мяты перечной листья,new_enrichment,unresolved_catalog,enrichment,FALSE,FALSE,low,универсальный,identity_enrichment,mnn_identity_enrichment,mnn_identity_enrichment_pass_results,high,"identity enrichment run 461: status=ok, Category=Drug, Age=универсальный, evidence present",,,универсальный,универсальный,"[{""value"": ""универсальный"", ""method"": ""identity_enrichment"", ""stage"": ""mnn_identity_enrichment"", ""source"": ""mnn_identity_enrichment_pass_results"", ""confidence"": ""high""}, {""value"": ""универсальный"", ""method"": ""previous_enrichment"", ""stage"": ""previous_mnn_enrichment"", ""source"": ""mnn_catalog_resolution_wave500_v3"", ""confidence"": ""high""}]",correct,,not_m2,,,,not_available,универсальный,identity_enrichment,mnn_identity_enrichment,mnn_identity_enrichment_pass_results,high,unknown,downgrade_unsupported_to_unknown,"current=универсальный via identity_enrichment lacks product-specific explicit Age evidence (evidence_status=product_specific_but_no_explicit_age, identity=C, evidence_grade=none). absence of age data != универсальный; Sem adults != adult-only. Downgrade display to unknown. Hint is not used as truth.",product_specific_but_no_explicit_age,C,no_conflict,true,send_to_age_contract_review,mnn_age_policy_replay_v1,age_contract_v1
12495,МУКОСАТ МАЗЬ Д/НАРУЖ. ПРИМ. 5% ТУБА 30Г | ЗЕЛЕНАЯ ДУБРАВА ЗАО | ЗЕЛЕНАЯ ДУБРАВА ЗАО,Хондроитина Сульфат Натрия,reuse_existing_enrichment,resolved_enrichment,enrichment,FALSE,FALSE,low,взрослые,previous_enrichment,previous_mnn_enrichment,mnn_catalog_resolution_wave500_v3,high,"reused prior enrichment: status=ok, validated Age=взрослые",,,взрослые,,"[{""value"": ""взрослые"", ""method"": ""previous_enrichment"", ""stage"": ""previous_mnn_enrichment"", ""source"": ""mnn_catalog_resolution_wave500_v3"", ""confidence"": ""high""}]",correct,,not_m2,,,,not_available,взрослые,previous_enrichment,previous_mnn_enrichment,mnn_catalog_resolution_wave500_v3,high,unknown,downgrade_unsupported_to_unknown,"current=взрослые via previous_enrichment lacks product-specific explicit Age evidence (evidence_status=no_saved_evidence, identity=unknown, evidence_grade=none). absence of age data != универсальный; Sem adults != adult-only. Downgrade display to unknown. Hint is not used as truth.",no_saved_evidence,unknown,no_conflict,true,send_to_age_contract_review,mnn_age_policy_replay_v1,age_contract_v1
13125,МИКРОГИНОН ТАБЛ. П/О 150МКГ+30МКГ №21 | ДЕЛЬФАРМ ЛИЛЛЬ С.А.С | ДЕЛЬФАРМ ЛИЛЛЬ С.А.С,"levonorgestrel, ethinylestradiol",new_enrichment,unresolved_catalog,enrichment,FALSE,FALSE,low,взрослые,identity_enrichment,mnn_identity_enrichment,mnn_identity_enrichment_pass_results,high,"identity enrichment run 461: status=ok, Category=Drug, Age=взрослые, evidence present",взрослые,,,взрослые,"[{""value"": ""взрослые"", ""method"": ""identity_enrichment"", ""stage"": ""mnn_identity_enrichment"", ""source"": ""mnn_identity_enrichment_pass_results"", ""confidence"": ""high""}, {""value"": ""взрослые"", ""method"": ""sem_baseline"", ""stage"": ""sem1"", ""source"": ""sem_wave500_mnn_v3_report"", ""confidence"": ""medium""}]",correct,MNN необходим на кирилице,not_m2,,,,not_available,взрослые,identity_enrichment,mnn_identity_enrichment,mnn_identity_enrichment_pass_results,high,unknown,downgrade_unsupported_to_unknown,"current=взрослые via identity_enrichment lacks product-specific explicit Age evidence (evidence_status=product_specific_but_no_explicit_age, identity=C, evidence_grade=none). absence of age data != универсальный; Sem adults != adult-only. Downgrade display to unknown. Hint is not used as truth.",product_specific_but_no_explicit_age,C,no_conflict,true,send_to_age_contract_review,mnn_age_policy_replay_v1,age_contract_v1
13616,"МЕЛИССЫ ЛЕКАРСТВЕННОЙ ТРАВА Ф/П 1,5Г №20 ЗДОРОВЬЕ | ЗДОРОВЬЕ ФИРМА ООО | ЗДОРОВЬЕ ФИРМА ООО",Melissae officinalis herba,reuse_existing_enrichment,resolved_enrichment,enrichment,FALSE,FALSE,low,взрослые,previous_enrichment,previous_mnn_enrichment,mnn_catalog_resolution_wave500_v3,high,"reused prior enrichment: status=ok, validated Age=взрослые",взрослые,,взрослые,,"[{""value"": ""взрослые"", ""method"": ""previous_enrichment"", ""stage"": ""previous_mnn_enrichment"", ""source"": ""mnn_catalog_resolution_wave500_v3"", ""confidence"": ""high""}, {""value"": ""взрослые"", ""method"": ""sem_baseline"", ""stage"": ""sem1"", ""source"": ""sem_wave500_mnn_v3_report"", ""confidence"": ""medium""}]",incorrect,возрастной сегмент - универсальный. MNN необходим на кирилице,not_m2,,,универсальный,explicit_label_note,взрослые,previous_enrichment,previous_mnn_enrichment,mnn_catalog_resolution_wave500_v3,high,unknown,downgrade_unsupported_to_unknown,"current=взрослые via previous_enrichment lacks product-specific explicit Age evidence (evidence_status=no_saved_evidence, identity=unknown, evidence_grade=none). absence of age data != универсальный; Sem adults != adult-only. Downgrade display to unknown. Hint is not used as truth.",no_saved_evidence,unknown,no_conflict,true,send_to_age_contract_review,mnn_age_policy_replay_v1,age_contract_v1
14758,"ЛОЗАРТАН Н ТАБЛ. П/ПЛЕН/ОБ. 12,5МГ+100МГ №30 ОЗОН | ОЗОН ООО | ОЗОН ООО","Лозартан, Гидрохлоротиазид",new_enrichment,unresolved_catalog,enrichment,FALSE,FALSE,low,взрослые,identity_enrichment,mnn_identity_enrichment,mnn_identity_enrichment_pass_results,high,"identity enrichment run 461: status=ok, Category=Drug, Age=взрослые, evidence present",взрослые,,,взрослые,"[{""value"": ""взрослые"", ""method"": ""identity_enrichment"", ""stage"": ""mnn_identity_enrichment"", ""source"": ""mnn_identity_enrichment_pass_results"", ""confidence"": ""high""}, {""value"": ""взрослые"", ""method"": ""sem_baseline"", ""stage"": ""sem1"", ""source"": ""sem_wave500_mnn_v3_report"", ""confidence"": ""medium""}]",correct,,not_m2,,,,not_available,взрослые,identity_enrichment,mnn_identity_enrichment,mnn_identity_enrichment_pass_results,high,unknown,downgrade_unsupported_to_unknown,"current=взрослые via identity_enrichment lacks product-specific explicit Age evidence (evidence_status=product_specific_but_no_explicit_age, identity=C, evidence_grade=none). absence of age data != универсальный; Sem adults != adult-only. Downgrade display to unknown. Hint is not used as truth.",product_specific_but_no_explicit_age,C,no_conflict,true,send_to_age_contract_review,mnn_age_policy_replay_v1,age_contract_v1
15062,ЛИЗИНОПРИЛ-ТЕВА ТАБЛ. 10МГ №30 Р-ФАРМ | Р-ФАРМ НОВОСЕЛКИ ООО | Р-ФАРМ НОВОСЕЛКИ ООО,Лизиноприл,skip_strong_input_mnn,resolved_input_explicit,input_explicit_mnn,FALSE,FALSE,low,взрослые,sem_baseline,sem1,sem_wave500_mnn_v3_report,medium,Sem v3 canonical attr contains Age=взрослые,взрослые,,,,"[{""value"": ""взрослые"", ""method"": ""sem_baseline"", ""stage"": ""sem1"", ""source"": ""sem_wave500_mnn_v3_report"", ""confidence"": ""medium""}]",correct,,not_m2,,,,not_available,взрослые,sem_baseline,sem1,sem_wave500_mnn_v3_report,medium,unknown,downgrade_unsupported_to_unknown,"current=взрослые via sem_baseline lacks product-specific explicit Age evidence (evidence_status=no_saved_evidence, identity=unknown, evidence_grade=none). absence of age data != универсальный; Sem adults != adult-only. Downgrade display to unknown. Hint is not used as truth.",no_saved_evidence,unknown,no_conflict,true,send_to_age_contract_review,mnn_age_policy_replay_v1,age_contract_v1
15150,ЛИДОКАИН БУФУС Р-Р Д/ИН. 100МГ/МЛ АМП. 2МЛ №10 ОБНОВЛЕНИЕ | ОБНОВЛЕНИЕ ПФК АО | ОБНОВЛЕНИЕ ПФК АО,Лидокаин,skip_strong_input_mnn,resolved_input_explicit,input_explicit_mnn,FALSE,TRUE,high,unknown,not_resolved,none,none,unknown,no accepted pipeline source contains Age; display value unknown,,,,,[],incorrect,возрастной сегмент - взрослый,not_m2,,,взрослые,explicit_label_note,unknown,not_resolved,none,none,unknown,unknown,retain_safe_unknown,current Age is unknown and no product-specific explicit Age evidence is stored. unknown is a valid safe outcome; not upgraded from labels or medical inference.,no_saved_evidence,unknown,unknown,true,require_product_specific_evidence,mnn_age_policy_replay_v1,age_contract_v1
16485,КРУШИНЫ КОРА Ф/П 2Г №20 ФИТО-БОТ | ФИТО-БОТ ФИРМА ООО | ФИТО-БОТ ФИРМА ООО,Крушины ольховидной кора,reuse_existing_enrichment,resolved_enrichment,enrichment,FALSE,FALSE,low,универсальный,previous_enrichment,previous_mnn_enrichment,mnn_catalog_resolution_wave500_v3,high,"reused prior enrichment: status=ok, validated Age=универсальный; weaker sources differ: sem_baseline=взрослые",взрослые,,универсальный,,"[{""value"": ""универсальный"", ""method"": ""previous_enrichment"", ""stage"": ""previous_mnn_enrichment"", ""source"": ""mnn_catalog_resolution_wave500_v3"", ""confidence"": ""high""}, {""value"": ""взрослые"", ""method"": ""sem_baseline"", ""stage"": ""sem1"", ""source"": ""sem_wave500_mnn_v3_report"", ""confidence"": ""medium""}]",correct,,not_m2,,,,not_available,универсальный,previous_enrichment,previous_mnn_enrichment,mnn_catalog_resolution_wave500_v3,high,conflict,conflict_requires_evidence,unresolved comparable-source conflict (baseline_vs_enrichment_conflict); sem=взрослые prev=универсальный identity=empty. No source winner. Display=conflict; current value not accepted.,conflict,unknown,baseline_vs_enrichment_conflict,true,send_to_age_contract_review,mnn_age_policy_replay_v1,age_contract_v1
16623,КОФЕИН-БЕНЗОАТ НАТРИЯ ТАБЛ. 100МГ №10 ТАТХИМФАРМПРЕПАРАТЫ | ТАТХИМФАРМПРЕПАРАТЫ АО | ТАТХИМФАРМПРЕПАРАТЫ АО,Кофеин,new_enrichment,unresolved_catalog,enrichment,FALSE,FALSE,low,универсальный,identity_enrichment,mnn_identity_enrichment,mnn_identity_enrichment_pass_results,high,"identity enrichment run 461: status=ok, Category=Drug, Age=универсальный, evidence present; weaker sources differ: sem_baseline=взрослые",взрослые,,,универсальный,"[{""value"": ""универсальный"", ""method"": ""identity_enrichment"", ""stage"": ""mnn_identity_enrichment"", ""source"": ""mnn_identity_enrichment_pass_results"", ""confidence"": ""high""}, {""value"": ""взрослые"", ""method"": ""sem_baseline"", ""stage"": ""sem1"", ""source"": ""sem_wave500_mnn_v3_report"", ""confidence"": ""medium""}]",incorrect,возрастной сегмент - взрослый,not_m2,,,взрослые,explicit_label_note,универсальный,identity_enrichment,mnn_identity_enrichment,mnn_identity_enrichment_pass_results,high,conflict,conflict_requires_evidence,unresolved comparable-source conflict (baseline_vs_enrichment_conflict); sem=взрослые prev=empty identity=универсальный. No source winner. Display=conflict; current value not accepted.,conflict,C,baseline_vs_enrichment_conflict,true,send_to_age_contract_review,mnn_age_policy_replay_v1,age_contract_v1
18125,КАНДЕСАРТАН ТАБЛ. 16МГ №28 БЕРЕЗОВСКИЙ ФЗ | БЕРЕЗОВСКИЙ ФЗ | БЕРЕЗОВСКИЙ ФЗ,Кандесартан,reuse_existing_enrichment,resolved_enrichment,enrichment,FALSE,FALSE,low,универсальный,previous_enrichment,previous_mnn_enrichment,mnn_catalog_resolution_wave500_v3,high,"reused prior enrichment: status=ok, validated Age=универсальный; weaker sources differ: sem_baseline=взрослые",взрослые,,универсальный,,"[{""value"": ""универсальный"", ""method"": ""previous_enrichment"", ""stage"": ""previous_mnn_enrichment"", ""source"": ""mnn_catalog_resolution_wave500_v3"", ""confidence"": ""high""}, {""value"": ""взрослые"", ""method"": ""sem_baseline"", ""stage"": ""sem1"", ""source"": ""sem_wave500_mnn_v3_report"", ""confidence"": ""medium""}]",incorrect,возрастной сегмент - взрослый,not_m2,,,взрослые,explicit_label_note,универсальный,previous_enrichment,previous_mnn_enrichment,mnn_catalog_resolution_wave500_v3,high,conflict,conflict_requires_evidence,unresolved comparable-source conflict (baseline_vs_enrichment_conflict); sem=взрослые prev=универсальный identity=empty. No source winner. Display=conflict; current value not accepted.,conflict,unknown,baseline_vs_enrichment_conflict,true,send_to_age_contract_review,mnn_age_policy_replay_v1,age_contract_v1
18179,КАЛЬЦИЯ ГЛЮКОНАТ ЭКО ТАБЛ. ПО 500МГ №10 | ЭКОТЕКС ООО | ЭКОТЕКС ООО,,new_enrichment,unresolved_catalog,unresolved_final,TRUE,TRUE,high,not_applicable,not_applicable,mnn_identity_enrichment,mnn_identity_enrichment_pass_searxng_raw,high,identity enrichment run 461: Category=BAS/Other; Age not applicable,,,универсальный,универсальный,"[{""value"": ""универсальный"", ""method"": ""identity_enrichment"", ""stage"": ""mnn_identity_enrichment"", ""source"": ""mnn_identity_enrichment_pass_results"", ""confidence"": ""high""}, {""value"": ""универсальный"", ""method"": ""previous_enrichment"", ""stage"": ""previous_mnn_enrichment"", ""source"": ""mnn_catalog_resolution_wave500_v3"", ""confidence"": ""high""}]",,BAS,approved,bas,applied,,not_available,not_applicable,not_applicable,mnn_identity_enrichment,mnn_identity_enrichment_pass_searxng_raw,high,not_applicable,m2_not_applicable_candidate,approved M2 BAS/Other non-drug; Age not needed for drug routing; kind=bas; override_status=applied. Proposal-only; current Age and product_kind unchanged.,not_applicable,not_applicable,not_applicable,false,not_applicable_no_drug_age_review,m2_reviewed_policy_v1,age_contract_v1
18377,ЙОД Р-Р Д/НАРУЖ. ПРИМ. СПИРТ. 5% ФЛ. 25МЛ ГИППОКРАТ | ГИППОКРАТ | ГИППОКРАТ,Йод,reuse_existing_enrichment,resolved_enrichment,enrichment,FALSE,FALSE,low,универсальный,previous_enrichment,previous_mnn_enrichment,mnn_catalog_resolution_wave500_v3,high,"reused prior enrichment: status=ok, validated Age=универсальный",,,универсальный,,"[{""value"": ""универсальный"", ""method"": ""previous_enrichment"", ""stage"": ""previous_mnn_enrichment"", ""source"": ""mnn_catalog_resolution_wave500_v3"", ""confidence"": ""high""}]",correct,препарат OTC,not_m2,,,,not_available,универсальный,previous_enrichment,previous_mnn_enrichment,mnn_catalog_resolution_wave500_v3,high,unknown,downgrade_unsupported_to_unknown,"current=универсальный via previous_enrichment lacks product-specific explicit Age evidence (evidence_status=no_saved_evidence, identity=unknown, evidence_grade=none). absence of age data != универсальный; Sem adults != adult-only. Downgrade display to unknown. Hint is not used as truth.",no_saved_evidence,unknown,no_conflict,true,send_to_age_contract_review,mnn_age_policy_replay_v1,age_contract_v1
18830,ИЗЖОГАНЕТ АНТАЦИДНЫЙ КОМПЛЕКС СО ВКУСОМ МЯТЫ ТАБЛ. 600МГ №40 | ГРИН САЙД ООО | ГРИН САЙД ООО,,new_enrichment,unresolved_catalog,unresolved_final,TRUE,TRUE,high,not_applicable,not_applicable,mnn_identity_enrichment,mnn_identity_enrichment_pass_searxng_raw,high,identity enrichment run 461: Category=BAS/Other; Age not applicable,взрослые,,взрослые,взрослые,"[{""value"": ""взрослые"", ""method"": ""identity_enrichment"", ""stage"": ""mnn_identity_enrichment"", ""source"": ""mnn_identity_enrichment_pass_results"", ""confidence"": ""high""}, {""value"": ""взрослые"", ""method"": ""previous_enrichment"", ""stage"": ""previous_mnn_enrichment"", ""source"": ""mnn_catalog_resolution_wave500_v3"", ""confidence"": ""high""}, {""value"": ""взрослые"", ""method"": ""sem_baseline"", ""stage"": ""sem1"", ""source"": ""sem_wave500_mnn_v3_report"", ""confidence"": ""medium""}]",,BAS,approved,bas,applied,,not_available,not_applicable,not_applicable,mnn_identity_enrichment,mnn_identity_enrichment_pass_searxng_raw,high,not_applicable,m2_not_applicable_candidate,approved M2 BAS/Other non-drug; Age not needed for drug routing; kind=bas; override_status=applied. Proposal-only; current Age and product_kind unchanged.,not_applicable,not_applicable,not_applicable,false,not_applicable_no_drug_age_review,m2_reviewed_policy_v1,age_contract_v1
19198,ЗВЕРОБОЯ ТРАВА 50Г ФИТОФАРМ | ФИТОФАРМ ООО | ФИТОФАРМ ООО,,new_enrichment,unresolved_catalog,unresolved_final,TRUE,TRUE,high,unknown,not_resolved,none,none,unknown,no accepted pipeline source contains Age; display value unknown,,,универсальный,универсальный,"[{""value"": ""универсальный"", ""method"": ""identity_enrichment"", ""stage"": ""mnn_identity_enrichment"", ""source"": ""mnn_identity_enrichment_pass_results"", ""confidence"": ""high""}, {""value"": ""универсальный"", ""method"": ""previous_enrichment"", ""stage"": ""previous_mnn_enrichment"", ""source"": ""mnn_catalog_resolution_wave500_v3"", ""confidence"": ""high""}]",incorrect,"Drug (Трава зверобоя), ОТС, Взрослый",not_m2,,,взрослые,explicit_label_note,unknown,not_resolved,none,none,unknown,unknown,retain_safe_unknown,current Age is unknown and no product-specific explicit Age evidence is stored. unknown is a valid safe outcome; not upgraded from labels or medical inference.,product_specific_but_no_explicit_age,B,no_conflict,true,require_product_specific_evidence,mnn_age_policy_replay_v1,age_contract_v1
19370,ДЮСПАТАЛИН ТАБЛ. П/О 135МГ №15 ВЕРОФАРМ | ВЕРОФАРМ АО | ВЕРОФАРМ АО,Мебеверин,new_enrichment,unresolved_catalog,enrichment,FALSE,FALSE,low,взрослые,identity_enrichment,mnn_identity_enrichment,mnn_identity_enrichment_pass_results,high,"identity enrichment run 461: status=ok, Category=Drug, Age=взрослые, evidence present",взрослые,,,взрослые,"[{""value"": ""взрослые"", ""method"": ""identity_enrichment"", ""stage"": ""mnn_identity_enrichment"", ""source"": ""mnn_identity_enrichment_pass_results"", ""confidence"": ""high""}, {""value"": ""взрослые"", ""method"": ""sem_baseline"", ""stage"": ""sem1"", ""source"": ""sem_wave500_mnn_v3_report"", ""confidence"": ""medium""}]",correct,препарат OTC,not_m2,,,,not_available,взрослые,identity_enrichment,mnn_identity_enrichment,mnn_identity_enrichment_pass_results,high,unknown,downgrade_unsupported_to_unknown,"current=взрослые via identity_enrichment lacks product-specific explicit Age evidence (evidence_status=product_specific_but_no_explicit_age, identity=C, evidence_grade=none). absence of age data != универсальный; Sem adults != adult-only. Downgrade display to unknown. Hint is not used as truth.",product_specific_but_no_explicit_age,C,no_conflict,true,send_to_age_contract_review,mnn_age_policy_replay_v1,age_contract_v1
20122,ДИОСМИН ТАБЛ. П/ПЛЕН/ОБ. 600МГ №60 ОЗОН | ОЗОН ООО | ОЗОН ООО,Диосмин,skip_strong_input_mnn,resolved_input_explicit,input_explicit_mnn,FALSE,FALSE,low,взрослые,sem_baseline,sem1,sem_wave500_mnn_v3_report,medium,Sem v3 canonical attr contains Age=взрослые,взрослые,,,,"[{""value"": ""взрослые"", ""method"": ""sem_baseline"", ""stage"": ""sem1"", ""source"": ""sem_wave500_mnn_v3_report"", ""confidence"": ""medium""}]",incorrect,возрастной сегмент - универсальный,not_m2,,,универсальный,explicit_label_note,взрослые,sem_baseline,sem1,sem_wave500_mnn_v3_report,medium,unknown,downgrade_unsupported_to_unknown,"current=взрослые via sem_baseline lacks product-specific explicit Age evidence (evidence_status=no_saved_evidence, identity=unknown, evidence_grade=none). absence of age data != универсальный; Sem adults != adult-only. Downgrade display to unknown. Hint is not used as truth.",no_saved_evidence,unknown,no_conflict,true,send_to_age_contract_review,mnn_age_policy_replay_v1,age_contract_v1
20614,"ДЕКСАМЕТАЗОН-КРКА ТАБЛ. 4МГ №20 | КРКА Д.Д., НОВО МЕСТО АО/КРКА-РУС ООО | КРКА Д.Д., НОВО МЕСТО АО/КРКА-РУС ООО",Дексаметазон,skip_strong_input_mnn,resolved_input_explicit,input_explicit_mnn,FALSE,TRUE,high,unknown,not_resolved,none,none,unknown,no accepted pipeline source contains Age; display value unknown,,,,,[],incorrect,возрастной сегмент - универсальный,not_m2,,,универсальный,explicit_label_note,unknown,not_resolved,none,none,unknown,unknown,retain_safe_unknown,current Age is unknown and no product-specific explicit Age evidence is stored. unknown is a valid safe outcome; not upgraded from labels or medical inference.,no_saved_evidence,unknown,unknown,true,require_product_specific_evidence,mnn_age_policy_replay_v1,age_contract_v1
20628,ДЕКСА-ГЕНТАМИЦИН КАПЛИ ГЛАЗН. ФЛ-КАП. 5МЛ | УРСАФАРМ АРЦНАЙМИТТЕЛЬ ГМБХ | УРСАФАРМ АРЦНАЙМИТТЕЛЬ ГМБХ,"Дексаметазон, Гентамицин",new_enrichment,unresolved_catalog,enrichment,FALSE,FALSE,low,взрослые,identity_enrichment,mnn_identity_enrichment,mnn_identity_enrichment_pass_results,high,"identity enrichment run 461: status=ok, Category=Drug, Age=взрослые, evidence present",,,,взрослые,"[{""value"": ""взрослые"", ""method"": ""identity_enrichment"", ""stage"": ""mnn_identity_enrichment"", ""source"": ""mnn_identity_enrichment_pass_results"", ""confidence"": ""high""}]",correct,,not_m2,,,,not_available,взрослые,identity_enrichment,mnn_identity_enrichment,mnn_identity_enrichment_pass_results,high,unknown,downgrade_unsupported_to_unknown,"current=взрослые via identity_enrichment lacks product-specific explicit Age evidence (evidence_status=product_specific_but_no_explicit_age, identity=C, evidence_grade=none). absence of age data != универсальный; Sem adults != adult-only. Downgrade display to unknown. Hint is not used as truth.",product_specific_but_no_explicit_age,C,no_conflict,true,send_to_age_contract_review,mnn_age_policy_replay_v1,age_contract_v1
21010,ГЛИЦИН ФОРТЕ ТАБЛ. ЗАЩЕЧН. И П/ЯЗЫЧН. 250МГ №20 ОЗОН | ОЗОН ООО | ОЗОН ООО,Глицин,skip_strong_input_mnn,resolved_input_explicit,input_explicit_mnn,FALSE,TRUE,high,unknown,not_resolved,none,none,unknown,no accepted pipeline source contains Age; display value unknown,,,,,[],incorrect,возрастной сегмент - универсальный,not_m2,,,универсальный,explicit_label_note,unknown,not_resolved,none,none,unknown,unknown,retain_safe_unknown,current Age is unknown and no product-specific explicit Age evidence is stored. unknown is a valid safe outcome; not upgraded from labels or medical inference.,no_saved_evidence,unknown,unknown,true,require_product_specific_evidence,mnn_age_policy_replay_v1,age_contract_v1
21019,ГЛИЦИН ТАБЛ. П/ЯЗЫЧН. 100МГ №50 ОЗОН | ОЗОН ООО | ОЗОН ООО,Глицин,reuse_existing_enrichment,resolved_enrichment,input_plus_enrichment,FALSE,FALSE,low,универсальный,previous_enrichment,previous_mnn_enrichment,mnn_catalog_resolution_wave500_v3,high,"reused prior enrichment: status=ok, validated Age=универсальный",универсальный,,универсальный,,"[{""value"": ""универсальный"", ""method"": ""previous_enrichment"", ""stage"": ""previous_mnn_enrichment"", ""source"": ""mnn_catalog_resolution_wave500_v3"", ""confidence"": ""high""}, {""value"": ""универсальный"", ""method"": ""sem_baseline"", ""stage"": ""sem1"", ""source"": ""sem_wave500_mnn_v3_report"", ""confidence"": ""medium""}]",correct,,not_m2,,,,not_available,универсальный,previous_enrichment,previous_mnn_enrichment,mnn_catalog_resolution_wave500_v3,high,unknown,downgrade_unsupported_to_unknown,"current=универсальный via previous_enrichment lacks product-specific explicit Age evidence (evidence_status=no_saved_evidence, identity=unknown, evidence_grade=none). absence of age data != универсальный; Sem adults != adult-only. Downgrade display to unknown. Hint is not used as truth.",no_saved_evidence,unknown,no_conflict,true,send_to_age_contract_review,mnn_age_policy_replay_v1,age_contract_v1
21137,ГЛИБЕНКЛАМИД ТАБЛ. 5МГ №120 ОЗОН ФАРМ | ОЗОН ФАРМ ООО | ОЗОН ФАРМ ООО,Глибенкламид,reuse_existing_enrichment,resolved_enrichment,enrichment,FALSE,FALSE,low,универсальный,previous_enrichment,previous_mnn_enrichment,mnn_catalog_resolution_wave500_v3,high,"reused prior enrichment: status=ok, validated Age=универсальный; weaker sources differ: sem_baseline=взрослые",взрослые,,универсальный,,"[{""value"": ""универсальный"", ""method"": ""previous_enrichment"", ""stage"": ""previous_mnn_enrichment"", ""source"": ""mnn_catalog_resolution_wave500_v3"", ""confidence"": ""high""}, {""value"": ""взрослые"", ""method"": ""sem_baseline"", ""stage"": ""sem1"", ""source"": ""sem_wave500_mnn_v3_report"", ""confidence"": ""medium""}]",correct,,not_m2,,,,not_available,универсальный,previous_enrichment,previous_mnn_enrichment,mnn_catalog_resolution_wave500_v3,high,conflict,conflict_requires_evidence,unresolved comparable-source conflict (baseline_vs_enrichment_conflict); sem=взрослые prev=универсальный identity=empty. No source winner. Display=conflict; current value not accepted.,conflict,unknown,baseline_vs_enrichment_conflict,true,send_to_age_contract_review,mnn_age_policy_replay_v1,age_contract_v1
21387,ГЕПАВИЗИМ ФОСФОЛИПИДЫ+L-ОРИНИТИН+КУРКУМИН КАПС. ПО 495МГ №30 | ВТФ ООО | ВТФ ООО,,new_enrichment,unresolved_catalog,unresolved_final,TRUE,TRUE,high,not_applicable,not_applicable,mnn_identity_enrichment,mnn_identity_enrichment_pass_searxng_raw,high,identity enrichment run 461: Category=BAS/Other; Age not applicable,взрослые,,универсальный,универсальный,"[{""value"": ""универсальный"", ""method"": ""identity_enrichment"", ""stage"": ""mnn_identity_enrichment"", ""source"": ""mnn_identity_enrichment_pass_results"", ""confidence"": ""high""}, {""value"": ""универсальный"", ""method"": ""previous_enrichment"", ""stage"": ""previous_mnn_enrichment"", ""source"": ""mnn_catalog_resolution_wave500_v3"", ""confidence"": ""high""}, {""value"": ""взрослые"", ""method"": ""sem_baseline"", ""stage"": ""sem1"", ""source"": ""sem_wave500_mnn_v3_report"", ""confidence"": ""medium""}]",,BAS,approved,bas,applied,,not_available,not_applicable,not_applicable,mnn_identity_enrichment,mnn_identity_enrichment_pass_searxng_raw,high,not_applicable,m2_not_applicable_candidate,approved M2 BAS/Other non-drug; Age not needed for drug routing; kind=bas; override_status=applied. Proposal-only; current Age and product_kind unchanged.,not_applicable,not_applicable,not_applicable,false,not_applicable_no_drug_age_review,m2_reviewed_policy_v1,age_contract_v1
22468,"ВИДОРА МИКРО ТАБЛ. П/ПЛЕН/ОБ. 3МГ+0,02МГ №21+7 | ЛАБОРАТОРИОС ЛЕОН ФАРМА С.А. | ЛАБОРАТОРИОС ЛЕОН ФАРМА С.А.","Дроспиренон, Этинилэстрадиол",new_enrichment,unresolved_catalog,enrichment,FALSE,FALSE,low,взрослые,identity_enrichment,mnn_identity_enrichment,mnn_identity_enrichment_pass_results,high,"identity enrichment run 461: status=ok, Category=Drug, Age=взрослые, evidence present",взрослые,,,взрослые,"[{""value"": ""взрослые"", ""method"": ""identity_enrichment"", ""stage"": ""mnn_identity_enrichment"", ""source"": ""mnn_identity_enrichment_pass_results"", ""confidence"": ""high""}, {""value"": ""взрослые"", ""method"": ""sem_baseline"", ""stage"": ""sem1"", ""source"": ""sem_wave500_mnn_v3_report"", ""confidence"": ""medium""}]",correct,,not_m2,,,,not_available,взрослые,identity_enrichment,mnn_identity_enrichment,mnn_identity_enrichment_pass_results,high,unknown,downgrade_unsupported_to_unknown,"current=взрослые via identity_enrichment lacks product-specific explicit Age evidence (evidence_status=product_specific_but_no_explicit_age, identity=C, evidence_grade=none). absence of age data != универсальный; Sem adults != adult-only. Downgrade display to unknown. Hint is not used as truth.",product_specific_but_no_explicit_age,C,no_conflict,true,send_to_age_contract_review,mnn_age_policy_replay_v1,age_contract_v1
22548,ВЕЧЕРНЕЕ ВАЛЕРИАНА+МЯТА+МЕЛИССА ДРАЖЕ №50 ПАРАФАРМ | ПАРАФАРМ ООО | ПАРАФАРМ ООО,,new_enrichment,unresolved_catalog,unresolved_final,TRUE,TRUE,high,not_applicable,not_applicable,mnn_identity_enrichment,mnn_identity_enrichment_pass_searxng_raw,high,identity enrichment run 461: Category=BAS/Other; Age not applicable,взрослые,,взрослые,взрослые,"[{""value"": ""взрослые"", ""method"": ""identity_enrichment"", ""stage"": ""mnn_identity_enrichment"", ""source"": ""mnn_identity_enrichment_pass_results"", ""confidence"": ""high""}, {""value"": ""взрослые"", ""method"": ""previous_enrichment"", ""stage"": ""previous_mnn_enrichment"", ""source"": ""mnn_catalog_resolution_wave500_v3"", ""confidence"": ""high""}, {""value"": ""взрослые"", ""method"": ""sem_baseline"", ""stage"": ""sem1"", ""source"": ""sem_wave500_mnn_v3_report"", ""confidence"": ""medium""}]",,BAS,approved,bas,applied,,not_available,not_applicable,not_applicable,mnn_identity_enrichment,mnn_identity_enrichment_pass_searxng_raw,high,not_applicable,m2_not_applicable_candidate,approved M2 BAS/Other non-drug; Age not needed for drug routing; kind=bas; override_status=applied. Proposal-only; current Age and product_kind unchanged.,not_applicable,not_applicable,not_applicable,false,not_applicable_no_drug_age_review,m2_reviewed_policy_v1,age_contract_v1
23695,БИОРИТМ АНТИСТРЕСС 24 ДЕНЬ/НОЧЬ ТАБЛ. П/О №32 | ЭВАЛАР ЗАО | ЭВАЛАР ЗАО,,new_enrichment,unresolved_catalog,unresolved_final,TRUE,TRUE,high,not_applicable,not_applicable,mnn_identity_enrichment,mnn_identity_enrichment_pass_searxng_raw,high,identity enrichment run 461: Category=BAS/Other; Age not applicable,взрослые,,взрослые,взрослые,"[{""value"": ""взрослые"", ""method"": ""identity_enrichment"", ""stage"": ""mnn_identity_enrichment"", ""source"": ""mnn_identity_enrichment_pass_results"", ""confidence"": ""high""}, {""value"": ""взрослые"", ""method"": ""previous_enrichment"", ""stage"": ""previous_mnn_enrichment"", ""source"": ""mnn_catalog_resolution_wave500_v3"", ""confidence"": ""high""}, {""value"": ""взрослые"", ""method"": ""sem_baseline"", ""stage"": ""sem1"", ""source"": ""sem_wave500_mnn_v3_report"", ""confidence"": ""medium""}]",,BAS,approved,bas,applied,,not_available,not_applicable,not_applicable,mnn_identity_enrichment,mnn_identity_enrichment_pass_searxng_raw,high,not_applicable,m2_not_applicable_candidate,approved M2 BAS/Other non-drug; Age not needed for drug routing; kind=bas; override_status=applied. Proposal-only; current Age and product_kind unchanged.,not_applicable,not_applicable,not_applicable,false,not_applicable_no_drug_age_review,m2_reviewed_policy_v1,age_contract_v1
24095,БЕТАГИСТИН ТАБЛ. 16МГ №30 ОЗОН | ОЗОН ООО | ОЗОН ООО,Бетагистин,reuse_existing_enrichment,resolved_enrichment,enrichment,FALSE,FALSE,low,взрослые,previous_enrichment,previous_mnn_enrichment,mnn_catalog_resolution_wave500_v3,high,"reused prior enrichment: status=ok, validated Age=взрослые",взрослые,,взрослые,,"[{""value"": ""взрослые"", ""method"": ""previous_enrichment"", ""stage"": ""previous_mnn_enrichment"", ""source"": ""mnn_catalog_resolution_wave500_v3"", ""confidence"": ""high""}, {""value"": ""взрослые"", ""method"": ""sem_baseline"", ""stage"": ""sem1"", ""source"": ""sem_wave500_mnn_v3_report"", ""confidence"": ""medium""}]",correct,,not_m2,,,,not_available,взрослые,previous_enrichment,previous_mnn_enrichment,mnn_catalog_resolution_wave500_v3,high,unknown,downgrade_unsupported_to_unknown,"current=взрослые via previous_enrichment lacks product-specific explicit Age evidence (evidence_status=no_saved_evidence, identity=unknown, evidence_grade=none). absence of age data != универсальный; Sem adults != adult-only. Downgrade display to unknown. Hint is not used as truth.",no_saved_evidence,unknown,no_conflict,true,send_to_age_contract_review,mnn_age_policy_replay_v1,age_contract_v1
24098,БЕТАГИСТИН СОЛОФАРМ ТАБЛ. 16МГ №30 | ГРОТЕКС ООО | ГРОТЕКС ООО,Бетагистин,reuse_existing_enrichment,resolved_enrichment,enrichment,FALSE,FALSE,low,взрослые,previous_enrichment,previous_mnn_enrichment,mnn_catalog_resolution_wave500_v3,high,"reused prior enrichment: status=ok, validated Age=взрослые",взрослые,,взрослые,,"[{""value"": ""взрослые"", ""method"": ""previous_enrichment"", ""stage"": ""previous_mnn_enrichment"", ""source"": ""mnn_catalog_resolution_wave500_v3"", ""confidence"": ""high""}, {""value"": ""взрослые"", ""method"": ""sem_baseline"", ""stage"": ""sem1"", ""source"": ""sem_wave500_mnn_v3_report"", ""confidence"": ""medium""}]",correct,,not_m2,,,,not_available,взрослые,previous_enrichment,previous_mnn_enrichment,mnn_catalog_resolution_wave500_v3,high,unknown,downgrade_unsupported_to_unknown,"current=взрослые via previous_enrichment lacks product-specific explicit Age evidence (evidence_status=no_saved_evidence, identity=unknown, evidence_grade=none). absence of age data != универсальный; Sem adults != adult-only. Downgrade display to unknown. Hint is not used as truth.",no_saved_evidence,unknown,no_conflict,true,send_to_age_contract_review,mnn_age_policy_replay_v1,age_contract_v1
24255,"БЕЛОДЕРМ КРЕМ Д/НАРУЖ. ПРИМ. 0,05% ТУБА 30Г | БЕЛУПО | БЕЛУПО",Бетаметазон,new_enrichment,unresolved_catalog,enrichment,FALSE,FALSE,low,универсальный,identity_enrichment,mnn_identity_enrichment,mnn_identity_enrichment_pass_results,high,"identity enrichment run 461: status=ok, Category=Drug, Age=универсальный, evidence present; weaker sources differ: sem_baseline=взрослые",взрослые,,,универсальный,"[{""value"": ""универсальный"", ""method"": ""identity_enrichment"", ""stage"": ""mnn_identity_enrichment"", ""source"": ""mnn_identity_enrichment_pass_results"", ""confidence"": ""high""}, {""value"": ""взрослые"", ""method"": ""sem_baseline"", ""stage"": ""sem1"", ""source"": ""sem_wave500_mnn_v3_report"", ""confidence"": ""medium""}]",correct,,not_m2,,,,not_available,универсальный,identity_enrichment,mnn_identity_enrichment,mnn_identity_enrichment_pass_results,high,conflict,conflict_requires_evidence,unresolved comparable-source conflict (baseline_vs_enrichment_conflict); sem=взрослые prev=empty identity=универсальный. No source winner. Display=conflict; current value not accepted.,conflict,B,baseline_vs_enrichment_conflict,true,send_to_age_contract_review,mnn_age_policy_replay_v1,age_contract_v1
24682,АЦИКЛОВИР ТАБЛ. 200МГ №20 АВЕКСИМА | ИРБИТСКИЙ ХИМЗАВОД ОАО | ИРБИТСКИЙ ХИМЗАВОД ОАО,Ацикловир,reuse_existing_enrichment,resolved_enrichment,input_plus_enrichment,FALSE,FALSE,low,универсальный,previous_enrichment,previous_mnn_enrichment,mnn_catalog_resolution_wave500_v3,high,"reused prior enrichment: status=ok, validated Age=универсальный",,,универсальный,,"[{""value"": ""универсальный"", ""method"": ""previous_enrichment"", ""stage"": ""previous_mnn_enrichment"", ""source"": ""mnn_catalog_resolution_wave500_v3"", ""confidence"": ""high""}]",correct,,not_m2,,,,not_available,универсальный,previous_enrichment,previous_mnn_enrichment,mnn_catalog_resolution_wave500_v3,high,unknown,downgrade_unsupported_to_unknown,"current=универсальный via previous_enrichment lacks product-specific explicit Age evidence (evidence_status=no_saved_evidence, identity=unknown, evidence_grade=none). absence of age data != универсальный; Sem adults != adult-only. Downgrade display to unknown. Hint is not used as truth.",no_saved_evidence,unknown,no_conflict,true,send_to_age_contract_review,mnn_age_policy_replay_v1,age_contract_v1
24750,АЦЕТИЛСАЛИЦИЛОВАЯ КИСЛОТА ПЛЮС РЕНЕВАЛ ТАБЛ. 500МГ+25МГ №20 | ОБНОВЛЕНИЕ ПФК АО | ОБНОВЛЕНИЕ ПФК АО,"Ацетилсалициловая кислота, Аскорбиновая кислота",reuse_existing_enrichment,resolved_enrichment,enrichment,FALSE,FALSE,low,взрослые,previous_enrichment,previous_mnn_enrichment,mnn_catalog_resolution_wave500_v3,high,"reused prior enrichment: status=ok, validated Age=взрослые",взрослые,,взрослые,,"[{""value"": ""взрослые"", ""method"": ""previous_enrichment"", ""stage"": ""previous_mnn_enrichment"", ""source"": ""mnn_catalog_resolution_wave500_v3"", ""confidence"": ""high""}, {""value"": ""взрослые"", ""method"": ""sem_baseline"", ""stage"": ""sem1"", ""source"": ""sem_wave500_mnn_v3_report"", ""confidence"": ""medium""}]",incorrect,возрастной сегмент - универсальный,not_m2,,,универсальный,explicit_label_note,взрослые,previous_enrichment,previous_mnn_enrichment,mnn_catalog_resolution_wave500_v3,high,unknown,downgrade_unsupported_to_unknown,"current=взрослые via previous_enrichment lacks product-specific explicit Age evidence (evidence_status=no_saved_evidence, identity=unknown, evidence_grade=none). absence of age data != универсальный; Sem adults != adult-only. Downgrade display to unknown. Hint is not used as truth.",no_saved_evidence,unknown,no_conflict,true,send_to_age_contract_review,mnn_age_policy_replay_v1,age_contract_v1
24896,АТОРВАСТАТИН-ФП ТАБЛ. П/ПЛЕН/ОБ. 20МГ №30 | ФАРМПРОЕКТ АО | ФАРМПРОЕКТ АО,Аторвастатин,reuse_existing_enrichment,resolved_enrichment,input_plus_enrichment,FALSE,FALSE,low,взрослые,previous_enrichment,previous_mnn_enrichment,mnn_catalog_resolution_wave500_v3,high,"reused prior enrichment: status=ok, validated Age=взрослые",взрослые,,взрослые,,"[{""value"": ""взрослые"", ""method"": ""previous_enrichment"", ""stage"": ""previous_mnn_enrichment"", ""source"": ""mnn_catalog_resolution_wave500_v3"", ""confidence"": ""high""}, {""value"": ""взрослые"", ""method"": ""sem_baseline"", ""stage"": ""sem1"", ""source"": ""sem_wave500_mnn_v3_report"", ""confidence"": ""medium""}]",correct,,not_m2,,,,not_available,взрослые,previous_enrichment,previous_mnn_enrichment,mnn_catalog_resolution_wave500_v3,high,unknown,downgrade_unsupported_to_unknown,"current=взрослые via previous_enrichment lacks product-specific explicit Age evidence (evidence_status=no_saved_evidence, identity=unknown, evidence_grade=none). absence of age data != универсальный; Sem adults != adult-only. Downgrade display to unknown. Hint is not used as truth.",no_saved_evidence,unknown,no_conflict,true,send_to_age_contract_review,mnn_age_policy_replay_v1,age_contract_v1
24901,АТОРВАСТАТИН-ТЕВА ТАБЛ. П/ПЛЕН/ОБ. 10МГ №30 АЛКАЛОИД | АЛКАЛОИД АД Скопье | АЛКАЛОИД АД Скопье,Аторвастатин,skip_strong_input_mnn,resolved_input_explicit,input_explicit_mnn,FALSE,FALSE,low,взрослые,sem_baseline,sem1,sem_wave500_mnn_v3_report,medium,Sem v3 canonical attr contains Age=взрослые,взрослые,,,,"[{""value"": ""взрослые"", ""method"": ""sem_baseline"", ""stage"": ""sem1"", ""source"": ""sem_wave500_mnn_v3_report"", ""confidence"": ""medium""}]",correct,,not_m2,,,,not_available,взрослые,sem_baseline,sem1,sem_wave500_mnn_v3_report,medium,unknown,downgrade_unsupported_to_unknown,"current=взрослые via sem_baseline lacks product-specific explicit Age evidence (evidence_status=no_saved_evidence, identity=unknown, evidence_grade=none). absence of age data != универсальный; Sem adults != adult-only. Downgrade display to unknown. Hint is not used as truth.",no_saved_evidence,unknown,no_conflict,true,send_to_age_contract_review,mnn_age_policy_replay_v1,age_contract_v1
24945,АТОРВАСТАТИН-СЗ ТАБЛ. П/ПЛЕН/ОБ. 20МГ №30 | СЕВЕРНАЯ ЗВЕЗДА НАО | СЕВЕРНАЯ ЗВЕЗДА НАО,Аторвастатин,skip_strong_input_mnn,resolved_input_explicit,input_explicit_mnn,FALSE,FALSE,low,взрослые,sem_baseline,sem1,sem_wave500_mnn_v3_report,medium,Sem v3 canonical attr contains Age=взрослые,взрослые,,,,"[{""value"": ""взрослые"", ""method"": ""sem_baseline"", ""stage"": ""sem1"", ""source"": ""sem_wave500_mnn_v3_report"", ""confidence"": ""medium""}]",correct,,not_m2,,,,not_available,взрослые,sem_baseline,sem1,sem_wave500_mnn_v3_report,medium,unknown,downgrade_unsupported_to_unknown,"current=взрослые via sem_baseline lacks product-specific explicit Age evidence (evidence_status=no_saved_evidence, identity=unknown, evidence_grade=none). absence of age data != универсальный; Sem adults != adult-only. Downgrade display to unknown. Hint is not used as truth.",no_saved_evidence,unknown,no_conflict,true,send_to_age_contract_review,mnn_age_policy_replay_v1,age_contract_v1
25599,АПИЛАК ТАБЛ. П/ЯЗЫЧН. 10МГ №30 ВИФИТЕХ | ВИФИТЕХ | ВИФИТЕХ,Маточное Молочко,reuse_existing_enrichment,resolved_enrichment,enrichment,FALSE,FALSE,low,универсальный,previous_enrichment,previous_mnn_enrichment,mnn_catalog_resolution_wave500_v3,high,"reused prior enrichment: status=ok, validated Age=универсальный",,,универсальный,,"[{""value"": ""универсальный"", ""method"": ""previous_enrichment"", ""stage"": ""previous_mnn_enrichment"", ""source"": ""mnn_catalog_resolution_wave500_v3"", ""confidence"": ""high""}]",correct,,not_m2,,,,not_available,универсальный,previous_enrichment,previous_mnn_enrichment,mnn_catalog_resolution_wave500_v3,high,unknown,downgrade_unsupported_to_unknown,"current=универсальный via previous_enrichment lacks product-specific explicit Age evidence (evidence_status=no_saved_evidence, identity=unknown, evidence_grade=none). absence of age data != универсальный; Sem adults != adult-only. Downgrade display to unknown. Hint is not used as truth.",no_saved_evidence,unknown,no_conflict,true,send_to_age_contract_review,mnn_age_policy_replay_v1,age_contract_v1
25982,АМЛОДИПИН ТАБЛ. 10МГ №30 РОЗЛЕКС | РОЗЛЕКС ФАРМ ООО | РОЗЛЕКС ФАРМ ООО,Амлодипин,reuse_existing_enrichment,resolved_enrichment,input_plus_enrichment,FALSE,FALSE,low,универсальный,previous_enrichment,previous_mnn_enrichment,mnn_catalog_resolution_wave500_v3,high,"reused prior enrichment: status=ok, validated Age=универсальный; weaker sources differ: sem_baseline=взрослые",взрослые,,универсальный,,"[{""value"": ""универсальный"", ""method"": ""previous_enrichment"", ""stage"": ""previous_mnn_enrichment"", ""source"": ""mnn_catalog_resolution_wave500_v3"", ""confidence"": ""high""}, {""value"": ""взрослые"", ""method"": ""sem_baseline"", ""stage"": ""sem1"", ""source"": ""sem_wave500_mnn_v3_report"", ""confidence"": ""medium""}]",incorrect,возрастной сегмент - взрослый,not_m2,,,взрослые,explicit_label_note,универсальный,previous_enrichment,previous_mnn_enrichment,mnn_catalog_resolution_wave500_v3,high,conflict,conflict_requires_evidence,unresolved comparable-source conflict (baseline_vs_enrichment_conflict); sem=взрослые prev=универсальный identity=empty. No source winner. Display=conflict; current value not accepted.,conflict,unknown,baseline_vs_enrichment_conflict,true,send_to_age_contract_review,mnn_age_policy_replay_v1,age_contract_v1
26001,АМЛОДИПИН-ПРАНА ТАБЛ. 10МГ №60 | ПРАНАФАРМ ООО | ПРАНАФАРМ ООО,Амлодипин,skip_strong_input_mnn,resolved_input_explicit,input_explicit_mnn,FALSE,FALSE,low,взрослые,sem_baseline,sem1,sem_wave500_mnn_v3_report,medium,Sem v3 canonical attr contains Age=взрослые,взрослые,,,,"[{""value"": ""взрослые"", ""method"": ""sem_baseline"", ""stage"": ""sem1"", ""source"": ""sem_wave500_mnn_v3_report"", ""confidence"": ""medium""}]",correct,,not_m2,,,,not_available,взрослые,sem_baseline,sem1,sem_wave500_mnn_v3_report,medium,unknown,downgrade_unsupported_to_unknown,"current=взрослые via sem_baseline lacks product-specific explicit Age evidence (evidence_status=no_saved_evidence, identity=unknown, evidence_grade=none). absence of age data != универсальный; Sem adults != adult-only. Downgrade display to unknown. Hint is not used as truth.",no_saved_evidence,unknown,no_conflict,true,send_to_age_contract_review,mnn_age_policy_replay_v1,age_contract_v1
26038,АМЛОДИПИН-АЛСИ ТАБЛ. 10МГ №90 | АЛСИ ФАРМА АО | АЛСИ ФАРМА АО,Амлодипин,skip_strong_input_mnn,resolved_input_explicit,input_explicit_mnn,FALSE,FALSE,low,взрослые,sem_baseline,sem1,sem_wave500_mnn_v3_report,medium,Sem v3 canonical attr contains Age=взрослые,взрослые,,,,"[{""value"": ""взрослые"", ""method"": ""sem_baseline"", ""stage"": ""sem1"", ""source"": ""sem_wave500_mnn_v3_report"", ""confidence"": ""medium""}]",correct,,not_m2,,,,not_available,взрослые,sem_baseline,sem1,sem_wave500_mnn_v3_report,medium,unknown,downgrade_unsupported_to_unknown,"current=взрослые via sem_baseline lacks product-specific explicit Age evidence (evidence_status=no_saved_evidence, identity=unknown, evidence_grade=none). absence of age data != универсальный; Sem adults != adult-only. Downgrade display to unknown. Hint is not used as truth.",no_saved_evidence,unknown,no_conflict,true,send_to_age_contract_review,mnn_age_policy_replay_v1,age_contract_v1
26115,АМБРОКСОЛ ТАБЛ. 30МГ №20 ВЕРТЕКС | ВЕРТЕКС АО | ВЕРТЕКС АО,Амброксол,skip_strong_input_mnn,resolved_input_explicit,input_explicit_mnn,FALSE,FALSE,low,взрослые,sem_baseline,sem1,sem_wave500_mnn_v3_report,medium,Sem v3 canonical attr contains Age=взрослые,взрослые,,,,"[{""value"": ""взрослые"", ""method"": ""sem_baseline"", ""stage"": ""sem1"", ""source"": ""sem_wave500_mnn_v3_report"", ""confidence"": ""medium""}]",incorrect,"препарат otc, возрастной сегмент - универсальный",not_m2,,,универсальный,explicit_label_note,взрослые,sem_baseline,sem1,sem_wave500_mnn_v3_report,medium,unknown,downgrade_unsupported_to_unknown,"current=взрослые via sem_baseline lacks product-specific explicit Age evidence (evidence_status=no_saved_evidence, identity=unknown, evidence_grade=none). absence of age data != универсальный; Sem adults != adult-only. Downgrade display to unknown. Hint is not used as truth.",no_saved_evidence,unknown,no_conflict,true,send_to_age_contract_review,mnn_age_policy_replay_v1,age_contract_v1
26319,"АЛТАЙ ФИТОЧАЙ КИПРЕЯ ТРАВА Ф/П 1,5Г №20 | АЛТАЙСКИЙ КЕДР ООО | АЛТАЙСКИЙ КЕДР ООО",,new_enrichment,unresolved_catalog,unresolved_final,TRUE,TRUE,high,not_applicable,not_applicable,mnn_identity_enrichment,mnn_identity_enrichment_pass_searxng_raw,high,identity enrichment run 461: Category=BAS/Other; Age not applicable,,,взрослые,взрослые,"[{""value"": ""взрослые"", ""method"": ""identity_enrichment"", ""stage"": ""mnn_identity_enrichment"", ""source"": ""mnn_identity_enrichment_pass_results"", ""confidence"": ""high""}, {""value"": ""взрослые"", ""method"": ""previous_enrichment"", ""stage"": ""previous_mnn_enrichment"", ""source"": ""mnn_catalog_resolution_wave500_v3"", ""confidence"": ""high""}]",,BAS,approved,bas,applied,,not_available,not_applicable,not_applicable,mnn_identity_enrichment,mnn_identity_enrichment_pass_searxng_raw,high,not_applicable,m2_not_applicable_candidate,approved M2 BAS/Other non-drug; Age not needed for drug routing; kind=bas; override_status=applied. Proposal-only; current Age and product_kind unchanged.,not_applicable,not_applicable,not_applicable,false,not_applicable_no_drug_age_review,m2_reviewed_policy_v1,age_contract_v1
