product_id,mnn_enrichment_run_id,normalized_text,final_mnn_candidate,final_mnn_method,mnn_enrichment_status,retry_count,search_queries,fallback_queries,top_evidence_urls,top_evidence_titles,top_evidence_sources,research_summary,resolved_rx_otc,resolved_age,needs_human_review,raw_artifact_path
10,459,"НАТРИЯ ХЛОРИД 0,9% 400мл N12 р-р д/инфузий Биосинтез | Биосинтез ПАО | Биосинтез ПАО | N12",Натрия хлорид,enrichment,ok,0,Натрия хлорид МНН ГРЛС | Натрия хлорид рецептурный безрецептурный ГРЛС | Натрия хлорид инструкция применение возраст дети взрослые,,https://www.lsgeotar.ru/drugs/sodium-chloride-ADHG | https://www.rlsnet.ru/drugs/natriya-xlorid-2123 | https://allmed.pro/ru/drugs/natrija-hlorid | https://megapteka.ru/specials/guide_natriya-hlorid-instrukciya-1168 | https://www.vidal.ru/drugs/sodium_chlorid__31235 | https://www.vidal.ru/drugs/sodium-chlorid-60 | https://health.mail.ru/drug/natriya-hlorid-1/ | https://medum.ru/sodium-chloride-for-children | https://health.mail.ru/drug/natriya-hlorid/ | https://www.asna.ru/product/natriya_khlorid/instruction/ | https://steritech.ru/upload/docs/sodium_chloride_instructions_0.9.pdf | https://www.pharmcontrol.ru/registry/drugs/138639/,"Натрия хлорид - Информация о препарате - ЛС ГЭОТАР | Натрия хлорид — инструкция по применению, дозы, побочные действия, аналоги, описание препарата: раствор для инфузий,раствор для инъекций,спрей назальный,растворитель для приготовления лекарственных… | Натрия хлорид рецепт, инструкция по применению, показания, аналоги, состав | Натрия хлорид инструкция по применению: Для чего назначают, как ... | Натрия хлорид инструкция по применению: показания, противопоказания ... | Натрия хлорид инструкция по применению: показания, противопоказания ... | Натрия хлорид раствор - инструкция по применению, цена, дозировки ... | Натрия хлорид для детей — инструкция по применению, цена, отзывы ... | Натрия хлорид None - инструкция по применению, цена, дозировки, аналоги ... | Натрия Хлорид инструкция по применению, состав, побочные эффекты ... | PDF МИНИСТЕРСТВО ЗДРАВООХРАНЕНИЯ РОССИЙСКОЙ ФЕДЕРАЦИИ ИНСТРУКЦИЯ ПО МЕ | Натрия хлорид - ГРЛС - Фармконтроль",www.lsgeotar.ru | www.rlsnet.ru | allmed.pro | megapteka.ru | www.vidal.ru | www.vidal.ru | health.mail.ru | medum.ru | health.mail.ru | www.asna.ru | steritech.ru | www.pharmcontrol.ru,status=ok | Category=Drug | mnn=Натрия хлорид | RX_OTC=RX | Age=Универсальный | Препарат Натрия хлорид является лекарственным средством (МНН: Натрия хлорид) согласно данным ГРЛС (https://www.pharmcontrol.ru/registry/drugs/138639/). Отпускается по рецепту (https://grls.pharm-portal.ru/grls/209366e9-62f5-4922-9d2d-47c26de20dd2). Применяется у взрослых и…,rx,универсальный,False,redesign/artifacts/mnn_wave500_v3_searxng_raw.jsonl
45,459,АКВИОН КОЖА ВОЛОСЫ НОГТИ таб. N60 ВТФ ООО | ВТФ ООО | ВТФ ООО | N60,,,ok,0,АКВИОН КОЖА ВОЛОСЫ НОГТИ МНН ГРЛС | АКВИОН КОЖА ВОЛОСЫ НОГТИ рецептурный безрецептурный ГРЛС | АКВИОН КОЖА ВОЛОСЫ НОГТИ инструкция применение возраст дети взрослые,,https://www.rlsnet.ru/baa/akvion-koza-volosy-i-nogti-86134 | https://kiberis.ru/?p=35810 | https://www.lsgeotar.ru/lv/akvion-kozha-volosi-nogti-25345.html | https://bz.medvestnik.ru/drugs/409738.html | https://akvion.ru/ru/katalog/akvion/akvion-koja-volosy-i-nogti_caps/ | https://akvion.ru/ru/katalog/akvion/akvion-koja-volosy-i-nogti/ | https://akvion.shop/catalog/ot_akviona/akvion_koja_volosy_nogty_caps | https://zdravcity.ru/p_kozha-volosy-i-nogti-akvion-kapsuly895mg-60sht-0269295.html | https://akvion.shop/catalog/ot_akviona/akvion_koja_volosy_nogty | https://zdravcity.ru/p_kozha-volosy-i-nogti-akvion-kapsuly895mg-60sht-0269295.html | https://akvion.ru/ru/katalog/akvion/akvion-koja-volosy-i-nogti_caps/ | https://akvion.ru/ru/katalog/akvion/akvion-koja-volosy-i-nogti/,"Аквион Кожа, волосы и ногти — инструкция по применению, аналоги, форма ... | Аквион Кожа, волосы и ногти :: инструкция по применению. | АКВИОН Кожа, волосы и ногти - инструкция по применению, дозы, состав ... | Аквион кожа, волосы и ногти: инструкция по применению, классификация ... | Аквион Кожа, волосы, ногти в капсулах | АКВИОН Кожа, волосы, ногти - akvion.ru | АКВИОН Кожа, волосы, ногти — комплекс для красоты и укрепления | Кожа, волосы и ногти Аквион капсулы895мг 60шт | Купить комплекс Аквион Кожа, волосы, ногти по цене производителя | Кожа, волосы и ногти Аквион капсулы895мг 60шт | Аквион Кожа, волосы, ногти в капсулах | АКВИОН Кожа, волосы, ногти - akvion.ru",www.rlsnet.ru | kiberis.ru | www.lsgeotar.ru | bz.medvestnik.ru | akvion.ru | akvion.ru | akvion.shop | zdravcity.ru | akvion.shop | zdravcity.ru | akvion.ru | akvion.ru,"status=ok | Category=BAS | RX_OTC=not applicable | Age=Взрослый | Аквион Кожа, волосы и ногти — биологически активная добавка к пище (БАД), а не лекарственное средство. Согласно инструкции на сайте РЛС (https://www.rlsnet.ru/baa/akvion-koza-volosy-i-nogti-86134), это БАД. На сайте lsgeotar.ru указано: ""Для реализации населению в качестве…",unknown,взрослые,True,redesign/artifacts/mnn_wave500_v3_searxng_raw.jsonl
54,459,ГЕПАРИН 5000ЕД/мл 5мл N5 р-р для в/в и п/к введения Армавирская биологическая фабрика фгуп | Армавирская биологическая фабрика фгуп | Армавирская биологическая фабрика фгуп | N5,Гепарин натрия,enrichment,ok,0,Гепарин МНН ГРЛС | Гепарин рецептурный безрецептурный ГРЛС | Гепарин инструкция применение возраст дети взрослые,,https://www.rlsnet.ru/active-substance/geparin-natriya-423 | https://www.rlsnet.ru/active-substance/geparin-3413 | https://grls.rosminzdrav.ru/ | https://edu-rosminzdrav.ru/oficialnyj-buklet-o-geparine-i-opisanie-preparata-geparin-heparin-dlya-sistemnogo-primeneniya/ | https://health.mail.ru/drug/geparin-3/ | https://zdesapteka.ru/instructions/geparin/ | https://tabletka.ru/selection/geparin/instruction/ | https://medspravochnik.com/drugs/antikoagulyanty/geparin/ | https://plusmama.ru/drugs/rus-g/geparin/ | https://www.rlsnet.ru/drugs/geparin-900 | https://health.mail.ru/drug/geparin/ | https://www.vidal.ru/drugs/heparin__4363,"Гепарин натрия — описание вещества, фармакология, применение ... | Гепарин — описание вещества, фармакология, применение, противопоказания ... | rosminzdrav.ru | Официальный Буклет О Гепарине И Описание Препарата Гепарин (Heparin ... | Гепарин раствор - инструкция по применению, цена, дозировки, аналоги ... | Инструкция по применению Гепарин, показания, состав, аналоги | Гепарин инструкция по применению, от чего помогает, дозировка, как ... | Гепарин — инструкция по применению, показания, дозировки и побочные ... | Лекарственный препарат Гепарин, инструкция по применению | Гепарин — инструкция по применению, дозы, побочные действия, аналоги ... | ГЕПАРИН гель - инструкция по применению, цена, дозировки, аналоги ... | Гепарин инструкция по применению: показания, противопоказания, побочное ...",www.rlsnet.ru | www.rlsnet.ru | grls.rosminzdrav.ru | edu-rosminzdrav.ru | health.mail.ru | zdesapteka.ru | tabletka.ru | medspravochnik.com | plusmama.ru | www.rlsnet.ru | health.mail.ru | www.vidal.ru,"status=ok | Category=Drug | mnn=Гепарин натрия | RX_OTC=RX | Age=Универсальный | Препарат Гепарин является лекарственным средством (МНН: Гепарин натрия). Согласно данным Государственного реестра лекарственных средств (ГРЛС), раствор для внутривенного и подкожного введения 5000 МЕ/мл отпускается по рецепту (источник:…",rx,универсальный,False,redesign/artifacts/mnn_wave500_v3_searxng_raw.jsonl
60,459,ДИКЛОФЕНАК 25мг/мл 3мл N10 р-р для в/м введения Дальхимфарм ОАО | Дальхимфарм ОАО | Дальхимфарм ОАО | N10,Диклофенак,enrichment,ok,0,Диклофенак МНН ГРЛС | Диклофенак рецептурный безрецептурный ГРЛС | Диклофенак инструкция применение возраст дети взрослые,,https://www.rlsnet.ru/drugs/diklofenak-1202 | https://www.vidal.ru/drugs/molecule/310 | https://health.mail.ru/drug/diklofenak_2/ | https://www.vidal.ru/drugs/diclofenac__30226 | https://www.vidal.ru/drugs/diclofenac__1101 | https://clinic-mos.ru/articles/nevrologiya/25667-diklofenak-tabletki-instruktsiya-pravila-priema-pobochnye.html | https://lecheniedetej.ru/preparaty/ot-temperatury/diklofenak.html | https://medi.ru/instrukciya/diklofenak_19443/ | https://medi.ru/instrukciya/diklofenak_19441/ | https://grls.pharm-portal.ru/grls/f43c9ecd-b71d-4f8b-8caa-0932535e568a | https://grls.pharm-portal.ru/grls/1aad622f-9125-4c98-8487-6d0a45c1f2a0 | https://www.pharmcontrol.ru/registry/drugs/10817/,"Диклофенак — инструкция по применению, дозы, побочные действия, аналоги ... | Описание ДИКЛОФЕНАК показания, дозировки, противопоказания активного ... | ДИКЛОФЕНАК таблетки - инструкция по применению, цена, дозировки ... | Диклофенак инструкция по применению: показания, противопоказания ... | Диклофенак инструкция по применению: показания, противопоказания ... | Диклофенак таблетки - инструкция по применению, отзывы, цена, аналоги | Диклофенак детям: инструкция по применению таблеток, мази, свечей ... | Диклофенак таблетки 25- Биосинтез - официальная инструкция по ... | Диклофенак таблетки 25 - Мосхимфармпрепараты - официальная инструкция ... | Диклофенак - ГРЛС: Справочник РУ - Государственный реестр лекарственных ... | Диклофенак - ГРЛС: Справочник РУ - Государственный реестр лекарственных ... | Диклофенак - ГРЛС - Фармконтроль",www.rlsnet.ru | www.vidal.ru | health.mail.ru | www.vidal.ru | www.vidal.ru | clinic-mos.ru | lecheniedetej.ru | medi.ru | medi.ru | grls.pharm-portal.ru | grls.pharm-portal.ru | www.pharmcontrol.ru,"status=ok | Category=Drug | mnn=Диклофенак | RX_OTC=RX | Age=Универсальный | Диклофенак является лекарственным средством (НПВС), производным фенилуксусной кислоты. Согласно ГРЛС, препарат отпускается по рецепту (источник: https://grls.pharm-portal.ru/grls/f43c9ecd-b71d-4f8b-8caa-0932535e568a). Инструкции указывают, что препарат применяется у взрослых и…",rx,универсальный,False,redesign/artifacts/mnn_wave500_v3_searxng_raw.jsonl
72,459,ФАРИНГАЛ таб. 650мг N10 Салута-М | Салута-М ООО | Салута-М ООО | N10,,,ok,0,ФАРИНГАЛ МНН ГРЛС | ФАРИНГАЛ рецептурный безрецептурный ГРЛС | ФАРИНГАЛ инструкция применение возраст дети взрослые,,https://www.webapteka.ru/drugbase/name11423.html | https://grls.rosminzdrav.ru/ | https://rlp2.test.egisz.rosminzdrav.ru/registries/grls | https://grls.rosminzdrav.ru/ | https://www.webapteka.ru/drugbase/name11423.html | https://www.eurolab-portal.ru/medicine/vitamins/9800/ | https://www.rlsnet.ru/baa/faringal-10921 | https://www.rlsnet.ru/drugs/faringal-10921 | https://aptekamos.ru/tovary/izdeliya-med-naznacheniya/zveroboya-travy-ekstrakt-kalenduly-cvetkov-ekstrakt-soloki-korneyo-ekstrakt-tysyachelistnika-travy-ekstrakt-shipovnika-plodov-ekstrakt-8467/faringal-sredstvo-antisepticheskoe-dlya-polosti-rta-tabletki-massoyo-0-65g-29229/instrukciya | https://www.medsovet.info/herb/15570 | https://www.vidal.ru/drugs/pharyngol_edas-126__35654 | https://minzdrav.gov.ru/opendata/7707778246-grls/visual,"Фарингал — инструкция по применению, описание | rosminzdrav.ru | Портал ГРЛС ЕГИСЗ | rosminzdrav.ru | Фарингал — инструкция по применению, описание | Фарингал: инструкция по применению, описание, отзывы, применение | Фарингал — инструкция по применению, аналоги, форма выпуска | Фарингал — инструкция по применению, дозы, побочные действия, аналоги ... | Инструкция по применению Фарингал средство антисептическое для полости ... | Лекарство Фарингал - инструкция по применению, отзывы | Фарингол Эдас-126 инструкция по применению: показания, противопоказания ... | Государственный реестр лекарственных средств",www.webapteka.ru | grls.rosminzdrav.ru | rlp2.test.egisz.rosminzdrav.ru | grls.rosminzdrav.ru | www.webapteka.ru | www.eurolab-portal.ru | www.rlsnet.ru | www.rlsnet.ru | aptekamos.ru | www.medsovet.info | www.vidal.ru | minzdrav.gov.ru,"status=ok | Category=Other | RX_OTC=not applicable | Age=Универсальный | По данным поиска, Фарингал представлен как средство антисептическое для полости рта в виде таблеток для рассасывания массой 0,65 г (источник: aptekamos.ru). Инструкция по применению указывает, что таблетку держат во рту до полного рассасывания, принимают 4-6 таблеток в сутки…",unknown,универсальный,True,redesign/artifacts/mnn_wave500_v3_searxng_raw.jsonl
75,459,САМБУКУС БУЗИНА ИММУНИТЕТ таб. массой 700мг N30 Грин сайд ООО | Грин Сайд ООО | Грин Сайд ООО | N30,,,ok,0,САМБУКУС БУЗИНА ИММУНИТЕТ МНН ГРЛС | САМБУКУС БУЗИНА ИММУНИТЕТ рецептурный безрецептурный ГРЛС | САМБУКУС БУЗИНА ИММУНИТЕТ инструкция применение возраст дети взрослые,,https://apteka.ru/product/green-side-sambukus-buzina-immunitet-sirop-150ml-61c46cf973341e2e5c7a457e/instructions/ | https://aptekamos.ru/tovary/bad/sambukus-buzina-immunitet-16707/sambukus-buzina-immunitet-sirop-greenside-150ml-108621/instrukciya | https://apteka.ru/product/green-side-sambukus-buzina-immunitet-sirop-150ml-61c46cf973341e2e5c7a457e/instructions/ | https://medum.ru/sambukus-buzina-immunitet-sirop | https://www.lsgeotar.ru/ru/sambukus-buzina-immunitet-sirop-39768.html | https://medum.ru/sambukus-buzina-immunitet-sirop | https://medum.ru/sambucus-elderberry-immunity-syrup | https://apteka.ru/product/green-side-sambukus-buzina-immunitet-sirop-150ml-61c46cf973341e2e5c7a457e/instructions/ | https://aptekamos.ru/tovary/bad/sambukus-buzina-immunitet-16707/sambukus-buzina-immunitet-sirop-greenside-150ml-108621/instrukciya | https://www.lsgeotar.ru/ru/sambukus-buzina-immunitet-sirop-39768.html | https://zdravcity.ru/p_sambukus-buzina-immunitet-bez-sahara-green-side-grin-sajd-tabletki-700mg-30sht-0185008.html | https://fedsp.com/catalog/health/zdorove-i-profilaktika/green-side-sambukus-buzina-immunitet-30-700-mg-105569477,"Green Side Самбукус Бузина Иммунитет Сироп 150мл Инструкция По ... | Инструкция по применению Самбукус Бузина Иммунитет сироп ""GreenSide ... | Green Side Самбукус Бузина Иммунитет Сироп 150мл Инструкция По ... | Самбукус Бузина Иммунитет сироп — инструкция по применению | справочник ... | Самбукус Бузина Иммунитет сироп - инструкция по применению, дозы ... | Самбукус Бузина Иммунитет сироп — инструкция по применению | справочник ... | Sambucus Бузина Иммунитет Витамин С Цинк — инструкция по применению ... | Green Side Самбукус Бузина Иммунитет Сироп 150мл Инструкция По ... | Инструкция по применению Самбукус Бузина Иммунитет сироп ""GreenSide ... | Самбукус Бузина Иммунитет сироп - инструкция по применению, дозы ... | Самбукус Бузина иммунитет без сахара Green side/Грин Сайд таблетки ... | Самбукус Бузина Иммунитет, №30, 700 мг. Green Side",apteka.ru | aptekamos.ru | apteka.ru | medum.ru | www.lsgeotar.ru | medum.ru | medum.ru | apteka.ru | aptekamos.ru | www.lsgeotar.ru | zdravcity.ru | fedsp.com,"status=ok | Category=BAS | RX_OTC=not applicable | Age=Универсальный | Согласно найденным источникам, Самбукус Бузина Иммунитет является биологически активной добавкой к пище (БАД), а не лекарственным средством. В составе указаны экстракт плодов бузины черной, мед сухой, экстракт травы эхинацеи пурпурной, L-аскорбиновая кислота (витамин С) и…",unknown,универсальный,True,redesign/artifacts/mnn_wave500_v3_searxng_raw.jsonl
86,459,ТАДАЛАФИЛ-АЛИУМ 20мг N8 таб. покрытые пленочной оболочкой Алиум АО | Алиум АО | Алиум АО | N8,Тадалафил,enrichment,ok,0,ТАДАЛАФИЛ-АЛИУМ МНН ГРЛС | ТАДАЛАФИЛ-АЛИУМ рецептурный безрецептурный ГРЛС | ТАДАЛАФИЛ-АЛИУМ инструкция применение возраст дети взрослые,,https://www.vidal.ru/drugs/tadalafil-alium | https://www.lsgeotar.ru/drugs/tadalafil-alium-AFED | https://megapteka.ru/specials/guide_tadalafil-instrukciya-po-1371 | https://health.mail.ru/drug/tadalafilalium/ | https://health.mail.ru/drug/tadalafilalium/ | https://www.vidal.ru/drugs/tadalafil-alium | https://megapteka.ru/specials/guide_tadalafil-instrukciya-po-1371 | https://health.mail.ru/drug/tadalafilalium/ | https://www.vidal.ru/drugs/tadalafil-alium | https://medum.ru/tadalafil-alium | https://www.vidal.ru/drugs/tadalafil-17 | https://www.rlsnet.ru/drugs/tadalafil-76150,"Тадалафил-Алиум инструкция по применению: показания, противопоказания ... | ТАДАЛАФИЛ-АЛИУМ - Информация о препарате - ЛС ГЭОТАР | Тадалафил инструкция по применению, цена: Побочные действия, дозировка ... | Тадалафил-Алиум таблетки - инструкция по применению, цена, дозировки ... | Тадалафил-Алиум таблетки - инструкция по применению, цена, дозировки ... | Тадалафил-Алиум инструкция по применению: показания, противопоказания ... | Тадалафил инструкция по применению, цена: Побочные действия, дозировка ... | Тадалафил-Алиум таблетки - инструкция по применению, цена, дозировки ... | Тадалафил-Алиум инструкция по применению: показания, противопоказания ... | ТАДАЛАФИЛ-АЛИУМ — инструкция по применению | справочник лекарственных ... | Тадалафил инструкция по применению: показания, противопоказания ... | Тадалафил — инструкция по применению, дозы, побочные действия, аналоги ...",www.vidal.ru | www.lsgeotar.ru | megapteka.ru | health.mail.ru | health.mail.ru | www.vidal.ru | megapteka.ru | health.mail.ru | www.vidal.ru | medum.ru | www.vidal.ru | www.rlsnet.ru,"status=ok | Category=Drug | mnn=тадалафил | RX_OTC=RX | Age=Взрослый | Тадалафил-Алиум является лекарственным средством, действующим веществом которого является тадалафил (МНН). Препарат относится к рецептурным (отпускается по рецепту) и применяется для лечения нарушений эрекции у взрослых. Информация о применении у детей отсутствует в…",rx,взрослые,False,redesign/artifacts/mnn_wave500_v3_searxng_raw.jsonl
249,459,ОСТЕОМЕД таб. N60 Парафарм | Парафарм ООО | Парафарм ООО | N60,,,ok,0,ОСТЕОМЕД МНН ГРЛС | ОСТЕОМЕД рецептурный безрецептурный ГРЛС | ОСТЕОМЕД инструкция применение возраст дети взрослые,,https://grls.rosminzdrav.ru/ | https://www.vidal.ru/drugs/osteomed | https://edu-rosminzdrav.ru/gosudarstvennyj-reestr-lekarstvennyx-sredstv-rossijskoj-federacii-2/ | https://www.vidal.ru/drugs/osteomed | https://www.eapteka.ru/goods/vitaminy_i_bad/biologicheski_aktivnye_dobavki/bad_vitaminsoderzhashchie_mineraly/vitaminno_mineralnye_kompleksy/osteomed/ | https://grls.rosminzdrav.ru/ | https://www.lsgeotar.ru/supplements/osteomed-AEmL | https://www.vidal.ru/drugs/osteomed | https://medum.ru/osteomed | https://www.vidal.ru/drugs/osteomed-forte | https://medum.ru/osteomed-tabletki | https://www.webapteka.ru/drugbase/name67219.html,"rosminzdrav.ru | Остеомед инструкция по применению: показания, противопоказания ... | ГОСУДАРСТВЕННЫЙ РЕЕСТР ЛЕКАРСТВЕННЫХ СРЕДСТВ РОССИЙСКОЙ ФЕДЕРАЦИИ | Остеомед инструкция по применению: показания, противопоказания ... | Остеомед - купить, цена и отзывы, Остеомед инструкция по применению ... | rosminzdrav.ru | ОСТЕОМЕД - Общая информация - ЛС ГЭОТАР | Остеомед инструкция по применению: показания, противопоказания ... | ОСТЕОМЕД — инструкция по применению | справочник лекарственных средств ... | Остеомед Форте инструкция по применению: показания, противопоказания ... | ОСТЕОМЕД таблетки — инструкция по применению | лекарственный справочник ... | ОСТЕОМЕД — инструкция по применению, описание, вопросы по препарату",grls.rosminzdrav.ru | www.vidal.ru | edu-rosminzdrav.ru | www.vidal.ru | www.eapteka.ru | grls.rosminzdrav.ru | www.lsgeotar.ru | www.vidal.ru | medum.ru | www.vidal.ru | medum.ru | www.webapteka.ru,"status=ok | Category=BAS | RX_OTC=not applicable | Age=Взрослый | Остеомед позиционируется как биологически активная добавка к пище (БАД), а не лекарственное средство. Согласно информации с сайта Vidal, он является дополнительным источником кальция и витамина В6, содержит деценовые кислоты. На сайте eapteka.ru указано, что препарат…",unknown,взрослые,True,redesign/artifacts/mnn_wave500_v3_searxng_raw.jsonl
354,459,"ЭХИНАЦЕИ ПУРПУРНОЙ ТРАВА 1,5Г Ф/П №20 ИВАН ЧАЙ | ИВАН-ЧАЙ ЗАО | ИВАН-ЧАЙ ЗАО",Эхинацеи пурпурной трава,enrichment,ok,0,Эхинацеи пурпурной трава МНН ГРЛС | Эхинацеи пурпурной трава рецептурный безрецептурный ГРЛС | Эхинацеи пурпурной трава инструкция применение возраст дети взрослые,,https://www.rlsnet.ru/active-substance/exinacei-purpurnoi-trava-1801 | https://www.vidal.ru/drugs/echinaceae_purpurae_herba__30449 | https://www.vidal.ru/drugs/echinaceae_purpurae_herba__30448 | https://medum.ru/ekhinacei-purpurnoj-trava | https://health.mail.ru/drug/ehinatsei-purpurnoy-trava/ | https://www.rlsnet.ru/drugs/exinacei-purpurnoi-trava-5427 | https://medi.ru/instrukciya/ehinatsei-purpurnoy-trava_25199/ | https://www.rlsnet.ru/baa/exinacei-purpurnoi-trava-5427 | https://health.mail.ru/drug/ehinatsei-purpurnoy-trava/ | https://medi.ru/instrukciya/ehinatsei-purpurnoy-trava_25199/ | https://medum.ru/ekhinacei-purpurnoj-trava | https://medum.ru/ehkhinacei-purpurnoj-trava,"Эхинацеи пурпурной трава — описание вещества, фармакология, применение ... | Эхинацеи пурпурной трава инструкция по применению: показания ... | Эхинацеи пурпурной трава инструкция по применению: показания ... | Эхинацеи пурпурной трава — инструкция по применению | справочник ... | Эхинацеи пурпурной трава None - инструкция по применению, цена ... | Эхинацеи пурпурной трава — инструкция по применению, дозы, побочные ... | Эхинацеи пурпурной трава измельченная - Лек С+ - официальная инструкция ... | Эхинацеи пурпурной трава — инструкция по применению, аналоги, форма выпуска | Эхинацеи пурпурной трава None - инструкция по применению, цена ... | Эхинацеи пурпурной трава измельченная - Лек С+ - официальная инструкция ... | Эхинацеи пурпурной трава — инструкция по применению | справочник ... | Эхинацеи пурпурной трава — инструкция по применению | Medum.ru",www.rlsnet.ru | www.vidal.ru | www.vidal.ru | medum.ru | health.mail.ru | www.rlsnet.ru | medi.ru | www.rlsnet.ru | health.mail.ru | medi.ru | medum.ru | medum.ru,"status=ok | Category=Drug | mnn=Эхинацеи пурпурной трава | RX_OTC=OTC | Age=Взрослый | Эхинацеи пурпурной трава является лекарственным средством растительного происхождения (иммуностимулирующее средство). Согласно инструкции, препарат противопоказан детям до 12 лет, что подтверждается на health.mail.ru и vidal.ru. Способ применения: взрослые и дети с 12 лет…",otc,взрослые,False,redesign/artifacts/mnn_wave500_v3_searxng_raw.jsonl
1217,459,"ЭВКАЛИПТА ПРУТОВИДНОГО ЛИСТЬЯ Ф/П 1,5Г №20 ЗДОРОВЬЕ | ЗДОРОВЬЕ ФИРМА ООО | ЗДОРОВЬЕ ФИРМА ООО",Эвкалипта прутовидного листья,enrichment,ok,0,Эвкалипта прутовидного листья МНН ГРЛС | Эвкалипта прутовидного листья рецептурный безрецептурный ГРЛС | Эвкалипта прутовидного листья инструкция применение возраст дети взрослые,,https://medum.ru/ehvkalipta-prutovidnogo-listya | https://www.webapteka.ru/drugbase/name7731.html | https://zdesapteka.ru/instructions/evkalipta-prutovidnogo-listya/ | https://allmed.pro/ru/drugs/evkalipta-prutovidnogo-listja | https://medum.ru/listya-evkalipta-prutovidnogo | https://medi.ru/instrukciya/evkalipta-prutovidnogo-listya_24867/ | https://medum.ru/ehvkalipta-prutovidnogo-listya | https://bookmed.narket.ru/substance/evkalipta-prutovidnogo-list-ya-2414 | https://medi.ru/instrukciya/evkalipta-prutovidnogo-listya_24858/ | https://medvestnik.ru/ls/a0e3f0c5-ba80-4c70-b4b7-e636db184f99.html | https://medum.ru/ehvkalipta-prutovidnogo-listya | https://medum.ru/listya-evkalipta-prutovidnogo,"Эвкалипта прутовидного листья — инструкция по применению | справочник ... | Эвкалипта прутовидного листья — инструкция по применению, описание | Инструкция по применению Эвкалипта прутовидного листья | Эвкалипта прутовидного листья рецепт, инструкция по применению ... | Эвкалипта прутовидного листья — инструкция по применению | Medum.ru | Эвкалипта прутовидного листья измельченные - Ст.-Медифарм - официальная ... | Эвкалипта прутовидного листья — инструкция по применению | справочник ... | Эвкалипта прутовидного листья - инструкция по применению, дозы ... | Эвкалипта прутовидного листья порошок - Лек С+ - официальная инструкция ... | Эвкалипта прутовидного листья: инструкция по применению, классификация ... | Эвкалипта прутовидного листья — инструкция по применению | справочник ... | Эвкалипта прутовидного листья — инструкция по применению | Medum.ru",medum.ru | www.webapteka.ru | zdesapteka.ru | allmed.pro | medum.ru | medi.ru | medum.ru | bookmed.narket.ru | medi.ru | medvestnik.ru | medum.ru | medum.ru,"status=ok | Category=Drug | mnn=Эвкалипта прутовидного листья | RX_OTC=OTC | Age=Универсальный | Эвкалипта прутовидного листья — лекарственное средство растительного происхождения. Согласно инструкции, настой листьев оказывает противомикробное и противовоспалительное действие, повышает секрецию пищеварительных желез (источник:…",otc,универсальный,False,redesign/artifacts/mnn_wave500_v3_searxng_raw.jsonl
1638,459,ЧЕРЕДЫ ТРАВА 50Г ЗДОРОВЬЕ | ЗДОРОВЬЕ ФИРМА ООО | ЗДОРОВЬЕ ФИРМА ООО,Череды трехраздельной трава,enrichment,ok,0,ЧЕРЕДЫ ТРАВА МНН ГРЛС | ЧЕРЕДЫ ТРАВА рецептурный безрецептурный ГРЛС | ЧЕРЕДЫ ТРАВА инструкция применение возраст дети взрослые,,https://www.lsgeotar.ru/drugs/beggarticks-herb-BBNJ | https://www.lsgeotar.ru/drugs/beggarticks-herb-BBN1 | https://medum.ru/trava-cheredy-instrukciya | https://www.rlsnet.ru/drugs/ceredy-trava-10072 | https://medum.ru/trava-cheredy | https://health.mail.ru/drug/cheredy-trava/ | https://www.rlsnet.ru/drugs/ceredy-trava-10072 | https://medi.ru/instrukciya/cheredy-trava_2689/ | https://medum.ru/trava-cheredy-instrukciya | https://health.mail.ru/drug/cheredy-trava-1/ | https://medum.ru/trava-cheredy | https://www.vidal.ru/drugs/bidentis_herba__25006,"Череды трава - Информация о препарате - ЛС ГЭОТАР | Череды трава - Информация о препарате - ЛС ГЭОТАР | Череды трава — инструкция по применению | справочник лекарственных ... | Череды трава — инструкция по применению, дозы, побочные действия ... | Череды трава — инструкция по применению | Medum.ru | Череды трава порошок - инструкция по применению, цена, дозировки ... | Череды трава — инструкция по применению, дозы, побочные действия ... | Череды трава - инструкция по применению | Череды трава — инструкция по применению | справочник лекарственных ... | Череды трава None - инструкция по применению, цена, дозировки, аналоги ... | Череды трава — инструкция по применению | Medum.ru | Череды трава инструкция по применению: показания, противопоказания ...",www.lsgeotar.ru | www.lsgeotar.ru | medum.ru | www.rlsnet.ru | medum.ru | health.mail.ru | www.rlsnet.ru | medi.ru | medum.ru | health.mail.ru | medum.ru | www.vidal.ru,"status=ok | Category=Drug | mnn=Череды трехраздельной трава | RX_OTC=OTC | Age=Универсальный | Череды трава является лекарственным средством (препаратом) согласно данным Государственного реестра лекарственных средств (ГРЛС). МНН препарата — Череды трехраздельной трава (источник: pharmcontrol.ru, vaskov.pro). Препарат отпускается без рецепта (OTC), так как в инструкциях,…",otc,универсальный,False,redesign/artifacts/mnn_wave500_v3_searxng_raw.jsonl
1668,459,"ЧАБРЕЦА ТРАВА Ф/П 1,5Г №20 ЗДОРОВЬЕ | Здоровье фирма ЗАО | Здоровье фирма ЗАО",Тимьяна ползучего трава,enrichment,ok,2,Чабреца трава МНН ГРЛС | Чабреца трава рецептурный безрецептурный ГРЛС | Чабреца трава инструкция применение возраст дети взрослые,,https://www.rlsnet.ru/drugs/cabreca-trava-5223 | https://www.rlsnet.ru/drugs/cabreca-trava-5223 | https://www.rlsnet.ru/drugs/cabreca-trava-5223 | https://medi.ru/instrukciya/chabretsa-trava_24750/ | https://medi.ru/instrukciya/chabretsa-trava_24742/ | https://medum.ru/chabrec-trava | https://medum.ru/chabreca-trava | https://health.mail.ru/drug/chabretsa-trava-1/ | https://www.vidal.ru/drugs/serpylli_herba__16609 | https://grls.pharm-portal.ru/grls/11b031bb-6f21-45f2-b465-122d3b120f53 | https://zdravmedinform.ru/farmakopeia/fs.2.5.0047.15.html | https://www.pharmcontrol.ru/registry/drugs/16742/,"Чабреца трава — инструкция по применению, дозы, побочные действия, аналоги, описание препарата: сырье растительное измельченное,трава измельченная,трава порошок,трава резано-прессованная,сырье… | Чабреца трава — инструкция по применению, дозы, побочные действия ... | Чабреца трава — инструкция по применению, дозы, побочные действия ... | Чабреца трава измельченная - Ст.-Медифарм - официальная инструкция по ... | Чабреца трава измельченная - Красногорсклексредства - официальная ... | Чабрец трава — инструкция по применению, цена, отзывы | справочник ... | Чабреца трава — инструкция по применению | справочник лекарственных ... | Чабреца трава None - инструкция по применению, цена, дозировки, аналоги ... | Чабреца трава инструкция по применению: показания, противопоказания ... | Чабреца трава - ГРЛС ... - PharmPortal | Фармакопея | ФС.2.5.0047.15 | Чабреца трава | ГФ РФ 14 издания 2019 онлайн | ЗдравМедИнформ | Чабреца трава - ГРЛС - Фармконтроль",www.rlsnet.ru | www.rlsnet.ru | www.rlsnet.ru | medi.ru | medi.ru | medum.ru | medum.ru | health.mail.ru | www.vidal.ru | grls.pharm-portal.ru | zdravmedinform.ru | www.pharmcontrol.ru,"status=ok | Category=Drug | mnn=Тимьяна ползучего трава | RX_OTC=OTC | Age=Универсальный | Чабреца трава является лекарственным средством (препаратом) на основе растительного сырья. Согласно ГРЛС, МНН — Тимьяна ползучего трава (источник: https://www.pharmcontrol.ru/registry/drugs/16742/). Препарат отпускается без рецепта (OTC), так как в инструкциях не указано, что…",otc,универсальный,False,redesign/artifacts/mnn_wave500_v3_searxng_raw.jsonl
2348,459,ХИЛАК ФОРТЕ КАПЛИ Д/ПРИЕМА ВНУТРЬ ВИШНЯ ФЛ. 100МЛ | МЕРКЛЕ ГМБХ | МЕРКЛЕ ГМБХ,,,ok_partial,2,Хилак форте МНН ГРЛС | Хилак форте рецептурный безрецептурный ГРЛС | Хилак форте инструкция применение возраст дети взрослые,,https://pharmproduct.ru/drugs/xilak-forte | https://www.vidal.ru/drugs/hylak-forte-2 | https://medi.ru/instrukciya/khilak-forte_77/ | https://pharmproduct.ru/drugs/xilak-forte/instruction | https://www.rlsnet.ru/drugs/xilak-forte-3312 | https://drugs.medelement.com/drug/%D1%85%D0%B8%D0%BB%D0%B0%D0%BA-%D1%84%D0%BE%D1%80%D1%82%D0%B5-%D0%B8%D0%BD%D1%81%D1%82%D1%80%D1%83%D0%BA%D1%86%D0%B8%D1%8F/905641741621073522?instruction_lang=RU | https://aptekamos.ru/tovary/lekarstva/metabolity-bakteriyo-escherichia-coli-enterococcus-faecalis-lactobacillus-acidophilus-lactobacillus-helveticus-3799/xilak-forte-kapli-100ml-14527/instrukciya | https://www.vidal.ru/drugs/hylak-forte-2 | https://gorzdrav.org/catalog/khilak-forte/ | https://www.rlsnet.ru/drugs/xilak-forte-3312 | https://hylakforte.teva.ru/system/products/files/000/000/003/original/hylak_forte_instruction.pdf?1513963624 | https://allmed.pro/ru/drugs/hilak-forte,"Хилак форте — инструкция по применению, аналоги | PharmProduct | Хилак форте инструкция по применению: показания, противопоказания ... | Хилак форте - инструкция по применению | Инструкция по применению Хилак форте: дозировка, показания ... | Хилак форте — инструкция по применению, дозы, побочные действия ... | Хилак форте: инструкция по применению, показания. | Инструкция Хилак форте капли 100мл: показания и противопоказания ... | Хилак форте инструкция по применению: показания, противопоказания, побочное действие – описание Hylak forte капли для приема внутрь: саше 1.1 мл или 2.2 мл 15, 30 или 60 шт.; фл. 30 мл или 100 мл… | Хилак форте инструкция по применению, цена на Хилак форте - купить в Москве и МО от 611 руб, недорого, отзывы. Доставка в ближайшую аптеку Горздрав | Хилак форте — инструкция по применению, дозы, побочные действия, аналоги, описание препарата: капли для приема внутрь | PDF ИНСТРУКЦИЯ - hylakforte.teva.ru | Хилак Форте рецепт, инструкция по применению, показания, аналоги, состав",pharmproduct.ru | www.vidal.ru | medi.ru | pharmproduct.ru | www.rlsnet.ru | drugs.medelement.com | aptekamos.ru | www.vidal.ru | gorzdrav.org | www.rlsnet.ru | hylakforte.teva.ru | allmed.pro,"status=ok_partial | Category=Drug | RX_OTC=OTC | Age=Универсальный | Хилак форте — лекарственный препарат, применяемый для восстановления микрофлоры кишечника. Согласно инструкции, он принимается внутрь до или во время еды, разбавляясь жидкостью (исключая молоко). Дозировка зависит от возраста: взрослым — 40-60 капель, детям — 20-40 капель,…",otc,универсальный,True,redesign/artifacts/mnn_wave500_v3_searxng_raw.jsonl
2621,459,ФУРАЦИЛИН ТАБЛ. Д/Р-РА Д/МЕСТН. И НАРУЖ. ПРИМ. 20МГ №20 ТАТХИМФАРМПРЕПАРАТЫ | ТАТХИМФАРМПРЕПАРАТЫ АО | ТАТХИМФАРМПРЕПАРАТЫ АО,Нитрофурал,enrichment,ok,0,Фурацилин МНН ГРЛС | Фурацилин рецептурный безрецептурный ГРЛС | Фурацилин инструкция применение возраст дети взрослые,,https://aptekamos.ru/tovary/lekarstva/nitrofural-645/furacilin-tabletki-100mg-14748/instrukciya | https://www.vidal.ru/drugs/furacilin__18756 | https://pharmproduct.ru/drugs/furacilin | https://www.rlsnet.ru/drugs/furacilin-5155 | https://allmed.pro/ru/drugs/furacilin | https://www.rlsnet.ru/drugs/furacilin-5155 | https://grls.rosminzdrav.ru/ | https://www.rlsnet.ru/drugs/furacilin-5155 | https://tabletka.ru/selection/furatsilin/instruction/ | https://www.vidal.ru/drugs/furacilin__18756 | https://aptekamos.ru/tovary/lekarstva/nitrofural-645/furacilin-tabletki-100mg-14748/instrukciya | https://health.mail.ru/drug/furatsilin-4/,"Инструкция Фурацилин таблетки 100мг: показания и противопоказания ... | Фурацилин инструкция по применению: показания, противопоказания ... | Фурацилин — инструкция по применению, аналоги | PharmProduct | Фурацилин — инструкция по применению, дозы, побочные действия, аналоги ... | Фурацилин рецепт, инструкция по применению, показания, аналоги, состав | Фурацилин — инструкция по применению, дозы, побочные действия, аналоги ... | rosminzdrav.ru | Фурацилин — инструкция по применению, дозы, побочные действия, аналоги, описание препарата: мазь для местного и наружного применения,раствор для местного и наружного применения,таблетки для… | Фурацилин инструкция по применению, от чего помогает, дозировка, как принимать, состав - Аптека Таблетка.ру (Ваша №1) | Москва и Московская область | Фурацилин инструкция по применению: показания, противопоказания, побочное действие – описание Furacilin таблетки для приготовления раствора для местного применения 20 мг: 10 шт. (18756) - справочник… | Инструкция Фурацилин таблетки 100мг: показания и противопоказания ... | Фурацилин таблетки - инструкция по применению, цена, дозировки, аналоги ...",aptekamos.ru | www.vidal.ru | pharmproduct.ru | www.rlsnet.ru | allmed.pro | www.rlsnet.ru | grls.rosminzdrav.ru | www.rlsnet.ru | tabletka.ru | www.vidal.ru | aptekamos.ru | health.mail.ru,"status=ok | Category=Drug | mnn=Нитрофурал | RX_OTC=RX | Age=Универсальный | Фурацилин (действующее вещество - нитрофурал) является лекарственным средством (категория Drug). Согласно инструкциям, он применяется для лечения гнойно-воспалительных процессов, ран, ожогов, ангины, стоматита и других инфекций (источники: aptekamos.ru, rlsnet.ru). Препарат…",rx,универсальный,False,redesign/artifacts/mnn_wave500_v3_searxng_raw.jsonl
3763,459,ФАРМГРУПП НАСТОЙКА 5 ТРАВ УСПОКОИТЕЛЬНАЯ ФЛ. 250МЛ | ФАРМГРУПП ООО | ФАРМГРУПП ООО,,,ok,0,ФАРМГРУПП НАСТОЙКА 5 ТРАВ УСПОКОИТЕЛЬНАЯ МНН ГРЛС | ФАРМГРУПП НАСТОЙКА 5 ТРАВ УСПОКОИТЕЛЬНАЯ рецептурный безрецептурный ГРЛС | ФАРМГРУПП НАСТОЙКА 5 ТРАВ УСПОКОИТЕЛЬНАЯ инструкция применение возраст дети взрослые,,https://yandex.ru/medicine/medicaments/5-trav-uspokoitel-naja-nastojka | https://www.rlsnet.ru/baa/nastoika-5-trav-uspokoitelnaya-87383 | https://medum.ru/nastojka-5-trav-uspokoitelnaya | https://www.rlsnet.ru/baa/nastoika-5-trav-uspokoitelnaya-87383 | https://yandex.ru/medicine/medicaments/5-trav-uspokoitel-naja-nastojka | https://apteka.103.by/nastoyka-5-trav-uspokoitelnaya-instruktsiya/ | https://medum.ru/nastojka-5-trav-uspokoitelnaya-1 | https://farmgrup.ru/catalog/fito-produktsiya/nastojka-5-trav-uspokoitelnaya.html | https://farmgrup.ru/catalog/fito-produktsiya/nastojka-5-trav-uspokoitelnaya.html | https://planetazdorovo.ru/catalog/lekarstva-i-bad/nevrologiya-psikhiatriya/uspokoitelnye-sedativnye/5-trav-nastojka-uspokoitelnaya-40967903/ | https://farmgrup.ru/catalog/fito-produktsiya/nastojka-5-trav-uspokoitelnaya.html | https://apteka-april.ru/product/274383-farmgrupp_nastojka_5_trav_uspokoitelnaya_250ml,"5 трав Успокоительная настойка — инструкция по применению ... | Настойка 5 трав «Успокоительная» — инструкция по применению, аналоги ... | Настойка «5 трав» Успокоительная — инструкция по применению ... | Настойка 5 трав «Успокоительная» — инструкция по применению, аналоги ... | 5 трав Успокоительная настойка — инструкция по применению ... | Настойка 5 трав успокоительная: инструкция по применению | Настойка «5 трав» Успокоительная бутылки — инструкция по применению ... | Настойка 5 трав «Успокоительная» 250 мл - Фитопродукция - ФармГрупп | Настойка 5 трав «Успокоительная» 250 мл - Фитопродукция - ФармГрупп | Купить Настойка 5 трав Успокоительная 250 мл (растительный состав ... | Настойка 5 трав «Успокоительная» 250 мл - Фитопродукция - ФармГрупп | Настойка 5 трав Успокоительная 250мл цена от 349 руб. купить в аптеках ...",yandex.ru | www.rlsnet.ru | medum.ru | www.rlsnet.ru | yandex.ru | apteka.103.by | medum.ru | farmgrup.ru | farmgrup.ru | planetazdorovo.ru | farmgrup.ru | apteka-april.ru,"status=ok | Category=BAS | RX_OTC=not applicable | Age=Взрослый | Согласно найденным источникам, настойка «5 трав Успокоительная» от компании ФармГрупп рекомендуется в качестве биологически активной добавки к пище (БАД), источника дубильных веществ (танинов) и гидроксикоричных кислот (источники: market.yandex.ru, spb.asna.ru). Применяется как…",unknown,взрослые,True,redesign/artifacts/mnn_wave500_v3_searxng_raw.jsonl
4570,459,ТОРАСЕМИД ТАБЛ. 5МГ №60 ПРАНАФАРМ | ПРАНАФАРМ ООО | ПРАНАФАРМ ООО,Торасемид,enrichment,ok,0,ТОРАСЕМИД МНН ГРЛС | ТОРАСЕМИД рецептурный безрецептурный ГРЛС | ТОРАСЕМИД инструкция применение возраст дети взрослые,,https://www.rlsnet.ru/drugs/torasemid-46472 | https://www.vidal.ru/drugs/torasemide-3 | https://aptekamos.ru/tovary/lekarstva/torasemid-9669/torasemid-teva-tabletki-5mg-109129/instrukciya | https://megapteka.ru/specials/guide_torasemid-instrukciya-po-5897 | https://allmed.pro/ru/drugs/torasemid | https://www.rlsnet.ru/drugs/torasemid-46472 | https://www.asna.ru/product/torasemid/instruction/ | https://www.vidal.ru/drugs/torasemide-3 | https://megapteka.ru/specials/guide_torasemid-instrukciya-po-5897 | https://www.vidal.ru/drugs/torasemide-3 | https://www.rlsnet.ru/drugs/torasemid-46472 | https://www.asna.ru/product/torasemid/instruction/,"Торасемид — инструкция по применению, дозы, побочные действия, аналоги ... | Торасемид инструкция по применению: показания, противопоказания ... | Инструкция Торасемид-Тева таблетки 5мг: показания и противопоказания ... | Торасемид инструкция по применению: От чего помогает, состав, дозировка ... | Торасемид рецепт, инструкция по применению, показания, аналоги, состав | Торасемид — инструкция по применению, дозы, побочные действия, аналоги ... | Торасемид инструкция по применению, состав, побочные эффекты, показания ... | Торасемид инструкция по применению: показания, противопоказания ... | Торасемид инструкция по применению: От чего помогает, состав, дозировка ... | Торасемид инструкция по применению: показания, противопоказания ... | Торасемид — инструкция по применению, дозы, побочные действия, аналоги ... | Торасемид инструкция по применению, состав, побочные эффекты, показания ...",www.rlsnet.ru | www.vidal.ru | aptekamos.ru | megapteka.ru | allmed.pro | www.rlsnet.ru | www.asna.ru | www.vidal.ru | megapteka.ru | www.vidal.ru | www.rlsnet.ru | www.asna.ru,"status=ok | Category=Drug | mnn=Торасемид | RX_OTC=RX | Age=Взрослый | Торасемид — это лекарственное средство, относящееся к группе петлевых диуретиков. Согласно инструкции, он показан при артериальной гипертензии и отечном синдроме различного генеза, включая хроническую сердечную недостаточность (источник:…",rx,взрослые,False,redesign/artifacts/mnn_wave500_v3_searxng_raw.jsonl
4602,459,ТОРАСЕМИД МЕДИСОРБ ТАБЛ. 5МГ №20 | Медисорб АО | Медисорб АО,Торасемид,enrichment,ok,0,Торасемид Медисорб МНН ГРЛС | Торасемид Медисорб рецептурный безрецептурный ГРЛС | Торасемид Медисорб инструкция применение возраст дети взрослые,,https://aptekamos.ru/tovary/lekarstva/torasemid-9669/torasemid-medisorb-tabletki-5mg-94246/instrukciya | https://www.rlsnet.ru/drugs/torasemid-medisorb-79689 | https://medum.ru/torasemide-medisorb | https://www.rlsnet.ru/drugs/torasemid-medisorb-79689 | https://health.mail.ru/drug/torasemid-medisorb/ | https://www.rlsnet.ru/drugs/torasemid-46472 | https://www.lsgeotar.ru/ru/torasemid-medisorb-17901.html | https://aptekamos.ru/tovary/lekarstva/torasemid-9669/torasemid-medisorb-tabletki-10mg-94181/instrukciya | https://medi.ru/instrukciya/torasemid-medisorb_23786/ | https://www.vidal.ru/drugs/torasemide-3 | https://www.lsgeotar.ru/drugs/torasemide-medisorb-AAIl | https://www.rlsnet.ru/drugs/torasemid-medisorb-79689,"Инструкция по применению Торасемид Медисорб таблетки 5мг: показания и ... | Торасемид Медисорб — инструкция по применению, дозы, побочные действия ... | Торасемид Медисорб таблетки — инструкция по применению, цена, отзывы ... | Торасемид Медисорб — инструкция по применению, дозы, побочные действия ... | Торасемид Медисорб таблетки - инструкция по применению, цена, дозировки ... | Торасемид — инструкция по применению, дозы, побочные действия, аналоги ... | Торасемид Медисорб - инструкция по применению, дозы, побочные действия ... | Инструкция Торасемид Медисорб таблетки 10мг: показания и ... | Торасемид Медисорб таблетки - инструкция по применению | Торасемид инструкция по применению: показания, противопоказания ... | Торасемид Медисорб - Информация о препарате - ЛС ГЭОТАР | Торасемид Медисорб — инструкция по применению, дозы, побочные действия ...",aptekamos.ru | www.rlsnet.ru | medum.ru | www.rlsnet.ru | health.mail.ru | www.rlsnet.ru | www.lsgeotar.ru | aptekamos.ru | medi.ru | www.vidal.ru | www.lsgeotar.ru | www.rlsnet.ru,"status=ok | Category=Drug | mnn=торасемид | RX_OTC=RX | Age=Взрослый | Торасемид Медисорб является лекарственным средством, действующее вещество — торасемид (МНН). Препарат относится к петлевым диуретикам. Согласно инструкции, он противопоказан детям до 18 лет, показан к применению у взрослых. Информация о рецептурном отпуске подтверждается…",rx,взрослые,False,redesign/artifacts/mnn_wave500_v3_searxng_raw.jsonl
5267,459,ТАМОКСИФЕН ТАБЛ. 20МГ №30 ОЗОН | ОЗОН ООО | ОЗОН ООО,Тамоксифен,enrichment,ok,0,Тамоксифен МНН ГРЛС | Тамоксифен рецептурный безрецептурный ГРЛС | Тамоксифен инструкция применение возраст дети взрослые,,https://www.vidal.ru/drugs/tamoxifen__7169 | https://aptekamos.ru/tovary/lekarstva/tamoksifen-859/tamoksifen-tabletki-30mg-8723/instrukciya | https://www.rlsnet.ru/drugs/tamoksifen-2932 | https://aptekamos.ru/tovary/lekarstva/tamoksifen-859/tamoksifen-geksal-tabletki-20mg-54098/instrukciya | https://yandex.ru/medicine/medicaments/tamoksifen | https://grls.rosminzdrav.ru/ | https://www.rlsnet.ru/drugs/tamoksifen-2932 | https://www.vidal.ru/drugs/tamoxifen__7169 | https://www.vidal.ru/drugs/tamoxifen__7169 | https://www.rlsnet.ru/drugs/tamoksifen-2932 | https://yandex.ru/medicine/medicaments/tamoksifen | https://drugs.medelement.com/drug/%D1%82%D0%B0%D0%BC%D0%BE%D0%BA%D1%81%D0%B8%D1%84%D0%B5%D0%BD-20%D0%BC%D0%B3-%D0%B8%D0%BD%D1%81%D1%82%D1%80%D1%83%D0%BA%D1%86%D0%B8%D1%8F/870021731477650932?instruction_lang=RU,"Тамоксифен инструкция по применению: показания, противопоказания ... | Инструкция Тамоксифен таблетки 30мг: показания и противопоказания ... | Тамоксифен — инструкция по применению, дозы, побочные действия, аналоги ... | Инструкция Тамоксифен Гексал таблетки 20мг: показания и ... | Тамоксифен — инструкция по применению, противопоказания, побочные эффекты | rosminzdrav.ru | Тамоксифен — инструкция по применению, дозы, побочные действия, аналоги ... | Тамоксифен инструкция по применению: показания, противопоказания ... | Тамоксифен инструкция по применению: показания, противопоказания ... | Тамоксифен — инструкция по применению, дозы, побочные действия, аналоги ... | Тамоксифен — инструкция по применению, противопоказания, побочные эффекты | Тамоксифен: инструкция по применению, показания. (Другие названия ...",www.vidal.ru | aptekamos.ru | www.rlsnet.ru | aptekamos.ru | yandex.ru | grls.rosminzdrav.ru | www.rlsnet.ru | www.vidal.ru | www.vidal.ru | www.rlsnet.ru | yandex.ru | drugs.medelement.com,"status=ok | Category=Drug | mnn=Тамоксифен | RX_OTC=RX | Age=Взрослый | Тамоксифен — это нестероидный антиэстроген, применяемый внутрь (источник: rlsnet.ru). Он используется при раке молочной железы, эндометрия, почек (источник: aptekamos.ru). Применение у детей не рекомендуется, профиль эффективности и безопасности у детей не установлен (источник:…",rx,взрослые,False,redesign/artifacts/mnn_wave500_v3_searxng_raw.jsonl
5287,459,"ТАДАЛАФИЛ-ТЕВА ТАБЛ. П/ПЛЕН/ОБ. 20МГ №8 | ТЕВА ФАРМА, С.Л.У. | ТЕВА ФАРМА, С.Л.У.",Тадалафил,enrichment,ok,0,ТАДАЛАФИЛ-ТЕВА МНН ГРЛС | ТАДАЛАФИЛ-ТЕВА рецептурный безрецептурный ГРЛС | ТАДАЛАФИЛ-ТЕВА инструкция применение возраст дети взрослые,,https://pharmproduct.ru/drugs/tadalafil-teva | https://www.lsgeotar.ru/drugs/tadalafil-teva-AFmG | https://www.vidal.ru/drugs/tadalafil-teva | https://www.rlsnet.ru/drugs/tadalafil-teva-75913 | https://medum.ru/tadalafil-teva | https://health.mail.ru/drug/tadalafilteva/ | https://www.webapteka.ru/drugbase/name53570.html | https://www.vidal.ru/drugs/tadalafil-teva | https://health.mail.ru/drug/tadalafilteva/ | https://yandex.ru/medicine/medicaments/tadalafil-teva | https://medum.ru/tadalafil-teva | https://www.webapteka.ru/drugbase/name53570.html,"Тадалафил-Тева — инструкция по применению, аналоги | PharmProduct | Тадалафил-Тева - Информация о препарате - ЛС ГЭОТАР | Тадалафил-Тева инструкция по применению: показания, противопоказания ... | Тадалафил-Тева — инструкция по применению, дозы, побочные действия ... | Тадалафил-Тева — инструкция по применению | справочник лекарственных ... | Тадалафил-Тева таблетки - инструкция по применению, цена, дозировки ... | Тадалафил-Тева — инструкция по применению, описание | Тадалафил-Тева инструкция по применению: показания, противопоказания ... | Тадалафил-Тева таблетки - инструкция по применению, цена, дозировки ... | Тадалафил-Тева — инструкция по применению, противопоказания, побочные ... | Тадалафил-Тева — инструкция по применению | справочник лекарственных ... | Тадалафил-Тева — инструкция по применению, описание",pharmproduct.ru | www.lsgeotar.ru | www.vidal.ru | www.rlsnet.ru | medum.ru | health.mail.ru | www.webapteka.ru | www.vidal.ru | health.mail.ru | yandex.ru | medum.ru | www.webapteka.ru,"status=ok | Category=Drug | mnn=Тадалафил | RX_OTC=RX | Age=Взрослый | Тадалафил-Тева — лекарственный препарат, содержащий действующее вещество тадалафил (МНН). Согласно данным из Государственного реестра лекарственных средств (ГРЛС) и справочников, препарат выпускается в форме таблеток, покрытых плёночной оболочкой, в дозировке 20 мг. Он…",rx,взрослые,False,redesign/artifacts/mnn_wave500_v3_searxng_raw.jsonl
5322,459,"ТАВОЛГА ВЯЗОЛИСТНАЯ (ЛАБАЗНИК) ТРАВА Ф/П 1,5Г №20 ХЕРБЕС | ХЕРБЕС ООО | ХЕРБЕС ООО",,,ok,0,Таволга вязолистная МНН ГРЛС | Таволга вязолистная рецептурный безрецептурный ГРЛС | Таволга вязолистная инструкция применение возраст дети взрослые,,https://medum.ru/nasledie-prirody-tavolga-vyazolistnaya-nastoj | https://ru.wikipedia.org/wiki/%D0%A2%D0%B0%D0%B2%D0%BE%D0%BB%D0%B3%D0%B0_%D0%B2%D1%8F%D0%B7%D0%BE%D0%BB%D0%B8%D1%81%D1%82%D0%BD%D0%B0%D1%8F | https://ru.wikipedia.org/wiki/%D0%A2%D0%B0%D0%B2%D0%BE%D0%BB%D0%B3%D0%B0_(%D1%80%D0%B0%D1%81%D1%82%D0%B5%D0%BD%D0%B8%D0%B5) | http://medherbal.ru/tavolga.php | https://ru.ruwiki.ru/wiki/%D0%A2%D0%B0%D0%B2%D0%BE%D0%BB%D0%B3%D0%B0_%D0%B2%D1%8F%D0%B7%D0%BE%D0%BB%D0%B8%D1%81%D1%82%D0%BD%D0%B0%D1%8F | http://belena.biz/nov/tavol.htm | https://plant-atlas.kpfu.ru/plant/178 | https://azbyka.ru/zdorovie/tavolga-lechebnye-svojstva-primenenie-protivopokazaniya | https://www.plantarium.ru/page/view/item/16470.html | https://ru.wikipedia.org/wiki/%D0%A2%D0%B0%D0%B2%D0%BE%D0%BB%D0%B3%D0%B0_%D0%B2%D1%8F%D0%B7%D0%BE%D0%BB%D0%B8%D1%81%D1%82%D0%BD%D0%B0%D1%8F | https://azbyka.ru/zdorovie/tavolga-lechebnye-svojstva-primenenie-protivopokazaniya | https://foodandscience.org/tavolga-vyazolistnaya/,"Наследие природы таволга вязолистная настой — инструкция по применению ... | Таволга вязолистная — Википедия | Таволга (растение) — Википедия | Таволга вязолистная | Таволга вязолистная — Рувики: Интернет-энциклопедия | Таволга вязолистная или Лабазник вязолистный (Filipendula ulmaria) | Таволга вязолистная ( | Таволга: лечебные свойства, применение, противопоказания | Лабазник вязолистный - Filipendula ulmaria - Описание таксона - Плантариум | Таволга вязолистная — Википедия | Таволга: лечебные свойства, применение, противопоказания | Таволга вязолистная: лечебные свойства и противопоказания",medum.ru | ru.wikipedia.org | ru.wikipedia.org | medherbal.ru | ru.ruwiki.ru | belena.biz | plant-atlas.kpfu.ru | azbyka.ru | www.plantarium.ru | ru.wikipedia.org | azbyka.ru | foodandscience.org,"status=ok | Category=Other | RX_OTC=not applicable | Age=Универсальный | По данным поисковой выдачи, таволга вязолистная (лабазник) является лекарственным растением, но не указано, что она зарегистрирована как лекарственное средство или БАД. В результатах отсутствуют сведения о МНН, рецептурном отпуске или возрастных ограничениях. Информация в…",unknown,универсальный,True,redesign/artifacts/mnn_wave500_v3_searxng_raw.jsonl
5729,459,СТОМАТОФИТ ФРЕШ ОПОЛАСКИВАТЕЛЬ ДЛЯ ПОЛОСТИ РТА ФЛ. 250МЛ | Фитофарм кленка АО | Фитофарм кленка АО,"Ромашки Аптечной Цветки, Дуба Кора, Шалфея Лекарственного Листья, Арники Трава, Аира Обыкновенного Корневища, Мяты Перечной Трава, Тимьяна Трава",enrichment,ok,0,СТОМАТОФИТ ФРЕШ МНН ГРЛС | СТОМАТОФИТ ФРЕШ рецептурный безрецептурный ГРЛС | СТОМАТОФИТ ФРЕШ инструкция применение возраст дети взрослые,,https://24stoma.ru/stomatofit.html | https://www.vidal.ru/drugs/stomatophit__15791 | https://allmed.pro/ru/drugs/stomatofit | https://24stoma.ru/stomatofit.html | https://clinic-m.ru/articles/stomatofit-instruktsiya-po-primeneniyu-opolaskivatelya-ekstrakta-i-smesi | https://zdorovi.net/preparaty/stomatofit.html | https://www.vidal.ru/drugs/stomatophit__15791 | https://medi.ru/instrukciya/stomatofit_816/ | https://detirkutsk.ru/3210-stomatofit-instrukciya-po-primeneniyu.html | https://o-krohe.ru/protivovospalitelnyj-preparat/stomatofit/ | https://mc-diagnost.com/articles/stomatofit | http://lekhar.ru/lekarstva/preparaty-dlja-polosti-rta/stomatofit-instrukcija-po-primeneniju/,"Стоматофит для полоскания рта - инструкция, схема применения, отзывы | Стоматофит инструкция по применению: показания, противопоказания ... | Стоматофит рецепт, инструкция по применению, показания, аналоги, состав | Стоматофит для полоскания рта - инструкция, схема применения, отзывы | Стоматофит: инструкция по применению, цена, отзывы, аналоги | Стоматофит − инструкция по применению, отзывы, аналоги, цена | Стоматофит инструкция по применению: показания, противопоказания ... | Стоматофит - официальная инструкция по применению, аналоги, цена ... | Стоматофит - инструкция по применению для детей и взрослых, аналоги | «Стоматофит» для детей: инструкция по применению, с какого возраста ... | Стоматофит − инструкция по применению, отзывы, аналоги, цена | Стоматофит: инструкция по применению, цена, отзывы, аналоги",24stoma.ru | www.vidal.ru | allmed.pro | 24stoma.ru | clinic-m.ru | zdorovi.net | www.vidal.ru | medi.ru | detirkutsk.ru | o-krohe.ru | mc-diagnost.com | lekhar.ru,"status=ok | Category=Drug | mnn=ромашки аптечной цветки, дуба кора, шалфея лекарственного листья, арники трава, аира обыкновенного корневища, мяты перечной трава, тимьяна трава | RX_OTC=OTC | Age=Универсальный | Стоматофит Фреш — это лекарственное средство (препарат) для местного применения в стоматологии, производитель — «Фитофарм» (Польша). Согласно данным из Государственного реестра лекарственных средств (ГРЛС), в состав входят: ромашки аптечной цветки, дуба кора, шалфея…",otc,универсальный,False,redesign/artifacts/mnn_wave500_v3_searxng_raw.jsonl
6506,459,СИРОП ШИПОВНИКА ФЛ. 250МЛ МИРРОЛЛА | МИРРОЛЛА ООО | МИРРОЛЛА ООО,,,ok_partial,2,Сироп шиповника МНН ГРЛС | Сироп шиповника рецептурный безрецептурный ГРЛС | Сироп шиповника инструкция применение возраст дети взрослые,,https://www.lsgeotar.ru/drugs/rosehip-syrup-BA5m | https://www.lsgeotar.ru/drugs/rosae-fructuum-syrup-AGNV | https://www.rlsnet.ru/drugs/sipovnika-sirop-32584 | https://aptekamos.ru/tovary/lekarstva/shipovnika-plody-3932/shipovnika-plodov-sirop-sirop-250ml-14746/instrukciya | https://www.vidal.ru/drugs/rosae_frustus_syrup__25197 | https://www.rlsnet.ru/drugs/sipovnika-sirop-32584 | https://www.lsgeotar.ru/drugs/rosehip-syrup-BA5m | https://www.rlsnet.ru/baa/sirop-sipovnika-28163 | https://www.vidal.ru/drugs/rosae_syrup__32889 | https://medum.ru/sirop-shipovnika-instrukciya | https://health.mail.ru/drug/shipovnika_sirop/ | https://www.vidal.ru/drugs/rosae_syrup__32889,"Шиповника сироп - Информация о препарате - ЛС ГЭОТАР | Шиповника плодов сироп - Информация о препарате - ЛС ГЭОТАР | Шиповника сироп — инструкция по применению, дозы, побочные действия ... | Инструкция по применению Шиповника плодов сироп сироп 250мл | Шиповника плодов сироп инструкция по применению: показания ... | Шиповника сироп — инструкция по применению, дозы, побочные действия ... | Шиповника сироп - Информация о препарате - ЛС ГЭОТАР | Сироп шиповника — инструкция по применению, аналоги, форма выпуска | Шиповника сироп инструкция по применению: показания, противопоказания ... | Шиповника сироп — инструкция по применению | справочник лекарственных ... | ШИПОВНИКА СИРОП сироп - инструкция по применению, цена, дозировки ... | Шиповника сироп инструкция по применению: показания, противопоказания ...",www.lsgeotar.ru | www.lsgeotar.ru | www.rlsnet.ru | aptekamos.ru | www.vidal.ru | www.rlsnet.ru | www.lsgeotar.ru | www.rlsnet.ru | www.vidal.ru | medum.ru | health.mail.ru | www.vidal.ru,"status=ok_partial | Category=Drug | RX_OTC=OTC | Age=Универсальный | Сироп шиповника является лекарственным средством (препаратом). В поисковых результатах не указано международное непатентованное название (МНН) или действующее вещество, поэтому поле mnn равно null. Препарат отпускается без рецепта, так как в инструкциях упоминается возможность…",otc,универсальный,True,redesign/artifacts/mnn_wave500_v3_searxng_raw.jsonl
6593,459,СИНДРАНОЛ ТАБЛ. ПРОЛОНГ. П/ПЛЕН/ОБ. 8МГ №28 | ЭГИС ФАРМАЦЕВТИЧЕСКИЙ ЗАВОД АО/ФАРМАТЕН ИНТЕРНЕШНЛ С.А. | ЭГИС ФАРМАЦЕВТИЧЕСКИЙ ЗАВОД АО/ФАРМАТЕН ИНТЕРНЕШНЛ С.А.,Ропинирол,enrichment,ok,0,СИНДРАНОЛ МНН ГРЛС | СИНДРАНОЛ рецептурный безрецептурный ГРЛС | СИНДРАНОЛ инструкция применение возраст дети взрослые,,https://www.vidal.ru/drugs/sindranol | https://www.rlsnet.ru/drugs/sindranol-78224 | https://health.mail.ru/drug/sindranol-1/ | https://medi.ru/instrukciya/sindranol_13174/ | https://www.webapteka.ru/drugbase/name53531.html | https://www.neboleem.net/sindranol.php | https://aptekamos.ru/tovary/lekarstva/ropinirol-11371/sindranol-tabletki-4mg-85449/instrukciya | https://apteka.ru/product/sindranol-0008-n28-tabl-prolong-pplenoboloch-5e3275b9ca7bdc000193319a/instructions/ | https://www.rlsnet.ru/drugs/sindranol-78224 | https://grls.rosminzdrav.ru/ | https://www.vidal.ru/drugs/sindranol | https://health.mail.ru/drug/sindranol-1/,"Синдранол инструкция по применению: показания, противопоказания ... | Синдранол — инструкция по применению, дозы, побочные действия, аналоги ... | Синдранол таблетки - инструкция по применению, цена, дозировки, аналоги ... | Синдранол - официальная инструкция по применению, аналоги, цена ... | Синдранол — инструкция по применению, описание, вопросы по препарату | Синдранол - инструкция по применению, аналоги, отзывы, цена, 8 мг | Инструкция Синдранол таблетки 4мг: показания и противопоказания, состав ... | Синдранол 0,008 N28 Табл Пролонг П/Плен/Оболоч Инструкция По Применению ... | Синдранол — инструкция по применению, дозы, побочные действия, аналоги ... | rosminzdrav.ru | Синдранол инструкция по применению: показания, противопоказания ... | Синдранол таблетки - инструкция по применению, цена, дозировки, аналоги ...",www.vidal.ru | www.rlsnet.ru | health.mail.ru | medi.ru | www.webapteka.ru | www.neboleem.net | aptekamos.ru | apteka.ru | www.rlsnet.ru | grls.rosminzdrav.ru | www.vidal.ru | health.mail.ru,"status=ok | Category=Drug | mnn=Ропинирол | RX_OTC=RX | Age=Взрослый | Синдранол является противопаркинсоническим средством, агонистом допаминовых рецепторов неэрголиновой структуры, действующим веществом которого является ропинирол (источники: Видаль, РЛС, Меди.ру). Препарат применяется внутрь один раз в сутки, таблетки пролонгированного…",rx,взрослые,False,redesign/artifacts/mnn_wave500_v3_searxng_raw.jsonl
7625,459,РОСИНСУЛИН С МЕДСИНТЕЗ СУСП. ДЛЯ П/К ВВЕД. 100МЕ/МЛ КАРТРИДЖ 3МЛ №5 | ЗАВОД МЕДСИНТЕЗ ООО | ЗАВОД МЕДСИНТЕЗ ООО,Инсулин человеческий,enrichment,ok,0,РОСИНСУЛИН С МНН ГРЛС | РОСИНСУЛИН С рецептурный безрецептурный ГРЛС | РОСИНСУЛИН С инструкция применение возраст дети взрослые,,https://megapteka.ru/specials/guide_rosinsulin-instrukciya-po-6417 | https://www.vidal.ru/drugs/rosinsuline_s__21123 | https://www.vidal.ru/drugs/rosinsulin-glargin | https://allmed.pro/drugs/rosinsulin-s | https://www.vidal.ru/drugs/rosinsuline_s__21123 | https://grls.rosminzdrav.ru/ | https://medi.ru/instrukciya/rosinsulin-s_23082/ | https://www.rlsnet.ru/drugs/rosinsulin-s-36426 | https://www.vidal.ru/drugs/rosinsuline_s__21123 | https://health.mail.ru/drug/rosinsulin_s/ | https://medi.ru/instrukciya/rosinsulin-s_23082/ | https://www.rlsnet.ru/drugs/rosinsulin-s-36426,"Росинсулин инструкция по применению: Состав, показания ... | Росинсулин С инструкция по применению: показания, противопоказания ... | Росинсулин Гларгин инструкция по применению: показания ... | Росинсулин С рецепт, инструкция по применению, показания, аналоги, состав | Росинсулин С инструкция по применению: показания, противопоказания ... | rosminzdrav.ru | Росинсулин С - инструкция по применению | Росинсулин С — инструкция по применению, дозы, побочные действия ... | Росинсулин С инструкция по применению: показания, противопоказания ... | РОСИНСУЛИН С суспензия - инструкция по применению, цена, дозировки ... | Росинсулин С - инструкция по применению | Росинсулин С — инструкция по применению, дозы, побочные действия ...",megapteka.ru | www.vidal.ru | www.vidal.ru | allmed.pro | www.vidal.ru | grls.rosminzdrav.ru | medi.ru | www.rlsnet.ru | www.vidal.ru | health.mail.ru | medi.ru | www.rlsnet.ru,"status=ok | Category=Drug | mnn=Инсулин человеческий | RX_OTC=RX | Age=Универсальный | Росинсулин С — это лекарственный препарат, содержащий человеческий инсулин, полученный методом рекомбинантной ДНК. Он относится к инсулинам средней продолжительности действия (источник: medi.ru, rlsnet.ru). Препарат отпускается по рецепту (источник: allmed.pro). Информация о…",rx,универсальный,False,redesign/artifacts/mnn_wave500_v3_searxng_raw.jsonl
7651,459,РОМАШКИ АПТЕЧНОЙ ЦВЕТКИ 50Г ХЕРБЕС | ХЕРБЕС ООО | ХЕРБЕС ООО,Ромашки аптечной цветки,enrichment,ok,0,РОМАШКИ АПТЕЧНОЙ ЦВЕТКИ МНН ГРЛС | РОМАШКИ АПТЕЧНОЙ ЦВЕТКИ рецептурный безрецептурный ГРЛС | РОМАШКИ АПТЕЧНОЙ ЦВЕТКИ инструкция применение возраст дети взрослые,,https://www.vidal.ru/drugs/chamomillae_flores__16503 | https://medum.ru/romashki-aptechnoj-cvetki | https://medi.ru/instrukciya/romashki-aptechnoy-tsvetki_23050/ | https://medum.ru/romashki-aptechnoj-cvetki | https://www.vidal.ru/drugs/chamomillae_flores__16503 | https://aptekamos.ru/tovary/bad/romashka-aptechnaya-4569/romashka-aptechnaya-cvetki-50g-69179/instrukciya | https://health.mail.ru/drug/romashki_aptechnoy_tsvetki/ | https://bz.medvestnik.ru/classify/mnn/Romashki-aptechnoi-cvetki.html | https://www.vidal.ru/drugs/chamomillae_flores__16503 | https://health.mail.ru/drug/romashki_tsvetki/ | https://drugs.medelement.com/drug/%D1%80%D0%BE%D0%BC%D0%B0%D1%88%D0%BA%D0%B8-%D1%86%D0%B2%D0%B5%D1%82%D0%BA%D0%B8-%D0%B8%D0%BD%D1%81%D1%82%D1%80%D1%83%D0%BA%D1%86%D0%B8%D1%8F/959406351477650942?instruction_lang=RU | https://medum.ru/romashki-aptechnoj-cvetki,"Ромашки цветки инструкция по применению: показания, противопоказания ... | Ромашки аптечной цветки — инструкция по применению | Medum.ru | Ромашки аптечной цветки измельченные - Лек С+ - официальная инструкция ... | Ромашки аптечной цветки — инструкция по применению | Medum.ru | Ромашки цветки инструкция по применению: показания, противопоказания ... | Инструкция по применению Ромашка аптечная цветки 50г: показания и ... | Ромашки аптечной цветки None - инструкция по применению, цена ... | Ромашки аптечной цветки: инструкция по применению, аналоги, статьи | Ромашки цветки инструкция по применению: показания, противопоказания ... | РОМАШКИ ЦВЕТКИ - инструкция по применению, цена, дозировки, аналоги ... | Ромашки цветки: инструкция по применению, показания. | Ромашки аптечной цветки — инструкция по применению | Medum.ru",www.vidal.ru | medum.ru | medi.ru | medum.ru | www.vidal.ru | aptekamos.ru | health.mail.ru | bz.medvestnik.ru | www.vidal.ru | health.mail.ru | drugs.medelement.com | medum.ru,"status=ok | Category=Drug | mnn=Ромашки аптечной цветки | RX_OTC=OTC | Age=Универсальный | Согласно инструкциям, ромашки аптечной цветки являются лекарственным растительным сырьем (сырье растительное измельченное) и применяются в качестве настоя внутрь и местно. Препарат обладает противовоспалительным, спазмолитическим и умеренным антимикробным действием. Дозировки…",otc,универсальный,False,redesign/artifacts/mnn_wave500_v3_searxng_raw.jsonl
7807,459,РОЗУВАСТАТИН ТАБЛ. П/ПЛЕН/ОБ. 5МГ №30 ПРАНАФАРМ | ПРАНАФАРМ ООО | ПРАНАФАРМ ООО,Розувастатин,enrichment,ok,0,РОЗУВАСТАТИН МНН ГРЛС | РОЗУВАСТАТИН рецептурный безрецептурный ГРЛС | РОЗУВАСТАТИН инструкция применение возраст дети взрослые,,https://www.vidal.ru/drugs/rosuvastatin__44535 | https://allmed.pro/ru/drugs/rozuvastatin | https://www.vidal.ru/drugs/rosuvastatin__44624 | https://www.vidal.ru/drugs/rosuvastatin__44535 | https://drugs.medelement.com/drug/%D1%80%D0%BE%D0%B7%D1%83%D0%B2%D0%B0%D1%81%D1%82%D0%B0%D1%82%D0%B8%D0%BD-10%D0%BC%D0%B3-%D0%B8%D0%BD%D1%81%D1%82%D1%80%D1%83%D0%BA%D1%86%D0%B8%D1%8F/873473161669965240?instruction_lang=RU | https://health.mail.ru/drug/rozuvastatin-1/ | https://medum.ru/rozuvastatin | https://medspravochnik.com/drugs/statiny/rozuvastatin/ | https://ozonpharm.ru/wp-content/uploads/2024/06/7c23a099c889939b92f4465751ddf946-3.pdf | https://megapteka.ru/specials/guide_rozuvastatin-instrukciya-po-5601 | https://www.pharmcontrol.ru/reference/inn/591/ | https://grls.pharm-portal.ru/grls/86d649ff-50bd-49c9-bfbb-d774c6c5daab,"Розувастатин инструкция по применению: показания, противопоказания ... | Розувастатин рецепт, инструкция по применению, показания, аналоги, состав | Розувастатин инструкция по применению: показания, противопоказания ... | Розувастатин инструкция по применению: показания, противопоказания ... | Розувастатин (10 мг): инструкция по применению, показания. | Розувастатин таблетки - инструкция по применению, цена, дозировки ... | Розувастатин — инструкция по применению | справочник лекарственных ... | Розувастатин — инструкция по применению, показания, дозировки и ... | PDF Розувастатин инструкция | Розувастатин инструкция по применению: Для чего назначают, аналоги ... | Розувастатин - МНН лекарственного средства - Фармконтроль | Розувастатин - ГРЛС: Справочник РУ - Государственный реестр ...",www.vidal.ru | allmed.pro | www.vidal.ru | www.vidal.ru | drugs.medelement.com | health.mail.ru | medum.ru | medspravochnik.com | ozonpharm.ru | megapteka.ru | www.pharmcontrol.ru | grls.pharm-portal.ru,"status=ok | Category=Drug | mnn=Розувастатин | RX_OTC=RX | Age=Взрослый | Препарат Розувастатин является лекарственным средством, его МНН — Розувастатин (источники: ГРЛС, Фармконтроль). Согласно инструкции, он противопоказан при беременности и в период лактации, а также не рекомендуется женщинам репродуктивного возраста без надежной контрацепции…",rx,взрослые,False,redesign/artifacts/mnn_wave500_v3_searxng_raw.jsonl
7816,459,РОЗУВАСТАТИН ТАБЛ. П/ПЛЕН/ОБ. 20МГ №90 ОЗОН | ОЗОН ООО | ОЗОН ООО,Розувастатин,enrichment,ok,0,РОЗУВАСТАТИН МНН ГРЛС | РОЗУВАСТАТИН рецептурный безрецептурный ГРЛС | РОЗУВАСТАТИН инструкция применение возраст дети взрослые,,https://www.vidal.ru/drugs/rosuvastatin__44535 | https://allmed.pro/ru/drugs/rozuvastatin | https://www.pharmcontrol.ru/reference/inn/591/ | https://grls.pharm-portal.ru/grls/86d649ff-50bd-49c9-bfbb-d774c6c5daab | https://grls.pharm-portal.ru/grls/3ab53ce0-82bd-4b3e-8bf0-0073c7f5576d | https://www.pharmcontrol.ru/registry/drugs/9682/ | https://vaskov.pro/grls/0ae95044-9f67-1ba9-819f-67ef32a001a4 | https://vaskov.pro/grls/0ae95063-9f67-1630-819f-67df44cc0342 | https://zdravmedinform.ru/grls/reg-lp-007407.html | https://grls.pharm-portal.ru/grls/86d649ff-50bd-49c9-bfbb-d774c6c5daab | https://grls.pharm-portal.ru/grls/3ab53ce0-82bd-4b3e-8bf0-0073c7f5576d | https://zdravmedinform.ru/grls/reg-lp-010846-rg-ru.html,"Розувастатин инструкция по применению: показания, противопоказания ... | Розувастатин рецепт, инструкция по применению, показания, аналоги, состав | Розувастатин - МНН лекарственного средства - Фармконтроль | Розувастатин - ГРЛС: Справочник РУ - Государственный реестр ... | Розувастатин-СЗ - ГРЛС: Справочник РУ - Государственный реестр ... | РОЗУВАСТАТИН - ГРЛС - Фармконтроль | Розувастатин-сз — Ру Лп-№(005879)-(Рг-ru) В Грлс · Госаналитика | Розувастатин — Ру Лп-№(009051)-(Рг-ru) В Грлс · Госаналитика | РОЗУВАСТАТИН | ЛП-007407 | ГРЛС 2026 | Розувастатин - ГРЛС: Справочник РУ - Государственный реестр ... | Розувастатин-СЗ - ГРЛС: Справочник РУ - Государственный реестр ... | Розувастатин | Лп-№ (010846)- (Рг-ru) | Грлс 2025",www.vidal.ru | allmed.pro | www.pharmcontrol.ru | grls.pharm-portal.ru | grls.pharm-portal.ru | www.pharmcontrol.ru | vaskov.pro | vaskov.pro | zdravmedinform.ru | grls.pharm-portal.ru | grls.pharm-portal.ru | zdravmedinform.ru,"status=ok | Category=Drug | mnn=Розувастатин | RX_OTC=RX | Age=Взрослый | Розувастатин является лекарственным средством, зарегистрированным в Государственном реестре лекарственных средств (ГРЛС). Международное непатентованное наименование (МНН) — Розувастатин. Препарат относится к группе статинов (АТХ-код C10AA07) и применяется для снижения уровня…",rx,взрослые,False,redesign/artifacts/mnn_wave500_v3_searxng_raw.jsonl
7858,459,РОЗУВАСТАТИН РЕНЕВАЛ ТАБЛ. П/ПЛЕН/ОБ. 10МГ №30 | ОБНОВЛЕНИЕ ПФК АО | ОБНОВЛЕНИЕ ПФК АО,Розувастатин,enrichment,ok,0,РОЗУВАСТАТИН РЕНЕВАЛ МНН ГРЛС | РОЗУВАСТАТИН РЕНЕВАЛ рецептурный безрецептурный ГРЛС | РОЗУВАСТАТИН РЕНЕВАЛ инструкция применение возраст дети взрослые,,https://yandex.ru/medicine/medicaments/rozuvastatin-reneval | https://www.vidal.ru/drugs/rozuvastatin-reneval | https://health.mail.ru/drug/rozuvastatin_reneval/ | https://aptekamos.ru/tovary/lekarstva/rozuvastatin-8530/rozuvastatin-reneval-tabletki-10mg-106156/instrukciya | https://www.lsgeotar.ru/drugs/rozuvastatine-reneval-ADAE | https://www.rlsnet.ru/drugs/rozuvastatin-reneval-88497 | https://yandex.ru/medicine/medicaments/rozuvastatin-reneval | https://health.mail.ru/drug/rozuvastatin_reneval/ | https://medum.ru/rozuvastatin-reneval | https://www.vidal.ru/drugs/rozuvastatin-reneval | https://www.vidal.ru/drugs/rosuvastatin__44624 | https://www.renewal.ru/products/rozuvastatin-reneval/,"Розувастатин Реневал — инструкция по применению, противопоказания ... | Розувастатин Реневал инструкция по применению: показания ... | Розувастатин Реневал таблетки - инструкция по применению, цена ... | Инструкция по применению Розувастатин Реневал таблетки 10мг: показания ... | Розувастатин Реневал - Информация о препарате - ЛС ГЭОТАР | Розувастатин Реневал — инструкция по применению, дозы, побочные ... | Розувастатин Реневал — инструкция по применению, противопоказания ... | Розувастатин Реневал таблетки - инструкция по применению, цена ... | Розувастатин Реневал таблетки — инструкция по применению, цена, отзывы ... | Розувастатин Реневал инструкция по применению: показания ... | Розувастатин инструкция по применению: показания, противопоказания ... | Розувастатин Реневал 10 мг №30: инструкция по применению",yandex.ru | www.vidal.ru | health.mail.ru | aptekamos.ru | www.lsgeotar.ru | www.rlsnet.ru | yandex.ru | health.mail.ru | medum.ru | www.vidal.ru | www.vidal.ru | www.renewal.ru,"status=ok | Category=Drug | mnn=розувастатин | RX_OTC=RX | Age=Взрослый | Розувастатин Реневал — лекарственный препарат из группы гиполипидемических средств, действующее вещество — розувастатин (источник: yandex.ru/medicine/medicaments/rozuvastatin-reneval). Препарат относится к статинам, ингибиторам ГМГ-КоА-редуктазы…",rx,взрослые,False,redesign/artifacts/mnn_wave500_v3_searxng_raw.jsonl
8055,459,РИМАСОПТ ВМ КАПЛИ ГЛАЗНЫЕ 2МГ/МЛ+5МГ/МЛ ФЛ. 5МЛ №1 | Уорлд медицин илач сан. ве тидж. Аш | Уорлд медицин илач сан. ве тидж. Аш,"Бримонидин, Тимолол",enrichment,ok,0,РИМАСОПТ ВМ МНН ГРЛС | РИМАСОПТ ВМ рецептурный безрецептурный ГРЛС | РИМАСОПТ ВМ инструкция применение возраст дети взрослые,,https://pharmproduct.ru/drugs/rimasopt-vm | https://www.vidal.ru/drugs/rimasopt-vm | https://medum.ru/rimasopt-vm-kapli | https://www.rlsnet.ru/drugs/rimasopt-vm-85870 | https://medum.ru/rimasopt-vm | https://medi.ru/instrukciya/rimasopt-vm_26499/ | https://tabletka.efim360.ru/drug/rimasopt-vm | https://medum.ru/rimasopt-vm-kapli | https://medum.ru/rimasopt-vm | https://medi.ru/instrukciya/rimasopt-vm_26499/ | https://pharmproduct.ru/drugs/rimasopt-vm | https://health.mail.ru/drug/rimasopt_vm/,"Римасопт ВМ — инструкция по применению, аналоги | PharmProduct | Римасопт ВМ инструкция по применению: показания, противопоказания ... | Римасопт ВМ капли — инструкция по применению, цена, отзывы | справочник ... | Римасопт ВМ — инструкция по применению, дозы, побочные действия ... | Римасопт ВМ — инструкция по применению | справочник лекарственных ... | Римасопт ВМ - инструкция по применению | РИМАСОПТ ВМ - инструкция по применению | Римасопт ВМ капли — инструкция по применению, цена, отзывы | справочник ... | Римасопт ВМ — инструкция по применению | справочник лекарственных ... | Римасопт ВМ - инструкция по применению | Римасопт ВМ — инструкция по применению, аналоги | PharmProduct | Римасопт ВМ капли - инструкция по применению, цена, дозировки, аналоги ...",pharmproduct.ru | www.vidal.ru | medum.ru | www.rlsnet.ru | medum.ru | medi.ru | tabletka.efim360.ru | medum.ru | medum.ru | medi.ru | pharmproduct.ru | health.mail.ru,"status=ok | Category=Drug | mnn=бримонидин, тимолол | RX_OTC=RX | Age=Взрослый | Римасопт ВМ — комбинированный лекарственный препарат в форме глазных капель, содержащий два действующих вещества: бримонидин и тимолол (источники: medum.ru, medi.ru, tabletka.efim360.ru). Препарат зарегистрирован в ГРЛС (рег. номер ЛП-№ (012290)-(РГ-RU)) и производится…",rx,взрослые,False,redesign/artifacts/mnn_wave500_v3_searxng_raw.jsonl
8201,459,РЕПЕШОК ОБЫКНОВЕННЫЙ ТРАВА 50Г ЭВАЛАР | ЭВАЛАР ЗАО | ЭВАЛАР ЗАО,,,ok,0,РЕПЕШОК ОБЫКНОВЕННЫЙ ТРАВА МНН ГРЛС | РЕПЕШОК ОБЫКНОВЕННЫЙ ТРАВА рецептурный безрецептурный ГРЛС | РЕПЕШОК ОБЫКНОВЕННЫЙ ТРАВА инструкция применение возраст дети взрослые,,https://bz.medvestnik.ru/drugs/39376.html | https://bz.medvestnik.ru/drugs/16114.html | https://bz.medvestnik.ru/drugs/16111.html | https://medum.ru/repeshok-obyknovennyj-trava | https://medum.ru/repeshok-obyknovennyj | https://www.webapteka.ru/drugbase/name11845.html | https://aptekamos.ru/tovary/bad/repeshok-obyknovennyyo-7978/repeshok-obyknovennyyo-trava-50g-27590/instrukciya | https://apteka.103.by/repeshok-obyknovennyy-instruktsiya/ | https://apteka.ru/product/repeshok-obyknovennyj-50-gr-nasledie-prirody-5e326cd9ca7bdc000192f079/instructions/ | https://www.rlsnet.ru/drugs/repesok-obyknovennyi-12781 | https://ru.wikipedia.org/wiki/%D0%A0%D0%B5%D0%BF%D0%B5%D1%88%D0%BE%D0%BA_%D0%BE%D0%B1%D1%8B%D0%BA%D0%BD%D0%BE%D0%B2%D0%B5%D0%BD%D0%BD%D1%8B%D0%B9 | https://ru.wikipedia.org/wiki/%D0%A0%D0%B5%D0%BF%D0%B5%D1%88%D0%BE%D0%BA,"Репешок обыкновенный трава: инструкция по применению, классификация ... | Репешок обыкновенный трава: инструкция по применению, классификация ... | Репешок обыкновенный трава: инструкция по применению, классификация ... | Репешок обыкновенный, трава — инструкция по применению | справочник ... | Репешок обыкновенный — инструкция по применению | справочник ... | Репешок обыкновенный — инструкция по применению, описание | Инструкция по применению Репешок обыкновенный трава 50г | Репешок обыкновенный: инструкция по применению | Репешок обыкновенный 50 гр Наследие природы инструкция по применению ... | Репешок обыкновенный — инструкция по применению, дозы, побочные ... | Репешок обыкновенный — Википедия | Репешок — Википедия",bz.medvestnik.ru | bz.medvestnik.ru | bz.medvestnik.ru | medum.ru | medum.ru | www.webapteka.ru | aptekamos.ru | apteka.103.by | apteka.ru | www.rlsnet.ru | ru.wikipedia.org | ru.wikipedia.org,"status=ok | Category=BAS | RX_OTC=not applicable | Age=Универсальный | Согласно найденным данным, репешок обыкновенный трава классифицируется как биологически активная добавка (БАД) (источник: https://bz.medvestnik.ru/drugs/16111.html). Инструкция по применению указывает, что принимают взрослым по 1 стакану настоя в день…",unknown,универсальный,True,redesign/artifacts/mnn_wave500_v3_searxng_raw.jsonl
8566,459,РАБИЕТ КАПС. КИШ/РАСТ. 20МГ №14 АЛИУМ | АЛИУМ АО | АЛИУМ АО,Рабепразол,enrichment,ok,0,РАБИЕТ МНН ГРЛС | РАБИЕТ рецептурный безрецептурный ГРЛС | РАБИЕТ инструкция применение возраст дети взрослые,,https://grls.rosminzdrav.ru/ | https://www.rlsnet.ru/drugs/rabiet-78983 | https://edu-rosminzdrav.ru/grls-mnn-chto-eto/ | https://grls.rosminzdrav.ru/ | https://www.rlsnet.ru/drugs/rabiet-78983 | https://www.vidal.ru/drugs/rabiet__45198 | https://www.rlsnet.ru/drugs/rabiet-78983 | https://health.mail.ru/drug/rabiet-1/ | https://www.vidal.ru/drugs/rabiet__45198 | https://www.webapteka.ru/drugbase/name51941.html | https://apteka.ru/product/rabiet-002-n28-kaps-kishechnorastvor-63d36f9a6d590277f2df371e/instructions/ | https://medum.ru/rabiet-capsules,"rosminzdrav.ru | Рабиет — инструкция по применению, дозы, побочные действия, аналоги ... | Грлс мнн что это - edu.rosminzdrav | rosminzdrav.ru | Рабиет — инструкция по применению, дозы, побочные действия, аналоги ... | Рабиет инструкция по применению: показания, противопоказания, побочное ... | Рабиет — инструкция по применению, дозы, побочные действия, аналоги ... | Рабиет капсулы - инструкция по применению, цена, дозировки, аналоги ... | Рабиет инструкция по применению: показания, противопоказания, побочное ... | Рабиет — инструкция по применению, описание, вопросы по препарату | Инструкция По Применению Рабиет 0,02 N28 Капс Кишечнораствор | Рабиет капсулы — инструкция по применению, цена, отзывы | справочник ...",grls.rosminzdrav.ru | www.rlsnet.ru | edu-rosminzdrav.ru | grls.rosminzdrav.ru | www.rlsnet.ru | www.vidal.ru | www.rlsnet.ru | health.mail.ru | www.vidal.ru | www.webapteka.ru | apteka.ru | medum.ru,"status=ok | Category=Drug | mnn=Рабепразол | RX_OTC=RX | Age=Универсальный | Препарат Рабиет содержит действующее вещество рабепразол натрия, которое относится к классу антисекреторных соединений, производных бензимидазола, и подавляет секрецию желудочного сока путем ингибирования Н+/К+-АТФазы (протонный насос) (источник: rlsnet.ru, vidal.ru).…",rx,универсальный,False,redesign/artifacts/mnn_wave500_v3_searxng_raw.jsonl
8753,459,ПРОСТАНОРМ ЭКСТРАКТ Д/ПРИЕМА ВНУТРЬ ЖИДК. ФЛ. 100МЛ | ФАРМВИЛАР НПО ООО | ФАРМВИЛАР НПО ООО,,,ok_partial,2,Простанорм МНН ГРЛС | Простанорм рецептурный безрецептурный ГРЛС | Простанорм инструкция применение возраст дети взрослые,,https://aptekamos.ru/tovary/lekarstva/zveroboya-trava-zolotarnika-kanadskogo-trava-solodki-korni-exinacei-perpurnoyo-kornevishha-5422/prostanorm-tabletki-200mg-27945/instrukciya | https://www.rlsnet.ru/drugs/prostanorm-79815 | https://www.vidal.ru/drugs/prostanorm__31368 | https://www.webapteka.ru/drugbase/name13278.html | https://allmed.pro/ru/drugs/prostanorm | https://zdesapteka.ru/instructions/prostanorm/ | https://www.rlsnet.ru/drugs/prostanorm-79815 | https://www.vidal.ru/drugs/prostanorm__31368 | https://www.webapteka.ru/drugbase/name13278.html | https://www.rlsnet.ru/drugs/prostanorm-79815 | https://health.mail.ru/drug/prostanorm-1/ | https://aptekamos.ru/tovary/lekarstva/zveroboya-trava-zolotarnika-kanadskogo-trava-solodki-korni-exinacei-perpurnoyo-kornevishha-5422/prostanorm-tabletki-200mg-27945/instrukciya,"Инструкция Простанорм таблетки 200мг: показания и противопоказания ... | ПростаНорм — инструкция по применению, дозы, побочные действия, аналоги ... | Простанорм инструкция по применению: показания, противопоказания ... | Простанорм — инструкция по применению, описание, вопросы по препарату | ПростаНорм рецепт, инструкция по применению, показания, аналоги, состав | Инструкция по применению ПростаНорм®, показания, состав, аналоги | ПростаНорм — инструкция по применению, дозы, побочные действия, аналоги ... | Простанорм инструкция по применению: показания, противопоказания ... | Простанорм — инструкция по применению, описание, вопросы по препарату | ПростаНорм — инструкция по применению, дозы, побочные действия, аналоги ... | Простанорм таблетки - инструкция по применению, цена, дозировки ... | Инструкция Простанорм таблетки 200мг: показания и противопоказания ...",aptekamos.ru | www.rlsnet.ru | www.vidal.ru | www.webapteka.ru | allmed.pro | zdesapteka.ru | www.rlsnet.ru | www.vidal.ru | www.webapteka.ru | www.rlsnet.ru | health.mail.ru | aptekamos.ru,"status=ok_partial | Category=Drug | RX_OTC=not applicable | Age=Взрослый | Простанорм — лекарственный препарат растительного происхождения, применяемый для лечения хронического простатита. Согласно инструкции, он оказывает простатотропное действие за счет противовоспалительного, анальгезирующего и бактериостатического эффектов (источник:…",unknown,взрослые,True,redesign/artifacts/mnn_wave500_v3_searxng_raw.jsonl
9096,459,"ПРЕДНИЗОЛОН МАЗЬ Д/НАРУЖ. ПРИМ. 0,5% ТУБА 15Г БИОСИНТЕЗ | БИОСИНТЕЗ ПАО | БИОСИНТЕЗ ПАО",Преднизолон,enrichment,ok,0,Преднизолон МНН ГРЛС | Преднизолон рецептурный безрецептурный ГРЛС | Преднизолон инструкция применение возраст дети взрослые,,https://aptekamos.ru/tovary/lekarstva/prednizolon-756/prednizolon-tabletki-5mg-12445/instrukciya | https://www.rlsnet.ru/active-substance/prednizolon-297 | https://allmed.pro/ru/drugs/prednizolon | https://grls.rosminzdrav.ru/ | https://www.rlsnet.ru/active-substance/prednizolon-297 | https://medum.ru/prednizolon-detyam | https://o-krohe.ru/med-preparaty/prednizolon/ | https://medi.ru/instrukciya/prednizolon_22547/ | https://medi.ru/instrukciya/prednizolon_22550/ | https://www.vidal.ru/drugs/prednisolon__37231 | https://aptekamos.ru/tovary/lekarstva/prednizolon-756/prednizolon-tabletki-5mg-12445/instrukciya | https://medspravochnik.com/drugs/kortikosteroidy/prednizolon/,"Инструкция Преднизолон таблетки 5мг: показания и противопоказания ... | Преднизолон — описание вещества, фармакология, применение ... | Преднизолон рецепт, инструкция по применению, показания, аналоги, состав | rosminzdrav.ru | Преднизолон — описание вещества, фармакология, применение ... | Преднизолон детям — инструкция по применению, цена, отзывы | справочник ... | Преднизолон детям: дозировка и инструкция по применению | Преднизолон таблетки - Мосхимфармпрепараты - официальная инструкция по ... | Преднизолон таблетки - Обновление - официальная инструкция по ... | Преднизолон инструкция по применению: показания, противопоказания ... | Инструкция Преднизолон таблетки 5мг: показания и противопоказания ... | Преднизолон — инструкция по применению, показания, дозировки и побочные ...",aptekamos.ru | www.rlsnet.ru | allmed.pro | grls.rosminzdrav.ru | www.rlsnet.ru | medum.ru | o-krohe.ru | medi.ru | medi.ru | www.vidal.ru | aptekamos.ru | medspravochnik.com,"status=ok | Category=Drug | mnn=Преднизолон | RX_OTC=RX | Age=Универсальный | Согласно данным из поисковой выдачи, препарат Преднизолон является синтетическим глюкокортикостероидом (источник: rlsnet.ru). В Государственном реестре лекарственных средств (ГРЛС) указано, что препарат отпускается по рецепту (источник: grls.pharm-portal.ru). Инструкция по…",rx,универсальный,False,redesign/artifacts/mnn_wave500_v3_searxng_raw.jsonl
9197,459,ПОМОГУША СИРОП ДЕТСКИЙ ДЛЯ ДЕТЕЙ С 3-Х ЛЕТ ПРОТИВОПРОСТУДНЫЙ 100МЛ | ЮГ ООО | ЮГ ООО,,,ok,0,ПОМОГУША МНН ГРЛС | ПОМОГУША рецептурный безрецептурный ГРЛС | ПОМОГУША инструкция применение возраст дети взрослые,,https://grls.rosminzdrav.ru/ | https://rlp2.test.egisz.rosminzdrav.ru/registries/grls | https://edu-rosminzdrav.ru/grls-mnn-chto-eto/ | https://grls.rosminzdrav.ru/ | https://aptekamos.ru/tovary/pishhevye-produkty/pomogusha-13949/pomogusha-immunomoduliruyushhiyo-sirop-detskiyo-100ml-87305/instrukciya | https://aptekamos.ru/tovary/pishhevye-produkty/pomogusha-13949/pomogusha-uspokaivayushhiyo-sirop-detskiyo-100ml-101043/instrukciya | https://pharmznanie.ru/drugs/pomogusha-sirop-detskij-uspokaivayushhij-100-ml | http://lekhar.ru/wp-content/uploads/2018/06/%D0%9F%D0%BE%D0%BC%D0%BE%D0%B3%D1%83%D1%88%D0%B0-%D0%B8%D0%BD%D1%81%D1%82%D1%80%D1%83%D0%BA%D1%86%D0%B8%D1%8F-%D0%BF%D0%BE-%D0%BF%D1%80%D0%B8%D0%BC%D0%B5%D0%BD%D0%B5%D0%BD%D0%B8%D1%8E.pdf | http://lekhar.ru/lekarstva/preparaty-dlja-nervnoj-sistemy/pomogusha-instrukcija-po-primeneniju/ | https://pharmznanie.ru/drugs/pomogusha-sirop-dlya-detej-protivoprostudnyj-100-ml | https://instruk.world-shop.ru/pomogusha-sirop-detskiy-uspokaivayushchiy-instruktsiya/ | https://vaskov.pro/grls,"rosminzdrav.ru | Портал ГРЛС ЕГИСЗ | Грлс мнн что это - edu.rosminzdrav | rosminzdrav.ru | Инструкция по применению Помогуша ""Иммуномодулирующий"" сироп детский ... | Инструкция по применению Помогуша ""Успокаивающий"" сироп детский 100мл ... | Инструкция по применению Помогуша Сироп детский успокаивающий 100 мл ... | PDF Инструкция по применению препарата помогуша ус | Помогуша Успокаивающий сироп: инструкция по применению, отзывы | Инструкция по применению Помогуша Сироп для детей противопростудный 100 ... | Помогуша сироп детский успокаивающий инструкция | Государственный реестр лекарственных средств (ГРЛС)",grls.rosminzdrav.ru | rlp2.test.egisz.rosminzdrav.ru | edu-rosminzdrav.ru | grls.rosminzdrav.ru | aptekamos.ru | aptekamos.ru | pharmznanie.ru | lekhar.ru | lekhar.ru | pharmznanie.ru | instruk.world-shop.ru | vaskov.pro,"status=ok | Category=Other | RX_OTC=not applicable | Age=Детский | Согласно найденным инструкциям, препарат 'Помогуша' предназначен для детей с 3 лет. В инструкциях указаны дозировки для детей от 3 до 11 лет и от 11 до 14 лет. Однако в предоставленных результатах поиска не найдено информации о регистрации в ГРЛС, МНН или рецептурном статусе.…",unknown,дети,True,redesign/artifacts/mnn_wave500_v3_searxng_raw.jsonl
9301,459,ПОЛЫНИ ГОРЬКОЙ ТРАВА 50Г ФИТОФАРМ | ФИТОФАРМ ООО | ФИТОФАРМ ООО,Полыни горькой трава,enrichment,ok,0,Полыни горькой трава МНН ГРЛС | Полыни горькой трава рецептурный безрецептурный ГРЛС | Полыни горькой трава инструкция применение возраст дети взрослые,,https://pharmproduct.ru/drugs/polyni-gorkoi-trava | https://www.lsgeotar.ru/drugs/bitter-wormwood-herb-BA8e | https://allmed.pro/ru/drugs/polyni-gorkoj-trava | https://pharmznanie.ru/drugs/polyni-gorkoj-trava-50-g | https://bz.medvestnik.ru/drugs/15175.html | https://health.mail.ru/drug/polyni-gorkoy-trava/ | https://health.mail.ru/drug/polyni-gorkoy-trava-1/ | https://medi.ru/instrukciya/polyni-gorkoj-trava_12705/ | https://www.rlsnet.ru/drugs/polyni-gorkoi-trava-4783 | https://apteka.103.by/63285-polyni-gorkoy-trava-instruktsiya/ | https://medi.ru/instrukciya/polyni-gorkoy-trava_22517/ | https://drugs.medelement.com/drug/%D0%BF%D0%BE%D0%BB%D1%8B%D0%BD%D1%8C-%D0%B3%D0%BE%D1%80%D1%8C%D0%BA%D0%B0%D1%8F-%D0%B8%D1%81%D0%BD%D1%82%D1%80%D1%83%D0%BA%D1%86%D0%B8%D1%8F/42828891618207096?instruction_lang=RU,"Полыни горькой трава — инструкция по применению, аналоги | PharmProduct | Полыни горькой трава - Информация о препарате - ЛС ГЭОТАР | Полыни горькой трава рецепт, инструкция по применению, показания ... | Полыни горькой трава 50 г: инструкция по применению | Полыни горькой трава: инструкция по применению, классификация, статьи | Полыни горькой трава порошок - инструкция по применению, цена ... | Полыни горькой трава None - инструкция по применению, цена, дозировки ... | Полыни горькой трава - инструкция по применению | Полыни горькой трава — инструкция по применению, дозы, побочные ... | Полыни горькой трава: инструкция по применению | Полыни горькой трава порошок - Ст.-Медифарм - официальная инструкция по ... | Полынь горькая: инструкция по применению, показания.",pharmproduct.ru | www.lsgeotar.ru | allmed.pro | pharmznanie.ru | bz.medvestnik.ru | health.mail.ru | health.mail.ru | medi.ru | www.rlsnet.ru | apteka.103.by | medi.ru | drugs.medelement.com,"status=ok | Category=Drug | mnn=Полыни горькой трава | RX_OTC=OTC | Age=Универсальный | Полыни горькой трава является лекарственным средством (категория Drug). МНН указано как 'Полыни горькой трава' (источник: pharmproduct.ru). Отпускается без рецепта (OTC), так как в результатах поиска нет указаний на рецептурный отпуск. Возрастная категория: универсальный, так…",otc,универсальный,False,redesign/artifacts/mnn_wave500_v3_searxng_raw.jsonl
9306,459,ПОЛИФЕПАН ПОР. Д/ПРИЕМА ВНУТРЬ ПАК. 10Г №10 | ВОСТОК ООО | ВОСТОК ООО,Лигнин гидролизный,enrichment,ok,0,Полифепан МНН ГРЛС | Полифепан рецептурный безрецептурный ГРЛС | Полифепан инструкция применение возраст дети взрослые,,https://www.webapteka.ru/drugbase/name5465.html | https://aptekamos.ru/tovary/lekarstva/lignin-gidroliznyyo-2931/polifepan-poroshok-250g-13283/instrukciya | https://www.rlsnet.ru/drugs/polifepan-4779 | https://pharmproduct.ru/drugs/polifepan | https://www.vidal.ru/drugs/polyphepan__40305 | https://megapteka.ru/specials/guide_polifepan-instrukciya-po-2679 | https://medi.ru/instrukciya/polifepan_9270/ | https://health.mail.ru/drug/polifepan-2/ | https://zdesapteka.ru/instructions/polifepan/ | https://www.rlsnet.ru/drugs/polifepan-4779 | https://medi.ru/instrukciya/polifepan_22501/ | https://www.vidal.ru/drugs/polyphepan__40305,"Полифепан — инструкция по применению, описание, вопросы по препарату | Инструкция по применению Полифепан порошок 250г: показания и ... | Полифепан — инструкция по применению, дозы, побочные действия, аналоги ... | Полифепан — инструкция по применению, аналоги | PharmProduct | Полифепан инструкция по применению: показания, противопоказания ... | Полифепан инструкция по применению: От чего помогает, состав ... | Полифепан - официальная инструкция по применению, аналоги, цена ... | Полифепан таблетки - инструкция по применению, цена, дозировки, аналоги ... | Инструкция по применению Полифепан®, показания, состав, аналоги | Полифепан — инструкция по применению, дозы, побочные действия, аналоги ... | Полифепан таблетки - инструкция по применению | Полифепан инструкция по применению: показания, противопоказания ...",www.webapteka.ru | aptekamos.ru | www.rlsnet.ru | pharmproduct.ru | www.vidal.ru | megapteka.ru | medi.ru | health.mail.ru | zdesapteka.ru | www.rlsnet.ru | medi.ru | www.vidal.ru,"status=ok | Category=Drug | mnn=Лигнин гидролизный | RX_OTC=OTC | Age=Универсальный | Полифепан — это лекарственный препарат (энтеросорбент) на основе действующего вещества лигнина гидролизного (полифепана). Согласно инструкции, он применяется внутрь за час до еды, дозировка зависит от возраста и тяжести заболевания. Препарат отпускается без рецепта (OTC).…",otc,универсальный,False,redesign/artifacts/mnn_wave500_v3_searxng_raw.jsonl
9511,459,ПИОНА НАСТОЙКА РЕНЕВАЛ ФЛ. 25МЛ | ОБНОВЛЕНИЕ ПФК АО | ОБНОВЛЕНИЕ ПФК АО,"Пиона уклоняющегося травы, корневищ и корней настойка",enrichment,ok,0,ПИОНА НАСТОЙКА МНН ГРЛС | ПИОНА НАСТОЙКА рецептурный безрецептурный ГРЛС | ПИОНА НАСТОЙКА инструкция применение возраст дети взрослые,,https://herbalpedia.ru/articles/nastojka-piona/ | https://pharmproduct.ru/drugs/piona-ukloniaiushhegosia-nastoika | https://megapteka.ru/specials/guide_nastojka-piona-instrukciya-7296 | https://herbalpedia.ru/articles/nastojka-piona/ | https://drugs.medelement.com/drug/%D0%BF%D0%B8%D0%BE%D0%BD%D0%B0-%D0%BD%D0%B0%D1%81%D1%82%D0%BE%D0%B9%D0%BA%D0%B0-25%D0%BC%D0%BB-%D0%B8%D0%BD%D1%81%D1%82%D1%80%D1%83%D0%BA%D1%86%D0%B8%D1%8F/888951651696339215?instruction_lang=RU | https://drugs.medelement.com/drug/%D0%BF%D0%B8%D0%BE%D0%BD%D0%B0-%D0%BD%D0%B0%D1%81%D1%82%D0%BE%D0%B9%D0%BA%D0%B0-%D0%B8%D0%BD%D1%81%D1%82%D1%80%D1%83%D0%BA%D1%86%D0%B8%D1%8F/695284471669119563?instruction_lang=RU | https://www.neboleem.net/nastojka-piona.php | https://health.mail.ru/drug/piona-uklonyayuschegosya-nastoyka/ | https://medi.ru/instrukciya/piona-uklonyayushchegosya-nastoyka_22370/ | https://medi.ru/instrukciya/piona-uklonyayushchegosya-nastoyka_22359/ | https://www.pharmcontrol.ru/reference/inn/10487/ | https://www.pharmcontrol.ru/reference/inn/3555/,"Настойка пиона: инструкция по применению, противопоказания, дозировка | Пиона уклоняющегося настойка — инструкция по применению, аналоги ... | Инструкция по применению Настойки пиона: Описание состава, показаний ... | Настойка пиона: инструкция по применению, противопоказания, дозировка | Пиона настойка: инструкция по применению, показания. | Пиона настойка: инструкция по применению, показания. | Настойка пиона - инструкция, применение, отзывы | Пиона уклоняющегося настойка настойка - инструкция по применению, цена ... | Пиона уклоняющегося настойка - Росбио - официальная инструкция по ... | Пиона уклоняющегося настойка - Ивановская фармфабрика - официальная ... | Пиона уклоняющегося трава, корневища и корни настойка - МНН ... | Пиона уклоняющегося травы, корневищ и корней настойка - МНН ...",herbalpedia.ru | pharmproduct.ru | megapteka.ru | herbalpedia.ru | drugs.medelement.com | drugs.medelement.com | www.neboleem.net | health.mail.ru | medi.ru | medi.ru | www.pharmcontrol.ru | www.pharmcontrol.ru,"status=ok | Category=Drug | mnn=Пиона уклоняющегося травы, корневищ и корней настойка | RX_OTC=OTC | Age=Взрослый | Согласно данным Государственного реестра лекарственных средств (ГРЛС), препарат 'Пиона уклоняющегося настойка' содержит действующее вещество 'Пиона уклоняющегося травы, корневищ и корней настойка' (источник:…",otc,взрослые,False,redesign/artifacts/mnn_wave500_v3_searxng_raw.jsonl
9941,459,ПАРОДОНТОЦИД ОПОЛАСКИВАТЕЛЬ ДЛЯ ПОЛОСТИ РТА 250МЛ | МОСКОВСКАЯ ФФ | МОСКОВСКАЯ ФФ,,,ok_partial,2,ПАРОДОНТОЦИД МНН ГРЛС | ПАРОДОНТОЦИД рецептурный безрецептурный ГРЛС | ПАРОДОНТОЦИД инструкция применение возраст дети взрослые,,https://www.vidal.ru/drugs/parodontocide | https://www.vidal.ru/drugs/parodontocide-3 | https://pharmproduct.ru/drugs/parodontocid | https://www.webapteka.ru/drugbase/name15440.html | https://www.lsgeotar.ru/drugs/parodontocide-AGH3 | https://www.vidal.ru/drugs/parodontocide | https://www.rlsnet.ru/drugs/parodontocid-22979 | https://megapteka.ru/specials/guide_parodontocid-instrukciya-po-4457 | https://yandex.ru/medicine/medicaments/parodontotsid | https://www.vidal.ru/drugs/parodontocide | https://www.vidal.ru/drugs/parodontocide__20669 | https://www.kp.ru/putevoditel/spetsproekty/parodontotsid/,"Пародонтоцид инструкция по применению: показания, противопоказания ... | Пародонтоцид инструкция по применению: показания, противопоказания ... | Пародонтоцид — инструкция по применению, аналоги | PharmProduct | Пародонтоцид — инструкция по применению, описание | Пародонтоцид - Информация о препарате - ЛС ГЭОТАР | Пародонтоцид инструкция по применению: показания, противопоказания ... | Пародонтоцид — инструкция по применению, дозы, побочные действия ... | Пародонтоцид: инструкция по применению | Пародонтоцид — инструкция по применению, противопоказания, побочные эффекты | Пародонтоцид инструкция по применению: показания, противопоказания ... | Пародонтоцид инструкция по применению: показания, противопоказания ... | Пародонтоцид: инструкция к применению, показания, противопоказания",www.vidal.ru | www.vidal.ru | pharmproduct.ru | www.webapteka.ru | www.lsgeotar.ru | www.vidal.ru | www.rlsnet.ru | megapteka.ru | yandex.ru | www.vidal.ru | www.vidal.ru | www.kp.ru,"status=ok_partial | Category=Drug | RX_OTC=OTC | Age=Универсальный | Пародонтоцид — это средство для гигиены полости рта, применяемое при воспалении десен и слизистой оболочки полости рта (гингивит, стоматит, пародонтит). Согласно инструкции, он обладает антисептическим, болеутоляющим и местным противовоспалительным действием. Состав включает…",otc,универсальный,True,redesign/artifacts/mnn_wave500_v3_searxng_raw.jsonl
9993,459,ПАРАЦЕТАМОЛ ТАБЛ. 500МГ №10 ОЗОН | ОЗОН ООО | ОЗОН ООО,Парацетамол,enrichment,ok,0,Парацетамол МНН ГРЛС | Парацетамол рецептурный безрецептурный ГРЛС | Парацетамол инструкция применение возраст дети взрослые,,https://aptekamos.ru/tovary/lekarstva/paracetamol-693/paracetamol-tabletki-120mg-6707/instrukciya | https://www.rlsnet.ru/drugs/paracetamol-920 | https://www.rlsnet.ru/drugs/paracetamol-920 | https://doctorzaharova.ru/blog/paratsetamol-instruktsiya-po-preparatu-primenenie-tsena-formy-vypuska-raschet-dozirovki-detyam-i-rekomendatsii-po-ispolzovaniyu | https://medlib.net/paracetamol-detskij.html | https://www.webapteka.ru/drugbase/name4789.html | https://yandex.ru/medicine/medicaments/paratsetamol | https://www.vidal.ru/drugs/paracetamol__12749 | https://www.rlsnet.ru/drugs/paracetamol-920 | https://utamedc.com/articles/paratsetamol-instruktsiya-po-primeneniyu-dlya-vzroslyh-i-detej | https://grls.pharm-portal.ru/grls/4dd3ffbf-c653-45a2-9764-22c24ae028f8 | https://grls.pharm-portal.ru/grls/001f7fd8-86d2-4834-be6a-ddb84506c64c,"Инструкция Парацетамол таблетки 120мг: показания и противопоказания ... | Парацетамол — инструкция по применению, дозы, побочные действия ... | Парацетамол — инструкция по применению, дозы, побочные действия ... | Парацетамол. Инструкция по препарату, применение, цена, формы выпуска ... | Парацетамол детский − инструкция по применению, дозировка суспензии | Парацетамол — инструкция по применению, описание, вопросы по препарату | Парацетамол — инструкция по применению, противопоказания, побочные эффекты | Парацетамол инструкция по применению: показания, противопоказания ... | Парацетамол — инструкция по применению, дозы, побочные действия ... | Парацетамол: инструкция по применению для взрослых и детей | Парацетамол - ГРЛС: Справочник РУ - Государственный реестр ... | Парацетамол - ГРЛС: Справочник РУ - Государственный реестр ...",aptekamos.ru | www.rlsnet.ru | www.rlsnet.ru | doctorzaharova.ru | medlib.net | www.webapteka.ru | yandex.ru | www.vidal.ru | www.rlsnet.ru | utamedc.com | grls.pharm-portal.ru | grls.pharm-portal.ru,"status=ok | Category=Drug | mnn=Парацетамол | RX_OTC=OTC | Age=Универсальный | Парацетамол является лекарственным средством (МНН: парацетамол) согласно данным Государственного реестра лекарственных средств (ГРЛС) и других источников. Препарат применяется для облегчения боли и снижения температуры у взрослых и детей (например, в инструкциях указаны…",otc,универсальный,False,redesign/artifacts/mnn_wave500_v3_searxng_raw.jsonl
9996,459,ПАРАЦЕТАМОЛ СУСП. Д/ПРИЕМА ВНУТРЬ ДЛЯ ДЕТЕЙ 120МГ/5МЛ ФЛ. 100МЛ СИНТЕЗ | СИНТЕЗ | СИНТЕЗ,Парацетамол,enrichment,ok,0,Парацетамол МНН ГРЛС | Парацетамол рецептурный безрецептурный ГРЛС | Парацетамол инструкция применение возраст дети взрослые,,https://aptekamos.ru/tovary/lekarstva/paracetamol-693/paracetamol-tabletki-120mg-6707/instrukciya | https://www.rlsnet.ru/drugs/paracetamol-920 | https://www.rlsnet.ru/drugs/paracetamol-920 | https://doctorzaharova.ru/blog/paratsetamol-instruktsiya-po-preparatu-primenenie-tsena-formy-vypuska-raschet-dozirovki-detyam-i-rekomendatsii-po-ispolzovaniyu | https://medlib.net/paracetamol-detskij.html | https://www.webapteka.ru/drugbase/name4789.html | https://yandex.ru/medicine/medicaments/paratsetamol | https://www.vidal.ru/drugs/paracetamol__12749 | https://medi.ru/instrukciya/paratsetamol-detskiy_22188/ | https://www.vidal.ru/drugs/paracetamol_children__6556 | https://grls.pharm-portal.ru/grls/4dd3ffbf-c653-45a2-9764-22c24ae028f8 | https://grls.pharm-portal.ru/grls/001f7fd8-86d2-4834-be6a-ddb84506c64c,"Инструкция Парацетамол таблетки 120мг: показания и противопоказания ... | Парацетамол — инструкция по применению, дозы, побочные действия ... | Парацетамол — инструкция по применению, дозы, побочные действия ... | Парацетамол. Инструкция по препарату, применение, цена, формы выпуска ... | Парацетамол детский − инструкция по применению, дозировка суспензии | Парацетамол — инструкция по применению, описание, вопросы по препарату | Парацетамол — инструкция по применению, противопоказания, побочные эффекты | Парацетамол инструкция по применению: показания, противопоказания ... | Парацетамол детский суспензия - Фармстандарт - официальная инструкция ... | Парацетамол детский инструкция по применению: показания ... | Парацетамол - ГРЛС: Справочник РУ - Государственный реестр ... | Парацетамол - ГРЛС: Справочник РУ - Государственный реестр ...",aptekamos.ru | www.rlsnet.ru | www.rlsnet.ru | doctorzaharova.ru | medlib.net | www.webapteka.ru | yandex.ru | www.vidal.ru | medi.ru | www.vidal.ru | grls.pharm-portal.ru | grls.pharm-portal.ru,"status=ok | Category=Drug | mnn=Парацетамол | RX_OTC=OTC | Age=Детский | Препарат Парацетамол является лекарственным средством (МНН: парацетамол). Согласно инструкции, он применяется для детей, дозировка рассчитывается в зависимости от возраста и массы тела (например, для детей от 3 до 12 месяцев - 2,5-5 мл, от 1 до 5 лет - 5-10 мл, от 5 до 12 лет -…",otc,дети,False,redesign/artifacts/mnn_wave500_v3_searxng_raw.jsonl
10005,459,ПАРАЦЕТАМОЛ РЕНЕВАЛ ТАБЛ. 500МГ №20 | ОБНОВЛЕНИЕ ПФК АО | ОБНОВЛЕНИЕ ПФК АО,Парацетамол,enrichment,ok,0,Парацетамол Реневал МНН ГРЛС | Парацетамол Реневал рецептурный безрецептурный ГРЛС | Парацетамол Реневал инструкция применение возраст дети взрослые,,https://aptekamos.ru/tovary/lekarstva/paracetamol-693/paracetamol-reneval-tabletki-500mg-107294/instrukciya | https://www.vidal.ru/drugs/paratsetamol-reneval | https://www.renewal.ru/upload/iblock/fff/%D0%9F%D0%B0%D1%80%D0%B0%D1%86%D0%B5%D1%82%D0%B0%D0%BC%D0%BE%D0%BB%20%D0%A0%D0%B5%D0%BD%D0%B5%D0%B2%D0%B0%D0%BB%20-%20%D0%B8%D0%BD%D1%81%D1%82%D1%80%D1%83%D0%BA%D1%86%D0%B8%D1%8F%20%D0%BF%D0%BE%20%D0%BF%D1%80%D0%B8%D0%BC%D0%B5%D0%BD%D0%B5%D0%BD%D0%B8%D1%8E.pdf | https://aptekamos.ru/tovary/lekarstva/paracetamol-693/paracetamol-reneval-tabletki-shipuchie-500mg-107295/instrukciya | https://www.rlsnet.ru/drugs/paracetamol-reneval-86469 | https://www.renewal.ru/upload/iblock/fff/%D0%9F%D0%B0%D1%80%D0%B0%D1%86%D0%B5%D1%82%D0%B0%D0%BC%D0%BE%D0%BB%20%D0%A0%D0%B5%D0%BD%D0%B5%D0%B2%D0%B0%D0%BB%20-%20%D0%B8%D0%BD%D1%81%D1%82%D1%80%D1%83%D0%BA%D1%86%D0%B8%D1%8F%20%D0%BF%D0%BE%20%D0%BF%D1%80%D0%B8%D0%BC%D0%B5%D0%BD%D0%B5%D0%BD%D0%B8%D1%8E.pdf | https://aptekamos.ru/tovary/lekarstva/paracetamol-693/paracetamol-reneval-tabletki-500mg-107294/instrukciya | https://medum.ru/paracetamol-reneval | https://www.vidal.ru/drugs/paratsetamol-reneval | https://www.renewal.ru/upload/iblock/4d3/7dkck5tkg3wv2j9uedbo5brd3c7vh3ye/Instruktsiya-Paratsetamol-Reneval-shipuchiy-500-mg.pdf | https://yandex.ru/medicine/medicaments/paratsetamol-reneval | https://www.vidal.ru/drugs/paratsetamol-reneval,"Инструкция Парацетамол Реневал таблетки 500мг: показания и ... | Парацетамол Реневал инструкция по применению: показания ... | PDF ИНСТРУКЦИЯ Парацетамол Реневал ПО МЕДИЦИНСК | Инструкция по применению Парацетамол Реневал таблетки шипучие 500мг ... | Парацетамол Реневал — инструкция по применению, дозы, побочные действия ... | PDF ИНСТРУКЦИЯ Парацетамол Реневал ПО МЕДИЦИНСК | Инструкция Парацетамол Реневал таблетки 500мг: показания и ... | Парацетамол Реневал — инструкция по применению | справочник ... | Парацетамол Реневал инструкция по применению: показания ... | PDF ИНСТРУКЦИЯ Парацетамол Реневал ПО МЕДИЦИНСК | Парацетамол Реневал — инструкция по применению, противопоказания ... | Парацетамол Реневал инструкция по применению: показания ...",aptekamos.ru | www.vidal.ru | www.renewal.ru | aptekamos.ru | www.rlsnet.ru | www.renewal.ru | aptekamos.ru | medum.ru | www.vidal.ru | www.renewal.ru | yandex.ru | www.vidal.ru,"status=ok | Category=Drug | mnn=Парацетамол | RX_OTC=OTC | Age=Универсальный | Парацетамол Реневал является лекарственным средством (препаратом) на основе парацетамола (МНН: парацетамол). Согласно инструкции, он применяется как жаропонижающее и болеутоляющее средство при респираторных инфекциях, включая простуду и грипп, а также после вакцинации…",otc,универсальный,False,redesign/artifacts/mnn_wave500_v3_searxng_raw.jsonl
10009,459,ПАРАЦЕТАМОЛ ДЕТСКИЙ СУСП. Д/ПРИЕМА ВНУТРЬ МАЛИНА 120МГ/5МЛ ФЛ. 100Г ФАРМСТАНДАРТ | ФАРМСТАНДАРТ-ЛЕКСРЕДСТВА ОАО | ФАРМСТАНДАРТ-ЛЕКСРЕДСТВА ОАО,Парацетамол,enrichment,ok,0,Парацетамол детский МНН ГРЛС | Парацетамол детский рецептурный безрецептурный ГРЛС | Парацетамол детский инструкция применение возраст дети взрослые,,https://www.lsgeotar.ru/drugs/paracetamol-for-children-BA5X | https://www.lsgeotar.ru/drugs/paracetamol-childrens-ACTe | https://medlib.net/paracetamol-detskij.html | https://www.vidal.ru/drugs/paracetamol_children__6556 | https://ozonpharm.ru/wp-content/uploads/2024/06/81364ebe41fed938b429c7be0dcdf96c-3.pdf | https://medi.ru/instrukciya/paratsetamol-detskiy_22188/ | https://medi.ru/instrukciya/paratsetamol-detskiy_22187/ | https://www.vidal.ru/drugs/paracetamol_children__6556 | https://www.neboleem.net/paracetamol-detskij.php | https://medlib.net/paracetamol-detskij.html | https://www.rlsnet.ru/drugs/paracetamol-detskii-26820 | https://www.pharmcontrol.ru/registry/drugs/9764/,"Парацетамол детский - Информация о препарате - ЛС ГЭОТАР | ПАРАЦЕТАМОЛ ДЕТСКИЙ - Информация о препарате - ЛС ГЭОТАР | Парацетамол детский − инструкция по применению, дозировка суспензии | Парацетамол детский инструкция по применению: показания ... | PDF Парацетамол детский инструкция | Парацетамол детский суспензия - Фармстандарт - официальная инструкция ... | Парацетамол детский суспензия - Кировская фармфабрика - официальная ... | Парацетамол детский инструкция по применению: показания ... | Парацетамол детский − инструкция по применению суспензии, дозировка | Парацетамол детский − инструкция по применению, дозировка суспензии | Парацетамол детский — инструкция по применению, дозы, побочные действия ... | Парацетамол детский - ГРЛС - Фармконтроль",www.lsgeotar.ru | www.lsgeotar.ru | medlib.net | www.vidal.ru | ozonpharm.ru | medi.ru | medi.ru | www.vidal.ru | www.neboleem.net | medlib.net | www.rlsnet.ru | www.pharmcontrol.ru,"status=ok | Category=Drug | mnn=Парацетамол | RX_OTC=OTC | Age=Детский | Препарат Парацетамол детский является лекарственным средством (ГРЛС). МНН - Парацетамол (источник: pharmcontrol.ru). Отпускается без рецепта (OTC) (источник: rlsnet.ru). Применяется у детей, начиная с 2-3 месяцев, в качестве жаропонижающего средства (источник: lsgeotar.ru,…",otc,дети,False,redesign/artifacts/mnn_wave500_v3_searxng_raw.jsonl
10097,459,ПАНТОКАЛЬЦИН ТАБЛ. 500МГ №50 | ВАЛЕНТА ФАРМ АО | ВАЛЕНТА ФАРМ АО,Гопантеновая кислота,enrichment,ok,0,ПАНТОКАЛЬЦИН МНН ГРЛС | ПАНТОКАЛЬЦИН рецептурный безрецептурный ГРЛС | ПАНТОКАЛЬЦИН инструкция применение возраст дети взрослые,,https://aptekamos.ru/tovary/lekarstva/gopantenovaya-kislota-233/pantokalcin-tabletki-250mg-28284/instrukciya | https://megapteka.ru/specials/guide_pantokalcin-instrukciya-po-2426 | https://edu-rosminzdrav.ru/pantokalcin-mnn/ | https://www.apteka-april.ru/product/6844-pantokalcin_tabletki_250mg_50 | https://www.vidal.ru/drugs/pantocalcin__3368 | https://www.rlsnet.ru/drugs/pantokalcin-20951 | https://pharmproduct.ru/drugs/pantokalcin | https://allmed.pro/ru/drugs/pantokalcin | https://allmed.pro/ru/drugs/pantogam | https://grls.rosminzdrav.ru/ | https://www.rlsnet.ru/drugs/pantokalcin-20951 | https://megapteka.ru/specials/guide_pantokalcin-instrukciya-po-2426,"Инструкция Пантокальцин таблетки 250мг: показания и противопоказания ... | Пантокальцин инструкция по применению, цена: От чего помогает, побочные ... | Пантокальцин мнн - edu-rosminzdrav.ru | Пантокальцин таблетки 250мг №50 купить в аптеках Апрель, инструкция по ... | Пантокальцин инструкция по применению: показания, противопоказания ... | Пантокальцин — инструкция по применению, дозы, побочные действия ... | Пантокальцин — инструкция по применению, аналоги | PharmProduct | Пантокальцин рецепт, инструкция по применению, показания, аналоги, состав | Пантогам рецепт, инструкция по применению, показания, аналоги, состав | rosminzdrav.ru | Пантокальцин — инструкция по применению, дозы, побочные действия ... | Пантокальцин: инструкция по применению",aptekamos.ru | megapteka.ru | edu-rosminzdrav.ru | www.apteka-april.ru | www.vidal.ru | www.rlsnet.ru | pharmproduct.ru | allmed.pro | allmed.pro | grls.rosminzdrav.ru | www.rlsnet.ru | megapteka.ru,"status=ok | Category=Drug | mnn=Гопантеновая кислота | RX_OTC=RX | Age=Универсальный | Пантокальцин — лекарственный препарат, зарегистрированный в Государственном реестре лекарственных средств (ГРЛС). Его МНН — гопантеновая кислота (источник: pharmproduct.ru). Препарат обладает ноотропным и противосудорожным действием, повышает устойчивость мозга к гипоксии и…",rx,универсальный,False,redesign/artifacts/mnn_wave500_v3_searxng_raw.jsonl
11272,459,НООТРОП КАПС. №48 | ВИС ООО | ВИС ООО,,,ok,0,НООТРОП МНН ГРЛС | НООТРОП рецептурный безрецептурный ГРЛС | НООТРОП инструкция применение возраст дети взрослые,,https://www.rlsnet.ru/drugs/nootropil-65 | https://www.vidal.ru/drugs/nootropil__606 | https://www.neboleem.net/nootrop.php | https://www.vidal.ru/drugs/nootropil__607 | https://aptekamos.ru/tovary/lekarstva/piracetam-726/nootropil-tabletki-1200mg-7002/instrukciya | https://www.asna.ru/product/nootrop/instruction/ | https://medvisor.ru/medicine/drug/nootropil_37307/ | https://apteka-april.ru/product/89497-nootrop_kapsuly_48 | https://grls.rosminzdrav.ru/ | https://www.neboleem.net/nootrop.php | https://www.vidal.ru/drugs/clinic-pointer/02.15.01 | https://www.asna.ru/product/nootrop/instruction/,"Ноотропил — инструкция по применению, дозы, побочные действия, аналоги ... | Ноотропил инструкция по применению: показания, противопоказания ... | Таблетки Ноотроп - инструкция, состав, отзывы | Ноотропил инструкция по применению: показания, противопоказания ... | Инструкция Ноотропил таблетки 1200мг: показания и противопоказания ... | Ноотроп инструкция по применению, состав, побочные эффекты, показания ... | Ноотропил®: инструкция по применению, аналоги | МедВизор | Ноотроп капсулы №48 купить в аптеках Апрель, инструкция по применению | rosminzdrav.ru | Таблетки Ноотроп - инструкция, состав, отзывы | Ноотропные препараты - список препаратов из 02.15.01 входит в группу ... | Ноотроп инструкция по применению, состав, побочные эффекты, показания ...",www.rlsnet.ru | www.vidal.ru | www.neboleem.net | www.vidal.ru | aptekamos.ru | www.asna.ru | medvisor.ru | apteka-april.ru | grls.rosminzdrav.ru | www.neboleem.net | www.vidal.ru | www.asna.ru,"status=ok | Category=BAS | RX_OTC=not applicable | Age=Универсальный | Согласно найденным источникам, препарат «Ноотроп» является биологически активной добавкой (БАД), а не лекарственным средством. Например, на сайте neboleem.net указано, что «Ноотроп - нелекарственный препарат, относящийся к классу биологически активных добавок», а на asna.ru…",unknown,универсальный,True,redesign/artifacts/mnn_wave500_v3_searxng_raw.jsonl
12389,459,"МЯТЫ ПЕРЕЧНОЙ ЛИСТЬЯ Ф/П 1,5Г №20 ЗДОРОВЬЕ | ЗДОРОВЬЕ ФИРМА ООО | ЗДОРОВЬЕ ФИРМА ООО",,,ok_partial,2,Мяты перечной листья МНН ГРЛС | Мяты перечной листья рецептурный безрецептурный ГРЛС | Мяты перечной листья инструкция применение возраст дети взрослые,,https://www.lsgeotar.ru/drugs/peppermint-leaves-AGrj | https://allmed.pro/ru/drugs/mjaty-perechnoj-listja | https://www.vidal.ru/drugs/menthae_piperitae_folia__34177 | https://medum.ru/myaty-perechnoj-listya | https://www.vidal.ru/drugs/menthae_piperitae_folia__34177 | https://medum.ru/listya-myaty-perechnoy | https://medi.ru/instrukciya/myaty-perechnoy-listya_21404/ | https://health.mail.ru/drug/myaty-perechnoy-listya/ | https://zdesapteka.ru/instructions/myaty-perechnoy-listya/ | https://medi.ru/instrukciya/myaty-perechnoy-listya_21407/ | https://www.rlsnet.ru/drugs/myaty-perecnoi-listya-5753 | https://medvestnik.ru/ls/a0e3f218-ca42-497c-9c19-5c2a46e3f87f.html,"Мяты перечной листья - Информация о препарате - ЛС ГЭОТАР | Мяты перечной листья рецепт, инструкция по применению, показания ... | Мяты перечной листья инструкция по применению: показания ... | Мяты перечной листья — инструкция по применению | справочник ... | Мяты перечной листья инструкция по применению: показания ... | Мяты перечной листья — инструкция по применению | справочник ... | Мяты перечной листья измельченные - Лек С+ - официальная инструкция по ... | Мяты перечной листья None - инструкция по применению, цена, дозировки ... | Инструкция по применению Мяты перечной листья | Мяты перечной листья порошок - Фитофарм - официальная инструкция по ... | Мяты перечной листья — инструкция по применению, дозы, побочные ... | Мяты перечной листья: инструкция по применению, классификация",www.lsgeotar.ru | allmed.pro | www.vidal.ru | medum.ru | www.vidal.ru | medum.ru | medi.ru | health.mail.ru | zdesapteka.ru | medi.ru | www.rlsnet.ru | medvestnik.ru,"status=ok_partial | Category=Drug | RX_OTC=OTC | Age=Универсальный | Мяты перечной листья — лекарственное средство растительного происхождения. Согласно инструкциям, настой обладает спазмолитическим, успокаивающим, желчегонным, противорвотным и местнораздражающим действием (источники: lsgeotar.ru, vidal.ru). Препарат применяется внутрь 2-3 раза…",otc,универсальный,True,redesign/artifacts/mnn_wave500_v3_searxng_raw.jsonl
12495,459,МУКОСАТ МАЗЬ Д/НАРУЖ. ПРИМ. 5% ТУБА 30Г | ЗЕЛЕНАЯ ДУБРАВА ЗАО | ЗЕЛЕНАЯ ДУБРАВА ЗАО,Хондроитина Сульфат Натрия,enrichment,ok,0,Мукосат МНН ГРЛС | Мукосат рецептурный безрецептурный ГРЛС | Мукосат инструкция применение возраст дети взрослые,,https://www.rlsnet.ru/drugs/mukosat-5398 | https://diamed-pharma.ru/content/catalogfile/mukosat/mukosat-maz.pdf | https://www.vidal.ru/drugs/mucosat__18528 | https://allmed.pro/ru/drugs/mukosat | https://www.rlsnet.ru/drugs/mukosat-5398 | https://www.vidal.ru/drugs/mucosat__18528 | https://zdesapteka.ru/instructions/mukosat/ | https://medum.ru/mukosat | https://www.vidal.ru/drugs/mucosat__18528 | https://www.rlsnet.ru/drugs/mukosat-5398 | https://mukosat.ru/instruction-mukosat-solutionforinjection/ | https://health.mail.ru/drug/mukosat-1/,"Мукосат — инструкция по применению, дозы, побочные действия, аналоги ... | PDF МИНИСТЕРСТВО ЗДРАВООХРАНЕНИЯ РОССИЙСКОЙ ФЕДЕРАЦИИ ИНСТРУКЦИЯ П | Мукосат инструкция по применению: показания, противопоказания, побочное ... | Мукосат рецепт, инструкция по применению, показания, аналоги, состав | Мукосат — инструкция по применению, дозы, побочные действия, аналоги ... | Мукосат инструкция по применению: показания, противопоказания, побочное ... | Инструкция по применению Мукосат®, показания, состав, аналоги | Мукосат — инструкция по применению | справочник лекарственных ... | Мукосат инструкция по применению: показания, противопоказания, побочное ... | Мукосат — инструкция по применению, дозы, побочные действия, аналоги ... | Мукосат инъекции — инструкция, состав, способ применения | Мукосат мазь - инструкция по применению, цена, дозировки, аналоги ...",www.rlsnet.ru | diamed-pharma.ru | www.vidal.ru | allmed.pro | www.rlsnet.ru | www.vidal.ru | zdesapteka.ru | medum.ru | www.vidal.ru | www.rlsnet.ru | mukosat.ru | health.mail.ru,"status=ok | Category=Drug | mnn=хондроитина сульфат натрия | RX_OTC=RX | Age=Взрослый | Мукосат мазь 5% содержит действующее вещество хондроитина сульфат натрия (0,05 г на 1 г мази) (источник: https://diamed-pharma.ru/content/catalogfile/mukosat/mukosat-maz.pdf). Препарат относится к лекарственным средствам, влияющим на фосфорно-кальциевый обмен в хрящевой ткани,…",rx,взрослые,False,redesign/artifacts/mnn_wave500_v3_searxng_raw.jsonl
13533,459,МЕЛЬДОНИЙ КАПС. 500МГ №60 ФАРМСТАНДАРТ | ФАРМСТАНДАРТ-ЛЕКСРЕДСТВА ОАО | ФАРМСТАНДАРТ-ЛЕКСРЕДСТВА ОАО,Мельдоний,enrichment,ok,0,МЕЛЬДОНИЙ МНН ГРЛС | МЕЛЬДОНИЙ рецептурный безрецептурный ГРЛС | МЕЛЬДОНИЙ инструкция применение возраст дети взрослые,,https://grls.rosminzdrav.ru/ | https://allmed.pro/ru/drugs/meldonij | https://grls.rosminzdrav.ru/ | https://www.vidal.ru/drugs/meldonium__20587 | https://www.rlsnet.ru/drugs/meldonii-35454 | https://medum.ru/meldonium | https://www.asna.ru/product/meldoniy/instruction/ | https://www.vidal.ru/drugs/meldonium | https://health.mail.ru/drug/meldoniy/ | https://medspravochnik.com/drugs/serdechnye-preparaty/meldoniy/ | https://megapteka.ru/specials/guide_meldonij-instrukciya-po-5926 | https://www.pharmcontrol.ru/registry/drugs/12134/,"rosminzdrav.ru | Мельдоний рецепт, инструкция по применению, показания, аналоги, состав | rosminzdrav.ru | Мельдоний инструкция по применению: показания, противопоказания ... | Мельдоний — инструкция по применению, дозы, побочные действия, аналоги ... | Мельдоний — инструкция по применению | Medum.ru | Мельдоний инструкция по применению, состав, побочные эффекты, показания ... | Мельдоний инструкция по применению: показания, противопоказания ... | МЕЛЬДОНИЙ капсулы - инструкция по применению, цена, дозировки, аналоги ... | Мельдоний — инструкция по применению, показания, дозировки и побочные ... | Мельдоний инструкция по применению: Состав, для чего принимают ... | Мельдоний - ГРЛС - Фармконтроль",grls.rosminzdrav.ru | allmed.pro | grls.rosminzdrav.ru | www.vidal.ru | www.rlsnet.ru | medum.ru | www.asna.ru | www.vidal.ru | health.mail.ru | medspravochnik.com | megapteka.ru | www.pharmcontrol.ru,"status=ok | Category=Drug | mnn=Мельдоний | RX_OTC=RX | Age=Взрослый | Мельдоний является лекарственным средством (МНН: Мельдоний) согласно данным Государственного реестра лекарственных средств (ГРЛС) и других источников. В инструкции по применению указано, что капсулы противопоказаны детям и подросткам до 18 лет, что подтверждает его применение…",rx,взрослые,False,redesign/artifacts/mnn_wave500_v3_searxng_raw.jsonl
13616,459,"МЕЛИССЫ ЛЕКАРСТВЕННОЙ ТРАВА Ф/П 1,5Г №20 ЗДОРОВЬЕ | ЗДОРОВЬЕ ФИРМА ООО | ЗДОРОВЬЕ ФИРМА ООО",Melissae officinalis herba,enrichment,ok,0,МЕЛИССЫ ЛЕКАРСТВЕННОЙ ТРАВА МНН ГРЛС | МЕЛИССЫ ЛЕКАРСТВЕННОЙ ТРАВА рецептурный безрецептурный ГРЛС | МЕЛИССЫ ЛЕКАРСТВЕННОЙ ТРАВА инструкция применение возраст дети взрослые,,https://www.vidal.ru/drugs/melissae_officinalis_herba__30679 | https://medum.ru/melissa-officinalis | https://medum.ru/trava-melissy-lekarstvennoj | https://medvisor.ru/medicine/drug/melissy-lekarstvennoy-trava_36103/ | https://www.vidal.ru/drugs/melissae_officinalis_herba__30679 | https://medum.ru/trava-melissy-lekarstvennoj | https://allmed.pro/drugs/melissy-lekarstvennoj-trava | https://medi.ru/instrukciya/melissy-lekarstvennoj-trava_496/ | https://medvestnik.ru/ls/a0e3fcad-d504-45d1-ae21-59dced8e590f.html | https://www.vidal.ru/drugs/melissae_officinalis_herba__30679 | https://medum.ru/melissa-officinalis | https://medi.ru/instrukciya/melissy-lekarstvennoj-trava_496/,"Мелиссы лекарственной трава инструкция по применению: показания ... | Мелиссы лекарственной трава — инструкция по применению | Medum.ru | Мелиссы лекарственной трава — инструкция по применению | справочник ... | Мелиссы лекарственной трава: инструкция по применению, аналоги | МедВизор | Мелиссы лекарственной трава инструкция по применению: показания ... | Мелиссы лекарственной трава — инструкция по применению | справочник ... | Мелиссы лекарственной трава рецепт, инструкция по применению, показания ... | Мелиссы лекарственной трава - инструкция по применению | Мелиссы лекарственной трава: инструкция по применению, классификация ... | Мелиссы лекарственной трава инструкция по применению: показания ... | Мелиссы лекарственной трава — инструкция по применению | Medum.ru | Мелиссы лекарственной трава - инструкция по применению",www.vidal.ru | medum.ru | medum.ru | medvisor.ru | www.vidal.ru | medum.ru | allmed.pro | medi.ru | medvestnik.ru | www.vidal.ru | medum.ru | medi.ru,"status=ok | Category=Drug | mnn=Melissae officinalis herba | RX_OTC=OTC | Age=Взрослый | Мелиссы лекарственной трава является лекарственным растительным сырьем (сырье растительное измельченное). Согласно инструкции, настой травы оказывает мягкое успокаивающее действие и обладает умеренными спазмолитическими свойствами. Применяется у взрослых при повышенной…",otc,взрослые,False,redesign/artifacts/mnn_wave500_v3_searxng_raw.jsonl
15070,459,ЛИЗИНОПРИЛ ТАБЛ. 5МГ №30 БИОХИМИК | БИОХИМИК АО | БИОХИМИК АО,Лизиноприл,enrichment,ok,0,Лизиноприл МНН ГРЛС | Лизиноприл рецептурный безрецептурный ГРЛС | Лизиноприл инструкция применение возраст дети взрослые,,https://aptekamos.ru/tovary/lekarstva/lizinopril-483/lizinopril-tabletki-2-5mg-45536/instrukciya | https://www.vidal.ru/drugs/lisinopril__13042 | https://allmed.pro/ru/drugs/lizinopril | https://www.rlsnet.ru/drugs/lizinopril-25120 | https://www.vidal.ru/drugs/lisinopril__13042 | https://www.vidal.ru/drugs/lisinopril__13042 | https://www.rlsnet.ru/drugs/lizinopril-25120 | https://www.vidal.ru/drugs/lisinopril__5200 | https://medi.ru/instrukciya/lizinopril-obl_20823/ | https://aptekamos.ru/tovary/lekarstva/lizinopril-483/lizinopril-tabletki-2-5mg-45536/instrukciya | https://medspravochnik.com/drugs/antigipertenzivnye/lizinopril/ | https://yandex.ru/medicine/medicaments/lizinopril,"Инструкция Лизиноприл таблетки 2,5мг: показания и противопоказания ... | Лизиноприл инструкция по применению: показания, противопоказания ... | Лизиноприл рецепт, инструкция по применению, показания, аналоги, состав | Лизиноприл — инструкция по применению, дозы, побочные действия, аналоги ... | Лизиноприл инструкция по применению: показания, противопоказания ... | Лизиноприл инструкция по применению: показания, противопоказания ... | Лизиноприл — инструкция по применению, дозы, побочные действия, аналоги ... | Лизиноприл инструкция по применению: показания, противопоказания ... | Лизиноприл-obl - Инструкция По Применению | Инструкция Лизиноприл таблетки 2,5мг: показания и противопоказания ... | Лизиноприл — инструкция по применению, показания, дозировки и побочные ... | Лизиноприл — инструкция по применению, противопоказания, побочные эффекты",aptekamos.ru | www.vidal.ru | allmed.pro | www.rlsnet.ru | www.vidal.ru | www.vidal.ru | www.rlsnet.ru | www.vidal.ru | medi.ru | aptekamos.ru | medspravochnik.com | yandex.ru,"status=ok | Category=Drug | mnn=Лизиноприл | RX_OTC=RX | Age=Универсальный | Лизиноприл является лекарственным средством (МНН: Лизиноприл) и относится к ингибиторам АПФ. Согласно инструкции, он применяется для снижения артериального давления и уменьшения альбуминурии. Препарат отпускается по рецепту (в ГРЛС указано ""По рецепту""). Инструкция для взрослых…",rx,универсальный,False,redesign/artifacts/mnn_wave500_v3_searxng_raw.jsonl
15076,459,ЛИЗИНОПРИЛ ТАБЛ. 20МГ №20 ПРАНАФАРМ | ПРАНАФАРМ ООО | ПРАНАФАРМ ООО,Лизиноприл,enrichment,ok,0,ЛИЗИНОПРИЛ МНН ГРЛС | ЛИЗИНОПРИЛ рецептурный безрецептурный ГРЛС | ЛИЗИНОПРИЛ инструкция применение возраст дети взрослые,,https://aptekamos.ru/tovary/lekarstva/lizinopril-483/lizinopril-tabletki-2-5mg-45536/instrukciya | https://www.vidal.ru/drugs/lisinopril__13042 | https://www.rlsnet.ru/drugs/lizinopril-25120 | https://grls.rosminzdrav.ru/ | https://allmed.pro/ru/drugs/lizinopril | https://www.vidal.ru/drugs/lisinopril__13042 | https://www.rlsnet.ru/drugs/lizinopril-25120 | https://aptekamos.ru/tovary/lekarstva/lizinopril-483/lizinopril-tabletki-2-5mg-45536/instrukciya | https://medspravochnik.com/drugs/antigipertenzivnye/lizinopril/ | https://medi.ru/instrukciya/lizinopril-obl_20823/ | https://yandex.ru/medicine/medicaments/lizinopril | https://medum.ru/lisinopril,"Инструкция Лизиноприл таблетки 2,5мг: показания и противопоказания ... | Лизиноприл инструкция по применению: показания, противопоказания ... | Лизиноприл — инструкция по применению, дозы, побочные действия, аналоги ... | rosminzdrav.ru | Лизиноприл рецепт, инструкция по применению, показания, аналоги, состав | Лизиноприл инструкция по применению: показания, противопоказания ... | Лизиноприл — инструкция по применению, дозы, побочные действия, аналоги ... | Инструкция Лизиноприл таблетки 2,5мг: показания и противопоказания ... | Лизиноприл — инструкция по применению, показания, дозировки и побочные ... | Лизиноприл-obl - Инструкция По Применению | Лизиноприл — инструкция по применению, противопоказания, побочные эффекты | Лизиноприл — инструкция по применению | Medum.ru",aptekamos.ru | www.vidal.ru | www.rlsnet.ru | grls.rosminzdrav.ru | allmed.pro | www.vidal.ru | www.rlsnet.ru | aptekamos.ru | medspravochnik.com | medi.ru | yandex.ru | medum.ru,"status=ok | Category=Drug | mnn=Лизиноприл | RX_OTC=RX | Age=Взрослый | Лизиноприл является лекарственным средством (МНН: Лизиноприл). Согласно данным Государственного реестра лекарственных средств (ГРЛС), препарат отпускается по рецепту (источник: grls.pharm-portal.ru). Инструкции указывают, что препарат применяется у взрослых, например, в…",rx,взрослые,False,redesign/artifacts/mnn_wave500_v3_searxng_raw.jsonl
16485,459,КРУШИНЫ КОРА Ф/П 2Г №20 ФИТО-БОТ | ФИТО-БОТ ФИРМА ООО | ФИТО-БОТ ФИРМА ООО,Крушины ольховидной кора,enrichment,ok,0,Крушины кора МНН ГРЛС | Крушины кора рецептурный безрецептурный ГРЛС | Крушины кора инструкция применение возраст дети взрослые,,https://www.lsgeotar.ru/drugs/ACFL | https://www.lsgeotar.ru/drugs/cortex-frangulae-ACWq | https://apteka-april.ru/product/66445-krushina_kora_pachka_50g | https://health.mail.ru/drug/krushiny-kora-1/ | https://medi.ru/instrukciya/krushiny-kora_25741/ | https://www.webapteka.ru/drugbase/name3411.html | https://medi.ru/instrukciya/krushiny-kora_25745/ | https://www.vidal.ru/drugs/frangulae_cortex__30274 | https://apteka.ru/product/krushiny-kora-50-gr-5e326a7865b5ab0001652316/instructions/ | https://apteka.ru/product/krushiny-kora-500-ivan-chaj-61e6819ee21d5bb546fa6186/instructions/ | https://megapteka.ru/specials/guide_krushiny-kora-instrukciya-4565 | https://vaskov.pro/grls/0ae95063-9f67-1508-819f-67e821d700b6,"Крушины кора - Информация о препарате - ЛС ГЭОТАР | Крушины кора - Информация о препарате - ЛС ГЭОТАР | Крушина кора пачка 50г купить в аптеках Апрель, инструкция по применению | Крушины кора порошок - инструкция по применению, цена, дозировки ... | Крушины кора порошок - Красногорсклексредства - официальная инструкция ... | Крушины кора — инструкция по применению, описание, вопросы по препарату | Крушины кора - Ст.-Медифарм - инструкция по применению | Крушины кора инструкция по применению: показания, противопоказания ... | Крушины кора 50 гр инструкция по применению Apteka.ru | Инструкция по применению КРУШИНЫ КОРА 50,0 /ИВАН-ЧАЙ/ | Крушины кора: инструкция по применению | Крушины Кора — Ру Лп-№(014171)-(Рг-ru) В Грлс · Госаналитика",www.lsgeotar.ru | www.lsgeotar.ru | apteka-april.ru | health.mail.ru | medi.ru | www.webapteka.ru | medi.ru | www.vidal.ru | apteka.ru | apteka.ru | megapteka.ru | vaskov.pro,"status=ok | Category=Drug | mnn=Крушины ольховидной кора | RX_OTC=OTC | Age=Универсальный | Крушины кора — лекарственный препарат, зарегистрированный в ГРЛС (например, ЛП-№(014171)-(РГ-RU), Р N000922/02). Действующее вещество — крушины ольховидной кора. Отвар оказывает слабительное действие. Согласно инструкциям, применяется взрослыми и детьми старше 12 лет (например,…",otc,универсальный,False,redesign/artifacts/mnn_wave500_v3_searxng_raw.jsonl
17516,459,КЛАРИТРОМИЦИН-OBL ТАБЛ. П/ПЛЕН/ОБ. 500МГ №7 АЛИУМ | АЛИУМ АО | АЛИУМ АО,Кларитромицин,enrichment,ok,0,КЛАРИТРОМИЦИН-OBL МНН ГРЛС | КЛАРИТРОМИЦИН-OBL рецептурный безрецептурный ГРЛС | КЛАРИТРОМИЦИН-OBL инструкция применение возраст дети взрослые,,https://aptekamos.ru/tovary/lekarstva/klaritromicin-428/klaritromicin-obl-tabletki-500mg-68016/instrukciya | https://www.vidal.ru/drugs/clarithromycin-obl__22364 | https://health.mail.ru/drug/klaritromitsinobl/ | https://medum.ru/klaritromicin-obl | https://www.rlsnet.ru/drugs/klaritromicin-obl-41864 | https://medum.ru/klaritromicin-obl-tabletki | https://allmed.pro/ru/drugs/klaritromicin | https://health.mail.ru/drug/klaritromitsinobl/ | https://aptekamos.ru/tovary/lekarstva/klaritromicin-428/klaritromicin-obl-tabletki-500mg-68016/instrukciya | https://www.rlsnet.ru/drugs/klaritromicin-obl-41864 | https://docteka.ru/analogs/drug/9094/1 | https://www.rlsnet.ru/drugs/klaritromicin-21505,"Инструкция По Применению Кларитромицин-obl Таблетки 500мг: Показания И ... | Кларитромицин-obl Инструкция По Применению: Показания, Противопоказания ... | Кларитромицин-obl Таблетки - Инструкция По Применению, Цена, Дозировки ... | Кларитромицин-obl — Инструкция По Применению | Справочник Лекарственных ... | Кларитромицин-obl — Инструкция По Применению, Дозы, Побочные Действия ... | Кларитромицин-obl Таблетки — Инструкция По Применению, Цена, Отзывы ... | Кларитромицин рецепт, инструкция по применению, показания, аналоги, состав | Кларитромицин-obl Таблетки - Инструкция По Применению, Цена, Дозировки ... | Инструкция По Применению Кларитромицин-obl Таблетки 500мг: Показания И ... | Кларитромицин-obl — Инструкция По Применению, Дозы, Побочные Действия ... | Кларитромицин-obl, Инструкция, Противопоказания, Цена | Кларитромицин — инструкция по применению, дозы, побочные действия ...",aptekamos.ru | www.vidal.ru | health.mail.ru | medum.ru | www.rlsnet.ru | medum.ru | allmed.pro | health.mail.ru | aptekamos.ru | www.rlsnet.ru | docteka.ru | www.rlsnet.ru,"status=ok | Category=Drug | mnn=Кларитромицин | RX_OTC=RX | Age=Универсальный | Кларитромицин-OBL является полусинтетическим антибиотиком группы макролидов, действующим бактериостатически и бактерицидно (источники: aptekamos.ru, vidal.ru). Препарат применяется внутрь: для взрослых и детей старше 12 лет разовая доза составляет 250-500 мг 2 раза в сутки, для…",rx,универсальный,False,redesign/artifacts/mnn_wave500_v3_searxng_raw.jsonl
18125,459,КАНДЕСАРТАН ТАБЛ. 16МГ №28 БЕРЕЗОВСКИЙ ФЗ | БЕРЕЗОВСКИЙ ФЗ | БЕРЕЗОВСКИЙ ФЗ,Кандесартан,enrichment,ok,0,КАНДЕСАРТАН МНН ГРЛС | КАНДЕСАРТАН рецептурный безрецептурный ГРЛС | КАНДЕСАРТАН инструкция применение возраст дети взрослые,,https://aptekamos.ru/tovary/lekarstva/kandesartan-6352/kandesartan-tabletki-8mg-107766/instrukciya | https://www.vidal.ru/drugs/candesartan | https://www.rlsnet.ru/drugs/kandesartan-79949 | https://www.vidal.ru/drugs/candesartan | https://www.vidal.ru/drugs/molecule-in/164 | https://www.rlsnet.ru/drugs/kandesartan-79949 | https://www.vidal.ru/drugs/candesartan | https://aptekamos.ru/tovary/lekarstva/kandesartan-6352/kandesartan-tabletki-8mg-107766/instrukciya | https://medi.ru/instrukciya/kandesartan_20216/ | https://www.rlsnet.ru/drugs/kandesartan-farmasintez-91040 | https://www.webapteka.ru/drugbase/name71658.html | https://medum.ru/kandesartan,"Инструкция Кандесартан таблетки 8мг: показания и противопоказания ... | Кандесартан инструкция по применению: показания, противопоказания ... | Кандесартан — инструкция по применению, дозы, побочные действия ... | Кандесартан инструкция по применению: показания, противопоказания ... | Список Препаратов С Кандесартан - Активное Вещество Candesartan В ... | Кандесартан — инструкция по применению, дозы, побочные действия ... | Кандесартан инструкция по применению: показания, противопоказания ... | Инструкция Кандесартан таблетки 8мг: показания и противопоказания ... | Кандесартан - БФЗ - инструкция по применению | Кандесартан Фармасинтез — инструкция по применению, дозы, побочные ... | Кандесартан — инструкция по применению, описание, вопросы по препарату | Кандесартан — инструкция по применению | Medum.ru",aptekamos.ru | www.vidal.ru | www.rlsnet.ru | www.vidal.ru | www.vidal.ru | www.rlsnet.ru | www.vidal.ru | aptekamos.ru | medi.ru | www.rlsnet.ru | www.webapteka.ru | medum.ru,"status=ok | Category=Drug | mnn=кандесартан | RX_OTC=RX | Age=Универсальный | Кандесартан является лекарственным средством, действующим веществом которого является кандесартан (кандесартана цилексетил). Согласно данным Государственного реестра лекарственных средств (ГРЛС), препарат отпускается по рецепту (источник:…",rx,универсальный,False,redesign/artifacts/mnn_wave500_v3_searxng_raw.jsonl
18179,459,КАЛЬЦИЯ ГЛЮКОНАТ ЭКО ТАБЛ. ПО 500МГ №10 | ЭКОТЕКС ООО | ЭКОТЕКС ООО,,,ok,0,КАЛЬЦИЯ ГЛЮКОНАТ ЭКО МНН ГРЛС | КАЛЬЦИЯ ГЛЮКОНАТ ЭКО рецептурный безрецептурный ГРЛС | КАЛЬЦИЯ ГЛЮКОНАТ ЭКО инструкция применение возраст дети взрослые,,https://aptekamos.ru/tovary/lekarstva/kalciya-glyukonat-390/kalciya-glyukonat-tabletki-500mg-3949/instrukciya | https://www.rlsnet.ru/baa/kalciya-glyukonat-eko-77080 | https://medum.ru/kalciya-glyukonat-ehko | https://medum.ru/kalciya-glyukonat-ehko-tabletki | https://www.vidal.ru/drugs/calcium_gluconate__30260 | https://medum.ru/kalciya-glyukonat-ehko | https://www.lsgeotar.ru/supplements/calcium-gluconate-eco-without-flavoring-ABDZ | https://medum.ru/kalciya-glyukonat-ehko-tabletki | https://www.rlsnet.ru/baa/kalciya-glyukonat-eko-77080 | https://bz.medvestnik.ru/drugs/8697.html | https://www.webapteka.ru/drugbase/name65668.html | https://www.lsgeotar.ru/ko/kaltsiya-gliukonat-eko-bez-aromatizatora-16486.html,"Инструкция Кальция глюконат таблетки 500мг: показания и ... | Кальция глюконат «Эко» — инструкция по применению, аналоги, форма выпуска | Кальция глюконат «Эко» — инструкция по применению | справочник ... | Кальция глюконат «Эко» таблетки — инструкция по применению ... | Кальция глюконат инструкция по применению: показания, противопоказания ... | Кальция глюконат «Эко» — инструкция по применению | справочник ... | Кальция глюконат ""Эко"" (без ароматизатора) - Общая информация - ЛС ГЭОТАР | Кальция глюконат «Эко» таблетки — инструкция по применению ... | Кальция глюконат «Эко» — инструкция по применению, аналоги, форма выпуска | Кальция глюконат Эко: инструкция по применению, классификация, статьи | Кальция глюконат Эко — инструкция по применению, описание, вопросы по ... | Кальция глюконат ""Эко"" (без ароматизатора) - инструкция по применению ...",aptekamos.ru | www.rlsnet.ru | medum.ru | medum.ru | www.vidal.ru | medum.ru | www.lsgeotar.ru | medum.ru | www.rlsnet.ru | bz.medvestnik.ru | www.webapteka.ru | www.lsgeotar.ru,"status=ok | Category=BAS | mnn=Кальция глюконат | RX_OTC=not applicable | Age=Универсальный | Согласно найденным источникам, препарат 'Кальция глюконат Эко' является биологически активной добавкой к пище (БАД), а не лекарственным средством. В инструкции на сайте lsgeotar.ru указано: 'Для реализации населению в качестве биологически активной добавки к пище -…",unknown,универсальный,True,redesign/artifacts/mnn_wave500_v3_searxng_raw.jsonl
18306,459,КАЛЕНДУЛЫ НАСТОЙКА ФЛ. 25МЛ ИВАНОВСКАЯ ФФ | ИВАНОВСКАЯ ФФ | ИВАНОВСКАЯ ФФ,Календулы лекарственной цветков настойка,enrichment,ok,0,Календулы настойка МНН ГРЛС | Календулы настойка рецептурный безрецептурный ГРЛС | Календулы настойка инструкция применение возраст дети взрослые,,https://www.vidal.ru/drugs/calendulae_tinctura__22389 | https://www.lsgeotar.ru/drugs/calendulae-tinctura-AFRL | https://www.vidal.ru/drugs/calendulae_tinctura__22389 | https://medi.ru/instrukciya/kalenduly-nastoyka_20077/ | https://www.vidal.ru/drugs/calendulae_tinctura__30255 | https://allmed.pro/ru/drugs/kalenduly-nastojka | https://www.vidal.ru/drugs/calendulae_tinctura__22389 | https://www.vidal.ru/drugs/calendulae_tinctura__30255 | https://www.rlsnet.ru/drugs/kalenduly-nastoika-4328 | https://medi.ru/instrukciya/kalenduly-nastoyka_20077/ | https://medi.ru/instrukciya/kalenduly-nastoyka_20068/ | https://apteka.ru/product/kalenduly-nastojka-25-ml-5e32758ef5a9ae000140e732/instructions/,"Календулы настойка инструкция по применению: показания ... | Календулы настойка - Информация о препарате - ЛС ГЭОТАР | Календулы настойка инструкция по применению: показания ... | Календулы настойка - Московская фармфабрика - официальная инструкция по ... | Календулы настойка инструкция по применению: показания ... | Календулы настойка рецепт, инструкция по применению, показания, аналоги ... | Календулы настойка инструкция по применению: показания ... | Календулы настойка инструкция по применению: показания ... | Календулы настойка — инструкция по применению, дозы, побочные действия ... | Календулы настойка - Московская фармфабрика - официальная инструкция по ... | Календулы настойка - Обновление - инструкция по применению | Календулы настойка 25 мл инструкция по применению Apteka.ru",www.vidal.ru | www.lsgeotar.ru | www.vidal.ru | medi.ru | www.vidal.ru | allmed.pro | www.vidal.ru | www.vidal.ru | www.rlsnet.ru | medi.ru | medi.ru | apteka.ru,"status=ok | Category=Drug | mnn=Календулы лекарственной цветков настойка | RX_OTC=OTC | Age=Взрослый | Календулы настойка является лекарственным препаратом растительного происхождения, оказывающим антисептическое, желчегонное, спазмолитическое и местное противовоспалительное действие (источники: vidal.ru, lsgeotar.ru). Согласно ГРЛС, МНН — Календулы лекарственной цветков…",otc,взрослые,False,redesign/artifacts/mnn_wave500_v3_searxng_raw.jsonl
18377,459,ЙОД Р-Р Д/НАРУЖ. ПРИМ. СПИРТ. 5% ФЛ. 25МЛ ГИППОКРАТ | ГИППОКРАТ | ГИППОКРАТ,Йод,enrichment,ok,0,Йод МНН ГРЛС | Йод рецептурный безрецептурный ГРЛС | Йод инструкция применение возраст дети взрослые,,https://grls.rosminzdrav.ru/ | https://medum.ru/yod | https://health.mail.ru/drug/yod-1/ | https://www.asna.ru/product/yod/instruction/ | https://medvestnik.ru/ls/a0e408e8-037d-4841-9c00-5e7d3c0c3b73.html | https://www.rlsnet.ru/drugs/iod-4317 | https://medvestnik.ru/ls/a0e408b6-5623-49d0-8e76-2c4b88159170.html | https://www.vidal.ru/drugs/iod__30469 | https://health.mail.ru/drug/yodaktiv/ | https://grls.pharm-portal.ru/grls/0efe7948-1715-4ee7-83d4-da16dbf52052 | https://grls.pharm-portal.ru/grls/68797fc5-b5e7-4391-955b-199ba6c96f47 | https://zdravmedinform.ru/grls/reg-ls-000279.html,"rosminzdrav.ru | Йод — инструкция по применению | Medum.ru | Йод раствор - инструкция по применению, цена, дозировки, аналоги ... | Йод инструкция по применению, состав, побочные эффекты, показания ... | Йод: инструкция по применению, классификация » Медвестник | Йод — инструкция по применению, дозы, побочные действия, аналоги ... | Йод: инструкция по применению, классификация » Медвестник | Йод инструкция по применению: показания, противопоказания, побочное ... | ЙОД-АКТИВ таблетки - инструкция по применению, цена, дозировки, аналоги ... | Йод - ГРЛС: Справочник РУ - Государственный реестр лекарственных средств | Йод - ГРЛС: Справочник РУ - Государственный реестр лекарственных средств | Йод | ЛС-000279 | ГРЛС 2026",grls.rosminzdrav.ru | medum.ru | health.mail.ru | www.asna.ru | medvestnik.ru | www.rlsnet.ru | medvestnik.ru | www.vidal.ru | health.mail.ru | grls.pharm-portal.ru | grls.pharm-portal.ru | zdravmedinform.ru,"status=ok | Category=Drug | mnn=Йод | RX_OTC=RX | Age=Универсальный | Препарат Йод является лекарственным средством (МНН: Йод). Согласно данным Государственного реестра лекарственных средств, он отпускается по рецепту (источник: https://grls.pharm-portal.ru/grls/0efe7948-1715-4ee7-83d4-da16dbf52052). Инструкция по применению указывает, что…",rx,универсальный,False,redesign/artifacts/mnn_wave500_v3_searxng_raw.jsonl
18418,459,ЙОВИДОКС МАЗЬ Д/НАРУЖ. ПРИМ. 10% ТУБА 20Г | Тульская фармацевтическая фабрика ООО | Тульская фармацевтическая фабрика ООО,Повидон-йод,enrichment,ok,0,Йовидокс МНН ГРЛС | Йовидокс рецептурный безрецептурный ГРЛС | Йовидокс инструкция применение возраст дети взрослые,,https://pharmproduct.ru/drugs/iovidoks | https://grls.rosminzdrav.ru/ | http://drugs.thead.ru/Yovidoks | https://grls.rosminzdrav.ru/ | https://pharmproduct.ru/drugs/iovidoks | https://medvisor.ru/medicine/drug/yovidoks_34147/ | https://www.vidal.ru/drugs/iovidox | https://health.mail.ru/drug/yovidoks-3/ | https://medi.ru/instrukciya/yovidox_15097/ | https://health.mail.ru/drug/yovidoks-2/ | https://medum.ru/jovidoks | https://www.vidal.ru/drugs/iovidox-2,"Йовидокс — инструкция по применению, аналоги | PharmProduct | rosminzdrav.ru | Йовидокс (Povidone-Iodine) — Инструкция к препарату | Фармакологическая ... | rosminzdrav.ru | Йовидокс — инструкция по применению, аналоги | PharmProduct | Йовидокс: инструкция по применению, аналоги | МедВизор | Йовидокс инструкция по применению: показания, противопоказания ... | Йовидокс свечи - инструкция по применению, цена, дозировки, аналоги ... | Йовидокс суппозитории - инструкция по применению | Йовидокс раствор - инструкция по применению, цена, дозировки, аналоги ... | Йовидокс — инструкция по применению | справочник лекарственных ... | Йовидокс инструкция по применению: показания, противопоказания ...",pharmproduct.ru | grls.rosminzdrav.ru | drugs.thead.ru | grls.rosminzdrav.ru | pharmproduct.ru | medvisor.ru | www.vidal.ru | health.mail.ru | medi.ru | health.mail.ru | medum.ru | www.vidal.ru,"status=ok | Category=Drug | mnn=повидон-йод | RX_OTC=RX | Age=Универсальный | Йовидокс — лекарственный препарат, действующее вещество повидон-йод (Povidone-Iodine). Согласно данным ГРЛС, держатель регистрационного удостоверения — Тульская фармацевтическая фабрика (ООО), регистрационное удостоверение ЛП-007583 (источник:…",rx,универсальный,False,redesign/artifacts/mnn_wave500_v3_searxng_raw.jsonl
18473,459,ИТОПРИД ВЕЛФАРМ ТАБЛ. П/ПЛЕН/ОБ. 50МГ №40 | ВЕЛФАРМ ООО | ВЕЛФАРМ ООО,Итоприд,enrichment,ok,0,ИТОПРИД ВЕЛФАРМ МНН ГРЛС | ИТОПРИД ВЕЛФАРМ рецептурный безрецептурный ГРЛС | ИТОПРИД ВЕЛФАРМ инструкция применение возраст дети взрослые,,https://www.vidal.ru/drugs/itopride | https://aptekamos.ru/tovary/lekarstva/itoprid-10274/itoprid-velfarm-tabletki-50mg-111695/instrukciya | https://www.rlsnet.ru/drugs/itoprid-velfarm-90619 | https://aptekamos.ru/tovary/lekarstva/itoprid-10274/itoprid-velfarm-tabletki-50mg-111695/instrukciya | https://apteka.ru/product/itoprid-velfarm-50-mg-100-sht-blister-tabletki-pokrytye-plenochnoj-obolochkoj-690c5d077f2bfb856e951097/instructions/ | https://www.vidal.ru/drugs/itopride | https://www.rlsnet.ru/drugs/itoprid-velfarm-90619 | https://aptekamos.ru/tovary/lekarstva/itoprid-10274/itoprid-velfarm-tabletki-50mg-111695/instrukciya | https://www.vidal.ru/drugs/itopride-2 | https://medvestnik.ru/ls/a0e40785-e934-4bf5-a910-6902a5d322da.html | https://apteka.ru/product/itoprid-velfarm-50-mg-100-sht-blister-tabletki-pokrytye-plenochnoj-obolochkoj-690c5d077f2bfb856e951097/instructions/ | https://www.rlsnet.ru/drugs/itoprid-velfarm-90619,"Итоприд инструкция по применению: показания, противопоказания, побочное ... | Инструкция по применению Итоприд Велфарм таблетки 50мг: показания и ... | ИТОПРИД ВЕЛФАРМ — инструкция по применению, дозы, побочные действия ... | Инструкция по применению Итоприд Велфарм таблетки 50мг: показания и ... | Инструкция по применению Итоприд велфарм 50 мг 100 шт. блистер таблетки ... | Итоприд инструкция по применению: показания, противопоказания, побочное ... | ИТОПРИД ВЕЛФАРМ — инструкция по применению, дозы, побочные действия ... | Инструкция по применению Итоприд Велфарм таблетки 50мг: показания и ... | Итоприд инструкция по применению: показания, противопоказания, побочное ... | ИТОПРИД: инструкция по применению, классификация | Инструкция по применению Итоприд велфарм 50 мг 100 шт. блистер таблетки ... | ИТОПРИД ВЕЛФАРМ — инструкция по применению, дозы, побочные действия ...",www.vidal.ru | aptekamos.ru | www.rlsnet.ru | aptekamos.ru | apteka.ru | www.vidal.ru | www.rlsnet.ru | aptekamos.ru | www.vidal.ru | medvestnik.ru | apteka.ru | www.rlsnet.ru,"status=ok | Category=Drug | mnn=Итоприд | RX_OTC=RX | Age=Взрослый | Препарат ИТОПРИД ВЕЛФАРМ содержит действующее вещество итоприд (МНН: Итоприд) и относится к лекарственным средствам, стимулирующим моторику ЖКТ. Согласно инструкции, он показан к применению у взрослых и подростков в возрасте от 16 лет для лечения желудочно-кишечных симптомов,…",rx,взрослые,False,redesign/artifacts/mnn_wave500_v3_searxng_raw.jsonl
18830,459,ИЗЖОГАНЕТ АНТАЦИДНЫЙ КОМПЛЕКС СО ВКУСОМ МЯТЫ ТАБЛ. 600МГ №40 | ГРИН САЙД ООО | ГРИН САЙД ООО,,,ok,0,ИЗЖОГАНЕТ АНТАЦИДНЫЙ КОМПЛЕКС МНН ГРЛС | ИЗЖОГАНЕТ АНТАЦИДНЫЙ КОМПЛЕКС рецептурный безрецептурный ГРЛС | ИЗЖОГАНЕТ АНТАЦИДНЫЙ КОМПЛЕКС инструкция применение возраст дети взрослые,,https://www.rlsnet.ru/baa/antacidnyi-kompleks-izzoganet-86401 | https://aptekamos.ru/tovary/bad/greenside-17060/greenside-antacidnyyo-kompleks-izzhoganet-tabletki-so-vkusom-myaty-600mg-107606/instrukciya | https://www.rlsnet.ru/baa/antacidnyi-kompleks-izzoganet-86401 | https://www.rlsnet.ru/baa/antacidnyi-kompleks-izzoganet-86401 | https://aptekamos.ru/tovary/bad/greenside-17060/greenside-antacidnyyo-kompleks-izzhoganet-tabletki-so-vkusom-myaty-600mg-107606/instrukciya | https://apteka.ru/product/green-side-antaczidnyj-kompleks-izzhoganet-so-vkusom-myaty-n40-tabl-massoj-600mg-602e25e6152591d9cd4dc6f2/instructions/ | https://aptekamos.ru/tovary/bad/greenside-17060/greenside-antacidnyyo-kompleks-izzhoganet-tabletki-so-vkusom-apelsina-600mg-107605/instrukciya | https://yandex.ru/medicine/medicaments/antatsidnyj-kompleks-izzhoganet | https://yandex.ru/medicine/medicaments/green-side-antatsidnyj-kompleks-izzhoganet-tabletki-po-600-mg-so-vkusom-apel-sina-20-sht | https://www.rigla.ru/product/izzhoganet-antatsidnyy-kompleks-so-vkusom-myaty-tab-600mg-no20-bad-4999901 | https://spb.budzdorov.ru/product/izzhoganet-antatsidnyy-kompleks-so-vkusom-apelsina-tab-600mg-no20-bad-4999853 | https://yandex.ru/medicine/medicaments/antatsidnyj-kompleks-izzhoganet,"Антацидный комплекс Изжоганет — инструкция по применению, аналоги ... | Инструкция по применению GreenSide ""Антацидный комплекс Изжоганет ... | Антацидный комплекс Изжоганет — инструкция по применению, аналоги ... | Антацидный комплекс Изжоганет — инструкция по применению, аналоги ... | Инструкция по применению GreenSide ""Антацидный комплекс Изжоганет ... | Инструкция По Применению Green Side Антацидный Комплекс Изжоганет Со ... | Инструкция по применению GreenSide ""Антацидный комплекс Изжоганет ... | Антацидный комплекс Изжоганет | Green Side Антацидный комплекс Изжоганет таблетки по 600 мг со вкусом ... | Изжоганет Антацидный комплекс со вкусом мяты таблетки 600мг № 20 БАД | Изжоганет Антацидный комплекс со вкусом апельсина таб. 600мг №20 БАД | Антацидный комплекс Изжоганет",www.rlsnet.ru | aptekamos.ru | www.rlsnet.ru | www.rlsnet.ru | aptekamos.ru | apteka.ru | aptekamos.ru | yandex.ru | yandex.ru | www.rigla.ru | spb.budzdorov.ru | yandex.ru,"status=ok | Category=BAS | RX_OTC=not applicable | Age=Взрослый | Изжоганет Антацидный комплекс является биологически активной добавкой (БАД) к пище, а не лекарственным средством. Согласно инструкции, он способствует устранению изжоги, чувства тяжести в желудке, отрыжки и улучшению пищеварения. Рекомендуется взрослым по 2-4 таблетки в день,…",unknown,взрослые,True,redesign/artifacts/mnn_wave500_v3_searxng_raw.jsonl
18925,459,ИБУПРОФЕН ВЕЛФАРМ ТАБЛ. П/ПЛЕН/ОБ. 400МГ №30 УРАЛБИОФАРМ | УРАЛБИОФАРМ ОАО | УРАЛБИОФАРМ ОАО,Ибупрофен,enrichment,ok,0,ИБУПРОФЕН ВЕЛФАРМ МНН ГРЛС | ИБУПРОФЕН ВЕЛФАРМ рецептурный безрецептурный ГРЛС | ИБУПРОФЕН ВЕЛФАРМ инструкция применение возраст дети взрослые,,https://aptekamos.ru/tovary/lekarstva/ibuprofen-333/ibuprofen-velfarm-tabletki-400mg-95925/instrukciya | https://www.vidal.ru/drugs/ibuprofen-velfarm | https://health.mail.ru/drug/ibprofen_velfarm/ | https://www.vidal.ru/drugs/ibuprofen-velfarm | https://velpharm.group/upload/iblock/b4f/Ibuprofen-Velfarm-tabletki.pdf | https://aptekamos.ru/tovary/lekarstva/ibuprofen-333/ibuprofen-velfarm-tabletki-400mg-95925/instrukciya | https://www.vidal.ru/drugs/ibuprofen-velpharm | https://medvestnik.ru/ls/a0e4076d-343e-4cd4-a015-2ca0b3fcaaa1.html | https://health.mail.ru/drug/ibprofen_velfarm/ | https://aptekamos.ru/tovary/lekarstva/ibuprofen-333/ibuprofen-velfarm-tabletki-400mg-95925/instrukciya | https://medi.ru/instrukciya/ibuprofen-velfarm_25525/ | https://velpharm.group/upload/iblock/b4f/Ibuprofen-Velfarm-tabletki.pdf,"Инструкция Ибупрофен Велфарм таблетки 400мг: показания и ... | Ибупрофен Велфарм инструкция по применению: показания, противопоказания ... | Ибупрофен Велфарм таблетки - инструкция по применению, цена, дозировки ... | Ибупрофен Велфарм инструкция по применению: показания, противопоказания ... | PDF ИНСТРУКЦИЯ ИБУПРОФЕН ВЕЛФАРМ ЛП-004925 | Инструкция Ибупрофен Велфарм таблетки 400мг: показания и ... | Ибупрофен Велфарм инструкция по применению: показания, противопоказания ... | ИБУПРОФЕН ВЕЛФАРМ: инструкция по применению, классификация | Ибупрофен Велфарм таблетки - инструкция по применению, цена, дозировки ... | Инструкция Ибупрофен Велфарм таблетки 400мг: показания и ... | Ибупрофен Велфарм таблетки - инструкция по применению | PDF ИНСТРУКЦИЯ ИБУПРОФЕН ВЕЛФАРМ ЛП-004925",aptekamos.ru | www.vidal.ru | health.mail.ru | www.vidal.ru | velpharm.group | aptekamos.ru | www.vidal.ru | medvestnik.ru | health.mail.ru | aptekamos.ru | medi.ru | velpharm.group,"status=ok | Category=Drug | mnn=ибупрофен | RX_OTC=OTC | Age=Универсальный | Ибупрофен Велфарм — лекарственный препарат, действующее вещество ибупрофен (МНН). Согласно инструкции, применяется при головной боли, мигрени, зубной боли, болезненных менструациях, невралгии, боли в спине, мышечной боли, ревматической боли и боли в суставах, а также при…",otc,универсальный,False,redesign/artifacts/mnn_wave500_v3_searxng_raw.jsonl
19198,459,ЗВЕРОБОЯ ТРАВА 50Г ФИТОФАРМ | ФИТОФАРМ ООО | ФИТОФАРМ ООО,,,ok_partial,2,Зверобоя трава МНН ГРЛС | Зверобоя трава рецептурный безрецептурный ГРЛС | Зверобоя трава инструкция применение возраст дети взрослые,,https://pharmproduct.ru/drugs/zveroboia-trava | https://www.lsgeotar.ru/drugs/st-johns-wort-herb-ADLw | https://www.rlsnet.ru/drugs/zveroboya-trava-4291 | https://health.mail.ru/drug/zveroboya-trava/ | https://www.rlsnet.ru/drugs/zveroboya-trava-4291 | https://www.lsgeotar.ru/cs/zveroboya-trava-12211.html | https://medi.ru/instrukciya/zveroboya-trava_19776/ | https://health.mail.ru/drug/zveroboya-trava-1/ | https://www.vidal.ru/drugs/hyperici_herba__30245 | https://www.webapteka.ru/drugbase/name2383.html | https://medum.ru/trava-zveroboya-vzroslym | https://www.pharmcontrol.ru/reference/inn/400/,"Зверобоя трава — инструкция по применению, аналоги | PharmProduct | Зверобоя трава - Информация о препарате - ЛС ГЭОТАР | Зверобоя трава — инструкция по применению, дозы, побочные действия ... | Зверобоя трава None - инструкция по применению, цена, дозировки ... | Зверобоя трава — инструкция по применению, дозы, побочные действия ... | Зверобоя трава - инструкция по применению, дозы, побочные действия ... | Зверобоя трава порошок - Лек С+ - инструкция по применению | Зверобоя трава порошок - инструкция по применению, цена, дозировки ... | Зверобоя трава инструкция по применению: показания, противопоказания ... | Зверобоя трава — инструкция по применению, описание, вопросы по препарату | Трава зверобоя взрослым — инструкция по применению, цена, отзывы ... | Зверобоя трава - МНН лекарственного средства - Фармконтроль",pharmproduct.ru | www.lsgeotar.ru | www.rlsnet.ru | health.mail.ru | www.rlsnet.ru | www.lsgeotar.ru | medi.ru | health.mail.ru | www.vidal.ru | www.webapteka.ru | medum.ru | www.pharmcontrol.ru,"status=ok_partial | Category=Drug | RX_OTC=OTC | Age=Универсальный | Зверобоя трава является лекарственным средством (ЛС) согласно данным Государственного реестра лекарственных средств (ГРЛС) (например, записи ЛП-000366 и Р N000430/02). Инструкции указывают, что препарат применяется внутрь взрослыми и детьми с 12 лет (источники: lsgeotar.ru,…",otc,универсальный,True,redesign/artifacts/mnn_wave500_v3_searxng_raw.jsonl
20027,459,ДОКСАЗОЗИН ТАБЛ. 2МГ №30 ОЗОН | ОЗОН ООО | ОЗОН ООО,Доксазозин,enrichment,ok,0,ДОКСАЗОЗИН МНН ГРЛС | ДОКСАЗОЗИН рецептурный безрецептурный ГРЛС | ДОКСАЗОЗИН инструкция применение возраст дети взрослые,,https://www.vidal.ru/drugs/doxazosin | https://medspravochnik.com/drugs/antigipertenzivnye/doksazozin/ | https://www.rlsnet.ru/drugs/doksazozin-16086 | https://www.vidal.ru/drugs/doxazosin | https://allmed.pro/ru/drugs/doksazozin | https://www.rlsnet.ru/drugs/doksazozin-16086 | https://medspravochnik.com/drugs/antigipertenzivnye/doksazozin/ | https://www.vidal.ru/drugs/doxazosin | https://medspravochnik.com/drugs/antigipertenzivnye/doksazozin/ | https://medum.ru/doxazosin | https://health.mail.ru/drug/doksazozin-1/ | https://medum.ru/doksazozin,"Доксазозин инструкция по применению: показания, противопоказания ... | Доксазозин — инструкция по применению, показания, дозировки и побочные ... | Доксазозин — инструкция по применению, дозы, побочные действия, аналоги ... | Доксазозин инструкция по применению: показания, противопоказания ... | Доксазозин рецепт, инструкция по применению, показания, аналоги, состав | Доксазозин — инструкция по применению, дозы, побочные действия, аналоги ... | Доксазозин — инструкция по применению, показания, дозировки и побочные ... | Доксазозин инструкция по применению: показания, противопоказания ... | Доксазозин — инструкция по применению, показания, дозировки и побочные ... | Доксазозин — инструкция по применению | Medum.ru | Доксазозин таблетки - инструкция по применению, цена, дозировки ... | Доксазозин — инструкция по применению | справочник лекарственных ...",www.vidal.ru | medspravochnik.com | www.rlsnet.ru | www.vidal.ru | allmed.pro | www.rlsnet.ru | medspravochnik.com | www.vidal.ru | medspravochnik.com | medum.ru | health.mail.ru | medum.ru,"status=ok | Category=Drug | mnn=Доксазозин | RX_OTC=RX | Age=Взрослый | Доксазозин является лекарственным средством (МНН: Доксазозин). Согласно инструкции, он противопоказан в возрасте до 18 лет, что указывает на применение только у взрослых. Препарат отпускается по рецепту, хотя один источник упоминает отпуск без рецепта, но требует назначения…",rx,взрослые,False,redesign/artifacts/mnn_wave500_v3_searxng_raw.jsonl
20606,459,ДЕКСАМЕТАЗОН Р-Р Д/ИН. 4МГ/МЛ АМП. 1МЛ №10 ЭСКОМ | ЭСКОМ НПК | ЭСКОМ НПК,Дексаметазон,enrichment,ok,0,Дексаметазон МНН ГРЛС | Дексаметазон рецептурный безрецептурный ГРЛС | Дексаметазон инструкция применение возраст дети взрослые,,https://allmed.pro/ru/drugs/deksametazon | https://medi.ru/instrukciya/deksametazon-tabletki_11785/ | https://health.mail.ru/drug/deksametazon-3/ | https://medi.ru/instrukciya/deksametazon_19317/ | https://health.mail.ru/drug/deksametazon-1/ | https://medspravochnik.com/drugs/kortikosteroidy/deksametazon/ | https://medum.ru/dexamethasone | https://www.vidal.ru/drugs/dexamethasone__32085 | https://www.vidal.ru/drugs/dexamethasone__3484 | https://grls.pharm-portal.ru/grls/aef282b7-f979-4fd2-a99a-0921ee4c15ea | https://www.pharmcontrol.ru/registry/drugs/8089/ | https://www.pharmcontrol.ru/reference/inn/432/,"Дексаметазон рецепт, инструкция по применению, показания, аналоги, состав | Дексаметазон таблетки - ФК Обновление - официальная инструкция по ... | Дексаметазон капли - инструкция по применению, цена, дозировки, аналоги ... | Дексаметазон таблетки - Здоровье - инструкция по применению | Дексаметазон таблетки - инструкция по применению, цена, дозировки ... | Дексаметазон — инструкция по применению, показания, дозировки и ... | Дексаметазон — инструкция по применению | Medum.ru | Дексаметазон инструкция по применению: показания, противопоказания ... | Дексаметазон инструкция по применению: показания, противопоказания ... | Дексаметазон - ГРЛС: Справочник РУ - Государственный реестр ... | ДЕКСАМЕТАЗОН - ГРЛС - Фармконтроль | Дексаметазон - МНН лекарственного средства - Фармконтроль",allmed.pro | medi.ru | health.mail.ru | medi.ru | health.mail.ru | medspravochnik.com | medum.ru | www.vidal.ru | www.vidal.ru | grls.pharm-portal.ru | www.pharmcontrol.ru | www.pharmcontrol.ru,"status=ok | Category=Drug | mnn=Дексаметазон | RX_OTC=RX | Age=Универсальный | Препарат Дексаметазон является синтетическим глюкокортикоидом (ГКС), оказывает противовоспалительное, противоаллергическое, иммунодепрессивное действие (allmed.pro). В Государственном реестре лекарственных средств (ГРЛС) указано МНН Дексаметазон, лекарственная форма раствор для…",rx,универсальный,False,redesign/artifacts/mnn_wave500_v3_searxng_raw.jsonl
21018,459,ГЛИЦИН ТАБЛ. П/ЯЗЫЧН. 100МГ №50 ОЗОН ФАРМ | ОЗОН ФАРМ ООО | ОЗОН ФАРМ ООО,Глицин,enrichment,ok,0,ГЛИЦИН МНН ГРЛС | ГЛИЦИН рецептурный безрецептурный ГРЛС | ГЛИЦИН инструкция применение возраст дети взрослые,,https://www.vidal.ru/drugs/glycine__4429 | https://aptekamos.ru/tovary/lekarstva/glicin-224/glicin-tabletki-100mg-11370/instrukciya | https://www.rlsnet.ru/drugs/glicin-997 | https://grls.rosminzdrav.ru/ | https://glicin.ru/instruction/ | https://rosmed-clinic.ru/articles/kardiologiya/12444-glitsin-dlya-detey-dlya-chego-naznachayut-i-kak-prinimat.html | https://biotiki.org/preparatyi/glicin-instruktsiya/ | https://aptekamos.ru/tovary/lekarstva/glicin-224/glicin-tabletki-100mg-11370/instrukciya | https://www.rlsnet.ru/drugs/glicin-997 | https://o-krohe.ru/med-preparaty/glicin/ | https://health.mail.ru/drug/glitsin-1/ | https://dinastycenter.ru/blog/glitsin-detskij-instruktsiya-po-primeneniyu-dlya-detej-dozirovka,"Глицин инструкция по применению: показания, противопоказания, побочное ... | Инструкция Глицин таблетки 100мг: показания и противопоказания, состав ... | Глицин — инструкция по применению, дозы, побочные действия, аналоги ... | rosminzdrav.ru | Официальная инструкция к препарату Глицин (Биотики) | Глицин для детей: инструкция по применению, отзывы Комаровского, с ... | Глицин - официальная инструкция по применению препарата | МНПК «БИОТИКИ» | Инструкция Глицин таблетки 100мг: показания и противопоказания, состав ... | Глицин — инструкция по применению, дозы, побочные действия, аналоги ... | Глицин для детей: инструкция по применению | Глицин таблетки - инструкция по применению, цена, дозировки, аналоги ... | Глицин детский. Инструкция по применению для детей, дозировка",www.vidal.ru | aptekamos.ru | www.rlsnet.ru | grls.rosminzdrav.ru | glicin.ru | rosmed-clinic.ru | biotiki.org | aptekamos.ru | www.rlsnet.ru | o-krohe.ru | health.mail.ru | dinastycenter.ru,"status=ok | Category=Drug | mnn=Глицин | RX_OTC=OTC | Age=Универсальный | Глицин является лекарственным средством (препаратом), действующее вещество — глицин (МНН: Глицин). Согласно инструкциям, он применяется у взрослых и детей, включая детей с рождения (до 3 лет под контролем врача). Препарат отпускается без рецепта (в ГРЛС указано ""Нет"" в графе…",otc,универсальный,False,redesign/artifacts/mnn_wave500_v3_searxng_raw.jsonl
21019,459,ГЛИЦИН ТАБЛ. П/ЯЗЫЧН. 100МГ №50 ОЗОН | ОЗОН ООО | ОЗОН ООО,Глицин,enrichment,ok,0,Глицин МНН ГРЛС | Глицин рецептурный безрецептурный ГРЛС | Глицин инструкция применение возраст дети взрослые,,https://www.vidal.ru/drugs/glycine__4429 | https://www.rlsnet.ru/drugs/glicin-997 | https://aptekamos.ru/tovary/lekarstva/glicin-224/glicin-tabletki-100mg-11370/instrukciya | https://grls.rosminzdrav.ru/ | https://www.rlsnet.ru/drugs/glicin-mxfp-36413 | https://rosmed-clinic.ru/articles/kardiologiya/12444-glitsin-dlya-detey-dlya-chego-naznachayut-i-kak-prinimat.html | https://glicin.ru/instruction/ | https://www.rlsnet.ru/drugs/glicin-997 | https://biotiki.org/preparatyi/glicin-instruktsiya/ | https://aptekamos.ru/tovary/lekarstva/glicin-224/glicin-tabletki-100mg-11370/instrukciya | https://health.mail.ru/drug/glitsin-1/ | https://o-krohe.ru/med-preparaty/glicin/,"Глицин инструкция по применению: показания, противопоказания, побочное ... | Глицин — инструкция по применению, дозы, побочные действия, аналоги ... | Инструкция Глицин таблетки 100мг: показания и противопоказания, состав ... | rosminzdrav.ru | Глицин-МХФП — инструкция по применению, дозы, побочные действия ... | Глицин для детей: инструкция по применению, отзывы Комаровского, с ... | Официальная инструкция к препарату Глицин (Биотики) | Глицин — инструкция по применению, дозы, побочные действия, аналоги ... | Глицин - официальная инструкция по применению препарата | МНПК «БИОТИКИ» | Инструкция Глицин таблетки 100мг: показания и противопоказания, состав ... | Глицин таблетки - инструкция по применению, цена, дозировки, аналоги ... | Глицин для детей: инструкция по применению",www.vidal.ru | www.rlsnet.ru | aptekamos.ru | grls.rosminzdrav.ru | www.rlsnet.ru | rosmed-clinic.ru | glicin.ru | www.rlsnet.ru | biotiki.org | aptekamos.ru | health.mail.ru | o-krohe.ru,"status=ok | Category=Drug | mnn=Глицин | RX_OTC=OTC | Age=Универсальный | Глицин является лекарственным средством (препаратом), согласно данным Государственного реестра лекарственных средств (ГРЛС) и справочников Видаль и РЛС. Международное непатентованное наименование (МНН) — Глицин. Препарат отпускается без рецепта (в ГРЛС указано ""Нет"" для…",otc,универсальный,False,redesign/artifacts/mnn_wave500_v3_searxng_raw.jsonl
21137,459,ГЛИБЕНКЛАМИД ТАБЛ. 5МГ №120 ОЗОН ФАРМ | ОЗОН ФАРМ ООО | ОЗОН ФАРМ ООО,Глибенкламид,enrichment,ok,0,Глибенкламид МНН ГРЛС | Глибенкламид рецептурный безрецептурный ГРЛС | Глибенкламид инструкция применение возраст дети взрослые,,https://megapteka.ru/specials/guide_glibenklamid-instrukciya-po-2900 | https://aptekamos.ru/tovary/lekarstva/glibenklamid-218/glibenklamid-tabletki-5mg-2255/instrukciya | https://www.vidal.ru/drugs/glibenclamide__31963 | https://www.rlsnet.ru/drugs/glibenklamid-4168 | https://megapteka.ru/specials/guide_glibenklamid-instrukciya-po-2900 | https://www.vidal.ru/drugs/glibenclamide__31963 | https://www.rlsnet.ru/drugs/glibenklamid-4168 | https://www.webapteka.ru/drugbase/name1679.html | https://www.rlsnet.ru/drugs/glibenklamid-4168 | https://www.vidal.ru/drugs/glibenclamide__31963 | https://medum.ru/glibenclamide | https://medi.ru/instrukciya/glibenklamid_19034/,"Глибенкламид: инструкция по применению | Инструкция Глибенкламид таблетки 5мг: показания и противопоказания ... | Глибенкламид инструкция по применению: показания, противопоказания ... | Глибенкламид — инструкция по применению, дозы, побочные действия ... | Глибенкламид инструкция по применению, цена: Механизм действия, от чего ... | Глибенкламид инструкция по применению: показания, противопоказания ... | Глибенкламид — инструкция по применению, дозы, побочные действия ... | Глибенкламид — инструкция по применению, описание, вопросы по препарату | Глибенкламид — инструкция по применению, дозы, побочные действия ... | Глибенкламид инструкция по применению: показания, противопоказания ... | Глибенкламид — инструкция по применению | Medum.ru | Глибенкламид 5 - Мосхимфармпрепараты - официальная инструкция по ...",megapteka.ru | aptekamos.ru | www.vidal.ru | www.rlsnet.ru | megapteka.ru | www.vidal.ru | www.rlsnet.ru | www.webapteka.ru | www.rlsnet.ru | www.vidal.ru | medum.ru | medi.ru,"status=ok | Category=Drug | mnn=Глибенкламид | RX_OTC=RX | Age=Универсальный | Глибенкламид — лекарственное средство, зарегистрированное в ГРЛС (megapteka.ru). Действующее вещество — глибенкламид, производное сульфонилмочевины II поколения (vidal.ru). Препарат является рецептурным, так как доза подбирается врачом индивидуально (megapteka.ru). Возрастные…",rx,универсальный,False,redesign/artifacts/mnn_wave500_v3_searxng_raw.jsonl
21387,459,ГЕПАВИЗИМ ФОСФОЛИПИДЫ+L-ОРИНИТИН+КУРКУМИН КАПС. ПО 495МГ №30 | ВТФ ООО | ВТФ ООО,,,ok,0,ГЕПАВИЗИМ ФОСФОЛИПИДЫ+L-ОРИНИТИН+КУРКУМИН МНН ГРЛС | ГЕПАВИЗИМ ФОСФОЛИПИДЫ+L-ОРИНИТИН+КУРКУМИН рецептурный безрецептурный ГРЛС | ГЕПАВИЗИМ ФОСФОЛИПИДЫ+L-ОРИНИТИН+КУРКУМИН инструкция применение возраст дети взрослые,,https://aptekamos.ru/tovary/bad/gepavizim-16183/gepavizim-fosfolipidy-l-ornitin-kurkumin-kapsuly-massoyo-495mg-105791/instrukciya | https://www.lsgeotar.ru/supplements/AD0V | https://www.lsgeotar.ru/supplements/AD0V | https://aptekamos.ru/tovary/bad/gepavizim-16183/gepavizim-fosfolipidy-l-ornitin-kurkumin-kapsuly-massoyo-495mg-105791/instrukciya | https://www.rigla.ru/product/gepavizim-fosfolipidyl-orinitinkurkumin-kaps-495mg-no30-448657 | https://aptekiplus.ru/im-vorovskogo-rp/product/gepavizim-fosfolipidi-lornitin-kurkumin-30-sht-kapsuli/ | https://www.rigla.ru/product/gepavizim-fosfolipidyl-orinitinkurkumin-kaps-495mg-no30-448657 | https://medum.ru/gepavizim-fosfolipidy-l-ornitin-kurkumin-kapsuly | https://www.acmespb.ru/preparaty/gepavizim_fosfolipidy_l_ornitin_kurkumin | https://www.budzdorov.ru/product/gepavizim-fosfolipidyl-orinitinkurkumin-kaps-495mg-no30-448657 | https://uteka.ru/product/gepavizim-fosfolipidy--l-orinitin--kurkumin-387972/ | https://apteka.ru/product/plantcomplex-gepavizim-fosfolipidyl-orinitinkurkumin-n30-kaps-massoj-495mg-630f4c63260509b64b8d8e6d/instructions/,"Инструкция По Применению Гепавизим Фосфолипиды+L-орнитин+Куркумин ... | Гепавизим Фосфолипиды + L-орнитин + Куркумин | Гепавизим Фосфолипиды + L-орнитин + Куркумин | Инструкция По Применению Гепавизим Фосфолипиды+L-орнитин+Куркумин ... | Гепавизим Фосфолипиды+L-оринитин+Куркумин Капсулы 495мг № 30 | Гепавизим фосфолипиды + Л-орнитин + куркумин, 30 шт, капсулы - купить ... | Гепавизим Фосфолипиды+L-оринитин+Куркумин Капсулы 495мг № 30 | Гепавизим Фосфолипиды + L-орнитин + Куркумин | Гепавизим фосфолипиды+l-орнитин+куркумин капсулы купить в Санкт ... | Гепавизим Фосфолипиды+L-оринитин+Куркумин Капсулы 495мг № 30 | Гепавизим Фосфолипиды + L-оринитин + Куркумин, Капсулы, 30 Шт. | Plantcomplex Гепавизим Фосфолипиды+L-оринитин+Куркумин N30 Капс Массой ...",aptekamos.ru | www.lsgeotar.ru | www.lsgeotar.ru | aptekamos.ru | www.rigla.ru | aptekiplus.ru | www.rigla.ru | medum.ru | www.acmespb.ru | www.budzdorov.ru | uteka.ru | apteka.ru,"status=ok | Category=BAS | mnn=L-орнитин, куркумин, глицирризиновая кислота | RX_OTC=not applicable | Age=Универсальный | Гепавизим Фосфолипиды+L-орнитин+Куркумин является биологически активной добавкой (БАД) к пище, источником L-орнитина, куркумина и глицирризиновой кислоты (источники: aptekamos.ru, lsgeotar.ru). В описаниях указано, что это современный гепатопротектор на основе эссенциальных…",unknown,универсальный,True,redesign/artifacts/mnn_wave500_v3_searxng_raw.jsonl
22548,459,ВЕЧЕРНЕЕ ВАЛЕРИАНА+МЯТА+МЕЛИССА ДРАЖЕ №50 ПАРАФАРМ | ПАРАФАРМ ООО | ПАРАФАРМ ООО,,,ok,0,ВЕЧЕРНЕЕ ВАЛЕРИАНА+МЯТА+МЕЛИССА МНН ГРЛС | ВЕЧЕРНЕЕ ВАЛЕРИАНА+МЯТА+МЕЛИССА рецептурный безрецептурный ГРЛС | ВЕЧЕРНЕЕ ВАЛЕРИАНА+МЯТА+МЕЛИССА инструкция применение возраст дети взрослые,,https://www.rlsnet.ru/baa/vecernee-valerianaxmelmyata-45636 | https://www.webapteka.ru/drugbase/name67186.html | https://bz.medvestnik.ru/drugs/4388.html | https://medum.ru/vechernee-valeriana-khmel-myata | https://www.rlsnet.ru/baa/vecernee-valerianaxmelmyata-45636 | https://www.webapteka.ru/drugbase/name67186.html | https://bz.medvestnik.ru/drugs/4388.html | https://bz.medvestnik.ru/drugs/397567.html | https://kiberis.ru/?p=36041 | https://medum.ru/vechernee-valeriana-khmel-myata | https://www.rlsnet.ru/baa/vecernee-valerianaxmelmyata-45636 | https://www.webapteka.ru/drugbase/name67186.html,"Вечернее Валериана+Хмель+Мята — инструкция по применению, аналоги ... | Вечернее Валериана+Хмель+Мята — инструкция по применению, описание | Вечернее валериана+мята+мелисса: инструкция по применению ... | Вечернее Валериана + Хмель + Мята — инструкция по применению ... | Вечернее Валериана+Хмель+Мята — инструкция по применению, аналоги ... | Вечернее Валериана+Хмель+Мята — инструкция по применению, описание | Вечернее валериана+мята+мелисса: инструкция по применению ... | Вечерний валериана+мята+мелисса: инструкция по применению ... | Вечернее Валериана+Хмель+Мята :: инструкция по применению. | Вечернее Валериана + Хмель + Мята — инструкция по применению ... | Вечернее Валериана+Хмель+Мята — инструкция по применению, аналоги ... | Вечернее Валериана+Хмель+Мята — инструкция по применению, описание",www.rlsnet.ru | www.webapteka.ru | bz.medvestnik.ru | medum.ru | www.rlsnet.ru | www.webapteka.ru | bz.medvestnik.ru | bz.medvestnik.ru | kiberis.ru | medum.ru | www.rlsnet.ru | www.webapteka.ru,"status=ok | Category=BAS | RX_OTC=not applicable | Age=Взрослый | Согласно найденным источникам, продукт 'Вечернее Валериана+Мята+Мелисса' является биологически активной добавкой (БАД), а не лекарственным средством. В инструкции указано, что он применяется в качестве БАД к пище, не является лекарством. Отпускается без рецепта. Рекомендуемая…",unknown,взрослые,True,redesign/artifacts/mnn_wave500_v3_searxng_raw.jsonl
23695,459,БИОРИТМ АНТИСТРЕСС 24 ДЕНЬ/НОЧЬ ТАБЛ. П/О №32 | ЭВАЛАР ЗАО | ЭВАЛАР ЗАО,,,ok,0,БИОРИТМ АНТИСТРЕСС 24 ДЕНЬ/НОЧЬ МНН ГРЛС | БИОРИТМ АНТИСТРЕСС 24 ДЕНЬ/НОЧЬ рецептурный безрецептурный ГРЛС | БИОРИТМ АНТИСТРЕСС 24 ДЕНЬ/НОЧЬ инструкция применение возраст дети взрослые,,https://pharmznanie.ru/drugs/bioritm-antistress-tabletki-24-dennoch-32-sht | https://www.vidal.ru/drugs/biorythm_antistress_24_den_noch__40027 | https://www.webapteka.ru/drugbase/name55697.html | https://www.rlsnet.ru/baa/bioritm-antistress-24-dennoc-36986 | https://pharmznanie.ru/drugs/bioritm-antistress-tabletki-24-dennoch-32-sht | https://www.vidal.ru/drugs/biorythm_antistress_24_den_noch__40027 | https://www.webapteka.ru/drugbase/name55697.html | https://kiberis.ru/?p=35809 | https://www.vidal.ru/drugs/biorythm_antistress_24_den_noch__40027 | https://www.webapteka.ru/drugbase/name55697.html | https://apteka.103.by/bioritm-antistress-24-den-noch-instruktsiya/ | https://pharmznanie.ru/drugs/bioritm-antistress-tabletki-24-dennoch-32-sht,"Инструкция по применению Биоритм антистресс Таблетки 24 день/ночь 32 шт ... | Биоритм Антистресс 24 день/ночь инструкция по применению: показания ... | Биоритм Антистресс 24 день/ночь — инструкция по применению, описание | Биоритм «Антистресс 24 день/ночь» — инструкция по применению, аналоги ... | Инструкция по применению Биоритм антистресс Таблетки 24 день/ночь 32 шт ... | Биоритм Антистресс 24 день/ночь инструкция по применению: показания ... | Биоритм Антистресс 24 день/ночь — инструкция по применению, описание | Биоритм «Антистресс 24 день/ночь» :: инструкция по применению. | Биоритм Антистресс 24 день/ночь инструкция по применению: показания ... | Биоритм Антистресс 24 день/ночь — инструкция по применению, описание | Биоритм антистресс 24 день-ночь: инструкция по применению | Инструкция по применению Биоритм антистресс Таблетки 24 день/ночь 32 шт ...",pharmznanie.ru | www.vidal.ru | www.webapteka.ru | www.rlsnet.ru | pharmznanie.ru | www.vidal.ru | www.webapteka.ru | kiberis.ru | www.vidal.ru | www.webapteka.ru | apteka.103.by | pharmznanie.ru,"status=ok | Category=BAS | RX_OTC=not applicable | Age=Взрослый | Биоритм Антистресс 24 день/ночь является биологически активной добавкой к пище (БАД), а не лекарственным средством. Согласно webapteka.ru, он применяется как источник рутина, витаминов В1, В6, пантотената кальция. Состав таблетки ""день"" включает экстракты пустырника, мелиссы,…",unknown,взрослые,True,redesign/artifacts/mnn_wave500_v3_searxng_raw.jsonl
24080,459,БЕТАГИСТИН ТАБЛ. 8МГ №30 ОЗОН | ОЗОН ООО/ОЗОН ФАРМ ООО | ОЗОН ООО/ОЗОН ФАРМ ООО,Бетагистин,enrichment,ok,0,Бетагистин МНН ГРЛС | Бетагистин рецептурный безрецептурный ГРЛС | Бетагистин инструкция применение возраст дети взрослые,,https://www.rlsnet.ru/drugs/betagistin-31801 | https://aptekamos.ru/tovary/lekarstva/betagistin-124/betagistin-tabletki-24mg-46959/instrukciya | https://www.vidal.ru/drugs/betahistine__13787 | https://allmed.pro/ru/drugs/betagistin | https://www.rlsnet.ru/drugs/betagistin-31801 | https://www.vidal.ru/drugs/betahistine__13787 | https://aptekamos.ru/tovary/lekarstva/betagistin-124/betagistin-tabletki-24mg-46959/instrukciya | https://www.pharmcontrol.ru/reference/inn/1522/ | https://www.pharmcontrol.ru/registry/drugs/7786/ | https://grls.pharm-portal.ru/grls/19239af7-0b7f-4314-b3a2-577aa68f7fb8 | https://grls.pharm-portal.ru/grls/2a618d94-4f96-4a4d-b97d-4fd0496627a0 | https://zdravmedinform.ru/grls/reg-lsr-003585-10.html,"Бетагистин — инструкция по применению, дозы, побочные действия, аналоги ... | Инструкция Бетагистин таблетки 24мг: показания и противопоказания ... | Бетагистин инструкция по применению: показания, противопоказания ... | Бетагистин рецепт, инструкция по применению, показания, аналоги, состав | Бетагистин — инструкция по применению, дозы, побочные действия, аналоги ... | Бетагистин инструкция по применению: показания, противопоказания ... | Инструкция Бетагистин таблетки 24мг: показания и противопоказания ... | Бетагистин - МНН лекарственного средства - Фармконтроль | Бетагистин - ГРЛС - Фармконтроль | Бетагистин - ГРЛС: Справочник РУ - Государственный реестр лекарственных ... | Бетагистин - ГРЛС: Справочник РУ - Государственный реестр лекарственных ... | Бетагистин | ЛСР-003585/10 | ГРЛС 2026",www.rlsnet.ru | aptekamos.ru | www.vidal.ru | allmed.pro | www.rlsnet.ru | www.vidal.ru | aptekamos.ru | www.pharmcontrol.ru | www.pharmcontrol.ru | grls.pharm-portal.ru | grls.pharm-portal.ru | zdravmedinform.ru,"status=ok | Category=Drug | mnn=Бетагистин | RX_OTC=RX | Age=Универсальный | Бетагистин является лекарственным средством (МНН: Бетагистин), зарегистрированным в Государственном реестре лекарственных средств (ГРЛС). Согласно данным ГРЛС, препарат отпускается по рецепту (в записях указано 'По рецепту: Да'). Инструкции на сайтах RLSnet, Vidal и других…",rx,универсальный,False,redesign/artifacts/mnn_wave500_v3_searxng_raw.jsonl
24095,459,БЕТАГИСТИН ТАБЛ. 16МГ №30 ОЗОН | ОЗОН ООО | ОЗОН ООО,Бетагистин,enrichment,ok,0,Бетагистин МНН ГРЛС | Бетагистин рецептурный безрецептурный ГРЛС | Бетагистин инструкция применение возраст дети взрослые,,https://www.rlsnet.ru/drugs/betagistin-31801 | https://aptekamos.ru/tovary/lekarstva/betagistin-124/betagistin-tabletki-24mg-46959/instrukciya | https://www.vidal.ru/drugs/betahistine__13787 | https://allmed.pro/ru/drugs/betagistin | https://www.rlsnet.ru/drugs/betagistin-31801 | https://aptekamos.ru/tovary/lekarstva/betagistin-124/betagistin-tabletki-24mg-46959/instrukciya | https://www.vidal.ru/drugs/betahistine__13787 | https://www.vidal.ru/drugs/betahistine__44850 | https://www.vidal.ru/drugs/betahistine__13787 | https://aptekamos.ru/tovary/lekarstva/betagistin-124/betagistin-tabletki-16mg-46089/instrukciya | https://www.rlsnet.ru/drugs/betagistin-31801 | https://medi.ru/instrukciya/betagistin_18101/,"Бетагистин — инструкция по применению, дозы, побочные действия, аналоги ... | Инструкция Бетагистин таблетки 24мг: показания и противопоказания ... | Бетагистин инструкция по применению: показания, противопоказания ... | Бетагистин рецепт, инструкция по применению, показания, аналоги, состав | Бетагистин — инструкция по применению, дозы, побочные действия, аналоги ... | Инструкция Бетагистин таблетки 24мг: показания и противопоказания ... | Бетагистин инструкция по применению: показания, противопоказания ... | Бетагистин инструкция по применению: показания, противопоказания ... | Бетагистин инструкция по применению: показания, противопоказания ... | Инструкция Бетагистин таблетки 16мг: показания и противопоказания ... | Бетагистин — инструкция по применению, дозы, побочные действия, аналоги ... | Бетагистин 16, 24, 8 - Оболенское - официальная инструкция по ...",www.rlsnet.ru | aptekamos.ru | www.vidal.ru | allmed.pro | www.rlsnet.ru | aptekamos.ru | www.vidal.ru | www.vidal.ru | www.vidal.ru | aptekamos.ru | www.rlsnet.ru | medi.ru,"status=ok | Category=Drug | mnn=Бетагистин | RX_OTC=RX | Age=Взрослый | Бетагистин является лекарственным средством (МНН: бетагистин). Согласно инструкциям, он применяется при вестибулярных нарушениях. В результатах поиска указано, что препарат противопоказан в детском возрасте (например, на aptekamos.ru: 'детский возраст' в противопоказаниях), а…",rx,взрослые,False,redesign/artifacts/mnn_wave500_v3_searxng_raw.jsonl
24098,459,БЕТАГИСТИН СОЛОФАРМ ТАБЛ. 16МГ №30 | ГРОТЕКС ООО | ГРОТЕКС ООО,Бетагистин,enrichment,ok,0,БЕТАГИСТИН СОЛОФАРМ МНН ГРЛС | БЕТАГИСТИН СОЛОФАРМ рецептурный безрецептурный ГРЛС | БЕТАГИСТИН СОЛОФАРМ инструкция применение возраст дети взрослые,,https://aptekamos.ru/tovary/lekarstva/betagistin-124/betagistin-solofarm-tabletki-24mg-113311/instrukciya | https://medvestnik.ru/ls/a0e407e1-99df-4b68-8fbe-f278b5de1208.html | https://yandex.ru/medicine/medicaments/betagistin-solofarm | https://www.lsgeotar.ru/drugs/betagistin-solopharm-AGdw | https://aptekamos.ru/tovary/lekarstva/betagistin-124/betagistin-solofarm-tabletki-24mg-113311/instrukciya | https://medum.ru/betagistin-solofarm | https://yandex.ru/medicine/medicaments/betagistin-solofarm | https://apteka.ru/product/betagistin-solofarm-24-mg-60-sht-tabletki-67d2871c81406a62ed494836/instructions/ | https://www.lsgeotar.ru/ru/betagistin-solofarm-54280.html | https://allmed.pro/ru/drugs/betagistin | https://aptekamos.ru/tovary/lekarstva/betagistin-124/betagistin-solofarm-tabletki-24mg-113311/instrukciya | https://yandex.ru/medicine/medicaments/betagistin-solofarm,"Инструкция Бетагистин солофарм таблетки 24мг: показания и ... | Бетагистин солофарм: инструкция по применению, классификация | Бетагистин солофарм — инструкция по применению, противопоказания ... | Бетагистин солофарм - Информация о препарате - ЛС ГЭОТАР | Инструкция Бетагистин солофарм таблетки 24мг: показания и ... | Бетагистин солофарм таблетки — инструкция по применению, цена, отзывы ... | Бетагистин солофарм — инструкция по применению, противопоказания ... | Инструкция по применению Бетагистин солофарм 24 мг 60 шт. таблетки | Бетагистин солофарм - инструкция по применению, дозы, побочные действия ... | Бетагистин рецепт, инструкция по применению, показания, аналоги, состав | Инструкция Бетагистин солофарм таблетки 24мг: показания и ... | Бетагистин солофарм — инструкция по применению, противопоказания ...",aptekamos.ru | medvestnik.ru | yandex.ru | www.lsgeotar.ru | aptekamos.ru | medum.ru | yandex.ru | apteka.ru | www.lsgeotar.ru | allmed.pro | aptekamos.ru | yandex.ru,"status=ok | Category=Drug | mnn=Бетагистин | RX_OTC=RX | Age=Взрослый | Препарат Бетагистин солофарм относится к группе препаратов, используемых для лечения заболеваний нервной системы, в том числе головокружения (источник: aptekamos.ru, medvestnik.ru, lsgeotar.ru). Применяется у взрослых в возрасте от 18 лет для лечения синдрома Меньера и…",rx,взрослые,False,redesign/artifacts/mnn_wave500_v3_searxng_raw.jsonl
24682,459,АЦИКЛОВИР ТАБЛ. 200МГ №20 АВЕКСИМА | ИРБИТСКИЙ ХИМЗАВОД ОАО | ИРБИТСКИЙ ХИМЗАВОД ОАО,Ацикловир,enrichment,ok,0,Ацикловир МНН ГРЛС | Ацикловир рецептурный безрецептурный ГРЛС | Ацикловир инструкция применение возраст дети взрослые,,https://www.rlsnet.ru/active-substance/aciklovir-27 | https://aptekamos.ru/tovary/lekarstva/aciklovir-89/aciklovir-tabletki-400mg-1035/instrukciya | https://www.vidal.ru/drugs/aciclovir__29945 | https://allmed.pro/ru/drugs/aciklovir | https://www.rlsnet.ru/active-substance/aciklovir-27 | https://www.rlsnet.ru/drugs/aciklovir-404 | https://www.vidal.ru/drugs/aciclovir__29945 | https://aptekamos.ru/tovary/lekarstva/aciklovir-89/aciklovir-tabletki-400mg-1035/instrukciya | https://aptekamos.ru/tovary/lekarstva/aciklovir-89/aciklovir-tabletki-800mg-1036/instrukciya | https://www.vidal.ru/drugs/molecule/13 | https://009.рф/articles/instruction/atsiklovir | https://apollonclinica.com/blog/atsiklovir-instruktsiya-po-primeneniyu-detyam-dlya-lecheniya-i-profilaktiki-virusnyh-infektsij,"Ацикловир — описание вещества, фармакология, применение ... | Инструкция Ацикловир таблетки 400мг: показания и противопоказания ... | Ацикловир инструкция по применению: показания, противопоказания ... | Ацикловир рецепт, инструкция по применению, показания, аналоги, состав | Ацикловир — описание вещества, фармакология, применение ... | Ацикловир — инструкция по применению, дозы, побочные действия, аналоги ... | Ацикловир инструкция по применению: показания, противопоказания ... | Инструкция Ацикловир таблетки 400мг: показания и противопоказания ... | Инструкция Ацикловир таблетки 800мг: показания и противопоказания ... | Описание АЦИКЛОВИР показания, дозировки, противопоказания активного ... | Ацикловир (ацикловир) таблетки: инструкция по применению, дозировка ... | Ацикловир детям: инструкция по применению таблеток и мази при герпесе ...",www.rlsnet.ru | aptekamos.ru | www.vidal.ru | allmed.pro | www.rlsnet.ru | www.rlsnet.ru | www.vidal.ru | aptekamos.ru | aptekamos.ru | www.vidal.ru | 009.рф | apollonclinica.com,"status=ok | Category=Drug | mnn=ацикловир | RX_OTC=RX | Age=Универсальный | Ацикловир является противовирусным препаратом, действующее вещество — ацикловир. Согласно инструкциям, он применяется у взрослых и детей (в возрасте от 3 лет или старше 2 лет в зависимости от источника) для лечения инфекций, вызванных вирусом простого герпеса, ветряной оспы и…",rx,универсальный,False,redesign/artifacts/mnn_wave500_v3_searxng_raw.jsonl
24750,459,АЦЕТИЛСАЛИЦИЛОВАЯ КИСЛОТА ПЛЮС РЕНЕВАЛ ТАБЛ. 500МГ+25МГ №20 | ОБНОВЛЕНИЕ ПФК АО | ОБНОВЛЕНИЕ ПФК АО,"Ацетилсалициловая кислота, Аскорбиновая кислота",enrichment,ok,0,АЦЕТИЛСАЛИЦИЛОВАЯ КИСЛОТА ПЛЮС РЕНЕВАЛ МНН ГРЛС | АЦЕТИЛСАЛИЦИЛОВАЯ КИСЛОТА ПЛЮС РЕНЕВАЛ рецептурный безрецептурный ГРЛС | АЦЕТИЛСАЛИЦИЛОВАЯ КИСЛОТА ПЛЮС РЕНЕВАЛ инструкция применение возраст дети взрослые,,https://www.vidal.ru/drugs/acetylsalicylic-acid-plus-renewal | https://health.mail.ru/drug/atsetilsalitsilovaya_kislota_plyus_reneval/ | https://www.lsgeotar.ru/drugs/acetylsalicylic-acidreneval-ADZM | https://kiberis.ru/?p=26934&lang=ru | https://health.mail.ru/drug/atsetilsalitsilovaya_kislota_plyus_reneval/ | https://medvestnik.ru/ls/a0e406f3-6eb5-47f8-b085-e362d0e0c949.html | https://www.vidal.ru/drugs/acetylsalicylic-acid-plus-renewal | https://health.mail.ru/drug/atsetilsalitsilovaya_kislota_reneval/ | https://travmakab.ru/farma/2378 | https://zdesapteka.ru/instructions/atsetilsalitsilovaya-kislota-reneval/ | https://www.vidal.ru/drugs/acetylsalicylic-acid-plus-renewal | https://health.mail.ru/drug/atsetilsalitsilovaya_kislota_plyus_reneval/,"Ацетилсалициловая кислота плюс Реневал инструкция по применению ... | Ацетилсалициловая кислота плюс Реневал таблетки - инструкция по ... | Ацетилсалициловая кислота плюс Реневал - Информация о препарате - ЛС ГЭОТАР | Ацетилсалициловая кислота плюс Реневал :: Инструкция, аналоги ... | Ацетилсалициловая кислота плюс Реневал таблетки - инструкция по ... | Ацетилсалициловая кислота плюс Реневал: инструкция по применению ... | Ацетилсалициловая кислота плюс Реневал инструкция по применению ... | Ацетилсалициловая кислота Реневал таблетки - инструкция по применению ... | Ацетилсалициловая кислота плюс Реневал: инструкция препарата | Инструкция по применению Ацетилсалициловая кислота Реневал | Ацетилсалициловая кислота плюс Реневал инструкция по применению ... | Ацетилсалициловая кислота плюс Реневал таблетки - инструкция по ...",www.vidal.ru | health.mail.ru | www.lsgeotar.ru | kiberis.ru | health.mail.ru | medvestnik.ru | www.vidal.ru | health.mail.ru | travmakab.ru | zdesapteka.ru | www.vidal.ru | health.mail.ru,"status=ok | Category=Drug | mnn=Ацетилсалициловая кислота, Аскорбиновая кислота | RX_OTC=OTC | Age=Взрослый | Препарат Ацетилсалициловая кислота плюс Реневал является комбинированным лекарственным средством, содержащим ацетилсалициловую кислоту и аскорбиновую кислоту (по данным medvestnik.ru). Он оказывает жаропонижающее и анальгезирующее действие (vidal.ru). Согласно инструкции,…",otc,взрослые,False,redesign/artifacts/mnn_wave500_v3_searxng_raw.jsonl
24896,459,АТОРВАСТАТИН-ФП ТАБЛ. П/ПЛЕН/ОБ. 20МГ №30 | ФАРМПРОЕКТ АО | ФАРМПРОЕКТ АО,Аторвастатин,enrichment,ok,0,АТОРВАСТАТИН-ФП МНН ГРЛС | АТОРВАСТАТИН-ФП рецептурный безрецептурный ГРЛС | АТОРВАСТАТИН-ФП инструкция применение возраст дети взрослые,,https://aptekamos.ru/tovary/lekarstva/atorvastatin-1221/atorvastatin-fp-tabletki-40mg-104814/instrukciya | https://www.rlsnet.ru/drugs/atorvastatin-fp-85808 | https://www.vidal.ru/drugs/atorvastatin-fp | https://medvisor.ru/medicine/drug/atorvastatin-fp_76927/ | https://allmed.pro/ru/drugs/atorvastatin | https://www.rlsnet.ru/drugs/atorvastatin-fp-85808 | https://www.vidal.ru/drugs/atorvastatin-fp | https://aptekamos.ru/tovary/lekarstva/atorvastatin-1221/atorvastatin-fp-tabletki-40mg-104814/instrukciya | https://medvisor.ru/medicine/drug/atorvastatin-fp_76927/ | https://aptekamos.ru/tovary/lekarstva/atorvastatin-1221/atorvastatin-fp-tabletki-40mg-104814/instrukciya | https://www.vidal.ru/drugs/atorvastatin-fp | https://www.rlsnet.ru/drugs/atorvastatin-fp-85808,"Инструкция по применению Аторвастатин-ФП таблетки 40мг: показания и ... | Аторвастатин-ФП — инструкция по применению, дозы, побочные действия ... | Аторвастатин-ФП инструкция по применению: показания, противопоказания ... | Аторвастатин-ФП: инструкция по применению, аналоги | МедВизор | Аторвастатин рецепт, инструкция по применению, показания, аналоги, состав | Аторвастатин-ФП — инструкция по применению, дозы, побочные действия ... | Аторвастатин-ФП инструкция по применению: показания, противопоказания ... | Инструкция по применению Аторвастатин-ФП таблетки 40мг: показания и ... | Аторвастатин-ФП: инструкция по применению, аналоги | МедВизор | Инструкция по применению Аторвастатин-ФП таблетки 40мг: показания и ... | Аторвастатин-ФП инструкция по применению: показания, противопоказания ... | Аторвастатин-ФП — инструкция по применению, дозы, побочные действия ...",aptekamos.ru | www.rlsnet.ru | www.vidal.ru | medvisor.ru | allmed.pro | www.rlsnet.ru | www.vidal.ru | aptekamos.ru | medvisor.ru | aptekamos.ru | www.vidal.ru | www.rlsnet.ru,"status=ok | Category=Drug | mnn=Аторвастатин | RX_OTC=RX | Age=Взрослый | Препарат Аторвастатин-ФП является лекарственным средством, действующим веществом которого является аторвастатин (МНН). Он относится к группе статинов, ингибиторов ГМГ-КоА-редуктазы, и применяется для снижения уровня холестерина. Согласно инструкции, препарат противопоказан при…",rx,взрослые,False,redesign/artifacts/mnn_wave500_v3_searxng_raw.jsonl
24957,459,АТОРВАСТАТИН МЕДИСОРБ ТАБЛ. П/ПЛЕН/ОБ. 40МГ №30 | МЕДИСОРБ АО | МЕДИСОРБ АО,Аторвастатин,enrichment,ok,0,АТОРВАСТАТИН МЕДИСОРБ МНН ГРЛС | АТОРВАСТАТИН МЕДИСОРБ рецептурный безрецептурный ГРЛС | АТОРВАСТАТИН МЕДИСОРБ инструкция применение возраст дети взрослые,,https://aptekamos.ru/tovary/lekarstva/atorvastatin-1221/atorvastatin-medisorb-tabletki-40mg-92239/instrukciya | https://apteka.ru/product/atorvastatin-medisorb-40-mg-60-sht-blister-tabletki-pokrytye-plenochnoj-obolochkoj-6756cf0130321fee9b6a870a/instructions/ | https://yandex.ru/medicine/medicaments/atorvastatin-medisorb | https://www.vidal.ru/drugs/atorvastatin-ms | https://www.rlsnet.ru/drugs/atorvastatin-33273 | https://medum.ru/atorvastatin-medisorb-10-mg-20-mg-40-mg | https://aptekamos.ru/tovary/lekarstva/atorvastatin-1221/atorvastatin-medisorb-tabletki-40mg-92239/instrukciya | https://medisorb.ru/upload/iblock/3f4/5tczcp23g93gqkoptogu8vpmppntxq47.pdf | https://www.rlsnet.ru/drugs/atorvastatin-medisorb-79808 | https://health.mail.ru/drug/atorvastatin_medisorb/ | https://apteka.ru/product/atorvastatin-medisorb-40-mg-60-sht-blister-tabletki-pokrytye-plenochnoj-obolochkoj-6756cf0130321fee9b6a870a/instructions/ | https://yandex.ru/medicine/medicaments/atorvastatin-medisorb,"Инструкция по применению Аторвастатин Медисорб таблетки 40мг: показания ... | Инструкция по применению Аторвастатин медисорб 40 мг 60 шт. блистер ... | Аторвастатин Медисорб — инструкция по применению, противопоказания ... | Аторвастатин Медисорб инструкция по применению: показания ... | Аторвастатин — инструкция по применению, дозы, побочные действия ... | Аторвастатин Медисорб 10 мг, 20 мг, 40 мг — инструкция по применению ... | Инструкция по применению Аторвастатин Медисорб таблетки 40мг: показания ... | PDF МИНИСТЕРСТВО ЗДРАВООХРАНЕНИЯ РОССИЙСКОЙ ФЕДЕРАЦИИ ИНСТРУКЦИЯ ПО ... | Аторвастатин Медисорб — инструкция по применению, дозы, побочные ... | Аторвастатин Медисорб таблетки - инструкция по применению, цена ... | Инструкция по применению Аторвастатин медисорб 40 мг 60 шт. блистер ... | Аторвастатин Медисорб — инструкция по применению, противопоказания ...",aptekamos.ru | apteka.ru | yandex.ru | www.vidal.ru | www.rlsnet.ru | medum.ru | aptekamos.ru | medisorb.ru | www.rlsnet.ru | health.mail.ru | apteka.ru | yandex.ru,"status=ok | Category=Drug | mnn=Аторвастатин | RX_OTC=RX | Age=Взрослый | Аторвастатин Медисорб является лекарственным препаратом, действующим веществом которого является аторвастатин (МНН). Он относится к группе статинов и применяется для снижения уровня холестерина. Препарат отпускается по рецепту, так как в инструкции указаны противопоказания и…",rx,взрослые,False,redesign/artifacts/mnn_wave500_v3_searxng_raw.jsonl
25599,459,АПИЛАК ТАБЛ. П/ЯЗЫЧН. 10МГ №30 ВИФИТЕХ | ВИФИТЕХ | ВИФИТЕХ,Маточное Молочко,enrichment,ok,0,Апилак МНН ГРЛС | Апилак рецептурный безрецептурный ГРЛС | Апилак инструкция применение возраст дети взрослые,,https://pharmproduct.ru/drugs/apilak-grindeks | https://www.rlsnet.ru/drugs/apilak-grindeks-36807 | https://zdesapteka.ru/instructions/apilak-grindeks/ | https://medvestnik.ru/ls/a0e3f41a-107f-498a-abe0-bce0083f05c5.html | https://www.vidal.ru/drugs/apilac__8937 | https://allmed.pro/ru/drugs/apilak | https://medvisor.ru/medicine/drug/apilak_30235/ | https://www.neboleem.net/apilak.php | https://zdesapteka.ru/instructions/apilak/ | https://yandex.ru/medicine/medicaments/apilak | https://www.vidal.ru/drugs/apilac__8937 | https://www.webapteka.ru/drugbase/name497.html,"Апилак Гриндекс — инструкция по применению, аналоги | PharmProduct | Апилак Гриндекс — инструкция по применению, дозы, побочные действия ... | Инструкция по применению Апилак Гриндекс, показания, состав, аналоги | Апилак Гриндекс: инструкция по применению, классификация | Апилак инструкция по применению: показания, противопоказания, побочное ... | Апилак рецепт, инструкция по применению, показания, аналоги, состав | Апилак: инструкция по применению, аналоги | МедВизор | Апилак - инструкция по применению, показания, противопоказания, отзывы | Инструкция по применению Апилак, показания, состав, аналоги | Апилак — инструкция по применению, противопоказания, побочные эффекты | Апилак инструкция по применению: показания, противопоказания, побочное ... | Апилак — инструкция по применению, описание, вопросы по препарату",pharmproduct.ru | www.rlsnet.ru | zdesapteka.ru | medvestnik.ru | www.vidal.ru | allmed.pro | medvisor.ru | www.neboleem.net | zdesapteka.ru | yandex.ru | www.vidal.ru | www.webapteka.ru,"status=ok | Category=Drug | mnn=маточное молочко | RX_OTC=OTC | Age=Универсальный | Апилак — лекарственный препарат, действующее вещество — маточное молочко (МНН: маточное молочко). Отпускается без рецепта (OTC). Применяется у взрослых и детей (включая новорожденных и недоношенных) в зависимости от лекарственной формы и показаний. Инструкции указывают на…",otc,универсальный,False,redesign/artifacts/mnn_wave500_v3_searxng_raw.jsonl
25982,459,АМЛОДИПИН ТАБЛ. 10МГ №30 РОЗЛЕКС | РОЗЛЕКС ФАРМ ООО | РОЗЛЕКС ФАРМ ООО,Амлодипин,enrichment,ok,0,Амлодипин МНН ГРЛС | Амлодипин рецептурный безрецептурный ГРЛС | Амлодипин инструкция применение возраст дети взрослые,,https://www.vidal.ru/drugs/amlodipine__3929 | https://www.rlsnet.ru/drugs/amlodipin-24511 | https://grls.rosminzdrav.ru/ | https://allmed.pro/ru/drugs/amlodipin | https://www.vidal.ru/drugs/amlodipine__3929 | https://www.rlsnet.ru/drugs/amlodipin-24511 | https://medum.ru/amlodipine | https://amlodipine.ru/instrukciya/ | https://www.webapteka.ru/drugbase/name16726.html | https://medi.ru/instrukciya/amlodipin_17604/ | https://www.vidal.ru/drugs/amlodipine__13202 | https://apteki.yandex.ru/news/amlodipin-instrukciya,"Амлодипин инструкция по применению: показания, противопоказания ... | Амлодипин — инструкция по применению, дозы, побочные действия, аналоги ... | rosminzdrav.ru | Амлодипин рецепт, инструкция по применению, показания, аналоги, состав | Амлодипин инструкция по применению: показания, противопоказания ... | Амлодипин — инструкция по применению, дозы, побочные действия, аналоги ... | Амлодипин — инструкция по применению | Medum.ru | Амлодипин — инструкция по применению, как принимать | Амлодипин — инструкция по применению, описание, вопросы по препарату | Амлодипин - Розлекс фарм - инструкция по применению | Амлодипин инструкция по применению: показания, противопоказания ... | Амлодипин — инструкция по применению препарата, дозировка, состав, срок ...",www.vidal.ru | www.rlsnet.ru | grls.rosminzdrav.ru | allmed.pro | www.vidal.ru | www.rlsnet.ru | medum.ru | amlodipine.ru | www.webapteka.ru | medi.ru | www.vidal.ru | apteki.yandex.ru,"status=ok | Category=Drug | mnn=Амлодипин | RX_OTC=RX | Age=Универсальный | Амлодипин является лекарственным средством (МНН: Амлодипин). Согласно данным Государственного реестра лекарственных средств (ГРЛС), препарат отпускается по рецепту (источник: grls.pharm-portal.ru). Инструкция по применению указывает, что препарат используется для лечения…",rx,универсальный,False,redesign/artifacts/mnn_wave500_v3_searxng_raw.jsonl
26113,459,АМБРОКСОЛ ТАБЛ. 30МГ №20 КАНОНФАРМА | КАНОНФАРМА ПРОДАКШН ЗАО | КАНОНФАРМА ПРОДАКШН ЗАО,Амброксол,enrichment,ok,0,Амброксол МНН ГРЛС | Амброксол рецептурный безрецептурный ГРЛС | Амброксол инструкция применение возраст дети взрослые,,https://www.rlsnet.ru/drugs/ambroksol-159 | https://aptekamos.ru/tovary/lekarstva/ambroksol-37/ambroksol-tabletki-30mg-350/instrukciya | https://www.vidal.ru/drugs/ambroxol-4 | https://aptekamos.ru/tovary/lekarstva/ambroksol-37/ambroksol-rastvor-7-5mg-ml-100ml-83534/instrukciya | https://www.rlsnet.ru/drugs/ambroksol-159 | https://www.vidal.ru/drugs/ambroxol-4 | https://medum.ru/ambroksol | https://www.rlsnet.ru/drugs/ambroksol-159 | https://ambroksol.ru/instrukciya/ | https://aptekamos.ru/tovary/lekarstva/ambroksol-37/ambroksol-rastvor-30mg-5ml-200ml-108215/instrukciya | https://drugs.medelement.com/drug/%D0%B0%D0%BC%D0%B1%D1%80%D0%BE%D0%BA%D1%81%D0%BE%D0%BB-30%D0%BC%D0%B3-%D0%B8%D1%80%D0%B1%D0%B8%D1%82%D1%81%D0%BA%D0%B8%D0%B9-%D0%B8%D0%BD%D1%81%D1%82%D1%80%D1%83%D0%BA%D1%86%D0%B8%D1%8F/367485831695279278?instruction_lang=RU | https://aptekamos.ru/tovary/lekarstva/ambroksol-37/ambroksol-tabletki-30mg-350/instrukciya,"Амброксол — инструкция по применению, дозы, побочные действия, аналоги ... | Инструкция Амброксол таблетки 30мг: показания и противопоказания ... | Амброксол инструкция по применению: показания, противопоказания ... | Инструкция Амброксол раствор 7,5мг/мл 100мл: показания и ... | Амброксол — инструкция по применению, дозы, побочные действия, аналоги ... | Амброксол инструкция по применению: показания, противопоказания ... | Амброксол — инструкция по применению | справочник лекарственных ... | Амброксол — инструкция по применению, дозы, побочные действия, аналоги ... | Амброксол — инструкция по применению препарата | Инструкция по применению Амброксол раствор 30мг/5мл 200мл: показания и ... | АМБРОКСОЛ: инструкция по применению, показания. (Другие названия ... | Инструкция Амброксол таблетки 30мг: показания и противопоказания ...",www.rlsnet.ru | aptekamos.ru | www.vidal.ru | aptekamos.ru | www.rlsnet.ru | www.vidal.ru | medum.ru | www.rlsnet.ru | ambroksol.ru | aptekamos.ru | drugs.medelement.com | aptekamos.ru,"status=ok | Category=Drug | mnn=Амброксол | RX_OTC=OTC | Age=Универсальный | Амброксол — лекарственное средство (препарат), действующее вещество — амброксол. Согласно инструкциям, препарат применяется для лечения и профилактики респираторного дистресс-синдрома, а также для улучшения отхождения мокроты. Взрослым и детям старше 12 лет назначают по 30 мг 3…",otc,универсальный,False,redesign/artifacts/mnn_wave500_v3_searxng_raw.jsonl
26319,459,"АЛТАЙ ФИТОЧАЙ КИПРЕЯ ТРАВА Ф/П 1,5Г №20 | АЛТАЙСКИЙ КЕДР ООО | АЛТАЙСКИЙ КЕДР ООО",,,ok,0,АЛТАЙ ФИТОЧАЙ КИПРЕЯ ТРАВА МНН ГРЛС | АЛТАЙ ФИТОЧАЙ КИПРЕЯ ТРАВА рецептурный безрецептурный ГРЛС | АЛТАЙ ФИТОЧАЙ КИПРЕЯ ТРАВА инструкция применение возраст дети взрослые,,https://medum.ru/fitochaj-altaj-kiprej-trava | https://medum.ru/fitochaj-altaj-kiprej-trava-filtrpakety-pachki | https://www.lsgeotar.ru/supplements/AARR | https://medum.ru/fitochaj-altaj-kiprej-trava | https://www.rlsnet.ru/baa/fitocai-altai-kiprei-trava-37693 | https://medum.ru/fitochaj-altaj-kiprej-trava-filtrpakety-pachki | https://kiberis.ru/?p=35848 | https://www.medsovet.info/herb/59593 | https://medum.ru/fitochaj-altaj-kiprej-trava | https://www.rlsnet.ru/baa/fitocai-altai-kiprei-trava-37693 | https://medum.ru/fitochaj-altaj-kiprej-trava-filtrpakety-pachki | https://kiberis.ru/?p=35848,"Фиточай «Алтай» (Кипрей трава) — инструкция по применению | справочник ... | Фиточай «Алтай» (Кипрей трава) фильтр-пакеты, пачки — инструкция по ... | Фиточай ""Алтай"" (Кипрей трава) - Общая информация - ЛС ГЭОТАР+ | Фиточай «Алтай» (Кипрей трава) — инструкция по применению | справочник ... | Фиточай «Алтай» (Кипрей трава) — инструкция по применению, аналоги ... | Фиточай «Алтай» (Кипрей трава) фильтр-пакеты, пачки — инструкция по ... | Фиточай «Алтай» (Кипрей трава) :: инструкция по применению. | Лекарство Фиточай «Алтай» (Кипрей трава) - инструкция по применению, отзывы | Фиточай «Алтай» (Кипрей трава) — инструкция по применению | справочник ... | Фиточай «Алтай» (Кипрей трава) — инструкция по применению, аналоги ... | Фиточай «Алтай» (Кипрей трава) фильтр-пакеты, пачки — инструкция по ... | Фиточай «Алтай» (Кипрей трава) :: инструкция по применению.",medum.ru | medum.ru | www.lsgeotar.ru | medum.ru | www.rlsnet.ru | medum.ru | kiberis.ru | www.medsovet.info | medum.ru | www.rlsnet.ru | medum.ru | kiberis.ru,"status=ok | Category=BAS | RX_OTC=not applicable | Age=Взрослый | Согласно найденным источникам, Фиточай «Алтай» (Кипрей трава) является биологически активной добавкой (БАД), а не лекарственным средством. Например, на сайте lsgeotar.ru указано, что это БАД к пище — источник флавоноидов и полифенольных соединений…",unknown,взрослые,True,redesign/artifacts/mnn_wave500_v3_searxng_raw.jsonl
27128,459,АГОМЕЛАТИН ТАБЛ. П/ПЛЕН/ОБ. 25МГ №28 | ОЗОН ООО | ОЗОН ООО,Агомелатин,enrichment,ok,0,Агомелатин МНН ГРЛС | Агомелатин рецептурный безрецептурный ГРЛС | Агомелатин инструкция применение возраст дети взрослые,,https://www.vidal.ru/drugs/agomelatine | https://www.lsgeotar.ru/drugs/agomelatine-BAwU | https://www.lsgeotar.ru/drugs/agomelatine-ACYN | https://allmed.pro/ru/drugs/agomelatin | https://grls.rosminzdrav.ru/ | https://www.rlsnet.ru/drugs/agomelatin-38875 | https://www.vidal.ru/drugs/agomelatine | https://www.rlsnet.ru/drugs/agomelatin-38875 | https://aptekamos.ru/tovary/lekarstva/agomelatin-10689/agomelatin-tabletki-25mg-106642/instrukciya | https://medum.ru/agomelatin | https://medspravochnik.com/drugs/antidepressanty/agomelatin/ | https://medum.ru/agomelatine,"Агомелатин инструкция по применению: показания, противопоказания ... | Агомелатин - Информация о препарате - ЛС ГЭОТАР | Агомелатин - Информация о препарате - ЛС ГЭОТАР | Агомелатин рецепт, инструкция по применению, показания, аналоги, состав | rosminzdrav.ru | Агомелатин — инструкция по применению, дозы, побочные действия, аналоги ... | Агомелатин инструкция по применению: показания, противопоказания ... | Агомелатин — инструкция по применению, дозы, побочные действия, аналоги ... | Инструкция Агомелатин таблетки 25мг: показания и противопоказания ... | Агомелатин — инструкция по применению | Medum.ru | Агомелатин — инструкция по применению, показания, дозировки и побочные ... | Агомелатин — инструкция по применению | справочник лекарственных ...",www.vidal.ru | www.lsgeotar.ru | www.lsgeotar.ru | allmed.pro | grls.rosminzdrav.ru | www.rlsnet.ru | www.vidal.ru | www.rlsnet.ru | aptekamos.ru | medum.ru | medspravochnik.com | medum.ru,"status=ok | Category=Drug | mnn=Агомелатин | RX_OTC=RX | Age=Взрослый | Агомелатин является лекарственным препаратом (антидепрессантом), действующее вещество — агомелатин. Согласно инструкции, он применяется для лечения больших депрессивных эпизодов у взрослых. В одном из источников указано, что препарат не следует применять у пациентов детской…",rx,взрослые,False,redesign/artifacts/mnn_wave500_v3_searxng_raw.jsonl
