product_id,product_kind,normalized_text,attr_mnn,attr_rx_otc,attr_brand,attr_combination_hint,mnn_enriched,rx_otc_enriched,combination_hint_enriched,mnn_source,rx_source,confidence_enriched,explanation_enriched,error_message,enrich_kind,enrich_skip_reason,enrich_status,prompt_version
19,drug,АСКОРУТИН 50мг+50мг N50 таб. Фармцентр вилар АО | Фармцентр Вилар АО | Фармцентр Вилар АО | N50,,otc,Аскорутин,true,аскорбиновая кислота+рутин,otc,,qwen_enrichment,qwen_enrichment,0.95,Торговое название «Аскорутин» однозначно указывает на комбинацию аскорбиновой кислоты и рутина (рутозида). Препарат является безрецептурным ангиопротектором.,,drug,,enriched,prompt_enrichment_v1
36,vitamin_or_baa,ТАУФОН ТАБС ЛЮТЕИН N120 таб. покрытые пленочной оболочкой Фармстандарт-УфаВИТА ОАО | Фармстандарт-Уфавита ОАО | Фармстандарт-Уфавита ОАО | N120,Комплекс,,Тауфон Табс Лютеин,комбинированный,Комплекс,не применимо,multicomponent,qwen_enrichment,qwen_enrichment,0.95,"В названии продукта явно указаны два активных компонента: таурин и лютеин, что указывает на комбинированный состав без одного доминирующего нутриента.",,vitamin_or_baa,,enriched,prompt_enrichment_v1
40,vitamin_or_baa,АИРА КОРНЕВИЩА 50г Фито-Бот ООО | Фито-Бот ООО | Фито-Бот ООО,,,,монокомпонентный,,не применимо,monocomponent,qwen_enrichment,qwen_enrichment,0.95,"Продукт представляет собой растительное сырье (корневища аира), которое не входит в список ключевых нутриентов или витаминов для данной задачи. Поскольку продукт состоит из одного компонента, комбинация указана как монокомпонентная.",,vitamin_or_baa,,enriched,prompt_enrichment_v1
41,drug,"БИФРАДУАЛ 0,25мг/мл + 0,5мг/мл 20мл р-р д/ингаляций ЮжФарм ООО | ЮжФарм ООО | ЮжФарм ООО",,rx,Бифрадуал,true,,unknown,,qwen_enrichment,qwen_enrichment,0.3,"В предоставленном тексте не указаны международные непатентованные наименования действующих веществ, поэтому определить МНН невозможно. Хотя препарат относится к бронхолитикам и обычно является рецептурным, без точного состава статус отпуска (rx/otc) установить нельзя.",,drug,,enriched,prompt_enrichment_v1
42,vitamin_or_baa,ГИНОКОМФОРТ КЛИМАФЕМИН таб. N20 Вертекс | Вертекс АО | Вертекс АО | N20,,,Гинокомфорт,,,не применимо,unknown,qwen_enrichment,qwen_enrichment,0.95,"В предоставленном тексте отсутствует информация о составе продукта, поэтому невозможно определить ключевой нутриент или тип комбинации.",,vitamin_or_baa,,enriched,prompt_enrichment_v1
55,drug,"БИСОМОР 2,5мг N30 таб. покрытые пленочной оболочкой Эдж Фарма Прайвет | Эдж Фарма Прайвет Лимитед | Эдж Фарма Прайвет Лимитед | N30",,рецептурный,Бисомор,,бисопролол,rx,,qwen_enrichment,qwen_enrichment,0.95,"Название бренда «Бисомор» является производным от международного непатентованного названия «бисопролол», что подтверждается дозировкой и классом бета-адреноблокаторов. Препараты этой группы являются рецептурными.",,drug,,enriched,prompt_enrichment_v1
65,vitamin_or_baa,ЭКОКУРМАКС капс. липосомальный комплекс с куркумином N60 Вектор-Медика АО | Вектор-Медика АО | Вектор-Медика АО | N60,Куркумин,,ЭКОКУРМАКС,,Куркумин,не применимо,monocomponent,qwen_enrichment,qwen_enrichment,0.95,"В названии продукта явно указан куркумин как ключевой компонент липосомального комплекса. Несмотря на формулировку «комплекс», доминирующим и единственным перечисленным активным нутриентом является куркумин.",,vitamin_or_baa,,enriched,prompt_enrichment_v1
67,drug,ДИКЛОФАРМ 25мг/мл 3мл N5 р-р для в/м введения ВетПром АД | ВетПром АД | ВетПром АД | N5,,rx,Диклофарм,монопрепарат,диклофенак,rx,,qwen_enrichment,qwen_enrichment,0.95,"Название препарата «Диклофарм» содержит корень «дикло», что однозначно указывает на международное непатентованное наименование (МНН) диклофенак. Инъекционные формы нестероидных противовоспалительных средств, такие как диклофенак, являются рецептурными препаратами.",,drug,,enriched,prompt_enrichment_v1
78,vitamin_or_baa,ЭКОЦИСТИН порошок д/приготовления р-ра д/приема внутрь 3г N7 АВВА РУС АО | АВВА РУС АО | АВВА РУС АО | N7,,,Экоцистин,,,не применимо,unknown,qwen_enrichment,qwen_enrichment,0.0,"В предоставленном тексте не указано действующее вещество или состав продукта, поэтому невозможно определить ключевой нутриент или тип комбинации.",,vitamin_or_baa,,enriched,prompt_enrichment_v1
91,drug,ТИГАЦИЛ 50мг N10 лиофилизат д/приготовления р-ра д/инфузий Wyeth Lederle S.p.A | Wyeth lederle Spa | Wyeth lederle Spa | N10,,рецептурный,Тигацил,,тигециклин,rx,,qwen_enrichment,qwen_enrichment,0.95,"Торговое название «Тигацил» однозначно соответствует международному непатентованному наименованию тигециклин. Препарат является антибиотиком для внутривенного введения, что подтверждает его рецептурный статус.",,drug,,enriched,prompt_enrichment_v1
97,vitamin_or_baa,НЕЙРВАНА р-р 350мл Витаукт-пром | Витаукт-Пром ООО | Витаукт-Пром ООО,,,Нейрвана,,,не применимо,unknown,qwen_enrichment,qwen_enrichment,0.0,"В предоставленном тексте отсутствует информация о составе продукта, поэтому невозможно определить ключевой нутриент или тип комбинации компонентов.",,vitamin_or_baa,,enriched,prompt_enrichment_v1
145,drug,"МЕКСИКОР 50мг/мл 5мл N20 р-р для в/в и в/м введения ГосЗМП, ФГУП | Госзмп ФГУП | Госзмп ФГУП | N20",,рецептурный,Мексикор,,,unknown,,qwen_enrichment,qwen_enrichment,0.3,"Текст содержит только торговое название «Мексикор» без указания действующего вещества, поэтому определить МНН невозможно. Хотя препарат является инъекционным и обычно отпускается по рецепту, в предоставленном тексте нет явного подтверждения статуса рецептурного отпуска, поэтому rx_otc установлен как unknown.",,drug,,enriched,prompt_enrichment_v1
224,vitamin_or_baa,ЗОЛОТОЙ КОНЕК таб. N20 ПТ. ИКОНГ Фармацевтикал Индастри КО | Пт. Иконг фармацевтикал индастри Ко | Пт. Иконг фармацевтикал индастри Ко | N20,,,Золотой конек,,,не применимо,unknown,qwen_enrichment,qwen_enrichment,0.95,"В предоставленном тексте отсутствует информация о составе продукта, поэтому невозможно определить ключевой нутриент или тип комбинации.",,vitamin_or_baa,,enriched,prompt_enrichment_v1
310,drug,ЮНИДОКС СОЛЮТАБ ТАБЛ. ДИСПЕРГ. 100МГ №20 | ЗИО-ЗДОРОВЬЕ ЗАО | ЗИО-ЗДОРОВЬЕ ЗАО,,rx,Юнидокс Солютаб,,доксициклин,rx,,qwen_enrichment,qwen_enrichment,1.0,"Согласно предоставленному семантическому объяснению, препарат Юнидокс Солютаб содержит действующее вещество доксициклин и отпускается по рецепту.",,drug,,enriched,prompt_enrichment_v1
358,drug,ЭФФЕРАЛГАН ТАБЛ. ШИПУЧ. 500МГ №16 | УПСА САС | УПСА САС,,otc,Эффералган,монопрепарат,парацетамол,otc,,qwen_enrichment,qwen_enrichment,0.95,Препарат Эффералган является известным торговым названием парацетамола в дозировке 500 мг. Это безрецептурный анальгетик-антипиретик.,,drug,,enriched,prompt_enrichment_v1
459,drug,ЭТОРЕЛЕКС ТАБЛ. П/ПЛЕН/ОБ. 90МГ №28 | ФАРМАСИНТЕЗ АО | ФАРМАСИНТЕЗ АО,,rx,Эторелекс,,,unknown,,qwen_enrichment,qwen_enrichment,0.4,"Торговое название «Эторелекс» не содержит явного указания на международное непатентованное наименование (INN), поэтому определить действующее вещество невозможно без внешних данных. Хотя препарат с высокой долей вероятности является рецептурным, в предоставленном тексте статус рецептурности прямо не указан.",,drug,,enriched,prompt_enrichment_v1
681,vitamin_or_baa,"ЭНТЕГНИН-Н ТАБЛ. 0,47Г №100 | В-МИН+ ООО | В-МИН+ ООО",,,ЭНТЕГНИН-Н,,,не применимо,unknown,qwen_enrichment,qwen_enrichment,0.95,В предоставленном тексте и базовых атрибутах отсутствует информация о конкретном действующем веществе или составе продукта. Без указания нутриентов невозможно определить доминирующий компонент или классифицировать продукт как моно- или многокомпонентный.,,vitamin_or_baa,,enriched,prompt_enrichment_v1
711,drug,ЭНАП ТАБЛ. 5МГ №20 | КРКА-РУС ООО | КРКА-РУС ООО,,rx,Энап,,эналаприл,rx,,qwen_enrichment,qwen_enrichment,0.95,"Препарат Энап является торговым названием эналаприла, ингибитора АПФ, что подтверждается его терапевтическим классом и дозировкой. Все препараты этой группы в России отпускаются строго по рецепту.",,drug,,enriched,prompt_enrichment_v1
780,drug,ЭМСИБЕЛ Р-Р Д/ИН. 10МГ/МЛ АМП. 1МЛ №10 | БЕЛМЕДПРЕПАРАТЫ РУП | БЕЛМЕДПРЕПАРАТЫ РУП,,rx,ЭМСИБЕЛ,,,unknown,,qwen_enrichment,qwen_enrichment,0.5,"Действующее вещество не указано в тексте и не может быть однозначно определено по торговому названию Эмсибел без дополнительных данных. Хотя препарат является инъекционным раствором, его статус рецептурности или безрецептурного отпуска также не подтвержден явным образом в предоставленной информации.",,drug,,enriched,prompt_enrichment_v1
905,drug,ЭЛИДЕЛ КРЕМ Д/НАРУЖ. ПРИМ. 1% ТУБА 15Г | МЕДА МАНУФАКЧУРИНГ | МЕДА МАНУФАКЧУРИНГ,,рецептурный,Элидел,,,unknown,,qwen_enrichment,qwen_enrichment,0.4,"Текст содержит только торговое название «Элидел» без указания действующего вещества, поэтому МНН определить невозможно. Хотя препарат известен как рецептурный, в предоставленном тексте нет явных указаний на статус отпуска, поэтому установлен статус unknown.",,drug,,enriched,prompt_enrichment_v1
988,drug,ЭКОФУЦИН СУПП. ВАГ. 100МГ №3 | ///АВВА РУС АО | ///АВВА РУС АО,,otc,Экофуцин,,,unknown,,qwen_enrichment,qwen_enrichment,0.3,"В предоставленном тексте и атрибутах не указано международное непатентованное наименование (МНН) действующего вещества препарата Экофуцин. Хотя в исходных данных упоминается статус OTC, без точного знания состава невозможно подтвердить его безрецептурный статус с высокой уверенностью.",,drug,,enriched,prompt_enrichment_v1
1114,drug,ЭЙФА АЦ ГРАН. Д/Р-РА Д/ПРИЕМА ВНУТРЬ 200МГ ПАК-САШЕ №20 | ОБНОВЛЕНИЕ ПФК АО | ОБНОВЛЕНИЕ ПФК АО,,otc,Эйфа АЦ,монопрепарат,ацетилцистеин,otc,,qwen_enrichment,qwen_enrichment,0.95,"Сокращение «АЦ» в названии препарата и описание формы выпуска однозначно указывают на действующее вещество ацетилцистеин. Ацетилцистеин является муколитиком, который в дозировке 200 мг обычно отпускается без рецепта.",,drug,,enriched,prompt_enrichment_v1
1243,vitamin_or_baa,ЭВИТАЛИЯ ЗАКВАСКА ДЛЯ АЦИДОФИЛИНА ПРОБИОТИЧЕСКОГО САШЕ 2Г №5 | В-МИН+ ООО | В-МИН+ ООО,,,Эвиталия,,,не применимо,unknown,qwen_enrichment,qwen_enrichment,0.95,"Продукт является пробиотической закваской с неопределенным микробным составом, поэтому конкретное действующее вещество (МНН) в списке нутриентов отсутствует. Так как тип бактерий не указан, невозможно определить, является ли продукт моно- или многокомпонентным.",,vitamin_or_baa,,enriched,prompt_enrichment_v1
1256,drug,ЭВАМЕНОЛ НАЗО КАПЛИ НАЗ. 1%+3% ФЛ-КАП. 12МЛ | МОСКОВСКАЯ ФФ | МОСКОВСКАЯ ФФ,,otc,Эваменол Назо,комбинированный,,otc,,qwen_enrichment,qwen_enrichment,0.65,"Текст не содержит явного указания на международное непатентованное наименование (МНН) активных веществ, поэтому поле mnn оставлено пустым. Препарат классифицируется как безрецептурный (OTC), так как это симптоматическое средство для местного применения.",,drug,,enriched,prompt_enrichment_v1
1347,drug,ШПРИЦ ОДНОРАЗ. 3-Х КОМП. 20МЛ LUER-SLIP ИГЛА ПРИЛОЖ. 21G №1 VM | VOGT MEDICAL | VOGT MEDICAL | 21 G,,,VOGT MEDICAL,,,unknown,,qwen_enrichment,qwen_enrichment,1.0,"Товар является медицинским изделием (одноразовый шприц), а не лекарственным препаратом, поэтому у него отсутствует международное непатентованное наименование (МНН) и статус рецептурности.",,drug,,enriched,prompt_enrichment_v1
1379,drug,"ШПРИЦ ИНСУЛИН. МИКРО-ФАЙН ПЛЮС U-100 3-Х КОМП. 0,5МЛ ИГЛА 29G №10 | БЕКТОН ДИКИНСОН | БЕКТОН ДИКИНСОН | 29 G",,,Бектон Дикинсон,,,unknown,,qwen_enrichment,qwen_enrichment,1.0,"Товар представляет собой медицинское изделие (инсулиновый шприц), а не лекарственный препарат, поэтому у него отсутствует международное непатентованное наименование (МНН) и категория отпуска.",,drug,,enriched,prompt_enrichment_v1
1384,drug,ШПРИЦ ИНСУЛИН. U-40 ОДНОРАЗ. 3-Х КОМП. 1МЛ ИГЛА 26G №1 SFM | СФМ ГОСПИТАЛ ПРОДАКТС ГМБХ | СФМ ГОСПИТАЛ ПРОДАКТС ГМБХ | 26 G,,,SFM,,,unknown,,qwen_enrichment,qwen_enrichment,0.95,"Товар является медицинским изделием (инсулиновый шприц), а не лекарственным препаратом, поэтому у него отсутствует международное непатентованное наименование (МНН) и статус рецептурности.",,drug,,enriched,prompt_enrichment_v1
1402,drug,ШПРИЦ ИНЕКТА ИНСУЛИН. ОДНОРАЗ. 3-КОМП. 1МЛ ИГЛА 26G №1 | БЕЙДЖИНГ ФОРНЁРС МЕДИКАЛ ЭКВИПМЕНТ КО. | БЕЙДЖИНГ ФОРНЁРС МЕДИКАЛ ЭКВИПМЕНТ КО. | 26 G,,,Инекта,,,unknown,,qwen_enrichment,qwen_enrichment,0.95,"Товар представляет собой медицинское изделие (инсулиновый шприц), а не лекарственный препарат, поэтому у него нет действующего вещества (МНН) и рецептурного статуса.",,drug,,enriched,prompt_enrichment_v1
1623,vitamin_or_baa,ЧЕРНИКА ФОРТЕ С ЛЮТЕИНОМ КАПС. №45 ФАРМ-ПРО | ФАРМ-ПРО ПК ООО | ФАРМ-ПРО ПК ООО,Комплекс,,Черника Форте,черника + лютеин,Комплекс,не применимо,multicomponent,qwen_enrichment,qwen_enrichment,0.95,"Продукт содержит комбинированный состав на основе черники и лютеина, что указывает на наличие нескольких активных компонентов без одного доминирующего нутриента из списка.",,vitamin_or_baa,,enriched,prompt_enrichment_v1
1800,drug,ЦИННАБСИН ТАБЛ. Д/РАССАС. ГОМЕОП. №100 | ДОЙЧЕ ХОМЕОПАТИ-УНИОН ДХУ | ДОЙЧЕ ХОМЕОПАТИ-УНИОН ДХУ,,otc,Циннабсин,,,otc,,qwen_enrichment,qwen_enrichment,0.85,"Препарат является гомеопатическим средством (Циннабсин), для которого не применяется стандартная система МНН в виде одного активного вещества, поэтому mnn установлен в null. Гомеопатические препараты в России относятся к безрецептурным средствам.",,drug,,enriched,prompt_enrichment_v1
1989,drug,ЦЕРЕБРОЛИЗАТ Р-Р ДЛЯ В/М ВВЕД. АМП. 1МЛ №10 БЕЛМЕДПРЕПАРАТЫ | БЕЛМЕДПРЕПАРАТЫ РУП | БЕЛМЕДПРЕПАРАТЫ РУП,,rx,Церебролизат,,,unknown,,qwen_enrichment,qwen_enrichment,0.3,"Товар назван «Церебролизат», что является торговым названием, а не международным непатентованным наименованием (МНН); МНН для этого препарата — цитиколин или пептиды, но в тексте они явно не указаны. Хотя препарат относится к ноотропам и обычно отпускается по рецепту, статус рецептурности нельзя подтвердить исключительно на основе предоставленного текста без внешних знаний.",,drug,,enriched,prompt_enrichment_v1
1990,vitamin_or_baa,ЦЕРЕБРАМИН ТАБЛ. П/О №40 | КЛИНИКА ИНСТИТ.БИОРЕГУЛЯЦ. И ГЕРОНТОЛОГИИ | КЛИНИКА ИНСТИТ.БИОРЕГУЛЯЦ. И ГЕРОНТОЛОГИИ,,,Церебрамин,,,не применимо,unknown,qwen_enrichment,qwen_enrichment,0.95,"В предоставленном тексте не указаны конкретные действующие вещества или состав продукта, поэтому невозможно определить ключевой нутриент или тип комбинации.",,vitamin_or_baa,,enriched,prompt_enrichment_v1
2043,vitamin_or_baa,"ЦВЕТУЩИЙ ЛУГ ЭЛЕУТЕРОКОКК П ТАБЛ. 0,205Г №100 | ПАРАФАРМ ООО | ПАРАФАРМ ООО",,,Цветущий луг,монопрепарат,,не применимо,unknown,qwen_enrichment,qwen_enrichment,0.4,"Продукт содержит растительный экстракт элеутерококка, который не входит в список конкретных нутриентов или витаминов для определения mnn. Хотя это монокомпонентный препарат на основе одного растения, точное соответствие заданному списку отсутствует.",,vitamin_or_baa,,enriched,prompt_enrichment_v1
2148,drug,ХОНСАТ Р-Р ДЛЯ В/М ВВЕД. 100МГ/МЛ АМП. 2МЛ №5 | Армавирская биологическая фабрика/Эллара ООО | Армавирская биологическая фабрика/Эллара ООО,,rx,Хонсат,,,unknown,,qwen_enrichment,qwen_enrichment,0.3,"Действующее вещество не указано в тексте и не может быть однозначно определено по торговому названию «Хонсат», так как оно может соответствовать разным хондропротекторам (например, глюкозамин или хондроитин). Статус рецептурности также не подтвержден явным образом в предоставленных данных.",,drug,,enriched,prompt_enrichment_v1
2193,vitamin_or_baa,ХОНДА МСМ ТАБЛ. П/О 2Г №120 | ЭВАЛАР ЗАО | ЭВАЛАР ЗАО,МСМ,,Хонда,монопрепарат,,не применимо,unknown,qwen_enrichment,qwen_enrichment,0.6,"Ключевой нутриент МСМ (метилсульфонилметан) не входит в предоставленный список допустимых ключевых веществ для поля mnn. Поскольку продукт является монокомпонентным, но активное вещество отсутствует в целевом перечне, значение mnn установлено как null.",,vitamin_or_baa,,enriched,prompt_enrichment_v1
2249,drug,ХЛОРОФИЛЛИПТ ТАБЛ. Д/РАССАС. 25МГ №20 ВИФИТЕХ | ВИФИТЕХ | ВИФИТЕХ,,без рецепта,Хлорофиллипт,,хлорофиллипт,otc,,qwen_enrichment,qwen_enrichment,0.95,МНН препарата Хлорофиллипт — хлорофиллипт (смесь хлорофиллов из листьев эвкалипта). Препарат относится к безрецептурным средствам для местного применения.,,drug,,enriched,prompt_enrichment_v1
2630,drug,ФУРАЦИЛИН ТАБЛ. Д/Р-РА Д/МЕСТН. И НАРУЖ. ПРИМ. 20МГ №10 ИРБИТСКИЙ ХФЗ | ИРБИТСКИЙ ХИМЗАВОД ОАО | ИРБИТСКИЙ ХИМЗАВОД ОАО,,otc,,монопрепарат,нитрофурал,otc,,qwen_enrichment,qwen_enrichment,0.95,"Товар содержит активное вещество нитрофурал (международное непатентованное наименование фурацилина), что подтверждается названием и описанием в семантическом объяснении. Препарат является антисептиком и отпускается без рецепта.",,drug,,enriched,prompt_enrichment_v1
2640,drug,ФУРАЦИЛИН ПОР. Д/Р-РА Д/МЕСТН. И НАРУЖ. ПРИМ. 20МГ ПАКЕТ №10 МЕЛИГЕН | МЕЛИГЕН ФП | МЕЛИГЕН ФП,,otc,Мелиген ФП,монопрепарат,фурацилин,otc,,qwen_enrichment,qwen_enrichment,1.0,"Название препарата «ФУРАЦИЛИН» однозначно указывает на международное непатентованное наименование нитрофурал (короткая форма — фурацилин). Согласно тексту и стандартной практике, это безрецептурный антисептик.",,drug,,enriched,prompt_enrichment_v1
2811,drug,ФОСФОГЛИВ КАПС. №96 | ФАРМСТАНДАРТ-ЛЕКСРЕДСТВА ОАО | ФАРМСТАНДАРТ-ЛЕКСРЕДСТВА ОАО,,otc,Фосфоглив,комбинированный,,unknown,,qwen_enrichment,qwen_enrichment,0.4,"Текст не содержит явного указания на международное непатентованное наименование (МНН), хотя препарат Фосфоглив известен как комбинированный гепатопротектор. Статус рецептурности в предоставленном описании не подтвержден явно, поэтому для соблюдения правил осторожности установлен статус unknown.",,drug,,enriched,prompt_enrichment_v1
2906,drug,ФОРОЗА ТАБЛ. П/ПЛЕН/ОБ. 70МГ №12 НОВАРТИС | НОВАРТИС НЕВА ООО | НОВАРТИС НЕВА ООО,,rx,Фороза,,,unknown,,qwen_enrichment,qwen_enrichment,0.3,"В предоставленном тексте не указано действующее вещество препарата «Фороза», поэтому определить МНН невозможно. Хотя в базовых атрибутах указан статус рецептурного препарата, без подтверждения состава и официальных данных о регистрации точность определения статуса rx_otc снижается.",,drug,,enriched,prompt_enrichment_v1
2930,drug,"ФОРМИСОНИД ПОР. Д/ИНГ. ДОЗИР. 160МКГ+4,5МКГ/ДОЗА №60 С ИНГАЛЯТОРОМ | ФАРМСТАНДАРТ-ЛЕКСРЕДСТВА ОАО | ФАРМСТАНДАРТ-ЛЕКСРЕДСТВА ОАО",,rx,Формисонид,комбинированный препарат,,unknown,,qwen_enrichment,qwen_enrichment,0.5,"Текст содержит только торговое название «Формисонид» без указания международных непатентованных наименований (МНН) действующих веществ, поэтому определить точный состав невозможно. Хотя ингаляционные препараты с комбинированной дозировкой обычно являются рецептурными, в предоставленном тексте нет явного подтверждения статуса рецептурности.",,drug,,enriched,prompt_enrichment_v1
2936,drug,ФОРМИДРОН Р-Р Д/НАРУЖ. ПРИМ. СПИРТ. ФЛ. 50МЛ ЯРОСЛАВСКАЯ ФФ | ЯРОСЛАВСКАЯ ФФ | ЯРОСЛАВСКАЯ ФФ,,otc,Формидрон,,,otc,,qwen_enrichment,qwen_enrichment,0.85,"Текст не содержит явного указания на международное непатентованное наименование (МНН), поэтому поле mnn оставлено пустым. Препарат Формидрон является безрецептурным антисептиком для наружного применения.",,drug,,enriched,prompt_enrichment_v1
2977,vitamin_or_baa,ФОКУМАКС КАПС. №30 | СОЛЕФАРМ ООО | СОЛЕФАРМ ООО,,,Фокумакс,,,не применимо,unknown,qwen_enrichment,qwen_enrichment,0.95,"В предоставленном тексте отсутствует информация о составе продукта, поэтому невозможно определить ключевой нутриент или тип комбинации.",,vitamin_or_baa,,enriched,prompt_enrichment_v1
3080,drug,ФЛУИМУЦИЛ-АНТИБИОТИК ИТ ЛИОФ. Д/Р-РА Д/ИН. И ИНГ. 500МГ ФЛ. №3 С РАСТВОРИТЕЛЕМ | ЗАМБОН С.П.А. | ЗАМБОН С.П.А.,,rx,Флуимуцил-антибиотик ИТ,,,unknown,,qwen_enrichment,qwen_enrichment,0.4,"Текст содержит торговое название «Флуимуцил-антибиотик ИТ», но не указывает конкретное международное непатентованное наименование (МНН) действующих веществ в явном виде. Хотя наличие слова «антибиотик» и формы выпуска намекает на рецептурный статус, без точного указания состава (например, тиамфеникола или ацетилцистеина) определить МНН и гарантировать категорию отпуска по тексту невозможно.",,drug,,enriched,prompt_enrichment_v1
3083,vitamin_or_baa,ФЛУВИР ПОР. Д/ПРИЕМА ВНУТРЬ САШЕ №10 | PROBIOTICAL S.P.A. | PROBIOTICAL S.P.A.,,,Флувир,,,не применимо,unknown,qwen_enrichment,qwen_enrichment,0.5,"Продукт относится к пробиотикам (эубиотики), но в предоставленном тексте не указаны конкретные штаммы бактерий или другие нутриенты из списка. Поскольку состав не раскрыт, невозможно определить доминирующий компонент или тип комбинации.",,vitamin_or_baa,,enriched,prompt_enrichment_v1
3169,drug,ФЛИКСОТИД АЭРОЗ. Д/ИНГАЛ. ДОЗИР. 250МКГ/ДОЗА ФЛ. 60ДОЗ | ГЛАКСО ВЭЛЛКОМ С.А. | ГЛАКСО ВЭЛЛКОМ С.А.,,rx,Фликсотид,,флутиказон,rx,,qwen_enrichment,qwen_enrichment,0.95,"Препарат Фликсотид является известным торговым названием флутиказона пропионата, который относится к ингаляционным глюкокортикостероидам. Все препараты этой терапевтической группы в России отпускаются строго по рецепту.",,drug,,enriched,prompt_enrichment_v1
3216,drug,"ФЛАМАДЕКС ГЕЛЬ Д/НАРУЖН. ПРИМ. 2,5% ТУБА 50Г | ФАРМВИЛАР НПО ООО | ФАРМВИЛАР НПО ООО",,rx,Фламадекс,,,unknown,,qwen_enrichment,qwen_enrichment,0.3,"В предоставленном тексте отсутствует информация о действующем веществе, поэтому МНН определить невозможно. Хотя препарат относится к группе НПВС, без указания состава нельзя точно подтвердить его рецептурный статус.",,drug,,enriched,prompt_enrichment_v1
3296,vitamin_or_baa,ФИТОМУЦИЛ НОРМ ПЛЮС ПОР. ПАКЕТ ПО 6Г №10 | ADM PROTEXIN/БИОВИД | ADM PROTEXIN/БИОВИД,,,Фитомуцил Норм Плюс,,,не применимо,unknown,qwen_enrichment,qwen_enrichment,0.5,"В предоставленном тексте не указано конкретное действующее вещество или состав продукта, хотя название «Фитомуцил» обычно ассоциируется с псиллиумом. Без явного упоминания компонента в нормализованном тексте невозможно точно определить mnn и тип комбинации.",,vitamin_or_baa,,enriched,prompt_enrichment_v1
3478,vitamin_or_baa,ФИМИЦИЛ ПСИЛЛИУМ+СЛИВА ПОР Д/ПРИЕМА ВНУТРЬ ПАКЕТ-САШЕ 5Г №12 | ФАРМАЦЕВТИЧЕСКАЯ ФАБРИКА ООО | ФАРМАЦЕВТИЧЕСКАЯ ФАБРИКА ООО,Комплекс,,ФИМИЦИЛ,комбинированный,Псиллиум,не применимо,multicomponent,qwen_enrichment,qwen_enrichment,0.9,"Продукт содержит псиллиум и сливу, что делает его многокомпонентным комплексом. Псиллиум является ключевым нутриентом, указанным в списке допустимых значений.",,vitamin_or_baa,,enriched,prompt_enrichment_v1
3939,drug,УРОНОРМИН-Ф ПОР. Д/Р-РА Д/ПРИЕМА ВНУТРЬ 3Г ПАК. 8Г №2 | ФАРМСТАНДАРТ-ЛЕКСРЕДСТВА ОАО | ФАРМСТАНДАРТ-ЛЕКСРЕДСТВА ОАО,,rx,Уронормин-Ф,,,unknown,,qwen_enrichment,qwen_enrichment,0.3,"Точное действующее вещество (МНН) не указано в тексте и не может быть однозначно определено по торговому названию «Уронормин-Ф», так как оно может содержать разные комбинации компонентов (например, урологические антисептики или растительные экстракты). Статус рецептурности также неясен без знания состава, поэтому присвоен статус «unknown».",,drug,,enriched,prompt_enrichment_v1
3967,vitamin_or_baa,УРИНАЛ ПРОТЕКТ КАПС. ПО 770МГ №60 | НОВЕНТИС С.Р.О. | НОВЕНТИС С.Р.О.,,,Уринал Протект,,,не применимо,unknown,qwen_enrichment,qwen_enrichment,0.95,"В предоставленном тексте и атрибутах не указан состав продукта, поэтому невозможно определить ключевой нутриент или его комбинированность. Название «Уринал Протект» указывает на назначение для мочевыводящей системы, но без данных о компонентах классификация невозможна.",,vitamin_or_baa,,enriched,prompt_enrichment_v1
4254,vitamin_or_baa,ТУРАМИН ХРОМ КАПС. №90 | ВИС ООО | ВИС ООО,Хром,,Турамин Хром,,Хром,не применимо,monocomponent,qwen_enrichment,qwen_enrichment,0.95,Название продукта «Турамин Хром» и семантическое объяснение прямо указывают на наличие хрома как ключевого действующего вещества. Отсутствие упоминания других компонентов в описании позволяет классифицировать продукт как монокомпонентный.,,vitamin_or_baa,,enriched,prompt_enrichment_v1
4270,vitamin_or_baa,"ТУКСИРИЛ ЛЕДЕНЦЫ РАСТИТЕЛЬНЫЕ СО ВКУСОМ АНАНАСА ПО 2,5Г №30 | SYDLER REMEDIES PVT. LTD. | SYDLER REMEDIES PVT. LTD.",,,Туксирил,,,не применимо,unknown,qwen_enrichment,qwen_enrichment,0.95,"В названии и описании товара не указаны конкретные действующие вещества или витамины, только форма выпуска (леденцы) и вкус. Без информации о составе невозможно определить ключевой нутриент или тип комбинации.",,vitamin_or_baa,,enriched,prompt_enrichment_v1
4271,drug,"ТУДЖЕО СОЛО СТАР Р-Р ДЛЯ П/К ВВЕД. 300ЕД/МЛ КАРТРИДЖ В ШПРИЦ-РУЧКЕ 1,5МЛ №5 | САНОФИ-АВЕНТИС ДОЙЧЛАНД ГМБХ/САНОФИ-АВЕНТИС ВОСТОК ЗАО | САНОФИ-АВЕНТИС ДОЙЧЛАНД ГМБХ/САНОФИ-АВЕНТИС ВОСТОК ЗАО",,rx,Туджео Соло Стар,,инсулин деглудек,rx,,qwen_enrichment,qwen_enrichment,0.95,"Препарат Туджео Соло Стар является известным торговым названием инсулина деглудека, что подтверждается дозировкой и формой выпуска. Все препараты инсулина длительного действия отпускаются строго по рецепту.",,drug,,enriched,prompt_enrichment_v1
4383,drug,"ТРИНЕЙРО ТАБЛ. П/ПЛЕН/ОБ. 200МГ+100МГ+0,2МГ №60 | МАРБИОФАРМ ОАО | МАРБИОФАРМ ОАО",,otc,Тринейро,комбинированный (3 активных компонента),,unknown,,qwen_enrichment,qwen_enrichment,0.3,"Товар описан как комбинированный витаминный комплекс, но конкретные действующие вещества (МНН) в тексте не указаны и не могут быть однозначно определены без знания состава бренда Тринейро. Статус рецептурности также не подтвержден явно в предоставленных данных.",,drug,,enriched,prompt_enrichment_v1
4409,drug,ТРИМЕКТАЛ МВ ТАБЛ. МОДИФ. ВЫСВ. П/ПЛЕН/ОБ. 35МГ №120 ВЕРТЕКС | ВЕРТЕКС АО | ВЕРТЕКС АО,,rx,Тримектал МВ,монопрепарат,,unknown,,qwen_enrichment,qwen_enrichment,0.5,"Торговое название «Тримектал» не является стандартным и явно не указывает на конкретное международное непатентованное наименование (МНН) в предоставленном тексте. Хотя препарат описывается как антиангинальное средство, без явного указания действующего вещества или официального регистрационного статуса в тексте, определить МНН и статус отпуска (Rx/OTC) достоверно невозможно.",,drug,,enriched,prompt_enrichment_v1
4448,drug,ТРЕСИБА Р-Р ДЛЯ П/К ВВЕД. 100ЕД/МЛ КАРТРИДЖ В ШПРИЦ-РУЧКЕ ФЛЕКСПЕН 3МЛ №5 | НОВО НОРДИКС А/С | НОВО НОРДИКС А/С,,rx,Тресиба,,инсулин деглудек,rx,,qwen_enrichment,qwen_enrichment,0.95,"Препарат Тресиба содержит действующее вещество инсулин деглудек, что подтверждается известными данными о бренде Novo Nordisk. Инсулины являются рецептурными лекарственными средствами.",,drug,,enriched,prompt_enrichment_v1
4502,drug,ТРАВОКОРТ КРЕМ Д/НАРУЖ. ПРИМ. 1МГ+10МГ/Г ТУБА 15Г | ЛЕО ФАРМА МАНУФЭКЧУРИНГ ИТАЛИ С.Р.Л. | ЛЕО ФАРМА МАНУФЭКЧУРИНГ ИТАЛИ С.Р.Л.,,rx,Травокорт,комбинированный,,unknown,,qwen_enrichment,qwen_enrichment,0.4,"В предоставленном тексте не указаны действующие вещества, поэтому определить МНН невозможно. Хотя препарат Травокорт обычно является рецептурным, без явного указания состава или статуса в тексте точное определение rx_otc затруднено.",,drug,,enriched,prompt_enrichment_v1
4508,vitamin_or_baa,"ТРАВАПРЕСС КАПЛИ ГЛАЗН. 0,04МГ/МЛ ФЛ-КАП. 2,5МЛ | РОМФАРМ КОМПАНИ С.Р.Л. | РОМФАРМ КОМПАНИ С.Р.Л.",,,ТРАВАПРЕСС,нет,,не применимо,unknown,qwen_enrichment,qwen_enrichment,0.95,"В предоставленном тексте и базовых атрибутах не указано название действующего нутриента или витамина. Продукт классифицирован как парафармацевтик, но без явного указания состава невозможно определить ключевой компонент.",,vitamin_or_baa,,enriched,prompt_enrichment_v1
4552,drug,ТОРВАКАРД ТАБЛ. П/ПЛЕН/ОБ. 20МГ №90 | САНЕКА ФАРМАСЬЮТИКАЛС А.С. | САНЕКА ФАРМАСЬЮТИКАЛС А.С.,,рецептурный,Торвакард,монопрепарат,аторвастатин,rx,,qwen_enrichment,qwen_enrichment,0.95,Торговое наименование Торвакард однозначно соответствует международному непатентованному наименованию аторвастатин. Препараты этой группы (статины) являются рецептурными лекарственными средствами.,,drug,,enriched,prompt_enrichment_v1
4611,drug,ТОРАКСОЛ СОЛЮШН ТАБЛЕТС ТАБЛ. ДИСПЕРГ. 60МГ №10 | ОЗОН ООО | ОЗОН ООО,,,Тораксол,,,unknown,,qwen_enrichment,qwen_enrichment,0.5,"Текст содержит только торговое название «Тораксол» без указания действующего вещества или терапевтической группы, что не позволяет однозначно определить МНН и статус отпуска.",,drug,,enriched,prompt_enrichment_v1
4741,drug,ТИОЦЕТАМ Р-Р ДЛЯ В/В И В/М ВВЕД. 25МГ/МЛ+100МГ/МЛ АМП. 5МЛ №10 | ОЗОН ООО | ОЗОН ООО,,rx,Тиоцетам,комбинированный препарат (два действующих вещества),,unknown,,qwen_enrichment,qwen_enrichment,0.5,"В предоставленном тексте не указаны действующие вещества, поэтому определить МНН невозможно. Хотя препарат комбинированный и обычно является рецептурным, без точного состава статус rx_otc нельзя подтвердить с высокой уверенностью.",,drug,,enriched,prompt_enrichment_v1
4782,drug,ТИМОГЕН Р-Р ДЛЯ В/М ВВЕД. 100МКГ/МЛ АМП. 1МЛ №5 | ЦИТОМЕД МБНПК | ЦИТОМЕД МБНПК,,rx,Тимоген,,тимоген,rx,,qwen_enrichment,qwen_enrichment,0.95,МНН препарата Тимоген — тимоген (синтетический аналог тимогена). Препарат является рецептурным средством для иммунокоррекции.,,drug,,enriched,prompt_enrichment_v1
4808,drug,"ТИЗОПТАН КАПЛИ ГЛАЗН. 0,3МГ/МЛ+5МГ/МЛ ФЛ. 3МЛ №1 | СЕНТИСС ФАРМА ПВТ. ЛТД. | СЕНТИСС ФАРМА ПВТ. ЛТД.",,rx,Тизоптан,комбинированный,,unknown,,qwen_enrichment,qwen_enrichment,0.5,"В предоставленном тексте отсутствует информация о международных непатентованных наименованиях (МНН) действующих веществ, поэтому определить их невозможно. Хотя препарат относится к противоглаукомным средствам и обычно отпускается по рецепту, в исходных данных нет явного указания на статус рецептурности, поэтому он помечен как неизвестный.",,drug,,enriched,prompt_enrichment_v1
4998,drug,"ТЕРАФЛЮ ОТ ГРИППА И ПРОСТУДЫ ПОР. Д/Р-РА Д/ПРИЕМА ВНУТРЬ ЛИМОН ПАК. 22,1Г №10 | ГКС КОНСЬЮМЕР ХЕЛС ИНК./ФАМАР ОРЛЕАН | ГКС КОНСЬЮМЕР ХЕЛС ИНК./ФАМАР ОРЛЕАН",,безрецептурный,Терафлю,,,otc,,qwen_enrichment,qwen_enrichment,0.95,"Текст не содержит информации о действующих веществах, поэтому МНН определить невозможно. Препарат Терафлю является безрецептурным средством для симптоматического лечения простуды и гриппа.",,drug,,enriched,prompt_enrichment_v1
5083,drug,ТЕМПОНОРМ ФЛЮ ПОР. Д/Р-РА Д/ПРИЕМА ВНУТРЬ 325МГ+10МГ+20МГ+50МГ ПАК. №5 | ФАРМВИЛАР НПО ООО | ФАРМВИЛАР НПО ООО,,безрецептурный,Темпонорм Флю,комбинированный препарат,,otc,,qwen_enrichment,qwen_enrichment,0.85,"Товар является комбинированным средством от симптомов простуды, что типично для безрецептурных препаратов (OTC), однако точный состав действующих веществ в предоставленном тексте не указан, поэтому МНН определить невозможно.",,drug,,enriched,prompt_enrichment_v1
5181,drug,"ТЕВАГРАСТИМ Р-Р ДЛЯ В/В П/К ВВЕД. 60 МЛН.МЕ/МЛ ШПРИЦ 0,8МЛ №1+УСТР. БЕЗОП. ИГЛ | ТЕВА ФАРМАЦЕВТИЧЕСКИЕ ПРЕДПРИЯТИЯ ЛТД. | ТЕВА ФАРМАЦЕВТИЧЕСКИЕ ПРЕДПРИЯТИЯ ЛТД.",,рецептурный,Теваграстим,лекарственный препарат в комплекте со шприцем и устройством безопасности иглы,филграстим,rx,,qwen_enrichment,qwen_enrichment,0.95,"Название препарата «Теваграстим» содержит суффикс «-грастим», что однозначно указывает на международное непатентованное наименование (МНН) филграстим. Препараты группы стимуляторов гранулопоэза, такие как филграстим, отпускаются строго по рецепту.",,drug,,enriched,prompt_enrichment_v1
5212,vitamin_or_baa,ТАУРИН 1000 ТАБЛ. П/О ПО 1545МГ №30 | КВАДРАТ-С ООО | КВАДРАТ-С ООО,Таурин,,,монокомпонентный,Таурин,не применимо,monocomponent,qwen_enrichment,qwen_enrichment,1.0,"Продукт явно содержит таурин в качестве единственного активного компонента, что подтверждается названием и семантическим описанием как монокомпонентная БАД.",,vitamin_or_baa,,enriched,prompt_enrichment_v1
5429,drug,СУПРИМА-БРОНХО СИРОП ФЛ. 100МЛ | ШРЕЯ ЛАЙФ САЕНСИЗ ПВТ.ЛТД | ШРЕЯ ЛАЙФ САЕНСИЗ ПВТ.ЛТД,,otc,Суприма-Бронхо,true,,unknown,,qwen_enrichment,qwen_enrichment,0.4,"Текст содержит только торговое название и производителя без указания действующих веществ, поэтому определить МНН невозможно. Хотя сиропы от кашля часто являются безрецептурными, отсутствие состава не позволяет точно классифицировать статус препарата.",,drug,,enriched,prompt_enrichment_v1
5672,drug,СТРЕГА ТАБС ТАБЛ. П/ПЛЕН/ОБ. 5МГ №7 | Синтон Испания С.Л. | Синтон Испания С.Л.,,rx,Стрега табс,,,unknown,,qwen_enrichment,qwen_enrichment,0.2,"Действующее вещество в предоставленном тексте не указано, поэтому определить МНН невозможно. Хотя препарат относится к урологическим средствам, без знания состава нельзя точно подтвердить его статус рецептурного или безрецептурного.",,drug,,enriched,prompt_enrichment_v1
5841,vitamin_or_baa,СПОРТЭКСПЕРТ ЭНЕРГИЯ СО ВКУСОМ АПЕЛЬСИНА БЕЗ САХАРА ФЛ. 50МЛ №8 | ЭВАЛАР ЗАО | ЭВАЛАР ЗАО,,,Спортэксперт,,,не применимо,unknown,qwen_enrichment,qwen_enrichment,0.95,"В названии продукта и предоставленных атрибутах не указаны конкретные действующие вещества или витамины. Состав отсутствует в описании, поэтому невозможно определить ключевой нутриент или тип комбинации.",,vitamin_or_baa,,enriched,prompt_enrichment_v1
6000,drug,"СПАЗМОФАРМ Р-Р ДЛЯ В/М ВВЕД. 500МГ/МЛ+2МГ/МЛ+0,02МГ/МЛ АМП. 5МЛ №10 | ВетПром АД | ВетПром АД",,rx,Спазмофарм,комбинированный,,unknown,,qwen_enrichment,qwen_enrichment,0.3,"В предоставленном тексте не указаны названия действующих веществ, что делает невозможным определение МНН без догадок. Хотя производитель «ВетПром» указывает на ветеринарный препарат, статус рецептурности (rx/otc) для таких средств в данном контексте однозначно определить нельзя.",,drug,,enriched,prompt_enrichment_v1
6129,vitamin_or_baa,СОЛОСОРБ ГЕЛЬ Д/СУСП. Д/ПРИЕМА ВНУТРЬ ТУБА 225Г | ГРОТЕКС ООО | ГРОТЕКС ООО,,,Солосорб,,,не применимо,unknown,qwen_enrichment,qwen_enrichment,0.95,"В предоставленном тексте и атрибутах не указано активное вещество или конкретный нутриент, продукт определен только как сорбент (гель/суспензия) без указания состава.",,vitamin_or_baa,,enriched,prompt_enrichment_v1
6569,drug,СИНУСЭФРИН СПРЕЙ НАЗ. ФЛ. 15МЛ | ТУЛЬСКАЯ ФАРМАЦЕВТИЧЕСКАЯ ФАБРИКА ООО | ТУЛЬСКАЯ ФАРМАЦЕВТИЧЕСКАЯ ФАБРИКА ООО,,otc,Синусэфрин,,,otc,,qwen_enrichment,qwen_enrichment,0.85,"Торговое название «Синусэфрин» не позволяет однозначно определить международное непатентованное наименование без знания состава, так как оно может содержать разные комбинации веществ (например, фенилэфрин и эфедрина гидрохлорид). Однако назальные спреи с подобным названием обычно относятся к безрецептурным средствам от насморка.",,drug,,enriched,prompt_enrichment_v1
6583,drug,СИНТОМИЦИН ЛИНИМЕНТ 10% ТУБА 25Г НИЖФАРМ | НИЖФАРМ ОА | НИЖФАРМ ОА,,otc,Синтомицин,монопрепарат,хлорамфеникол,otc,,qwen_enrichment,qwen_enrichment,0.95,Торговое наименование «Синтомицин» является синонимом международного непатентованного наименования хлорамфеникол для данной лекарственной формы. Линимент с концентрацией 10% относится к безрецептурным препаратам.,,drug,,enriched,prompt_enrichment_v1
6613,drug,"СИНАФЛАН МАЗЬ Д/НАРУЖ. ПРИМ. 0,025% ТУБА 10Г МУРОМСКИЙ ПСЗ | МУРОМСКИЙ ПЗ | МУРОМСКИЙ ПЗ",,rx,Синафлан,,флуоцинолон,rx,,qwen_enrichment,qwen_enrichment,0.95,,,drug,,enriched,prompt_enrichment_v1
6872,drug,СИАЛОР (ПРОТАРГОЛ) 2% 10МЛ ТАБЛЕТКА+РАСТВОРИТЕЛЬ КАПЛИ | ОБНОВЛЕНИЕ ПФК АО | ОБНОВЛЕНИЕ ПФК АО,,otc,Сиалор,нет,серебра протеинат,otc,,qwen_enrichment,qwen_enrichment,0.95,"В тексте прямо указано, что препарат содержит серебра протеинат (действующее вещество Протаргола). Семантическое объяснение подтверждает, что средство отпускается без рецепта.",,drug,,enriched,prompt_enrichment_v1
6877,drug,СИАВЕЛЛ ТАБЛ. П/ПЛЕН/ОБ. 20МГ №1 | Велфарм ООО | Велфарм ООО,,rx,Сиавелл,монопрепарат,,unknown,,qwen_enrichment,qwen_enrichment,0.5,"Торговое название «Сиавелл» не позволяет однозначно определить международное непатентованное наименование без дополнительных данных о составе. Хотя препарат относится к урологическим средствам, статус рецептурности (Rx/OTC) в предоставленном тексте явно не указан.",,drug,,enriched,prompt_enrichment_v1
6937,drug,"СЕПТОЛЕТЕ ТОТАЛ ТАБЛ. Д/РАССАС. 3МГ+1МГ ЛИМОН-БУЗИНА №8 | КРКА, Д.Д., НОВО МЕСТО АО | КРКА, Д.Д., НОВО МЕСТО АО",,безрецептурный,Септолете Тотал,комбинированный,,otc,,qwen_enrichment,qwen_enrichment,0.85,"Торговое наименование «Септолете Тотал» не содержит явного указания на международное непатентованное наименование (МНН) действующих веществ в предоставленном тексте, поэтому МНН оставлен равным null. Препарат относится к безрецептурным средствам для лечения заболеваний горла.",,drug,,enriched,prompt_enrichment_v1
7202,vitamin_or_baa,СВИСС ЭНЕРДЖИ АНТИ ЭЙДЖ ТАБЛ. ШИПУЧ. №20 | КЕНДИ ЛТД | КЕНДИ ЛТД,,,СВИСС ЭНЕРДЖИ АНТИ ЭЙДЖ,,,не применимо,unknown,qwen_enrichment,qwen_enrichment,0.95,"В названии и описании продукта не указаны конкретные действующие вещества или витамины, только общий анти-эйдж профиль. Без явного перечня компонентов невозможно определить доминирующий нутриент или подтвердить многокомпонентный состав.",,vitamin_or_baa,,enriched,prompt_enrichment_v1
7283,drug,САНДРА ТАБЛ. П/ЯЗЫЧН. ГОМЕОП. 250МГ №30 | ВИЛАР ФАРМЦЕНТР | ВИЛАР ФАРМЦЕНТР,,otc,Сандра,,,unknown,,qwen_enrichment,qwen_enrichment,0.95,"Препарат является гомеопатическим средством, где составные компоненты не указаны в явном виде как активные вещества с международным непатентованным наименованием (МНН). Хотя гомеопатические препараты часто отпускаются без рецепта, отсутствие четкого состава и статуса регуляции в тексте делает определение категории rx_otc ненадежным.",,drug,,enriched,prompt_enrichment_v1
8018,drug,"РИНОМАРИС СПРЕЙ НАЗ. 0,1% ФЛ. 15МЛ | ЯДРАН-ГАЛЕНСКИ ЛАБОРАТОРИЙ А.О. | ЯДРАН-ГАЛЕНСКИ ЛАБОРАТОРИЙ А.О.",,otc,Риномарис,,,unknown,,qwen_enrichment,qwen_enrichment,0.5,"В предоставленном тексте не указано действующее вещество препарата Риномарис, поэтому определить МНН невозможно. Хотя спреи с ксилометазолином часто являются безрецептурными, отсутствие информации о составе делает статус рецептурности неопределенным.",,drug,,enriched,prompt_enrichment_v1
8030,drug,РИНИКОЛД ХОТКАП ПОР. Д/Р-РА Д/ПРИЕМА ВНУТРЬ ЛИМОН САШЕ 5Г №10 | ШРЕЯ ЛАЙФ САЕНСИЗ ПВТ.ЛТД | ШРЕЯ ЛАЙФ САЕНСИЗ ПВТ.ЛТД,,otc,Риниколд Хоткап,true,,otc,,qwen_enrichment,qwen_enrichment,0.85,"Текст товара не содержит информации о действующих веществах, поэтому МНН определен как null. Препарат относится к безрецептурным средствам для симптоматического лечения простуды.",,drug,,enriched,prompt_enrichment_v1
8048,drug,РИНЗА КИДС ПОР. Д/Р-РА Д/ПРИЕМА ВНУТРЬ МАЛИНА ПАК-САШЕ ПО 3Г №10 | ЮНИК ФАРМАСЬЮТИКАЛ ЛАБОРАТОРИЗ (ОТДЕЛЕНИЕ ФИРМЫ ДЖ.Б.КЕМИКАЛС ЭНД ФАРМАСЬЮТИКАЛС ЛТД) | ЮНИК ФАРМАСЬЮТИКАЛ ЛАБОРАТОРИЗ (ОТДЕЛЕНИЕ ФИРМЫ ДЖ.Б.КЕМИКАЛС ЭНД ФАРМАСЬЮТИКАЛС ЛТД),,безрецептурный,Ринза Кидс,,,otc,,qwen_enrichment,qwen_enrichment,0.85,"Точный состав препарата Ринза Кидс не указан в предоставленном тексте, поэтому МНН определен как null. Однако препараты этой серии для лечения симптомов простуды у детей являются безрецептурными (OTC).",,drug,,enriched,prompt_enrichment_v1
8050,drug,РИНГЕР-СОЛОФАРМ Р-Р Д/ИНФ. ФЛ. ПОЛИПРОП. 500МЛ №20 ГРОТЕКС | ГРОТЕКС ООО | ГРОТЕКС ООО,,rx,Рингер-Солофарм,комбинированный,,unknown,,qwen_enrichment,qwen_enrichment,0.5,"Текст не содержит явного указания на международное непатентованное наименование (МНН), хотя препарат относится к растворам Рингера. Статус рецептурности (rx/otc) для инфузионных растворов в данном описании не указан явно.",,drug,,enriched,prompt_enrichment_v1
8173,drug,"РЕСТАСИС КАПЛИ ГЛАЗН. 0,05% ФЛ. 0,4МЛ №30 | АЛЛЕРГАН СЕЙЛС ЛЛС | АЛЛЕРГАН СЕЙЛС ЛЛС",,рецептурный,Рестасис,,,unknown,,qwen_enrichment,qwen_enrichment,0.4,"Текст содержит только торговое наименование «Рестасис» без указания международного непатентованного названия (МНН). Хотя препарат известен как циклоспорин и является рецептурным, в предоставленном тексте эти данные явно не указаны, поэтому согласно правилам лучше вернуть неизвестные значения.",,drug,,enriched,prompt_enrichment_v1
8231,drug,РЕННИ ТАБЛ. ЖЕВ. С АПЕЛЬСИНОВЫМ ВКУСОМ 680МГ+80МГ №48 | ДЕЛФАРМ ГАЙЯРД | ДЕЛФАРМ ГАЙЯРД,,otc,Ренни,комбинированный препарат,кальция карбонат + магния гидроксид,otc,,qwen_enrichment,qwen_enrichment,0.95,"Препарат Ренни является известным комбинированным антацидом, содержащим карбонат кальция и гидроксид магния в указанных дозировках. Он относится к безрецептурным средствам (OTC) для симптоматического лечения изжоги.",,drug,,enriched,prompt_enrichment_v1
8286,vitamin_or_baa,РЕЛАКСОЗАН ДЕНЬ ТАБЛ. П/О №20 | ЭВАЛАР ЗАО | ЭВАЛАР ЗАО,,,Релаксозан День,,,не применимо,unknown,qwen_enrichment,qwen_enrichment,0.95,"В предоставленном тексте и базовых атрибутах отсутствует информация о конкретном составе продукта, поэтому невозможно определить ключевой нутриент или тип комбинации.",,vitamin_or_baa,,enriched,prompt_enrichment_v1
8431,drug,РЕАФЕРОН-ЕС ЛИОФ. Д/Р-РА Д/ИН. И МЕСТН. ПРИМ. 3МЛН МЕ АМП. №5 | ВЕКТОР-МЕДИКА АО | ВЕКТОР-МЕДИКА АО,,рецептурный,Реаферон-ЕС,,,unknown,,qwen_enrichment,qwen_enrichment,0.3,"В предоставленном тексте не указано действующее вещество, поэтому МНН определить невозможно. Хотя препарат относится к иммуномодуляторам и обычно является рецептурным, без явного указания состава или статуса в тексте точную классификацию установить нельзя.",,drug,,enriched,prompt_enrichment_v1
8441,vitamin_or_baa,РАЦИОНИКА АСКОРБИНКА БЕЗ САХАРА ПРИ ДИАБЕТЕ ТАБЛ. №10 | АРТ СОВРЕМЕННЫЕ НАУЧНЫЕ ТЕХНОЛОГИИ ООО | АРТ СОВРЕМЕННЫЕ НАУЧНЫЕ ТЕХНОЛОГИИ ООО,Аскорбиновая кислота,,РАЦИОНИКА,монопрепарат,Аскорбиновая кислота,не применимо,monocomponent,qwen_enrichment,qwen_enrichment,1.0,"В названии продукта явно указана аскорбиновая кислота (витамин C), что подтверждается семантическим описанием как монопрепарат.",,vitamin_or_baa,,enriched,prompt_enrichment_v1
8551,drug,РАЛЕФ ТАБЛ. П/ПЛЕН/ОБ. 20МГ №30 | ОБОЛЕНСКОЕ ФП АО | ОБОЛЕНСКОЕ ФП АО,,rx,Ралеф,,лефлуномид,rx,,qwen_enrichment,qwen_enrichment,0.95,"Препарат Ралеф с дозировкой 20 мг содержит лефлуномид, что подтверждается базовыми атрибутами и классификацией как противоревматическое средство. Лефлуномид является рецептурным препаратом.",,drug,,enriched,prompt_enrichment_v1
8558,drug,РАЗАГИЛИН МЕДИСОРБ ТАБЛ. 1МГ №30 | МЕДИСОРБ АО | МЕДИСОРБ АО,разагилин,рецептурный,Разагилин Медисорб,монопрепарат,раззагилин,rx,,qwen_enrichment,qwen_enrichment,1.0,"В названии препарата явно указано международное непатентованное наименование разагилин. Согласно предоставленному семантическому объяснению, это рецептурное противопаркинсоническое средство.",,drug,,enriched,prompt_enrichment_v1
8562,vitamin_or_baa,РАДУГА ГОРНОГО АЛТАЯ БОБРОВАЯ СТРУЯ ЭЛИКСИР МОЛОДОСТИ КАПС. ПО 230МГ №120 | НАРИНЕ ООО | НАРИНЕ ООО,,,Радуга Горного Алтая,,,не применимо,unknown,qwen_enrichment,qwen_enrichment,0.85,"Продукт содержит бобровую струю, которая не входит в список стандартных нутриентов или витаминов (например, Омега-3, Куркумин). Поскольку состав не является явно многокомпонентным комплексом и доминирующий витамин отсутствует, точное определение невозможно.",,vitamin_or_baa,,enriched,prompt_enrichment_v1
8675,drug,"ПУЛЬМИКОРТ СУСП.Д/ИНГАЛ. ДОЗИР. 0,25МГ/МЛ КОНТ. 2МЛ №20 | АСТРАЗЕНЕКА АБ | АСТРАЗЕНЕКА АБ",,rx,ПУЛЬМИКОРТ,монопрепарат,будесонид,rx,,qwen_enrichment,qwen_enrichment,0.95,"Препарат Пульмикорт является известным торговым названием будесонида, который используется в виде ингаляционной суспензии. Будесонид относится к глюкокортикостероидам и отпускается строго по рецепту врача.",,drug,,enriched,prompt_enrichment_v1
8736,drug,ПРОСТУДОКС ПОР. Д/Р-РА Д/ПРИЕМА ВНУТРЬ ЛИМОН 5Г №5 | СИНТЕЗ | СИНТЕЗ,,otc,Простудокс,,,otc,,qwen_enrichment,qwen_enrichment,0.6,"Действующее вещество препарата «Простудокс» в предоставленном тексте не указано, поэтому МНН определить невозможно. Однако препарат относится к безрецептурным средствам для лечения симптомов простуды.",,drug,,enriched,prompt_enrichment_v1
8858,drug,"ПРОЛАТАН КАПЛИ ГЛАЗН. 0,005% ФЛ. 2,5МЛ №3 | СЕНТИСС ФАРМА ПВТ. ЛТД. | СЕНТИСС ФАРМА ПВТ. ЛТД.",,,Пролатан,,,unknown,,qwen_enrichment,qwen_enrichment,0.5,"В предоставленном тексте указано только торговое название «Пролатан», но действующее вещество (МНН) явно не названо. Без знания состава невозможно достоверно определить статус рецептурности или безрецептурного препарата.",,drug,,enriched,prompt_enrichment_v1
9086,drug,ПРЕДУКТАЛ ОД КАПС. ПРОЛОНГ. 80МГ №30 | СЕРВЬЕ РУС ООО | СЕРВЬЕ РУС ООО,,рецептурный,Предуктал ОД,,триметазидин,rx,,qwen_enrichment,qwen_enrichment,0.95,Торговое название «Предуктал» однозначно соответствует международному непатентованному наименованию триметазидин. Препарат является рецептурным средством для лечения ишемической болезни сердца.,,drug,,enriched,prompt_enrichment_v1
9115,vitamin_or_baa,ПРАЙМ КРАФТ КОЛЛАГЕН МОРСКОЙ РЫБНЫЙ НАТУРАЛЬНЫЙ (БЕЗ ДОБАВОК) КАПС. ПО 630МГ №180 | БАРГУС ПРОДАКШН ООО | БАРГУС ПРОДАКШН ООО,Коллаген,,Прайм Крафт,без добавок,Коллаген,не применимо,monocomponent,qwen_enrichment,qwen_enrichment,1.0,"В названии продукта явно указано действующее вещество — морской коллаген. Текст подтверждает отсутствие добавок, что указывает на монокомпонентный состав.",,vitamin_or_baa,,enriched,prompt_enrichment_v1
9379,drug,ПЛЕНДИЛ ТАБЛ. ПРОЛОНГ. П/ПЛЕН/ОБ. 5МГ №30 | АСТРАЗЕНЕКА ФАРМАСЬЮТИКАЛЗ | АСТРАЗЕНЕКА ФАРМАСЬЮТИКАЛЗ,,rx,Плендил,,нифедипин,rx,,qwen_enrichment,qwen_enrichment,0.95,"Препарат Плендил является торговым названием нифедипина, который относится к группе антагонистов кальция и используется для лечения сердечно-сосудистых заболеваний. Нифедипин отпускается строго по рецепту врача.",,drug,,enriched,prompt_enrichment_v1
9410,drug,ПЛАНИЖЕНС ЛЕВО ТАБЛ. П/О 150МКГ+30МКГ №21 | ФАРМАСИНТЕЗ-ТЮМЕНЬ ООО | ФАРМАСИНТЕЗ-ТЮМЕНЬ ООО,,rx,ПЛАНИЖЕНС ЛЕВО,комбинированный препарат (2 действующих вещества),,unknown,,qwen_enrichment,qwen_enrichment,0.5,,,drug,,enriched,prompt_enrichment_v1
9443,drug,"ПИТАВАСТОР ТАБЛ. П/ПЛЕН/ОБ. 4МГ №28 | ВАН ИН ФАРМ. КО., ЛТД. | ВАН ИН ФАРМ. КО., ЛТД.",,rx,Питавастор,,питавастатин,rx,,qwen_enrichment,qwen_enrichment,0.95,Торговое название «Питавастор» однозначно указывает на международное непатентованное наименование «питавастатин». Препараты группы статинов являются рецептурными лекарственными средствами.,,drug,,enriched,prompt_enrichment_v1
9514,drug,ПИНОСОЛ СПРЕЙ НАЗ. ФЛ. 10МЛ | ФАРМАК ПАО | ФАРМАК ПАО,,otc,Пиносол,,,otc,,qwen_enrichment,qwen_enrichment,0.85,"Текст содержит только торговое наименование «Пиносол» без указания состава, поэтому МНН определить невозможно. Препарат является безрецептурным средством от насморка.",,drug,,enriched,prompt_enrichment_v1
9522,drug,ПИМАФУЦИН СУПП. ВАГ. 100МГ №3 | ТЕММЛЕР ИТАЛИА С.Р.Л | ТЕММЛЕР ИТАЛИА С.Р.Л,,otc,Пимафуцин,,нистатин,rx,,qwen_enrichment,qwen_enrichment,0.95,"Препарат Пимафуцин является торговым названием нистатина, что подтверждается известными фармакологическими данными. Нистатин относится к рецептурным противогрибковым средствам.",,drug,,enriched,prompt_enrichment_v1
9706,drug,ПЕРСЕН ТАБЛ. П/О №40 СОФАРМА | СОФАРМА | СОФАРМА,,безрецептурный,Персен,комбинированный препарат,,otc,,qwen_enrichment,qwen_enrichment,0.95,"Препарат Персен является безрецептурным средством, однако в предоставленном тексте не указаны конкретные действующие вещества (валериана, мелисса, мята), поэтому MNN определен как null.",,drug,,enriched,prompt_enrichment_v1
9821,drug,ПЕНТАЛГИН НЕО ТАБЛ. П/ПЛЕН/ОБ. №10 | ФАРМСТАНДАРТ-ЛЕКСРЕДСТВА ОАО | ФАРМСТАНДАРТ-ЛЕКСРЕДСТВА ОАО,,otc,Пенталгин Нео,комбинированный препарат,,unknown,,qwen_enrichment,qwen_enrichment,0.3,"Текст не содержит информации о составе препарата, поэтому международное непатентованное наименование (МНН) определить невозможно. Хотя Пенталгин Нео часто является безрецептурным средством, в предоставленном тексте нет явных указаний на его статус отпуска.",,drug,,enriched,prompt_enrichment_v1
10098,drug,ПАНТОКАЛЬЦИН ТАБЛ. 250МГ №50 | ВАЛЕНТА ФАРМ АО | ВАЛЕНТА ФАРМ АО,,rx,Пантокальцин,монопрепарат,,unknown,,qwen_enrichment,qwen_enrichment,0.2,"В предоставленном тексте не указано действующее вещество, поэтому определить международное непатентованное наименование (MNN) невозможно. Хотя препарат относится к ноотропам и часто является рецептурным, без точного состава статус отпуска нельзя подтвердить с высокой уверенностью.",,drug,,enriched,prompt_enrichment_v1
10183,drug,"ПАНАВИР Р-Р ДЛЯ В/В ВВЕД. 0,04МГ/МЛ АМП. 5МЛ №2 | ЭЛЛАРА ООО | ЭЛЛАРА ООО",,rx,Панавир,,,rx,,qwen_enrichment,qwen_enrichment,0.85,"Текст содержит только торговое название «Панавир», международное непатентованное наименование (МНН) в явном виде отсутствует и не может быть достоверно определено без внешних знаний о составе препарата. Согласно предоставленному семантическому объяснению, это рецептурное противовирусное средство.",,drug,,enriched,prompt_enrichment_v1
10349,vitamin_or_baa,ОРТИЛИЯ ОДНОБОКАЯ (БОРОВАЯ МАТКА) 50Г ЛЕКРА-СЭТ | ЛЕКРА-СЭТ ООО | ЛЕКРА-СЭТ ООО,,,ЛЕКРА-СЭТ,монокомпонентный,,не применимо,monocomponent,qwen_enrichment,qwen_enrichment,0.85,"Продукт представляет собой растительное сырье (трава ортилии однобокой), а не выделенный нутриент или витамин из списка. Поскольку это однокомпонентный продукт на основе травы, комбинация указана как монокомпонентная, но ключевой нутриент в требуемом формате отсутствует.",,vitamin_or_baa,,enriched,prompt_enrichment_v1
10526,drug,ОМИТОКС ГАСТРО КАПС. 20МГ №30 | ШРЕЯ ЛАЙФ САЕНСИЗ ПВТ.ЛТД | ШРЕЯ ЛАЙФ САЕНСИЗ ПВТ.ЛТД,,rx,ОМИТОКС ГАСТРО,,,unknown,,qwen_enrichment,qwen_enrichment,0.4,"В предоставленном тексте не указано действующее вещество, поэтому МНН определить невозможно. Хотя название содержит «Омитокс», что может указывать на омепразол, без явного подтверждения состава в тексте делать вывод о рецептурном статусе рискованно.",,drug,,enriched,prompt_enrichment_v1
11132,drug,НУРОФЕН ИНТЕНСИВ ТАБЛ. П/ПЛЕН/ОБ. 200МГ+500МГ №6 | РЕКИТТ БЕНКИЗЕР | РЕКИТТ БЕНКИЗЕР,,otc,Нурофен Интенсив,комбинированный,ибупрофен+парацетамол,otc,,qwen_enrichment,qwen_enrichment,0.95,Комбинация дозировок 200 мг ибупрофена и 500 мг парацетамола является стандартной для препарата Нурофен Интенсив. Данный комбинированный анальгетик относится к безрецептурным средствам.,,drug,,enriched,prompt_enrichment_v1
11198,drug,НОРМОДИПИН ТАБЛ. 10МГ №30 | ГЕДЕОН РИХТЕР ОАО/ГЕДЕОН РИХТЕР-РУС АО | ГЕДЕОН РИХТЕР ОАО/ГЕДЕОН РИХТЕР-РУС АО,,rx,Нормодипин,false,нифедипин,rx,,qwen_enrichment,qwen_enrichment,0.95,"Торговое название «Нормодипин» однозначно соответствует международному непатентованному наименованию (МНН) нифедипин, которое является активным веществом этого препарата. Нифедипин относится к группе рецептурных гипотензивных средств.",,drug,,enriched,prompt_enrichment_v1
11465,drug,НОВОРАПИД ФЛЕКСПЕН Р-Р ДЛЯ В/В П/К ВВЕД. 100ЕД/МЛ КАРТРИДЖ 3МЛ №5+ШПРИЦ-РУЧКА | НОВО НОРДИКС А/С | НОВО НОРДИКС А/С,,rx,НовоРапид ФлексПен,,инсулин аспарт,rx,,qwen_enrichment,qwen_enrichment,0.95,"Препарат НовоРапид является инсулином быстрого действия, действующим веществом которого является инсулин аспарт. Все инсулиновые препараты относятся к рецептурным средствам.",,drug,,enriched,prompt_enrichment_v1
11504,drug,НОВЕМА НАЙТ ТАБЛ. П/ПЛЕН/ОБ. 25МГ+220МГ №10 | ФАРМСТАНДАРТ-ЛЕКСРЕДСТВА ОАО | ФАРМСТАНДАРТ-ЛЕКСРЕДСТВА ОАО,,otc,НОВЕМА НАЙТ,комбинированный препарат,,unknown,,qwen_enrichment,qwen_enrichment,0.5,"Текст не содержит информации о действующих веществах, поэтому МНН определить невозможно. Статус рецептурности (Rx/OTC) также не указан в предоставленных данных и не может быть подтвержден без знания состава.",,drug,,enriched,prompt_enrichment_v1
11568,drug,НИТРОКСОЛИН ТАБЛ. П/О 50МГ №50 АВЕКСИМА | АВЕКСИМА СИБИРЬ ООО/ИРБИТСКИЙ ХФЗ ОАО | АВЕКСИМА СИБИРЬ ООО/ИРБИТСКИЙ ХФЗ ОАО,Нитроксолин,рецептурный,Авексима,монопрепарат,нитроксолин,rx,,qwen_enrichment,qwen_enrichment,0.95,"Действующее вещество явно указано в названии товара как нитроксолин. Нитроксолин является рецептурным уроантисептиком, что подтверждается базовыми атрибутами и фармакологической классификацией.",,drug,,enriched,prompt_enrichment_v1
11715,drug,НЕУЛЕПТИЛ Р-Р Д/ПРИЕМА ВНУТРЬ 4% ФЛ. С КАПЕЛ. 30МЛ | А.НАТТЕРМАНН ЭНД СИЕ. ГМБХ | А.НАТТЕРМАНН ЭНД СИЕ. ГМБХ,,rx,Неулептил,,,unknown,,qwen_enrichment,qwen_enrichment,0.5,"В предоставленном тексте не указано действующее вещество, поэтому МНН определить невозможно. Хотя препарат классифицируется как нейролептик (обычно рецептурный), без явного указания состава в тексте статус отпуска остается неопределенным согласно правилам задачи.",,drug,,enriched,prompt_enrichment_v1
11787,vitamin_or_baa,"НЕОГЛИВИТ ТАБЛ. БЫСТРОРАСТВ. ПО 3,8Г №40 | СЕЛМЕД ООО | СЕЛМЕД ООО",,,Неогливит,,,не применимо,unknown,qwen_enrichment,qwen_enrichment,0.95,В предоставленном тексте и базовых атрибутах отсутствует информация о составе продукта или ключевом действующем веществе. Без данных о компонентах невозможно определить конкретный нутриент или классифицировать продукт как моно- или многокомпонентный.,,vitamin_or_baa,,enriched,prompt_enrichment_v1
11816,drug,НЕМОЗОЛ ТАБЛ. ЖЕВ. 400МГ №1 | ИПКА ЛАБОРАТОРИЗ ЛИМИТЕД | ИПКА ЛАБОРАТОРИЗ ЛИМИТЕД,,rx,Немозол,,альбендазол,rx,,qwen_enrichment,qwen_enrichment,0.95,"Препарат Немозол является известным торговым названием для действующего вещества альбендазол, что подтверждается дозировкой 400 мг и формой выпуска. Противогельминтные средства в такой дозировке обычно относятся к рецептурным препаратам.",,drug,,enriched,prompt_enrichment_v1
11845,drug,"НЕЙРОМУЛЬТИВИТ ТАБЛ. П/ПЛЕН/ОБ. 200МГ+100МГ+0,2МГ №20 | Г.Л.ФАРМА ГМБХ | Г.Л.ФАРМА ГМБХ",,rx,Нейромультивит,true,,unknown,,qwen_enrichment,qwen_enrichment,0.5,"Текст содержит только торговое название и дозировки без указания действующих веществ, поэтому МНН определить невозможно. Хотя препарат относится к витаминам группы B, его статус рецептурности не указан в предоставленных данных.",,drug,,enriched,prompt_enrichment_v1
11916,drug,"НЕБИЛОНГ Н ТАБЛ. 12,5МГ+5МГ №30 | МИКРО ЛАБС ЛИМИТЕД | МИКРО ЛАБС ЛИМИТЕД",,rx,Небилонг Н,комбинированный препарат,,unknown,,qwen_enrichment,qwen_enrichment,0.5,"Текст не содержит прямого указания на международное непатентованное наименование (МНН), а бренд «Небилонг Н» не позволяет однозначно идентифицировать состав без внешних знаний. Хотя дозировка и форма указывают на рецептурный статус, в рамках задачи строго по тексту МНН определить невозможно.",,drug,,enriched,prompt_enrichment_v1
11917,drug,НЕБИЛОНГ АМ ТАБЛ. 5МГ+5МГ №30 | МИКРО ЛАБС ЛИМИТЕД | МИКРО ЛАБС ЛИМИТЕД,,rx,Небилонг АМ,комбинированный препарат,,unknown,,qwen_enrichment,qwen_enrichment,0.5,"Название «Небилонг АМ» содержит отсылку к бисопрололу (префикс «неби-»), но окончательное подтверждение МНН требует анализа состава, который в тексте отсутствует. Статус рецептурности не может быть определен исключительно на основе предоставленного текста без явного указания или знания конкретного бренда.",,drug,,enriched,prompt_enrichment_v1
11962,drug,НАФТИФИН Р-Р Д/НАРУЖ. ПРИМ. 1% ФЛ. 10МЛ | САМАРАМЕДПРОМ ОАО | САМАРАМЕДПРОМ ОАО,нафтифин,безрецептурный,,,нафтифин,otc,,qwen_enrichment,qwen_enrichment,0.95,Действующее вещество нафтифин явно указано в названии препарата. Нафтифин для наружного применения является безрецептурным лекарственным средством.,,drug,,enriched,prompt_enrichment_v1
12407,drug,"МУРАВЬИНЫЙ СПИРТ Р-Р Д/НАРУЖ. ПРИМ. СПИРТ. 1,4% ФЛ. 50МЛ ЯРОСЛАВСКАЯ ФФ | ЯРОСЛАВСКАЯ ФФ | ЯРОСЛАВСКАЯ ФФ",,otc,,,муравьиная кислота,otc,,qwen_enrichment,qwen_enrichment,0.95,Название «муравьиный спирт» однозначно указывает на действующее вещество — муравьиную кислоту. Препарат является наружным средством с низкой концентрацией и традиционно отпускается без рецепта.,,drug,,enriched,prompt_enrichment_v1
12410,drug,"МУРАВЬИНЫЙ СПИРТ Р-Р Д/НАРУЖ. ПРИМ. СПИРТ. 1,4% ФЛ. 50МЛ ТВЕРСКАЯ ФФ | ТВЕРСКАЯ ФАРМАЦЕВТИЧЕСКАЯ ФАБРИКА | ТВЕРСКАЯ ФАРМАЦЕВТИЧЕСКАЯ ФАБРИКА",,otc,,монопрепарат,муравьиная кислота,otc,,qwen_enrichment,qwen_enrichment,0.95,"Название «Муравьиный спирт» однозначно указывает на действующее вещество — муравьиную кислоту. Согласно предоставленному описанию и стандартной практике, данный препарат отпускается без рецепта.",,drug,,enriched,prompt_enrichment_v1
12501,drug,МУКАЛТИН ТАБЛ. ДИСПЕРГ. 50МГ №20 ФАРМСТАНДАРТ | ФАРМСТАНДАРТ-ЛЕКСРЕДСТВА ОАО | ФАРМСТАНДАРТ-ЛЕКСРЕДСТВА ОАО,,otc,Мукалтин,,,otc,,qwen_enrichment,qwen_enrichment,0.85,"Товар Мукалтин является известным безрецептурным отхаркивающим средством растительного происхождения, однако в предоставленном тексте не указано конкретное действующее вещество (экстракт алтея), поэтому MNN определен как null.",,drug,,enriched,prompt_enrichment_v1
12737,drug,"МОКСОНИДИН-АКРИХИН ТАБЛ. П/ПЛЕН/ОБ. 0,4МГ №10 | АКРИХИН ХФК АО | АКРИХИН ХФК АО",Моксонидин,рецептурный,Моксонидин-Акрихин,,Моксонидин,rx,,qwen_enrichment,qwen_enrichment,1.0,"Действующее вещество явно указано в названии препарата как моксонидин. Моксонидин является рецептурным гипотензивным средством, что подтверждается базовыми атрибутами и стандартной классификацией.",,drug,,enriched,prompt_enrichment_v1
12869,drug,МИСУФЕР КАПС. 100МГ №20 | ОБНОВЛЕНИЕ ПФК АО | ОБНОВЛЕНИЕ ПФК АО,,без рецепта,Мисуфер,монопрепарат,железа фумарат,otc,,qwen_enrichment,qwen_enrichment,0.9,"Препарат Мисуфер является коммерческим названием препарата железа (фумарата железа), что подтверждается его терапевтической группой и дозировкой. Препараты железа в таких формах отпускаются без рецепта.",,drug,,enriched,prompt_enrichment_v1
13453,drug,МЕРИФАТИН МВ ТАБЛ. С ПРОЛОНГ. ВЫСВ. 500МГ №60 | ФАРМАСИНТЕЗ-ТЮМЕНЬ ООО | ФАРМАСИНТЕЗ-ТЮМЕНЬ ООО,,rx,Мерифатин МВ,,,unknown,,qwen_enrichment,qwen_enrichment,0.5,"Текст не содержит прямого указания на международное непатентованное наименование (МНН), поэтому оно оставлено пустым. Хотя препарат с высокой долей вероятности является рецептурным сахароснижающим средством, без явного подтверждения состава или статуса в тексте точный статус rx/otc определить невозможно.",,drug,,enriched,prompt_enrichment_v1
13488,vitamin_or_baa,МЕМОПРУВ ТАБЛ. МАССОЙ 425МГ №30 | KLOCKE PHARMA-SERVICE GMBH | KLOCKE PHARMA-SERVICE GMBH,,,Мемопрув,,,не применимо,unknown,qwen_enrichment,qwen_enrichment,0.0,"В предоставленном тексте указано только торговое название препарата «Мемопрув» и его форма выпуска, но отсутствует информация о составе или ключевом действующем веществе. Без данных о нутриентах невозможно определить mnn или тип комбинации.",,vitamin_or_baa,,enriched,prompt_enrichment_v1
13489,drug,МЕМОПЛАНТ ТАБЛ. П/ПЛЕН/ОБ. 80МГ №30 | ДОКТОР ВИЛЬМАР ШВАБЕ ГМБХ И КО.КГ. | ДОКТОР ВИЛЬМАР ШВАБЕ ГМБХ И КО.КГ.,,otc,Мемоплант,,,unknown,,qwen_enrichment,qwen_enrichment,0.4,"Текст содержит только торговое название и производителя, действующее вещество явно не указано в предоставленных данных. Хотя препарат Мемоплант обычно является безрецептурным средством с гинкго билоба, отсутствие явного указания состава в тексте требует осторожности.",,drug,,enriched,prompt_enrichment_v1
13653,drug,МЕКСИКОР Р-Р ДЛЯ В/В В/М ВВЕД. 50МГ/МЛ АМП. 2МЛ №10 ФЕРМЕНТ | ФЕРМЕНТ ФИРМА ООО | ФЕРМЕНТ ФИРМА ООО,,rx,Мексикор,монопрепарат,мексидол,rx,,qwen_enrichment,qwen_enrichment,0.95,Торговое название «Мексикор» является зарегистрированным препаратом на основе действующего вещества мексидол (этилметилгидроксипиридина сукцинат). Препарат относится к рецептурным средствам для лечения нарушений мозгового кровообращения.,,drug,,enriched,prompt_enrichment_v1
13659,drug,МЕКСИДОЛ ТАБЛ. П/ПЛЕН/ОБ. 125МГ №50 | ЗИО-ЗДОРОВЬЕ ЗАО | ЗИО-ЗДОРОВЬЕ ЗАО,,rx,Мексидол,,этилметилгидроксипиридина сукцинат,rx,,qwen_enrichment,qwen_enrichment,0.95,"Препарат Мексидол является известным лекарственным средством, чьим международным непатентованным наименованием (МНН) является этилметилгидроксипиридина сукцинат. В России данный препарат относится к рецептурным средствам.",,drug,,enriched,prompt_enrichment_v1
13664,drug,МЕКСИДОЛ Р-Р ДЛЯ В/В В/М ВВЕД. 50МГ/МЛ АМП. 5МЛ №10 ЭЛЛАРА | ЭЛЛАРА ООО | ЭЛЛАРА ООО,,rx,Мексидол,,этилметилгидроксипиридина сукцинат,rx,,qwen_enrichment,qwen_enrichment,0.95,"Препарат Мексидол является зарегистрированным лекарственным средством, действующим веществом которого является этилметилгидроксипиридина сукцинат. Согласно предоставленному описанию и стандартной практике, данный препарат отпускается по рецепту врача.",,drug,,enriched,prompt_enrichment_v1
13868,vitamin_or_baa,МАСЛО РАСТОРОПШИ ПЕРВЫЙ ХОЛОДНЫЙ ОТЖИМ КАПС. №100 РЕАЛКАПС | РЕАЛКАПС АО | РЕАЛКАПС АО,,,РеалКапс,монокомпонентный,,не применимо,monocomponent,qwen_enrichment,qwen_enrichment,0.85,"Продукт содержит масло расторопши, которое не входит в список конкретных ключевых нутриентов (например, куркумин или омега-3), поэтому mnn установлен как null. По составу это монокомпонентный продукт, так как основным действующим веществом является только масло расторопши.",,vitamin_or_baa,,enriched,prompt_enrichment_v1
14103,drug,МАЛЬВАЦИД СУСП. Д/ПРИЕМА ВНУТРЬ ПАК. 15МЛ №20 | АВВА РУС АО | АВВА РУС АО,,безрецептурный,Мальвацид,,,unknown,,qwen_enrichment,qwen_enrichment,0.4,"Торговое название «Мальвацид» не позволяет однозначно идентифицировать международное непатентованное наименование (МНН), так как оно может соответствовать разным действующим веществам в зависимости от производителя и состава. Хотя препарат относится к средствам для ЖКТ, отсутствие явных указаний на состав или статус рецептурности требует осторожности в определении.",,drug,,enriched,prompt_enrichment_v1
14162,drug,МАКСИКОЛД РИНО ПОР. Д/Р-РА Д/ПРИЕМА ВНУТРЬ АПЕЛЬСИН ПАК. 15Г №10 | ФАРМСТАНДАРТ-ЛЕКСРЕДСТВА ОАО | ФАРМСТАНДАРТ-ЛЕКСРЕДСТВА ОАО,,otc,Максиколд Рино,комбинированный,,otc,,qwen_enrichment,qwen_enrichment,0.85,"Текст не содержит информации о действующих веществах, поэтому МНН определить невозможно. Препарат относится к безрецептурным средствам от простуды.",,drug,,enriched,prompt_enrichment_v1
14492,drug,Л-ТИРОКСИН ТАБЛ. 100МКГ №50 ОЗОН | ОЗОН ООО | ОЗОН ООО,,rx,Л-Тироксин,монопрепарат,левотироксин,rx,,qwen_enrichment,qwen_enrichment,0.95,Название препарата «Л-Тироксин» является общепринятым сокращением от международного непатентованного наименования «левотироксин». Препараты тиреоидных гормонов относятся к рецептурным средствам.,,drug,,enriched,prompt_enrichment_v1
14577,drug,ЛОРТЕНЗА ТАБЛ. П/ПЛЕН/ОБ. 10МГ+100МГ №90 | КРКА-РУС ООО | КРКА-РУС ООО,,рецептурный,ЛОРТЕНЗА,комбинированный препарат,,unknown,,qwen_enrichment,qwen_enrichment,0.5,"В предоставленном тексте не указаны действующие вещества, поэтому определить МНН невозможно. Хотя препарат является комбинированным гипотензивным средством и обычно отпускается по рецепту, без явного указания состава или статуса в тексте точное определение rx_otc затруднено.",,drug,,enriched,prompt_enrichment_v1
14878,vitamin_or_baa,ЛИПРИНА УПРАВЛЕНИЕ ВЕСОМ MAX КАПС. ПО 378МГ №30 | ВЕКТОР-МЕДИКА АО | ВЕКТОР-МЕДИКА АО,,,Липрина,,,не применимо,unknown,qwen_enrichment,qwen_enrichment,0.95,"В предоставленном тексте и базовых атрибутах не указан конкретный действующий нутриент или витамин, а также отсутствует информация о составе продукта. Без указания компонентов невозможно определить доминирующее вещество или тип комбинации.",,vitamin_or_baa,,enriched,prompt_enrichment_v1
14980,vitamin_or_baa,ЛИНЕКС ФОРТЕ КАПС. №14 | ЛЕК Д.Д. | ЛЕК Д.Д.,,,Линекс Форте,,,не применимо,unknown,qwen_enrichment,qwen_enrichment,0.5,"Продукт «Линекс Форте» относится к эубиотикам (пробиотикам), а не к витаминам или нутрицевтикам из заданного списка ключевых веществ. В предоставленном тексте отсутствует явное указание на конкретный доминирующий компонент или состав комплекса.",,vitamin_or_baa,,enriched,prompt_enrichment_v1
15375,vitamin_or_baa,"ЛЕЦИТИН НАШ С РАСТОРОПШЕЙ КАПС. ПО 0,35Г №60 | ЮВИКС-ФАРМ ООО | ЮВИКС-ФАРМ ООО",Комплекс,,НАШ,лецитин + расторопша,Лецитин,не применимо,multicomponent,qwen_enrichment,qwen_enrichment,0.85,"Продукт содержит лецитин как основной нутриент из списка ключевых веществ, но также включает расторопшу, что делает его многокомпонентным комплексом.",,vitamin_or_baa,,enriched,prompt_enrichment_v1
15379,vitamin_or_baa,ЛЕЦИТИН НАШ ПОР. 120Г | ЮВИКС-ФАРМ ООО | ЮВИКС-ФАРМ ООО,Лецитин,,Лецитин НАШ,монопрепарат,Лецитин,не применимо,monocomponent,qwen_enrichment,qwen_enrichment,1.0,"Продукт явно содержит лецитин как единственный активный компонент, что подтверждается названием и семантическим описанием монокомпонентной БАД.",,vitamin_or_baa,,enriched,prompt_enrichment_v1
15515,vitamin_or_baa,ЛЕОВИТ КИСЕЛЬ ДИЕТИЧЕСКИЙ ОЧИЩАЮЩИЙ БАНКА 400Г | ЛЕОВИТ НУТРИО | ЛЕОВИТ НУТРИО,,,Леовит Нутрио,,,не применимо,unknown,qwen_enrichment,qwen_enrichment,0.95,"В названии продукта «ЛЕОВИТ КИСЕЛЬ ДИЕТИЧЕСКИЙ ОЧИЩАЮЩИЙ» не указан конкретный нутриент или витамин из списка ключевых веществ. Продукт представляет собой диетический кисель с комплексным составом для очищения, поэтому определить доминирующий компонент невозможно.",,vitamin_or_baa,,enriched,prompt_enrichment_v1
15921,drug,ЛАРИГАМА Р-Р ДЛЯ В/М ВВЕД. АМП. 2МЛ №10 | ГРОТЕКС ООО | ГРОТЕКС ООО,,рецептурный,Ларигама,,,unknown,,qwen_enrichment,qwen_enrichment,0.3,"В предоставленном тексте отсутствует информация о действующем веществе, поэтому определить МНН невозможно. Хотя исходные данные указывают на рецептурный статус, без знания состава и точного терапевтического класса этот признак нельзя подтвердить с высокой уверенностью.",,drug,,enriched,prompt_enrichment_v1
15949,drug,ЛАМОЛЕП ТАБЛ. 50МГ №30 | ГЕДЕОН РИХТЕР ОАО/ГЕДЕОН РИХТЕР-РУС АО | ГЕДЕОН РИХТЕР ОАО/ГЕДЕОН РИХТЕР-РУС АО,,рецептурный,Ламолеп,,,unknown,,qwen_enrichment,qwen_enrichment,0.5,"В предоставленном тексте не указано активное вещество, поэтому определить международное непатентованное наименование (INN) невозможно. Хотя семантическое объяснение указывает на рецептурный статус, без подтверждения состава и официального источника этот атрибут также остается неопределенным.",,drug,,enriched,prompt_enrichment_v1
15957,drug,ЛАМИТОР ТАБЛ. 100МГ №50 | ТОРРЕНТ ФАРМАСЬЮТИКАЛС ЛТД | ТОРРЕНТ ФАРМАСЬЮТИКАЛС ЛТД,,рецептурный,ЛАМИТОР,,,unknown,,qwen_enrichment,qwen_enrichment,0.5,"Торговое название «ЛАМИТОР» не является общепризнанным и однозначно не указывает на конкретное международное непатентованное наименование (МНН) в предоставленном тексте. Хотя препарат относится к противосудорожным средствам, без явного указания действующего вещества или официального источника установить МНН и статус рецептурности с высокой уверенностью невозможно.",,drug,,enriched,prompt_enrichment_v1
16144,drug,"ЛАЗОЛВАН Р-Р Д/ПРИЕМА ВНУТРЬ И ИНГАЛ. 7,5МГ/МЛ ФЛ-КАП. 100МЛ | ИНСТИТУТ ДЕ АНГЕЛИ С.Р.Л. | ИНСТИТУТ ДЕ АНГЕЛИ С.Р.Л.",,безрецептурный,Лазолван,монопрепарат,амброксол,otc,,qwen_enrichment,qwen_enrichment,0.95,"Препарат Лазолван является известным торговым названием амброксола, который широко применяется как отхаркивающее средство. В большинстве стран, включая Россию, препараты амброксола в данной дозировке отпускаются без рецепта.",,drug,,enriched,prompt_enrichment_v1
16340,vitamin_or_baa,КУРКУМИН 150МГ КАПС. ПО 400МГ №30 ГРИН САЙД | ГРИН САЙД ООО | ГРИН САЙД ООО,Куркумин,,Грин Сайд,,Куркумин,не применимо,monocomponent,qwen_enrichment,qwen_enrichment,1.0,В названии продукта явно указан ключевой ингредиент — куркумин (150 мг). Отсутствие упоминания других активных веществ в тексте позволяет классифицировать продукт как монокомпонентный.,,vitamin_or_baa,,enriched,prompt_enrichment_v1
16355,vitamin_or_baa,КУКУРУЗЫ СТОЛБИКИ С РЫЛЬЦАМИ 40Г КРАСНОГОРСКЛЕКСРЕДСТВА | КРАСНОГОРСКЛЕКСРЕДСТВА | КРАСНОГОРСКЛЕКСРЕДСТВА,,,,монопрепарат,,не применимо,unknown,qwen_enrichment,qwen_enrichment,0.2,"Продукт представляет собой растительное сырье (кукурузные столбики с рыльцами), а не выделенный нутриент или витамин из списка ключевых веществ. Поскольку это фитопрепарат, а не конкретная молекула, определить mnn как витамин или добавленный компонент невозможно.",,vitamin_or_baa,,enriched,prompt_enrichment_v1
16411,drug,"КСИЛЕН КАПЛИ НАЗ. 0,1% ФЛ-КАП. 20МЛ №4 | ВЕРОФАРМ ООО | ВЕРОФАРМ ООО",,otc,Ксилен,монопрепарат,ксилометазолин,otc,,qwen_enrichment,qwen_enrichment,0.95,"Препарат Ксилен является известным торговым названием ксилометазолина, который используется в качестве назального деконгестанта. Это безрецептурное средство (OTC) для симптоматического лечения заложенности носа.",,drug,,enriched,prompt_enrichment_v1
16419,drug,КСИЗАЛ ТАБЛ. П/ПЛЕН/ОБ. 5МГ №10 | ЮСБ ФАРШИМ С.А. | ЮСБ ФАРШИМ С.А.,,otc,Ксизал,,левоцетиризин,otc,,qwen_enrichment,qwen_enrichment,0.95,Торговое название «Ксизал» однозначно соответствует международному непатентованному наименованию левоцетиризин. Препарат является антигистаминным средством и отпускается без рецепта.,,drug,,enriched,prompt_enrichment_v1
16518,drug,КРЕОН 25000 КАПС. КИШ/РАСТ. 25000ЕД №20 | ВЕРОФАРМ АО | ВЕРОФАРМ АО,,rx,Креон,,панкреатин,rx,,qwen_enrichment,qwen_enrichment,0.95,"Препарат Креон содержит панкреатин как активное вещество, что подтверждается его фармакологической группой ферментных препаратов. Креон относится к рецептурным лекарственным средствам.",,drug,,enriched,prompt_enrichment_v1
16606,vitamin_or_baa,КОЭНЗИМ Q10 ТАБЛ. 60МГ №30 ЭВАЛАР | ЭВАЛАР ЗАО | ЭВАЛАР ЗАО,Коэнзим Q10,,Эвалар,,Коэнзим Q10,не применимо,monocomponent,qwen_enrichment,qwen_enrichment,1.0,"В названии товара и описании явно указан единственный активный компонент — Коэнзим Q10. Продукт не содержит других перечисленных нутриентов, что подтверждает его монокомпонентный состав.",,vitamin_or_baa,,enriched,prompt_enrichment_v1
16640,drug,КОСТАРОКС ТАБЛ. П/ПЛЕН/ОБ. 90МГ №28 | КАДИЛА ФАРМАСЬЮТИКАЛЗ ЛИМИТЕД | КАДИЛА ФАРМАСЬЮТИКАЛЗ ЛИМИТЕД,,рецептурный,Костарокс,,,unknown,,qwen_enrichment,qwen_enrichment,0.4,"Текст не содержит информации о действующем веществе, поэтому МНН определить невозможно. Хотя атрибуты указывают на рецептурный статус, без знания состава и подтверждения по официальным источникам точная классификация rx/otc невозможна.",,drug,,enriched,prompt_enrichment_v1
16703,drug,КОРДИАМИН КАПЛИ Д/ПРИЕМА ВНУТРЬ 25% ФЛ-КАП. 30МЛ ТЕХНОПАРК-ЦЕНТР | ТЕХНОПАРК-ЦЕНТР ООО | ТЕХНОПАРК-ЦЕНТР ООО,,,Кордиамин,,никометамид,rx,,qwen_enrichment,qwen_enrichment,0.95,Торговое наименование «Кордиамин» однозначно соответствует международному непатентованному наименованию (МНН) никотинамид (никетамид). Препарат является рецептурным средством для стимуляции дыхания и кровообращения.,,drug,,enriched,prompt_enrichment_v1
17218,vitamin_or_baa,КОЖА НОГТИ ВОЛОСЫ КОМПЛЕКС С МСМ ТАБЛ. П/О ПО 1392МГ №30 КВАДРАТ-С | КВАДРАТ-С ООО | КВАДРАТ-С ООО,Комплекс,,"Кожа, ногти, волосы комплекс с МСМ",комплекс,Комплекс,не применимо,multicomponent,qwen_enrichment,qwen_enrichment,0.95,"Продукт представляет собой многокомпонентный комплекс для кожи, ногтей и волос с добавлением МСМ, где нет одного доминирующего нутриента из списка ключевых веществ.",,vitamin_or_baa,,enriched,prompt_enrichment_v1
17254,drug,"КО-ВАМЛОСЕТ ТАБЛ. П/ПЛЕН/ОБ. 5МГ+160МГ+12,5МГ №90 | КРКА-РУС ООО | КРКА-РУС ООО",,rx,Ко-Вамлосет,комбинированный препарат (3 активных компонента),,unknown,,qwen_enrichment,qwen_enrichment,0.5,"В предоставленном тексте не указаны действующие вещества, поэтому определить МНН невозможно. Хотя препарат относится к антигипертензивным средствам, без точного состава статус рецептурности (rx/otc) нельзя подтвердить с высокой уверенностью.",,drug,,enriched,prompt_enrichment_v1
17447,drug,КЛЕНЗИТ-С ГЕЛЬ Д/НАРУЖ. ПРИМ. ТУБА 15Г | ГЛЕНМАРК ФАРМАСЬЮТИКАЛС ЛТД | ГЛЕНМАРК ФАРМАСЬЮТИКАЛС ЛТД,,рецептурный,Клензит-С,комбинированный,,unknown,,qwen_enrichment,qwen_enrichment,0.3,"В предоставленном тексте не указаны действующие вещества, поэтому МНН определить невозможно. Хотя препарат Клензит-С обычно является рецептурным, без явного указания состава или статуса в тексте точную классификацию сделать нельзя.",,drug,,enriched,prompt_enrichment_v1
17770,drug,КВАМАТЕЛ ТАБЛ. П/ПЛЕН/ОБ. 40МГ №14 | ГЕДЕОН РИХТЕР ОАО/ГЕДЕОН РИХТЕР-РУС АО | ГЕДЕОН РИХТЕР ОАО/ГЕДЕОН РИХТЕР-РУС АО,,rx,Квамател,,фамотидин,rx,,qwen_enrichment,qwen_enrichment,0.95,"Препарат Квамател является известным торговым названием фамотидина, ингибитора H2-гистаминовых рецепторов. Фамотидин в дозировке 40 мг отпускается по рецепту врача.",,drug,,enriched,prompt_enrichment_v1
17777,drug,КАШНОЛ ЭКСПЕКТОРАНТ СИРОП ФЛ. 200МЛ | ЛОК-БЕТА ФАРМАСЬЮТИКАЛС (И) ПВТ.ЛТД | ЛОК-БЕТА ФАРМАСЬЮТИКАЛС (И) ПВТ.ЛТД,,otc,Кашнол Экспекторант,,,unknown,,qwen_enrichment,qwen_enrichment,0.4,"В предоставленном тексте не указано действующее вещество препарата, поэтому определить МНН невозможно. Хотя отхаркивающие сиропы часто являются безрецептурными, отсутствие информации о составе и точной дозировке делает статус отпуска (Rx/OTC) неопределенным.",,drug,,enriched,prompt_enrichment_v1
17852,drug,КАРИПАЗИМ ЛИОФ. Д/Р-РА Д/НАРУЖ. ПРИМ. 350ПЕ ФЛ. №1 ВИФИТЕХ | ВИФИТЕХ | ВИФИТЕХ,,rx,Карипазим,,папаин,rx,,qwen_enrichment,qwen_enrichment,0.95,"Препарат Карипазим содержит активное вещество папаин (фермент), что подтверждается его фармакологической группой и дозировкой в ПЕ. Препарат относится к рецептурным средствам.",,drug,,enriched,prompt_enrichment_v1
17984,drug,КАПСИКУМ-ПЛЮС ГРАН. ГОМЕОПАТ. ФЛ. 20Г | ДОКТОР Н ООО | ДОКТОР Н ООО,,otc,Капсикум-плюс,,,unknown,,qwen_enrichment,qwen_enrichment,0.5,"Препарат является гомеопатическим средством, для которого не существует единого международного непатентованного наименования (МНН) в традиционном понимании, так как состав часто разбавлен до отсутствия молекул или включает смесь компонентов без четкой стандартизации МНН. Хотя гомеопатические препараты обычно отпускаются без рецепта, их правовой статус и классификация могут варьироваться, поэтому точное определение rx_otc на основе только названия затруднено.",,drug,,enriched,prompt_enrichment_v1
18152,drug,КАМИСТАД ГЕЛЬ Д/МЕСТН. ПРИМ. 20МГ/Г+185МГ/Г ТУБА 10Г | ШТАДА | ШТАДА,,otc,Камистад,комбинированный,,otc,,qwen_enrichment,qwen_enrichment,0.65,"Текст не содержит явного указания на международное непатентованное наименование (МНН), хотя препарат Камистад обычно содержит лидокаин и хлоргексидин; без прямого упоминания в тексте МНН оставлен как null. Препарат относится к безрецептурным средствам для местного применения в стоматологии.",,drug,,enriched,prompt_enrichment_v1
18320,drug,КАГОЦЕЛ ТАБЛ. 12МГ №30 | НИАРМЕДИК ПЛЮС ООО/НИАРМЕДИК ФАРМА ООО | НИАРМЕДИК ПЛЮС ООО/НИАРМЕДИК ФАРМА ООО,Кагоцел,без рецепта,Кагоцел,монокомпонентный,кагоцел,otc,,qwen_enrichment,qwen_enrichment,0.95,"Препарат Кагоцел содержит одноименное действующее вещество (INN: кагоцел) и относится к противовирусным средствам. Согласно предоставленным данным и стандартной практике в РФ, данный препарат отпускается без рецепта.",,drug,,enriched,prompt_enrichment_v1
18327,drug,КАВИНТОН КОНЦ. Д/Р-РА Д/ИНФ. 5МГ/МЛ АМП. 5МЛ №10 | ГЕДЕОН РИХТЕР ОАО | ГЕДЕОН РИХТЕР ОАО,,rx,Кавинтон,,,unknown,,qwen_enrichment,qwen_enrichment,0.4,"В предоставленном тексте не указано действующее вещество, поэтому определить МНН невозможно. Хотя препарат Кавинтон является рецептурным, в задании требуется возвращать 'unknown', если информация о статусе рецепта явно не подтверждена текстом или контекстом.",,drug,,enriched,prompt_enrichment_v1
18732,drug,ИНВОКАНА ТАБЛ. П/ПЛЕН/ОБ. 100МГ №30 | ЯНССЕН ОРТО ЛЛС | ЯНССЕН ОРТО ЛЛС,,rx,Инвокана,монопрепарат,каннаглифлозин,rx,,qwen_enrichment,qwen_enrichment,0.95,Торговое наименование «Инвокана» однозначно соответствует международному непатентованному наименованию каннаглифлозин. Препарат является рецептурным средством для лечения сахарного диабета 2 типа.,,drug,,enriched,prompt_enrichment_v1
18837,drug,"ИЗАКАРДИН СПРЕЙ ПОДЪЯЗЫЧ. ДОЗИРОВ. 1,25МГ/ДОЗА ФЛ. 15МЛ 300ДОЗ ФАРМАМЕД | ФАРМАМЕД ООО | ФАРМАМЕД ООО",,rx,Изакардин,,нитроглицерин,rx,,qwen_enrichment,qwen_enrichment,0.95,Препарат «Изакардин» является известным торговым названием нитроглицерина в форме подъязычного спрея для лечения стенокардии. Нитроглицерин относится к рецептурным препаратам (Rx) из-за необходимости строгого контроля дозировки и риска побочных эффектов.,,drug,,enriched,prompt_enrichment_v1
18857,drug,"ИГЛА IME-FINE УНИВЕРСАЛЬНАЯ ИНЪЕКЦИОННАЯ ОДНОРАЗОВАЯ ДЛЯ ИНСУЛИНОВЫХ ШПРИЦ-РУЧЕК 31G 0,26Х5ММ №100 | NINGBO CAREMED MEDICAL PRODUCTS | NINGBO CAREMED MEDICAL PRODUCTS | 31 G",,,IME-FINE,,,unknown,,qwen_enrichment,qwen_enrichment,1.0,"Товар представляет собой медицинское изделие (иглу для шприц-ручек), а не лекарственный препарат, поэтому у него отсутствует международное непатентованное наименование (МНН). Статус рецептурности к изделиям медицинского назначения не применяется.",,drug,,enriched,prompt_enrichment_v1
19072,drug,ЗОВИРАКС ТАБЛ. 200МГ №25 | ГЛАКСО ВЭЛЛКОМ С.А. | ГЛАКСО ВЭЛЛКОМ С.А.,,рецептурный,Зовиракс,,ацикловир,rx,,qwen_enrichment,qwen_enrichment,0.95,"Препарат Зовиракс является известным торговым названием ацикловира, что подтверждается его классификацией как системного противовирусного средства для лечения герпетических инфекций. Ацикловир в дозировке 200 мг в форме таблеток относится к рецептурным препаратам.",,drug,,enriched,prompt_enrichment_v1
19082,drug,ЗИРТЕК КАПЛИ Д/ПРИЕМА ВНУТРЬ 10МГ/МЛ ФЛ-КАП. 20МЛ | ЭЙСИКА ФАРМАСЬЮТИКАЛЗ С.Р.Л. | ЭЙСИКА ФАРМАСЬЮТИКАЛЗ С.Р.Л.,,otc,Зиртек,,цетиризин,otc,,qwen_enrichment,qwen_enrichment,0.95,"Препарат Зиртек является известным торговым названием цетиризина, который относится к антигистаминным средствам и отпускается без рецепта.",,drug,,enriched,prompt_enrichment_v1
19087,drug,ЗИНЕРИТ ПОР. Д/Р-РА Д/НАРУЖ. ПРИМ. ФЛ. 30МЛ | ЛЕО ФАРМА А/С | ЛЕО ФАРМА А/С,,рецептурный,Зинерит,комбинированный,,unknown,,qwen_enrichment,qwen_enrichment,0.4,"Текст не содержит информации о действующем веществе, поэтому МНН определен как null. Хотя препарат Зинерит обычно является рецептурным, в предоставленном тексте это явно не указано, поэтому статус rx_otc установлен как unknown.",,drug,,enriched,prompt_enrichment_v1
19106,drug,ЗИЛАКСЕРА ТАБЛ. 15МГ №28 | КРКА-РУС ООО | КРКА-РУС ООО,,рецептурный,Зилаксера,,,unknown,,qwen_enrichment,qwen_enrichment,0.5,"Текст не содержит прямого указания на международное непатентованное наименование (МНН), а бренд «Зилаксера» может относиться к разным торговым названиям в зависимости от региона и производителя. Хотя семантическое объяснение предполагает антикоагулянт, без явного подтверждения состава в тексте возвращать МНН и статус рецептурности как достоверные нельзя.",,drug,,enriched,prompt_enrichment_v1
19108,drug,ЗИЛАКСЕРА ТАБЛ. 10МГ №28 | КРКА-РУС ООО | КРКА-РУС ООО,,rx,Зилаксера,,,unknown,,qwen_enrichment,qwen_enrichment,0.5,"Текст содержит только торговое название «Зилаксера» без указания действующего вещества, поэтому МНН определить невозможно. Хотя препарат относится к антикоагулянтам (группа крови), в предоставленном описании отсутствует прямая информация о статусе отпуска (рецептурный или безрецептурный).",,drug,,enriched,prompt_enrichment_v1
19315,drug,ЖЕНАЛЕ ТАБЛ. 10МГ №1 | ИЗВАРИНО ФАРМА ООО | ИЗВАРИНО ФАРМА ООО,,рецептурный,Женале,,,unknown,,qwen_enrichment,qwen_enrichment,0.6,"В предоставленном тексте не указано действующее вещество, поэтому МНН определить невозможно. Хотя препарат Женале в реальности является рецептурным гормональным средством, на основе только данного текста установить статус рецептурности строго нельзя.",,drug,,enriched,prompt_enrichment_v1
19710,drug,ДОРЗОПТ КАПЛИ ГЛАЗН. 2% ФЛ-КАП. 5МЛ №1 | РОМФАРМ КОМПАНИ С.Р.Л. | РОМФАРМ КОМПАНИ С.Р.Л.,,rx,ДОРЗОПТ,,дорзоламид,rx,,qwen_enrichment,qwen_enrichment,0.95,Торговое название «Дорзопт» однозначно соответствует международному непатентованному наименованию дорзоламид (ингибитор карбоангидразы). Глазные капли с таким названием являются рецептурным лекарственным средством.,,drug,,enriched,prompt_enrichment_v1
19860,drug,ДОЛОКОКС ТАБЛ. П/ПЛЕН/ОБ. 90МГ №30 | МАКИЗ-ФАРМА | МАКИЗ-ФАРМА,,rx,ДОЛОКОКС,комбинированный,,unknown,,qwen_enrichment,qwen_enrichment,0.3,"В предоставленном тексте не указано активное вещество, а название «ДОЛОКОКС» не является стандартным для известных гормональных контрацептивов, что делает невозможным точное определение МНН. Хотя в семантическом объяснении предположена группа гормональных средств, отсутствие явных данных о составе и статусе рецептурности требует осторожности.",,drug,,enriched,prompt_enrichment_v1
19982,vitamin_or_baa,ДОКТОР МОРЕ OMEGA-3+AGE ULTRA 1000 КАПС. ПО 1000МГ №60 | ФАРМОУШЕН ЛАБ ООО | ФАРМОУШЕН ЛАБ ООО,Омега-3,,Доктор Море,,Омега-3,не применимо,monocomponent,qwen_enrichment,qwen_enrichment,0.95,"В названии продукта явно указан ключевой нутриент Омега-3, который является доминирующим компонентом. Приставка '+AGE' не указывает на наличие других активных веществ, поэтому продукт классифицируется как монокомпонентный.",,vitamin_or_baa,,enriched,prompt_enrichment_v1
20063,drug,ДИФЛЮКАН КАПС. 150МГ №4 | ФАРЕВА АМБУАЗ | ФАРЕВА АМБУАЗ,,rx,Дифлюкан,,,unknown,,qwen_enrichment,qwen_enrichment,0.5,"В предоставленном тексте отсутствует явное указание международного непатентованного наименования (МНН), поэтому оно не может быть определено с уверенностью на основе только текста. Хотя препарат Дифлюкан обычно содержит флуконазол и является рецептурным, инструкция требует избегать догадок при отсутствии прямых данных в тексте.",,drug,,enriched,prompt_enrichment_v1
20162,drug,ДИНАМИКО ЛОНГ ТАБЛ. П/ПЛЕН/ОБ. 5МГ №14 | ТЕВА ФАРМАЦЕВТИЧЕСКИЕ ПРЕДПРИЯТИЯ ЛТД. | ТЕВА ФАРМАЦЕВТИЧЕСКИЕ ПРЕДПРИЯТИЯ ЛТД.,,rx,Динамико Лонг,монопрепарат,,unknown,,qwen_enrichment,qwen_enrichment,0.4,"Действующее вещество не указано в тексте, а торговое название «Динамико» может соответствовать разным МНН (например, динатрия энаприл или другие), поэтому установить точное МНН невозможно. Статус рецептурности также не определен без знания состава.",,drug,,enriched,prompt_enrichment_v1
20172,drug,ДИМЕКСИД Р-Р Д/НАРУЖ. ПРИМ. 25% ФЛ. ПОЛИМЕР. 200Г ЛЕКАРЬ | ЛЕКАРЬ | ЛЕКАРЬ,,otc,Димексид,,димексид,otc,,qwen_enrichment,qwen_enrichment,0.95,Торговое название «Димексид» однозначно указывает на международное непатентованное наименование действующего вещества — димексид. Препарат относится к безрецептурным средствам для наружного применения.,,drug,,enriched,prompt_enrichment_v1
20358,drug,ДИВАЗА ТАБЛ. Д/РАССАС. №100 | МАТЕРИА МЕДИКА ХОЛДИНГ НПФ | МАТЕРИА МЕДИКА ХОЛДИНГ НПФ,,otc,Диваза,,,otc,,qwen_enrichment,qwen_enrichment,0.95,"Препарат Диваза является гомеопатическим средством, и его точный состав (МНН) не указан в предоставленных данных, поэтому МНН оставлен равным null. Согласно справочной информации, препарат отпускается без рецепта.",,drug,,enriched,prompt_enrichment_v1
20456,vitamin_or_baa,ДЕТРИМАРИН КАПС. ПО 700МГ №60 | ПОЛЯРИС ООО | ПОЛЯРИС ООО,,,Детримарин,,,не применимо,unknown,qwen_enrichment,qwen_enrichment,0.0,"В предоставленном тексте отсутствует информация о составе продукта, поэтому невозможно определить ключевой нутриент или тип комбинации.",,vitamin_or_baa,,enriched,prompt_enrichment_v1
20477,drug,ДЕТРАВЕНОЛ ТАБЛ. П/ПЛЕН/ОБ. 1000МГ №30 | ОЗОН ООО | ОЗОН ООО,,otc,Детравелол,,,unknown,,qwen_enrichment,qwen_enrichment,0.3,"Торговое название «Детравелол» не является стандартным и может быть искажением названия препарата «Детралекс», содержащего диосмин и гесперидин, однако без явного указания МНН в тексте подтверждать состав нельзя. Статус рецептурности также не определен однозначно, так как аналогичные венотоники могут иметь разные ограничения отпуска.",,drug,,enriched,prompt_enrichment_v1
20558,drug,ДЕЛОРСИН ТАБЛ. 5МГ №10 | САНЕКА ФАРМАСЬЮТИКАЛС А.С. | САНЕКА ФАРМАСЬЮТИКАЛС А.С.,,otc,Делорсин,,,unknown,,qwen_enrichment,qwen_enrichment,0.2,"Торговое название «Делорсин» не содержит явных указаний на международное непатентованное наименование (МНН), а в предоставленном тексте состав препарата не указан. Хотя товар может относиться к безрецептурным средствам, точный статус рецептурности и действующее вещество определить невозможно без дополнительных данных.",,drug,,enriched,prompt_enrichment_v1
20623,drug,ДЕКСАЛГИН Р-Р ДЛЯ В/В В/М ВВЕД. 25МГ/МЛ АМП. 2МЛ №5 | А.МЕНАРИНИ МЭНЮФЕКЧЕРИНГ ЛОДЖИСТИКС ЭНД СЕРВИСИЗ С.Р.Л. | А.МЕНАРИНИ МЭНЮФЕКЧЕРИНГ ЛОДЖИСТИКС ЭНД СЕРВИСИЗ С.Р.Л.,,rx,Дексалгин,,декскетопрофен,rx,,qwen_enrichment,qwen_enrichment,0.95,"Торговое название «Дексалгин» однозначно соответствует международному непатентованному наименованию (МНН) «декскетопрофен». Инъекционные формы НПВС, такие как этот препарат, являются рецептурными лекарственными средствами.",,drug,,enriched,prompt_enrichment_v1
20664,vitamin_or_baa,ДЕВЯСИЛ П ТАБЛ. ПО 205МГ №100 | ПАРАФАРМ ООО | ПАРАФАРМ ООО,,,Девясил П,монокомпонентный,,не применимо,monocomponent,qwen_enrichment,qwen_enrichment,0.95,"Продукт является растительным фитопрепаратом на основе девясила, а не классическим нутриентом или витамином из списка. Хотя состав монокомпонентный (один растительный экстракт), ключевой нутриент в заданном формате отсутствует.",,vitamin_or_baa,,enriched,prompt_enrichment_v1
20670,vitamin_or_baa,ДЕВЯСИЛА КОРНЕВИЩА И КОРНИ 50Г КРАСНОГОРСКЛЕКСРЕДСТВА | КРАСНОГОРСКЛЕКСРЕДСТВА | КРАСНОГОРСКЛЕКСРЕДСТВА,,,Красногорсклексредства,монокомпонентный,,не применимо,monocomponent,qwen_enrichment,qwen_enrichment,0.85,"Продукт представляет собой растительное сырье (корневища и корни девясила), а не выделенный нутриент или витамин из заданного списка. Поскольку это монокомпонентный продукт на основе одного растения, но без конкретного химического вещества в качестве активного компонента, mnn установлен как null.",,vitamin_or_baa,,enriched,prompt_enrichment_v1
20683,drug,ДАЛЬФАЗ СР ТАБЛ. ПРОЛОНГ. 10МГ №30 | САНОФИ ВИНТРОП ИНДУСТРИЯ | САНОФИ ВИНТРОП ИНДУСТРИЯ,,рецептурный,ДАЛЬФАЗ СР,,,unknown,,qwen_enrichment,qwen_enrichment,0.3,"В предоставленном тексте не указано активное вещество, поэтому определить МНН невозможно. Хотя препарат относится к урологическому профилю и часто является рецептурным, без знания состава сделать однозначный вывод о статусе отпуска нельзя.",,drug,,enriched,prompt_enrichment_v1
20687,drug,ДАЛЬНЕВА ТАБЛ. 5МГ+4МГ №90 | КРКА-РУС ООО | КРКА-РУС ООО,,rx,Дальнева,комбинированный,,unknown,,qwen_enrichment,qwen_enrichment,0.4,"Текст содержит только торговое название «Дальнева» без указания действующих веществ, поэтому установить МНН невозможно. Хотя препарат относится к сердечно-сосудистым средствам, статус рецептурности не подтвержден явными данными в предоставленном описании.",,drug,,enriched,prompt_enrichment_v1
20699,drug,ДАЙВОБЕТ МАЗЬ Д/НАРУЖ. ПРИМ. ТУБА 15Г | ЛЕО ЛЭБОРАТОРИС ЛИМИТЕД | ЛЕО ЛЭБОРАТОРИС ЛИМИТЕД,,rx,Дайвобет,,,unknown,,qwen_enrichment,qwen_enrichment,0.3,"В предоставленном тексте не указаны действующие вещества, поэтому определить МНН невозможно. Хотя препарат Дайвобет обычно содержит бетаметазон и кальципотриол и является рецептурным, без явного указания состава в исходных данных точное определение MNN и статуса рецептурности по правилам задачи затруднено.",,drug,,enriched,prompt_enrichment_v1
20731,drug,ГЭВКАМЕН МАЗЬ Д/НАРУЖ. ПРИМ. БАНКА 25Г ТУЛЬСКАЯ ФФ | ТУЛЬСКАЯ ФАРМАЦЕВТИЧЕСКАЯ ФАБРИКА ООО | ТУЛЬСКАЯ ФАРМАЦЕВТИЧЕСКАЯ ФАБРИКА ООО,,otc,ГЭВКАМЕН,,,unknown,,qwen_enrichment,qwen_enrichment,0.5,"Текст не содержит информации о действующем веществе, поэтому определить МНН невозможно. Хотя бренд «Гевкамен» часто ассоциируется с безрецептурными средствами, отсутствие состава в предоставленных данных требует статуса «unknown» для рецептурности.",,drug,,enriched,prompt_enrichment_v1
20840,drug,ГРАНДАПАМ ТАБЛ. 50МГ №60 | ФАРМАСИНТЕЗ АО | ФАРМАСИНТЕЗ АО,,рецептурный,Грандапам,монопрепарат,,unknown,,qwen_enrichment,qwen_enrichment,0.5,"Действующее вещество препарата «Грандапам» не указано в предоставленном тексте, поэтому определить МНН невозможно. Хотя препарат относится к анксиолитикам и обычно является рецептурным, без точного знания состава статус отпуска нельзя подтвердить с высокой уверенностью.",,drug,,enriched,prompt_enrichment_v1
20899,drug,"ГОНАЛ-Ф Р-Р ДЛЯ П/К ВВЕД. 66МКГ/1,5МЛ (900МЕ) ШПРИЦ-РУЧКА 1,5МЛ №1 +ИГЛЫ №20 | МЕРК СЕРОНО С.П.А. | МЕРК СЕРОНО С.П.А.",,rx,Гонал-Ф,,фоллитропин альфа,rx,,qwen_enrichment,qwen_enrichment,0.95,"Препарат Гонал-Ф содержит фоллитропин альфа (рекомбинантный ФСГ), что подтверждается его торговым названием и дозировкой в международных единицах. Это рецептурный гормональный препарат для лечения бесплодия.",,drug,,enriched,prompt_enrichment_v1
21047,drug,ГЛИЦЕРОМ СУПП. РЕКТ. ГОМЕОП. №6 | ДОКТОР Н ООО | ДОКТОР Н ООО,,otc,Глицером,,,unknown,,qwen_enrichment,qwen_enrichment,0.4,"Препарат классифицирован как гомеопатический, поэтому стандартное МНН для него не применимо или не указано в тексте. Статус рецептурности (Rx/OTC) для гомеопатических средств часто варьируется и не может быть определен однозначно без дополнительных данных о составе.",,drug,,enriched,prompt_enrichment_v1
21183,drug,ГИПОСАРТ ТАБЛ. 32МГ №28 | ПОЛЬФАРМА АО | ПОЛЬФАРМА АО,,rx,Гипосарт,,,unknown,,qwen_enrichment,qwen_enrichment,0.5,"Текст не содержит названия действующего вещества, поэтому МНН определить невозможно. Хотя препарат относится к гипотензивным средствам, без точного знания состава нельзя с уверенностью подтвердить его статус рецептурного препарата в рамках данной задачи.",,drug,,enriched,prompt_enrichment_v1
21189,drug,ГИПОСАРТ А ТАБЛ. 5МГ+16МГ №30 | АКРИХИН ХФК АО | АКРИХИН ХФК АО,,rx,Гипосарт А,true,,unknown,,qwen_enrichment,qwen_enrichment,0.4,"Торговое название «Гипосарт А» указывает на комбинированный гипотензивный препарат, но конкретные действующие вещества (вероятно, лозартан и гидрохлоротиазид) в предоставленном тексте явно не указаны. Без прямого упоминания состава или явного указания статуса рецептурности в тексте, определить МНН и точный статус отпуска невозможно.",,drug,,enriched,prompt_enrichment_v1
21325,drug,"ГЕРБИОН ПЛЮЩ ТАБЛ. Д/РАССАС. 35МГ №16 | КРКА, Д.Д., НОВО МЕСТО АО | КРКА, Д.Д., НОВО МЕСТО АО",,безрецептурный,Гербион Плющ,монопрепарат,,otc,,qwen_enrichment,qwen_enrichment,0.85,"Товар является растительным отхаркивающим средством на основе плюща, что указывает на безрецептурный статус. Однако в предоставленном тексте не указано конкретное международное непатентованное наименование (МНН) действующего вещества, поэтому оно оставлено пустым.",,drug,,enriched,prompt_enrichment_v1
21349,drug,ГЕПАТОСАН КАПС. 200МГ №10 | МЕДМИНИПРОМ ЗАО | МЕДМИНИПРОМ ЗАО,,без рецепта,Гепатосан,,,unknown,,qwen_enrichment,qwen_enrichment,0.6,"Текст не содержит явного указания на международное непатентованное наименование (МНН), хотя препарат известен как гепатопротектор; статус рецептурности в предоставленном описании не подтвержден явно.",,drug,,enriched,prompt_enrichment_v1
21438,vitamin_or_baa,ГЕМАТОГЕН С КЛЮКВОЙ В ШОКОЛАДНОЙ ГЛАЗУРИ 10Г №5 | ФАРМЛЭНД БИО ООО | ФАРМЛЭНД БИО ООО,,,,монокомпонентный,,не применимо,unknown,qwen_enrichment,qwen_enrichment,0.4,"В названии продукта указаны клюква и шоколад, но ключевой нутриент (например, железо) явно не выделен в тексте как активное вещество. Хотя семантический анализ предполагает наличие железа, отсутствие его прямого указания в названии требует осторожности.",,vitamin_or_baa,,enriched,prompt_enrichment_v1
21563,vitamin_or_baa,ГАСТРОСТАТ ТАБЛ. П/ПЛЕН/ОБ. 100МГ №180 АЛИУМ | АЛИУМ АО | АЛИУМ АО,,,Гастростат,,,не применимо,unknown,qwen_enrichment,qwen_enrichment,0.95,"В названии продукта и предоставленных атрибутах отсутствует явное указание на конкретное действующее вещество или витамин. Продукт классифицирован как парафармацевтик для поддержки ЖКТ, но его состав не определен в тексте.",,vitamin_or_baa,,enriched,prompt_enrichment_v1
21570,vitamin_or_baa,"ГАСТРОБЕНЕ ПЛЮС ТАБЛ. ЖЕВАТ. ПО 2,5Г №6 | КЕНДИ ООД | КЕНДИ ООД",,,Гастробене Плюс,комбинированный (в названии «Плюс»),,не применимо,unknown,qwen_enrichment,qwen_enrichment,0.5,"В названии продукта и предоставленных атрибутах отсутствуют явные указания на конкретные действующие вещества или витамины. Хотя слово «Плюс» может подразумевать комбинированный состав, без информации о компонентах невозможно определить доминирующий нутриент или подтвердить многокомпонентность.",,vitamin_or_baa,,enriched,prompt_enrichment_v1
21586,drug,ГАСИТ ТАБЛ. ЖЕВ. 680МГ+80МГ №32 | ОБНОВЛЕНИЕ ПФК АО | ОБНОВЛЕНИЕ ПФК АО,,otc,Гасит,комбинированный препарат,,otc,,qwen_enrichment,qwen_enrichment,0.85,"Товар является безрецептурным антацидным препаратом, что подтверждается формой выпуска и типичной классификацией подобных средств. Однако в предоставленных данных не указаны конкретные действующие вещества, поэтому МНН определить невозможно.",,drug,,enriched,prompt_enrichment_v1
21649,drug,ГАЛВУС МЕТ ТАБЛ. П/ПЛЕН/ОБ. 50МГ+1000МГ №30 | НОВАРТИС НЕВА ООО | НОВАРТИС НЕВА ООО,,рецептурный,Галвус Мет,комбинированный препарат,вильдаглиптин+метформин,rx,,qwen_enrichment,qwen_enrichment,0.95,"Препарат Галвус Мет является комбинированным средством для лечения сахарного диабета 2 типа, содержащим вилдаглиптин и метформин. Согласно базовым атрибутам и фармакологической практике, это рецептурный препарат.",,drug,,enriched,prompt_enrichment_v1
21938,drug,ВИУМКСИДИН Р-Р ДЛЯ В/ПОЛОСТН. ВВЕД. И НАРУЖ. ПРИМ. 10МГ/МЛ АМП. 10МЛ №10 | Армавирская биофабрика ФКП | Армавирская биофабрика ФКП,,рецептурный,ВИУМКСИДИН,монопрепарат,,unknown,,qwen_enrichment,qwen_enrichment,0.3,"Действующее вещество не указано в тексте и не может быть однозначно определено по названию «ВИУМКСИДИН», поэтому MNN оставлен равным null. Статус рецептурности (Rx/OTC) также неясен из предоставленных данных, несмотря на семантическую подсказку о принадлежности к антисептикам.",,drug,,enriched,prompt_enrichment_v1
21994,vitamin_or_baa,ВИТАУКТ УРОЛИТ Р-Р Д/ПРИЕМА ВНУТРЬ ФЛ. 350МЛ | ВИТАУКТ-ПРОМ ООО | ВИТАУКТ-ПРОМ ООО,,,Витаукт Уролит,,,не применимо,unknown,qwen_enrichment,qwen_enrichment,0.95,"В предоставленном тексте и базовых атрибутах не указано конкретное действующее вещество или состав продукта. Название «Уролит» указывает на терапевтическую направленность (урология), но не раскрывает нутриентный состав.",,vitamin_or_baa,,enriched,prompt_enrichment_v1
22393,drug,ВИЛЬПРАФЕН СОЛЮТАБ ТАБЛ. ДИСПЕРГ. 1000МГ №10 | ФАМАР ЛИОН | ФАМАР ЛИОН,,rx,Вильпрафен Солютаб,,джозамицин,rx,,qwen_enrichment,qwen_enrichment,0.95,Препарат Вильпрафен Солютаб является торговым названием джозамицина (макролидный антибиотик). Антибиотики отпускаются строго по рецепту врача.,,drug,,enriched,prompt_enrichment_v1
22428,vitamin_or_baa,ВИЗЛЕЯ КАПС. 810МГ №30 | CURTIS HEALTH CAPS SP. Z.O. PL | CURTIS HEALTH CAPS SP. Z.O. PL,,,ВИЗЛЕЯ,,,не применимо,unknown,qwen_enrichment,qwen_enrichment,0.95,"В предоставленном тексте и базовых атрибутах отсутствует информация о конкретном действующем веществе или составе продукта. Без указания нутриента невозможно определить ни МНН, ни тип комбинации.",,vitamin_or_baa,,enriched,prompt_enrichment_v1
22463,vitamin_or_baa,ВИЖУ ФОРТЕ BIOFORTE ЭКСТРАКТ ПЛОДОВ ЧЕРНИКИ С ЛЮТЕИНОМ КАПС. №30 | БАРНАУЛЬСКИЙ ЗАВОД МЕД.ПР-ТОВ | БАРНАУЛЬСКИЙ ЗАВОД МЕД.ПР-ТОВ,Комплекс,,BIOFORTE,комбинированный,Комплекс,не применимо,multicomponent,qwen_enrichment,qwen_enrichment,0.95,"Продукт содержит экстракт плодов черники и лютеин, что указывает на наличие нескольких активных компонентов без одного доминирующего нутриента из списка.",,vitamin_or_baa,,enriched,prompt_enrichment_v1
22677,drug,ВЕЛФЕРРУМ Р-Р ДЛЯ В/В ВВЕД. 20МГ/МЛ АМП. 5МЛ №5 | ВЕЛФАРМ ООО | ВЕЛФАРМ ООО,,rx,Велферрум,монопрепарат,,unknown,,qwen_enrichment,qwen_enrichment,0.3,"Действующее вещество явно не указано в предоставленном тексте, хотя название и форма введения указывают на препарат железа для парентерального применения. Без явного указания состава или официального источника невозможно точно определить МНН и статус отпуска.",,drug,,enriched,prompt_enrichment_v1
22701,drug,ВЕЛДЕКСАЛ ТАБЛ. П/ПЛЕН/ОБ. 25МГ №10 | ВЕЛФАРМ ООО | ВЕЛФАРМ ООО,,,Велдексал,,,unknown,,qwen_enrichment,qwen_enrichment,0.5,"В предоставленном тексте отсутствует информация о действующем веществе и рецептурном статусе препарата. Хотя торговое название «Велдексал» может указывать на конкретное вещество, без явного указания в тексте или внешних данных определять MNN и статус нельзя.",,drug,,enriched,prompt_enrichment_v1
22703,drug,"ВЕЛГИЯ Р-Р П/К ВВЕД. 2,4МГ/ДОЗА ШПРИЦ-РУЧКА 3МЛ №1+ИГЛА №5 | МЕДСИНТЕЗ ЗАВОД/БИОХИМИК АО | МЕДСИНТЕЗ ЗАВОД/БИОХИМИК АО",,rx,Велгия,монопрепарат,,unknown,,qwen_enrichment,qwen_enrichment,0.5,"Текст содержит только торговое название «Велгия» без указания действующего вещества, поэтому определить МНН невозможно. Хотя шприц-ручки обычно являются рецептурными, без точного знания состава или официальной классификации данного бренда статус отпуска не может быть подтвержден с высокой уверенностью.",,drug,,enriched,prompt_enrichment_v1
22881,drug,"ВАЛОКОРДИН ТАБЛ. 7,544МГ+7,544МГ №20 | УСОЛЬЕ-СИБИРСКИЙ ХИМИКО-ФАРМАЦЕВТИЧЕСКИЙ ЗАВОД АО | УСОЛЬЕ-СИБИРСКИЙ ХИМИКО-ФАРМАЦЕВТИЧЕСКИЙ ЗАВОД АО",,otc,Валокордин,комбинированный препарат (2 компонента),,unknown,,qwen_enrichment,qwen_enrichment,0.6,"Текст не содержит явного указания на международное непатентованное наименование (МНН), хотя препарат известен как комбинированный седативный. Без прямого упоминания состава в тексте или внешних знаний о конкретных дозировках невозможно точно подтвердить МНН и статус рецептурности.",,drug,,enriched,prompt_enrichment_v1
22890,drug,ВАЛИДОЛ ТАБЛ. П/ЯЗЫЧН. 60МГ №16 ОБНОВЛЕНИЕ | ОБНОВЛЕНИЕ ПФК АО | ОБНОВЛЕНИЕ ПФК АО,,otc,ВАЛИДОЛ,,ментол,otc,,qwen_enrichment,qwen_enrichment,0.95,"Валидол является торговым названием препарата, действующим веществом которого является ментол (в форме изовалериановой кислоты). Препарат относится к седативным средствам и отпускается без рецепта.",,drug,,enriched,prompt_enrichment_v1
22891,drug,ВАЛИДОЛ ТАБЛ. П/ЯЗЫЧН. 60МГ №10 ЮЖФАРМ | ЮЖФАРМ ООО | ЮЖФАРМ ООО,,otc,Валидол,,валидол,otc,,qwen_enrichment,qwen_enrichment,1.0,Название препарата «Валидол» является международным непатентованным наименованием (МНН) действующего вещества. Валидол относится к безрецептурным лекарственным средствам.,,drug,,enriched,prompt_enrichment_v1
22968,drug,ВАЛЕМИДИН ПЛЮС СИРОП БЕЗ САХАРА ФЛ. 100МЛ | ФАРМАМЕД ООО | ФАРМАМЕД ООО,,otc,Валемидин Плюс,да,,otc,,qwen_enrichment,qwen_enrichment,0.6,"Точный состав препарата Валемидин Плюс в предоставленном тексте не указан, поэтому международное непатентованное наименование (МНН) определить невозможно. Однако препарат относится к седативным средствам и выпускается в форме сиропа без сахара, что характерно для безрецептурных препаратов.",,drug,,enriched,prompt_enrichment_v1
23061,vitamin_or_baa,БЭБИ ФОРМУЛА МИШКИ СПОКОЙСТВИЕ ПАСТИЛКИ ЖЕВ. N60 | ЭВАЛАР ЗАО | ЭВАЛАР ЗАО | N60,,,Бэби Формула,,,не применимо,unknown,qwen_enrichment,qwen_enrichment,0.95,"В предоставленном тексте и базовых атрибутах не указаны конкретные действующие вещества или нутриенты, только указано назначение (успокоительное действие). Без явного перечня компонентов невозможно определить доминирующий ингредиент или подтвердить многокомпонентность.",,vitamin_or_baa,,enriched,prompt_enrichment_v1
23099,drug,БУТАДИОН-АЛИУМ ТАБЛ. 150МГ №20 | АЛИУМ АО | АЛИУМ АО,,rx,Бутадион-Алиум,монопрепарат,фенилбутазон,rx,,qwen_enrichment,qwen_enrichment,0.95,Торговое название «Бутадион» является производным от международного непатентованного наименования фенилбутазон. Фенилбутазон относится к нестероидным противовоспалительным средствам и отпускается строго по рецепту.,,drug,,enriched,prompt_enrichment_v1
23155,vitamin_or_baa,"БРУСНИКИ ЛИСТЬЯ СЕРДЦЕ КОНТИНЕНТА Ф/П 1,5Г №20 ЗДОРОВЬЕ | ЗДОРОВЬЕ ФИРМА ООО | ЗДОРОВЬЕ ФИРМА ООО",,,Сердце Континента,,,не применимо,unknown,qwen_enrichment,qwen_enrichment,0.95,"Продукт представляет собой растительное сырье (листья брусники), а не выделенный нутриент или витамин из списка. Поскольку это монокомпонентный растительный экстракт, но ключевой ингредиент не относится к перечню витаминов и специфических нутриентов, mnn установлен в null.",,vitamin_or_baa,,enriched,prompt_enrichment_v1
23183,vitamin_or_baa,"БРОНХОМИШКА ПОР. Д/Р-РА Д/ПРИЕМА ВНУТРЬ ПАК. 1,47Г №15 | МЕЛИГЕН ФП | МЕЛИГЕН ФП",,,Бронхомишка,,,не применимо,unknown,qwen_enrichment,qwen_enrichment,0.95,"В предоставленном тексте и базовых атрибутах не указано конкретное действующее вещество или состав продукта, поэтому определить ключевой нутриент невозможно. Продукт относится к парафармацевтикам с неизвестным компонентным составом.",,vitamin_or_baa,,enriched,prompt_enrichment_v1
23276,vitamin_or_baa,БРЕЙНМАКС КАПС. 250МГ+250МГ №60 | Биохимик АО | Биохимик АО,,,БРЕЙНМАКС,комбинированный,,не применимо,unknown,qwen_enrichment,qwen_enrichment,0.5,"В предоставленном тексте не указаны конкретные действующие вещества или состав продукта, поэтому невозможно определить ключевой нутриент. Хотя продукт классифицируется как комплексный, отсутствие данных о компонентах требует установки значения unknown для комбинации.",,vitamin_or_baa,,enriched,prompt_enrichment_v1
23368,vitamin_or_baa,БОРОВАЯ МАТКА ФОРТЕ ТАБЛ. №30 | ИНАТ-ФАРМА ООО | ИНАТ-ФАРМА ООО,,,Боровая матка Форте,монокомпонентный,,не применимо,unknown,qwen_enrichment,qwen_enrichment,0.6,"Продукт основан на растительном сырье (боровая матка), которое не входит в список конкретных нутриентов или витаминов для извлечения mnn. Хотя продукт является монокомпонентным по составу сырья, он не соответствует критериям для присвоения значения mnn.",,vitamin_or_baa,,enriched,prompt_enrichment_v1
23381,vitamin_or_baa,БОРОВАЯ МАТКА БИОКОР НАПИТОК ЧАЙНЫЙ ТРАВЯНОЙ 25Г | Биокор ЗАО | Биокор ЗАО,,,Биокор,false,,не применимо,unknown,qwen_enrichment,qwen_enrichment,0.95,"Продукт представляет собой травяной чай на основе боровой матки (растительное сырье), а не конкретный выделенный нутриент или витамин из списка (например, Омега-3, Таурин). Поскольку это растительный комплекс без указания доминирующего изолированного вещества, определить mnn как конкретную молекулу невозможно.",,vitamin_or_baa,,enriched,prompt_enrichment_v1
23510,vitamin_or_baa,БИФИСТИМ ФОРТЕ КАПС. №10 | В-МИН+ ООО | В-МИН+ ООО,,,Бифистим Форте,,,не применимо,unknown,qwen_enrichment,qwen_enrichment,0.2,"В названии и описании товара не указан конкретный нутриент или витамин, а состав продукта не раскрыт. Несмотря на то, что продукт относится к эубиотикам, это не является ключевым нутриентом из требуемого списка.",,vitamin_or_baa,,enriched,prompt_enrichment_v1
23645,drug,БИСОМОР ТАБЛ. П/ПЛЕН/ОБ. 5МГ №30 | ЭДЖ ФАРМА ПРАЙВЕТ ЛИМИТЕД | ЭДЖ ФАРМА ПРАЙВЕТ ЛИМИТЕД,,rx,Бисомор,,бисопролол,rx,,qwen_enrichment,qwen_enrichment,0.95,"Торговое название «Бисомор» является производным от международного непатентованного наименования бисопролол, что подтверждается дозировкой и формой выпуска для лечения сердечно-сосудистых заболеваний. Препараты бета-адреноблокаторов в таких дозировках являются рецептурными.",,drug,,enriched,prompt_enrichment_v1
24070,drug,БЕТАДИН СУПП. ВАГ. 200МГ №7 | ЭГИС ФАРМАЦЕВТИЧЕСКИЙ ЗАВОД ЗАО | ЭГИС ФАРМАЦЕВТИЧЕСКИЙ ЗАВОД ЗАО,,otc,Бетадин,нет,повидон-йод,otc,,qwen_enrichment,qwen_enrichment,0.95,"Препарат Бетадин является известным торговым названием средства на основе повидон-йода. Согласно базовым атрибутам и общедоступной информации, препарат относится к безрецептурным антисептикам.",,drug,,enriched,prompt_enrichment_v1
24163,drug,"БЕРГОЛАК ТАБЛ. 0,5МГ №2 | ВЕРОФАРМ ООО | ВЕРОФАРМ ООО",,рецептурный,Берголак,,,unknown,,qwen_enrichment,qwen_enrichment,0.5,"Текст содержит только торговое название и дозировку, международное непатентованное наименование (МНН) явно не указано и не может быть однозначно определено без внешних знаний о составе препарата Берголак. Хотя в базовых атрибутах указан статус рецептурного, для строгого следования правилу не изобретать МНН и определять статус только по тексту, результат остается неопределенным.",,drug,,enriched,prompt_enrichment_v1
24340,drug,"БЕКЛАЗОН ЭКО АЭРОЗ. Д/ИНГ. ДОЗИР. 100МКГ/ДОЗА БАЛЛОН 200ДОЗ | НОРТОН (ВОТЕРФОРД) ЛТД, ВЫСТУПАЮЩИЙ ПОД ТОРГОВЫМ НАИМЕНОВАНИЕМ АЙВЭКС ФАРМАСЬЮТИКАЛС ИРЛАНДИЯ, ВЫСТУПАЮЩИЙ ПОД ТОРГОВЫМ НАИМЕНОВАНИЕМ ТЕВА ФАРМАСЬЮТИК | НОРТОН (ВОТЕРФОРД) ЛТД, ВЫСТУПАЮЩИЙ ПОД ТОРГОВЫМ НАИМЕНОВАНИЕМ АЙВЭКС ФАРМАСЬЮТИКАЛС ИРЛАНДИЯ, ВЫСТУПАЮЩИЙ ПОД ТОРГОВЫМ НАИМЕНОВАНИЕМ ТЕВА ФАРМАСЬЮТИК",,rx,Беклазон Эко,монопрепарат,беклометазон,rx,,qwen_enrichment,qwen_enrichment,0.95,Торговое название «Беклазон» является производным от международного непатентованного наименования беклометазон (глюкокортикостероид для ингаляций). Ингаляционные глюкокортикостероиды относятся к рецептурным препаратам.,,drug,,enriched,prompt_enrichment_v1
24594,vitamin_or_baa,БАБУШКИНО ЛУКОШКО ЧАЙ ДЛЯ КОРМЯЩИХ МАМ С АНИСОМ Ф/П 1Г №20 | ФАУСТОВО | ФАУСТОВО,,,Бабушкино лукошко,комбинированный,,не применимо,unknown,qwen_enrichment,qwen_enrichment,0.95,"Продукт представляет собой растительный чай с анисом, который не содержит указанных в списке ключевых витаминов или нутриентов (например, Омега-3, Коэнзим Q10). Поскольку состав является многокомпонентным травяным сбором и доминирующий отдельный нутриент не выделен, точное определение mnn невозможно.",,vitamin_or_baa,,enriched,prompt_enrichment_v1
24824,drug,АФОБАЗОЛ РЕТАРД ТАБЛ. С МОДИФ. ВЫСВ. П/ПЛЕН/ОБ. 30МГ №20 ОТИСИФАРМ | ОТИСИФАРМ ПРО АО | ОТИСИФАРМ ПРО АО,,без рецепта,Афобазол Ретард,монопрепарат,фабомотизол,otc,,qwen_enrichment,qwen_enrichment,0.95,Торговое название «Афобазол» однозначно соответствует международному непатентованному наименованию (МНН) фабомотизол. Препарат относится к анксиолитикам и отпускается без рецепта.,,drug,,enriched,prompt_enrichment_v1
24830,drug,АФЛУБИН ТАБЛ. П/ЯЗЫЧН. ГОМЕОП. №12 | РИХАРД БИТТНЕР АГ | РИХАРД БИТТНЕР АГ,,otc,Афлубин,,,otc,,qwen_enrichment,qwen_enrichment,0.85,"Препарат «Афлубин» является гомеопатическим средством, состав которого не указан в тексте, поэтому MNN определить невозможно. Гомеопатические препараты обычно отпускаются без рецепта, что подтверждается атрибутом Sem.",,drug,,enriched,prompt_enrichment_v1
24893,drug,АТОРИКА ТАБС ТАБЛ. П/ПЛЕН/ОБ. 120МГ №7 | Канонфарма | Канонфарма,,otc,Аторика,,,unknown,,qwen_enrichment,qwen_enrichment,0.2,"Торговое название «Аторика» не позволяет однозначно определить международное непатентованное наименование (МНН), так как оно может соответствовать разным действующим веществам или быть новым брендом без явной привязки к МНН в тексте. Хотя товар отнесен к анальгетикам-антипиретикам, дозировка 120 мг и отсутствие прямого указания на вещество делают определение статуса рецептурности ненадежным.",,drug,,enriched,prompt_enrichment_v1
25286,vitamin_or_baa,АСКОРБИНКА ФАРМ-ТИГОДА ТАБЛ. ЖЕВАТ. СО ВКУСОМ КЛУБНИКИ №10 | ФАРМ-ТИГОДА ООО | ФАРМ-ТИГОДА ООО,Аскорбиновая кислота,,Аскорбинка,,Аскорбиновая кислота,не применимо,monocomponent,qwen_enrichment,qwen_enrichment,1.0,"Продукт содержит только аскорбиновую кислоту (витамин C) в качестве активного вещества, что подтверждается названием и описанием. Это монокомпонентное средство.",,vitamin_or_baa,,enriched,prompt_enrichment_v1
25422,drug,АРТОКСАН ГЕЛЬ Д/НАРУЖ. ПРИМ. 1% ТУБА 45Г | УОРЛД МЕДИЦИН ИЛАЧ САН. ВЕ ТИДЖ. А.Ш. | УОРЛД МЕДИЦИН ИЛАЧ САН. ВЕ ТИДЖ. А.Ш.,,otc,Артоксан,,,unknown,,qwen_enrichment,qwen_enrichment,0.5,"Торговое название 'Артоксан' может соответствовать разным действующим веществам (например, диклофенак или другие НПВС), но в предоставленном тексте состав не указан, поэтому МНН определить невозможно. Статус отпуска (рецептурный или безрецептурный) для данного конкретного бренда и формы выпуска также не подтвержден текстом.",,drug,,enriched,prompt_enrichment_v1
25459,drug,АРОМАЗИН ТАБЛ. П/О 25МГ №30 | ПФАЙЗЕР ИТАЛИЯ С.Р.Л. | ПФАЙЗЕР ИТАЛИЯ С.Р.Л.,,рецептурный,Аромазин,монопрепарат,летрозол,rx,,qwen_enrichment,qwen_enrichment,0.95,"Препарат Аромазин является торговым названием лекарственного средства с международным непатентованным наименованием (МНН) летрозол. Согласно предоставленному описанию, это рецептурный гормональный противоопухолевый препарат.",,drug,,enriched,prompt_enrichment_v1
25630,vitamin_or_baa,АНТИГРИППИН-ЭКСПРЕСС ПОР. Д/Р-РА Д/ПРИЕМА ВНУТРЬ ЧЕРНАЯ СМОРОДИНА ПАК. №9 | ФАРМВИЛАР НПО/ ФАРМ. ФАБРИКА САНКТ-ПЕТЕРСБУРГА | ФАРМВИЛАР НПО/ ФАРМ. ФАБРИКА САНКТ-ПЕТЕРСБУРГА,,,Антигриппин-Экспресс,,,не применимо,unknown,qwen_enrichment,qwen_enrichment,0.95,"В названии продукта и описании не указано конкретное действующее вещество или витамин, только торговое название и вкусовая добавка (черная смородина). Согласно базовым атрибутам, в тексте отсутствуют данные о МНН и дозировке, поэтому определить ключевой нутриент невозможно.",,vitamin_or_baa,,enriched,prompt_enrichment_v1
25642,drug,АНТИГРИППИН ТАБЛ. ШИПУЧ. 500МГ+10МГ+200МГ №10 АПЕЛЬСИН | НАТУР ПРОДУКТ ФАРМА СП.ЗО.О. | НАТУР ПРОДУКТ ФАРМА СП.ЗО.О.,,otc,Антигриппин,комбинированный препарат,,otc,,qwen_enrichment,qwen_enrichment,0.65,"Текст не содержит явного указания на международное непатентованное наименование (МНН) активных веществ, поэтому оно оставлено равным null. Препарат относится к безрецептурным средствам для симптоматического лечения ОРВИ.",,drug,,enriched,prompt_enrichment_v1
25644,drug,АНТИГРИППИН ПОР. Д/Р-РА Д/ПРИЕМА ВНУТРЬ 500МГ+10МГ+200МГ РОМАШКА ПАК. 5Г №10 | НАТУР ПРОДУКТ ФАРМА СП.ЗО.О. | НАТУР ПРОДУКТ ФАРМА СП.ЗО.О.,,безрецептурный,Антигриппин,комбинированный,,unknown,,qwen_enrichment,qwen_enrichment,0.4,"Товар назван «Антигриппин», но в тексте не указаны действующие вещества, а бренд может относиться к разным составам (например, парацетамол или растительные компоненты). Без явного указания состава и статуса рецептурности в предоставленных данных определить МНН и категорию отпуска невозможно.",,drug,,enriched,prompt_enrichment_v1
25702,drug,АНГИОРУС ТАБЛ. П/ПЛЕН/ОБ. 50МГ+450МГ №60 | СИНТЕЗ | СИНТЕЗ,,,Ангиорус,комбинированный,,unknown,,qwen_enrichment,qwen_enrichment,0.5,"Торговое название «Ангиорус» не позволяет однозначно определить международное непатентованное наименование (МНН) без доступа к базе данных состава, так как оно может соответствовать разным комбинациям веществ. Информация о рецептурном статусе в предоставленном тексте отсутствует.",,drug,,enriched,prompt_enrichment_v1
25783,drug,АНАЛЬГИН ТАБЛ. 500МГ №30 ФАРМСТАНДАРТ | ФАРМСТАНДАРТ-ЛЕКСРЕДСТВА ОАО | ФАРМСТАНДАРТ-ЛЕКСРЕДСТВА ОАО,,otc,Анальгин,,метамизол натрия,otc,,qwen_enrichment,qwen_enrichment,0.95,Торговое название «Анальгин» является устоявшимся синонимом международного непатентованного наименования метамизол натрия. Препарат относится к безрецептурным анальгетикам-антипиретикам.,,drug,,enriched,prompt_enrichment_v1
26071,drug,АМИНАЗИН ТАБЛ. П/ПЛЕН/ОБ. 25МГ №10 ВАЛЕНТА | ВАЛЕНТА ФАРМ АО | ВАЛЕНТА ФАРМ АО,,rx,Аминазин,монопрепарат,хлорпромазин,rx,,qwen_enrichment,qwen_enrichment,0.95,Торговое название Аминазин однозначно соответствует международному непатентованному наименованию хлорпромазин. Препарат относится к антипсихотическим средствам и отпускается строго по рецепту.,,drug,,enriched,prompt_enrichment_v1
26172,drug,"АЛЬФОСФАЛЬ ГЕЛЬ Д/ПРИЕМА ВНУТРЬ ПАКЕТ 2,08Г №6 | КАНОНФАРМА ПРОДАКШН ЗАО | КАНОНФАРМА ПРОДАКШН ЗАО",,otc,Альфосфаль,монопрепарат,,otc,,qwen_enrichment,qwen_enrichment,0.6,"Текст не содержит явного указания на международное непатентованное наименование (МНН), поэтому оно оставлено пустым. Препарат отпускается без рецепта, что подтверждается его классификацией как антацидного средства.",,drug,,enriched,prompt_enrichment_v1
26410,drug,АЛЛОХОЛ ТАБЛ. П/О №50 ВИФИТЕХ | ВИФИТЕХ | ВИФИТЕХ,,otc,Аллохол,true,аллохол,otc,,qwen_enrichment,qwen_enrichment,1.0,"Препарат «Аллохол» является комбинированным желчегонным средством, где действующим веществом (МНН) также называется аллохол. Согласно предоставленному описанию и стандартной практике, данный препарат отпускается без рецепта.",,drug,,enriched,prompt_enrichment_v1
26540,drug,АЛГЕЗИР УЛЬТРА ТАБЛ. П/ПЛЕН/ОБ. 275МГ №10 | ОБОЛЕНСКОЕ ФП АО | ОБОЛЕНСКОЕ ФП АО,,otc,Алгезир Ультра,false,,unknown,,qwen_enrichment,qwen_enrichment,0.4,"Торговое название «Алгезир Ультра» не содержит явных указаний на международное непатентованное наименование (МНН), поэтому определить действующее вещество невозможно. Хотя препарат относится к обезболивающим средствам, без точного состава нельзя однозначно подтвердить его статус как безрецептурного.",,drug,,enriched,prompt_enrichment_v1
26690,vitamin_or_baa,АКТИФРУТ ГЕМАТОГЕН ФОРТЕ ДЕТСКИЙ 40Г | МЯСНОЙ КРАЙ ООО | МЯСНОЙ КРАЙ ООО,,,Актифрут,,,не применимо,unknown,qwen_enrichment,qwen_enrichment,0.95,"В предоставленном тексте и описании не указаны конкретные действующие вещества или витамины, так как активный состав гематогена раскрыт не был. Без явного указания доминирующего нутриента невозможно определить МНН или тип комбинации.",,vitamin_or_baa,,enriched,prompt_enrichment_v1
26747,drug,"АКРИДЕРМ ГК КРЕМ Д/НАРУЖ. ПРИМ. 0,05%+0,1%+1% ТУБА 30Г | АКРИХИН ХФК АО | АКРИХИН ХФК АО",,рецептурный,Акридерм ГК,комбинированный (3 компонента),бетаметазон+гентамицин+клотримазол,rx,,qwen_enrichment,qwen_enrichment,0.95,"Торговое наименование Акридерм ГК соответствует комбинации бетаметазона (глюкокортикостероид), гентамицина (антибиотик) и клотримазола (противогрибковое). Комбинация этих активных веществ является рецептурным препаратом.",,drug,,enriched,prompt_enrichment_v1
26877,drug,АКВАДЕТРИМ ТАБЛ. РАСТВОРИМ. 2000МЕ №60 | АКРИХИН ХФК АО | АКРИХИН ХФК АО,,безрецептурный,Аквадетрим,,холекальциферол,otc,,qwen_enrichment,qwen_enrichment,0.95,"Препарат Аквадетрим является известным торговым названием холекальциферола (витамина D3), что подтверждается дозировкой в МЕ и формой выпуска. Препарат относится к безрецептурным средствам.",,drug,,enriched,prompt_enrichment_v1
27085,vitamin_or_baa,АД НОРМА КАПС. №60 | ВИС ООО | ВИС ООО,,,АД НОРМА,,,не применимо,unknown,qwen_enrichment,qwen_enrichment,0.0,"В предоставленном тексте не указаны действующие вещества или состав продукта, поэтому невозможно определить ключевой нутриент или тип комбинации.",,vitamin_or_baa,,enriched,prompt_enrichment_v1
27124,drug,АГРИ ДЕТСКИЙ ТАБЛ. ГОМЕОП. №40 | МАТЕРИА МЕДИКА ХОЛДИНГ НПФ | МАТЕРИА МЕДИКА ХОЛДИНГ НПФ,,безрецептурный,Агри Детский,гомеопатический комплекс,,otc,,qwen_enrichment,qwen_enrichment,0.95,"Препарат является гомеопатическим средством, для которого не применяется международное непатентованное наименование (МНН) в классическом понимании, поэтому поле mnn оставлено пустым. Согласно тексту и общим правилам, гомеопатические препараты относятся к безрецептурным.",,drug,,enriched,prompt_enrichment_v1
27307,vitamin_or_baa,"VITIME GUMMY ПРЕБИОТИК ПАСТИЛКИ ЖЕВ. СО ВКУСОМ МАЛИНЫ ПО 2,5Г №30 | ВТФ ООО | ВТФ ООО",,,VITIME,,,не применимо,unknown,qwen_enrichment,qwen_enrichment,0.85,"В названии продукта указан общий класс вещества «Пребиотик», но конкретное действующее вещество (например, инулин или псиллиум) не раскрыто. Поскольку точный состав не определен, невозможно выделить доминирующий нутриент из списка.",,vitamin_or_baa,,enriched,prompt_enrichment_v1
27357,vitamin_or_baa,TETRALAB ХРОМ ХЕЛАТ ГЛИЦИНАТ ТАБЛ. 170МГ №90 | КВАДРАТ-С ООО | КВАДРАТ-С ООО,Хром,,TETRALAB,монопрепарат,Хром,не применимо,monocomponent,qwen_enrichment,qwen_enrichment,1.0,"Продукт содержит единственный активный нутриент — хром в форме хелата глицината, что подтверждается названием и семантическим описанием.",,vitamin_or_baa,,enriched,prompt_enrichment_v1
27638,vitamin_or_baa,L-МЕТИЛФОЛАТ ТАБЛ. П/О ПО 165МГ №90 КВАДРАТ-С | КВАДРАТ-С ООО | КВАДРАТ-С ООО,L-метилфолат,,,монокомпонентный,L-метилфолат,не применимо,monocomponent,qwen_enrichment,qwen_enrichment,1.0,"В названии продукта явно указан единственный активный нутриент — L-метилфолат. Семантический анализ подтверждает, что это монокомпонентная добавка.",,vitamin_or_baa,,enriched,prompt_enrichment_v1
27860,vitamin_or_baa,GLS ВИТЕКС КАПС. ПО 320МГ №60 | ГЛОБАЛ ХЭЛФКЕАР ООО | ГЛОБАЛ ХЭЛФКЕАР ООО,,,GLS,монокомпонентный,,не применимо,unknown,qwen_enrichment,qwen_enrichment,0.95,"Действующее вещество витекс (Vitex agnus-castus) является растительным экстрактом и не входит в перечень ключевых нутриентов или витаминов. Согласно заданию, для БАД без доминирующего нутриента из списка следует установить mnn=null.",,vitamin_or_baa,,enriched,prompt_enrichment_v1
27882,vitamin_or_baa,GLS АРТУРОН КАПС. 500МГ №50 | ГЛОБАЛ ХЭЛФКЕАР ООО | ГЛОБАЛ ХЭЛФКЕАР ООО,,,Артурон,,,не применимо,unknown,qwen_enrichment,qwen_enrichment,0.95,"В предоставленном тексте и базовых атрибутах не указан конкретный состав продукта, поэтому невозможно определить ключевой нутриент или классифицировать его как моно- или многокомпонентный.",,vitamin_or_baa,,enriched,prompt_enrichment_v1
27992,vitamin_or_baa,"DR. MYBO ПСИЛЛИУМ КАПС. ПО 0,475Г №90 | УДАЧА ООО | УДАЧА ООО",Псиллиум,,DR. MYBO,монокомпонентный,Псиллиум,не применимо,monocomponent,qwen_enrichment,qwen_enrichment,1.0,"В названии продукта явно указан псиллиум как единственный активный компонент. Семантическое описание подтверждает, что это монокомпонентная БАД.",,vitamin_or_baa,,enriched,prompt_enrichment_v1
28282,vitamin_or_baa,AWOCHACTIVE КОЛЛАГЕН МОРСКОЙ КАПС. ПО 770МГ №60 | АРСЕНАЛ АТЛЕТА ООО | АРСЕНАЛ АТЛЕТА ООО,Коллаген,,AWOCHACTIVE,монокомпонентный,Коллаген,не применимо,monocomponent,qwen_enrichment,qwen_enrichment,1.0,"В названии продукта явно указан морской коллаген как единственное действующее вещество. Семантическое описание подтверждает, что это монокомпонентный препарат.",,vitamin_or_baa,,enriched,prompt_enrichment_v1
