normalized_text,attr_mnn,attr_rx_otc,mnn_uteka,rx_uteka,mnn_asna,rx_asna,mnn_apteka,rx_apteka,mnn_vidal,rx_vidal,mnn_stolichki,rx_stolichki,win_mnn,win_rx_otc,product_id,run_id,product_kind,attr_brand,attr_dosage_form,attr_dosage,attr_administration_route,semantic_explanation,qwen_search_status,qwen_search_mnn
АСКОРУТИН 50мг+50мг N50 таб. Фармцентр вилар АО | Фармцентр Вилар АО | Фармцентр Вилар АО | N50,,otc,,,Аскорбиновая кислота+Рутозид,otc,"Аскорбиновая кислота, Рутозид",,Аскорбиновая кислота,otc,,,"Аскорбиновая кислота, Рутозид",otc,19,331,drug,Аскорутин,таблетки,50мг+50мг,перорально,"В тексте указано торговое название «Аскорутин», форма «таблетки», дозировка 50мг+50мг и упаковка N50. Активные вещества явно не перечислены, поэтому МНН не заполнен. Препарат относится к ангиопротекторам и отпускается без рецепта.",found,Аскорбиновая кислота + Рутозид
"БИФРАДУАЛ 0,25мг/мл + 0,5мг/мл 20мл р-р д/ингаляций ЮжФарм ООО | ЮжФарм ООО | ЮжФарм ООО",,rx,,,Ипратропия бромид + Фенотерол,rx,"Фенотерол, Ипратропия бромид",rx,Фенотерол,rx,,,"Фенотерол, Ипратропия бромид",rx,41,332,drug,Бифрадуал,раствор,"0,25 мг/мл + 0,5 мг/мл",ингаляционно,"Препарат представляет собой комбинированный раствор для ингаляций с двумя действующими веществами, но их МНН в тексте не указаны. По названию, концентрации и лекарственной форме это бронхолитическое средство. Упаковка — 20 мл.",found,Ипратропия бромид + Фенотерол
КОЛИСТИН 80мг (1000000 ЕД) N28 порошок д/приготовления р-ра д/ингаляций Кселлия Фармасьютикалс АпС | Кселлия фармасьютикалс АпС | Кселлия фармасьютикалс АпС | N28,Колистин,rx,,,,,Колистиметат натрия,rx,,,,,Колистиметат натрия,,46,332,drug,,порошок,80 мг (1 000 000 ЕД),ингаляционно,"Препарат представляет собой антибиотик колистин в форме порошка для ингаляционного раствора. Дозировка указана как 80 мг (1 000 000 ЕД), упаковка — N28. Явного детского сигнала нет, поэтому возрастной сегмент принят как взрослый.",found,колистиметат натрия
"БИСОМОР 2,5мг N30 таб. покрытые пленочной оболочкой Эдж Фарма Прайвет | Эдж Фарма Прайвет Лимитед | Эдж Фарма Прайвет Лимитед | N30",,рецептурный,Бисопролол,rx,Бисопролол,rx,Бисопролол,rx,Бисопролол,rx,,,Бисопролол,rx,55,332,drug,Бисомор,таблетки,"2,5 мг",перорально,"Препарат БИСОМОР представлен таблетками в пленочной оболочке по 2,5 мг, в упаковке 30 штук. Это рецептурное сердечно-сосудистое средство, предположительно относящееся к бета-адреноблокаторам; МНН в тексте не указан.",found,Бисопролол
ДИКЛОФАРМ 25мг/мл 3мл N5 р-р для в/м введения ВетПром АД | ВетПром АД | ВетПром АД | N5,,rx,Диклофенак,rx,Диклофенак,otc,Диклофенак,rx,Диклофенак,otc,,,Диклофенак,rx,67,333,drug,Диклофарм,раствор,25 мг/мл,внутримышечно,"В наименовании указаны концентрация, объём, лекарственная форма и способ введения — раствор для внутримышечного введения. Действующее вещество как МНН в тексте явно не читается, поэтому МНН не заполнен. Возрастных детских сигналов нет, поэтому для типичного инъекционного препарата указан возрастной сегмент «взрослые».",found,диклофенак
ТИГАЦИЛ 50мг N10 лиофилизат д/приготовления р-ра д/инфузий Wyeth Lederle S.p.A | Wyeth lederle Spa | Wyeth lederle Spa | N10,,рецептурный,Тигециклин,rx,,,,,Тигециклин,rx,,,Тигециклин,rx,91,334,drug,Тигацил,лиофилизат,50 мг,внутривенно,"Препарат Тигацил представлен лиофилизатом для приготовления раствора для инфузий, дозировка 50 мг, в упаковке N10. В тексте не указано МНН, поэтому mnn=null. По названию и лекарственной форме определён рецептурный антибактериальный препарат для внутривенного введения.",found,тигециклин
"МЕКСИКОР 50мг/мл 5мл N20 р-р для в/в и в/м введения ГосЗМП, ФГУП | Госзмп ФГУП | Госзмп ФГУП | N20",,рецептурный,Этилметилгидроксипиридина сукцинат,rx,Этилметилгидроксипиридина сукцинат,rx,,,Этилметилгидроксипиридина сукцинат,rx,,,Этилметилгидроксипиридина сукцинат,rx,145,334,drug,Мексикор,раствор,50 мг/мл,внутримышечно,"В названии указан торговый бренд «Мексикор» и лекарственная форма, но действующее вещество явно не читается, поэтому МНН не заполнен. Препарат представляет собой инъекционный раствор, что указывает на рецептурный отпуск и путь введения в/в и в/м; в упаковке 20 ампул по 5 мл.",found,этилметилгидроксипиридина сукцинат
ЮНИДОКС СОЛЮТАБ ТАБЛ. ДИСПЕРГ. 100МГ №20 | ЗИО-ЗДОРОВЬЕ ЗАО | ЗИО-ЗДОРОВЬЕ ЗАО,,rx,Доксициклин,rx,Доксициклин,rx,Доксициклин,rx,Доксициклин,rx,,,Доксициклин,rx,310,334,drug,Юнидокс Солютаб,таблетки,100 мг,перорально,"Юнидокс Солютаб — торговое название препарата с действующим веществом доксициклин, антибиотиком из группы тетрациклинов. Препарат применяется внутрь, выпускается в форме диспергируемых таблеток по 100 мг и отпускается по рецепту.",found,Доксициклин
ЭФФЕРАЛГАН ТАБЛ. ШИПУЧ. 500МГ №16 | УПСА САС | УПСА САС,,otc,Парацетамол,otc,Парацетамол,otc,Парацетамол,,Парацетамол,otc,,,Парацетамол,otc,358,334,drug,Эффералган,таблетки,500 мг,перорально,"По тексту определен препарат Эффералган в форме шипучих таблеток 500 мг, упаковка №16. Действующее вещество в названии не указано, поэтому МНН не заполняется. Препарат относится к анальгетикам-антипиретикам, отпускается без рецепта и предназначен для взрослых.",found,парацетамол
ЭТОРЕЛЕКС ТАБЛ. П/ПЛЕН/ОБ. 90МГ №28 | ФАРМАСИНТЕЗ АО | ФАРМАСИНТЕЗ АО,,rx,Эторикоксиб,rx,Эторикоксиб,rx,Эторикоксиб,rx,Эторикоксиб,rx,,,Эторикоксиб,rx,459,334,drug,Эторелекс,таблетки,90 мг,перорально,"В тексте указано торговое наименование, лекарственная форма и дозировка, но действующее вещество явно не приведено. Судя по названию и форме, это рецептурный препарат для взрослых, применяемый внутрь.",found,Эторикоксиб
ЭНАП ТАБЛ. 5МГ №20 | КРКА-РУС ООО | КРКА-РУС ООО,,rx,Эналаприл,rx,Эналаприл,rx,Эналаприл,rx,Эналаприл,rx,,,Эналаприл,rx,711,335,drug,Энап,таблетки,5 мг,перорально,"Энап 5 мг №20 — рецептурный препарат, принимаемый внутрь, в форме таблеток. Относится к антигипертензивным средствам (ингибиторам АПФ), однако МНН по тексту не указан, поэтому оставлен пустым.",found,Эналаприл
ЭМСИБЕЛ Р-Р Д/ИН. 10МГ/МЛ АМП. 1МЛ №10 | БЕЛМЕДПРЕПАРАТЫ РУП | БЕЛМЕДПРЕПАРАТЫ РУП,,rx,Метилэтилпиридинол,rx,Метилэтилпиридинол,rx,Метилэтилпиридинол,rx,Метилэтилпиридинол,rx,,,Метилэтилпиридинол,rx,780,335,drug,ЭМСИБЕЛ,раствор,10 мг/мл,инъекционное,"В тексте указаны только торговое название и форма выпуска, действующее вещество не раскрыто, поэтому МНН и нозология не заполнены. Препарат представляет собой раствор для инъекций в ампулах по 1 мл №10 с концентрацией 10 мг/мл. Отпуск типично рецептурный, возрастной сегмент — взрослые.",found,Метилэтилпиридинол
ЭЛИДЕЛ КРЕМ Д/НАРУЖ. ПРИМ. 1% ТУБА 15Г | МЕДА МАНУФАКЧУРИНГ | МЕДА МАНУФАКЧУРИНГ,,рецептурный,Пимекролимус,rx,Пимекролимус,rx,Пимекролимус,rx,Пимекролимус,rx,,,Пимекролимус,rx,905,335,drug,Элидел,крем,1%,наружно,"По наименованию определён бренд «Элидел», лекарственная форма «крем» и концентрация 1%; наружное применение указано в тексте. Действующее вещество в названии не указано, поэтому МНН не заполнен. Препарат относится к рецептурным дерматологическим средствам, явных возрастных ограничений в тексте нет.",found,пимекролимус
ЭКОФУЦИН СУПП. ВАГ. 100МГ №3 | ///АВВА РУС АО | ///АВВА РУС АО,,otc,Натамицин,otc,,,,,Натамицин,otc,,,Натамицин,otc,988,335,drug,Экофуцин,,100 мг,ректально,"Экофуцин — противогрибковые вагинальные суппозитории по 100 мг, упаковка №3. МНН в тексте не указан, поэтому не заполнен. Препарат применяется вагинально и предназначен для взрослых.",found,Натамицин
ЭВАМЕНОЛ НАЗО КАПЛИ НАЗ. 1%+3% ФЛ-КАП. 12МЛ | МОСКОВСКАЯ ФФ | МОСКОВСКАЯ ФФ,,otc,,,Левоментол+Фенилсалицилат,otc,"Фенилсалицилат, Левоментол",,Levomenthol,otc,,,"Левоментол, Фенилсалицилат",otc,1256,336,drug,Эваменол Назо,капли,1%+3%,назальный,"Это назальные капли, форма и путь введения читаются в тексте. Активные вещества отдельно не указаны (только концентрации 1%+3%), поэтому МНН оставлен пустым. Препарат отнесён к безрецептурным симптоматическим средствам для взрослых.",found,левоментол + фенилсалицилат
ЭЙФА АЦ ГРАН. Д/Р-РА Д/ПРИЕМА ВНУТРЬ 200МГ ПАК-САШЕ №20 | ОБНОВЛЕНИЕ ПФК АО | ОБНОВЛЕНИЕ ПФК АО,,otc,Ацетилцистеин,otc,,,,,Ацетилцистеин,otc,,,Ацетилцистеин,otc,1114,335,drug,Эйфа АЦ,гранулы,200 мг,перорально,"Препарат в форме гранул для приготовления раствора для приема внутрь, 200 мг в пак-саше. По сокращению «АЦ» в названии и форме выпуска определено действующее вещество ацетилцистеин (муколитик). Возрастная группа не уточнена, поэтому выбран типичный для ЛС взрослый сегмент.",found,Ацетилцистеин
ШПРИЦ ОДНОРАЗ. 3-Х КОМП. 20МЛ LUER-SLIP ИГЛА ПРИЛОЖ. 21G №1 VM | VOGT MEDICAL | VOGT MEDICAL | 21 G,,,,,,,,,,,,,,,1347,336,drug,VOGT MEDICAL,,20 мл,инъекционное,"Одноразовый шприц объёмом 20 мл с иглой 21G, марка VOGT MEDICAL. Это медицинское изделие, поэтому МНН и фармакологическая группа не применимы. Возрастная категория не указана и для инструмента не важна.",not_found,
ШПРИЦ ИНСУЛИН. U-40 ОДНОРАЗ. 3-Х КОМП. 1МЛ ИГЛА 26G №1 SFM | СФМ ГОСПИТАЛ ПРОДАКТС ГМБХ | СФМ ГОСПИТАЛ ПРОДАКТС ГМБХ | 26 G,,,,,,otc,,,,,,,,,1384,336,drug,SFM,,"1 мл, U-40",подкожно,"Товар представляет собой одноразовый инсулиновый шприц U-40 объёмом 1 мл с иглой 26G. Это медицинское изделие, поэтому МНН, рецептурность и нозология не применимы. Возрастная привязка отсутствует.",not_found,
"ШПРИЦ ИНСУЛИН. МИКРО-ФАЙН ПЛЮС U-100 3-Х КОМП. 0,5МЛ ИГЛА 29G №10 | БЕКТОН ДИКИНСОН | БЕКТОН ДИКИНСОН | 29 G",,,,,,,,,,,,,,,1379,336,drug,Бектон Дикинсон,,"0,5 мл; игла 29G",подкожно,"Это инсулиновый шприц объёмом 0,5 мл с иглой 29G, в упаковке №10. МНН, нозология и категория отпуска для данного товара неприменимы. Возрастных ограничений нет.",not_found,
ШПРИЦ ИНЕКТА ИНСУЛИН. ОДНОРАЗ. 3-КОМП. 1МЛ ИГЛА 26G №1 | БЕЙДЖИНГ ФОРНЁРС МЕДИКАЛ ЭКВИПМЕНТ КО. | БЕЙДЖИНГ ФОРНЁРС МЕДИКАЛ ЭКВИПМЕНТ КО. | 26 G,,,,,,,,,,,,,,,1402,336,drug,Инекта,,1 мл; игла 26G,инъекционное,"Инсулиновый одноразовый шприц объемом 1 мл с иглой 26G, упаковка №1. МНН, рецептурный статус, нозология и комбинация не применимы для данного товара.",not_found,
ЦИННАБСИН ТАБЛ. Д/РАССАС. ГОМЕОП. №100 | ДОЙЧЕ ХОМЕОПАТИ-УНИОН ДХУ | ДОЙЧЕ ХОМЕОПАТИ-УНИОН ДХУ,,otc,,otc,,,,,,otc,,,,otc,1800,337,drug,Циннабсин,таблетки,,перорально,"Из текста извлекаются форма выпуска (таблетки для рассасывания) и количество (№100). Активное вещество не указано, поэтому МНН не определяется. Гомеопатический препарат, без детских указаний, поэтому возрастная группа — взрослые.",not_found,
ЦЕРЕБРОЛИЗАТ Р-Р ДЛЯ В/М ВВЕД. АМП. 1МЛ №10 БЕЛМЕДПРЕПАРАТЫ | БЕЛМЕДПРЕПАРАТЫ РУП | БЕЛМЕДПРЕПАРАТЫ РУП,,rx,Мозга крупного рогатого скота гидролизат,rx,,,,,,rx,,,Мозга крупного рогатого скота гидролизат,rx,1989,337,drug,Церебролизат,раствор,1 мл,внутримышечно,"Препарат «Церебролизат» выпускается в виде раствора для внутримышечного введения в ампулах по 1 мл, упаковка №10. МНН в названии не указано, поэтому mnn не заполнен; по применению это ноотропное средство, отпускается по рецепту.",found,Мозга крупного рогатого скота гидролизат
ХОНСАТ Р-Р ДЛЯ В/М ВВЕД. 100МГ/МЛ АМП. 2МЛ №5 | Армавирская биологическая фабрика/Эллара ООО | Армавирская биологическая фабрика/Эллара ООО,,rx,Хондроитина сульфат,rx,Хондроитина сульфат,rx,,,Хондроитина сульфат натрия,rx,,,Хондроитина сульфат,rx,2148,337,drug,Хонсат,раствор,100 мг/мл,внутримышечно,"Судя по названию и лекарственной форме, это инъекционный хондропротектор: раствор для в/м введения 100 мг/мл в ампулах по 2 мл №5. Действующее вещество в тексте не указано, поэтому МНН не заполнен. Препарат отпускается по рецепту.",found,Хондроитина сульфат
ХЛОРОФИЛЛИПТ ТАБЛ. Д/РАССАС. 25МГ №20 ВИФИТЕХ | ВИФИТЕХ | ВИФИТЕХ,,без рецепта,Эвкалипта листьев экстракт,otc,Эвкалипта листьев экстракт,otc,,,Листья эвкалипта,otc,,,Эвкалипта листьев экстракт,otc,2249,338,drug,Хлорофиллипт,таблетки,25 мг,сублингвально,"Идентифицированы таблетки для рассасывания 25 мг, упаковка №20. МНН в тексте не указан, поэтому оставлен null. Препарат без рецепта, детский возрастной сигнал отсутствует, указан типичный сегмент — взрослые.",found,хлорофиллипт
ФУРАЦИЛИН ТАБЛ. Д/Р-РА Д/МЕСТН. И НАРУЖ. ПРИМ. 20МГ №10 ИРБИТСКИЙ ХФЗ | ИРБИТСКИЙ ХИМЗАВОД ОАО | ИРБИТСКИЙ ХИМЗАВОД ОАО,,otc,Нитрофурал,otc,,,,,Прокаин,otc,,,,otc,2630,338,drug,,таблетки,20 мг,наружно,"Препарат Фурацилин (нитрофурал) — антисептик, выпускается в форме таблеток для приготовления раствора для местного и наружного применения. Дозировка 20 мг, в упаковке 10 таблеток, отпускается без рецепта. Возрастной сегмент — взрослые.",found,нитрофурал
ФОСФОГЛИВ КАПС. №96 | ФАРМСТАНДАРТ-ЛЕКСРЕДСТВА ОАО | ФАРМСТАНДАРТ-ЛЕКСРЕДСТВА ОАО,,otc,Глицирризиновая кислота + Фосфолипиды,otc,Фосфолипиды + Глицирризиновая кислота,otc,"Фосфолипиды, Глицирризиновая кислота",rx,,otc,,,"Глицирризиновая кислота, Фосфолипиды",otc,2811,338,drug,Фосфоглив,капсулы,,перорально,"Препарат распознан как Фосфоглив в форме капсул, упаковка №96. Это комбинированный гепатопротектор без явного указания МНН в тексте, поэтому МНН не заполнено.",found,Глицирризиновая кислота + Фосфолипиды
ФУРАЦИЛИН ПОР. Д/Р-РА Д/МЕСТН. И НАРУЖ. ПРИМ. 20МГ ПАКЕТ №10 МЕЛИГЕН | МЕЛИГЕН ФП | МЕЛИГЕН ФП,,otc,Нитрофурал,otc,Витамин Е + Ретинол,otc,,,,,,,,otc,2640,338,drug,Мелиген ФП,порошок,20 мг,наружно,"Текст однозначно указывает на препарат Фурацилин (нитрофурал) в форме порошка для приготовления раствора для местного и наружного применения в пакетах №10 по 20 мг. Это безрецептурный антисептик, монокомпонентный; бренд/производитель — Мелиген ФП.",found,Нитрофурал
"ФОРМИСОНИД ПОР. Д/ИНГ. ДОЗИР. 160МКГ+4,5МКГ/ДОЗА №60 С ИНГАЛЯТОРОМ | ФАРМСТАНДАРТ-ЛЕКСРЕДСТВА ОАО | ФАРМСТАНДАРТ-ЛЕКСРЕДСТВА ОАО",,rx,,,Будесонид + Формотерол,rx,"Будесонид, Формотерол",rx,Будесонид,rx,,,"Будесонид, Формотерол",rx,2930,339,drug,Формисонид,порошок,"160 мкг + 4,5 мкг/доза",ингаляционно,"Препарат представляет собой дозированный порошок для ингаляций с комбинированной дозировкой 160+4,5 мкг/доза, в упаковке 60 доз с ингалятором. Явное МНН в тексте не указано, поэтому mnn не заполнен. Это рецептурное ингаляционное средство.",found,будесонид + формотерол
ФОРОЗА ТАБЛ. П/ПЛЕН/ОБ. 70МГ №12 НОВАРТИС | НОВАРТИС НЕВА ООО | НОВАРТИС НЕВА ООО,,rx,Алендроновая кислота,rx,Алендроновая кислота,rx,Алендроновая кислота,rx,Алендроновая кислота,rx,,,Алендроновая кислота,rx,2906,338,drug,Фороза,таблетки,70 мг,перорально,"Препарат «Фороза» выпускается в таблетках, покрытых плёночной оболочкой, по 70 мг, в упаковке №12. Действующее вещество в тексте не указано, поэтому mnn и nosology не заполнены. Это рецептурный препарат для приёма внутрь у взрослых.",found,алендроновая кислота
ФОРМИДРОН Р-Р Д/НАРУЖ. ПРИМ. СПИРТ. ФЛ. 50МЛ ЯРОСЛАВСКАЯ ФФ | ЯРОСЛАВСКАЯ ФФ | ЯРОСЛАВСКАЯ ФФ,,otc,Формальдегид,otc,Формальдегид,otc,Формальдегид,,Формальдегид,otc,,,Формальдегид,otc,2936,339,drug,Формидрон,раствор,,наружно,"Формидрон представлен как спиртовой раствор для наружного применения во флаконе 50 мл. Действующее вещество по МНН в тексте не указано, поэтому mnn не заполнен. Средство относится к безрецептурным антисептикам и типично используется у взрослых.",found,Формальдегид
ФЛУИМУЦИЛ-АНТИБИОТИК ИТ ЛИОФ. Д/Р-РА Д/ИН. И ИНГ. 500МГ ФЛ. №3 С РАСТВОРИТЕЛЕМ | ЗАМБОН С.П.А. | ЗАМБОН С.П.А.,,rx,Тиамфеникола глицинат ацетилцистеинат,rx,,,,,"Тиамфеникол, глицинат ацетилцистеинат",rx,,,Тиамфеникола глицинат ацетилцистеинат,rx,3080,339,drug,Флуимуцил-антибиотик ИТ,лиофилизат,500 мг,ингаляционно,"Препарат идентифицирован по торговому названию и лекарственной форме: лиофилизат для приготовления раствора для инъекций и ингаляций, дозировка 500 мг, в комплекте с растворителем. Действующее вещество в тексте явно не указано, поэтому МНН не заполнено. Наличие слова «антибиотик» и инъекционной/ингаляционной формы позволяет отнести средство к антибиотикам, отпускаемым по рецепту.",found,Тиамфеникола глицинат ацетилцистеинат
"ФЛАМАДЕКС ГЕЛЬ Д/НАРУЖН. ПРИМ. 2,5% ТУБА 50Г | ФАРМВИЛАР НПО ООО | ФАРМВИЛАР НПО ООО",,rx,Декскетопрофен,otc,Декскетопрофен,otc,Декскетопрофен,,Декскетопрофен,otc,,,Декскетопрофен,otc,3216,339,drug,Фламадекс,гель,"2,5%",наружно,"Гель для наружного применения с концентрацией 2,5% в тубе 50 г. В тексте указан только бренд и форма, поэтому МНН не заполнено. Учитывая область применения, отнесено к нестероидным противовоспалительным средствам для взрослых.",found,Декскетопрофен
ФЛИКСОТИД АЭРОЗ. Д/ИНГАЛ. ДОЗИР. 250МКГ/ДОЗА ФЛ. 60ДОЗ | ГЛАКСО ВЭЛЛКОМ С.А. | ГЛАКСО ВЭЛЛКОМ С.А.,,rx,Флутиказон,rx,Флутиказон,rx,Флутиказон,rx,Флутиказон,rx,,,Флутиказон,rx,3169,339,drug,Фликсотид,аэрозоль,250 мкг/доза,ингаляционно,"ФЛИКСОТИД — ингаляционный глюкокортикостероид в форме дозированного аэрозоля. Действующее вещество в тексте не читается, поэтому МНН не указан. Дозировка и форма введены из текста.",found,флутиказона пропионат
УРОНОРМИН-Ф ПОР. Д/Р-РА Д/ПРИЕМА ВНУТРЬ 3Г ПАК. 8Г №2 | ФАРМСТАНДАРТ-ЛЕКСРЕДСТВА ОАО | ФАРМСТАНДАРТ-ЛЕКСРЕДСТВА ОАО,,rx,Фосфомицин,rx,Фосфомицин,rx,Фосфомицин,rx,Фосфомицин,rx,,,Фосфомицин,rx,3939,340,drug,Уронормин-Ф,порошок,3 г,перорально,"В тексте явно указаны форма, дозировка и упаковка. Действующее вещество как МНН не читается, поэтому mnn не заполнен. Название и урологический профиль позволяют предположить назначение при инфекциях мочевыводящих путей, а лекарственная форма характерна для рецептурного препарата.",found,Фосфомицин
"ТУДЖЕО СОЛО СТАР Р-Р ДЛЯ П/К ВВЕД. 300ЕД/МЛ КАРТРИДЖ В ШПРИЦ-РУЧКЕ 1,5МЛ №5 | САНОФИ-АВЕНТИС ДОЙЧЛАНД ГМБХ/САНОФИ-АВЕНТИС ВОСТОК ЗАО | САНОФИ-АВЕНТИС ДОЙЧЛАНД ГМБХ/САНОФИ-АВЕНТИС ВОСТОК ЗАО",,rx,,,,,,,,,,,,,4271,340,drug,Туджео Соло Стар,раствор,300 ЕД/мл,подкожно,"Товар — раствор для подкожного введения Туджео СолоСтар, по бренду относится к сахароснижающим средствам. Действующее вещество в тексте явно не указано, поэтому mnn оставлен пустым. Отпускается по рецепту, упаковка — картридж в шприц-ручке 1,5 мл №5.",found,инсулин гларгин
"ТРИНЕЙРО ТАБЛ. П/ПЛЕН/ОБ. 200МГ+100МГ+0,2МГ №60 | МАРБИОФАРМ ОАО | МАРБИОФАРМ ОАО",,otc,,,Пиридоксин+Тиамин+Цианокобаламин,rx,,,,rx,,,"Пиридоксин, Тиамин, Цианокобаламин",rx,4383,341,drug,Тринейро,таблетки,"200 мг + 100 мг + 0,2 мг",перорально,"По тексту и фирменному названию это комбинированный нейротропный комплекс витаминов группы B в таблетках по 200 мг + 100 мг + 0,2 мг. МНН не указан явно, поэтому заполнен как null. Рецептурность и возраст явно не указаны; для таблетированного витаминного комплекса приняты типичные взрослый сегмент и безрецептурная продажа.",found,Пиридоксин + Тиамин + Цианокобаламин
ТРИМЕТАЗИДИН МВ РЕНЕВАЛ ТАБЛ. ПРОЛОНГ. ВЫСВ. П/ПЛЕН/ОБ. 35МГ №60 | ОБНОВЛЕНИЕ ПФК АО | ОБНОВЛЕНИЕ ПФК АО,Триметазидин,rx,Триметазидин,rx,Нафазолин,otc,"Ацетилсалициловая кислота, Аскорбиновая кислота",,Розувастатин,rx,,,,rx,4399,341,drug,Реневал,таблетки,35 мг,перорально,"В названии явно указано действующее вещество триметазидин, лекарственная форма и дозировка. Препарат рецептурный, применяется внутрь. Отнесён к взрослой возрастной группе.",found,триметазидин
ТРИМЕКТАЛ МВ ТАБЛ. МОДИФ. ВЫСВ. П/ПЛЕН/ОБ. 35МГ №120 ВЕРТЕКС | ВЕРТЕКС АО | ВЕРТЕКС АО,,rx,Триметазидин,rx,Триметазидин,rx,Триметазидин,rx,Триметазидин,rx,,,Триметазидин,rx,4409,341,drug,Тримектал МВ,таблетки,35 мг,перорально,"В тексте указано торговое наименование Тримектал МВ, форма выпуска и дозировка; МНН явно не приведено, поэтому mnn не заполнен. Препарат определен как рецептурное антиангинальное средство для взрослых, упаковка 120 таблеток.",found,триметазидин
ТРЕСИБА Р-Р ДЛЯ П/К ВВЕД. 100ЕД/МЛ КАРТРИДЖ В ШПРИЦ-РУЧКЕ ФЛЕКСПЕН 3МЛ №5 | НОВО НОРДИКС А/С | НОВО НОРДИКС А/С,,rx,Инсулин деглудек,rx,Инсулин деглудек,rx,Инсулин деглудек,rx,Инсулин деглудек,rx,,,Инсулин деглудек,rx,4448,341,drug,Тресиба,раствор,100 ЕД/мл,подкожно,"Раствор для подкожного введения в шприц-ручке ФлексПен, дозировка 100 ЕД/мл. МНН в тексте не указано явно, поэтому оставлено null; бренд Тресиба относится к рецептурным инсулинам, возрастной сегмент — взрослые.",found,инсулин деглудек
ТРАВОКОРТ КРЕМ Д/НАРУЖ. ПРИМ. 1МГ+10МГ/Г ТУБА 15Г | ЛЕО ФАРМА МАНУФЭКЧУРИНГ ИТАЛИ С.Р.Л. | ЛЕО ФАРМА МАНУФЭКЧУРИНГ ИТАЛИ С.Р.Л.,,rx,Дифлукортолон + Изоконазол,rx,,,,,Изоконазол,rx,,,"Изоконазол, Дифлукортолон",rx,4502,341,drug,Травокорт,крем,1 мг+10 мг/г,наружно,"В тексте указан крем для наружного применения Травокорт с дозировкой 1 мг+10 мг/г в тубе 15 г. Название является брендом, а действующие вещества явно не названы, поэтому МНН не заполнен. Препарат без детских сигналов отнесён к взрослым.",found,дифлукортолон+изоконазол
ТОРВАКАРД ТАБЛ. П/ПЛЕН/ОБ. 20МГ №90 | САНЕКА ФАРМАСЬЮТИКАЛС А.С. | САНЕКА ФАРМАСЬЮТИКАЛС А.С.,,рецептурный,Аторвастатин,rx,Аторвастатин,rx,Аторвастатин,rx,Аторвастатин,rx,,,Аторвастатин,rx,4552,341,drug,Торвакард,таблетки,20 мг,перорально,"По тексту определены торговое наименование, лекарственная форма, дозировка и количество в упаковке. МНН в тексте не указано, поэтому заполнено как null; нозология и рецептурный статус определены по известному терапевтическому профилю препарата.",found,Аторвастатин
ТОРАКСОЛ СОЛЮШН ТАБЛЕТС ТАБЛ. ДИСПЕРГ. 60МГ №10 | ОЗОН ООО | ОЗОН ООО,,,Амброксол,otc,Амброксол,otc,Амброксол,,Амброксол,otc,,,Амброксол,otc,4611,341,drug,Тораксол,таблетки,60 мг,перорально,"Препарат представлен как диспергируемые таблетки 60 мг, упаковка №10. Действующее вещество в тексте не указано, поэтому МНН и нозология не определяются.",found,Амброксол
"ТОЛПЕРИЗОН+ЛИДОКАИН-БИНЕРГИЯ Р-Р ДЛЯ В/М ВВЕД. 100МГ/МЛ+2,5МГ/МЛ АМП. 1МЛ №10 | КУРСКАЯ БИОФАБРИКА - ФИРМА БИОК ФГУП | КУРСКАЯ БИОФАБРИКА - ФИРМА БИОК ФГУП",Толперизон + Лидокаин,rx,,,Гидрокортизон* + Лидокаин,rx,Ницерголин,rx,Доксазозин,rx,,,,rx,4693,341,drug,Бинергия,раствор,"100 мг/мл + 2,5 мг/мл",внутримышечно,"По названию определены комбинированный состав (толперизон + лидокаин), бренд «Бинергия», форма выпуска — раствор для внутримышечного введения, концентрация и упаковка по 10 ампул по 1 мл. Препарат является рецептурным лекарственным средством.",found,Толперизон+Лидокаин
ТОКСИКОДЕНДРОН КВЕРЦИФОЛИУМ (РУС ТОКСИКОДЕНДРОН) С30 ГРАН. ГОМЕОП. 5Г | ДОКТОР Н ООО | ДОКТОР Н ООО,Токсикодендрон кверцифолиум,otc,,otc,,,,,,,,,,,4719,342,drug,,гранулы,С30,перорально,"Гомеопатический препарат с явно указанным действующим веществом, формой «гранулы гомеопатические» и разведением С30, упаковка 5 г. Показания и возраст в тексте не указаны, поэтому часть атрибутов определена по общим правилам.",not_found,
ТИОЦЕТАМ Р-Р ДЛЯ В/В И В/М ВВЕД. 25МГ/МЛ+100МГ/МЛ АМП. 5МЛ №10 | ОЗОН ООО | ОЗОН ООО,,rx,,,,,,,Пирацетам,rx,,,Пирацетам,,4741,342,drug,Тиоцетам,раствор,25 мг/мл + 100 мг/мл,внутримышечно,"В тексте указано торговое наименование, концентрация, форма выпуска и путь введения, но действующие вещества явно не названы, поэтому МНН и нозология не заполнены. Препарат является комбинированным и рецептурным.",found,Морфолиния тиазотат+Пирацетам
"ТИЗОПТАН КАПЛИ ГЛАЗН. 0,3МГ/МЛ+5МГ/МЛ ФЛ. 3МЛ №1 | СЕНТИСС ФАРМА ПВТ. ЛТД. | СЕНТИСС ФАРМА ПВТ. ЛТД.",,rx,Биматопрост + Тимолол,rx,Биматопрост* + Тимолол,rx,"Биматопрост, Тимолол",rx,Тимолол,rx,,,"Тимолол, Биматопрост",rx,4808,342,drug,Тизоптан,капли,"0,3 мг/мл + 5 мг/мл",офтальмологический,"Комбинированные глазные капли «Тизоптан»; в тексте указаны только торговое название, концентрации и объём, без МНН. Препарат относится к противоглаукомным средствам и отпускается по рецепту.",found,Биматопрост + Тимолол
ТИМОГЕН Р-Р ДЛЯ В/М ВВЕД. 100МКГ/МЛ АМП. 1МЛ №5 | ЦИТОМЕД МБНПК | ЦИТОМЕД МБНПК,,rx,Альфа-глутамил-триптофан,rx,Альфа-глутамил-триптофан,rx,Альфа-глутамил-триптофан,rx,Альфа-глутамил-триптофан,rx,,,Альфа-глутамил-триптофан,rx,4782,342,drug,Тимоген,раствор,100 мкг/мл,внутримышечно,"Препарат Тимоген выпускается в виде раствора для внутримышечного введения в ампулах по 1 мл с концентрацией 100 мкг/мл. МНН в тексте явно не указан, поэтому оставлен пустым. Возрастных указаний нет, для типичного лекарственного средства выбран взрослый сегмент.",found,альфа-глутамил-триптофан
ТЕРБИНАФИН КРЕМ Д/НАРУЖ. ПРИМ. 1% ТУБА 30Г ОКСФОРД ЛАБОРАТОРИЗ | ОКСФОРД ЛАБОРАТОРИЗ ПВТ. ЛТД | ОКСФОРД ЛАБОРАТОРИЗ ПВТ. ЛТД,Тербинафин,otc,Тербинафин,otc,,,Тербинафин,,,,,,Тербинафин,,4977,342,drug,,крем,1%,наружно,"Препарат содержит тербинафин в форме 1% крема для наружного применения, применяется при грибковых инфекциях кожи. Отпускается без рецепта.",found,тербинафин
"ТЕРАФЛЮ ОТ ГРИППА И ПРОСТУДЫ ПОР. Д/Р-РА Д/ПРИЕМА ВНУТРЬ ЛИМОН ПАК. 22,1Г №10 | ГКС КОНСЬЮМЕР ХЕЛС ИНК./ФАМАР ОРЛЕАН | ГКС КОНСЬЮМЕР ХЕЛС ИНК./ФАМАР ОРЛЕАН",,безрецептурный,Парацетамол + Фенирамин + Фенилэфрин,otc,Парацетамол+Фенилэфрин+Фенирамин+Аскорбиновая кислота,otc,"Парацетамол, Аскорбиновая кислота, Фенирамин, Фенилэфрин",,,otc,,,"Парацетамол, Фенилэфрин, Фенирамин, Аскорбиновая кислота",otc,4998,342,drug,Терафлю,порошок,,перорально,"Наименование и форма выпуска указывают на противопростудное средство для приема внутрь. Действующие вещества в тексте не приведены, поэтому МНН и дозировка активного компонента не заполнены. Препарат отпускается без рецепта.",found,Парацетамол+Фенилэфрин+Фенирамин+Аскорбиновая кислота
ТЕМПОНОРМ ФЛЮ ПОР. Д/Р-РА Д/ПРИЕМА ВНУТРЬ 325МГ+10МГ+20МГ+50МГ ПАК. №5 | ФАРМВИЛАР НПО ООО | ФАРМВИЛАР НПО ООО,,безрецептурный,,,Парацетамол+Фенилэфрин+Фенирамин+Аскорбиновая кислота,otc,,,,otc,,,"Парацетамол, Фенилэфрин, Фенирамин, Аскорбиновая кислота",otc,5083,342,drug,Темпонорм Флю,порошок,325 мг + 10 мг + 20 мг + 50 мг,перорально,"Комбинированный порошок для приема внутрь применяется при симптомах простуды/ОРВИ; в тексте указаны только дозировки без названий действующих веществ, поэтому МНН не заполнен. Явных возрастных маркеров нет, но для типичного средства от простуды выбрано взрослое применение. Препарат относится к безрецептурным симптоматическим средствам.",found,парацетамол + фенилэфрин + фенирамин + аскорбиновая кислота
"ТЕВАГРАСТИМ Р-Р ДЛЯ В/В П/К ВВЕД. 60 МЛН.МЕ/МЛ ШПРИЦ 0,8МЛ №1+УСТР. БЕЗОП. ИГЛ | ТЕВА ФАРМАЦЕВТИЧЕСКИЕ ПРЕДПРИЯТИЯ ЛТД. | ТЕВА ФАРМАЦЕВТИЧЕСКИЕ ПРЕДПРИЯТИЯ ЛТД.",,рецептурный,,,Филграстим,rx,Филграстим,rx,Филграстим,rx,,,Филграстим,rx,5181,342,drug,Теваграстим,раствор,60 млн МЕ/мл,внутривенно,"Препарат Теваграстим — раствор для внутривенного и подкожного введения в шприце 0,8 мл с концентрацией 60 млн МЕ/мл и устройством безопасности иглы. МНН в тексте не указан, поэтому поле mnn оставлено пустым. Отпускается по рецепту.",found,Филграстим
СТРЕГА ТАБС ТАБЛ. П/ПЛЕН/ОБ. 5МГ №7 | Синтон Испания С.Л. | Синтон Испания С.Л.,,rx,Левоцетиризин,otc,,,Левоцетиризин,,Левоцетиризин,otc,,,Левоцетиризин,otc,5672,343,drug,Стрега табс,таблетки,5 мг,перорально,"В тексте указаны торговая марка «Стрега табс», лекарственная форма «таблетки, покрытые пленочной оболочкой», дозировка 5 мг и упаковка №7. Действующее вещество явно не приведено, поэтому МНН не заполнен. Препарат относится к урологическим лекарственным средствам, принимается внутрь и предназначен для взрослых.",found,Левоцетиризин
СУПРИМА-БРОНХО СИРОП ФЛ. 100МЛ | ШРЕЯ ЛАЙФ САЕНСИЗ ПВТ.ЛТД | ШРЕЯ ЛАЙФ САЕНСИЗ ПВТ.ЛТД,,otc,,otc,,,"Дихлорбензиловый спирт, Амилметакрезол",,,otc,,,"Дихлорбензиловый спирт, Амилметакрезол",otc,5429,342,drug,Суприма-Бронхо,сироп,,перорально,"Препарат представлен как сироп от кашля, применяется внутрь. Явных действующих веществ в тексте нет, поэтому МНН не указано. Возраст явно не обозначен; по умолчанию для типичного лекарственного средства выбран сегмент взрослые.",not_found,
"СПАЗМОФАРМ Р-Р ДЛЯ В/М ВВЕД. 500МГ/МЛ+2МГ/МЛ+0,02МГ/МЛ АМП. 5МЛ №10 | ВетПром АД | ВетПром АД",,rx,,,Метамизол натрия + Питофенон + Фенпивериния бромид,rx,,,Метамизол натрия,rx,,,"Метамизол натрия, Питофенон, Фенпивериния бромид",rx,6000,343,drug,Спазмофарм,раствор,"500 мг/мл + 2 мг/мл + 0,02 мг/мл",внутримышечно,"Препарат — раствор для внутримышечного введения, содержащий три компонента в мг/мл, но их названия в тексте не указаны. Название и форма указывают на спазмолитическое средство, а производитель ВетПром позволяет предположить ветеринарное применение.",found,метамизол натрия + питофенон + фенпивериния бромид
СИНУСЭФРИН СПРЕЙ НАЗ. ФЛ. 15МЛ | ТУЛЬСКАЯ ФАРМАЦЕВТИЧЕСКАЯ ФАБРИКА ООО | ТУЛЬСКАЯ ФАРМАЦЕВТИЧЕСКАЯ ФАБРИКА ООО,,otc,Дексаметазон + Неомицин + Полимиксин B + Фенилэфрин,rx,Дексаметазон* + Неомицин* + Полимиксин B* + Фенилэфрин,rx,"Неомицин, Полимиксин В, Дексаметазон, Фенилэфрин",rx,,rx,,,"Дексаметазон, Неомицин, Фенилэфрин, Полимиксин B",rx,6569,344,drug,Синусэфрин,спрей,,назальный,"В тексте указаны торговое название, лекарственная форма и путь введения, но не указано действующее вещество, поэтому МНН не заполнен. Препарат относится к типичным безрецептурным назальным средствам от насморка.",found,Дексаметазон + Неомицин + Полимиксин B + Фенилэфрин
СИНТОМИЦИН ЛИНИМЕНТ 10% ТУБА 25Г НИЖФАРМ | НИЖФАРМ ОА | НИЖФАРМ ОА,,otc,"D,L-хлорамфеникол",otc,"Хлорамфеникол [D,L]",rx,,,Хлорамфеникол,rx,,,"Хлорамфеникол [D,L]",rx,6583,344,drug,Синтомицин,,10%,наружно,"Торговое наименование «Синтомицин», лекарственная форма — линимент 10% в тубе 25 г. Средство применяется наружно, отпускается без рецепта. В названии нет однозначного МНН, поэтому mnn не указан.",found,Хлорамфеникол
"СИНАФЛАН МАЗЬ Д/НАРУЖ. ПРИМ. 0,025% ТУБА 10Г МУРОМСКИЙ ПСЗ | МУРОМСКИЙ ПЗ | МУРОМСКИЙ ПЗ",,rx,Флуоцинолона ацетонид,otc,Флуоцинолона ацетонид,otc,Флуоцинолона ацетонид,,Флуоцинолона ацетонид,otc,,,Флуоцинолона ацетонид,otc,6613,344,drug,Синафлан,мазь,"0,025%",наружно,"Препарат Синафлан представлен как мазь для наружного применения с концентрацией 0,025%. Указана форма выпуска в тубе 10 г. Является монопрепаратом без явных детских сигналов, поэтому возрастной сегмент — взрослые.",found,Флуоцинолона ацетонид
СИАЛОР (ПРОТАРГОЛ) 2% 10МЛ ТАБЛЕТКА+РАСТВОРИТЕЛЬ КАПЛИ | ОБНОВЛЕНИЕ ПФК АО | ОБНОВЛЕНИЕ ПФК АО,,otc,Серебра протеинат,otc,Серебра протеинат,otc,Серебра протеинат,,Серебра протеинат,otc,,,Серебра протеинат,otc,6872,345,drug,Сиалор,таблетки,2%,назальный,"Сиалор (Протаргол) содержит серебра протеинат и применяется интраназально как антисептик при ЛОР-заболеваниях. Отпускается без рецепта, возрастной сигнал отсутствует, поэтому выбран сегмент взрослые.",found,серебра протеинат
СИАВЕЛЛ ТАБЛ. П/ПЛЕН/ОБ. 20МГ №1 | Велфарм ООО | Велфарм ООО,,rx,Тадалафил,rx,,,,,Тадалафил,rx,,,Тадалафил,rx,6877,345,drug,Сиавелл,таблетки,20 мг,перорально,"В тексте указаны торговое название «Сиавелл», форма «таблетки, покрытые пленочной оболочкой», дозировка 20 мг и упаковка №1. Действующее вещество не названо, поэтому mnn не заполнен; препарат относится к урологическим средствам и принимается внутрь.",found,тадалафил
"СЕПТОЛЕТЕ ТОТАЛ ТАБЛ. Д/РАССАС. 3МГ+1МГ ЛИМОН-БУЗИНА №8 | КРКА, Д.Д., НОВО МЕСТО АО | КРКА, Д.Д., НОВО МЕСТО АО",,безрецептурный,Бензидамин+Цетилпиридиния хлорид,otc,Цетилпиридиния хлорид*+бензидамин,otc,"Цетилпиридиния хлорид, Бензидамин",,Цетилпиридиния хлорид,otc,,,"Цетилпиридиния хлорид, Бензидамин",otc,6937,345,drug,Септолете Тотал,таблетки,3 мг + 1 мг,перорально,"В тексте указаны торговое наименование, форма, дозировка и количество в упаковке. Действующие вещества явно не названы, поэтому МНН не заполнено. Препарат относится к безрецептурным средствам для горла.",found,бензидамин + цетилпиридиния хлорид
САНДРА ТАБЛ. П/ЯЗЫЧН. ГОМЕОП. 250МГ №30 | ВИЛАР ФАРМЦЕНТР | ВИЛАР ФАРМЦЕНТР,,otc,,,,otc,,,,otc,,,,otc,7283,345,drug,Сандра,таблетки,250 мг,сублингвально,"В названии указаны гомеопатические подъязычные таблетки Сандра, 250 мг, №30. Действующее вещество не приведено, поэтому МНН и показание не определены; возрастной сигнал отсутствует.",not_found,
"РИНОМАРИС СПРЕЙ НАЗ. 0,1% ФЛ. 15МЛ | ЯДРАН-ГАЛЕНСКИ ЛАБОРАТОРИЙ А.О. | ЯДРАН-ГАЛЕНСКИ ЛАБОРАТОРИЙ А.О.",,otc,Ксилометазолин,otc,Ксилометазолин,otc,"Натрия гиалуронат, Ксилометазолин",,Ксилометазолин,otc,,,Ксилометазолин,otc,8018,346,drug,Риномарис,спрей,"0,1%",назальный,"Товар идентифицирован как назальный спрей Риномарис с концентрацией 0,1%. Действующее вещество не указано в тексте, поэтому МНН оставлен пустым. Препарат относится к деконгестантам, применяется назально, у взрослых.",found,Ксилометазолин
РИНИКОЛД ХОТКАП ПОР. Д/Р-РА Д/ПРИЕМА ВНУТРЬ ЛИМОН САШЕ 5Г №10 | ШРЕЯ ЛАЙФ САЕНСИЗ ПВТ.ЛТД | ШРЕЯ ЛАЙФ САЕНСИЗ ПВТ.ЛТД,,otc,Кофеин + Парацетамол + Фенилэфрин + Фенирамин,otc,,,"Парацетамол, Кофеин, Фенирамин, Фенилэфрин",,,otc,,,"Кофеин, Парацетамол, Фенилэфрин, Фенирамин",otc,8030,346,drug,Риниколд Хоткап,порошок,5 г,перорально,"Комбинированный препарат для симптоматического лечения простуды и ОРВИ, выпускается в виде порошка для приема внутрь. В тексте не указаны действующие вещества, поэтому МНН оставлено пустым. Отпускается без рецепта.",found,Кофеин+Парацетамол+Фенилэфрин+Фенирамин
РИНЗА КИДС ПОР. Д/Р-РА Д/ПРИЕМА ВНУТРЬ МАЛИНА ПАК-САШЕ ПО 3Г №10 | ЮНИК ФАРМАСЬЮТИКАЛ ЛАБОРАТОРИЗ (ОТДЕЛЕНИЕ ФИРМЫ ДЖ.Б.КЕМИКАЛС ЭНД ФАРМАСЬЮТИКАЛС ЛТД) | ЮНИК ФАРМАСЬЮТИКАЛ ЛАБОРАТОРИЗ (ОТДЕЛЕНИЕ ФИРМЫ ДЖ.Б.КЕМИКАЛС ЭНД ФАРМАСЬЮТИКАЛС ЛТД),,безрецептурный,Парацетамол + Фенилэфрин + Аскорбиновая кислота,otc,Парацетамол* + Фенирамин* + Аскорбиновая кислота,otc,"Парацетамол, Аскорбиновая кислота, Фенирамин",,Парацетамол,otc,,,"Парацетамол, Аскорбиновая кислота, Фенирамин",otc,8048,346,drug,Ринза Кидс,порошок,,перорально,"Препарат для детей от простуды и ОРВИ в форме порошка для приготовления раствора для приема внутрь. В тексте не указано действующее вещество, поэтому МНН не заполнен; сигнал «кидс» указывает на детский возраст.",found,Paracetamol + Pheniramine + Ascorbic acid
РИНГЕР-СОЛОФАРМ Р-Р Д/ИНФ. ФЛ. ПОЛИПРОП. 500МЛ №20 ГРОТЕКС | ГРОТЕКС ООО | ГРОТЕКС ООО,,rx,Натрия хлорида раствор сложный [Калия хлорид + Кальция хлорид + Натрия хлорид],rx,Калия хлорид+Кальция хлорид+Натрия хлорид,rx,,,Натрия хлорида раствор сложный,rx,,,"Натрия хлорид, Калия хлорид, Кальция хлорид",rx,8050,346,drug,Рингер-Солофарм,раствор,500 мл,внутривенно,"Препарат идентифицирован по названию как раствор Рингера для инфузий во флаконах по 500 мл №20. Действующие вещества в тексте не перечислены, поэтому МНН не указан. Средство относится к инфузионным электролитным растворам для внутривенного введения.",not_found,
"РЕСТАСИС КАПЛИ ГЛАЗН. 0,05% ФЛ. 0,4МЛ №30 | АЛЛЕРГАН СЕЙЛС ЛЛС | АЛЛЕРГАН СЕЙЛС ЛЛС",,рецептурный,Циклоспорин,rx,Циклоспорин,rx,Циклоспорин,rx,Циклоспорин,rx,,,Циклоспорин,rx,8173,346,drug,Рестасис,капли,"0,05%",офтальмологический,"В тексте указано торговое наименование Рестасис, лекарственная форма и дозировка, но МНН явно не приведено. Препарат относится к глазным каплям, отпускается по рецепту. Возрастных уточнений нет, поэтому сегмент указан как взрослые.",found,циклоспорин
РЕННИ ТАБЛ. ЖЕВ. С АПЕЛЬСИНОВЫМ ВКУСОМ 680МГ+80МГ №48 | ДЕЛФАРМ ГАЙЯРД | ДЕЛФАРМ ГАЙЯРД,,otc,,,Кальция карбонат + Магния карбонат,otc,"Кальция карбонат, Магния карбонат",,Кальция карбонат,otc,,,"Кальция карбонат, Магния карбонат",otc,8231,346,drug,Ренни,таблетки жевательные,680 мг + 80 мг,перорально,"Ренни — безрецептурный антацидный препарат в форме жевательных таблеток. В тексте указаны два компонента (680 мг + 80 мг), поэтому это комбинированный препарат. Возраст явно не указан, поэтому типично для взрослых.",found,кальция карбонат + магния гидроксикарбонат
РЕАФЕРОН-ЕС ЛИОФ. Д/Р-РА Д/ИН. И МЕСТН. ПРИМ. 3МЛН МЕ АМП. №5 | ВЕКТОР-МЕДИКА АО | ВЕКТОР-МЕДИКА АО,,рецептурный,Интерферон альфа-2b человеческий рекомбинантный,rx,Интерферон альфа-2b,rx,Интерферон альфа-2b,rx,Интерферон альфа-2b,rx,,,Интерферон альфа-2b,rx,8431,347,drug,Реаферон-ЕС,лиофилизат,3 млн МЕ,инъекционное,"Препарат Реаферон-ЕС представляет собой лиофилизат для приготовления раствора для инъекций и местного применения в дозировке 3 млн МЕ, в ампулах №5. Действующее вещество в тексте явно не указано, поэтому МНН не заполняется. Это рецептурное иммуномодулирующее и противовирусное средство, типично применяемое у взрослых.",found,Интерферон альфа-2b
РАМНИПРАЗОЛ ТАБЛ. КИШ-РАСТ. П/О 10МГ №28 | ТАТХИМФАРМПРЕПАРАТЫ АО | ТАТХИМФАРМПРЕПАРАТЫ АО,рамнипразол,rx,Рабепразол,otc,,,Рабепразол,,,,,,Рабепразол,,8516,347,drug,,таблетки,10 мг,перорально,"В названии указано действующее вещество рамнипразол, форма — таблетки кишечнорастворимые, покрытые оболочкой, дозировка 10 мг, упаковка №28. Препарат относится к желудочно-кишечным средствам, применяется перорально.",found,рабепразол
РАЛЕФ ТАБЛ. П/ПЛЕН/ОБ. 20МГ №30 | ОБОЛЕНСКОЕ ФП АО | ОБОЛЕНСКОЕ ФП АО,,rx,Лефлуномид,rx,,,,,Лефлуномид,rx,,,Лефлуномид,rx,8551,347,drug,Ралеф,таблетки,20 мг,перорально,"По названию РАЛЕФ и дозировке 20 мг идентифицирован лефлуномид (базисное противоревматическое средство). Форма и дозировка указаны в названии; препарат рецептурный, принимается внутрь.",found,лефлуномид
РАЗАГИЛИН МЕДИСОРБ ТАБЛ. 1МГ №30 | МЕДИСОРБ АО | МЕДИСОРБ АО,разагилин,рецептурный,Разагилин,rx,Разагилин,rx,Разагилин,rx,Разагилин,rx,,,Разагилин,rx,8558,347,drug,Разагилин Медисорб,таблетки,1 мг,перорально,"В тексте явно указан МНН разагилин, форма таблетки и дозировка 1 мг, упаковка №30. Это противопаркинсоническое средство для приёма внутрь, отпускается по рецепту. Возрастных сигналов нет, поэтому возрастной сегмент определён как взрослые.",found,разагилин
"ПУЛЬМИКОРТ СУСП.Д/ИНГАЛ. ДОЗИР. 0,25МГ/МЛ КОНТ. 2МЛ №20 | АСТРАЗЕНЕКА АБ | АСТРАЗЕНЕКА АБ",,rx,Будесонид,rx,Будесонид,rx,Будесонид,rx,Будесонид,rx,,,Будесонид,rx,8675,347,drug,ПУЛЬМИКОРТ,суспензия,"0,25 мг/мл",ингаляционно,"Препарат идентифицирован как бренд ПУЛЬМИКОРТ, но в тексте не указано действующее вещество, поэтому МНН не заполнен. Это ингаляционный глюкокортикостероид, отпускается по рецепту, форма выпуска — дозированная суспензия по 2 мл №20.",found,Будесонид
ПРОСТУДОКС ПОР. Д/Р-РА Д/ПРИЕМА ВНУТРЬ ЛИМОН 5Г №5 | СИНТЕЗ | СИНТЕЗ,,otc,Парацетамол + Фенилэфрин + Аскорбиновая кислота,otc,Парацетамол + Фенилэфрин + Аскорбиновая кислота,otc,"Парацетамол, Аскорбиновая кислота, Фенилэфрин",,Аскорбиновая кислота,otc,,,"Аскорбиновая кислота, Парацетамол, Фенилэфрин",otc,8736,348,drug,Простудокс,порошок,5 г,перорально,"В тексте указан порошок для приема внутрь «Простудокс» с лимоном, 5 г №5. Действующее вещество не приведено, поэтому МНН не заполнено. Препарат без детских сигналов, отпускается без рецепта.",found,Парацетамол+Фенилэфрин+Аскорбиновая кислота
"ПРОЛАТАН КАПЛИ ГЛАЗН. 0,005% ФЛ. 2,5МЛ №3 | СЕНТИСС ФАРМА ПВТ. ЛТД. | СЕНТИСС ФАРМА ПВТ. ЛТД.",,,Латанопрост,rx,Латанопрост,rx,Латанопрост,rx,Латанопрост,rx,,,Латанопрост,rx,8858,348,drug,Пролатан,капли,"0,005%",офтальмологический,"ПРОЛАТАН — торговое название глазных капель 0,005% во флаконах по 2,5 мл №3. Действующее вещество в тексте не указано, поэтому mnn и связанные с ним атрибуты не заполнены. Возрастной сигнал отсутствует, препарат типичный для взрослых.",found,латанопрост
ПРЕДУКТАЛ ОД КАПС. ПРОЛОНГ. 80МГ №30 | СЕРВЬЕ РУС ООО | СЕРВЬЕ РУС ООО,,рецептурный,Триметазидин,rx,Триметазидин,rx,Триметазидин,rx,Триметазидин,rx,,,Триметазидин,rx,9086,348,drug,Предуктал ОД,капсулы,80 мг,перорально,"Препарат распознан по торговому названию как кардиологическое средство в капсулах пролонгированного действия; МНН в тексте не указан, поэтому не заполнен. Указаны форма, дозировка и упаковка, типичное применение у взрослых, отпуск по рецепту.",not_found,
ПОДОРОЖНИКА СИРОП ФЛ. 100МЛ ВИФИТЕХ | ВИФИТЕХ | ВИФИТЕХ,Подорожника большого листьев экстракт,otc,,,,,,,,,,,,,9334,348,drug,,сироп,,перорально,"Препарат представляет собой сироп подорожника для приёма внутрь, применяется при кашле как отхаркивающее растительное средство. Явных детских указаний нет, поэтому возрастной сегмент определён как взрослые.",not_found,
ПЛЕНДИЛ ТАБЛ. ПРОЛОНГ. П/ПЛЕН/ОБ. 5МГ №30 | АСТРАЗЕНЕКА ФАРМАСЬЮТИКАЛЗ | АСТРАЗЕНЕКА ФАРМАСЬЮТИКАЛЗ,,rx,Фелодипин,rx,Фелодипин,rx,,,Фелодипин,rx,,,Фелодипин,rx,9379,348,drug,Плендил,таблетки,5 мг,перорально,"Препарат Плендил выпускается в форме таблеток пролонгированного действия с дозировкой 5 мг, упаковка №30. МНН в тексте не указано, поэтому поле mnn оставлено пустым. Препарат относится к сердечно-сосудистым лекарственным средствам, предположительно рецептурного отпуска.",found,фелодипин
ПЛАНИЖЕНС ЛЕВО ТАБЛ. П/О 150МКГ+30МКГ №21 | ФАРМАСИНТЕЗ-ТЮМЕНЬ ООО | ФАРМАСИНТЕЗ-ТЮМЕНЬ ООО,,rx,,,Левоноргестрел+Этинилэстрадиол,rx,,,Этинилэстрадиол,rx,,,"Этинилэстрадиол, Левоноргестрел",rx,9410,348,drug,ПЛАНИЖЕНС ЛЕВО,таблетки,150 мкг + 30 мкг,перорально,"Препарат ПЛАНИЖЕНС ЛЕВО представляет собой комбинированный оральный контрацептив в таблетках с дозировкой 150 мкг+30 мкг, упаковка №21. Действующие вещества прямо не указаны в тексте, поэтому МНН не заполнено. Препарат рецептурный, предназначен для взрослых.",found,левоноргестрел + этинилэстрадиол
"ПИТАВАСТОР ТАБЛ. П/ПЛЕН/ОБ. 4МГ №28 | ВАН ИН ФАРМ. КО., ЛТД. | ВАН ИН ФАРМ. КО., ЛТД.",,rx,Питавастатин,rx,Питавастатин,rx,,,Питавастатин,rx,,,Питавастатин,rx,9443,349,drug,Питавастор,таблетки,4 мг,перорально,"Текст содержит торговое название «Питавастор», МНН в явном виде не указан. Препарат относится к статинам, выпускается в виде таблеток по 4 мг в упаковке №28 и отпускается по рецепту.",found,питавастатин
ПИРАНТЕЛ ТАБЛ. 250МГ №3 ОКСФОРД | ОКСФОРД ЛАБОРАТОРИЗ ПВТ. ЛТД | ОКСФОРД ЛАБОРАТОРИЗ ПВТ. ЛТД,Пирантел,otc,Пирантел,rx,Пирантел,rx,,,Пирантел,otc,,,Пирантел,rx,9485,349,drug,Пирантел,таблетки,250 мг,перорально,"В названии и составе указан пирантел, что позволяет определить МНН и отнести средство к противоглистным препаратам. Лекарство выпускается в таблетках по 250 мг и принимается внутрь; упаковка содержит 3 таблетки. Возрастных указаний нет, поэтому выбран взрослый сегмент, отпуск из аптек — без рецепта.",found,Пирантел
ПИНОСОЛ СПРЕЙ НАЗ. ФЛ. 10МЛ | ФАРМАК ПАО | ФАРМАК ПАО,,otc,"Мяты Перечной Масло, Тимол, Эвкалиптовое Масло, Сосны Обыкновенной Масло, Гвайязулен",otc,,otc,,,,otc,,,"Мяты Перечной Масло, Тимол, Эвкалиптовое Масло, Сосны Обыкновенной Масло, Гвайязулен",otc,9514,349,drug,Пиносол,спрей,,назальный,"В тексте указано торговое наименование Пиносол, назальная форма и объём флакона. Действующее вещество не указано, поэтому МНН не заполнено. Типичный безрецептурный препарат для лечения насморка отнесён ко взрослой возрастной группе.",found,масло сосны горной + масло мяты перечной + масло эвкалиптовое + тимол + альфа-токоферола ацетат
ПИКАМИЛОН ТАБЛ. 50МГ №30 | ФАРМСТАНДАРТ-УФАВИТА ОАО | ФАРМСТАНДАРТ-УФАВИТА ОАО,Пикамилон,rx,Никотиноил гамма-аминомасляная кислота,rx,,,,,,,,,Никотиноил гамма-аминомасляная кислота,,9558,349,drug,,таблетки,50 мг,перорально,"Препарат содержит пикамилон, выпускается в таблетках по 50 мг, №30, для приема внутрь. Пикамилон относится к ноотропным средствам, применяемым преимущественно у взрослых.",found,Никотиноил гамма-аминомасляная кислота
ПИМАФУЦИН СУПП. ВАГ. 100МГ №3 | ТЕММЛЕР ИТАЛИА С.Р.Л | ТЕММЛЕР ИТАЛИА С.Р.Л,,otc,Натамицин,otc,,,,,Натамицин,otc,,,Натамицин,otc,9522,349,drug,Пимафуцин,,100 мг,ректально,"Текст явно указывает препарат Пимафуцин в форме вагинальных суппозиториев по 100 мг №3. Активное вещество в названии не приведено, поэтому МНН не заполнен. Препарат относится к противогрибковым средствам для вагинального применения.",found,Натамицин
ПЕРСЕН ТАБЛ. П/О №40 СОФАРМА | СОФАРМА | СОФАРМА,,безрецептурный,Валерианы лекарственной корневищ с корнями экстракт + Мелиссы лекарственной листьев экстракт + Мяты перечной листьев экстракт,otc,Валерианы лекарственной корневищ с корнями экстракт+Мелиссы лекарственной листьев экстракт+Мяты перечной листьев экстракт,otc,,,Валериана,otc,,,"Валерианы лекарственной корневищ с корнями экстракт, Мелиссы лекарственной листьев экстракт, Мяты перечной листьев экстракт",otc,9706,350,drug,Персен,таблетки,,перорально,"В тексте указаны бренд и лекарственная форма, но действующее вещество и дозировка не читаются. Персен является безрецептурным растительным седативным средством для приема внутрь. Упаковка содержит 40 таблеток.",found,экстракт валерианы + экстракт мелиссы + экстракт мяты перечной
ПЕНТОКСИФИЛЛИН КОНЦ. Д/Р-РА Д/ИНФ. 20МГ/МЛ АМП. 5МЛ №10 ВЕЛФАРМ | ВЕЛФАРМ ООО | ВЕЛФАРМ ООО,Пентоксифиллин,rx,,,,,,,,,,,,,9799,350,drug,,раствор,20 мг/мл,внутривенно,"Препарат содержит пентоксифиллин, является рецептурным и применяется инфузионно. Лекарственная форма — концентрат для приготовления раствора для инфузий концентрацией 20 мг/мл в ампулах по 5 мл №10. Возрастная группа — взрослые, так как детских указаний нет.",found,Пентоксифиллин
ПЕНТАЛГИН НЕО ТАБЛ. П/ПЛЕН/ОБ. №10 | ФАРМСТАНДАРТ-ЛЕКСРЕДСТВА ОАО | ФАРМСТАНДАРТ-ЛЕКСРЕДСТВА ОАО,,otc,Кофеин + Напроксен + Парацетамол,otc,Кофеин+Напроксен+Парацетамол,otc,,,Парацетамол,otc,,,"Парацетамол, Кофеин, Напроксен",otc,9821,350,drug,Пенталгин Нео,таблетки,,перорально,"Препарат Пенталгин Нео выпускается в форме таблеток, покрытых плёночной оболочкой, в упаковке №10. По названию и позиции относится к анальгетикам-антипиретикам, принимается внутрь. МНН в тексте не указано, поэтому оставлено пустым.",found,Кофеин+Напроксен+Парацетамол
ПАНТОКАЛЬЦИН ТАБЛ. 250МГ №50 | ВАЛЕНТА ФАРМ АО | ВАЛЕНТА ФАРМ АО,,rx,Гопантеновая кислота,rx,,,,,Гопантеновая кислота,rx,,,Гопантеновая кислота,rx,10098,350,drug,Пантокальцин,таблетки,250 мг,перорально,"Препарат Пантокальцин выпускается в таблетках по 250 мг, упаковка №50. Действующее вещество в тексте не указано, поэтому mnn не заполнен; по бренду и семейству средство относится к ноотропам, предположительно отпускается по рецепту и принимается внутрь.",not_found,
"ПАНАВИР Р-Р ДЛЯ В/В ВВЕД. 0,04МГ/МЛ АМП. 5МЛ №2 | ЭЛЛАРА ООО | ЭЛЛАРА ООО",,rx,Полисахариды побегов Solanum tuberosum,rx,Полисахариды побегов Solanum tuberosum,rx,,,Картофеля побегов сумма полисахаридов,rx,,,Полисахариды побегов Solanum tuberosum,rx,10183,350,drug,Панавир,раствор,"0,04 мг/мл",внутривенно,"Наименование указывает на бренд «Панавир» и лекарственную форму: раствор для внутривенного введения 0,04 мг/мл в ампулах. Действующее вещество как МНН явно не читается, поэтому МНН не заполнен. Это рецептурное противовирусное средство.",found,картофеля побегов сумма полисахаридов
ОМИТОКС ГАСТРО КАПС. 20МГ №30 | ШРЕЯ ЛАЙФ САЕНСИЗ ПВТ.ЛТД | ШРЕЯ ЛАЙФ САЕНСИЗ ПВТ.ЛТД,,rx,Омепразол,rx,Омепразол,rx,,,Омепразол,otc,,,Омепразол,rx,10526,351,drug,ОМИТОКС ГАСТРО,капсулы,20 мг,перорально,"В тексте указан торговый бренд ОМИТОКС ГАСТРО и форма выпуска — капсулы 20 мг №30, но действующее вещество явно не названо, поэтому МНН не заполнен. Препарат относится к ЖКТ-средствам, отпускается по рецепту и не содержит детских сигналов.",found,омепразол
"ОБЛЕПИХОВОЕ МАСЛО Д/ПРИЕМА ВНУТРЬ, МЕСТН. И НАРУЖ. ПРИМ. ФЛ. 100МЛ ТУЛЬСКАЯ ФФ | ТУЛЬСКАЯ ФАРМАЦЕВТИЧЕСКАЯ ФАБРИКА ООО | ТУЛЬСКАЯ ФАРМАЦЕВТИЧЕСКАЯ ФАБРИКА ООО",Облепиховое масло,otc,,,,,,,,,,,,,11014,351,drug,,,,перорально,"Препарат представляет собой монокомпонентное облепиховое масло для приема внутрь, местного и наружного применения. Явного детского сигнала нет, поэтому возрастной сегмент — взрослые. Выпускается во флаконе 100 мл, отпускается без рецепта.",found,Облепихи крушиновидной плодов масло
НУРОФЕН ИНТЕНСИВ ТАБЛ. П/ПЛЕН/ОБ. 200МГ+500МГ №6 | РЕКИТТ БЕНКИЗЕР | РЕКИТТ БЕНКИЗЕР,,otc,,,Ибупрофен + Парацетамол,otc,,,Ибупрофен,otc,,,"Ибупрофен, Парацетамол",otc,11132,352,drug,Нурофен Интенсив,таблетки,200 мг + 500 мг,перорально,"Препарат Нурофен Интенсив идентифицирован как комбинированный анальгетик-антипиретик для приема внутрь. Форма выпуска и дозировка указаны в тексте явно. МНН не читается, поэтому оставлено пустым.",found,ибупрофен + парацетамол
НОРМОДИПИН ТАБЛ. 10МГ №30 | ГЕДЕОН РИХТЕР ОАО/ГЕДЕОН РИХТЕР-РУС АО | ГЕДЕОН РИХТЕР ОАО/ГЕДЕОН РИХТЕР-РУС АО,,rx,Амлодипин,rx,Амлодипин,rx,,,Амлодипин,rx,,,Амлодипин,rx,11198,352,drug,Нормодипин,таблетки,10 мг,перорально,"Препарат Нормодипин выпускается в таблетках по 10 мг, №30, принимается внутрь. Действующее вещество в тексте явно не указано, поэтому МНН не заполнен. Препарат относится к гипотензивным средствам, рецептурный, для взрослых.",not_found,
НОВОРАПИД ФЛЕКСПЕН Р-Р ДЛЯ В/В П/К ВВЕД. 100ЕД/МЛ КАРТРИДЖ 3МЛ №5+ШПРИЦ-РУЧКА | НОВО НОРДИКС А/С | НОВО НОРДИКС А/С,,rx,Инсулин аспарт,rx,Инсулин аспарт,rx,,,Инсулин аспарт,rx,,,Инсулин аспарт,rx,11465,352,drug,НовоРапид ФлексПен,раствор,100 ЕД/мл,внутривенно,"Это лекарственный препарат НовоРапид ФлексПен, раствор для внутривенного и подкожного введения в картриджах по 3 мл с дозировкой 100 ЕД/мл, в комплекте со шприц-ручкой. МНН в тексте явно не указан, поэтому не заполнен. Остальные атрибуты определены по названию, лекарственной форме и дозировке.",found,инсулин аспарт
НОВЕМА НАЙТ ТАБЛ. П/ПЛЕН/ОБ. 25МГ+220МГ №10 | ФАРМСТАНДАРТ-ЛЕКСРЕДСТВА ОАО | ФАРМСТАНДАРТ-ЛЕКСРЕДСТВА ОАО,,otc,,,Дифенгидрамин+Напроксен,otc,,,Дифенгидрамин,otc,,,"Дифенгидрамин, Напроксен",otc,11504,352,drug,НОВЕМА НАЙТ,таблетки,25 мг + 220 мг,перорально,"Препарат выпускается в форме таблеток, покрытых плёночной оболочкой, с дозировкой 25 мг + 220 мг в упаковке №10. Активные вещества в тексте не указаны, поэтому МНН не заполнен. Продукт предположительно относится к средствам для улучшения периферического кровообращения и применяется внутрь у взрослых.",not_found,
НИТРОКСОЛИН ТАБЛ. П/О 50МГ №50 АВЕКСИМА | АВЕКСИМА СИБИРЬ ООО/ИРБИТСКИЙ ХФЗ ОАО | АВЕКСИМА СИБИРЬ ООО/ИРБИТСКИЙ ХФЗ ОАО,Нитроксолин,рецептурный,Нитрофурантоин,rx,Аллопуринол,rx,,,Азитромицин,rx,,,,rx,11568,353,drug,Авексима,таблетки,50 мг,перорально,"Нитроксолин в тексте указан как действующее вещество (МНН), форма выпуска — таблетки в оболочке 50 мг. Препарат относится к уроантисептикам и принимается внутрь; явных детских указаний нет.",found,нитроксолин
НИМЕСУЛИД-ВЕРТЕКС ГЕЛЬ Д/НАРУЖ. ПРИМ. 1% ТУБА 20Г | ВЕРТЕКС АО | ВЕРТЕКС АО,Нимесулид,otc,Тадалафил,rx,Флуконазол,rx,Тербинафин,,Фенол и его производные,otc,,,,rx,11640,353,drug,Вертекс,гель,1%,наружно,"В названии явно указаны действующее вещество нимесулид, форма гель, концентрация 1% и упаковка туба 20 г; бренд «Вертекс» следует из названия и производителя. Препарат применяется наружно как НПВС, без детских указаний, поэтому возрастной сегмент — взрослые.",found,нимесулид
НЕУЛЕПТИЛ Р-Р Д/ПРИЕМА ВНУТРЬ 4% ФЛ. С КАПЕЛ. 30МЛ | А.НАТТЕРМАНН ЭНД СИЕ. ГМБХ | А.НАТТЕРМАНН ЭНД СИЕ. ГМБХ,,rx,Перициазин,rx,Перициазин,rx,,,Перициазин,rx,,,Перициазин,rx,11715,353,drug,Неулептил,раствор,4%,перорально,"Препарат Неулептил — рецептурный нейролептик. Лекарственная форма (раствор для приема внутрь 4%), путь введения и упаковка с капельницей указаны в названии. Действующее вещество в тексте не приведено, поэтому МНН не заполнен.",found,Перициазин
НЕМОЗОЛ ТАБЛ. ЖЕВ. 400МГ №1 | ИПКА ЛАБОРАТОРИЗ ЛИМИТЕД | ИПКА ЛАБОРАТОРИЗ ЛИМИТЕД,,rx,Албендазол,rx,Албендазол,rx,,,Албендазол,rx,,,Албендазол,rx,11816,353,drug,Немозол,таблетки жевательные,400 мг,перорально,"Препарат Немозол относится к противогельминтным средствам, представлен в форме жевательных таблеток 400 мг. Действующее вещество в тексте не указано, поэтому МНН не заполнено.",found,Альбендазол
"НЕЙРОМУЛЬТИВИТ ТАБЛ. П/ПЛЕН/ОБ. 200МГ+100МГ+0,2МГ №20 | Г.Л.ФАРМА ГМБХ | Г.Л.ФАРМА ГМБХ",,rx,,,Пиридоксин+Тиамин+Цианокобаламин,rx,,,Пиридоксин,rx,,,"Пиридоксин, Тиамин, Цианокобаламин",rx,11845,353,drug,Нейромультивит,таблетки,"200мг+100мг+0,2мг",перорально,"В тексте указан торговый бренд «Нейромультивит», лекарственная форма «таблетки, покрытые плёночной оболочкой», доза и упаковка №20. Наименования действующих веществ явно не приведены, поэтому МНН не заполнен; по составу это комбинированный препарат витаминов группы B для приёма внутрь.",found,тиамина гидрохлорид + пиридоксина гидрохлорид + цианокобаламин
"НЕБИЛОНГ Н ТАБЛ. 12,5МГ+5МГ №30 | МИКРО ЛАБС ЛИМИТЕД | МИКРО ЛАБС ЛИМИТЕД",,rx,Гидрохлоротиазид + Небиволол,rx,Гидрохлоротиазид* + Небиволол,rx,,,Небиволол,rx,,,"Небиволол, Гидрохлоротиазид",rx,11916,353,drug,Небилонг Н,таблетки,"12,5 мг + 5 мг",перорально,"Препарат относится к сердечно-сосудистым средствам, выпускается в таблетках по 12,5 мг + 5 мг. МНН в тексте не указано, поэтому поле mnn не заполнено. По составу и дозировке средство является рецептурным комбинированным препаратом для взрослых.",found,небиволол + гидрохлоротиазид
НЕБИЛОНГ АМ ТАБЛ. 5МГ+5МГ №30 | МИКРО ЛАБС ЛИМИТЕД | МИКРО ЛАБС ЛИМИТЕД,,rx,Амлодипин + Небиволол,rx,Небиволол* + Амлодипин,rx,,,Амлодипин,rx,,,"Амлодипин, Небиволол",rx,11917,354,drug,Небилонг АМ,таблетки,5 мг + 5 мг,перорально,"По тексту определены лекарственная форма «таблетки», дозировка 5 мг+5 мг и упаковка №30. МНН в названии явно не указано, поэтому оставлено пустым; препарат относится к рецептурным антигипертензивным средствам.",found,Небиволол + Амлодипин
НАФТИФИН Р-Р Д/НАРУЖ. ПРИМ. 1% ФЛ. 20МЛ ТУЛЬСКАЯ ФФ | ТУЛЬСКАЯ ФАРМАЦЕВТИЧЕСКАЯ ФАБРИКА ООО | ТУЛЬСКАЯ ФАРМАЦЕВТИЧЕСКАЯ ФАБРИКА ООО,нафтифин,otc,Нафтифин,otc,,,,,,,,,Нафтифин,,11959,354,drug,,раствор,1%,наружно,"По тексту определено действующее вещество нафтифин, раствор для наружного применения 1%, флакон 20 мл. Препарат относится к противогрибковым, отпускается без рецепта.",found,нафтифин
НАФТИФИН Р-Р Д/НАРУЖ. ПРИМ. 1% ФЛ. 10МЛ | САМАРАМЕДПРОМ ОАО | САМАРАМЕДПРОМ ОАО,нафтифин,безрецептурный,Нафтифин,otc,,,,,,,,,Нафтифин,,11962,354,drug,,раствор,1%,наружно,"Препарат нафтифина в форме 1% раствора для наружного применения во флаконе 10 мл. Действующее вещество явно указано, поэтому МНН определён; форма и способ применения читаются из текста. Возрастной сигнал отсутствует, типичный взрослый препарат.",found,нафтифина гидрохлорид
НАФТИФИН КРЕМ Д/НАРУЖ. ПРИМ. 1% ТУБА 15Г ТУЛЬСКАЯ ФФ | ТУЛЬСКАЯ ФАРМАЦЕВТИЧЕСКАЯ ФАБРИКА ООО | ТУЛЬСКАЯ ФАРМАЦЕВТИЧЕСКАЯ ФАБРИКА ООО,Нафтифин,otc,Нафтифин,otc,,,,,,,,,Нафтифин,,11972,354,drug,,крем,1%,наружно,"В названии указано действующее вещество нафтифин и лекарственная форма «крем для наружного применения» 1%. Это противогрибковый препарат для местного лечения дерматомикозов, отпускается без рецепта. Упаковка — туба 15 г.",found,нафтифина гидрохлорид
"МУРАВЬИНЫЙ СПИРТ Р-Р Д/НАРУЖ. ПРИМ. СПИРТ. 1,4% ФЛ. 50МЛ ЯРОСЛАВСКАЯ ФФ | ЯРОСЛАВСКАЯ ФФ | ЯРОСЛАВСКАЯ ФФ",,otc,Муравьиная кислота,otc,,,,,,,,,Муравьиная кислота,,12407,354,drug,,раствор,"1,4%",наружно,"Название «муравьиный спирт» явно указывает на действующее вещество — муравьиную кислоту, в концентрации 1,4%. Препарат применяется наружно, выпускается в виде спиртового раствора во флаконе 50 мл, отпускается без рецепта.",found,кислота муравьиная
"МУРАВЬИНЫЙ СПИРТ Р-Р Д/НАРУЖ. ПРИМ. СПИРТ. 1,4% ФЛ. 50МЛ ТВЕРСКАЯ ФФ | ТВЕРСКАЯ ФАРМАЦЕВТИЧЕСКАЯ ФАБРИКА | ТВЕРСКАЯ ФАРМАЦЕВТИЧЕСКАЯ ФАБРИКА",,otc,Муравьиная кислота,otc,,,,,,,,,Муравьиная кислота,,12410,354,drug,,раствор,"1,4%",наружно,"Препарат представляет собой раствор муравьиной кислоты (муравьиный спирт) для наружного применения. Концентрация действующего вещества 1,4%, выпускается во флаконе 50 мл. Отпускается без рецепта, используется у взрослых.",not_found,
МУКАЛТИН ТАБЛ. ДИСПЕРГ. 50МГ №20 ФАРМСТАНДАРТ | ФАРМСТАНДАРТ-ЛЕКСРЕДСТВА ОАО | ФАРМСТАНДАРТ-ЛЕКСРЕДСТВА ОАО,,otc,Алтея лекарственного травы экстракт,otc,Алтея лекарственного травы экстракт,otc,,,Алтея корень,otc,,,Алтея лекарственного травы экстракт,otc,12501,354,drug,Мукалтин,таблетки,50 мг,перорально,"Препарат Мукалтин содержит отхаркивающее растительное средство, но МНН в тексте явно не указано. Форма и дозировка указаны в наименовании: таблетки диспергируемые 50 мг, упаковка №20. Возрастных маркеров нет, поэтому выбран типичный для ЛС сегмент «взрослые».",not_found,
"МОКСОНИДИН-АЛИУМ ТАБЛ. П/ПЛЕН/ОБ. 0,2МГ №14 | АЛИУМ АО | АЛИУМ АО",Моксонидин,rx,,,Моксонидин,rx,,,Моксонидин,rx,,,Моксонидин,rx,12735,355,drug,Моксонидин-Алиум,таблетки,"0,2 мг",перорально,"В наименовании указан МНН «Моксонидин», лекарственная форма «таблетки, покрытые пленочной оболочкой», дозировка 0,2 мг и упаковка №14. Моксонидин — рецептурный гипотензивный препарат для взрослых.",found,моксонидин
"МОКСОНИДИН-АКРИХИН ТАБЛ. П/ПЛЕН/ОБ. 0,4МГ №10 | АКРИХИН ХФК АО | АКРИХИН ХФК АО",Моксонидин,рецептурный,Моксонидин,rx,,,,,Моксонидин,rx,,,Моксонидин,rx,12737,355,drug,Моксонидин-Акрихин,таблетки,"0,4 мг",перорально,"Препарат содержит моксонидин и относится к гипотензивным средствам для взрослых. Выпускается в таблетках, покрытых плёночной оболочкой, дозировкой 0,4 мг, в упаковке №10.",found,моксонидин
МИСУФЕР КАПС. 100МГ №20 | ОБНОВЛЕНИЕ ПФК АО | ОБНОВЛЕНИЕ ПФК АО,,без рецепта,Умифеновир,otc,Умифеновир,otc,,,Умифеновир,otc,,,Умифеновир,otc,12869,355,drug,Мисуфер,капсулы,100 мг,перорально,"Препарат Мисуфер в капсулах по 100 мг, судя по названию и товарной группе, относится к препаратам железа. МНН в тексте не указано. Отпуск без рецепта, возрастная группа — взрослые.",found,умифеновир
МИРТАЗАПИН КАНОН ТАБЛ. П/ПЛЕН/ОБ. 30МГ №30 | КАНОНФАРМА ПРОДАКШН ЗАО | КАНОНФАРМА ПРОДАКШН ЗАО,Миртазапин,rx,Миртазапин,rx,Миртазапин,rx,,,Миртазапин,rx,,,Миртазапин,rx,12873,355,drug,Миртазапин Канон,таблетки,30 мг,перорально,"Препарат содержит миртазапин, является антидепрессантом, отпускается по рецепту. Таблетки по 30 мг покрыты пленочной оболочкой, в упаковке 30 штук.",not_found,
МЕМОПЛАНТ ТАБЛ. П/ПЛЕН/ОБ. 80МГ №30 | ДОКТОР ВИЛЬМАР ШВАБЕ ГМБХ И КО.КГ. | ДОКТОР ВИЛЬМАР ШВАБЕ ГМБХ И КО.КГ.,,otc,Гинкго двулопастного листьев экстракт,otc,Гинкго двулопастного листьев экстракт,otc,,,Гинкго билоба,otc,,,Гинкго двулопастного листьев экстракт,otc,13489,356,drug,Мемоплант,таблетки,80 мг,перорально,"В тексте указаны торговое наименование, лекарственная форма, дозировка и количество в упаковке. Действующее вещество и нозология явно не приведены, поэтому не заполнены. Препарат принимается внутрь и отпускается без рецепта.",found,экстракт гинкго двулопастного
МЕРИФАТИН МВ ТАБЛ. С ПРОЛОНГ. ВЫСВ. 500МГ №60 | ФАРМАСИНТЕЗ-ТЮМЕНЬ ООО | ФАРМАСИНТЕЗ-ТЮМЕНЬ ООО,,rx,Метформин,rx,Метформин,rx,,,Метформин,rx,,,Метформин,rx,13453,355,drug,Мерифатин МВ,таблетки,500 мг,перорально,"Торговое название «Мерифатин МВ» и форма выпуска указывают на рецептурный сахароснижающий препарат для приёма внутрь в виде таблеток с пролонгированным высвобождением. Действующее вещество в тексте прямо не указано, поэтому МНН не заполнен.",found,Метформин
МЕЛЬДОНИЙ КАНОН КАПС. 250МГ №40 | КАНОНФАРМА ПРОДАКШН ЗАО | КАНОНФАРМА ПРОДАКШН ЗАО,Мельдоний,rx,Леветирацетам,rx,Ламотриджин,rx,,,Клопидогрел,rx,,,,rx,13541,356,drug,Канон,капсулы,250 мг,перорально,"Из текста ясно, что действующее вещество — мельдоний, форма выпуска — капсулы, дозировка 250 мг, упаковка №40. Препарат рецептурный, применяется внутрь. Специальных детских указаний нет, поэтому возрастная группа — взрослые.",found,Мельдоний
МЕЛЬДОНИЙ КАПС. 250МГ №30 ФАРМСТАНДАРТ | ФАРМСТАНДАРТ-ЛЕКСРЕДСТВА ОАО | ФАРМСТАНДАРТ-ЛЕКСРЕДСТВА ОАО,Мельдоний,rx,Мельдоний,otc,,,,,,,,,Мельдоний,,13540,356,drug,,капсулы,250 мг,перорально,"В тексте указан МНН мельдоний, лекарственная форма «капсулы», дозировка 250 мг и упаковка №30. Препарат кардиопротекторного действия, применяется внутрь, отпускается по рецепту.",found,мельдоний
МЕКСИКОР Р-Р ДЛЯ В/В В/М ВВЕД. 50МГ/МЛ АМП. 2МЛ №10 ФЕРМЕНТ | ФЕРМЕНТ ФИРМА ООО | ФЕРМЕНТ ФИРМА ООО,,rx,Этилметилгидроксипиридина сукцинат,rx,Этилметилгидроксипиридина сукцинат,rx,,,Этилметилгидроксипиридина сукцинат,rx,,,Этилметилгидроксипиридина сукцинат,rx,13653,356,drug,Мексикор,раствор,50 мг/мл,внутримышечно,"Препарат выпускается как раствор для инъекций в ампулах; из названия определяются путь введения и дозировка. МНН в тексте не указан, показания не описаны, поэтому эти поля не заполнены.",found,этилметилгидроксипиридина сукцинат
МЕКСИДОЛ ТАБЛ. П/ПЛЕН/ОБ. 125МГ №50 | ЗИО-ЗДОРОВЬЕ ЗАО | ЗИО-ЗДОРОВЬЕ ЗАО,,rx,Этилметилгидроксипиридина сукцинат,rx,Этилметилгидроксипиридина сукцинат,rx,,,Этилметилгидроксипиридина сукцинат,rx,,,Этилметилгидроксипиридина сукцинат,rx,13659,356,drug,Мексидол,таблетки,125 мг,перорально,"Препарат Мексидол в форме таблеток, покрытых плёночной оболочкой, дозировкой 125 мг, в упаковке 50 штук. МНН не указано в тексте, поэтому не заполнено. Препарат типичный для взрослых, без явных детских указаний.",found,этилметилгидроксипиридина сукцинат
МЕКСИДОЛ Р-Р ДЛЯ В/В В/М ВВЕД. 50МГ/МЛ АМП. 5МЛ №10 ЭЛЛАРА | ЭЛЛАРА ООО | ЭЛЛАРА ООО,,rx,Этилметилгидроксипиридина сукцинат,rx,Этилметилгидроксипиридина сукцинат,rx,,,Этилметилгидроксипиридина сукцинат,rx,,,Этилметилгидроксипиридина сукцинат,rx,13664,356,drug,Мексидол,раствор,50 мг/мл,внутримышечно,"Препарат Мексидол является рецептурным лекарственным средством. Это раствор для внутривенного и внутримышечного введения в концентрации 50 мг/мл, в ампулах по 5 мл №10. МНН в тексте не указано, возрастная группа — взрослые.",not_found,
МАЛЬВАЦИД СУСП. Д/ПРИЕМА ВНУТРЬ ПАК. 15МЛ №20 | АВВА РУС АО | АВВА РУС АО,,безрецептурный,Алгелдрат + Бензокаин + Магния гидроксид,otc,,,,,Магния гидроксид,otc,,,"Магния гидроксид, Алгелдрат, Бензокаин",otc,14103,357,drug,Мальвацид,суспензия,,перорально,"Препарат представляет собой суспензию для приёма внутрь в пакетиках по 15 мл №20, по контексту относится к желудочно-кишечным средствам. Торговое название не позволяет однозначно установить действующее вещество, поэтому МНН и точная дозировка не указаны.",found,Алгелдрат + Магния гидроксид
МАКСИКОЛД РИНО ПОР. Д/Р-РА Д/ПРИЕМА ВНУТРЬ АПЕЛЬСИН ПАК. 15Г №10 | ФАРМСТАНДАРТ-ЛЕКСРЕДСТВА ОАО | ФАРМСТАНДАРТ-ЛЕКСРЕДСТВА ОАО,,otc,Парацетамол + Фенилэфрин + Фенирамин + Аскорбиновая кислота,otc,Парацетамол+Фенилэфрин+Фенирамин+Аскорбиновая кислота,otc,,,,otc,,,"Аскорбиновая кислота, Парацетамол, Фенилэфрин, Фенирамин",otc,14162,357,drug,Максиколд Рино,порошок,15 г,перорально,"По названию и форме выпуска препарат относится к противопростудным средствам для приема внутрь. В тексте не указаны действующие вещества, поэтому МНН не определяется; указана масса пакетика 15 г и количество 10 пакетиков. Препарат отпускается без рецепта.",found,Парацетамол + Фенилэфрин + Фенирамин + Аскорбиновая кислота
Л-ТИРОКСИН ТАБЛ. 100МКГ №50 ОЗОН | ОЗОН ООО | ОЗОН ООО,,rx,Левотироксин натрия,rx,Левотироксин натрия,rx,,,Левотироксин натрия,rx,,,Левотироксин натрия,rx,14492,357,drug,Л-Тироксин,таблетки,100 мкг,перорально,"Препарат Л-Тироксин выпускается в форме таблеток по 100 мкг, упаковка №50. Действующее вещество в тексте как МНН явно не указано, поэтому МНН не заполнен. Левотироксин натрия относится к рецептурным тиреоидным гормонам.",found,Левотироксин натрия
ЛОРТЕНЗА ТАБЛ. П/ПЛЕН/ОБ. 10МГ+100МГ №90 | КРКА-РУС ООО | КРКА-РУС ООО,,рецептурный,,,Амлодипин + Лозартан,rx,,,Лозартан,rx,,,"Лозартан, Амлодипин",rx,14577,358,drug,ЛОРТЕНЗА,таблетки,10 мг + 100 мг,перорально,"Препарат ЛОРТЕНЗА выпускается в таблетках, покрытых пленочной оболочкой, содержит два компонента (10 мг + 100 мг), что указывает на комбинированное гипотензивное средство. Действующие вещества в тексте явно не названы, поэтому МНН не указан. Отпуск предположительно рецептурный, упаковка содержит 90 таблеток.",found,амлодипин + лозартан
ЛЕККЕР БРИЛЛИАНТОВЫЙ ЗЕЛЕНЫЙ Р-Р 1% ФЛ. С КИСТЬЮ 20МЛ | ЛЕККЕР ЗАО | ЛЕККЕР ЗАО,Бриллиантовый зелёный,otc,Йод + [Калия йодид + Этанол],otc,Йод,otc,,,,,,,"Йод, Калия йодид, Этанол",otc,15560,359,drug,Леккер,раствор,1%,наружно,"Препарат представляет собой спиртовой раствор бриллиантового зелёного для наружного применения. В названии указаны действующее вещество, концентрация 1% и форма выпуска во флаконе с кистью.",found,Бриллиантовый зеленый
ЛЕВОФЛОКСАЦИН РЕНЕВАЛ ТАБЛ. П/ПЛЕН/ОБ. 500МГ №10 | ОБНОВЛЕНИЕ ПФК АО | ОБНОВЛЕНИЕ ПФК АО,левофлоксацин,rx,Метамизол натрия,otc,Парацетамол,otc,"Ацетилсалициловая кислота, Аскорбиновая кислота",,Розувастатин,rx,,,,otc,15745,359,drug,Реневал,таблетки,500 мг,перорально,"В тексте явно указаны МНН левофлоксацин, бренд Реневал, лекарственная форма — таблетки в пленочной оболочке, дозировка 500 мг и упаковка №10. Левофлоксацин — рецептурный антибиотик-фторхинолон для приема внутрь, применяется преимущественно у взрослых.",found,Левофлоксацин
ЛЕВОФЛОКСАЦИН-АКРИХИН ТАБЛ. П/ПЛЕН/ОБ. 500МГ №5 | АДИФАРМ ЕАД | АДИФАРМ ЕАД,Левофлоксацин,rx,Левофлоксацин,rx,,,,,Левофлоксацин,rx,,,Левофлоксацин,rx,15757,359,drug,Левофлоксацин-Акрихин,таблетки,500 мг,перорально,"Препарат содержит левофлоксацин 500 мг в форме таблеток, покрытых плёночной оболочкой, что явно указано в названии. Это рецептурный антибиотик для перорального применения, поэтому возрастной сегмент определён как взрослые.",found,Левофлоксацин
ЛЕВОКАРНИТИН Р-Р ДЛЯ В/В И В/М 100МГ/МЛ АМП. 5МЛ №10 ВЕЛФАРМ | Велфарм ООО | Велфарм ООО,Левокарнитин,rx,Левокарнитин,rx,,,,,,,,,Левокарнитин,,15797,359,drug,,раствор,100 мг/мл,внутримышечно,"В названии указано действующее вещество левокарнитин, лекарственная форма и концентрация. Препарат является инъекционным раствором, поэтому отнесён к рецептурным. Возрастной сегмент по умолчанию — взрослые.",found,левокарнитин
ЛАРИГАМА Р-Р ДЛЯ В/М ВВЕД. АМП. 2МЛ №10 | ГРОТЕКС ООО | ГРОТЕКС ООО,,рецептурный,Пиридоксин + Тиамин + Цианокобаламин + [Лидокаин],rx,Пиридоксин* + Тиамин* + Цианокобаламин* + Лидокаин,rx,,,,rx,,,"[Лидокаин], Пиридоксин, Тиамин, Цианокобаламин",rx,15921,359,drug,Ларигама,раствор,,внутримышечно,"Из текста извлечены торговое наименование, форма выпуска и путь введения. Действующее вещество и дозировка не указаны, поэтому МНН, дозировка и нозология не определены.",found,Пиридоксин+Тиамин+Цианокобаламин+Лидокаин
ЛАМОЛЕП ТАБЛ. 50МГ №30 | ГЕДЕОН РИХТЕР ОАО/ГЕДЕОН РИХТЕР-РУС АО | ГЕДЕОН РИХТЕР ОАО/ГЕДЕОН РИХТЕР-РУС АО,,рецептурный,Ламотриджин,rx,Ламотриджин,rx,,,Ламотриджин,rx,,,Ламотриджин,rx,15949,359,drug,Ламолеп,таблетки,50 мг,перорально,"Препарат Ламолеп в форме таблеток по 50 мг, применяется перорально. Относится к рецептурным лекарственным средствам для взрослых; активное вещество в тексте явно не указано.",found,ламотриджин
ЛАМИТОР ТАБЛ. 100МГ №50 | ТОРРЕНТ ФАРМАСЬЮТИКАЛС ЛТД | ТОРРЕНТ ФАРМАСЬЮТИКАЛС ЛТД,,рецептурный,Ламотриджин,rx,Ламотриджин,rx,,,Ламотриджин,rx,,,Ламотриджин,rx,15957,359,drug,ЛАМИТОР,таблетки,100 мг,перорально,"Препарат выпускается в форме таблеток по 100 мг, в упаковке №50; МНН в тексте не указан, поэтому оставлен пустым. Торговое название ЛАМИТОР относится к противосудорожным средствам, отпускаемым по рецепту. Возрастная группа выбрана как взрослые, так как детских указаний нет.",found,Ламотригин
"ЛАЗОЛВАН Р-Р Д/ПРИЕМА ВНУТРЬ И ИНГАЛ. 7,5МГ/МЛ ФЛ-КАП. 100МЛ | ИНСТИТУТ ДЕ АНГЕЛИ С.Р.Л. | ИНСТИТУТ ДЕ АНГЕЛИ С.Р.Л.",,безрецептурный,Амброксол,otc,Трамазолин,otc,,,Амброксол,otc,,,Амброксол,otc,16144,360,drug,Лазолван,раствор,"7,5 мг/мл",ингаляционно,"Лазолван — раствор для приема внутрь и ингаляций 7,5 мг/мл, показанный при кашле. Действующее вещество в тексте прямо не указано, поэтому МНН не заполнен. Возрастных уточнений нет, для типичного средства выбран взрослый сегмент.",found,амброксола гидрохлорид
"КСИЛЕН КАПЛИ НАЗ. 0,1% ФЛ-КАП. 20МЛ №4 | ВЕРОФАРМ ООО | ВЕРОФАРМ ООО",,otc,Ксилометазолин,otc,Ксилометазолин,otc,,,Декспантенол,otc,,,Ксилометазолин,otc,16411,361,drug,Ксилен,капли,"0,1%",назальный,"Препарат идентифицируется как назальные капли Ксилен; действующее вещество в тексте не указано, поэтому МНН не заполнен. Лекарственная форма, концентрация и объём упаковки читаются в названии. Поскольку это типичный безрецептурный деконгестант без детских указаний, возрастной сегмент определён как взрослые.",found,Ксилометазолин
КСИЗАЛ ТАБЛ. П/ПЛЕН/ОБ. 5МГ №10 | ЮСБ ФАРШИМ С.А. | ЮСБ ФАРШИМ С.А.,,otc,Левоцетиризин,otc,Левоцетиризин,otc,,,Левоцетиризин,otc,,,Левоцетиризин,otc,16419,361,drug,Ксизал,таблетки,5 мг,перорально,"По тексту идентифицирован бренд Ксизал, действующее вещество явно не указано, поэтому МНН оставлен пустым. Форма, дозировка и упаковка прочитаны из названия: таблетки 5 мг №10. Препарат относится к антигистаминным средствам и отпускается без рецепта.",found,Левоцетиризин
КРЕОН 25000 КАПС. КИШ/РАСТ. 25000ЕД №20 | ВЕРОФАРМ АО | ВЕРОФАРМ АО,,rx,Панкреатин,otc,Панкреатин,otc,,,Панкреатин,otc,,,Панкреатин,otc,16518,361,drug,Креон,капсулы,25000 ЕД,перорально,"Креон 25000 — ферментный препарат в кишечнорастворимых капсулах для приёма внутрь. МНН в тексте не указано, поэтому оставлено пустым. Рецептурный статус и возрастная группа определены по типу препарата.",found,Панкреатин
КОСТАРОКС ТАБЛ. П/ПЛЕН/ОБ. 90МГ №28 | КАДИЛА ФАРМАСЬЮТИКАЛЗ ЛИМИТЕД | КАДИЛА ФАРМАСЬЮТИКАЛЗ ЛИМИТЕД,,рецептурный,Эторикоксиб,rx,Эторикоксиб,rx,,,Эторикоксиб,rx,,,Эторикоксиб,rx,16640,361,drug,Костарокс,таблетки,90 мг,перорально,"Товар представляет собой таблетки в пленочной оболочке по 90 мг, упаковка 28 штук. Действующее вещество в имени не указано, поэтому МНН и комбинированность оставлены пустыми. Препарат типичен для взрослых, форма выпуска и дозировка читаются из названия.",found,Эторикоксиб
КОРДИАМИН КАПЛИ Д/ПРИЕМА ВНУТРЬ 25% ФЛ-КАП. 30МЛ ТЕХНОПАРК-ЦЕНТР | ТЕХНОПАРК-ЦЕНТР ООО | ТЕХНОПАРК-ЦЕНТР ООО,,,Никетамид,otc,Никетамид,otc,,,Никетамид,rx,,,Никетамид,otc,16703,361,drug,Кордиамин,капли,25%,перорально,"В тексте указаны торговое наименование (Кордиамин), лекарственная форма (капли), способ применения (внутрь) и дозировка (25%). МНН и терапевтический класс явно не указаны, поэтому эти атрибуты оставлены пустыми.",found,никометамид
"КО-ВАМЛОСЕТ ТАБЛ. П/ПЛЕН/ОБ. 5МГ+160МГ+12,5МГ №90 | КРКА-РУС ООО | КРКА-РУС ООО",,rx,,,Амлодипин* + Валсартан* + Гидрохлоротиазид,rx,,,,rx,,,"Амлодипин, Валсартан, Гидрохлоротиазид",rx,17254,362,drug,Ко-Вамлосет,таблетки,"5 мг + 160 мг + 12,5 мг",перорально,"В названии указана торговая марка Ко-Вамлосет и дозировка, но действующие вещества не названы, поэтому МНН оставлен пустым. Препарат относится к рецептурным комбинированным антигипертензивным средствам, принимаемым внутрь. Форма, дозировка и упаковка №90 указаны явно.",found,амлодипин + валсартан + гидрохлоротиазид
КЛЕНЗИТ-С ГЕЛЬ Д/НАРУЖ. ПРИМ. ТУБА 15Г | ГЛЕНМАРК ФАРМАСЬЮТИКАЛС ЛТД | ГЛЕНМАРК ФАРМАСЬЮТИКАЛС ЛТД,,рецептурный,Адапален + Клиндамицин,otc,Адапален* + Клиндамицин,otc,,,Клиндамицин,otc,,,"Клиндамицин, Адапален",otc,17447,363,drug,Клензит-С,гель,,наружно,"Препарат представлен как гель для наружного применения в тубе 15 г. По названию и типу продукта идентифицирован как комбинированный препарат для лечения акне, однако действующие вещества в тексте не указаны, поэтому МНН не заполнен.",found,адапален + клиндамицин
КЛЕНБУТЕРОЛ Р-Р Д/ПРИЕМА ВНУТРЬ 1МКГ/МЛ ФЛ. 100МЛ ОЗОН | ОЗОН ООО | ОЗОН ООО,Кленбутерол,rx,Кленбутерол,rx,,,,,,,,,Кленбутерол,,17453,363,drug,,раствор,1 мкг/мл,перорально,"По тексту определено действующее вещество кленбутерол, лекарственная форма — раствор для приема внутрь, дозировка 1 мкг/мл. Это бронхолитическое средство, отпускается по рецепту. Возраст явно не указан, для типичного ЛС выбран сегмент взрослые.",found,Кленбутерол
КЕТОТИФЕН СОФАРМА СИРОП 1МГ/5МЛ ФЛ. 100МЛ | СОФАРМА АО | СОФАРМА АО,кетотифен,rx,Кетотифен,rx,,,,,Кетотифен,rx,,,Кетотифен,rx,17599,363,drug,Кетотифен Софарма,сироп,1 мг/5 мл,перорально,"Препарат содержит действующее вещество кетотифен, что явно указано в названии. Лекарственная форма — сироп 1 мг/5 мл, применяется внутрь. Возрастных указаний в тексте нет, поэтому возрастной сегмент определён как взрослые.",found,кетотифен
КВАМАТЕЛ ТАБЛ. П/ПЛЕН/ОБ. 40МГ №14 | ГЕДЕОН РИХТЕР ОАО/ГЕДЕОН РИХТЕР-РУС АО | ГЕДЕОН РИХТЕР ОАО/ГЕДЕОН РИХТЕР-РУС АО,,rx,Фамотидин,rx,Фамотидин,rx,,,Фамотидин,rx,,,Фамотидин,rx,17770,363,drug,Квамател,таблетки,40 мг,перорально,"Квамател указан как таблетки в пленочной оболочке 40 мг №14, поэтому форма, дозировка, путь введения и упаковка определяются явно. МНН в тексте не приведено, поэтому оно не заполняется. Возрастных указаний нет, препарат типичный для взрослых, семейство ЖКТ позволяет отнести его к средствам для лечения заболеваний ЖКТ.",found,Фамотидин
КАШНОЛ ЭКСПЕКТОРАНТ СИРОП ФЛ. 200МЛ | ЛОК-БЕТА ФАРМАСЬЮТИКАЛС (И) ПВТ.ЛТД | ЛОК-БЕТА ФАРМАСЬЮТИКАЛС (И) ПВТ.ЛТД,,otc,Бромгексин + Гвайфенезин + Сальбутамол,rx,Бромгексин* + Гвайфенезин* + Сальбутамол,rx,,,Бромгексин,rx,,,"Бромгексин, Гвайфенезин, Сальбутамол",rx,17777,363,drug,Кашнол Экспекторант,сироп,,перорально,"Препарат идентифицирован как отхаркивающий сироп для приёма внутрь, но действующее вещество в тексте не указано, поэтому МНН и дозировка не определяются. Судя по форме выпуска и назначению, вероятен безрецептурный отпуск.",found,Бромгексин + Гвайфенезин + Сальбутамол
КАРИПАЗИМ ЛИОФ. Д/Р-РА Д/НАРУЖ. ПРИМ. 350ПЕ ФЛ. №1 ВИФИТЕХ | ВИФИТЕХ | ВИФИТЕХ,,rx,Папайи млечный сок,rx,Папайи млечный сок,rx,,,Папаин,rx,,,Папайи млечный сок,rx,17852,363,drug,Карипазим,лиофилизат,350 ПЕ,наружно,"Препарат представляет собой лиофилизат для наружного применения с дозировкой 350 ПЕ во флаконе №1. Относится к ферментным средствам; активное вещество в тексте явно не названо, поэтому МНН не указан. Вероятен отпуск по рецепту.",found,Папайи млечного сока экстракт
КАПСИКУМ-ПЛЮС ГРАН. ГОМЕОПАТ. ФЛ. 20Г | ДОКТОР Н ООО | ДОКТОР Н ООО,,otc,,otc,,otc,,,,otc,,,,otc,17984,364,drug,Капсикум-плюс,гранулы,,перорально,"Гомеопатический препарат в гранулах, применяемый внутрь. В тексте отсутствует МНН и заявленное терапевтическое действие, поэтому часть атрибутов не заполнена.",not_found,
КАМИСТАД ГЕЛЬ Д/МЕСТН. ПРИМ. 20МГ/Г+185МГ/Г ТУБА 10Г | ШТАДА | ШТАДА,,otc,,,,otc,,,Лидокаин,otc,,,Лидокаин,otc,18152,364,drug,Камистад,гель,20 мг/г + 185 мг/г,,"Текст содержит торговое название, форму «гель», местное применение, концентрации 20 мг/г + 185 мг/г и упаковку «туба 10 г». Действующие вещества не названы явно, поэтому МНН не указан. Препарат стоматологический и относится к безрецептурным.",found,лидокаин + экстракт ромашки
КАЛИЯ ОРОТАТ ТАБЛ. 500МГ №10 АВВА РУС | АВВА РУС | АВВА РУС,Калия оротат,otc,,,,,,,,,,,,,18278,364,drug,,таблетки,500 мг,перорально,"Препарат Калия оротат в таблетках 500 мг, производитель АВВА РУС. Относится к метаболическим средствам, принимается внутрь. Возрастных указаний нет, поэтому типично для взрослых.",found,Оротовая кислота
КАГОЦЕЛ ТАБЛ. 12МГ №30 | НИАРМЕДИК ПЛЮС ООО/НИАРМЕДИК ФАРМА ООО | НИАРМЕДИК ПЛЮС ООО/НИАРМЕДИК ФАРМА ООО,Кагоцел,без рецепта,Кагоцел,otc,,,,,,otc,,,Кагоцел,otc,18320,364,drug,Кагоцел,таблетки,12 мг,перорально,"Текст явно указывает на препарат Кагоцел в таблетках по 12 мг, упаковка №30. Это безрецептурное противовирусное средство, принимаемое внутрь, без детских указаний, поэтому возрастной сегмент — взрослые.",found,кагоцел
КАВИНТОН КОНЦ. Д/Р-РА Д/ИНФ. 5МГ/МЛ АМП. 5МЛ №10 | ГЕДЕОН РИХТЕР ОАО | ГЕДЕОН РИХТЕР ОАО,,rx,Винпоцетин,rx,Винпоцетин,rx,,,Винпоцетин,rx,,,Винпоцетин,rx,18327,364,drug,Кавинтон,раствор,5 мг/мл,внутривенно,"Текст содержит торговое название Кавинтон, действующее вещество явно не указано, поэтому МНН не определяется. Форма выпуска — концентрат для приготовления раствора для инфузий в ампулах 5 мл №10, путь введения внутривенный. Препарат относится к средствам, улучшающим мозговое кровообращение.",found,Винпоцетин
ЙОХИМБИНА ГИДРОХЛОРИД ТАБЛ. 5МГ №50 | ЗДОРОВЬЕ ФАРМАЦЕВИЧЕСКАЯ КОМПАНИЯ ООО | ЗДОРОВЬЕ ФАРМАЦЕВИЧЕСКАЯ КОМПАНИЯ ООО,Йохимбин,rx,Йохимбина гидрохлорид,rx,,,,,,,,,Йохимбина гидрохлорид,,18349,364,drug,,таблетки,5 мг,перорально,"В наименовании указано действующее вещество йохимбин в форме гидрохлорида, форма выпуска — таблетки по 5 мг в упаковке №50. Препарат относится к урологическим средствам для лечения эректильной дисфункции и применяется внутрь у взрослых.",found,Йохимбина гидрохлорид
ИНВОКАНА ТАБЛ. П/ПЛЕН/ОБ. 100МГ №30 | ЯНССЕН ОРТО ЛЛС | ЯНССЕН ОРТО ЛЛС,,rx,Канаглифлозин,rx,Канаглифлозин,rx,,,Канаглифлозин,rx,,,Канаглифлозин,rx,18732,364,drug,Инвокана,таблетки,100 мг,перорально,"По тексту определены торговое наименование «Инвокана», лекарственная форма, дозировка и упаковка. МНН в тексте отсутствует, поэтому mnn=null. Препарат известен как рецептурное противодиабетическое средство для взрослых.",found,канаглифлозин
"ИЗАКАРДИН СПРЕЙ ПОДЪЯЗЫЧ. ДОЗИРОВ. 1,25МГ/ДОЗА ФЛ. 15МЛ 300ДОЗ ФАРМАМЕД | ФАРМАМЕД ООО | ФАРМАМЕД ООО",,rx,Изосорбида динитрат,rx,Изосорбида динитрат,rx,,,Изосорбида динитрат,rx,,,Изосорбида динитрат,rx,18837,366,drug,Изакардин,спрей,"1,25 мг/доза",сублингвально,"Препарат для сердечно-сосудистой системы в форме подъязычного дозированного спрея. В тексте нет явного МНН, поэтому вещество не указано. Форма, путь введения, дозировка и упаковка читаются из названия.",found,изосорбида динитрат
"ИГЛА IME-FINE УНИВЕРСАЛЬНАЯ ИНЪЕКЦИОННАЯ ОДНОРАЗОВАЯ ДЛЯ ИНСУЛИНОВЫХ ШПРИЦ-РУЧЕК 31G 0,26Х5ММ №100 | NINGBO CAREMED MEDICAL PRODUCTS | NINGBO CAREMED MEDICAL PRODUCTS | 31 G",,,,,,,,,,,,,,,18857,366,drug,IME-FINE,,"31G 0,26х5 мм",инъекционное,"Товар — одноразовая инъекционная игла для инсулиновых шприц-ручек, поэтому МНН и нозология неприменимы. Из текста определены размер 31G 0,26х5 мм и упаковка 100 штук; возрастной признак отсутствует.",not_found,
ИВАБРАДИН ТАБЛ. П/ПЛЕН/ОБ. 5МГ №56 ОЗОН | ОЗОН ООО | ОЗОН ООО,Ивабрадин,rx,Ивабрадин,rx,,,,,,,,,Ивабрадин,,18866,366,drug,,таблетки,5 мг,перорально,"В тексте явно указано действующее вещество ивабрадин, форма выпуска и дозировка. Препарат отпускается по рецепту и применяется у взрослых.",found,Ивабрадин
ЗОВИРАКС ТАБЛ. 200МГ №25 | ГЛАКСО ВЭЛЛКОМ С.А. | ГЛАКСО ВЭЛЛКОМ С.А.,,рецептурный,Ацикловир,rx,Ацикловир,rx,,,Ацикловир,rx,,,Ацикловир,rx,19072,366,drug,Зовиракс,таблетки,200 мг,перорально,"В тексте указан бренд Зовиракс, форма «таблетки», дозировка 200 мг и упаковка №25. Действующее вещество явно не указано, поэтому МНН не заполнен. Препарат относится к системным противовирусным средствам для лечения герпетических инфекций.",found,ацикловир
ЗИРТЕК КАПЛИ Д/ПРИЕМА ВНУТРЬ 10МГ/МЛ ФЛ-КАП. 20МЛ | ЭЙСИКА ФАРМАСЬЮТИКАЛЗ С.Р.Л. | ЭЙСИКА ФАРМАСЬЮТИКАЛЗ С.Р.Л.,,otc,Цетиризин,otc,Цетиризин,otc,,,Цетиризин,otc,,,Цетиризин,otc,19082,366,drug,Зиртек,капли,10 мг/мл,перорально,"Из названия извлечены путь введения, лекарственная форма, дозировка и объём упаковки. Действующее вещество и терапевтический класс в тексте не указаны, поэтому mnn и nosology оставлены пустыми.",found,цетиризин
ЗИНЕРИТ ПОР. Д/Р-РА Д/НАРУЖ. ПРИМ. ФЛ. 30МЛ | ЛЕО ФАРМА А/С | ЛЕО ФАРМА А/С,,рецептурный,Цинка ацетат + Эритромицин,otc,,,,,Эритромицин,otc,,,"Эритромицин, Цинка ацетат",otc,19087,366,drug,Зинерит,порошок,,наружно,"Препарат опознан как Зинерит, по показаниям относится к средствам для местного лечения акне. В тексте не указано действующее вещество, поэтому МНН не заполнен. Лекарственная форма и способ применения читаются: порошок для раствора для наружного применения во флаконе 30 мл.",found,Эритромицин + Цинка ацетат
ЗИЛАКСЕРА ТАБЛ. 10МГ №28 | КРКА-РУС ООО | КРКА-РУС ООО,,rx,Арипипразол,rx,Арипипразол,rx,,,Арипипразол,rx,,,Арипипразол,rx,19108,366,drug,Зилаксера,таблетки,10 мг,перорально,"В тексте указано торговое наименование «Зилаксера», форма выпуска и дозировка, но МНН не приведён, поэтому mnn оставлен пустым. С учётом группы «Кровь / Кровеносная система» препарат можно отнести к антикоагулянтам. Таблетированная форма и отсутствие детских указаний позволяют предположить пероральный приём у взрослых.",not_found,
ЗИЛАКСЕРА ТАБЛ. 15МГ №28 | КРКА-РУС ООО | КРКА-РУС ООО,,рецептурный,Арипипразол,rx,Арипипразол,rx,,,Арипипразол,rx,,,Арипипразол,rx,19106,366,drug,Зилаксера,таблетки,15 мг,перорально,"МНН в тексте не указан, поэтому оставлен пустым. По семейству «Кровь / Кровеносная система», форме «таблетки 15 мг №28» и производителю препарат относится к рецептурным антикоагулянтам. Атрибуты формы, дозировки и упаковки извлечены из названия.",found,Арипипразол
ЖЕНАЛЕ ТАБЛ. 10МГ №1 | ИЗВАРИНО ФАРМА ООО | ИЗВАРИНО ФАРМА ООО,,рецептурный,,,,,,,Мифепристон,rx,,,Мифепристон,,19315,367,drug,Женале,таблетки,10 мг,перорально,"В названии указаны торговое наименование Женале, форма «таблетки», дозировка 10 мг и упаковка №1. Действующее вещество в тексте не приведено, поэтому МНН не заполнен; по известному продукту это рецептурный гормональный препарат для взрослых.",found,Мифепристон
ДРОТАВЕРИН ДС Р-Р ДЛЯ В/В И В/М ВВЕД. 20МГ/МЛ АМП. 2МЛ №10 | ВЕТПРОМ АД | ВЕТПРОМ АД,Дротаверин,rx,Дротаверин,rx,,,,,Дротаверин,rx,,,Дротаверин,rx,19577,367,drug,Дротаверин ДС,раствор,20 мг/мл,инъекционное,"Препарат дротаверин в форме раствора для внутривенного и внутримышечного введения, концентрация 20 мг/мл. Относится к спазмолитикам. Возрастная группа принята как взрослые.",found,Дротаверин
ДОФАМИН-ФЕРЕЙН Р-Р Д/ИН. 4% АМП. 5МЛ №10 | БРЫНЦАЛОВ-А ПАО | БРЫНЦАЛОВ-А ПАО,Дофамин,rx,Допамин,rx,Допамин,rx,,,Допамин,rx,,,Допамин,rx,19695,367,drug,Дофамин-Ферейн,раствор,"4%, 5 мл",инъекционное,"Торговое название Дофамин-Ферейн, действующее вещество дофамин, форма — раствор для инъекций 4% в ампулах по 5 мл. Препарат относится к кардиотоническим средствам и отпускается по рецепту. Возрастной сигнал отсутствует, поэтому указаны взрослые.",found,дофамин
ДОРЗОПТ КАПЛИ ГЛАЗН. 2% ФЛ-КАП. 5МЛ №1 | РОМФАРМ КОМПАНИ С.Р.Л. | РОМФАРМ КОМПАНИ С.Р.Л.,,rx,Дорзоламид + Тимолол,rx,Дорзоламид* + Тимолол,rx,,,Дорзоламид,rx,,,"Дорзоламид, Тимолол",rx,19710,367,drug,ДОРЗОПТ,капли,2%,офтальмологический,"Товар - глазные капли Дорзопт 2%, 5 мл. Действующее вещество не указано в тексте, поэтому МНН и нозология не заполнены. Атрибуты формы, дозировки и возрастной группы заполнены на основе названия.",found,дорзоламид
ДОЛОКОКС ТАБЛ. П/ПЛЕН/ОБ. 90МГ №30 | МАКИЗ-ФАРМА | МАКИЗ-ФАРМА,,rx,Эторикоксиб,rx,Эторикоксиб,rx,,,Эторикоксиб,rx,,,Эторикоксиб,rx,19860,367,drug,ДОЛОКОКС,таблетки,90 мг,перорально,"Препарат ДОЛОКОКС определен как гормональное средство в форме таблеток, покрытых пленочной оболочкой, по 90 мг №30. Активное вещество в тексте не указано, поэтому МНН не заполнен; по контексту и подсказкам препарат отнесен к пероральным гормональным контрацептивам.",found,Эторикоксиб
ДИФЛЮКАН КАПС. 150МГ №4 | ФАРЕВА АМБУАЗ | ФАРЕВА АМБУАЗ,,rx,Флуконазол,otc,Флуконазол,otc,,,Флуконазол,otc,,,Флуконазол,otc,20063,368,drug,Дифлюкан,капсулы,150 мг,перорально,"В тексте указан бренд Дифлюкан, форма капсулы и дозировка 150 мг, №4. Явное МНН не приведено, поэтому не угадываю действующее вещество. Препарат относится к системным противогрибковым средствам, детских сигналов нет, возрастной сегмент — взрослые.",found,Флуконазол
ДИМЕКСИД Р-Р Д/НАРУЖ. ПРИМ. 25% ФЛ. ПОЛИМЕР. 200Г ЛЕКАРЬ | ЛЕКАРЬ | ЛЕКАРЬ,,otc,Диметилсульфоксид,otc,Диметилсульфоксид,otc,,,Диметилсульфоксид,otc,,,Диметилсульфоксид,otc,20172,368,drug,Димексид,раствор,25%,наружно,"Препарат представляет собой раствор димексида для наружного применения. МНН в тексте явно не указано, поэтому не заполнено. Возрастная группа выбрана по умолчанию как взрослые из-за отсутствия детского сигнала.",api_error,
ДИВАЗА ТАБЛ. Д/РАССАС. №100 | МАТЕРИА МЕДИКА ХОЛДИНГ НПФ | МАТЕРИА МЕДИКА ХОЛДИНГ НПФ,,otc,,otc,,otc,,,,otc,,,,otc,20358,368,drug,Диваза,таблетки,,перорально,"Товар — гомеопатический препарат Диваза в таблетках для рассасывания, №100. В тексте не указано действующее вещество, поэтому МНН не присвоено. Препарат отпускается без рецепта и типично применяется у взрослых.",api_error,
ДЕТРАВЕНОЛ ТАБЛ. П/ПЛЕН/ОБ. 1000МГ №30 | ОЗОН ООО | ОЗОН ООО,,otc,,,,,,,,,,,,,20477,368,drug,Детравелол,таблетки,1000 мг,перорально,"В названии указаны торговое наименование «Детравелол», дозировка 1000 мг и форма «таб. п/плен/об.» без явного МНН. По группе «Сердце и сосуды» препарат относится к венотоникам, принимаемым перорально взрослыми; упаковка содержит 30 таблеток.",api_error,
ДЕЛОРСИН ТАБЛ. 5МГ №10 | САНЕКА ФАРМАСЬЮТИКАЛС А.С. | САНЕКА ФАРМАСЬЮТИКАЛС А.С.,,otc,Дезлоратадин,otc,Дезлоратадин,otc,,,Дезлоратадин,otc,,,Дезлоратадин,otc,20558,368,drug,Делорсин,таблетки,5 мг,перорально,"Препарат Делорсин выпускается в форме таблеток 5 мг №10, поэтому указаны путь введения, форма выпуска, дозировка и упаковка. МНН в тексте отсутствует, а по дозировке и бренду вероятно антигистаминное средство для взрослых.",api_error,
ДЕКСКЕТОПРОФЕН Р-Р ДЛЯ В/В В/М ВВЕД. 25МГ/МЛ АМП. 2МЛ №10 БИОХИМИК | БИОХИМИК АО | БИОХИМИК АО,Декскетопрофен,rx,Декскетопрофен,rx,,,,,,,,,Декскетопрофен,,20588,368,drug,,раствор,25 мг/мл,внутримышечно,"В названии явно указано действующее вещество декскетопрофен и лекарственная форма — раствор для в/в и в/м введения. Это рецептурный НПВП, признаков детского применения нет, поэтому возрастной сегмент — взрослые.",api_error,
ДЕКСАЛГИН Р-Р ДЛЯ В/В В/М ВВЕД. 25МГ/МЛ АМП. 2МЛ №5 | А.МЕНАРИНИ МЭНЮФЕКЧЕРИНГ ЛОДЖИСТИКС ЭНД СЕРВИСИЗ С.Р.Л. | А.МЕНАРИНИ МЭНЮФЕКЧЕРИНГ ЛОДЖИСТИКС ЭНД СЕРВИСИЗ С.Р.Л.,,rx,Декскетопрофен,rx,Декскетопрофен,otc,,,Декскетопрофен,rx,,,Декскетопрофен,rx,20623,368,drug,Дексалгин,раствор,25 мг/мл,внутримышечно,"Препарат Дексалгин является инъекционным лекарственным средством; в тексте указаны концентрация, форма выпуска и способ введения. Действующее вещество явно не названо, поэтому МНН не заполнено.",api_error,
ДАЛЬФАЗ СР ТАБЛ. ПРОЛОНГ. 10МГ №30 | САНОФИ ВИНТРОП ИНДУСТРИЯ | САНОФИ ВИНТРОП ИНДУСТРИЯ,,рецептурный,Алфузозин,rx,,,,,Алфузозин,rx,,,Алфузозин,rx,20683,369,drug,ДАЛЬФАЗ СР,таблетки,10 мг,перорально,"По наименованию и форме определены лекарственная форма, дозировка и упаковка: таблетки пролонгированного действия, 10 мг, №30. Активное вещество в тексте не указано, поэтому МНН не проставлен. Препарат урологического профиля, применяется у взрослых.",api_error,
ДАЛЬНЕВА ТАБЛ. 5МГ+4МГ №90 | КРКА-РУС ООО | КРКА-РУС ООО,,rx,,,Амлодипин + Индапамид + Периндоприл,rx,,,Амлодипин,rx,,,"Амлодипин, Индапамид, Периндоприл",rx,20687,369,drug,Дальнева,таблетки,5 мг + 4 мг,перорально,"В тексте указано торговое наименование «Дальнева», таблетированная форма, дозировка 5 мг + 4 мг и упаковка №90. Действующие вещества явно не перечислены, поэтому МНН оставлен пустым. Препарат относится к сердечно-сосудистому классу, комбинированный, принимается перорально.",api_error,
ДАЙВОБЕТ МАЗЬ Д/НАРУЖ. ПРИМ. ТУБА 15Г | ЛЕО ЛЭБОРАТОРИС ЛИМИТЕД | ЛЕО ЛЭБОРАТОРИС ЛИМИТЕД,,rx,Бетаметазон + Кальципотриол,otc,Бетаметазон* + Кальципотриол,otc,,,Кальципотриол,otc,,,"Кальципотриол, Бетаметазон",otc,20699,369,drug,Дайвобет,мазь,,наружно,"Препарат Дайвобет представлен как мазь для наружного применения в тубе 15 г. Действующие вещества в тексте явно не указаны, поэтому МНН не заполнен; форма выпуска и способ применения читаются из названия.",api_error,
ГЭВКАМЕН МАЗЬ Д/НАРУЖ. ПРИМ. БАНКА 25Г ТУЛЬСКАЯ ФФ | ТУЛЬСКАЯ ФАРМАЦЕВТИЧЕСКАЯ ФАБРИКА ООО | ТУЛЬСКАЯ ФАРМАЦЕВТИЧЕСКАЯ ФАБРИКА ООО,,otc,Эвкалипта шарикового листьев+масло Камфоры+Левоментол,otc,Бромкамфора+Левоментол+Эвкалипта прутовидного листьев масло,otc,,,Камфора,otc,,,"Левоментол, Бромкамфора, Эвкалипта прутовидного листьев масло, Эвкалипта шарикового листьев, масло Камфоры",otc,20731,369,drug,ГЭВКАМЕН,мазь,,наружно,"Препарат идентифицирован как мазь для наружного применения под брендом ГЭВКАМЕН; product_family указывает на опорно-двигательный аппарат. Действующее вещество и концентрация в тексте не указаны, поэтому mnn, dosage и combination_hint не заполнены. Отпуск безрецептурный.",api_error,
ГРАНДАПАМ ТАБЛ. 50МГ №60 | ФАРМАСИНТЕЗ АО | ФАРМАСИНТЕЗ АО,,рецептурный,Тофизопам,rx,Тофизопам,rx,,,Тофизопам,rx,,,Тофизопам,rx,20840,369,drug,Грандапам,таблетки,50 мг,перорально,"В названии указаны лекарственная форма «таблетки», дозировка 50 мг, упаковка №60 и бренд «Грандапам». Препарат относится к рецептурным анксиолитикам, но действующее вещество в тексте не раскрыто, поэтому МНН не заполнено.",api_error,
"ГОНАЛ-Ф Р-Р ДЛЯ П/К ВВЕД. 66МКГ/1,5МЛ (900МЕ) ШПРИЦ-РУЧКА 1,5МЛ №1 +ИГЛЫ №20 | МЕРК СЕРОНО С.П.А. | МЕРК СЕРОНО С.П.А.",,rx,,,Фоллитропин альфа,rx,,,Фоллитропин альфа,rx,,,Фоллитропин альфа,rx,20899,369,drug,Гонал-Ф,раствор,"66 мкг/1,5 мл (900 МЕ)",подкожно,"Препарат Гонал-Ф — рецептурный гормональный лекарственный препарат, выпускаемый в виде раствора для подкожного введения в шприц-ручке. МНН в тексте не указано, поэтому оставлено пустым; возрастных детских указаний нет, препарат типичен для взрослых.",api_error,
ГЛИЦЕРОМ СУПП. РЕКТ. ГОМЕОП. №6 | ДОКТОР Н ООО | ДОКТОР Н ООО,,otc,,otc,,,,,,otc,,,,otc,21047,369,drug,Глицером,,,ректально,"Текст определяет ректальные гомеопатические суппозитории «Глицером» №6 производителя «Доктор Н». Явный МНН, дозировка и состав не указаны, поэтому соответствующие атрибуты оставлены пустыми.",api_error,
ГЛИЦЕРИН Р-Р Д/НАРУЖ. ПРИМ. ФЛ. 25Г ИВАНОВСКАЯ ФФ | ИВАНОВСКАЯ ФФ | ИВАНОВСКАЯ ФФ,Глицерин,otc,Глицерол,otc,,,,,Глицерол,otc,,,Глицерол,otc,21065,369,drug,,раствор,,наружно,"Явное действующее вещество — глицерин, форма — раствор для наружного применения. Препарат безрецептурный, детских сигналов нет, возрастной сегмент — взрослые. Концентрация не указана, указан только объём флакона 25 г.",api_error,
ГИПОСАРТ ТАБЛ. 32МГ №28 | ПОЛЬФАРМА АО | ПОЛЬФАРМА АО,,rx,Кандесартан,rx,Кандесартан,rx,,,Индапамид,rx,,,Кандесартан,rx,21183,370,drug,Гипосарт,таблетки,32 мг,перорально,"Препарат относится к рецептурным гипотензивным средствам, форма и дозировка указаны явно. Действующее вещество в тексте не названо, поэтому МНН не заполнен.",api_error,
ГИПОСАРТ А ТАБЛ. 5МГ+16МГ №30 | АКРИХИН ХФК АО | АКРИХИН ХФК АО,,rx,Амлодипин + Кандесартан,rx,Амлодипин+Кандесартан,rx,,,Амлодипин,rx,,,"Амлодипин, Кандесартан",rx,21189,370,drug,Гипосарт А,таблетки,5 мг + 16 мг,перорально,"В тексте указаны торговое название, лекарственная форма «таблетки», дозировка «5 мг + 16 мг» и упаковка №30. Препарат можно отнести к комбинированным гипотензивным средствам, однако действующие вещества явно не названы, поэтому МНН не заполнен.",api_error,
"ГЕРБИОН ПЛЮЩ ТАБЛ. Д/РАССАС. 35МГ №16 | КРКА, Д.Д., НОВО МЕСТО АО | КРКА, Д.Д., НОВО МЕСТО АО",,безрецептурный,Плюща листьев экстракт,otc,,,,,Плюща обыкновенного листья,otc,,,,otc,21325,370,drug,Гербион Плющ,таблетки,35 мг,перорально,"Препарат Гербион Плющ — растительное отхаркивающее средство в таблетках для рассасывания по 35 мг, в упаковке 16 таблеток. МНН в тексте надёжно не указан, поэтому оставлен пустым.",api_error,
ГЕПАТОСАН КАПС. 200МГ №10 | МЕДМИНИПРОМ ЗАО | МЕДМИНИПРОМ ЗАО,,без рецепта,,,,otc,,,,otc,,,,otc,21349,370,drug,Гепатосан,капсулы,200 мг,перорально,"Гепатосан — гепатопротекторный препарат в капсулах по 200 мг, упаковка №10. Активное вещество/МНН в тексте не указано, поэтому МНН не заполняю; детских указаний нет, возраст — взрослые.",api_error,
ДИНАМИКО ЛОНГ ТАБЛ. П/ПЛЕН/ОБ. 5МГ №14 | ТЕВА ФАРМАЦЕВТИЧЕСКИЕ ПРЕДПРИЯТИЯ ЛТД. | ТЕВА ФАРМАЦЕВТИЧЕСКИЕ ПРЕДПРИЯТИЯ ЛТД.,,rx,Тадалафил,rx,Тадалафил,rx,,,Тадалафил,rx,,,Тадалафил,rx,20162,368,drug,Динамико Лонг,таблетки,5 мг,перорально,"Препарат урологической группы, форма и дозировка читаются из названия: таблетки 5 мг, упаковка №14. Действующее вещество в тексте не указано, поэтому МНН не заполняю; остальные атрибуты определены по форме выпуска и профилю продукта.",found,тадалафил
ГАЛВУС МЕТ ТАБЛ. П/ПЛЕН/ОБ. 50МГ+1000МГ №30 | НОВАРТИС НЕВА ООО | НОВАРТИС НЕВА ООО,,рецептурный,Вилдаглиптин + Метформин,rx,Вилдаглиптин* + Метформин,rx,,,Метформин,rx,,,"Метформин, Вилдаглиптин",rx,21649,371,drug,Галвус Мет,таблетки,50 мг + 1000 мг,перорально,"По тексту определены форма выпуска, дозировка, упаковка и путь введения. Препарат относится к рецептурным сахароснижающим средствам, возрастной сегмент — взрослые. МНН не указан в тексте, поэтому оставлен пустым.",api_error,
ВОДА ДЛЯ ИНЪЕКЦИЙ Р-ТЕЛЬ Д/ЛЕК. ФОРМ Д/ИН. АМП. 5МЛ №10 ДАЛЬХИМФАРМ | ДАЛЬХИМФАРМ ОАО | ДАЛЬХИМФАРМ ОАО,Вода для инъекций,otc,,,,,,,,,,,,,21776,371,drug,,раствор,5 мл,инъекционное,"Препарат представляет собой воду для инъекций (растворитель) в ампулах по 5 мл №10 производства Дальхимфарм. МНН — вода для инъекций, путь введения парентеральный, возрастных ограничений нет.",api_error,
ВОДА ДЛЯ ИНЪЕКЦИЙ Р-ТЕЛЬ Д/ЛЕК. ФОРМ Д/ИН. АМП. 2МЛ №10 ГРОТЕКС | ГРОТЕКС ООО | ГРОТЕКС ООО,Вода для инъекций,otc,,,,,,,,,,,,,21784,371,drug,,раствор,2 мл,инъекционное,"В тексте явно указана вода для инъекций как растворитель для лекарственных форм для инъекций в ампулах по 2 мл №10, торгового названия нет. Это вспомогательный раствор без терапевтической специфики, отпускается без рецепта. Возрастная группа не указана, поэтому для типичного лекарственного средства принята как взрослая.",api_error,
ВИУМКСИДИН Р-Р ДЛЯ В/ПОЛОСТН. ВВЕД. И НАРУЖ. ПРИМ. 10МГ/МЛ АМП. 10МЛ №10 | Армавирская биофабрика ФКП | Армавирская биофабрика ФКП,,рецептурный,Гидроксиметилхиноксалиндиоксид,rx,Гидроксиметилхиноксалиндиоксид,rx,,,Гидроксиметилхиноксалиндиоксид,rx,,,Гидроксиметилхиноксалиндиоксид,rx,21938,371,drug,ВИУМКСИДИН,раствор,10 мг/мл,наружно,"Препарат представляет собой раствор для внутриполостного введения и наружного применения в ампулах по 10 мл №10, концентрация 10 мг/мл. Действующее вещество в тексте не читается как МНН, поэтому mnn не указан. По характеру применения отнесён к антисептикам; детских указаний нет, типичный лекарственный препарат для взрослых.",api_error,
ВИЛЬПРАФЕН СОЛЮТАБ ТАБЛ. ДИСПЕРГ. 1000МГ №10 | ФАМАР ЛИОН | ФАМАР ЛИОН,,rx,Джозамицин,rx,,,,,Джозамицин,rx,,,Джозамицин,rx,22393,372,drug,Вильпрафен Солютаб,таблетки,1000 мг,перорально,"Препарат Вильпрафен Солютаб — диспергируемые таблетки 1000 мг, в упаковке 10 штук. МНН в тексте не указан, поэтому он не заполнен. Применяется внутрь, отпускается по рецепту.",api_error,
ВЕНЛАФАКСИН-АЛСИ ТАБЛ. 75МГ №50 | АЛСИ ФАРМА АО | АЛСИ ФАРМА АО,Венлафаксин,rx,Венлафаксин,rx,Венлафаксин,rx,,,Венлафаксин,rx,,,Венлафаксин,rx,22647,372,drug,Венлафаксин-Алси,таблетки,75 мг,перорально,"Препарат содержит венлафаксин, указанный в названии, в форме таблеток по 75 мг, упаковка №50. Это рецептурный антидепрессант, применяемый внутрь. Возрастная группа — взрослые, детских указаний нет.",api_error,
ВЕЛФЕРРУМ Р-Р ДЛЯ В/В ВВЕД. 20МГ/МЛ АМП. 5МЛ №5 | ВЕЛФАРМ ООО | ВЕЛФАРМ ООО,,rx,Железа (III) гидроксид сахарозный комплекс,rx,Железа,rx,,,Железо-сахарозный комплекс,rx,,,Железа комплекс,rx,22677,372,drug,Велферрум,раствор,20 мг/мл,внутривенно,"Препарат Велферрум представляет собой раствор для внутривенного введения 20 мг/мл в ампулах по 5 мл. Действующее вещество в тексте явно не указано, поэтому МНН не заполнено. Судя по названию и группе, это препарат железа, применяется у взрослых.",api_error,
ВЕЛДЕКСАЛ ТАБЛ. П/ПЛЕН/ОБ. 25МГ №10 | ВЕЛФАРМ ООО | ВЕЛФАРМ ООО,,,Декскетопрофен,otc,Декскетопрофен,otc,,,Декскетопрофен,rx,,,Декскетопрофен,otc,22701,373,drug,Велдексал,таблетки,25 мг,перорально,"Торговое наименование — Велдексал, форма и дозировка читаются явно. Действующее вещество и рецептурный статус в тексте отсутствуют, поэтому mnn и rx_otc не заполнены. На основе семейства 'Боль и Температура' выбрана терапевтическая группа анальгетик-антипиретик.",api_error,
"ВЕЛГИЯ Р-Р П/К ВВЕД. 2,4МГ/ДОЗА ШПРИЦ-РУЧКА 3МЛ №1+ИГЛА №5 | МЕДСИНТЕЗ ЗАВОД/БИОХИМИК АО | МЕДСИНТЕЗ ЗАВОД/БИОХИМИК АО",,rx,Семаглутид,rx,Семаглутид,rx,,,Семаглутид,rx,,,Семаглутид,rx,22703,373,drug,Велгия,раствор,"2,4 мг/доза",подкожно,"Из текста определены лекарственная форма, дозировка, способ введения и упаковка. Действующее вещество в тексте не указано, поэтому МНН и нозология не заполнены. Препарат в шприц-ручке для подкожного введения относится к рецептурным.",api_error,
ВАНКОМИЦИН ПОР. Д/Р-РА Д/ИНФ. И ПРИЕМА ВНУТРЬ 1Г ФЛ. №1 ИНТЕРФАРМА | ИНТЕРФАРМА ООО | ИНТЕРФАРМА ООО,Ванкомицин,rx,,,,,,,,,,,,,22817,373,drug,,порошок,1 г,внутривенно,"В тексте указано МНН ванкомицин, лекарственная форма порошка для приготовления раствора для инфузий и приема внутрь, дозировка 1 г во флаконе. Это рецептурный антибиотик, возрастных указаний нет, поэтому выбран сегмент «взрослые».",api_error,
"ВАЛОКОРДИН ТАБЛ. 7,544МГ+7,544МГ №20 | УСОЛЬЕ-СИБИРСКИЙ ХИМИКО-ФАРМАЦЕВТИЧЕСКИЙ ЗАВОД АО | УСОЛЬЕ-СИБИРСКИЙ ХИМИКО-ФАРМАЦЕВТИЧЕСКИЙ ЗАВОД АО",,otc,,,Фенобарбитал+Этилбромизовалерианат,otc,,,Фенобарбитал,otc,,,"Фенобарбитал, Этилбромизовалерианат",otc,22881,373,drug,Валокордин,таблетки,"7,544 мг + 7,544 мг",перорально,"Валокордин — комбинированный седативный препарат в таблетках для приёма внутрь. В тексте указаны дозировка 7,544 мг+7,544 мг и упаковка №20, но названия действующих веществ отсутствуют, поэтому МНН не заполнен.",api_error,
ВАЛИДОЛ ТАБЛ. П/ЯЗЫЧН. 60МГ №16 ОБНОВЛЕНИЕ | ОБНОВЛЕНИЕ ПФК АО | ОБНОВЛЕНИЕ ПФК АО,,otc,Левоментола раствор в ментил изовалерате,otc,Левоментола раствор в ментил изовалерате,otc,,,Левоментола раствор в ментилизовалерате,otc,,,Левоментола раствор в ментил изовалерате,otc,22890,373,drug,ВАЛИДОЛ,таблетки,60 мг,сублингвально,"Препарат Валидол выпускается в виде таблеток для подъязычного применения с дозировкой 60 мг. Относится к седативным средствам, отпускается без рецепта. МНН и состав не указаны в тексте.",api_error,
ВАЛИДОЛ ТАБЛ. П/ЯЗЫЧН. 60МГ №10 ЮЖФАРМ | ЮЖФАРМ ООО | ЮЖФАРМ ООО,,otc,Левоментола раствор в ментил изовалерате,otc,Левоментола раствор в ментил изовалерате,otc,,,Левоментола раствор в ментилизовалерате,otc,,,Левоментола раствор в ментил изовалерате,otc,22891,373,drug,Валидол,таблетки,60 мг,сублингвально,"Из текста извлечены форма выпуска, дозировка и количество в упаковке. Действующее вещество не указано, поэтому МНН не заполнен; препарат безрецептурный.",api_error,
ВАЛЕМИДИН ПЛЮС СИРОП БЕЗ САХАРА ФЛ. 100МЛ | ФАРМАМЕД ООО | ФАРМАМЕД ООО,,otc,,,,otc,,,,otc,,,,otc,22968,373,drug,Валемидин Плюс,сироп,,перорально,"В тексте указано только торговое наименование, состав не раскрыт, поэтому МНН не определяется. Препарат относится к нервной системе и выпускается в форме сиропа для приема внутрь. Судя по названию и форме выпуска, это безрецептурное седативное средство.",api_error,
ВАЛАЦИКЛОВИР ТАБЛ. П/ПЛЕН/ОБ. 500МГ №10 РОЗЛЕКС ФАРМ | РОЗЛЕКС ФАРМ | РОЗЛЕКС ФАРМ,Валацикловир,rx,Валацикловир,rx,,,,,,,,,Валацикловир,,22979,373,drug,,таблетки,500 мг,перорально,"Препарат Валацикловир в таблетках по 500 мг, покрытых пленочной оболочкой, производитель Розлекс Фарм. Это рецептурное противовирусное средство для приема внутрь, применяемое при герпетических инфекциях. Упаковка содержит 10 таблеток.",api_error,
БУТАДИОН-АЛИУМ ТАБЛ. 150МГ №20 | АЛИУМ АО | АЛИУМ АО,,rx,Фенилбутазон,rx,,,,,Фенилбутазон,rx,,,Фенилбутазон,rx,23099,374,drug,Бутадион-Алиум,таблетки,150 мг,перорально,"Торговое наименование «Бутадион-Алиум» содержит дозировку 150 мг и форму «таблетки», упаковка №20. Действующее вещество (МНН) в тексте отдельно не указано, поэтому mnn не заполнено. Препарат относится к НПВС для приёма внутрь, отпускается по рецепту.",api_error,
"БИФИДУМБАКТЕРИН ФОРТЕ ПОР. Д/ПРИЕМА ВНУТРЬ 50МЛН.КОЕ/ПАКЕТ ПАК. 0,85Г №30 ПРОБИОФАРМ | ПРОБИОФАРМ ООО | ПРОБИОФАРМ ООО",Бифидобактерии бифидум,otc,,,Бифидобактерии бифидум,otc,,,Бифидобактерии бифидум,otc,,,Бифидобактерии бифидум,otc,23521,375,drug,Бифидумбактерин Форте,порошок,50 млн КОЕ/пакет,перорально,"Пробиотик с бифидобактериями (бифидобактерии бифидум) в форме порошка для приема внутрь. Дозировка 50 млн КОЕ/пакет, в упаковке 30 пакетов по 0,85 г. Отпускается без рецепта.",api_error,
БИСОМОР ТАБЛ. П/ПЛЕН/ОБ. 5МГ №30 | ЭДЖ ФАРМА ПРАЙВЕТ ЛИМИТЕД | ЭДЖ ФАРМА ПРАЙВЕТ ЛИМИТЕД,,rx,Бисопролол,rx,Бисопролол,rx,Бисопролол,rx,Бисопролол,rx,,,Бисопролол,rx,23645,375,drug,Бисомор,таблетки,5 мг,перорально,"Препарат Бисомор выпускается в таблетках, покрытых плёночной оболочкой, по 5 мг, в упаковке №30. МНН в тексте не указан, поэтому оставлен null; по кардиологической группе средство определено как рецептурное для взрослых.",api_error,
БЕТАДИН СУПП. ВАГ. 200МГ №7 | ЭГИС ФАРМАЦЕВТИЧЕСКИЙ ЗАВОД ЗАО | ЭГИС ФАРМАЦЕВТИЧЕСКИЙ ЗАВОД ЗАО,,otc,Повидон-йод,otc,Повидон-йод,otc,,,Повидон-йод,otc,,,Повидон-йод,otc,24070,375,drug,Бетадин,,200 мг,ректально,"В тексте указан препарат Бетадин в форме вагинальных суппозиториев по 200 мг, упаковка №7. Действующее вещество явно не написано, поэтому mnn не заполнен. Препарат относится к местным антисептикам и предназначен для взрослых.",api_error,
"БЕРГОЛАК ТАБЛ. 0,5МГ №2 | ВЕРОФАРМ ООО | ВЕРОФАРМ ООО",,рецептурный,Каберголин,rx,Каберголин,rx,,,Каберголин,rx,,,Каберголин,rx,24163,375,drug,Берголак,таблетки,"0,5 мг",перорально,"Наименование Берголак, лекарственная форма таблетки 0,5 мг и упаковка №2 читаются из текста. МНН в тексте отсутствует, поэтому не указан. Препарат относится к рецептурным, но показания из текста не определяются.",api_error,
"БЕКЛАЗОН ЭКО АЭРОЗ. Д/ИНГ. ДОЗИР. 100МКГ/ДОЗА БАЛЛОН 200ДОЗ | НОРТОН (ВОТЕРФОРД) ЛТД, ВЫСТУПАЮЩИЙ ПОД ТОРГОВЫМ НАИМЕНОВАНИЕМ АЙВЭКС ФАРМАСЬЮТИКАЛС ИРЛАНДИЯ, ВЫСТУПАЮЩИЙ ПОД ТОРГОВЫМ НАИМЕНОВАНИЕМ ТЕВА ФАРМАСЬЮТИК | НОРТОН (ВОТЕРФОРД) ЛТД, ВЫСТУПАЮЩИЙ ПОД ТОРГОВЫМ НАИМЕНОВАНИЕМ АЙВЭКС ФАРМАСЬЮТИКАЛС ИРЛАНДИЯ, ВЫСТУПАЮЩИЙ ПОД ТОРГОВЫМ НАИМЕНОВАНИЕМ ТЕВА ФАРМАСЬЮТИК",,rx,Беклометазон,rx,Беклометазон,rx,,,Беклометазон,rx,,,Беклометазон,rx,24340,375,drug,Беклазон Эко,аэрозоль,100 мкг/доза,ингаляционно,"Препарат Беклазон Эко представляет собой дозированный ингаляционный аэрозоль с концентрацией 100 мкг/доза в баллоне на 200 доз. По тексту явно не указано действующее вещество, поэтому МНН не заполнен. Относится к рецептурным ингаляционным глюкокортикостероидам.",api_error,
АЦИКЛОВИР ВЕЛФАРМ ТАБЛ. 200МГ №20 ВЕЛФАРМ-М | ВЕЛФАРМ-М ООО | ВЕЛФАРМ-М ООО,Ацикловир,rx,Ацикловир,rx,,,,,Ацикловир,rx,,,Ацикловир,rx,24711,376,drug,Ацикловир Велфарм,таблетки,200 мг,перорально,"Препарат содержит МНН ацикловир, выпускается в форме таблеток по 200 мг. Относится к рецептурным противовирусным средствам для приема внутрь. Возрастная группа определена как взрослые в отсутствие детских указаний.",api_error,
АЦИКЛОВИР АВЕКСИМА ТАБЛ. 400МГ №30 | ИРБИТСКИЙ ХИМЗАВОД ОАО | ИРБИТСКИЙ ХИМЗАВОД ОАО,Ацикловир,rx,Ацикловир,rx,Ацикловир,rx,,,Азитромицин,rx,,,Ацикловир,rx,24725,376,drug,Авексима,таблетки,400 мг,перорально,"В тексте однозначно указаны действующее вещество ацикловир, форма «таблетки», дозировка 400 мг и количество в упаковке 30. Препарат относится к противовирусным средствам, принимается внутрь и отпускается по рецепту. Бренд — Авексима, возрастной сигнал отсутствует, поэтому выбран взрослый сегмент.",api_error,
АФОБАЗОЛ РЕТАРД ТАБЛ. С МОДИФ. ВЫСВ. П/ПЛЕН/ОБ. 30МГ №20 ОТИСИФАРМ | ОТИСИФАРМ ПРО АО | ОТИСИФАРМ ПРО АО,,без рецепта,Фабомотизол,otc,Фабомотизол,otc,,,Фабомотизол,otc,,,Фабомотизол,otc,24824,376,drug,Афобазол Ретард,таблетки,30 мг,перорально,"Препарат Афобазол Ретард — анксиолитик в форме таблеток с модифицированным высвобождением по 30 мг для приёма внутрь. Действующее вещество в тексте не указано, поэтому МНН не заполнен. Отпускается без рецепта, предназначен для взрослых.",api_error,
АФЛУБИН ТАБЛ. П/ЯЗЫЧН. ГОМЕОП. №12 | РИХАРД БИТТНЕР АГ | РИХАРД БИТТНЕР АГ,,otc,,otc,,otc,,,,otc,,,,otc,24830,376,drug,Афлубин,таблетки,,,"В тексте указаны торговое название, лекарственная форма «таблетки подъязычные», путь введения и упаковка №12. Действующее вещество и дозировка не приведены, показания не описаны, поэтому часть атрибутов заполнена как null.",api_error,
АТОРИКА ТАБС ТАБЛ. П/ПЛЕН/ОБ. 120МГ №7 | Канонфарма | Канонфарма,,otc,Эторикоксиб,rx,Эторикоксиб,rx,,,Эторикоксиб,rx,,,Эторикоксиб,rx,24893,376,drug,Аторика,таблетки,120 мг,перорально,"В названии указаны торговое наименование, лекарственная форма и дозировка, но действующее вещество явно не приведено, поэтому МНН не определён. По семейству «Боль и Температура» средство отнесено к анальгетикам-антипиретикам для взрослых.",api_error,
АСКОРБИНОВАЯ КИСЛОТА-УБФ ДРАЖЕ 50МГ №200 | УРАЛБИОФАРМ ОАО | УРАЛБИОФАРМ ОАО,Аскорбиновая кислота,otc,Аскорбиновая кислота,otc,,,,,Аскорбиновая кислота,otc,,,Аскорбиновая кислота,otc,25195,377,drug,Аскорбиновая кислота-УБФ,,50 мг,перорально,"Препарат аскорбиновой кислоты (витамин C) в форме драже по 50 мг, принимается внутрь. Отпускается без рецепта, содержит одно действующее вещество. Возрастных указаний нет, поэтому возрастной сегмент определён как взрослые.",api_error,
АРТОКСАН ГЕЛЬ Д/НАРУЖ. ПРИМ. 1% ТУБА 45Г | УОРЛД МЕДИЦИН ИЛАЧ САН. ВЕ ТИДЖ. А.Ш. | УОРЛД МЕДИЦИН ИЛАЧ САН. ВЕ ТИДЖ. А.Ш.,,otc,Теноксикам,rx,Теноксикам,rx,,,Теноксикам,rx,,,Теноксикам,rx,25422,377,drug,Артоксан,гель,1%,наружно,"Препарат идентифицируется по торговому названию 'Артоксан' и форме 'гель 1% для наружного применения' в тубе 45 г. Действующее вещество в тексте не указано, поэтому МНН не заполнено. Отпуск предполагается без рецепта для наружного применения.",api_error,
АРОМАЗИН ТАБЛ. П/О 25МГ №30 | ПФАЙЗЕР ИТАЛИЯ С.Р.Л. | ПФАЙЗЕР ИТАЛИЯ С.Р.Л.,,рецептурный,Эксеместан,rx,Эксеместан,rx,,,Эксеместан,rx,,,Эксеместан,rx,25459,377,drug,Аромазин,таблетки,25 мг,перорально,"Товар идентифицирован как Аромазин, рецептурный гормональный противоопухолевый препарат. В тексте указаны форма выпуска (таблетки покрытые оболочкой), дозировка 25 мг и упаковка №30. МНН в названии не приведён, поэтому оставлен пустым.",api_error,
АНТИГРИППИН ТАБЛ. ШИПУЧ. 500МГ+10МГ+200МГ №10 АПЕЛЬСИН | НАТУР ПРОДУКТ ФАРМА СП.ЗО.О. | НАТУР ПРОДУКТ ФАРМА СП.ЗО.О.,,otc,,,Аскорбиновая кислота+Ацетилсалициловая кислота+Парацетамол+Фенилпропаноламин+Хлорфенамин,otc,,,Аскорбиновая кислота,otc,,,"Аскорбиновая кислота, Ацетилсалициловая кислота, Парацетамол, Фенилпропаноламин, Хлорфенамин",otc,25642,377,drug,Антигриппин,таблетки,500 мг + 10 мг + 200 мг,перорально,"Комбинированный препарат Антигриппин представлен в форме шипучих таблеток с дозировкой 500 мг + 10 мг + 200 мг, упаковка №10. Активные вещества в тексте явно не указаны, поэтому МНН не заполнен. Препарат относится к симптоматическим средствам для лечения простуды и ОРВИ, отпускается без рецепта.",api_error,
АНТИГРИППИН ПОР. Д/Р-РА Д/ПРИЕМА ВНУТРЬ 500МГ+10МГ+200МГ РОМАШКА ПАК. 5Г №10 | НАТУР ПРОДУКТ ФАРМА СП.ЗО.О. | НАТУР ПРОДУКТ ФАРМА СП.ЗО.О.,,безрецептурный,,,Аскорбиновая кислота+Ацетилсалициловая кислота+Парацетамол+Фенилпропаноламин+Хлорфенамин,otc,,,Аскорбиновая кислота,otc,,,"Аскорбиновая кислота, Ацетилсалициловая кислота, Парацетамол, Фенилпропаноламин, Хлорфенамин",otc,25644,377,drug,Антигриппин,порошок,500 мг + 10 мг + 200 мг,перорально,"Препарат Антигриппин относится к противопростудным средствам. По тексту определены форма выпуска, дозировка и упаковка. МНН в тексте не указан, поэтому поле mnn оставлено пустым.",api_error,
АНГИОРУС ТАБЛ. П/ПЛЕН/ОБ. 50МГ+450МГ №60 | СИНТЕЗ | СИНТЕЗ,,,,,Гесперидин + Диосмин,otc,,,Диосмин,otc,,,"Диосмин, Гесперидин",otc,25702,378,drug,Ангиорус,таблетки,50 мг + 450 мг,перорально,"Препарат выпускается в таблетках, покрытых плёночной оболочкой, с комбинированной дозировкой 50 мг + 450 мг, в упаковке 60 штук. Название торговое, состав не расшифрован, поэтому МНН не указано. Форма выпуска указывает на пероральный приём.",api_error,
АНАЛЬГИН ТАБЛ. 500МГ №30 ФАРМСТАНДАРТ | ФАРМСТАНДАРТ-ЛЕКСРЕДСТВА ОАО | ФАРМСТАНДАРТ-ЛЕКСРЕДСТВА ОАО,,otc,Метамизол натрия,rx,Метамизол натрия,otc,,,Метамизол натрия,otc,,,Метамизол натрия,otc,25783,378,drug,Анальгин,таблетки,500 мг,перорально,"Препарат Анальгин выпускается в таблетках по 500 мг, №30. Действующее вещество по МНН в тексте явно не указано, поэтому mnn не заполнен. Лекарство относится к безрецептурным анальгетикам-антипиретикам для взрослых.",api_error,
АММИАК Р-Р Д/НАРУЖ. ПРИМ. И ИНГ. 10% ФЛ. ПЭТ 100МЛ ИВАНОВСКАЯ ФФ | ИВАНОВСКАЯ ФФ | ИВАНОВСКАЯ ФФ,Аммиак,otc,Аммиак,otc,,,,,Глицерол,otc,,,,otc,25946,378,drug,,раствор,10%,ингаляционно,"Препарат представляет собой раствор аммиака 10% для наружного применения и ингаляций. Вещество, лекарственная форма, концентрация и способ применения читаются в наименовании. Возрастных указаний нет, поэтому сегмент определён как взрослый.",api_error,
АМИНАЗИН ТАБЛ. П/ПЛЕН/ОБ. 25МГ №10 ВАЛЕНТА | ВАЛЕНТА ФАРМ АО | ВАЛЕНТА ФАРМ АО,,rx,Хлорпромазин,rx,Хлорпромазин,rx,,,Хлорпромазин,rx,,,Хлорпромазин,rx,26071,378,drug,Аминазин,таблетки,25 мг,перорально,"В тексте указан торговый препарат Аминазин в таблетках 25 мг №10, МНН не приведено. Это рецептурное антипсихотическое средство, принимаемое внутрь, без детских сигналов.",api_error,
"АЛЬФОСФАЛЬ ГЕЛЬ Д/ПРИЕМА ВНУТРЬ ПАКЕТ 2,08Г №6 | КАНОНФАРМА ПРОДАКШН ЗАО | КАНОНФАРМА ПРОДАКШН ЗАО",,otc,Алюминия фосфат,otc,,,,,Алюминия фосфат,otc,,,Алюминия фосфат,otc,26172,378,drug,Альфосфаль,гель,"2,08 г",перорально,"Препарат Альфосфаль — антацидный гель для приёма внутрь. Активное вещество в тексте не указано, поэтому МНН не заполнен. Отпускается без рецепта, типично используется взрослыми.",api_error,
ГАСИТ ТАБЛ. ЖЕВ. 680МГ+80МГ №32 | ОБНОВЛЕНИЕ ПФК АО | ОБНОВЛЕНИЕ ПФК АО,,otc,,,Кальция карбонат + Магния карбонат,otc,,,Кальция карбонат,otc,,,"Кальция карбонат, Магния карбонат",otc,21586,371,drug,Гасит,таблетки жевательные,680 мг + 80 мг,перорально,"По названию «Гасит» и форме выпуска это комбинированный антацидный препарат в жевательных таблетках, отпускается без рецепта. В тексте не указаны действующие вещества, поэтому МНН не заполнен.",found,Кальция карбонат + магния карбонат
АЛЛОХОЛ ТАБЛ. П/О №50 ВИФИТЕХ | ВИФИТЕХ | ВИФИТЕХ,,otc,Активированный уголь+Желчь+Крапивы двудомной листья+Чеснока посевного луковицы,otc,,,,,,otc,,,"Активированный уголь, Желчь, Крапивы двудомной листья, Чеснока посевного луковицы",otc,26410,378,drug,Аллохол,таблетки,,перорально,"Аллохол — комбинированное желчегонное средство, принимается внутрь. В названии указана форма таблеток в оболочке и упаковка №50, дозировка не приведена. Препарат отпускается без рецепта.",api_error,
АЛГЕЗИР УЛЬТРА ТАБЛ. П/ПЛЕН/ОБ. 275МГ №10 | ОБОЛЕНСКОЕ ФП АО | ОБОЛЕНСКОЕ ФП АО,,otc,Напроксен,otc,,,,,Напроксен,otc,,,Напроксен,otc,26540,379,drug,Алгезир Ультра,таблетки,275 мг,перорально,"В тексте указано торговое наименование и лекарственная форма, но действующее вещество явно не читается, поэтому МНН не заполнен. Препарат относится к группе обезболивающих/жаропонижающих средств, выпускается в форме таблеток по 275 мг №10. Детских сигналов нет, поэтому возрастной сегмент определён как взрослые.",api_error,
"АКРИДЕРМ ГК КРЕМ Д/НАРУЖ. ПРИМ. 0,05%+0,1%+1% ТУБА 30Г | АКРИХИН ХФК АО | АКРИХИН ХФК АО",,рецептурный,,,Бетаметазон* + Гентамицин* + Клотримазол,otc,,,Клотримазол,otc,,,"Клотримазол, Бетаметазон, Гентамицин",otc,26747,379,drug,Акридерм ГК,крем,"0,05%+0,1%+1%",наружно,"По тексту определены торговое наименование, лекарственная форма, способ применения и концентрации компонентов. МНН в тексте явно не указано, поэтому оставлено пустым.",api_error,
АКВАДЕТРИМ ТАБЛ. РАСТВОРИМ. 2000МЕ №60 | АКРИХИН ХФК АО | АКРИХИН ХФК АО,,безрецептурный,Колекальциферол,otc,Колекальциферол,otc,,,Колекальциферол,rx,,,Колекальциферол,otc,26877,379,drug,Аквадетрим,таблетки,2000 МЕ,перорально,"Препарат Аквадетрим в форме растворимых таблеток, дозировка 2000 МЕ; по бренду и дозировке относится к витамину D. Явное МНН в тексте отсутствует, поэтому mnn не заполнен.",api_error,
АГРИ ДЕТСКИЙ ТАБЛ. ГОМЕОП. №40 | МАТЕРИА МЕДИКА ХОЛДИНГ НПФ | МАТЕРИА МЕДИКА ХОЛДИНГ НПФ,,безрецептурный,,otc,,otc,,,,otc,,,,otc,27124,380,drug,Агри Детский,таблетки,,перорально,"По тексту определен детский гомеопатический препарат Агри в таблетках; показания типичны для ОРВИ/гриппа. МНН не указан, но в названии есть возрастной сегмент и размер упаковки №40. Препарат является безрецептурным.",api_error,
