product_id,run_id,normalized_text,product_kind,medical_device_profile,semantic_confidence,semantic_explanation,semantic_validation_passed,semantic_reject_reason,decision_status,next_action,selected_category_id,stage,log_status,attr_administration_route_raw,attr_dosage_form_raw,attr_age_segment_raw,attr_mnn,label_mnn,attr_brand,label_brand,attr_rx_otc,label_rx_otc,attr_nosology,label_nosology,attr_administration_route,label_administration_route,attr_dosage_form,label_dosage_form,attr_dosage,label_dosage,attr_age_segment,label_age_segment,attr_package_hint,label_package_hint,attr_combination_hint,label_combination_hint
2,406,ЛИБРИДЕРМ АЕВИТ набор (Гель д/умывания тонизирующий 100мл+Крем питательный дневной 50мл+Крем-детокс ночной 50мл) Биофармрус | Биофармрус ООО | Биофармрус ООО,cosmetic_hygiene,,0.9,"Товар относится к категории косметических средств (cosmetic_hygiene), поэтому фармацевтические атрибуты (МНН, рецептурность, нозология, форма выпуска, дозировка) неприменимы. Указаны бренд и состав набора.",True,,pending_fallback,direction_select,,semantic_primary,success,,,,,,ЛИБРИДЕРМ АЕВИТ,,,,,,не применимо,,не применимо,,,,не применимо,,набор: гель для умывания 100мл + крем дневной 50мл + крем-детокс ночной 50мл,,,
3,406,"ШПРИЦ ОДНОРАЗОВЫЙ трехкомпонентный 10мл с иглой 21G 0,8х40мм N1 Huaian City Hengchun Medical Product Co., Ltd. | Huaian city hengchun medical product Co Ltd | Huaian city hengchun medical product Co Ltd | 21 G | N1",medical_device,clinical_like,0.85,"Товар является медицинским изделием (шприц одноразовый), поэтому поля mnn, rx_otc, nosology и combination_hint не применимы. Указаны форма выпуска, объем и количество в упаковке.",True,,pending_fallback,direction_select,,semantic_primary,success,инъекционное введение,шприц,,,,,,,,,,инъекционное,,,,10 мл,,,,1 шт,,,
4,406,БИ ВЕЛЛ КЕА межпальцевый разделитель арт.FW-636 р.M N2 B.Well | B.Well | B.Well | N2,medical_device,clinical_like,0.7,"Товар является медицинским изделием (межпальцевый разделитель) с профилем clinical_like. Атрибуты mnn, rx_otc, nosology и combination_hint не применимы, поэтому они установлены в null. Бренд и упаковка извлечены из текста.",True,,pending_fallback,direction_select,,semantic_primary,success,,,,,,B.Well,,,,,,,,,,,,,,2 шт,,,
5,406,ШУНГИТ гель д/умывания Мягкий нейтральный 200мл Фратти нв ООО | Фратти НВ ООО | Фратти НВ ООО,cosmetic_hygiene,,0.9,"Товар относится к категории косметики и гигиены (cosmetic_hygiene), поэтому фармацевтические атрибуты (МНН, рецептурность, нозология и др.) неприменимы. Из доступных полей заполнены бренд и объем упаковки.",True,,pending_fallback,direction_select,,semantic_primary,success,,,,,,Фратти НВ,,,,,,не применимо,,не применимо,,,,не применимо,,200 мл,,,
7,406,"ЙОКОСАН трусики-подгузники р.XL 12-20кг N16 Цюаньчжоу Сеньор Трейдинг Ко.,ЛТД | Цюаньчжоу Сеньор Трейдинг Ко.,ЛТД | Цюаньчжоу Сеньор Трейдинг Ко.,ЛТД | N16",medical_device,hygiene_like,0.8,"Товар относится к медицинским изделиям (гигиенический тип), поэтому фармацевтические атрибуты не применимы. Указан размер XL (12-20 кг) и количество 16 штук, что позволяет определить возрастной сегмент и упаковку.",True,,pending_fallback,direction_select,,semantic_primary,success,,,дети,,,,,,,,,не применимо,,не применимо,,,,дети,,16 штук,,,
8,406,ХАЙЛЕФЛОКС 500мг N5 таб. покрытые пленочной оболочкой Хайгланс Лабораториз Пвт.Лтд. | Хайгланс лабораториз пвт. Лтд | Хайгланс лабораториз пвт. Лтд | N5,drug,,0.9,"Товар является лекарственным препаратом (drug) с полным набором применимых атрибутов. На основе названия и формы выпуска определены МНН (Левофлоксацин), бренд, дозировка и форма. Препарат отпускается по рецепту, применяется перорально у взрослых.",True,,pending_fallback,direction_select,,semantic_primary,success,перорально,"таблетки, покрытые пленочной оболочкой",взрослые,Левофлоксацин,,Хайлефлокс,,rx,,Инфекционные заболевания,,перорально,,таблетки,,500 мг,,взрослые,,N5,,,
9,406,НАУ ФУДС БЕТА-КАРОТИН капс. N90 NOW International | Now International | Now International | N90,vitamin_or_baa,,0.8,"Товар относится к витаминам и БАД, поэтому rx_otc не применим. На основе названия определены МНН (бета-каротин), бренд, форма выпуска и упаковка. Дозировка и возрастной сегмент не указаны.",True,,pending_fallback,direction_select,,semantic_primary,success,перорально,капсулы,,Бета-каротин,,Now Foods,,,,Моно-витамины витамин A (ретинола ацетат/пальмитат),,перорально,,капсулы,,,,универсальный,,N90,,,
10,406,"НАТРИЯ ХЛОРИД 0,9% 400мл N12 р-р д/инфузий Биосинтез | Биосинтез ПАО | Биосинтез ПАО | N12",drug,,0.9,Товар является лекарственным средством (инфузионный препарат) с активным веществом натрия хлорид. Атрибуты определены на основе текста и профиля применимости.,True,,pending_fallback,direction_select,,semantic_primary,success,инфузионно,раствор для инфузий,,Натрия хлорид,,,,rx,,,,внутривенно,,раствор,,"0,9%",,,,400мл N12,,,
14,406,БЕБИ БАЛАНС пенка-шампунь с маслами д/размягчения молочных корочек у младенца 0+ 250мл УНИК Косметик ООО | УНИК Косметик ООО | УНИК Косметик ООО,cosmetic_hygiene,,0.9,"Товар относится к категории косметика и гигиена, поэтому фармацевтические атрибуты (МНН, рецептурность, нозология, форма выпуска, дозировка) неприменимы. Извлекаем только бренд, возрастной сегмент и объем упаковки.",True,,pending_fallback,direction_select,,semantic_primary,success,,,0+,,,БЕБИ БАЛАНС,,,,,,не применимо,,не применимо,,,,не применимо,,250мл,,,
16,406,ДОКТОР СИА крем д/рук питательный с грязью и минералами Мертвого моря 100мл Фарма Нейчаралс ЛТД | Фарма Нейчаралс ЛТД | Фарма Нейчаралс ЛТД,cosmetic_hygiene,,0.9,"Товар относится к категории косметика/гигиена (cosmetic_hygiene), поэтому фармацевтические атрибуты (MNN, Rx/OTC, нозология, форма выпуска, дозировка) неприменимы. Извлечены только бренд и объем упаковки.",True,,pending_fallback,direction_select,,semantic_primary,success,,,,,,ДОКТОР СИА,,,,,,не применимо,,не применимо,,,,не применимо,,100мл,,,
20,407,СПИРУЛИНА-ФИТОСИЛА маска д/лица увлажняющая с витамином А 150мл Корвет Фарма | Корвет фарма ООО | Корвет фарма ООО,cosmetic_hygiene,,0.9,"Товар относится к категории косметических средств (косметика и гигиена), поэтому фармацевтические атрибуты, такие как МНН, рецептурность, нозология, форма выпуска и дозировка, неприменимы. Из доступных атрибутов заполнены бренд и объем упаковки.",True,,pending_fallback,direction_select,,semantic_primary,success,,,,,,Корвет Фарма,,,,,,не применимо,,не применимо,,,,не применимо,,150 мл,,,
25,407,АУРА СОЛНЦЕ И ЛУНА подгузники-трусы Нежное прикосновение р.5 13-20кг N40 Коттон клаб | Коттон Клаб ООО | Коттон Клаб ООО | N40,medical_device,hygiene_like,0.9,"Товар относится к медицинским изделиям (гигиенический тип), поэтому фармацевтические атрибуты не применимы. Извлечены бренд, возрастной сегмент и количество в упаковке.",True,,pending_fallback,direction_select,,semantic_primary,success,,,дети,,,Коттон Клаб,,,,,,не применимо,,не применимо,,,,дети,,40 штук,,,
26,407,ГЕЛЬТЕК САН ПРОТЕКШН крем мультипротектор оил фри SPF50+ 100г Гельтек-Медика | Гельтек-Медика ООО | Гельтек-Медика ООО,cosmetic_hygiene,,0.9,"Товар относится к категории косметика/гигиена (cosmetic_hygiene), поэтому фармацевтические атрибуты (МНН, рецептурность, нозология, форма выпуска, дозировка) неприменимы. Из доступных атрибутов определены бренд и объем упаковки.",True,,pending_fallback,direction_select,,semantic_primary,success,,,,,,Гельтек-Медика,,,,,,не применимо,,не применимо,,,,не применимо,,100г,,,
27,407,НУТРИКОМП ЭНЕРГИЯ ФАЙБЕР ЛИКВИД смесь 1л Nutrichem Diet+Pharma | Nutrichem diet und pharma | Nutrichem diet und pharma,other,,0.7,"Товар относится к категории 'other', поэтому большинство фармацевтических атрибутов неприменимы. Извлекаем только бренд и упаковку, так как они разрешены профилем.",True,,pending_fallback,direction_select,,semantic_primary,success,,,,,,Nutrichem Diet+Pharma,,,,,,не применимо,,не применимо,,,,не применимо,,1 л,,,
28,407,МЕРИФАТИН МВ 750мг N60 таб. с пролонгированным высвобождением Фармасинтез-Тюмень ООО | Фармасинтез-Тюмень ООО | Фармасинтез-Тюмень ООО | N60,drug,,0.7,"Товар является лекарственным препаратом (drug), поэтому все фармацевтические атрибуты применимы. Название и форма выпуска указаны в тексте, однако точная нозология и комбинация не определены.",True,,pending_fallback,direction_select,,semantic_primary,success,перорально,таблетки с пролонгированным высвобождением,взрослый,Мерифатин,,Мерифатин,,rx,,,,перорально,,таблетки,,750 мг,,взрослые,,60 таблеток,,,
31,407,ЛЯ РОШ ПОЗЕ ЭФАКЛАР набор (Лосьон сужающий поры 200мл+Гель очищающий 200мл -50%) Ля Рош Позе | Ля Рош Позе | Ля Рош Позе,cosmetic_hygiene,,0.9,"Товар относится к категории косметика/гигиена, поэтому фармацевтические атрибуты (МНН, рецептурность, нозология, форма, дозировка) неприменимы. Указаны бренд и состав набора.",True,,pending_fallback,direction_select,,semantic_primary,success,,,,,,Ля Рош Позе,,,,,,не применимо,,не применимо,,,,не применимо,,набор: лосьон 200мл + гель 200мл,,,
32,407,МЕДИФАРМА КОСМЕТИКС ОЛИВЕН тоник д/лица интенсив 200мл Dr. Theiss Naturwaren GmbH | Dr.Theiss Naturwaren Gmbh | Dr.Theiss Naturwaren Gmbh,cosmetic_hygiene,,0.9,"Товар относится к категории косметика и гигиена, поэтому фармацевтические атрибуты (МНН, рецептурность, нозология, форма выпуска, дозировка) неприменимы. Указаны только бренд и объем упаковки.",True,,pending_fallback,direction_select,,semantic_primary,success,,,,,,Dr. Theiss Naturwaren GmbH,,,,,,не применимо,,не применимо,,,,не применимо,,200 мл,,,
34,407,МЕЛАДАПТ 3мг N10 таб. покрытые пленочной оболочкой Озон ООО | Озон ООО | Озон ООО | N10,drug,,0.85,"Товар является лекарственным препаратом (drug), поэтому все фармацевтические атрибуты применимы. На основе названия и дозировки определены показание (бессонница), путь введения и форма выпуска. Возрастной сегмент и рецептурный статус предположительны.",True,,pending_fallback,direction_select,,semantic_primary,success,peroral,"таблетки, покрытые пленочной оболочкой",adult,,,Меладапт,,rx,,Бессонница,,,,таблетки,,3 мг,,взрослые,,10 таблеток,,,
35,407,"ТИГРОВЫЙ ГЛАЗ ОРТО крем от сухих мозолей 75мл Медикомед НПФ,ООО | Медикомед НПФ ООО | Медикомед НПФ ООО",medical_device,hygiene_like,0.8,"Товар относится к медицинским изделиям с профилем hygiene_like, поэтому заполнены только бренд и упаковка. Остальные фармацевтические атрибуты неприменимы.",True,,pending_fallback,direction_select,,semantic_primary,success,,,,,,Тигровый глаз,,,,,,не применимо,,не применимо,,,,не применимо,,75 мл,,,
39,407,ДЕТРИМЕД капли д/приема внутрь водный р-р Витамин Д3 500МЕ/капля 10мл Медикал горизон ООО | Медикал горизон ООО | Медикал горизон ООО,vitamin_or_baa,,0.9,"Товар относится к витаминам (витамин D3), поэтому rx_otc не применим. Атрибуты mnn, nosology, administration_route, dosage_form, dosage и package_hint определены из текста. Возрастной сегмент и комбинированный признак не указаны.",True,,pending_fallback,direction_select,,semantic_primary,success,перорально,капли для приема внутрь,,Холекальциферол,,Детримед,,,,Витамин D3,,перорально,,капли,,500 МЕ/капля,,универсальный,,10 мл,,,
43,408,ЛЕВРАНА гель д/интимной гигиены 250мл Леврана ООО | Леврана ООО | Леврана ООО,cosmetic_hygiene,,0.9,"Товар относится к категории косметических средств для гигиены (cosmetic_hygiene). Согласно профилю атрибутов, заполняются только бренд, возрастной сегмент и подсказка по упаковке; остальные фармацевтические поля не применимы.",True,,pending_fallback,direction_select,,semantic_primary,success,,,,,,Леврана,,,,,,не применимо,,не применимо,,,,не применимо,,250 мл,,,
45,408,АКВИОН КОЖА ВОЛОСЫ НОГТИ таб. N60 ВТФ ООО | ВТФ ООО | ВТФ ООО | N60,drug,,0.7,"Товар относится к категории drug, поэтому все атрибуты применимы. Название указывает на витаминно-минеральный комплекс для кожи, волос и ногтей, но точный состав не указан, поэтому MNN и дозировка не определены.",True,,pending_fallback,direction_select,,semantic_primary,success,внутрь,таблетки,взрослые,,,АКВИОН,,otc,,Кожные заболевания,,перорально,,таблетки,,,,взрослые,,N60,,,
47,408,ТОНУС бинт эластичный УНГА-СР 8x200см арт.C-306 Тонус | Тонус АО | Тонус АО,medical_device,clinical_like,0.85,"Товар относится к медицинским изделиям (клинический профиль), поэтому MNN, Rx/OTC, нозология и комбинированный признак неприменимы. Бренд и форма выпуска определены из названия.",True,,pending_fallback,direction_select,,semantic_primary,success,наружно,бинт эластичный,,,,Тонус,,,,,,наружно,,,,8x200см,,,,1 шт,,,
52,408,АВЕН ГИДРАНС ВВ-ЛЕЖЕР эмульсия увлажняющая с тонирующим эффектом SPF30 40мл Пьер фабр | Пьер Фабр | Пьер Фабр,cosmetic_hygiene,,0.9,"Товар относится к категории косметика и гигиена, поэтому фармацевтические атрибуты (МНН, рецептурность, нозология, форма выпуска, дозировка) неприменимы. Указаны бренд и объем упаковки.",True,,pending_fallback,direction_select,,semantic_primary,success,,,,,,Авен,,,,,,не применимо,,не применимо,,,,не применимо,,40 мл,,,
54,408,ГЕПАРИН 5000ЕД/мл 5мл N5 р-р для в/в и п/к введения Армавирская биологическая фабрика фгуп | Армавирская биологическая фабрика фгуп | Армавирская биологическая фабрика фгуп | N5,drug,,0.9,"Товар является лекарственным препаратом (drug) с явным указанием МНН, дозировки и формы выпуска. Все атрибуты применимы, кроме бренда и комбинации, которые не указаны.",True,,pending_fallback,direction_select,,semantic_primary,success,в/в и п/к,раствор для инъекций,взрослые,Гепарин натрия,,,,rx,,"Тромбоз, тромбоэмболия",,инъекционное,,раствор,,5000 ЕД/мл,,взрослые,,5 мл №5,,,
56,408,РИТОФЛЕКС МСМ таб. N60 Фармацевтическая Фабрика ООО | Фармацевтическая фабрика ООО | Фармацевтическая фабрика ООО | N60,drug,,0.6,"Товар относится к категории drug, поэтому фармацевтические атрибуты применимы. Из текста удалось определить форму выпуска (таблетки), путь введения (перорально) и количество в упаковке (60 таблеток). Остальные атрибуты, такие как МНН, дозировка и возрастной сегмент, не указаны в названии.",True,,pending_fallback,direction_select,,semantic_primary,success,перорально,таблетки,,,,РИТОФЛЕКС МСМ,,,,,,перорально,,таблетки,,,,,,60 таблеток,,,
60,408,ДИКЛОФЕНАК 25мг/мл 3мл N10 р-р для в/м введения Дальхимфарм ОАО | Дальхимфарм ОАО | Дальхимфарм ОАО | N10,drug,,0.9,"Товар является лекарственным препаратом (drug), поэтому все фармацевтические атрибуты применимы. На основе текста определены МНН, путь введения, лекарственная форма, дозировка и упаковка. Возрастной сегмент и рецептурный статус предположительны.",True,,pending_fallback,direction_select,,semantic_primary,success,в/м,раствор для инъекций,взрослые,Диклофенак,,,,rx,,Боль,,инъекционное,,раствор,,"25 мг/мл, 3 мл",,взрослые,,"ампулы, 10 шт.",,,
61,408,АРАВИЯ ПРОФЕШНЛ мист д/лица экспресс-увлажнение с мочевиной 10% 150мл Лаборатория Эксперт | Лаборатория эксперт ООО | Лаборатория эксперт ООО,cosmetic_hygiene,,0.9,"Товар относится к категории косметика и гигиена (cosmetic_hygiene), поэтому фармацевтические атрибуты, такие как МНН, рецептурность, нозология, путь введения, лекарственная форма и дозировка, неприменимы. Извлекаются только бренд и упаковка.",True,,pending_fallback,direction_select,,semantic_primary,success,,,,,,Аравия Профешнл,,,,,,не применимо,,не применимо,,,,не применимо,,150 мл,,,
63,408,СФМ ПЛАСТЫРЬ 2х250см тканевая основа СФМ Госпитал Продактс ГмбХ | СФМ Госпитал Продактс Гмбх | СФМ Госпитал Продактс Гмбх,medical_device,clinical_like,0.85,"Товар является медицинским изделием (пластырь) с клиническим профилем, поэтому для него применимы форма выпуска, дозировка и путь введения, но не применимы MNN, рецептурность, нозология и комбинационные признаки. Бренд и размер упаковки извлечены из текста.",True,,pending_fallback,direction_select,,semantic_primary,success,наружно,пластырь,,,,СФМ Госпитал Продактс ГмбХ,,,,,,наружно,,пластырь,,2x250 см,,,,2x250 см,,,
68,408,ЭПЛЕРЕНОН-ТЕВА 25мг N30 таб. покрытые пленочной оболочкой Тева фармасьютикал воркс прайвэт Лимитед Компани | Тева фармасьютикал воркс прайвэт Лимитед Компани | Тева фармасьютикал воркс прайвэт Лимитед Компани | N30,drug,,0.9,"Товар является лекарственным препаратом (drug), поэтому все фармацевтические атрибуты применимы. На основе названия определены МНН, бренд, форма выпуска, дозировка и упаковка. Препарат отпускается по рецепту.",True,,pending_fallback,direction_select,,semantic_primary,success,per os,"таблетки, покрытые пленочной оболочкой",взрослые,Эплеренон,,Эплеренон-Тева,,rx,,Хроническая сердечная недостаточность,,перорально,,таблетки,,25 мг,,взрослые,,30 таблеток,,,
70,409,РОЗУВАСТАТИН-ТЕВА 20мг N90 таб. покрытые пленочной оболочкой Р-Фарм Новосёлки | Р-Фарм новосёлки ООО | Р-Фарм новосёлки ООО | N90,drug,,0.95,"Товар является лекарственным препаратом (drug), поэтому все фармацевтические атрибуты применимы. На основе названия и дозировки определены МНН, форма, дозировка и упаковка. Препарат отпускается по рецепту, применяется внутрь у взрослых для лечения дислипидемии.",True,,pending_fallback,direction_select,,semantic_primary,success,внутрь,"таблетки, покрытые пленочной оболочкой",взрослые,Розувастатин,,Розувастатин-Тева,,rx,,Дислипидемия,,перорально,,таблетки,,20 мг,,взрослые,,N90,,,
72,409,ФАРИНГАЛ таб. 650мг N10 Салута-М | Салута-М ООО | Салута-М ООО | N10,drug,,0.7,"Товар является лекарственным препаратом (drug). На основе текста определены форма выпуска, дозировка и упаковка, но МНН и возрастной сегмент не указаны.",True,,pending_fallback,direction_select,,semantic_primary,success,перорально,таблетки,,,,Фарингал,,otc,,простуда и ОРВИ,,перорально,,таблетки,,650 мг,,,,10 таблеток,,,
73,409,ГАСТРАСАН ЭКСПРЕСС 680мг+80мг N12 таб. жевательные Апельсин ЮжФарм ООО | ЮжФарм ООО | ЮжФарм ООО | N12,drug,,0.85,"Лекарственный препарат для лечения изжоги, содержит комбинацию действующих веществ. Отпускается без рецепта, предназначен для взрослых.",True,,pending_fallback,direction_select,,semantic_primary,success,внутрь,таблетки жевательные,взрослые,,,Гастрасан Экспресс,,otc,,Изжога,,перорально,,таблетки жевательные,,680мг+80мг,,взрослые,,N12,,комбинированный,
75,409,САМБУКУС БУЗИНА ИММУНИТЕТ таб. массой 700мг N30 Грин сайд ООО | Грин Сайд ООО | Грин Сайд ООО | N30,drug,,0.7,"Товар относится к категории drug (лекарственное средство) и имеет профиль атрибутов, допускающий заполнение всех полей. На основе названия и формы выпуска определены бренд, путь введения, лекарственная форма и дозировка, однако возрастной сегмент и комбинированный состав не указаны.",True,,pending_fallback,direction_select,,semantic_primary,success,перорально,таблетки,,,,Самбукус Бузина Иммунитет,,otc,,простуда и ОРВИ,,перорально,,таблетки,,700 мг,,,,30 таблеток,,,
76,409,АЙХЕРЦ КАЛЬЦИЙ+ВИТАМИН Д3 таб. шипучие N20 FreiCare Swiss AG | FreiCare Swiss AG | FreiCare Swiss AG | N20,vitamin_or_baa,,0.85,"Товар относится к категории витаминов/БАД (vitamin_or_baa). На основе названия определены действующее вещество (кальций и витамин D3), форма выпуска (шипучие таблетки) и количество в упаковке. Дозировка и возрастной сегмент не указаны, поэтому эти поля оставлены пустыми.",True,,pending_fallback,direction_select,,semantic_primary,success,перорально,таблетки шипучие,,Кальций + витамин D3,,Айхерц,,,,Комплексные профили,,перорально,,таблетки,,,,универсальный,,20 таблеток,,Кальций + витамин D3,
77,409,ВИТАЙМ пастилки мармеладные Витамин С со вкусом клубники N30 ВТФ ООО | ВТФ ООО | ВТФ ООО | N30,vitamin_or_baa,,0.85,"Товар относится к категории витаминов и БАД (vitamin_or_baa), поэтому rx_otc не применим. На основе названия и семейства продукта определены МНН (аскорбиновая кислота), форма выпуска и количество в упаковке. Дозировка и возрастной сегмент не указаны, поэтому оставлены пустыми.",True,,pending_fallback,direction_select,,semantic_primary,success,перорально,пастилки мармеладные,,Аскорбиновая кислота,,ВИТАЙМ,,,,Моно-витамин C,,перорально,,,,,,универсальный,,30,,,
81,409,ТЕТРАЛАБ КОМПЛЕКС ИМБИРЬ + ЧЕСНОК капс. N60 Квадрат-С ООО | Квадрат-С ООО | Квадрат-С ООО | N60,vitamin_or_baa,,0.7,"Товар относится к БАДам (product_kind: vitamin_or_baa, family: БАДы). На основе названия определены бренд, лекарственная форма, путь введения и возрастной сегмент. Дозировка и МНН не указаны, поэтому эти поля оставлены пустыми.",True,,pending_fallback,direction_select,,semantic_primary,success,перорально,капсулы,взрослые,,,ТЕТРАЛАБ,,,,нутрицевтики,,перорально,,капсулы,,,,взрослые,,60 капсул,,имбирь + чеснок,
84,409,ЭКОПЛАСТ КИНЕЗИО ТЕЙП 5смх5м белый НордеПласт ЛСЭЗ | Нордепласт ЛСЭЗ | Нордепласт ЛСЭЗ,medical_device,clinical_like,0.85,"Товар является медицинским изделием (клинический тип) — кинезиологический тейп. Бренд и размеры указаны в названии, поэтому заполнены соответствующие поля, а фармацевтические атрибуты (МНН, рецептурность, нозология) неприменимы.",True,,pending_fallback,direction_select,,semantic_primary,success,наружно,тейп,,,,Экопласт,,,,,,наружно,,,,5см x 5м,,,,1 шт,,,
85,409,ХЕРБИОН маска д/лица грязевая с экстрактом Морских Водорослей 100мл Herbion Pakistan Pvt. Ltd. | Herbion pakistan pvt. Ltd | Herbion pakistan pvt. Ltd,cosmetic_hygiene,,0.9,"Товар относится к категории косметика и гигиена (cosmetic_hygiene), поэтому фармацевтические атрибуты (МНН, рецептурность, нозология, форма выпуска и дозировка) неприменимы. Из доступных атрибутов заполнены бренд и объем упаковки.",True,,pending_fallback,direction_select,,semantic_primary,success,,,,,,Herbion,,,,,,не применимо,,не применимо,,,,не применимо,,100 мл,,,
86,409,ТАДАЛАФИЛ-АЛИУМ 20мг N8 таб. покрытые пленочной оболочкой Алиум АО | Алиум АО | Алиум АО | N8,drug,,0.95,"Товар является лекарственным препаратом (drug), поэтому все фармацевтические атрибуты применимы. На основе названия определены МНН, бренд, форма, дозировка и упаковка. Препарат отпускается по рецепту.",True,,pending_fallback,direction_select,,semantic_primary,success,внутрь,"таблетки, покрытые пленочной оболочкой",взрослые,Тадалафил,,Алиум,,rx,,Эректильная дисфункция,,перорально,,таблетки,,20 мг,,взрослые,,N8,,,
88,410,ГЕСПЕРИДИН+ДИОСМИН 100мг+900мг N30 таб. покрытые пленочной оболочкой Алиум АО | Алиум АО | Алиум АО | N30,drug,,0.9,"Товар является лекарственным средством (drug) с комбинированным составом (диосмин и гесперидин), применяемым при венозной недостаточности. Все атрибуты определены на основе текста и подсказок.",True,,pending_fallback,direction_select,,semantic_primary,success,внутрь,"таблетки, покрытые пленочной оболочкой",взрослый,Диосмин+Гесперидин,,Алиум,,otc,,Венозная недостаточность,,перорально,,таблетки,,100мг+900мг,,взрослые,,N30,,комбинированный,
90,410,СМАРТГАМ ИМБИРЬ жевательная резинка N10 ВТФ ООО | ВТФ ООО | ВТФ ООО | N10,other,,0.7,"Товар относится к категории 'other', поэтому большинство фармацевтических атрибутов неприменимы. Из доступных полей заполнены только brand и package_hint на основе текста.",True,,pending_fallback,direction_select,,semantic_primary,success,,,,,,СМАРТГАМ,,,,,,не применимо,,не применимо,,,,не применимо,,N10,,,
92,410,ДИНАМИКО ЛОНГ 20мг N8 таб. покрытые пленочной оболочкой Тева Фармацевтические Предприятия Лтд | Тева Фармацевтические Предприятия Лтд. | Тева Фармацевтические Предприятия Лтд. | N8,drug,,0.7,"Товар является лекарственным препаратом (drug). Название и форма выпуска указаны, но действующее вещество (МНН) не определено из-за отсутствия данных в нормализованном тексте.",True,,pending_fallback,direction_select,,semantic_primary,success,peroral,"таблетки, покрытые пленочной оболочкой",adult,,,Динамико Лонг,,rx,,,,,,таблетки,,20 мг,,взрослые,,8 таблеток,,,
93,410,МАГНИЙ ОПТИМА капс. с витаминами группы В N120 Летофарм ООО | Летофарм ООО | Летофарм ООО | N120,vitamin_or_baa,,0.8,"Товар относится к категории витаминов и БАД (нутрицевтики). Название указывает на комбинированный препарат магния с витаминами группы B, поэтому mnn указан как 'Комплекс', nosology - 'комплексные профили'. Дозировка не указана, возрастной сегмент не определен.",True,,pending_fallback,direction_select,,semantic_primary,success,перорально,капсулы,,Комплекс,,Магний Оптима,,,,комплексные профили,,перорально,,капсулы,,,,универсальный,,120 капсул,,магний + витамины группы B,
95,410,ФАРМАЧЕРОТТО пластырь водонепроницаемый бежевый N20 Фармак Дзаббан С.п.А. | Фармак Дзаббан С.п.А. | Фармак Дзаббан С.п.А. | N20,medical_device,clinical_like,0.85,"Товар относится к медицинским изделиям (пластырь водонепроницаемый). Атрибуты mnn, rx_otc, nosology и combination_hint не применимы для данного типа продукта, поэтому они не заполнены.",True,,pending_fallback,direction_select,,semantic_primary,success,наружно,пластырь,,,,ФАРМАЧЕРОТТО,,,,,,наружно,,пластырь,,,,,,20,,,
96,410,ПЕЛИГРИН простыни впитывающие одноразовые Классик 60х90см N10 Санте | Санте | Санте | N10,medical_device,hygiene_like,0.8,"Товар относится к медицинским изделиям (гигиенический профиль). Для данного типа товара применимы только бренд, возрастной сегмент и упаковка, остальные фармацевтические атрибуты не применимы.",True,,pending_fallback,direction_select,,semantic_primary,success,,,,,,Санте,,,,,,не применимо,,не применимо,,,,не применимо,,10 штук,,,
100,410,ЛЕСНОЙ БАЛЬЗАМ ТОТАЛ КОМПЛЕКС ополаскиватель д/полости рта Антиналет/Защита от кариеса 800мл Калина ООО | Калина ООО | Калина ООО,cosmetic_hygiene,,0.9,"Товар относится к категории косметических средств гигиены (ополаскиватель для полости рта), поэтому фармацевтические атрибуты (МНН, рецептурность, нозология и др.) неприменимы. Указаны бренд и объем упаковки.",True,,pending_fallback,direction_select,,semantic_primary,success,,,,,,Лесной бальзам,,,,,,не применимо,,не применимо,,,,не применимо,,800 мл,,,
159,410,ИСИС ФАРМА РУБОРИЛ ЭКСПЕРТ S крем д/сухой/чувствительной кожи 40мл ISIS Pharma | Isis pharma | Isis pharma,cosmetic_hygiene,,0.9,"Товар относится к категории косметика и гигиена (cosmetic_hygiene), поэтому фармацевтические атрибуты (МНН, рецептурность, нозология, форма выпуска и т.д.) неприменимы. Из доступных атрибутов определены бренд и объем упаковки.",True,,pending_fallback,direction_select,,semantic_primary,success,,,,,,Isis Pharma,,,,,,не применимо,,не применимо,,,,не применимо,,40 мл,,,
228,410,БИОДЕРМА ГИДРАБИО сыворотка д/обезвоженной/чувствительной кожи 40мл Bioderma | Bioderma | Bioderma,cosmetic_hygiene,,0.9,"Товар относится к категории косметика/гигиена (cosmetic_hygiene). Для данного типа товара применимы только бренд, возрастной сегмент и упаковка, остальные фармацевтические атрибуты не применимы.",True,,pending_fallback,direction_select,,semantic_primary,success,,,,,,Bioderma,,,,,,не применимо,,не применимо,,,,не применимо,,40 мл,,,
249,410,ОСТЕОМЕД таб. N60 Парафарм | Парафарм ООО | Парафарм ООО | N60,drug,,0.7,"Товар является лекарственным средством (drug) для опорно-двигательного аппарата. На основе названия и формы выпуска определены бренд, путь введения, лекарственная форма и возрастной сегмент, однако точный МНН и дозировка не указаны.",True,,pending_fallback,direction_select,,semantic_primary,success,peroral,tablets,adult,,,Остеомед,,otc,,остеопороз,,,,таблетки,,,,взрослые,,60 tablets,,,
317,411,ЮКАН ПЛАСТЫРЬ ДЛЯ ТЕЛА ЧЖУЙФЕН ОБЕЗБОЛИВАЮЩИЙ (ПРИ ЛЮБОЙ БОЛИ) 11Х18СМ №1 | ANHUI PROVANCE DE JI TANG PHAR | ANHUI PROVANCE DE JI TANG PHAR,medical_device,clinical_like,0.8,"Товар относится к медицинским изделиям (клинический профиль). Извлечены бренд, форма выпуска, путь введения и возрастной сегмент на основе текста. Поля mnn, rx_otc, nosology и combination_hint не применимы для данного типа продукта.",True,,pending_fallback,direction_select,,semantic_primary,success,наружно,пластырь,взрослые,,,ЮКАН,,,,,,наружно,,пластырь,,,,взрослые,,11х18см №1,,,
331,411,ЭХИНАЦЕЯ ТАБЛ. 200МГ №30 ФАРМВИЛАР | ФАРМВИЛАР НПО ООО | ФАРМВИЛАР НПО ООО,vitamin_or_baa,,0.7,"Товар относится к БАД (витаминно-растительные средства), поэтому rx_otc не применим. На основе названия определены форма выпуска, дозировка и количество в упаковке, бренд указан как Фармвилар. Возрастной сегмент и комбинированный состав не указаны.",True,,pending_fallback,direction_select,,semantic_primary,success,перорально,таблетки,,,,Фармвилар,,,,нутрицевтики,,перорально,,таблетки,,200 мг,,универсальный,,30 таблеток,,,
354,411,"ЭХИНАЦЕИ ПУРПУРНОЙ ТРАВА 1,5Г Ф/П №20 ИВАН ЧАЙ | ИВАН-ЧАЙ ЗАО | ИВАН-ЧАЙ ЗАО",drug,,0.8,"Товар является лекарственным растительным препаратом (трава эхинацеи пурпурной). Атрибуты MNN и нозология не указаны в названии, поэтому оставлены пустыми. Препарат отпускается без рецепта.",True,,pending_fallback,direction_select,,semantic_primary,success,внутрь,трава,,,,Иван-Чай,,otc,,,,перорально,,фильтр-пакеты,,"1,5 г",,,,20 пакетов,,,
388,411,ЭУЦЕРИН UREAREPAIR PLUS КРЕМ УВЛАЖНЯЮЩИЙ 450МЛ | BEIERSDORF AG | BEIERSDORF AG,cosmetic_hygiene,,0.9,"Товар относится к категории косметика/гигиена (cosmetic_hygiene). Для данного типа товара применимы только бренд, возрастной сегмент и упаковка, остальные фармацевтические атрибуты не применимы.",True,,pending_fallback,direction_select,,semantic_primary,success,,,,,,Эуцерин,,,,,,не применимо,,не применимо,,,,не применимо,,450 мл,,,
398,411,ЭУЦЕРИН ANTI-PIGMENT СЫВОРОТКА ДВОЙНАЯ ПРОТИВ ПИГМЕНТАЦИИ БАНКА 30МЛ | BEIERSDORF AG | BEIERSDORF AG,cosmetic_hygiene,,0.9,"Товар относится к категории косметика/гигиена (cosmetic_hygiene), поэтому фармацевтические атрибуты (MNN, Rx/OTC, нозология, форма выпуска, дозировка) неприменимы. Из доступных полей заполнены бренд (Eucerin) и упаковка (банка 30 мл).",True,,pending_fallback,direction_select,,semantic_primary,success,,,,,,Eucerin,,,,,,не применимо,,не применимо,,,,не применимо,,банка 30 мл,,,
456,411,"ЭТОРИАКС ТАБЛ. П/ПЛЕН/ОБ. 60МГ №14 | КРКА, Д.Д., НОВО МЕСТО АО | КРКА, Д.Д., НОВО МЕСТО АО",drug,,0.9,"Препарат Эториакс (МНН: эторикоксиб) относится к группе НПВП, применяется при заболеваниях опорно-двигательного аппарата. Отпускается по рецепту, форма выпуска — таблетки по 60 мг, в упаковке 14 штук.",True,,pending_fallback,direction_select,,semantic_primary,success,перорально,"таблетки, покрытые пленочной оболочкой",взрослые,Эторикоксиб,,Эториакс,,rx,,"Остеоартрит, ревматоидный артрит, анкилозирующий спондилит",,перорально,,таблетки,,60 мг,,взрослые,,14 таблеток,,,
486,411,ЭСЦИТАЛОПРАМ КАНОН ТАБЛ. П/ПЛЕН/ОБ. 20МГ №28 | КАНОНФАРМА ПРОДАКШН ЗАО | КАНОНФАРМА ПРОДАКШН ЗАО,drug,,0.95,"Товар является лекарственным препаратом (drug) с полным набором применимых атрибутов. На основе текста определены МНН, бренд, форма выпуска, дозировка и упаковка.",True,,pending_fallback,direction_select,,semantic_primary,success,перорально,"таблетки, покрытые пленочной оболочкой",взрослые,Эсциталопрам,,Эсциталопрам Канон,,rx,,"Депрессивные расстройства, тревожные расстройства",,перорально,,таблетки,,20 мг,,взрослые,,28 таблеток,,,
631,411,ЭПИФАМИН ТАБЛ. П/О №40 | КЛИНИКА ИНСТИТ.БИОРЕГУЛЯЦ. И ГЕРОНТОЛОГИИ | КЛИНИКА ИНСТИТ.БИОРЕГУЛЯЦ. И ГЕРОНТОЛОГИИ,other,,0.5,"Товар относится к категории 'other', для которой большинство фармацевтических атрибутов не применимы. Доступны только бренд, возрастной сегмент и подсказка по упаковке, но в предоставленных данных недостаточно информации для их определения.",True,,pending_fallback,direction_select,,semantic_primary,success,,,,,,,,,,,,не применимо,,не применимо,,,,не применимо,,,,,
777,411,ЭНАЛАПРИЛ АЛЬФАКТИВ ТАБЛ. 20МГ №20 | ОЗОН ФАРМ ООО | ОЗОН ФАРМ ООО,drug,,0.9,"Товар является лекарственным препаратом (drug) с активным веществом эналаприл, что подтверждается названием. Атрибуты соответствуют профилю: mnn, форма, дозировка и упаковка указаны в тексте, поэтому заполнены.",True,,pending_fallback,direction_select,,semantic_primary,success,внутрь,таблетки,взрослые,Эналаприл,,,,rx,,Гипертония,,перорально,,таблетки,,20 мг,,взрослые,,20 таблеток,,,
825,411,ЭЛЬФАРМА МАСЛО КОСМЕТИЧЕСКОЕ МОНАРДЫ 30МЛ | БИЗНЕСОЙЛ ООО | БИЗНЕСОЙЛ ООО,cosmetic_hygiene,,0.8,"Товар относится к категории косметических средств (косметическое масло), поэтому фармацевтические атрибуты, такие как МНН, рецептурность, нозология и форма выпуска, неприменимы. Указан бренд и объем упаковки.",True,,pending_fallback,direction_select,,semantic_primary,success,,,,,,ЭЛЬФАРМА,,,,,,не применимо,,не применимо,,,,не применимо,,30 мл,,,
828,412,ЭЛЬФАРМА МАСЛО КОСМЕТИЧЕСКОЕ ЖОЖОБА 30МЛ | БИЗНЕСОЙЛ ООО | БИЗНЕСОЙЛ ООО,cosmetic_hygiene,,0.9,"Товар относится к категории косметических средств (косметическое масло жожоба). Для данного типа продукта применимы только бренд и упаковка, остальные фармацевтические атрибуты не используются.",True,,pending_fallback,direction_select,,semantic_primary,success,,,,,,ЭЛЬФАРМА,,,,,,не применимо,,не применимо,,,,не применимо,,30 мл,,,
844,412,ЭЛЬКАР Р-Р Д/ПРИЕМА ВНУТРЬ 300МГ/МЛ ФЛ. 25МЛ | ///ПИК-ФАРМА ЛЕК | ///ПИК-ФАРМА ЛЕК,drug,,0.9,"Препарат Элькар (левокарнитин) применяется для коррекции метаболических процессов. Отпускается без рецепта, форма выпуска — раствор для приема внутрь во флаконах.",True,,pending_fallback,direction_select,,semantic_primary,success,Внутрь,Раствор для приема внутрь,Взрослые,Левокарнитин,,Элькар,,Без рецепта,,Метаболические нарушения,,перорально,,раствор,,300 мг/мл,,взрослые,,Флакон 25 мл,,,
884,412,"ЭЛИЦЕЯ КУ-ТАБ ТАБЛ. ДИСПЕРГ. В ПОЛОСТИ РТА 10МГ №56 | КРКА, Д.Д., НОВО МЕСТО АО | КРКА, Д.Д., НОВО МЕСТО АО",drug,,0.7,"Товар относится к категории drug (стоматология). На основе названия и формы выпуска определены бренд, путь введения, лекарственная форма и дозировка. Нозология предположительно связана с инфекциями и воспалением слизистой полости рта, но точное назначение требует уточнения.",True,,pending_fallback,direction_select,,semantic_primary,success,местно,таблетки диспергируемые в полости рта,,,,Элицея,,rx,,Инфекции и воспаление слизистой полости рта,,,,таблетки,,10мг,,,,№56,,,
1013,412,"ЭКОПЛАСТ ЭКОСИЛК ПЛАСТЫРЬ МЕДИЦ. ФИКСИР. ТЕКСТИЛЬНЫЙ 1,25Х5СМ | НОРДЕПЛАСТ ЛСЭЗ ООО | НОРДЕПЛАСТ ЛСЭЗ ООО",medical_device,clinical_like,0.8,"Товар является медицинским изделием (пластырь), поэтому MNN, rx_otc, nosology и combination_hint не применимы. Указаны бренд, форма выпуска и размер, остальные поля не определены.",True,,pending_fallback,direction_select,,semantic_primary,success,наружно,пластырь,,,,Экопласт,,,,,,наружно,,пластырь,,,,,,"1,25х5 см",,,
1022,412,ЭКОПЛАСТ ПЛАСТЫРЬ МЕДИЦИНСКИЙ ТКАНЫЙ НАБОР ELASTIC 72Х19ММ №8 | НОРДЕПЛАСТ ЛСЭЗ ООО | НОРДЕПЛАСТ ЛСЭЗ ООО,medical_device,clinical_like,0.8,"Товар относится к медицинским изделиям (клинический тип), поэтому MNN, Rx/OTC, нозология и комбинационные признаки не применимы. Указаны форма выпуска (пластырь), путь введения (наружно) и упаковка.",True,,pending_fallback,direction_select,,semantic_primary,success,наружно,пластырь,,,,Экопласт,,,,,,наружно,,пластырь,,,,,,72х19мм №8,,,
1030,412,ЭКОПЛАСТ КИНЕЗИО ТЕЙП 5СМХ5М КРАСНЫЙ | НОРДЕПЛАСТ ЛСЭЗ ООО | НОРДЕПЛАСТ ЛСЭЗ ООО,medical_device,clinical_like,0.8,"Товар является медицинским изделием (клинический тип), поэтому поля mnn, rx_otc, nosology и combination_hint не применимы. Из названия извлечены бренд, форма выпуска (тейп), размер и упаковка.",True,,pending_fallback,direction_select,,semantic_primary,success,наружно,тейп,,,,ЭКОПЛАСТ,,,,,,наружно,,,,5 см x 5 м,,,,1 шт,,,
1053,412,"ЭКЗОРОЛФИНЛАК ЛАК Д/НОГТЕЙ 5% ФЛ. 2,5МЛ | ПАУЛЬ В. БЕЙФЕРС ГМБХ | ПАУЛЬ В. БЕЙФЕРС ГМБХ",drug,,0.9,"Товар является лекарственным средством (kind: drug) для лечения грибковых заболеваний ногтей. На основе названия и концентрации определены МНН (циклопирокс), форма выпуска и дозировка, остальные атрибуты соответствуют профилю применимости.",True,,pending_fallback,direction_select,,semantic_primary,success,наружно,лак для ногтей,взрослые,Циклопирокс,,Экзоролфинлак,,rx,,Грибковые заболевания ногтей,,наружно,,,,5%,,взрослые,,"флакон 2,5 мл",,,
1157,412,ЭДАС-117 ЛАРИНОЛ КАПЛИ Д/ПРИЕМА ВНУТРЬ ГОМЕОП. ФЛ. 25МЛ | ЭДАС ХОЛДИНГ ОАО | ЭДАС ХОЛДИНГ ОАО,drug,,0.7,"Товар является гомеопатическим препаратом (kind: drug). Извлечены доступные атрибуты: бренд, форма выпуска, путь введения и упаковка. MNN и нозология не указаны в названии, поэтому оставлены пустыми.",True,,pending_fallback,direction_select,,semantic_primary,success,Внутрь,Капли,,,,ЭДАС-117 ЛАРИНОЛ,,Без рецепта,,,,перорально,,капли,,,,,,Флакон 25 мл,,,
1217,412,"ЭВКАЛИПТА ПРУТОВИДНОГО ЛИСТЬЯ Ф/П 1,5Г №20 ЗДОРОВЬЕ | ЗДОРОВЬЕ ФИРМА ООО | ЗДОРОВЬЕ ФИРМА ООО",drug,,0.8,"Товар является лекарственным растительным препаратом (листья эвкалипта), что подтверждает product_kind='drug'. Атрибуты применимы, так как attr_profile разрешает их заполнение. Указаны форма выпуска (фильтр-пакет), дозировка (1,5 г) и количество в упаковке (20 шт.).",True,,pending_fallback,direction_select,,semantic_primary,success,для приема внутрь,фильтр-пакет,взрослые,Эвкалипта прутовидного листьев,,Здоровье,,otc,,Заболевания верхних дыхательных путей,,перорально,,фильтр-пакеты,,1.5 г,,взрослые,,20 фильтр-пакетов,,,
1260,412,ЭВАЛАР НАТУРАЛЬНЫЙ ВИТАМИН К2 100МГК+Д3 КАПС. №30 | ЭВАЛАР ЗАО | ЭВАЛАР ЗАО,vitamin_or_baa,,0.85,"Товар относится к категории витаминов и БАД (vitamin_or_baa). Препарат содержит витамины К2 и Д3, поэтому mnn указан как 'Комплекс', а nosology — 'комплексные профили'. Поля rx_otc не применимо для данной категории.",True,,pending_fallback,direction_select,,semantic_primary,success,перорально,капсулы,взрослые,Комплекс,,Эвалар,,,,комплексные профили,,перорально,,капсулы,,100 мкг + Д3,,взрослые,,30 капсул,,комбинированный препарат,
1503,413,ЧУДО-ХАШ ГЕЛЬ-БАЛЬЗАМ ДЛЯ ТЕЛА И СУСТАВОВ ТУБА 70Г | СПЕЦМАЗЬ ООО | СПЕЦМАЗЬ ООО,cosmetic_hygiene,,0.8,"Товар относится к категории косметических средств (косметика и гигиена), поэтому фармацевтические атрибуты, такие как МНН, рецептурность, нозология, путь введения, лекарственная форма и дозировка, не применимы. Из доступных атрибутов определены бренд и упаковка.",True,,pending_fallback,direction_select,,semantic_primary,success,,,,,,СПЕЦМАЗЬ,,,,,,не применимо,,не применимо,,,,не применимо,,туба 70 г,,,
1516,413,ЧИСТАЯ ЛИНИЯ ШАМПУНЬ ОБЪЕМ И СИЛА ДЛЯ ТОНКИХ И ОСЛАБЛЕННЫХ ВОЛОС ПШЕНИЦА И ЛЕН 400МЛ | Калина ООО | Калина ООО,cosmetic_hygiene,,0.9,"Товар относится к категории косметика/гигиена (шампунь). Для данного типа продукта применимы только бренд, возрастной сегмент и упаковка, остальные фармацевтические атрибуты не применимы.",True,,pending_fallback,direction_select,,semantic_primary,success,,,взрослые,,,Чистая Линия,,,,,,не применимо,,не применимо,,,,взрослые,,400 мл,,,
1638,413,ЧЕРЕДЫ ТРАВА 50Г ЗДОРОВЬЕ | ЗДОРОВЬЕ ФИРМА ООО | ЗДОРОВЬЕ ФИРМА ООО,drug,,0.7,"Товар относится к категории 'drug' (лекарственное средство) и представляет собой монокомпонентную лекарственную траву. Атрибуты mnn и nosology не указаны в названии, поэтому оставлены пустыми.",True,,pending_fallback,direction_select,,semantic_primary,success,internal,трава,,,,ЗДОРОВЬЕ,,otc,,,,,,,,50 г,,,,50 г,,,
1668,413,"ЧАБРЕЦА ТРАВА Ф/П 1,5Г №20 ЗДОРОВЬЕ | Здоровье фирма ЗАО | Здоровье фирма ЗАО",drug,,0.7,"Товар является лекарственным растительным препаратом (трава чабреца). На основе текста определены форма выпуска, дозировка и упаковка, но МНН и нозология не указаны.",True,,pending_fallback,direction_select,,semantic_primary,success,внутрь,трава,,,,Здоровье,,otc,,,,перорально,,фильтр-пакеты,,"1,5 г",,,,20 пакетов,,,
1719,413,ЦИТРАЛГИН КРЕМ С ВИТАМИНОМ Е ДЛЯ МАССАЖА ТУБА 75МЛ | ИНФАРМА 2000 ООО | ИНФАРМА 2000 ООО,vitamin_or_baa,,0.7,"Товар относится к категории витаминов/БАД (product_kind: vitamin_or_baa). Название указывает на витамин E в форме крема для массажа, поэтому mnn и nosology определены, но точная дозировка и возрастной сегмент не указаны.",True,,pending_fallback,direction_select,,semantic_primary,success,наружно,крем,,Витамин E,,,,,,отдельные нутриенты,,наружно,,крем,,,,универсальный,,туба 75 мл,,,
1765,413,ЦИПРОТЕРОН-ТЕВА ТАБЛ. 50МГ №50 | ТЕВА ЧЕШСКИЕ ПРЕДПРИЯТИЯ С.Р.О. | ТЕВА ЧЕШСКИЕ ПРЕДПРИЯТИЯ С.Р.О.,drug,,0.85,"Товар является лекарственным препаратом (drug) с активным веществом ципротерона ацетат. На основе названия и формы выпуска определены основные фармацевтические атрибуты, включая МНН, бренд, дозировку и путь введения.",True,,pending_fallback,direction_select,,semantic_primary,success,перорально,таблетки,взрослые,Ципротерон,,Ципротерон-Тева,,rx,,Антиандрогены терапия андрогензависимых состояний и онкологии,,перорально,,таблетки,,50 мг,,взрослые,,50 таблеток,,,
1786,413,"ЦИНОВИТ КРЕМ УВЛЯЖНЯЮЩИЙ ДЛЯ КОМБИНИРОВАННОЙ, ЖИРНОЙ, ПРОБЛЕМНОЙ КОЖИ ТУБА 50МЛ | ИНТЕЛБИО ООО | ИНТЕЛБИО ООО",cosmetic_hygiene,,0.9,"Товар относится к категории косметических средств (косметика/гигиена), поэтому фармацевтические атрибуты, такие как МНН, рецептурность, нозология, путь введения, лекарственная форма и дозировка, неприменимы. Из доступных атрибутов определены бренд и упаковка.",True,,pending_fallback,direction_select,,semantic_primary,success,,,,,,ЦИНОВИТ,,,,,,не применимо,,не применимо,,,,не применимо,,туба 50 мл,,,
1817,413,ЦИНК РЕНЕВАЛ ТАБЛ. П/ПЛЕН/ОБ. 48МГ ПО 299МГ №30 | Обновление ПФК АО | Обновление ПФК АО,vitamin_or_baa,,0.85,"Товар относится к категории витаминов и БАД (product_kind: vitamin_or_baa). На основе названия определены действующее вещество (цинк), бренд, форма выпуска, дозировка и упаковка. Поле rx_otc не применимо для данной категории.",True,,pending_fallback,direction_select,,semantic_primary,success,перорально,"таблетки, покрытые пленочной оболочкой",взрослые,Цинк,,Реневал,,,,нутрицевтики,,перорально,,таблетки,,48 мг,,взрослые,,30 таблеток,,,
1869,413,ЦИ-КЛИМ ВИТАМИНЫ ДЛЯ ЖЕНЩИН 45+ ТАБЛ. №90 | ЭВАЛАР ЗАО | ЭВАЛАР ЗАО,vitamin_or_baa,,0.8,"Товар относится к витаминно-минеральным комплексам (kind: vitamin_or_baa). Атрибут rx_otc не применим для данной категории, поэтому он равен null. Дозировка не указана в названии, поэтому dosage также null.",True,,pending_fallback,direction_select,,semantic_primary,success,перорально,таблетки,45+,Комплекс,,Ци-Клим,,,,Комплексные профили,,перорально,,таблетки,,,,универсальный,,90 таблеток,,витаминно-минеральный комплекс,
2023,413,ЦЕЛЕКОКСИБ-ТЕВА КАПС. 200МГ №30 | УОТСОН ФАРМА ПРАЙВЭТ ЛИМИТЕД | УОТСОН ФАРМА ПРАЙВЭТ ЛИМИТЕД,drug,,0.9,"Товар является лекарственным препаратом (drug) с действующим веществом целекоксиб, что подтверждается названием и формой выпуска. Атрибуты, такие как МНН, бренд, рецептурность, нозология, путь введения, лекарственная форма, дозировка, возрастной сегмент и упаковка, применимы и извлечены из текста. Комбинированный препарат не указан, поэтому combination_hint отсутствует.",True,,pending_fallback,direction_select,,semantic_primary,success,внутрь,капсулы,взрослые,Целекоксиб,,Целекоксиб-Тева,,rx,,Боль костно-мышечная,,перорально,,капсулы,,200мг,,взрослые,,№30,,,
2203,414,ХОЛОСАС СИРОП ФЛ. 95МЛ (140Г) АЛТАЙВИТАМИНЫ | АЛТАЙВИТАМИНЫ ЗАО | АЛТАЙВИТАМИНЫ ЗАО,vitamin_or_baa,,0.7,"Товар относится к БАД (product_kind: vitamin_or_baa, family: БАД). Извлечены доступные атрибуты: форма выпуска (сироп), объём упаковки, бренд. Нозология определена как нутрицевтики, так как это БАД. Дозировка и возрастной сегмент не указаны в названии.",True,,pending_fallback,direction_select,,semantic_primary,success,перорально,сироп,,,,Холосас,,,,нутрицевтики,,перорально,,сироп,,,,универсальный,,флакон 95 мл,,,
2281,414,"ХЛОРГЕКСИДИНА БИГЛЮКОНАТ Р-Р Д/МЕСТН. И НАРУЖ. ПРИМ. 0,05% ФЛ. 100МЛ ИВАНОВСКАЯ ФФ | ИВАНОВСКАЯ ФФ | ИВАНОВСКАЯ ФФ",medical_device,clinical_like,0.7,"Товар классифицирован как медицинское изделие с профилем clinical_like, поэтому для него применимы поля administration_route, dosage_form, dosage, age_segment, package_hint и brand. Поля mnn, rx_otc, nosology и combination_hint не применимы и возвращены как null.",True,,pending_fallback,direction_select,,semantic_primary,success,местно и наружно,раствор,,,,ИВАНОВСКАЯ ФФ,,,,,,наружно,,раствор,,0.05%,,,,флакон 100 мл,,,
2348,414,ХИЛАК ФОРТЕ КАПЛИ Д/ПРИЕМА ВНУТРЬ ВИШНЯ ФЛ. 100МЛ | МЕРКЛЕ ГМБХ | МЕРКЛЕ ГМБХ,drug,,0.85,"Товар относится к категории drug (ЖКТ). Препарат Хилак форте является безрецептурным, применяется внутрь в форме капель, показан при дисбактериозе. Точная дозировка и возрастной сегмент не указаны в названии.",True,,pending_fallback,direction_select,,semantic_primary,success,внутрь,капли,,,,Хилак форте,,otc,,дисбактериоз,,перорально,,капли,,,,,,флакон 100 мл,,,
2374,414,ХЕЛЕН ХАРПЕР САЛФЕТКИ ВЛАЖНЫЕ ДЕТСКИЕ BABY WET WIPES №24 | ОНТЭКС РУ ООО | ОНТЭКС РУ ООО,cosmetic_hygiene,,0.9,"Товар относится к категории косметика и гигиена (cosmetic_hygiene), поэтому фармацевтические атрибуты (МНН, рецептурность, нозология, форма, дозировка) неприменимы. Из доступных полей заполнены бренд, возрастной сегмент (детский) и количество в упаковке.",True,,pending_fallback,direction_select,,semantic_primary,success,,,детский,,,ХЕЛЕН ХАРПЕР,,,,,,не применимо,,не применимо,,,,дети,,24 шт,,,
2398,414,ХВОЙНЫЙ ЭКСТРАКТ ЗОЛОТО ЛЕСА БРИКЕТ 50Г №2 | ТИХВИНСКИЙ ЛЕСОХИМИЧЕСКИЙ ЗАВОД | ТИХВИНСКИЙ ЛЕСОХИМИЧЕСКИЙ ЗАВОД,other,,0.7,"Товар относится к категории 'other' (экстракт хвойный). Согласно профилю атрибутов, применимы только бренд и упаковка, остальные фармацевтические поля не заполняются.",True,,pending_fallback,direction_select,,semantic_primary,success,,,,,,Золото леса,,,,,,не применимо,,не применимо,,,,не применимо,,брикет 50 г №2,,,
2422,414,"ХАРТМАНН СТЕРИЛЮКС ЕС САЛФЕТКИ СТЕРИЛЬНЫЕ 7,5СМХ7,5СМ №5 | Paul Hartmann AG | Paul Hartmann AG",medical_device,clinical_like,0.85,"Товар относится к медицинским изделиям (клинический профиль). Стерильные салфетки Hartmann, указаны форма выпуска и размер упаковки, но отсутствуют данные о дозировке и возрастной категории.",True,,pending_fallback,direction_select,,semantic_primary,success,наружно,салфетки стерильные,,,,Hartmann,,,,,,наружно,,,,,,,,"7,5 см х 7,5 см, №5",,,
2443,414,ХАРТМАНН ПЕХА-ХАФТ БИНТ САМОФИКСИРУЮЩИЙСЯ 6СМХ4М СИНИЙ | ХАРТМАНН | ХАРТМАНН,medical_device,clinical_like,0.85,"Товар является медицинским изделием (клинический тип) — самофиксирующийся бинт. Атрибуты mnn, rx_otc, nosology и combination_hint не применимы для данного типа продукта.",True,,pending_fallback,direction_select,,semantic_primary,success,наружно,бинт,,,,ХАРТМАНН,,,,,,наружно,,,,6смх4м,,,,1 шт,,,
2465,414,ХАРТМАНН ОМНИФИКС ЭЛАСТИК ПЛАСТЫРЬ ИЗ НЕТКАННОГО МАТЕРИАЛА 10СМХ10М №1 | Paul Hartmann AG | Paul Hartmann AG,medical_device,clinical_like,0.85,"Товар относится к медицинским изделиям (клинический профиль). Бренд и форма выпуска определены из названия, путь введения — наружно. Остальные фармацевтические атрибуты не применимы.",True,,pending_fallback,direction_select,,semantic_primary,success,наружно,пластырь,,,,Hartmann,,,,,,наружно,,пластырь,,,,,,"10 см x 10 м, №1",,,
2475,414,"ХАРТМАНН ОМНИПЛАСТ ПЛАСТЫРЬ ИЗ ТЕКСТИЛЬНОЙ ТКАНИ ЦВЕТ КОЖИ 2,5СМХ9,2М БЕЗ ЕВРОХОЛДЕРА | Paul Hartmann AG | Paul Hartmann AG",medical_device,clinical_like,0.85,"Товар относится к медицинским изделиям (клинический профиль). Поля mnn, rx_otc, nosology и combination_hint не применимы для пластыря, поэтому они null. Бренд, форма выпуска, размер и упаковка извлечены из названия.",True,,pending_fallback,direction_select,,semantic_primary,success,наружно,пластырь,,,,Hartmann,,,,,,наружно,,пластырь,,"2,5 см × 9,2 м",,,,без еврохолдера,,,
2496,414,ХАРТМАНН КОСМОС СЕНСИТИВ ПЛАСТЫРЬ 22ММ КРУГЛЫЙ №20 | Paul Hartmann AG | Paul Hartmann AG,medical_device,clinical_like,0.85,"Товар относится к медицинским изделиям (клинический тип), поэтому MNN, Rx/OTC, нозология и комбинированный признак неприменимы. Указаны бренд, форма выпуска, путь введения и упаковка.",True,,pending_fallback,direction_select,,semantic_primary,success,наружно,пластырь,,,,Hartmann Cosmoplast sensitive,,,,,,наружно,,пластырь,,,,,,"круглый 22 мм, №20",,,
2621,415,ФУРАЦИЛИН ТАБЛ. Д/Р-РА Д/МЕСТН. И НАРУЖ. ПРИМ. 20МГ №20 ТАТХИМФАРМПРЕПАРАТЫ | ТАТХИМФАРМПРЕПАРАТЫ АО | ТАТХИМФАРМПРЕПАРАТЫ АО,drug,,0.9,"Товар является лекарственным препаратом (drug), поэтому все фармацевтические атрибуты применимы. На основе названия определены МНН (Нитрофурал), бренд (Фурацилин), форма выпуска, дозировка и упаковка. Препарат отпускается по рецепту.",True,,pending_fallback,direction_select,,semantic_primary,success,местно и наружно,таблетки для приготовления раствора,взрослые,Нитрофурал,,Фурацилин,,rx,,антисептик,,наружно,,таблетки,,20 мг,,взрослые,,20 таблеток,,,
2752,415,ФРУКТОВЫЙ ПОЦЕЛУЙ БАЛЬЗАМ-СЫВОРОТКА ДЛЯ ГУБ ИНТЕНСИВНЫЙ АБРИКОС 10МЛ | НИКОЛЬ ООО | НИКОЛЬ ООО,cosmetic_hygiene,,0.9,"Товар относится к категории косметических средств (косметика и гигиена), поэтому фармацевтические атрибуты, такие как МНН, рецептурность, нозология, путь введения, лекарственная форма и дозировка, не применимы. Из доступных атрибутов определены бренд и объем упаковки.",True,,pending_fallback,direction_select,,semantic_primary,success,,,,,,ФРУКТОВЫЙ ПОЦЕЛУЙ,,,,,,не применимо,,не применимо,,,,не применимо,,10 мл,,,
2783,415,ФРАУПЛАСТ ПЛАСТЫРЬ ТЕРМО ОТ МЕНСТРУАЛЬНОЙ БОЛИ №2 | ОКАМОТО ИНДАСТИЗ ИНК. | ОКАМОТО ИНДАСТИЗ ИНК.,medical_device,clinical_like,0.8,"Товар относится к медицинским изделиям (клинический профиль), поэтому MNN, рецептурность, нозология и комбинированный признак не применимы. Указаны бренд, форма выпуска, путь введения, возрастной сегмент и количество в упаковке.",True,,pending_fallback,direction_select,,semantic_primary,success,наружно,пластырь термо,взрослые,,,Фраупласт,,,,,,наружно,,пластырь,,,,взрослые,,№2,,,
2919,415,ФОРМУЛА ПРЕОБРАЖЕНИЯ КРЕМ ДЛЯ РУК СМЯГЧАЮЩИЙ ПРОТИВОВОСПАЛИТЕЛЬНЫЙ 150МЛ | ВИТА ООО ХБО ПРИ РАН ФИРМА | ВИТА ООО ХБО ПРИ РАН ФИРМА,cosmetic_hygiene,,0.7,"Товар относится к категории косметика и гигиена (cosmetic_hygiene). Для данного типа продукта применимы только бренд, возрастной сегмент и подсказка по упаковке; остальные фармацевтические атрибуты не применимы.",True,,pending_fallback,direction_select,,semantic_primary,success,,,,,,,,,,,,не применимо,,не применимо,,,,не применимо,,150 мл,,,
2992,415,ФЛЮРИКСИН (FLURIXIN) СПРЕЙ ПРОПОЛИС 45МЛ | ГРИН САЙД ООО | ГРИН САЙД ООО,other,,0.7,"Товар относится к категории other, поэтому большинство фармацевтических атрибутов неприменимо. Из доступных полей заполнены brand и package_hint на основе названия и объема.",True,,pending_fallback,direction_select,,semantic_primary,success,,,,,,ФЛЮРИКСИН,,,,,,не применимо,,не применимо,,,,не применимо,,45 мл,,,
3027,415,ФЛУОКСЕТИН КАПС. 10МГ №20 ОЗОН | ОЗОН ООО | ОЗОН ООО,drug,,0.9,"Товар является лекарственным препаратом (drug), поэтому все фармацевтические атрибуты применимы. На основе названия определены МНН, форма выпуска, дозировка и упаковка. Возрастной сегмент и нозология указаны предположительно, так как в тексте нет явных указаний.",True,,pending_fallback,direction_select,,semantic_primary,success,перорально,капсулы,взрослые,Флуоксетин,,,,rx,,Депрессия,,перорально,,капсулы,,10 мг,,взрослые,,20 капсул,,,
3065,415,ФЛУКОНАЗОЛ-OBL КАПС. 150МГ №4 | ОБОЛЕНСКОЕ ФП АО | ОБОЛЕНСКОЕ ФП АО,drug,,0.9,Товар является лекарственным препаратом (drug) с действующим веществом флуконазол. Атрибуты определены на основе названия и стандартной информации о препарате.,True,,pending_fallback,direction_select,,semantic_primary,success,перорально,капсулы,,Флуконазол,,Флуконазол-OBL,,rx,,Грибковые заболевания системные,,перорально,,капсулы,,150 мг,,,,4 капсулы,,,
3544,415,ФИКСЭЙД БИНТ ЭЛАСТИЧНЫЙ ВЫСОКОЙ РАСТЯЖИМОСТИ 8СМХ3М | ТОНУС АО | ТОНУС АО,medical_device,clinical_like,0.85,"Товар относится к медицинским изделиям (перевязочные материалы). MNN, Rx/OTC, нозология и комбинационные признаки неприменимы для данного типа продукции, поэтому они указаны как null.",True,,pending_fallback,direction_select,,semantic_primary,success,наружно,бинт,,,,ТОНУС,,,,,,наружно,,,,8 см × 3 м,,,,1 шт,,,
3556,415,"ФИЗИОТЕНЗ ТАБЛ. П/ПЛЕН/ОБ. 0,4МГ №28 ВЕРОФАРМ | ВЕРОФАРМ АО | ВЕРОФАРМ АО",drug,,0.9,"Товар является лекарственным препаратом (drug) для сердечно-сосудистой системы. На основе текста определены МНН (моксонидин), торговое наименование, форма выпуска, дозировка и упаковка.",True,,pending_fallback,direction_select,,semantic_primary,success,перорально,"таблетки, покрытые пленочной оболочкой",взрослые,Моксонидин,,Физиотенз,,rx,,Артериальная гипертензия,,перорально,,таблетки,,"0,4 мг",,взрослые,,28 таблеток,,,
3561,415,ФИЗИОГЕЛЬ КРЕМ ДЛЯ ЛИЦА ДЛЯ СУХОЙ И ЧУВСТВИТЕЛЬНОЙ КОЖИ 75МЛ | СТИФЕЛ ЛАБОРАТОРИЗ | СТИФЕЛ ЛАБОРАТОРИЗ,cosmetic_hygiene,,0.9,"Товар относится к категории косметических средств (косметика и гигиена). Для данного типа продукта применимы только бренд, возрастной сегмент и упаковка, остальные фармацевтические атрибуты не используются.",True,,pending_fallback,direction_select,,semantic_primary,success,,,,,,Физиогель,,,,,,не применимо,,не применимо,,,,не применимо,,75 мл,,,
3722,416,ФЕЛЬДШЕР ГЕЛЬ ДЛЯ РУК ГИГИЕНИЧЕСКИЙ 100МЛ | Народные промыслы | Народные промыслы,medical_device,hygiene_like,0.7,"Товар относится к медицинским изделиям (гигиенический гель для рук). Согласно профилю атрибутов, применимы только бренд, возрастной сегмент и подсказка по упаковке; остальные фармацевтические поля не применимы.",True,,pending_fallback,direction_select,,semantic_primary,success,,,,,,,,,,,,не применимо,,не применимо,,,,не применимо,,100 мл,,,
3759,416,ФАСПИК ГРАН. Д/Р-РА Д/ПРИЕМА ВНУТРЬ АБРИКОС 400МГ ПАК. 3Г №12 | ЗАМБОН СВИТЦЕЛАНД ЛТД. | ЗАМБОН СВИТЦЕЛАНД ЛТД.,drug,,0.8,"Товар является лекарственным препаратом (drug) с полным набором применимых атрибутов. На основе текста определены бренд, форма выпуска, дозировка и путь введения, однако МНН и нозология не указаны.",True,,pending_fallback,direction_select,,semantic_primary,success,внутрь,гранулы для приготовления раствора для приема внутрь,,,,Фаспик,,otc,,,,перорально,,гранулы,,400 мг,,,,пакет 3 г №12,,,
3763,416,ФАРМГРУПП НАСТОЙКА 5 ТРАВ УСПОКОИТЕЛЬНАЯ ФЛ. 250МЛ | ФАРМГРУПП ООО | ФАРМГРУПП ООО,drug,,0.7,"Товар является лекарственным средством (drug) на основе трав, что подтверждается product_kind и family. Настойка применяется внутрь как седативное средство, отпускается без рецепта. Точная дозировка не указана, поэтому поле dosage оставлено пустым.",True,,pending_fallback,direction_select,,semantic_primary,success,внутрь,настойка,взрослые,,,ФАРМГРУПП,,otc,,Седативное средство растительного происхождения,,перорально,,,,,,взрослые,,флакон 250 мл,,5 трав,
3781,416,ФАРИНГОСЕПТ ТАБЛ. Д/РАССАС. МЕД-ЛИМОН 10МГ №20 | C.К. ТЕРАПИЯ С.А. | C.К. ТЕРАПИЯ С.А.,drug,,0.9,Препарат Фарингосепт (МНН амбазон) является лекарственным средством для местного применения при инфекциях ротоглотки. Атрибуты определены на основе названия и формы выпуска.,True,,pending_fallback,direction_select,,semantic_primary,success,перорально,таблетки для рассасывания,взрослые,Амбазон,,Фарингосепт,,otc,,Инфекции верхних дыхательных путей,,перорально,,таблетки,,10 мг,,взрослые,,20 таблеток,,,
3827,416,УШАСТЫЙ НЯНЬ ШАМПУНЬ ДЕТСКИЙ ВИТАМИННЫЙ 200МЛ | НЕВСКАЯ КОСМЕТИКА АО | НЕВСКАЯ КОСМЕТИКА АО,cosmetic_hygiene,,0.9,"Товар относится к категории косметика и гигиена (детский шампунь). Для данного типа продукта применимы только бренд, возрастной сегмент и упаковка, остальные фармацевтические атрибуты не применимы.",True,,pending_fallback,direction_select,,semantic_primary,success,,,детский,,,Ушастый Нянь,,,,,,не применимо,,не применимо,,,,дети,,200 мл,,,
3856,416,УРЬЯЖ РОЗЕЛЬЯН КРЕМ НАСЫЩЕННЫЙ ПРОТИВ ПОКРАСНЕНИЙ 40МЛ | УРЬЯЖ ЛАБОРАТОРИЯ | УРЬЯЖ ЛАБОРАТОРИЯ,cosmetic_hygiene,,0.9,"Товар относится к категории косметика и гигиена, поэтому фармацевтические атрибуты (МНН, рецептурность, нозология, форма выпуска, дозировка) неприменимы. Из доступных данных извлечены бренд и объем упаковки.",True,,pending_fallback,direction_select,,semantic_primary,success,,,,,,УРЬЯЖ,,,,,,не применимо,,не применимо,,,,не применимо,,40 мл,,,
4013,416,"УНИПЛАСТ ЛЕЙКОПЛАСТЫРЬ БАКТЕРИЦИДНЫЙ НАТУРАЛЬНЫЙ 1,9Х7,2СМ №20 | ВЕРОФАРМ ООО | ВЕРОФАРМ ООО",medical_device,clinical_like,0.85,"Товар относится к медицинским изделиям (клинический профиль), поэтому MNN, рецептурность, нозология и комбинированный признак неприменимы. Из названия извлечены бренд, форма выпуска, размер и количество в упаковке.",True,,pending_fallback,direction_select,,semantic_primary,success,наружно,лейкопластырь,,,,УНИПЛАСТ,,,,,,наружно,,пластырь,,"1,9х7,2 см",,,,20 шт.,,,
4052,416,УНГА-РУС ПОЯС С-325 ЭЛАСТИЧНЫЙ ЛЕЧЕБНО-ПРОФИЛАКТИЧЕСКИЙ №2 | ТОНУС АО | ТОНУС АО,medical_device,clinical_like,0.8,"Товар относится к медицинским изделиям (клинический тип), поэтому MNN, Rx/OTC, нозология и комбинированный признак неприменимы. Указаны бренд, форма выпуска (пояс эластичный) и количество в упаковке.",True,,pending_fallback,direction_select,,semantic_primary,success,наружно,пояс эластичный,,,,ТОНУС,,,,,,наружно,,,,,,,,№2,,,
4059,416,УНГА-РУС ПОВЯЗКА C-327 ТРУБЧАТАЯ КОМПРЕССИОННАЯ НАКОЛЕННИК Р.4 | ТОНУС АО | ТОНУС АО,medical_device,clinical_like,0.7,"Товар относится к медицинским изделиям (клинический тип), поэтому MNN, Rx/OTC, нозология и комбинационные подсказки не применимы. Указаны бренд, форма выпуска и способ применения на основе текста.",True,,pending_fallback,direction_select,,semantic_primary,success,наружно,повязка трубчатая,,,,ТОНУС АО,,,,,,наружно,,,,,,,,1 шт,,,
4067,416,УНГА-ВР БИНТ C-305 ЭЛАСТИЧНЫЙ С ЗАСТЕЖКОЙ 8СМХ200СМ | ТОНУС АО | ТОНУС АО,medical_device,clinical_like,0.85,"Товар является медицинским изделием (бинт эластичный), поэтому фармацевтические атрибуты, такие как МНН, рецептурность и нозология, неприменимы. Указаны бренд, форма выпуска и размер упаковки.",True,,pending_fallback,direction_select,,semantic_primary,success,наружно,бинт,,,,ТОНУС,,,,,,наружно,,,,,,,,8 см x 200 см,,,
4091,417,УНГА-БКП БАНДАЖ С-320 ПОСЛЕОПЕР. С АНТИМИКРОБ. СЛОЕМ Р.7 | Тонус АО | Тонус АО,medical_device,hygiene_like,0.9,"Товар относится к медицинским изделиям (гигиенический профиль), поэтому фармацевтические атрибуты (МНН, рецептурность, нозология, путь введения, лекарственная форма, дозировка) неприменимы. Указаны бренд и упаковочная подсказка.",True,,pending_fallback,direction_select,,semantic_primary,success,,,,,,Тонус АО,,,,,,не применимо,,не применимо,,,,не применимо,,"бандаж послеоперационный с антимикробным слоем, размер 7",,,
4133,417,УЛЬЦЕРНИЛ ТАБЛ. КИШ/РАСТ. П/ПЛЕН/ОБ. 20МГ №28 | САН ФАРМАСЬЮТИКАЛ ИНДАСТРИЗ ЛТД | САН ФАРМАСЬЮТИКАЛ ИНДАСТРИЗ ЛТД,drug,,0.85,"Товар является лекарственным препаратом (drug) для лечения ЖКТ. На основе названия и дозировки определены основные фармацевтические атрибуты, однако МНН и комбинационный статус не указаны в исходных данных.",True,,pending_fallback,direction_select,,semantic_primary,success,перорально,"таблетки кишечнорастворимые, покрытые пленочной оболочкой",взрослые,,,Ульцернил,,rx,,Язвенная болезнь желудка и двенадцатиперстной кишки,,перорально,,таблетки,,20 мг,,взрослые,,28 таблеток,,,
4168,417,УЕСАППС (UESUPPS) УЛЬТРА ЭНЕРДЖИ МЕН МУЛЬТИВИТАМИН ФОРМУЛА ТАБЛ. №30 | ULTRA ENERGY SUPPLEMENTS TRADING L.L.C | ULTRA ENERGY SUPPLEMENTS TRADING L.L.C,vitamin_or_baa,,0.8,"Товар относится к категории витаминов и БАД (мультивитамины). Атрибуты rx_otc не применимы, поэтому установлены в null. Дозировка не указана в названии, поэтому оставлена пустой.",True,,pending_fallback,direction_select,,semantic_primary,success,перорально,таблетки,взрослые,Комплекс,,UESUPPS,,,,Комплексные профили,,перорально,,таблетки,,,,взрослые,,30 таблеток,,мультивитаминная формула,
4169,417,УЕСАППС (UESUPPS) УЛЬТРА ЭНЕРДЖИ МЕГА МЕН МУЛЬТИВИТАМИН КАПС. №60 | ULTRA ENERGY SUPPLEMENTS TRADING L.L.C | ULTRA ENERGY SUPPLEMENTS TRADING L.L.C,vitamin_or_baa,,0.8,"Товар является БАДом (мультивитамины) для взрослых, поэтому rx_otc не применим. На основе названия и формы выпуска определены основные атрибуты, дозировка не указана.",True,,pending_fallback,direction_select,,semantic_primary,success,перорально,капсулы,взрослые,Комплекс,,UESUPPS,,,,комплексные профили,,перорально,,капсулы,,,,взрослые,,60 капсул,,мультивитаминный комплекс,
4403,417,ТРИМЕТАЗИДИН-АКОС МВ 35МГ ТАБЛ. МОДИФ. ВЫСВ. П/О №60 | БИОКОМ ЗАО | БИОКОМ ЗАО,drug,,0.9,"Товар является лекарственным препаратом (drug), поэтому все фармацевтические атрибуты применимы. На основе названия определены МНН, бренд, форма выпуска, дозировка и упаковка. Препарат отпускается по рецепту, применяется у взрослых при ишемической болезни сердца.",True,,pending_fallback,direction_select,,semantic_primary,success,перорально,"таблетки с модифицированным высвобождением, покрытые пленочной оболочкой",взрослые,Триметазидин,,Триметазидин-АКОС,,rx,,Ишемическая болезнь сердца,,перорально,,таблетки,,35 мг,,взрослые,,60 таблеток,,,
4481,417,ТРАНЕКСАМОВАЯ КИСЛОТА ТАБЛ. П/ПЛЕН/ОБ. 250МГ №30 МЭЗ | МОСКОВСКИЙ ЭНДОКРИННЫЙ ЗАВОД ФГУП | МОСКОВСКИЙ ЭНДОКРИННЫЙ ЗАВОД ФГУП,drug,,0.9,"Товар является лекарственным препаратом (drug) с активным веществом транексамовая кислота. Атрибуты извлечены из текста: форма выпуска, дозировка, упаковка и путь введения. Информация о бренде и комбинации отсутствует.",True,,pending_fallback,direction_select,,semantic_primary,success,перорально,"таблетки, покрытые пленочной оболочкой",взрослые,Транексамовая кислота,,,,rx,,Кровоостанавливающее средство,,перорально,,таблетки,,250 мг,,взрослые,,30 таблеток,,,
4487,417,ТРАНЕКСАМОВАЯ КИСЛОТА Р-Р ДЛЯ В/В ВВЕД. 50МГ/МЛ АМП. 5МЛ №10 МЭЗ | МОСКОВСКИЙ ЭНДОКРИННЫЙ ЗАВОД ФГУП | МОСКОВСКИЙ ЭНДОКРИННЫЙ ЗАВОД ФГУП,drug,,0.95,"Товар является лекарственным препаратом (drug) с явным указанием МНН, формы выпуска и дозировки. Все атрибуты применимы, кроме возраста и комбинации, которые не указаны в названии.",True,,pending_fallback,direction_select,,semantic_primary,success,внутривенно,раствор для внутривенного введения,,Транексамовая кислота,,,,rx,,Кровоостанавливающее средство,,внутривенно,,раствор,,50 мг/мл,,,,ампулы 5 мл №10,,,
4570,417,ТОРАСЕМИД ТАБЛ. 5МГ №60 ПРАНАФАРМ | ПРАНАФАРМ ООО | ПРАНАФАРМ ООО,drug,,0.9,"Товар является лекарственным препаратом (drug) с полным набором применимых атрибутов. На основе названия определены МНН, бренд, форма выпуска, дозировка и упаковка.",True,,pending_fallback,direction_select,,semantic_primary,success,перорально,таблетки,взрослые,Торасемид,,Пранафарм,,rx,,Сердечно-сосудистые заболевания,,перорально,,таблетки,,5 мг,,взрослые,,60 таблеток,,,
4593,417,ТОРАСЕМИД ТАБЛ. 10МГ №20 ОЗОН | ОЗОН ООО | ОЗОН ООО,drug,,0.9,"Товар является лекарственным препаратом (drug) с действующим веществом торасемид. Атрибуты определены на основе текста и подсказок, включая форму выпуска, дозировку и упаковку.",True,,pending_fallback,direction_select,,semantic_primary,success,внутрь,таблетки,взрослые,Торасемид,,,,rx,,Гипертония и отёки,,перорально,,таблетки,,10 мг,,взрослые,,20 таблеток,,,
4602,417,ТОРАСЕМИД МЕДИСОРБ ТАБЛ. 5МГ №20 | Медисорб АО | Медисорб АО,drug,,0.9,"Товар является лекарственным препаратом (drug) с активным веществом торасемид, применяемым для лечения гипертонии и отёков. Атрибуты извлечены из названия и стандартных характеристик препарата.",True,,pending_fallback,direction_select,,semantic_primary,success,внутрь,таблетки,взрослые,Торасемид,,Медисорб,,rx,,Гипертония и отёки,,перорально,,таблетки,,5 мг,,взрослые,,20 таблеток,,,
4660,418,ТОНУС ЭЛАСТ БИНТ ЭЛАСТИЧНЫЙ 9512 СР 12СМХ500СМ | ТОНУС ЭЛАСТ ООО | ТОНУС ЭЛАСТ ООО,medical_device,clinical_like,0.85,"Товар относится к медицинским изделиям (клинический тип), поэтому MNN, Rx/OTC, нозология и комбинационные подсказки не применимы. Бренд и упаковка извлечены из текста, форма выпуска и путь введения указаны согласно профилю.",True,,pending_fallback,direction_select,,semantic_primary,success,наружно,бинт эластичный,,,,ТОНУС ЭЛАСТ,,,,,,наружно,,,,,,,,12 см х 500 см,,,
4684,418,ТОЛПЕРИЗОН ТАБЛ. П/ПЛЕН/ОБ. 150МГ №30 ОЗОН | ОЗОН ООО | ОЗОН ООО,drug,,0.9,"Товар является лекарственным препаратом (drug) с активным веществом толперизон. Атрибуты определены на основе текста и подсказок, включая форму выпуска, дозировку и упаковку.",True,,pending_fallback,direction_select,,semantic_primary,success,внутрь,"таблетки, покрытые пленочной оболочкой",взрослые,Толперизон,,,,rx,,Спазм мышечный и миофасциальная боль,,перорально,,таблетки,,150 мг,,взрослые,,30 таблеток,,,
4876,418,ТЕСТ-ПОЛОСКИ УРИКЕТ-1 ИНДИКАТОРНЫЕ №50 | БИОСЕНСОР АН ООО | БИОСЕНСОР АН ООО,medical_device,clinical_like,0.8,"Товар является медицинским изделием (тест-полоски для экспресс-диагностики). Атрибуты mnn, rx_otc, nosology и combination_hint не применимы для данного типа продукта, поэтому они не заполнены.",True,,pending_fallback,direction_select,,semantic_primary,success,наружно,тест-полоски,,,,УРИКЕТ-1,,,,,,наружно,,,,,,,,50 штук,,,
4886,418,ТЕСТ НА ОВУЛЯЦИЮ ФАКТОР ИХА-ЛГ-ФАКТОР №5 | ФАКТОР-МЕД ООО | ФАКТОР-МЕД ООО,medical_device,clinical_like,0.7,"Товар относится к медицинским изделиям (клинический профиль). Для теста на овуляцию не указаны бренд, возрастной сегмент и другие клинические атрибуты, поэтому большинство полей остаются пустыми. Указано количество в упаковке (№5).",True,,pending_fallback,direction_select,,semantic_primary,success,,,,,,,,,,,,,,,,,,,,№5,,,
4922,418,ТЕРМИКОН СПРЕЙ Д/НАРУЖ. ПРИМ. 1% ФЛ. 30Г | ФАРМСТАНДАРТ-ЛЕКСРЕДСТВА ОАО | ФАРМСТАНДАРТ-ЛЕКСРЕДСТВА ОАО,drug,,0.85,"Товар является лекарственным средством (drug) с полным набором применимых атрибутов. На основе названия определены МНН (тербинафин), бренд, форма выпуска, дозировка и путь введения. Возрастной сегмент и комбинированный состав не указаны.",True,,pending_fallback,direction_select,,semantic_primary,success,наружно,спрей,,Тербинафин,,Термикон,,rx,,Дерматомикозы,,наружно,,спрей,,1%,,,,флакон 30 г,,,
4924,418,ТЕРМИКОН КРЕМ Д/НАРУЖ. ПРИМ. 1% ТУБА 15Г | ЛЕККО ЗАО | ЛЕККО ЗАО,drug,,0.7,"Товар является лекарственным средством (drug) для лечения кожных заболеваний. На основе названия 'Термикон' и концентрации 1% можно предположить противогрибковое средство, однако точный МНН не указан, поэтому он оставлен пустым.",True,,pending_fallback,direction_select,,semantic_primary,success,наружно,крем,,,,Термикон,,otc,,Дерматомикозы,,наружно,,крем,,1%,,,,туба 15 г,,,
4953,418,ТЕРЕЗАЛЕДИ ПРОКЛАДКИ УРОЛОГИЧЕСКИЕ ДЛЯ ЖЕНЩИН МИНИ №20 | ОНТЭКС РУ ООО/ОЛТЕКС С.А. АО | ОНТЭКС РУ ООО/ОЛТЕКС С.А. АО,medical_device,hygiene_like,0.9,"Товар относится к медицинским изделиям (гигиенический профиль), поэтому фармацевтические атрибуты не применимы. Из названия извлечены бренд, возрастной сегмент и размер упаковки.",True,,pending_fallback,direction_select,,semantic_primary,success,,,взрослые,,,ТЕРЕЗАЛЕДИ,,,,,,не применимо,,не применимо,,,,взрослые,,20 штук,,,
5010,418,ТЕРАФЛЕКС КАПС. 500МГ+400МГ №200 МАКИЗ-ФАРМА | МАКИЗ-ФАРМА | МАКИЗ-ФАРМА,drug,,0.7,"Товар является лекарственным средством (drug) с применимыми фармацевтическими атрибутами. На основе текста определены бренд, форма выпуска, дозировка и упаковка, однако МНН и нозология не указаны.",True,,pending_fallback,direction_select,,semantic_primary,success,oral,capsule,adult,,,Терафлекс,,otc,,,,,,капсулы,,500mg+400mg,,взрослые,,200 capsules,,,
5258,418,"ТАМСУЛОЗИН КАНОН КАПС. КИШ/РАСТ. ПРОЛОНГ. ВЫСВ. 0,4МГ №30 | КАНОНФАРМА ПРОДАКШН ЗАО | КАНОНФАРМА ПРОДАКШН ЗАО",drug,,0.95,"Товар является лекарственным препаратом (drug) с полным набором применимых атрибутов. На основе названия определены МНН, форма выпуска, дозировка и показание. Все поля заполнены в соответствии с профилем применимости.",True,,pending_fallback,direction_select,,semantic_primary,success,внутрь,капсулы с кишечнорастворимым покрытием пролонгированного действия,взрослые,Тамсулозин,,Тамсулозин Канон,,rx,,Симптомы ДГПЖ,,перорально,,капсулы,,"0,4 мг",,взрослые,,№30,,,
5267,418,ТАМОКСИФЕН ТАБЛ. 20МГ №30 ОЗОН | ОЗОН ООО | ОЗОН ООО,drug,,0.9,"Товар является лекарственным препаратом (drug) с полным набором применимых атрибутов. На основе названия определены МНН, форма выпуска, дозировка и упаковка. Препарат отпускается по рецепту.",True,,pending_fallback,direction_select,,semantic_primary,success,peroral,таблетки,adult,Тамоксифен,,ОЗОН,,rx,,Рак молочной железы,,,,таблетки,,20 мг,,взрослые,,30 таблеток,,,
5270,419,ТАМИФЛЮ КАПС. 75МГ №10 | ДЕЛФАРМ МИЛАНО С.Р.Л./Ф.ХОФФМАНН-ЛЯ РОШ ЛТД/СЕНЕКСИ С.А.С. | ДЕЛФАРМ МИЛАНО С.Р.Л./Ф.ХОФФМАНН-ЛЯ РОШ ЛТД/СЕНЕКСИ С.А.С.,drug,,0.9,"Товар является лекарственным препаратом (drug) с полным набором применимых атрибутов. На основе текста определены МНН (осельтамивир), бренд (Тамифлю), форма выпуска (капсулы), дозировка (75 мг) и упаковка (10 капсул).",True,,pending_fallback,direction_select,,semantic_primary,success,перорально,капсулы,взрослые,Осельтамивир,,Тамифлю,,rx,,"Грипп, ОРВИ",,перорально,,капсулы,,75 мг,,взрослые,,10 капсул,,,
5287,419,"ТАДАЛАФИЛ-ТЕВА ТАБЛ. П/ПЛЕН/ОБ. 20МГ №8 | ТЕВА ФАРМА, С.Л.У. | ТЕВА ФАРМА, С.Л.У.",drug,,0.95,"Товар является лекарственным препаратом (drug) с полным набором применимых атрибутов. На основе текста определены МНН, бренд, форма выпуска, дозировка и показание.",True,,pending_fallback,direction_select,,semantic_primary,success,внутрь,"таблетки, покрытые пленочной оболочкой",взрослые,Тадалафил,,Тева,,rx,,Эректильная дисфункция,,перорально,,таблетки,,20 мг,,взрослые,,№8,,,
5322,419,"ТАВОЛГА ВЯЗОЛИСТНАЯ (ЛАБАЗНИК) ТРАВА Ф/П 1,5Г №20 ХЕРБЕС | ХЕРБЕС ООО | ХЕРБЕС ООО",drug,,0.7,"Товар относится к категории 'Травы' (лекарственное растительное сырье). На основе названия и формы выпуска определены основные атрибуты: бренд, способ применения, лекарственная форма и дозировка. Часть полей (МНН, комбинация) не применима для растительного монопрепарата.",True,,pending_fallback,direction_select,,semantic_primary,success,внутрь,трава в фильтр-пакетах,взрослые,,,ХЕРБЕС,,БАД,,Нутрицевтики,,перорально,,фильтр-пакеты,,"1,5 г",,взрослые,,20 фильтр-пакетов,,,
5411,419,СУПХЕРБ МУЛЬТИВИТАМИНЫ ДЛЯ МУЖЧИН КАПС. №60 | АМБРОСИА-СУПХЕРБ | АМБРОСИА-СУПХЕРБ,vitamin_or_baa,,0.8,"Товар относится к категории витаминов или БАД (мультивитамины для мужчин). Название и форма выпуска позволяют определить бренд, лекарственную форму и возрастной сегмент, но точный состав и дозировка не указаны, поэтому mnn и дозировка не определены.",True,,pending_fallback,direction_select,,semantic_primary,success,перорально,капсулы,взрослые,Комплекс,,Супхерб,,,,Комплексные профили,,перорально,,капсулы,,,,взрослые,,№60,,,
5412,419,СУПХЕРБ МУЛЬТИВИТАМИНЫ ДЛЯ ЖЕНЩИН ТАБЛ. №30 | АМБРОСИА-СУПХЕРБ | АМБРОСИА-СУПХЕРБ,vitamin_or_baa,,0.85,"Товар относится к категории витаминов и БАД (vitamin_or_baa), является мультивитаминным комплексом для женщин. Препарат отпускается без рецепта, поэтому поле rx_otc не применимо и установлено в null.",True,,pending_fallback,direction_select,,semantic_primary,success,перорально,таблетки,взрослые,Комплекс,,Супхерб,,,,Комплексные профили,,перорально,,таблетки,,,,взрослые,,30 таблеток,,мультивитамины для женщин,
5634,419,СТРЕПТОЦИД ПОР. Д/НАРУЖ. ПРИМ. 2Г ПАК. №50 ОЗОН | ОЗОН ООО | ОЗОН ООО,drug,,0.85,"Товар является лекарственным средством (drug) с профилем, допускающим заполнение всех полей. На основе названия определены МНН (сульфаниламид), бренд, форма выпуска, дозировка и упаковка. Возрастной сегмент и комбинированный состав не указаны.",True,,pending_fallback,direction_select,,semantic_primary,success,наружно,порошок для наружного применения,,Сульфаниламид,,Стрептоцид,,otc,,Инфекции кожи,,наружно,,порошок,,2 г,,,,пакет №50,,,
5729,419,СТОМАТОФИТ ФРЕШ ОПОЛАСКИВАТЕЛЬ ДЛЯ ПОЛОСТИ РТА ФЛ. 250МЛ | Фитофарм кленка АО | Фитофарм кленка АО,drug,,0.7,"Товар является лекарственным средством (drug) для местного применения в стоматологии. На основе названия и формы выпуска определены основные атрибуты, но точный состав и возрастные ограничения неизвестны.",True,,pending_fallback,direction_select,,semantic_primary,success,местно,ополаскиватель,,,,Стоматофит Фреш,,otc,,Инфекции и воспаление слизистой полости рта,,,,,,,,,,флакон 250 мл,,,
5736,419,СТИМУЛОТОН ТАБЛ. П/ПЛЕН/ОБ. 100МГ №28 | ЭГИС ФАРМАЦЕВТИЧЕСКИЙ ЗАВОД ЗАО | ЭГИС ФАРМАЦЕВТИЧЕСКИЙ ЗАВОД ЗАО,drug,,0.9,"Товар является лекарственным препаратом (drug), поэтому все фармацевтические атрибуты применимы. На основе названия и дозировки определены МНН (сертралин), форма выпуска и упаковка.",True,,pending_fallback,direction_select,,semantic_primary,success,per os,"таблетки, покрытые пленочной оболочкой",adult,сертралин,,Стимулотон,,rx,,депрессивные расстройства,,перорально,,таблетки,,100 мг,,взрослые,,28 таблеток,,,
5754,419,СТЕВИЯ ЭКСТРА ЗАМЕНИТЕЛЬ САХАРА ТАБЛ. ШИПУЧ. №150 | ФАРМИНДУСТРИЯ ООО | ФАРМИНДУСТРИЯ ООО,other,,0.7,"Товар относится к категории 'other' (заменитель сахара). Согласно профилю атрибутов, заполнены только бренд, лекарственная форма и упаковка, остальные фармацевтические поля не применимы.",True,,pending_fallback,direction_select,,semantic_primary,success,,таблетки шипучие,,,,Стевия Экстра,,,,,,не применимо,,таблетки,,,,,,150 таблеток,,,
5806,419,СПРИНЦОВКА ПВХ С МЯГКИМ НАКОНЕЧНИКОМ А7 70МЛ АЛЬПИНА | АЛЬПИНА-ПЛАСТ ООО | АЛЬПИНА-ПЛАСТ ООО,medical_device,clinical_like,0.8,"Товар относится к медицинским изделиям (спринцовка), поэтому фармацевтические атрибуты, такие как МНН, рецептурность и нозология, не применимы. Указаны форма выпуска и объем, остальные поля не заполнены из-за отсутствия данных.",True,,pending_fallback,direction_select,,semantic_primary,success,,спринцовка,,,,АЛЬПИНА,,,,,,,,,,70 мл,,,,,,,
5968,421,СПАСАТЕЛЬНЫЙ КРУГ №138 КРЕМ-БАЛЬЗАМ ДЛЯ ТЕЛА СУСТАВИТАЛ 100МЛ | ДР РЕТТЕР ЕС | ДР РЕТТЕР ЕС,cosmetic_hygiene,,0.7,"Товар относится к категории косметика и гигиена (cosmetic_hygiene), поэтому фармацевтические атрибуты, такие как МНН, рецептурность, нозология и форма выпуска, не применимы. Из доступных данных извлечены бренд и объем упаковки.",True,,pending_fallback,direction_select,,semantic_primary,success,,,,,,Спасательный круг,,,,,,не применимо,,не применимо,,,,не применимо,,100 мл,,,
6189,421,СОЛЕМАКС НЕЙРО КАПС. №30 | SOLE PHARMA PHARMACEUTICALS LTD | SOLE PHARMA PHARMACEUTICALS LTD,other,,0.7,"Товар относится к категории 'other', для которой применимы только бренд, возрастной сегмент и подсказка упаковки. Бренд определен как SOLE PHARMA, количество капсул указано в названии. Остальные фармацевтические атрибуты не применимы.",True,,pending_fallback,direction_select,,semantic_primary,success,,,,,,SOLE PHARMA,,,,,,не применимо,,не применимо,,,,не применимо,,30 капсул,,,
6243,421,СОЛГАР МУЛЬТИВИТАМИННЫЙ И МИНЕРАЛЬНЫЙ КОМПЛЕКС 50+ ТАБЛ. №60 | СОЛГАР | СОЛГАР,vitamin_or_baa,,0.8,"Товар относится к категории витаминно-минеральных комплексов (vitamin_or_baa). Название указывает на комплексный состав, поэтому mnn установлен как 'Комплекс', nosology - 'комплексные профили'. Возрастной сегмент '50+' и форма выпуска 'таблетки' указаны в названии, дозировка не определена.",True,,pending_fallback,direction_select,,semantic_primary,success,перорально,таблетки,50+,Комплекс,,Солгар,,,,комплексные профили,,перорально,,таблетки,,,,универсальный,,60 таблеток,,мультивитаминный и минеральный комплекс,
6278,421,СОЛГАР ГЛЮКОЗАМИН-ХОНДРОИТИН ПЛЮС ТАБЛ. №75 | СОЛГАР | СОЛГАР,vitamin_or_baa,,0.7,"Товар относится к категории витаминов/БАД (хондропротекторы), поэтому rx_otc не применим. На основе названия определены компоненты (глюкозамин и хондроитин), форма выпуска и размер упаковки, но точная дозировка не указана.",True,,pending_fallback,direction_select,,semantic_primary,success,внутрь,таблетки,взрослые,Глюкозамин + Хондроитин,,Солгар,,,,Комплексные профили,,перорально,,таблетки,,,,взрослые,,75 таблеток,,комбинированный,
6506,421,СИРОП ШИПОВНИКА ФЛ. 250МЛ МИРРОЛЛА | МИРРОЛЛА ООО | МИРРОЛЛА ООО,drug,,0.7,"Товар относится к категории drug (лекарственное средство). На основе названия определены форма выпуска (сироп), путь введения (внутрь) и объем упаковки. Бренд указан как 'Мирролла'. Отпуск без рецепта, так как сироп шиповника обычно является безрецептурным средством.",True,,pending_fallback,direction_select,,semantic_primary,success,внутрь,сироп,,,,Мирролла,,otc,,,,перорально,,сироп,,,,,,флакон 250 мл,,,
6518,421,СИРОП ЧЕРНИКИ ВИТАМИНИЗИРОВАННЫЙ ПРЕМИУМ BIOFORTE ФЛ. 250МЛ | БИОИНВЕНТИКА ООО | БИОИНВЕНТИКА ООО,vitamin_or_baa,,0.7,"Товар относится к БАД (витаминизированный сироп черники). Бренд указан как BIOFORTE, форма выпуска — сироп для перорального применения. Дозировка и возрастной сегмент не указаны, поэтому эти поля оставлены пустыми.",True,,pending_fallback,direction_select,,semantic_primary,success,peroral,сироп,,,,BIOFORTE,,,,нутрицевтики,,перорально,,сироп,,,,универсальный,,флакон 250 мл,,,
6592,421,СИНЕКОД КАПЛИ Д/ПРИЕМА ВНУТРЬ ДЛЯ ДЕТЕЙ 5МГ/МЛ ФЛ. 20МЛ | ГКС КОНСЬЮМЕР ХЕЛС С.А. | ГКС КОНСЬЮМЕР ХЕЛС С.А.,drug,,0.95,"Препарат Синекод (МНН: бутамират) является противокашлевым средством, отпускается без рецепта. Форма выпуска — капли для приема внутрь для детей, дозировка 5 мг/мл, упаковка — флакон 20 мл.",True,,pending_fallback,direction_select,,semantic_primary,success,Внутрь,Капли для приема внутрь,Детский,Бутамират,,Синекод,,Без рецепта,,Кашель,,перорально,,капли,,5 мг/мл,,дети,,Флакон 20 мл,,,
6593,421,СИНДРАНОЛ ТАБЛ. ПРОЛОНГ. П/ПЛЕН/ОБ. 8МГ №28 | ЭГИС ФАРМАЦЕВТИЧЕСКИЙ ЗАВОД АО/ФАРМАТЕН ИНТЕРНЕШНЛ С.А. | ЭГИС ФАРМАЦЕВТИЧЕСКИЙ ЗАВОД АО/ФАРМАТЕН ИНТЕРНЕШНЛ С.А.,drug,,0.7,"Товар является лекарственным препаратом (drug) для лечения кожных заболеваний. На основе названия и формы выпуска определены основные атрибуты, однако МНН и комбинация не установлены.",True,,pending_fallback,direction_select,,semantic_primary,success,перорально,"таблетки пролонгированного действия, покрытые пленочной оболочкой",взрослые,,,Синдранон,,rx,,кожные заболевания,,перорально,,таблетки,,8 мг,,взрослые,,28 таблеток,,,
6743,421,СИЛДЕНАФИЛ ТАБЛ. П/ПЛЕН/ОБ. 100МГ №10 ОЗОН | ОЗОН ООО | ОЗОН ООО,drug,,0.95,"Товар является лекарственным препаратом (drug) с полным набором применимых атрибутов. На основе текста определены МНН, форма выпуска, дозировка, путь введения и показание. Возрастной сегмент и упаковка указаны в названии.",True,,pending_fallback,direction_select,,semantic_primary,success,внутрь,"таблетки, покрытые пленочной оболочкой",взрослые,Силденафил,,,,rx,,Эректильная дисфункция,,перорально,,таблетки,,100 мг,,взрослые,,10 таблеток,,,
6998,421,СЕНИ СУПЕР ПЛЮС ПОДГУЗНИКИ ДЛЯ ВЗРОСЛЫХ Р.M №10 | TZMO S.A. | TZMO S.A.,medical_device,hygiene_like,0.9,"Товар относится к медицинским изделиям (гигиенический тип), поэтому фармацевтические атрибуты (МНН, рецептурность, нозология, форма, дозировка) неприменимы. Из текста извлечены бренд, возрастной сегмент и размер упаковки.",True,,pending_fallback,direction_select,,semantic_primary,success,,,взрослые,,,СЕНИ СУПЕР ПЛЮС,,,,,,не применимо,,не применимо,,,,взрослые,,10 штук,,,
7030,422,СЕНИ ЛЕДИ УРОЛОГИЧЕСКИЕ ПРОКЛАДКИ НОРМАЛ №15 | БЕЛЛА ООО | БЕЛЛА ООО,medical_device,hygiene_like,0.9,"Товар относится к медицинским изделиям (гигиенические прокладки), поэтому фармацевтические атрибуты не применимы. Указаны бренд, возрастной сегмент и количество в упаковке.",True,,pending_fallback,direction_select,,semantic_primary,success,,,взрослые,,,Сени Леди,,,,,,не применимо,,не применимо,,,,взрослые,,15 шт,,,
7049,422,СЕНИ АКТИВ ТРУСИКИ Р.L 100-135СМ №10 | TZMO S.A. | TZMO S.A.,medical_device,hygiene_like,0.9,"Товар относится к медицинским изделиям (гигиенический профиль), поэтому фармацевтические атрибуты не применимы. Указаны бренд, возрастной сегмент и размер упаковки.",True,,pending_fallback,direction_select,,semantic_primary,success,,,100-135 см,,,СЕНИ АКТИВ,,,,,,не применимо,,не применимо,,,,не применимо,,10 штук,,,
7158,422,СВОБОДА ЛЮКС КРЕМ ДЛЯ ЛИЦА ПИТАТЕЛЬНЫЙ ТУБА 41Г СВОБОДА | СВОБОДА АО | СВОБОДА АО,cosmetic_hygiene,,0.9,"Товар относится к категории косметика и гигиена (cosmetic_hygiene), поэтому фармацевтические атрибуты (МНН, рецептурность, нозология, форма выпуска, дозировка) неприменимы. Из доступных атрибутов определены бренд и упаковка.",True,,pending_fallback,direction_select,,semantic_primary,success,,,,,,СВОБОДА ЛЮКС,,,,,,не применимо,,не применимо,,,,не применимо,,туба 41 г,,,
7211,422,САФОРЕЛЬ ПЕНКА ДЛЯ ИНТИМНОЙ ГИГИЕНЫ УЛЬТРА-МЯГКАЯ 250МЛ | LABORATOIRES IPRAD SANTE S.P.M.D. | LABORATOIRES IPRAD SANTE S.P.M.D.,cosmetic_hygiene,,0.9,"Товар относится к категории косметических средств для интимной гигиены (cosmetic_hygiene). Согласно профилю атрибутов, заполняются только бренд, возрастной сегмент и упаковка, остальные фармацевтические поля не применимы.",True,,pending_fallback,direction_select,,semantic_primary,success,,,,,,Сафорель,,,,,,не применимо,,не применимо,,,,не применимо,,250 мл,,,
7244,422,САНОСАН МАМА КРЕМ ПРОТИВ РАСТЯЖЕК ТУБА 200МЛ | МАНН И ШРЕДЕР | МАНН И ШРЕДЕР,cosmetic_hygiene,,0.9,"Товар относится к категории косметика и гигиена (cosmetic_hygiene), поэтому фармацевтические атрибуты (МНН, рецептурность, нозология, форма выпуска, дозировка) неприменимы. Из доступных полей заполнены бренд и упаковка.",True,,pending_fallback,direction_select,,semantic_primary,success,,,,,,МАНН И ШРЕДЕР,,,,,,не применимо,,не применимо,,,,не применимо,,туба 200мл,,,
7275,422,САНОВАСК ТАБЛ. П/КИШ/РАСТ/ПЛЕН/ОБ. 50МГ №30 | ИРБИТСКИЙ ХИМЗАВОД ОАО | ИРБИТСКИЙ ХИМЗАВОД ОАО,drug,,0.6,"Товар относится к категории drug, поэтому большинство атрибутов применимы. Однако из текста не удалось однозначно определить МНН, рецептурность, нозологию и возрастной сегмент, поэтому эти поля оставлены пустыми.",True,,pending_fallback,direction_select,,semantic_primary,success,внутрь,"таблетки, покрытые кишечнорастворимой пленочной оболочкой",,,,САНОВАСК,,,,,,перорально,,таблетки,,50 мг,,,,30 таблеток,,,
7288,422,САНДЕВИТ Д3 2000МЕ+К2 КАПС. 150МГ №60 | CURTIS HEALTH CAPS S.А. | CURTIS HEALTH CAPS S.А.,vitamin_or_baa,,0.8,"Товар относится к витаминно-минеральным комплексам (vitamin_or_baa), поэтому rx_otc не применим. На основе названия и формы выпуска определены основные атрибуты: комплекс витаминов D3 и K2, капсулы, дозировка 150 мг, упаковка 60 капсул.",True,,pending_fallback,direction_select,,semantic_primary,success,перорально,капсулы,взрослые,Комплекс,,Сандевит,,,,комплексные профили,,перорально,,капсулы,,150 мг,,взрослые,,60 капсул,,витамин D3 + K2,
7369,422,САЛФЕТКИ ВЛАЖНЫЕ BONA MENTE! ДЕТСКИЕ №20 | ГРАНД А.В. ООО | ГРАНД А.В. ООО,medical_device,hygiene_like,0.9,"Товар относится к медицинским изделиям (гигиенический тип), поэтому фармацевтические атрибуты не применимы. Из названия извлечены бренд, возрастной сегмент и количество в упаковке.",True,,pending_fallback,direction_select,,semantic_primary,success,,,детский,,,BONA MENTE,,,,,,не применимо,,не применимо,,,,дети,,20 штук,,,
7536,422,РЫБНЫЙ ЖИР БИОКОНТУР ДЕТСКИЙ СО ВКУСОМ ЛИМОНА КАПС. ЖЕВ. №100 | ПОЛЯРИС ООО | ПОЛЯРИС ООО,vitamin_or_baa,,0.85,"Товар является БАД (витамин/БАД), поэтому rx_otc не применим. На основе названия определены рыбий жир как МНН, бренд Биоконтур, жевательные капсулы для детей, упаковка №100. Дозировка не указана.",True,,pending_fallback,direction_select,,semantic_primary,success,внутрь,капсулы жевательные,детский,Рыбий жир,,Биоконтур,,,,нутрицевтики,,перорально,,таблетки жевательные,,,,дети,,№100,,,
7567,422,РЫБИЙ ЖИР МИРРОЛЛА С ВИТАМИНОМ Е ФЛ. 100МЛ | МИРРОЛЛА ООО | МИРРОЛЛА ООО,vitamin_or_baa,,0.8,"Товар относится к БАД (витаминно-минеральный комплекс), поэтому rx_otc не применим. Основные атрибуты: рыбий жир как действующее вещество, форма выпуска флакон, объем 100 мл, комбинация с витамином Е.",True,,pending_fallback,direction_select,,semantic_primary,success,перорально,флакон,,Рыбий жир,,Мирролла,,,,нутрицевтики,,перорально,,,,,,универсальный,,100 мл,,с витамином Е,
7625,423,РОСИНСУЛИН С МЕДСИНТЕЗ СУСП. ДЛЯ П/К ВВЕД. 100МЕ/МЛ КАРТРИДЖ 3МЛ №5 | ЗАВОД МЕДСИНТЕЗ ООО | ЗАВОД МЕДСИНТЕЗ ООО,drug,,0.9,"Товар является лекарственным препаратом (drug) с полным набором применимых атрибутов. На основе названия определены МНН, бренд, форма выпуска, дозировка и путь введения. Возрастной сегмент и комбинированный характер не указаны.",True,,pending_fallback,direction_select,,semantic_primary,success,подкожно,суспензия для подкожного введения,,Инсулин человеческий,,Росинсулин,,rx,,Сахарный диабет,,подкожно,,суспензия,,100 МЕ/мл,,,,картридж 3 мл №5,,,
7651,423,РОМАШКИ АПТЕЧНОЙ ЦВЕТКИ 50Г ХЕРБЕС | ХЕРБЕС ООО | ХЕРБЕС ООО,drug,,0.7,"Товар относится к лекарственным средствам (kind=drug), профиль атрибутов разрешает заполнение. На основе названия определены бренд, форма выпуска и упаковка, но МНН и нозология не указаны.",True,,pending_fallback,direction_select,,semantic_primary,success,per os,цветки,,,,Хербес,,otc,,,,перорально,,,,,,,,50 г,,,
7803,423,РОЗУВАСТАТИН-ТАД ТАБЛ. П/ПЛЕН/ОБ. 20МГ №30 | Крка-Рус ООО | Крка-Рус ООО,drug,,0.95,"Товар является лекарственным препаратом (drug) с активным веществом розувастатин. Все атрибуты применимы согласно профилю, информация извлечена из названия товара.",True,,pending_fallback,direction_select,,semantic_primary,success,внутрь,"таблетки, покрытые пленочной оболочкой",взрослый,Розувастатин,,Розувастатин-ТАД,,rx,,Дислипидемия,,перорально,,таблетки,,20мг,,взрослые,,30 таблеток,,,
7807,423,РОЗУВАСТАТИН ТАБЛ. П/ПЛЕН/ОБ. 5МГ №30 ПРАНАФАРМ | ПРАНАФАРМ ООО | ПРАНАФАРМ ООО,drug,,0.95,"Товар является лекарственным препаратом (drug), поэтому все фармацевтические атрибуты применимы. Название и форма выпуска позволяют точно определить МНН, дозировку и лекарственную форму. Розувастатин отпускается по рецепту и применяется у взрослых.",True,,pending_fallback,direction_select,,semantic_primary,success,peroral,"таблетки, покрытые пленочной оболочкой",adult,Розувастатин,,Пранафарм,,rx,,Гиперлипидемия,,,,таблетки,,5 мг,,взрослые,,30 таблеток,,,
7816,423,РОЗУВАСТАТИН ТАБЛ. П/ПЛЕН/ОБ. 20МГ №90 ОЗОН | ОЗОН ООО | ОЗОН ООО,drug,,0.95,"Товар является лекарственным препаратом (drug) с полным набором применимых атрибутов. На основе текста определены МНН, форма, дозировка, упаковка и показание (дислипидемия).",True,,pending_fallback,direction_select,,semantic_primary,success,внутрь,"таблетки, покрытые пленочной оболочкой",взрослый,Розувастатин,,ОЗОН,,rx,,Дислипидемия,,перорально,,таблетки,,20мг,,взрослые,,№90,,,
7858,423,РОЗУВАСТАТИН РЕНЕВАЛ ТАБЛ. П/ПЛЕН/ОБ. 10МГ №30 | ОБНОВЛЕНИЕ ПФК АО | ОБНОВЛЕНИЕ ПФК АО,drug,,0.95,"Товар является лекарственным препаратом (drug), поэтому все фармацевтические атрибуты применимы. На основе названия определены МНН (розувастатин), бренд (Реневал), форма выпуска, дозировка и упаковка. Препарат отпускается по рецепту, применяется внутрь у взрослых для лечения дислипидемии.",True,,pending_fallback,direction_select,,semantic_primary,success,внутрь,"таблетки, покрытые пленочной оболочкой",взрослые,Розувастатин,,Реневал,,rx,,Дислипидемия,,перорально,,таблетки,,10 мг,,взрослые,,30 таблеток,,,
7971,423,РИНФОЛТИЛ ЛОСЬОН ПРОТИВ ВЫПАДЕНИЯ И ДЛЯ РОСТА ВОЛОС 100МЛ | PHARMALIFE RESEARCH | PHARMALIFE RESEARCH,cosmetic_hygiene,,0.9,"Товар относится к категории косметических средств (cosmetic_hygiene), поэтому фармацевтические атрибуты, такие как МНН, рецептурность, нозология, форма выпуска и дозировка, неприменимы. Из доступных атрибутов определены бренд и объем упаковки.",True,,pending_fallback,direction_select,,semantic_primary,success,,,,,,PHARMALIFE RESEARCH,,,,,,не применимо,,не применимо,,,,не применимо,,100 мл,,,
8042,423,РИНЗАСИП С ВИТАМИНОМ С ПОР. Д/Р-РА Д/ПРИЕМА ВНУТРЬ ЧЕРНАЯ СМОРОДИНА САШЕ 5Г №10 | ЮНИК | ЮНИК,vitamin_or_baa,,0.85,"Товар относится к категории витаминов и БАД (vitamin_or_baa), поэтому rx_otc не применим. На основе названия и подсказок определены основные атрибуты: действующее вещество — витамин C, форма выпуска — порошок для раствора, дозировка — 5 г, упаковка — саше №10.",True,,pending_fallback,direction_select,,semantic_primary,success,внутрь,порошок для приготовления раствора для приема внутрь,взрослые,Витамин C,,Ринзасип,,,,Комплексные профили,,перорально,,порошок,,5 г,,взрослые,,саше №10,,с витамином C,
8055,423,РИМАСОПТ ВМ КАПЛИ ГЛАЗНЫЕ 2МГ/МЛ+5МГ/МЛ ФЛ. 5МЛ №1 | Уорлд медицин илач сан. ве тидж. Аш | Уорлд медицин илач сан. ве тидж. Аш,drug,,0.7,"Товар является лекарственным средством (drug) для местного применения в офтальмологии. На основе названия и формы выпуска определены основные атрибуты, однако точный МНН и возрастной сегмент не указаны.",True,,pending_fallback,direction_select,,semantic_primary,success,местно,капли глазные,,,,РИМАСОПТ ВМ,,rx,,Инфекции глаз бактериальные,,офтальмологический,,капли,,2мг/мл+5мг/мл,,,,фл. 5мл №1,,комбинированный,
8201,423,РЕПЕШОК ОБЫКНОВЕННЫЙ ТРАВА 50Г ЭВАЛАР | ЭВАЛАР ЗАО | ЭВАЛАР ЗАО,drug,,0.7,"Товар относится к категории лекарственных средств (drug) с семейством 'Травы'. Это монокомпонентный растительный препарат, поэтому mnn и nosology не указаны, а форма выпуска — 'трава'.",True,,pending_fallback,direction_select,,semantic_primary,success,,трава,,,,Эвалар,,otc,,,,,,,,,,,,50 г,,,
8374,425,РЕДЕЦИЛ МАЗЬ Д/НАРУЖ. ПРИМ. ТУБА 35Г | РЕТИНОИДЫ АО | РЕТИНОИДЫ АО,drug,,0.7,"Товар является лекарственным средством для наружного применения. На основе названия и формы выпуска определены бренд, путь введения, лекарственная форма и упаковка, однако МНН и дозировка не указаны.",True,,pending_fallback,direction_select,,semantic_primary,success,наружно,мазь,,,,Редецил,,,,Акне и себорея,,наружно,,мазь,,,,,,туба 35 г,,,
8414,425,РЕБАМИПИД ТАБЛ. П/ПЛЕН/ОБ. 100МГ №90 | ОБНИНСКАЯ ХИМИКО-ФАРМАЦЕВТИЧЕСКАЯ КОМПАНИЯ | ОБНИНСКАЯ ХИМИКО-ФАРМАЦЕВТИЧЕСКАЯ КОМПАНИЯ,drug,,0.95,"Товар является лекарственным препаратом (drug) с действующим веществом ребамипид. На основе текста определены форма выпуска, дозировка, путь введения и показания. Препарат отпускается по рецепту.",True,,pending_fallback,direction_select,,semantic_primary,success,внутрь,"таблетки, покрытые пленочной оболочкой",взрослые,Ребамипид,,,,rx,,"Язвенная болезнь желудка и двенадцатиперстной кишки, гастрит, гастроэзофагеальная рефлюксная болезнь",,перорально,,таблетки,,100 мг,,взрослые,,90 таблеток,,,
8566,425,РАБИЕТ КАПС. КИШ/РАСТ. 20МГ №14 АЛИУМ | АЛИУМ АО | АЛИУМ АО,drug,,0.7,"Товар относится к категории drug, поэтому большинство фармацевтических атрибутов применимы. Название содержит бренд, лекарственную форму и дозировку, но не содержит информации о МНН, рецептурности или возрастной группе.",True,,pending_fallback,direction_select,,semantic_primary,success,перорально,капсулы кишечнорастворимые,,,,АЛИУМ,,,,,,перорально,,капсулы,,20 мг,,,,14 капсул,,,
8596,425,ПУСТЫШКА ЛАТЕКСНАЯ С КОЛЬЦОМ РОМАШКА 2 №1 ПЭТ УП. КИЕВГУМА | АЛЬБЕРТ-КИЕВГУМА ЛТД | АЛЬБЕРТ-КИЕВГУМА ЛТД,medical_device,hygiene_like,0.9,"Товар относится к медицинским изделиям (гигиеническая категория), поэтому фармацевтические атрибуты не применимы. Из названия извлечены бренд, возрастной сегмент и количество в упаковке.",True,,pending_fallback,direction_select,,semantic_primary,success,,,дети,,,КИЕВГУМА,,,,,,не применимо,,не применимо,,,,дети,,1 шт,,,
8679,425,"ПСОРИЛОМ ШАМПУНЬ ЦИНК-БАЛАНС СПЕЦИАЛИЗИРОВАННЫЙ ОТ ЗУДА, РАЗДРАЖЕНИЯ И ВСЕХ ВИДОВ ПЕРХОТИ ФЛ. 150МЛ | Фратти НВ ООО | Фратти НВ ООО",cosmetic_hygiene,,0.9,"Товар относится к категории косметических средств (косметика и гигиена), поэтому фармацевтические атрибуты, такие как МНН, рецептурность, нозология, путь введения, лекарственная форма и дозировка, не применимы. Из доступных данных определены бренд и упаковка.",True,,pending_fallback,direction_select,,semantic_primary,success,,,,,,Псорилом,,,,,,не применимо,,не применимо,,,,не применимо,,флакон 150 мл,,,
8753,425,ПРОСТАНОРМ ЭКСТРАКТ Д/ПРИЕМА ВНУТРЬ ЖИДК. ФЛ. 100МЛ | ФАРМВИЛАР НПО ООО | ФАРМВИЛАР НПО ООО,drug,,0.85,"Товар является лекарственным препаратом (drug) с применимыми фармацевтическими атрибутами. На основе названия и подсказок определены бренд, форма выпуска, путь введения и возрастной сегмент, однако МНН и дозировка не указаны.",True,,pending_fallback,direction_select,,semantic_primary,success,внутрь,жидкий экстракт,взрослые,,,Простанорм,,otc,,Фитопрепараты при симптомах ДГПЖ,,перорально,,,,,,взрослые,,флакон 100 мл,,,
8788,425,ПРОПИЦИЛ ТАБЛ. 50МГ №20 | ХАУПТ ФАРМА МЮНСТЕР ГМБХ | ХАУПТ ФАРМА МЮНСТЕР ГМБХ,drug,,0.85,"Товар является лекарственным препаратом (drug) с полным набором применимых атрибутов. На основе названия и дозировки определены МНН, бренд, форма выпуска и показание.",True,,pending_fallback,direction_select,,semantic_primary,success,перорально,таблетки,взрослые,Пропилтиоурацил,,Пропицил,,rx,,Тиреотоксикоз,,перорально,,таблетки,,50 мг,,взрослые,,20 таблеток,,,
8810,425,ПРОПЕЛЛЕР КРЕМ АНТИ-АКНЕ КОМПЛЕКС КРЕМ ВВ МАТИРУЮЩ. 40МЛ | НАРОДНЫЕ ПРОМЫСЛЫ ООО | НАРОДНЫЕ ПРОМЫСЛЫ ООО,cosmetic_hygiene,,0.85,"Товар относится к категории косметических средств (косметика и гигиена). Для данного типа продукта применимы только бренд, возрастной сегмент и упаковка, остальные фармацевтические атрибуты не используются.",True,,pending_fallback,direction_select,,semantic_primary,success,,,,,,Пропеллер,,,,,,не применимо,,не применимо,,,,не применимо,,40 мл,,,
8856,425,ПРОЛИД ТАБЛ. ДИСПЕРГ. 100МГ №10 | ПРОТЕКХ БИОСИСТЕМС ПВТ.ЛТД | ПРОТЕКХ БИОСИСТЕМС ПВТ.ЛТД,other,,0.7,"Товар относится к категории 'other', поэтому большинство фармацевтических атрибутов (MNN, рецептурность, нозология, путь введения) не применимы. Из названия извлечены форма выпуска, дозировка и размер упаковки, а также бренд производителя.",True,,pending_fallback,direction_select,,semantic_primary,success,,таблетки диспергируемые,,,,ПРОТЕКХ БИОСИСТЕМС,,,,,,не применимо,,таблетки,,100 мг,,,,10 таблеток,,,
8899,425,ПРОБИОЛОГ ФОРТЕ КАПС. №30 | БИОФАРМА С.П.А.IT | БИОФАРМА С.П.А.IT,vitamin_or_baa,,0.7,"Товар относится к БАД (эубиотики), поэтому rx_otc не применим. Название и форма выпуска указаны, но точная дозировка и возрастной сегмент не определены.",True,,pending_fallback,direction_select,,semantic_primary,success,перорально,капсулы,,,,Пробиолог Форте,,,,эубиотики,,перорально,,капсулы,,,,универсальный,,30 капсул,,,
8927,426,ПРИРОДНАЯ АПТЕКА ШУНГИТ МЫЛО НАТУРАЛЬНОЕ ДЛЯ БАНИ И ДУША ШУНГИТОВОЕ ЧЕРНОЕ 500МЛ | ФРАТТИ НВ ООО | ФРАТТИ НВ ООО,cosmetic_hygiene,,0.9,"Товар относится к категории косметика и гигиена (мыло жидкое). Для данного типа товара применимы только бренд, возрастной сегмент и упаковка, остальные фармацевтические атрибуты не применимы.",True,,pending_fallback,direction_select,,semantic_primary,success,,,,,,Фратти НВ,,,,,,не применимо,,не применимо,,,,не применимо,,500 мл,,,
9043,426,ПРЕЗИДЕНТ ПАСТА ЗУБНАЯ ДЕТСКАЯ КЛУБНИКА-ЗЕМЛЯНИКА 3-6ЛЕТ 43Г | Орбита СП ООО | Орбита СП ООО,cosmetic_hygiene,,0.9,"Товар относится к категории косметика и гигиена (детская зубная паста). Согласно профилю атрибутов, заполнены только бренд, возрастной сегмент и упаковка, остальные фармацевтические поля неприменимы.",True,,pending_fallback,direction_select,,semantic_primary,success,,,3-6 лет,,,Президент,,,,,,не применимо,,не применимо,,,,дети,,43 г,,,
9096,426,"ПРЕДНИЗОЛОН МАЗЬ Д/НАРУЖ. ПРИМ. 0,5% ТУБА 15Г БИОСИНТЕЗ | БИОСИНТЕЗ ПАО | БИОСИНТЕЗ ПАО",drug,,0.9,"Товар является лекарственным препаратом (drug) с действующим веществом преднизолон. Все атрибуты применимы, извлечены из названия.",True,,pending_fallback,direction_select,,semantic_primary,success,наружно,мазь,,Преднизолон,,Биосинтез,,rx,,,,наружно,,мазь,,0.5%,,,,туба 15 г,,,
9197,426,ПОМОГУША СИРОП ДЕТСКИЙ ДЛЯ ДЕТЕЙ С 3-Х ЛЕТ ПРОТИВОПРОСТУДНЫЙ 100МЛ | ЮГ ООО | ЮГ ООО,drug,,0.7,"Товар относится к категории drug, поэтому заполнены основные фармацевтические атрибуты. Название указывает на детский противопростудный сироп, но конкретное действующее вещество не указано, поэтому mnn и dosage не определены.",True,,pending_fallback,direction_select,,semantic_primary,success,внутрь,сироп,дети с 3 лет,,,ПОМОГУША,,otc,,простуда и ОРВИ,,перорально,,сироп,,,,дети,,100 мл,,,
9249,426,ПОМА ПОИЛЬНИК РР С РУЧКАМИ 180МЛ 6МЕС+ АРТ.1714 | ТАЙЧЖОУ ХЭППИ ЭНД МЭРРИ БИЗНЕС ЛТД | ТАЙЧЖОУ ХЭППИ ЭНД МЭРРИ БИЗНЕС ЛТД,medical_device,hygiene_like,0.9,"Товар относится к медицинским изделиям (гигиенический профиль), поэтому фармацевтические атрибуты не применимы. Из текста извлечены возрастной сегмент (6м+) и объем упаковки (180 мл).",True,,pending_fallback,direction_select,,semantic_primary,success,,,6м+,,,,,,,,,не применимо,,не применимо,,,,дети,,180 мл,,,
9301,426,ПОЛЫНИ ГОРЬКОЙ ТРАВА 50Г ФИТОФАРМ | ФИТОФАРМ ООО | ФИТОФАРМ ООО,drug,,0.7,"Товар является лекарственным растительным препаратом (трава полыни горькой). Атрибуты определены на основе названия и типовой информации о применении, но точные данные о дозировке и возрастных ограничениях отсутствуют.",True,,pending_fallback,direction_select,,semantic_primary,success,прием внутрь,трава,взрослые,Полыни горькой трава,,,,otc,,Заболевания желудочно-кишечного тракта,,перорально,,,,,,взрослые,,50 г,,,
9306,426,ПОЛИФЕПАН ПОР. Д/ПРИЕМА ВНУТРЬ ПАК. 10Г №10 | ВОСТОК ООО | ВОСТОК ООО,drug,,0.6,"Товар относится к категории drug, но из-за ограниченности данных (отсутствие MNN, бренда и т.д.) многие атрибуты не определены. Из текста удалось извлечь только форму выпуска, путь введения и упаковку.",True,,pending_fallback,direction_select,,semantic_primary,success,внутрь,порошок для приема внутрь,,,,,,,,,,перорально,,порошок,,,,,,пакет 10 г №10,,,
9358,426,ПОВЯЗКА ПЛАСТЫРНОГО ТИПА АРМА 8Х15СМ №25 | БЕРГУС ООО | БЕРГУС ООО,medical_device,clinical_like,0.85,"Товар относится к медицинским изделиям (клинический тип), поэтому поля mnn, rx_otc, nosology и combination_hint не применимы. Из текста извлечены бренд, форма выпуска, размер и количество в упаковке.",True,,pending_fallback,direction_select,,semantic_primary,success,наружно,повязка пластырного типа,,,,Арма,,,,,,наружно,,пластырь,,8х15 см,,,,25 шт,,,
9424,426,ПЛАНЕТА ОРГАНИКА PURE ФЛЮИД ДЛЯ ЛИЦА 50МЛ | ПЛАНЕТА ОРГАНИКА ООО | ПЛАНЕТА ОРГАНИКА ООО,cosmetic_hygiene,,0.9,"Товар относится к категории косметики и гигиены (cosmetic_hygiene). Для данного типа продукта применимы только бренд, возрастной сегмент и упаковка, остальные фармацевтические атрибуты не используются.",True,,pending_fallback,direction_select,,semantic_primary,success,,,,,,Планета Органика,,,,,,не применимо,,не применимо,,,,не применимо,,50 мл,,,
9425,426,ПЛАНЕТА ОРГАНИКА PURE СЫВОРОТКА ДЛЯ ЛИЦА КОЛЛАГЕНОВАЯ 30МЛ | ПЛАНЕТА ОРГАНИКА ООО | ПЛАНЕТА ОРГАНИКА ООО,cosmetic_hygiene,,0.9,"Товар относится к категории косметики и гигиены (cosmetic_hygiene). Для данного типа продукта применимы только бренд, возрастной сегмент и упаковка, остальные фармацевтические атрибуты не используются.",True,,pending_fallback,direction_select,,semantic_primary,success,,,,,,Планета Органика,,,,,,не применимо,,не применимо,,,,не применимо,,30 мл,,,
9511,427,ПИОНА НАСТОЙКА РЕНЕВАЛ ФЛ. 25МЛ | ОБНОВЛЕНИЕ ПФК АО | ОБНОВЛЕНИЕ ПФК АО,drug,,0.7,"Товар является лекарственным средством (настойка пиона). Бренд указан как 'Реневал', форма выпуска — настойка для внутреннего применения, отпускается без рецепта. Дозировка и нозология не указаны в названии.",True,,pending_fallback,direction_select,,semantic_primary,success,internal,настойка,adult,,,Реневал,,otc,,,,,,,,,,взрослые,,флакон 25 мл,,,
9539,427,"ПИКОДИНАР КАПЛИ Д/ПРИЕМА ВНУТРЬ 7,5МГ/МЛ ФЛ. 15МЛ | ГРОТЕКС ООО | ГРОТЕКС ООО",drug,,0.7,"Товар является лекарственным средством (drug) с применимыми фармацевтическими атрибутами. Название и форма выпуска позволяют определить бренд, путь введения, лекарственную форму и дозировку, однако МНН и нозология не указаны в тексте.",True,,pending_fallback,direction_select,,semantic_primary,success,внутрь,капли,,,,Пикодина,,otc,,,,перорально,,капли,,7.5 мг/мл,,,,флакон 15 мл,,,
9575,427,ПИАСК ОСТЕО 300 НЕОМЫЛЯЕМЫЕ СОЕДИНЕНИЯ МАСЕЛ АВОКАДО И СОЕВЫХ БОБОВ ТАБЛ. МАССОЙ 1Г №30 | ВИС ООО | ВИС ООО,other,,0.7,"Товар относится к категории 'other' согласно product_kind. Атрибуты mnn, rx_otc, nosology, administration_route, dosage_form, dosage и combination_hint не применимы, поэтому возвращены null. Заполнены только brand и package_hint на основе текста.",True,,pending_fallback,direction_select,,semantic_primary,success,,,,,,ПИАСК ОСТЕО 300,,,,,,не применимо,,не применимо,,,,не применимо,,30 таблеток,,,
9596,427,ПЕРЧАТКИ ДЕРМАГРИП ХАЙ РИСК НЕСТЕР. СМОТР. ЛАТЕКС. НЕОПУД. ПОВЫШ. ПРОЧНОСТИ Р.L ПАРА №25 | ВРП АЗИЯ ПАСИФИК СДН БХД | ВРП АЗИЯ ПАСИФИК СДН БХД,medical_device,hygiene_like,0.9,"Товар относится к медицинским изделиям (гигиенический профиль), поэтому фармацевтические атрибуты не применимы. Из текста извлечены бренд и количество пар.",True,,pending_fallback,direction_select,,semantic_primary,success,,,,,,Дермагрип,,,,,,не применимо,,не применимо,,,,не применимо,,25 пар,,,
9882,427,ПЕЛИГРИН ПРОКЛАДКИ-ВКЛАДЫШИ ЛАКТАЦИОННЫЕ С СУПЕРАБСОРБЕНТОМ №30 | САНТЕ ДОМ ООО | САНТЕ ДОМ ООО,medical_device,hygiene_like,0.9,"Товар относится к медицинским изделиям (гигиенические прокладки-вкладыши для кормящих матерей). Для данного типа товара применимы только бренд, возрастной сегмент и упаковка, остальные фармацевтические атрибуты не применимы.",True,,pending_fallback,direction_select,,semantic_primary,success,,,взрослые,,,ПЕЛИГРИН,,,,,,не применимо,,не применимо,,,,взрослые,,30 штук,,,
9892,427,ПЕЛИГРИН CLASSIC ПРОСТЫНИ ВПИТЫВАЮЩИЕ ОДНОРАЗОВЫЕ 60Х40СМ №30 | САНТЕ ООО | САНТЕ ООО,medical_device,hygiene_like,0.9,"Товар относится к медицинским изделиям (гигиенический тип), поэтому фармацевтические атрибуты (МНН, рецептурность, нозология, путь введения, лекарственная форма, дозировка) неприменимы. Бренд и упаковка извлечены из названия.",True,,pending_fallback,direction_select,,semantic_primary,success,,,,,,ПЕЛИГРИН CLASSIC,,,,,,не применимо,,не применимо,,,,не применимо,,"60х40 см, №30",,,
9941,427,ПАРОДОНТОЦИД ОПОЛАСКИВАТЕЛЬ ДЛЯ ПОЛОСТИ РТА 250МЛ | МОСКОВСКАЯ ФФ | МОСКОВСКАЯ ФФ,drug,,0.7,"Товар относится к категории drug (стоматология). На основе названия и формы выпуска определены бренд, путь введения, лекарственная форма и объем упаковки. Дозировка и возрастной сегмент не указаны.",True,,pending_fallback,direction_select,,semantic_primary,success,местно,ополаскиватель,,,,Пародонтоцид,,otc,,Инфекции и воспаление слизистой полости рта,,,,,,,,,,250 мл,,,
9993,427,ПАРАЦЕТАМОЛ ТАБЛ. 500МГ №10 ОЗОН | ОЗОН ООО | ОЗОН ООО,drug,,0.95,"Товар является лекарственным препаратом (drug) с явным указанием МНН, дозировки и формы выпуска. Парацетамол относится к безрецептурным препаратам, применяется внутрь для снижения температуры и обезболивания.",True,,pending_fallback,direction_select,,semantic_primary,success,внутрь,таблетки,взрослые,Парацетамол,,,,otc,,"Жаропонижающее, анальгезирующее",,перорально,,таблетки,,500 мг,,взрослые,,№10,,,
9996,427,ПАРАЦЕТАМОЛ СУСП. Д/ПРИЕМА ВНУТРЬ ДЛЯ ДЕТЕЙ 120МГ/5МЛ ФЛ. 100МЛ СИНТЕЗ | СИНТЕЗ | СИНТЕЗ,drug,,0.9,"Товар является лекарственным препаратом (drug) с действующим веществом парацетамол, применяемым для детей внутрь. Все атрибуты определены на основе текста, кроме бренда и комбинации, которые не указаны.",True,,pending_fallback,direction_select,,semantic_primary,success,внутрь,суспензия,дети,Парацетамол,,,,otc,,Боль и температура,,перорально,,суспензия,,120мг/5мл,,дети,,флакон 100мл,,,
10005,427,ПАРАЦЕТАМОЛ РЕНЕВАЛ ТАБЛ. 500МГ №20 | ОБНОВЛЕНИЕ ПФК АО | ОБНОВЛЕНИЕ ПФК АО,drug,,0.9,"Товар является лекарственным препаратом (drug) с явным указанием МНН, дозировки и формы выпуска. Атрибуты применимы, кроме комбинированного препарата, так как в названии нет указаний на комбинацию.",True,,pending_fallback,direction_select,,semantic_primary,success,внутрь,таблетки,взрослые,Парацетамол,,Реневал,,otc,,"Жаропонижающее, анальгезирующее",,перорально,,таблетки,,500 мг,,взрослые,,20 таблеток,,,
10009,428,ПАРАЦЕТАМОЛ ДЕТСКИЙ СУСП. Д/ПРИЕМА ВНУТРЬ МАЛИНА 120МГ/5МЛ ФЛ. 100Г ФАРМСТАНДАРТ | ФАРМСТАНДАРТ-ЛЕКСРЕДСТВА ОАО | ФАРМСТАНДАРТ-ЛЕКСРЕДСТВА ОАО,drug,,0.9,"Товар является лекарственным препаратом (drug) с действующим веществом парацетамол, применяемым внутрь в форме суспензии. Указаны детский возраст и дозировка, что позволяет заполнить соответствующие атрибуты.",True,,pending_fallback,direction_select,,semantic_primary,success,внутрь,суспензия,детский,Парацетамол,,,,otc,,Жаропонижающее,,перорально,,суспензия,,120мг/5мл,,дети,,флакон 100г,,,
10046,428,ПАПАВЕРИН ТАБЛ. 40МГ №10 ИРБИТСКИЙ ХФЗ | ИРБИТСКИЙ ХИМЗАВОД ОАО | ИРБИТСКИЙ ХИМЗАВОД ОАО,drug,,0.9,"Товар является лекарственным препаратом (drug) с полным набором применимых атрибутов. На основе текста определены МНН, форма, дозировка и упаковка.",True,,pending_fallback,direction_select,,semantic_primary,success,внутрь,таблетки,взрослые,Папаверин,,Папаверин,,rx,,Спазмолитики,,перорально,,таблетки,,40 мг,,взрослые,,10 таблеток,,,
10097,428,ПАНТОКАЛЬЦИН ТАБЛ. 500МГ №50 | ВАЛЕНТА ФАРМ АО | ВАЛЕНТА ФАРМ АО,drug,,0.7,"Товар относится к категории drug, поэтому большинство фармацевтических атрибутов применимы. Название указывает на форму выпуска (таблетки), дозировку (500 мг) и количество в упаковке (50), однако МНН и другие специфические атрибуты не определены из-за отсутствия явной информации.",True,,pending_fallback,direction_select,,semantic_primary,success,перорально,таблетки,,,,ВАЛЕНТА ФАРМ,,,,,,перорально,,таблетки,,500 мг,,,,50 таблеток,,,
10099,428,ПАНТОКАЛЬЦИН Р-Р Д/ПРИЕМА ВНУТРЬ 150МГ/МЛ ФЛ. С МЕРН. ШПРИЦЕМ 75МЛ №1 | ВАЛЕНТА ФАРМ АО | ВАЛЕНТА ФАРМ АО,medical_device,clinical_like,0.7,"Товар относится к медицинским изделиям с профилем clinical_like, поэтому для него применимы поля administration_route, dosage_form, dosage, brand, age_segment и package_hint. MNN, rx_otc, nosology и combination_hint не применимы согласно профилю атрибутов.",True,,pending_fallback,direction_select,,semantic_primary,success,внутрь,раствор для приема внутрь,,,,ВАЛЕНТА ФАРМ,,,,,,перорально,,раствор,,150 мг/мл,,,,флакон 75 мл с мерным шприцем,,,
10121,428,ПАНТЕНОЛ-ТЕВА МАЗЬ Д/НАРУЖ. ПРИМ. 5% ТУБА 35Г | МЕРКЛЕ ГМБХ | МЕРКЛЕ ГМБХ,drug,,0.9,"Товар является лекарственным средством (drug) с действующим веществом декспантенол, применяемым наружно для заживления ран. Все атрибуты применимы, возрастной сегмент и комбинированный состав не указаны.",True,,pending_fallback,direction_select,,semantic_primary,success,наружно,мазь,,Декспантенол,,Пантенол-Тева,,otc,,кожные заболевания,,наружно,,мазь,,5%,,,,туба 35 г,,,
10124,428,ПАНТЕНОЛ-СПРЕЙ 5% КОСМЕТИЧЕСКИЙ 130Г A-LAB | АЭРО-ПРО ООО | АЭРО-ПРО ООО,cosmetic_hygiene,,0.9,"Товар относится к категории косметика и гигиена (cosmetic_hygiene). Согласно профилю атрибутов, заполняются только бренд, возрастной сегмент и упаковка; остальные фармацевтические поля неприменимы.",True,,pending_fallback,direction_select,,semantic_primary,success,,,,,,A-LAB,,,,,,не применимо,,не применимо,,,,не применимо,,130 г,,,
10200,428,ПАМПЕРС ПОДГУЗНИКИ-ТРУСИКИ ПЭНТС ЭКСТРА ЛАРДЖ Р.6 (15КГ+) №38 | ПРОКТЕР ЭНД ГЕМБЛ | ПРОКТЕР ЭНД ГЕМБЛ,medical_device,hygiene_like,0.9,"Товар относится к категории медицинских изделий (гигиенические товары для детей). Согласно профилю атрибутов, заполнены только бренд, возрастной сегмент и количество в упаковке, остальные фармацевтические поля не применимы.",True,,pending_fallback,direction_select,,semantic_primary,success,,,15 кг+,,,Pampers,,,,,,не применимо,,не применимо,,,,не применимо,,38 штук,,,
10283,428,"ОТРИВИН КОМПЛЕКС СПРЕЙ НАЗ. 0,6МГ/МЛ + 0,5МГ/МЛ (84МКГ/ДОЗА+70МКГ/ДОЗА) ФЛ. 10МЛ | ГКС КОНСЬЮМЕР ХЕЛС С.А. | ГКС КОНСЬЮМЕР ХЕЛС С.А.",drug,,0.9,"Товар является лекарственным средством (drug) для лечения ринита. Все атрибуты применимы, извлечены из названия и стандартных характеристик препарата.",True,,pending_fallback,direction_select,,semantic_primary,success,назально,спрей назальный,взрослые,,,Отривин,,otc,,Ринит,,назальный,,спрей,,"0,6 мг/мл + 0,5 мг/мл (84 мкг/доза + 70 мкг/доза)",,взрослые,,флакон 10 мл,,комбинированный препарат,
10405,428,ОРВИС СПРЕЙ ДЛЯ РУК АНТИСЕПТИЧЕСКИЙ ФЛ. 100МЛ | ЭВАЛАР ЗАО | ЭВАЛАР ЗАО,cosmetic_hygiene,,0.9,"Товар относится к категории косметика и гигиена (антисептический спрей для рук). Согласно профилю атрибутов, заполняются только бренд и упаковка, остальные фармацевтические поля не применимы.",True,,pending_fallback,direction_select,,semantic_primary,success,,,,,,Эвалар,,,,,,не применимо,,не применимо,,,,не применимо,,флакон 100 мл,,,
10481,428,"ОМРОН ТРУБКА ВОЗДУХОВОДНАЯ СИЛИКОНОВАЯ ДЛЯ ИНГАЛЯТОРОВ С28/С29/С30/С24/ (100СМ) | OMRON HEALTHCARE CO., LTD. | OMRON HEALTHCARE CO., LTD.",medical_device,clinical_like,0.85,"Товар является медицинским изделием (клинического типа) — силиконовой воздуховодной трубкой для ингаляторов OMRON. Атрибуты mnn, rx_otc, nosology и combination_hint не применимы для данного типа изделия, поэтому они не заполнены.",True,,pending_fallback,direction_select,,semantic_primary,success,ингаляционно,трубка воздуховодная,,,,OMRON,,,,,,ингаляционно,,,,,,,,100 см,,,
10488,429,"ОМРОН ТОНОМЕТР М2 BASIC АВТОМАТ С УНИВЕРС. МАНЖЕТОЙ 22-42СМ И АДАПТЕРОМ (HEM-7121-ALRU) | OMRON HEALTHCARE CO., LTD. | OMRON HEALTHCARE CO., LTD.",medical_device,clinical_like,0.9,"Товар относится к медицинским изделиям (клинический тип). Извлечены бренд, форма выпуска, путь введения и возрастной сегмент, остальные фармацевтические атрибуты неприменимы.",True,,pending_fallback,direction_select,,semantic_primary,success,наружно,тонометр,взрослые,,,OMRON,,,,,,наружно,,,,,,взрослые,,с универсальной манжетой 22-42 см и адаптером,,,
10536,429,ОМЕПРАЗОЛ-ОBL КАПС. КИШ/РАСТ. 20МГ №28 | ОБОЛЕНСКОЕ ФП АО | ОБОЛЕНСКОЕ ФП АО,drug,,0.9,"Товар является лекарственным препаратом (drug), поэтому все фармацевтические атрибуты применимы. На основе названия определены МНН, бренд, форма выпуска, дозировка и упаковка. Препарат отпускается по рецепту, применяется внутрь у взрослых.",True,,pending_fallback,direction_select,,semantic_primary,success,внутрь,капсулы кишечнорастворимые,взрослые,Омепразол,,Омепразол-Обл,,rx,,"ГЭРБ, язвенная болезнь",,перорально,,капсулы,,20 мг,,взрослые,,28 капсул,,,
10572,429,"ОМЕГА ДЕЛЬ МАР ОМЕГА-3 ИЗ МОРСКИХ ВОДОРОСЛЕЙ КАПС. МАССОЙ 0,3Г №100 | ЭККО ПЛЮС ООО | ЭККО ПЛЮС ООО",vitamin_or_baa,,0.7,"Товар относится к БАД (витамин/БАД), поэтому rx_otc не применим. На основе названия определены форма выпуска (капсулы), дозировка (0,3 г), путь введения (перорально) и упаковка (№100). Бренд указан как производитель.",True,,pending_fallback,direction_select,,semantic_primary,success,перорально,капсулы,,,,ЭККО ПЛЮС,,,,нутрицевтики,,перорально,,капсулы,,"0,3 г",,универсальный,,№100,,,
10606,429,ОМЕГА-3 90% КАПС. ПО 1400МГ №60 ФФ | ФАРМАЦЕВТИЧЕСКАЯ ФАБРИКА ООО | ФАРМАЦЕВТИЧЕСКАЯ ФАБРИКА ООО,vitamin_or_baa,,0.85,"Товар относится к БАД (витамин_or_baa), поэтому rx_otc не применим. На основе названия определены действующее вещество, форма выпуска, дозировка и возрастной сегмент.",True,,pending_fallback,direction_select,,semantic_primary,success,внутрь,капсулы,взрослые,Омега-3,,,,,,нутрицевтики,,перорально,,капсулы,,1400 мг,,взрослые,,60 капсул,,,
10615,429,ОМЕГА-3 35% ДЛЯ БЕРЕМЕННЫХ И КОРМЯЩИХ ЖЕНЩИН КАПС. 700МГ №60 | Полярис ООО | Полярис ООО,vitamin_or_baa,,0.85,"Товар относится к категории витаминов и БАД, поэтому rx_otc не применим. На основе названия определены действующее вещество (Омега-3), форма выпуска (капсулы), дозировка (700 мг) и целевая аудитория (беременные и кормящие).",True,,pending_fallback,direction_select,,semantic_primary,success,внутрь,капсулы,беременные и кормящие женщины,Омега-3,,,,,,нутрицевтики,,перорально,,капсулы,,700 мг,,универсальный,,№60,,,
10715,429,ОЛЕОС МАСЛО КОСМЕТИЧЕСКОЕ ЧИСТОТЕЛА 30МЛ | ОЛЕОС ООО | ОЛЕОС ООО,cosmetic_hygiene,,0.8,"Товар относится к категории косметика и гигиена (cosmetic_hygiene), поэтому фармацевтические атрибуты (МНН, рецептурность, нозология и др.) неприменимы. Из доступных атрибутов определены бренд и объем упаковки.",True,,pending_fallback,direction_select,,semantic_primary,success,,,,,,ОЛЕОС,,,,,,не применимо,,не применимо,,,,не применимо,,30 мл,,,
10725,429,ОЛЕОС МАСЛО КОСМЕТИЧЕСКОЕ АВСТРАЛИЙСКОГО ЧАЙНОГО ДЕРЕВА ПРИРОДНЫЙ АНТИСЕПТИК ФЛ. 5МЛ | ОЛЕОС ООО | ОЛЕОС ООО,cosmetic_hygiene,,0.9,"Товар относится к категории косметических средств (косметика и гигиена), поэтому фармацевтические атрибуты, такие как МНН, рецептурность, нозология, форма выпуска и дозировка, не применимы. Указаны только бренд и упаковка.",True,,pending_fallback,direction_select,,semantic_primary,success,,,,,,ОЛЕОС,,,,,,не применимо,,не применимо,,,,не применимо,,флакон 5 мл,,,
10736,429,ОЛЕОС МАСЛО АРОМАТИЧЕСКОЕ ЗЕМЛЯНИКИ ФЛ. 10МЛ | ОЛЕОС ООО | ОЛЕОС ООО,other,,0.7,"Товар относится к категории 'other' (ароматическое масло). Согласно профилю атрибутов, применимы только бренд, возрастной сегмент и подсказка по упаковке. Бренд не указан в тексте, возрастной сегмент не определен, поэтому заполнена только подсказка по упаковке.",True,,pending_fallback,direction_select,,semantic_primary,success,,,,,,,,,,,,не применимо,,не применимо,,,,не применимо,,флакон 10 мл,,,
10751,429,ОЛВЕЙЗ ПРОКЛАДКИ УЛЬТРА SECURE NIGHT PLUS №5 | ПРОКТЕР ЭНД ГЕМБЛ | ПРОКТЕР ЭНД ГЕМБЛ,medical_device,hygiene_like,0.9,"Товар относится к медицинским изделиям (гигиенические прокладки), поэтому фармацевтические атрибуты не применимы. Указаны бренд, возрастной сегмент и количество в упаковке.",True,,pending_fallback,direction_select,,semantic_primary,success,,,взрослые,,,Олвейз,,,,,,не применимо,,не применимо,,,,взрослые,,5 штук,,,
10781,429,ОЛА САЛФЕТКИ ВЛАЖНЫЕ АНТИБАКТЕРИАЛЬНЫЕ №15 | ЗетТекнолоджи ООО | ЗетТекнолоджи ООО,other,,0.7,"Товар относится к категории 'other' (влажные салфетки). Согласно профилю атрибутов, применимы только бренд, возрастной сегмент и упаковка, поэтому фармацевтические поля не заполняются.",True,,pending_fallback,direction_select,,semantic_primary,success,,,,,,ОЛА,,,,,,не применимо,,не применимо,,,,не применимо,,15,,,
10786,430,ОЛА ПРОКЛАДКИ УЛЬТРА СУПЕР СОЛНЕЧНАЯ РОМАШКА №8 | Олтекс | Олтекс,medical_device,hygiene_like,0.9,"Товар относится к медицинским изделиям (гигиенические прокладки), поэтому фармацевтические атрибуты (МНН, Rx/OTC, форма, дозировка и др.) неприменимы. Указаны бренд и количество в упаковке.",True,,pending_fallback,direction_select,,semantic_primary,success,,,,,,Олтекс,,,,,,не применимо,,не применимо,,,,не применимо,,№8,,,
10944,430,ОИЛДРОП МАСЛО КОСМЕТИЧЕСКОЕ РОСТКОВ ПШЕНИЦЫ 30МЛ | ЭЛЬФАРМА ООО | ЭЛЬФАРМА ООО,cosmetic_hygiene,,0.9,"Товар относится к категории косметических средств (косметическое масло). Для данного типа продукта применимы только бренд и упаковка, остальные фармацевтические атрибуты не используются.",True,,pending_fallback,direction_select,,semantic_primary,success,,,,,,Эльфарма,,,,,,не применимо,,не применимо,,,,не применимо,,30 мл,,,
11034,430,НЭЙЧЕС БАУНТИ ОМЕГА-3 900МГ КАПС. №90 | NATURES BOUNTY INC. | NATURES BOUNTY INC.,vitamin_or_baa,,0.85,"Товар относится к категории витаминов/БАД (Омега-3 жирные кислоты). Атрибуты rx_otc не применимы для данной категории, поэтому установлены в null. Остальные поля заполнены на основе текста и профиля.",True,,pending_fallback,direction_select,,semantic_primary,success,внутрь,капсулы,взрослые,Омега-3 жирные кислоты,,NATURE'S BOUNTY,,,,Комплексные профили,,перорально,,капсулы,,900 мг,,взрослые,,№90,,,
11142,430,НУРОФАСТ ТАБЛ. П/ПЛЕН/ОБ. 200МГ №20 | АЛИУМ АО | АЛИУМ АО,drug,,0.9,"Товар является лекарственным препаратом (drug) с действующим веществом ибупрофен, что подтверждается названием и формой выпуска. Все атрибуты применимы, кроме комбинированного препарата, так как в названии указан только один компонент.",True,,pending_fallback,direction_select,,semantic_primary,success,перорально,"таблетки, покрытые пленочной оболочкой",взрослые,Ибупрофен,,Нурофаст,,otc,,Боль и воспаление,,перорально,,таблетки,,200 мг,,взрослые,,20 таблеток,,,
11173,430,НО-ШПА ДУО ТАБЛ. 40МГ+500МГ №12 | ХИНОИН ЗАВОД ФАРМАЦЕВТИЧЕСКИХ И ХИМИЧЕСКИХ ПРОДУКТОВ ЗАО/ОПЕЛЛА ХЕЛСКЕА ВЕНГРИЯ ЛТД | ХИНОИН ЗАВОД ФАРМАЦЕВТИЧЕСКИХ И ХИМИЧЕСКИХ ПРОДУКТОВ ЗАО/ОПЕЛЛА ХЕЛСКЕА ВЕНГРИЯ ЛТД,drug,,0.9,"Препарат относится к категории drug, все атрибуты применимы. На основе названия и состава определены МНН, бренд, форма выпуска, дозировка и показания.",True,,pending_fallback,direction_select,,semantic_primary,success,перорально,таблетки,взрослые,Дротаверин + Парацетамол,,Но-Шпа Дуо,,Без рецепта,,"Спазмы гладкой мускулатуры, болевой синдром",,перорально,,таблетки,,40мг+500мг,,взрослые,,12 таблеток,,комбинированный препарат,
11219,430,НОРЕВА АКВАРЕВА КРЕМ ДЛЯ ЛИЦА УВЛАЖНЯЮЩИЙ НАСЫЩЕННЫЙ 24 ЧАСА 40МЛ | NOREVA-LED | NOREVA-LED,cosmetic_hygiene,,0.9,"Товар относится к категории косметика и гигиена (cosmetic_hygiene), поэтому фармацевтические атрибуты, такие как МНН, рецептурность, нозология, путь введения, лекарственная форма и дозировка, не применимы. Из доступных атрибутов определены бренд и объем упаковки.",True,,pending_fallback,direction_select,,semantic_primary,success,,,,,,NOREVA-LED,,,,,,не применимо,,не применимо,,,,не применимо,,40 мл,,,
11229,430,"НОРДЕПЛАСТ НОРДЕСИЛК ПЛАСТЫРЬ МЕДИЦИНСКИЙ ФИКСИРУЮЩИЙ ТЕКСТИЛЬНЫЙ 1,25СМХ5М | НОРДЕПЛАСТ ЛСЭЗ ООО | НОРДЕПЛАСТ ЛСЭЗ ООО",medical_device,clinical_like,0.9,"Товар является медицинским изделием (клинический тип), поэтому поля mnn, rx_otc, nosology и combination_hint не применимы. Атрибуты administration_route, dosage_form, dosage и package_hint извлечены из текста.",True,,pending_fallback,direction_select,,semantic_primary,success,наружно,пластырь медицинский фиксирующий текстильный,,,,НОРДЕПЛАСТ,,,,,,наружно,,пластырь,,"1,25 см x 5 м",,,,рулон,,,
11272,430,НООТРОП КАПС. №48 | ВИС ООО | ВИС ООО,drug,,0.6,"Товар относится к категории drug (лекарственный препарат) для нервной системы. На основе названия 'НООТРОП' и подсказок определены форма выпуска (капсулы), путь введения (внутрь) и возрастной сегмент (взрослые), однако конкретное МНН, бренд и дозировка не указаны.",True,,pending_fallback,direction_select,,semantic_primary,success,внутрь,капсулы,взрослые,,,,,,,Когнитивные нарушения,,перорально,,капсулы,,,,взрослые,,48 капсул,,,
11277,430,НООКЛЕРИН Р-Р Д/ПРИЕМА ВНУТРЬ 200МГ/МЛ ФЛ. 100МЛ | ЭКОХИМ-ИННОВАЦИИ ООО | ЭКОХИМ-ИННОВАЦИИ ООО,drug,,0.7,"Товар является лекарственным препаратом (drug). Из текста извлечены форма выпуска, дозировка и путь введения, однако МНН, бренд и другие атрибуты не определены из-за отсутствия явных указаний.",True,,pending_fallback,direction_select,,semantic_primary,success,внутрь,раствор для приема внутрь,,,,Нооклерин,,,,,,перорально,,раствор,,200 мг/мл,,,,флакон 100 мл,,,
11292,430,"НОЛЬПАЗА ТАБЛ. КИШ/РАСТ. П/ПЛЕН/ОБ. 20МГ №28 | КРКА Д.Д., НОВО МЕСТО АО/КРКА-РУС ООО | КРКА Д.Д., НОВО МЕСТО АО/КРКА-РУС ООО",drug,,0.95,"Препарат относится к группе лекарственных средств (drug), для него применимы все фармацевтические атрибуты. На основе текста определены МНН (пантопразол), торговое наименование, форма выпуска, дозировка и упаковка.",True,,pending_fallback,direction_select,,semantic_primary,success,перорально,"таблетки, покрытые кишечнорастворимой пленочной оболочкой",взрослые,Пантопразол,,Нольпаза,,rx,,Язвенная болезнь желудка и двенадцатиперстной кишки; гастроэзофагеальная рефлюксная болезнь,,перорально,,таблетки,,20 мг,,взрослые,,28 таблеток,,,
11293,431,"НОЛЬПАЗА ТАБЛ. КИШ/РАСТ. П/ПЛЕН/ОБ. 20МГ №14 | КРКА Д.Д., НОВО МЕСТО АО/КРКА-РУС ООО | КРКА Д.Д., НОВО МЕСТО АО/КРКА-РУС ООО",drug,,0.95,"Товар является лекарственным препаратом (drug) с действующим веществом пантопразол. На основе текста определены основные фармацевтические атрибуты, включая МНН, бренд, форму выпуска, дозировку и упаковку.",True,,pending_fallback,direction_select,,semantic_primary,success,перорально,"таблетки, покрытые кишечнорастворимой пленочной оболочкой",взрослые,Пантопразол,,Нольпаза,,rx,,Язвенная болезнь желудка и двенадцатиперстной кишки; гастроэзофагеальная рефлюксная болезнь,,перорально,,таблетки,,20 мг,,взрослые,,14 таблеток,,,
11331,431,НОВЫЕ ТАЙНЫ ЗОЛОТОГО УСА КРЕМ-СНАДОБЬЕ ПРИ ПЯТОЧНОЙ ШПОРЕ 75МЛ | НАРОДНЫЕ ПРОМЫСЛЫ ООО | НАРОДНЫЕ ПРОМЫСЛЫ ООО,other,,0.7,"Товар относится к категории 'other' (народные средства/косметика). Согласно профилю атрибутов, применимы только бренд, возрастной сегмент и подсказка по упаковке. Бренд и объем упаковки определены из текста, остальные фармацевтические атрибуты не применимы.",True,,pending_fallback,direction_select,,semantic_primary,success,,,,,,Народные промыслы,,,,,,не применимо,,не применимо,,,,не применимо,,75 мл,,,
11346,431,НОВОСВИТ СКРАБ ДЛЯ ТЕЛА МАНГО БАНКА 180МЛ | Народные промыслы | Народные промыслы,cosmetic_hygiene,,0.9,"Товар относится к категории косметика и гигиена (скраб для тела). Для данного типа продукта применимы только бренд, возрастной сегмент и упаковка, остальные фармацевтические атрибуты не используются.",True,,pending_fallback,direction_select,,semantic_primary,success,,,,,,НОВОСВИТ,,,,,,не применимо,,не применимо,,,,не применимо,,банка 180 мл,,,
11351,431,НОВОСВИТ ПИЛИНГ ЭНЗИМНЫЙ ДЛЯ УМЫВАНИЯ ENZYME POMEGRANATE ТУБА 75МЛ | Народные промыслы | Народные промыслы,cosmetic_hygiene,,0.9,"Товар относится к категории косметика и гигиена (cosmetic_hygiene), поэтому фармацевтические атрибуты, такие как МНН, рецептурность, нозология, форма выпуска и дозировка, неприменимы. Из доступных атрибутов определены бренд и упаковка.",True,,pending_fallback,direction_select,,semantic_primary,success,,,,,,НОВОСВИТ,,,,,,не применимо,,не применимо,,,,не применимо,,туба 75 мл,,,
11667,431,"НИКОРЕТТЕ СПРЕЙ Д/СЛИЗИСТ. ОБОЛОЧ. ПОЛОСТИ РТА ДОЗИР. ФРУКТОВО-МЯТНЫЙ 1МГ/ДОЗА ФЛ. 13,2МЛ 150ДОЗ №2 | МАКНИЛ АБ | МАКНИЛ АБ",drug,,0.85,"Товар является лекарственным средством (drug) для заместительной терапии никотиновой зависимости. Атрибуты определены на основе текста: бренд, форма выпуска, дозировка и упаковка. MNN не указан, поэтому оставлен null.",True,,pending_fallback,direction_select,,semantic_primary,success,местно,спрей для слизистой оболочки полости рта дозированный,взрослые,,,Никоретте,,otc,,Заместительная терапия никотиновой зависимости,,,,спрей,,1 мг/доза,,взрослые,,"флакон 13,2 мл, 150 доз, №2",,,
11839,431,НЕЙРОСПАН КОМПЛЕКС ДЛЯ НЕРВНЫХ ВОЛОКОН ТАБЛ. П/О 165МГ №50 | КВАДРАТ-С ООО | КВАДРАТ-С ООО,vitamin_or_baa,,0.7,"Товар относится к категории витаминов/БАД (product_kind=vitamin_or_baa), поэтому rx_otc не применим. На основе названия и формы выпуска определены основные атрибуты: комплексный препарат, пероральная форма, дозировка и упаковка.",True,,pending_fallback,direction_select,,semantic_primary,success,перорально,"таблетки, покрытые оболочкой",,Комплекс,,Нейроспан,,,,Комплексные профили,,перорально,,таблетки,,165 мг,,универсальный,,50 таблеток,,Комплекс витаминов группы B,
11876,431,НЕВСКАЯ КОСМЕТИКА МЫЛО ЖИДКОЕ ДЛЯ ТЕЛА И ВОЛОС ДЕГТЯРНОЕ БАНКА 300МЛ | НЕВСКАЯ КОСМЕТИКА АО | НЕВСКАЯ КОСМЕТИКА АО,cosmetic_hygiene,,0.9,"Товар относится к категории косметика и гигиена (cosmetic_hygiene), поэтому фармацевтические атрибуты, такие как МНН, рецептурность, нозология, форма выпуска и дозировка, неприменимы. Из доступных атрибутов заполнены бренд и упаковка.",True,,pending_fallback,direction_select,,semantic_primary,success,,,,,,Невская косметика,,,,,,не применимо,,не применимо,,,,не применимо,,банка 300мл,,,
12069,431,НАТУРЕТТО ВИТАМИН С И МАРГАНЕЦ ТАБЛ. ЖЕВ. СО ВКУСОМ КЛУБНИКИ №17 | PEZ PRODUCTION EUROPE | PEZ PRODUCTION EUROPE,vitamin_or_baa,,0.85,"Товар относится к категории витаминов и БАД, поэтому rx_otc не применим. На основе названия определены действующее вещество (аскорбиновая кислота), форма выпуска и комбинация с марганцем. Дозировка и возрастной сегмент не указаны.",True,,pending_fallback,direction_select,,semantic_primary,success,перорально,таблетки жевательные,,Аскорбиновая кислота,,Натуретто,,,,Комплексные профили,,перорально,,таблетки жевательные,,,,универсальный,,17 таблеток,,Витамин C + марганец,
12081,431,НАТУРЕЛЛА ПРОКЛАДКИ КЛАССИК НОРМАЛ С КРЫЛЫШКАМИ №9 | ПРОКТЕР ЭНД ГЕМБЛ | ПРОКТЕР ЭНД ГЕМБЛ,medical_device,hygiene_like,0.9,"Товар относится к медицинским изделиям (гигиенические прокладки). Для данного типа товара применимы только бренд, возрастной сегмент и упаковка, остальные фармацевтические атрибуты не применимы.",True,,pending_fallback,direction_select,,semantic_primary,success,,,взрослые,,,Натурелла,,,,,,не применимо,,не применимо,,,,взрослые,,9 штук,,,
12132,431,НАТУРАЛЬНЫЕ МАСЛА МАСЛО КАСТОРОВОЕ 30МЛ | НАТУРАЛЬНЫЕ МАСЛА ООО | НАТУРАЛЬНЫЕ МАСЛА ООО,cosmetic_hygiene,,0.7,"Товар относится к категории косметика и гигиена (cosmetic_hygiene), поэтому большинство фармацевтических атрибутов неприменимы. Из доступных полей заполнен только package_hint (объем 30 мл), остальные атрибуты не указаны.",True,,pending_fallback,direction_select,,semantic_primary,success,,,,,,,,,,,,не применимо,,не применимо,,,,не применимо,,30 мл,,,
12148,432,НАТУРАЛИС ПУСТЫРНИК ФОРТЕ С ВИТАМИНОМ В6 И MG ТАБЛ. №40 | ПАРАФАРМ ООО | ПАРАФАРМ ООО,vitamin_or_baa,,0.7,"Товар относится к БАД (vitamin_or_baa), поэтому rx_otc не применим. Название указывает на комбинированный состав с пустырником, витамином B6 и магнием, форма выпуска — таблетки №40.",True,,pending_fallback,direction_select,,semantic_primary,success,перорально,таблетки,взрослые,,,Натуралис Пустырник Форте,,,,нутрицевтики,,перорально,,таблетки,,,,взрослые,,№40,,пустырник + витамин B6 + магний,
12187,432,НАТУМА ЭМОЛИБЕЙЗ КРЕМ ДЛЯ ЛИЦА И ТЕЛА 100МЛ | СТМ ЭКСПЕРТ ООО | СТМ ЭКСПЕРТ ООО,cosmetic_hygiene,,0.8,"Товар относится к категории косметических средств (косметика и гигиена), поэтому фармацевтические атрибуты, такие как МНН, рецептурность, нозология, путь введения, лекарственная форма и дозировка, неприменимы. Из доступных атрибутов определены бренд и объем упаковки.",True,,pending_fallback,direction_select,,semantic_primary,success,,,,,,НАТУМА ЭМОЛИБЕЙЗ,,,,,,не применимо,,не применимо,,,,не применимо,,100 мл,,,
12268,432,НАСЛЕДИЕ ПРИРОДЫ ОБЛЕПИХОВОЕ МАСЛО ФЛ. 100МЛ | КАМЕЛИЯ-ЛТ ООО | КАМЕЛИЯ-ЛТ ООО,other,,0.7,"Товар относится к категории 'other', поэтому большинство фармацевтических атрибутов неприменимы. Из названия извлечены бренд и объем упаковки.",True,,pending_fallback,direction_select,,semantic_primary,success,,,,,,Наследие Природы,,,,,,не применимо,,не применимо,,,,не применимо,,флакон 100 мл,,,
12389,432,"МЯТЫ ПЕРЕЧНОЙ ЛИСТЬЯ Ф/П 1,5Г №20 ЗДОРОВЬЕ | ЗДОРОВЬЕ ФИРМА ООО | ЗДОРОВЬЕ ФИРМА ООО",drug,,0.85,"Товар является лекарственным растительным препаратом (drug, семейство 'Травы'). На основе текста определены основные атрибуты: МНН, бренд, форма выпуска, дозировка и способ применения. Нозология и возрастной сегмент не указаны в названии.",True,,pending_fallback,direction_select,,semantic_primary,success,перорально,фильтр-пакеты,,Мяты перечной листья,,Здоровье,,otc,,,,перорально,,фильтр-пакеты,,"1,5 г",,,,20 фильтр-пакетов,,,
12489,432,"МУКОСАТ ТАБЛ. ШИП. СО ВКУСОМ АНАНАСА ПО 3,8Г №20 | ЭВАЛАР ЗАО | ЭВАЛАР ЗАО",other,,0.7,"Товар относится к категории 'other', поэтому большинство фармацевтических атрибутов неприменимы. Из доступных полей заполнены бренд и упаковка.",True,,pending_fallback,direction_select,,semantic_primary,success,,,,,,Мукосат,,,,,,не применимо,,не применимо,,,,не применимо,,20 таблеток,,,
12495,432,МУКОСАТ МАЗЬ Д/НАРУЖ. ПРИМ. 5% ТУБА 30Г | ЗЕЛЕНАЯ ДУБРАВА ЗАО | ЗЕЛЕНАЯ ДУБРАВА ЗАО,drug,,0.8,"Товар является лекарственным препаратом (drug) с применимыми всеми атрибутами. МНН и нозология не указаны в названии, поэтому оставлены пустыми. Дозировка и форма выпуска извлечены из текста.",True,,pending_fallback,direction_select,,semantic_primary,success,наружно,мазь,,,,Зеленая дубрава,,otc,,,,наружно,,мазь,,5%,,,,туба 30 г,,,
12645,432,МОН АМИ ТЕСТ ДЛЯ ОПРЕДЕЛЕНИЯ БЕРЕМЕННОСТИ №1 | W.H.P.M. Bioresearch&Technology | W.H.P.M. Bioresearch&Technology,medical_device,clinical_like,0.7,"Товар относится к медицинским изделиям (клинический профиль). Для теста на беременность не применимы MNN, рецептурность, нозология и комбинированный признак; указан бренд и упаковка №1.",True,,pending_fallback,direction_select,,semantic_primary,success,,,,,,W.H.P.M. Bioresearch&Technology,,,,,,,,,,,,,,№1,,,
12852,432,МИЦЕЛЛЯРНЫЕ ВИТАМИНЫ КОЭНЗИМ МИЦЕЛЛИРОВАННЫЙ Q10 КАПС. ПО 800МГ №90 | КОРОЛЕВ ФАРМ ООО | КОРОЛЕВ ФАРМ ООО,vitamin_or_baa,,0.85,"Товар относится к БАД (витаминно-минеральный комплекс) на основе коэнзима Q10. Учитывая профиль витаминов и БАД, заполнены соответствующие поля, rx_otc не применим.",True,,pending_fallback,direction_select,,semantic_primary,success,перорально,капсулы,взрослые,Коэнзим Q10,,,,,,нутрицевтики,,перорально,,капсулы,,800 мг,,взрослые,,90 капсул,,,
12854,432,МИЦЕЛЛЯРНЫЕ ВИТАМИНЫ ВИТАМИН Д3 600МЕ МИЦЕЛЛИРОВАННЫЙ КАПС. ПО 670МГ №120 | КОРОЛЕВ ФАРМ ООО | КОРОЛЕВ ФАРМ ООО,vitamin_or_baa,,0.85,"Товар относится к витаминам (витамин D3), поэтому rx_otc не применим. На основе названия определены МНН (холекальциферол), путь введения, лекарственная форма и дозировка. Бренд и возрастной сегмент не указаны.",True,,pending_fallback,direction_select,,semantic_primary,success,перорально,капсулы,,Холекальциферол,,,,,,Витамин D,,перорально,,капсулы,,600 МЕ,,универсальный,,120 капсул,,,
12892,432,МИРРОЛЛА СУЛЬСЕН МИТЕ ШАМПУНЬ ДЛЯ ПРОФИЛАКТИКИ ПЕРХОТИ 1% 150МЛ | МИРРОЛЛА ООО | МИРРОЛЛА ООО,cosmetic_hygiene,,0.9,"Товар относится к категории косметика/гигиена (шампунь), поэтому фармацевтические атрибуты (МНН, рецептурность, нозология и др.) неприменимы. Из доступных полей заполнены бренд и объем упаковки.",True,,pending_fallback,direction_select,,semantic_primary,success,,,,,,Мирролла,,,,,,не применимо,,не применимо,,,,не применимо,,150 мл,,,
12967,433,МИРРОЛЛА МАСКА РЕПЕЙНАЯ С ВИТАМИНАМИ ФЛ. 250МЛ | Мирролла ООО | Мирролла ООО,vitamin_or_baa,,0.7,"Товар относится к категории витаминов/БАД (product_kind: vitamin_or_baa). Это репейная маска с витаминами, поэтому mnn не указан, rx_otc не применим, а administration_route и dosage не определены. Указаны бренд, лекарственная форма и упаковка.",True,,pending_fallback,direction_select,,semantic_primary,success,,маска,,,,Мирролла,,,,нутрицевтики,,,,,,,,универсальный,,флакон 250 мл,,,
13060,433,МИНИМАКС ЛОСЬОН ДЛЯ РУК С АНТИБАКТЕРИАЛЬНЫМ ЭФФЕКТОМ 100МЛ | МИРАН-ПАРФЮМ ООО | МИРАН-ПАРФЮМ ООО,cosmetic_hygiene,,0.9,"Товар относится к категории косметика и гигиена, поэтому фармацевтические атрибуты (МНН, рецептурность, нозология, форма выпуска, дозировка) неприменимы. Из доступных атрибутов определены бренд и объем упаковки.",True,,pending_fallback,direction_select,,semantic_primary,success,,,,,,МИНИМАКС,,,,,,не применимо,,не применимо,,,,не применимо,,100 мл,,,
13125,433,МИКРОГИНОН ТАБЛ. П/О 150МКГ+30МКГ №21 | ДЕЛЬФАРМ ЛИЛЛЬ С.А.С | ДЕЛЬФАРМ ЛИЛЛЬ С.А.С,drug,,0.85,"Препарат относится к группе гормональных контрацептивов, является комбинированным оральным контрацептивом. На основе названия и формы выпуска определены основные атрибуты, МНН не указано в исходных данных.",True,,pending_fallback,direction_select,,semantic_primary,success,перорально,"таблетки, покрытые оболочкой",взрослые,,,МИКРОГИНОН,,rx,,Контрацепция,,перорально,,таблетки,,150мкг+30мкг,,взрослые,,21 таблетка,,комбинированный препарат,
13321,433,МЕТОРТРИТ Р-Р Д/ИН. 10МГ/МЛ ШПРИЦ 1МЛ №1 | РОМФАРМ КОМПАНИ С.Р.Л. | РОМФАРМ КОМПАНИ С.Р.Л.,medical_device,clinical_like,0.7,"Товар относится к медицинским изделиям (clinical_like), поэтому MNN, RX/OTC, нозология и комбинация неприменимы. Атрибуты administration_route, dosage_form, dosage и package_hint извлечены из текста, brand определен по производителю.",True,,pending_fallback,direction_select,,semantic_primary,success,инъекционно,раствор для инъекций,,,,Ромфарм,,,,,,инъекционное,,раствор,,10 мг/мл,,,,шприц 1 мл №1,,,
13533,433,МЕЛЬДОНИЙ КАПС. 500МГ №60 ФАРМСТАНДАРТ | ФАРМСТАНДАРТ-ЛЕКСРЕДСТВА ОАО | ФАРМСТАНДАРТ-ЛЕКСРЕДСТВА ОАО,drug,,0.9,"Товар является лекарственным препаратом (drug) с полным набором применимых атрибутов. На основе текста определены МНН, форма выпуска, дозировка и упаковка.",True,,pending_fallback,direction_select,,semantic_primary,success,внутрь,капсулы,взрослый,Мельдоний,,Фармстандарт,,rx,,Хроническая сердечная недостаточность,,перорально,,капсулы,,500 мг,,взрослые,,60 капсул,,,
13612,433,МЕЛИТИД Р-Р ДЛЯ П/К ВВЕД. 6МГ/МЛ ШПРИЦ-РУЧКА 3МЛ №1 | СИННАГЕН КО. | СИННАГЕН КО.,medical_device,clinical_like,0.85,"Товар относится к медицинским изделиям (clinical_like), поэтому mnn, rx_otc, nosology и combination_hint не применимы. Атрибуты administration_route, dosage_form, dosage и package_hint извлечены из текста.",True,,pending_fallback,direction_select,,semantic_primary,success,подкожно,раствор для подкожного введения,,,,СИННАГЕН,,,,,,подкожно,,раствор,,6 мг/мл,,,,шприц-ручка 3 мл №1,,,
13616,433,"МЕЛИССЫ ЛЕКАРСТВЕННОЙ ТРАВА Ф/П 1,5Г №20 ЗДОРОВЬЕ | ЗДОРОВЬЕ ФИРМА ООО | ЗДОРОВЬЕ ФИРМА ООО",drug,,0.9,Товар является лекарственным растительным препаратом (трава мелиссы). Атрибуты определены на основе названия и стандартных характеристик данной категории.,True,,pending_fallback,direction_select,,semantic_primary,success,Внутрь,Трава в фильтр-пакетах,Взрослые,Мелиссы лекарственной трава,,Здоровье,,Без рецепта,,Растительные седативные монокомпонентные,,перорально,,фильтр-пакеты,,"1,5 г",,взрослые,,20 фильтр-пакетов,,,
13645,433,МЕКСИПРИМ ТАБЛ. П/ПЛЕН/ОБ. 125МГ №60 | ОБНИНСКАЯ ХИМИКО-ФАРМАЦЕВТИЧЕСКАЯ КОМПАНИЯ | ОБНИНСКАЯ ХИМИКО-ФАРМАЦЕВТИЧЕСКАЯ КОМПАНИЯ,drug,,0.9,"Товар является лекарственным препаратом (drug) с известным действующим веществом этилметилгидроксипиридина сукцинат, торговым наименованием Мексиприм и формой выпуска. Все атрибуты применимы, поэтому заполнены на основе текста.",True,,pending_fallback,direction_select,,semantic_primary,success,перорально,"таблетки, покрытые пленочной оболочкой",взрослые,Этилметилгидроксипиридина сукцинат,,Мексиприм,,rx,,Антиоксидантное средство,,перорально,,таблетки,,125 мг,,взрослые,,60 таблеток,,,
13823,433,МАСЛО ЭФИРНОЕ ПАЧУЛИ ФЛ. 10МЛ МЕДИКОМЕД | МЕДИКОМЕД НПФ ООО | МЕДИКОМЕД НПФ ООО,other,,0.7,"Товар относится к категории 'other' (эфирное масло), для которой по профилю атрибутов применимы только brand, age_segment и package_hint. Остальные фармацевтические атрибуты не применимы, поэтому возвращены null.",True,,pending_fallback,direction_select,,semantic_primary,success,,,,,,Медикомед,,,,,,не применимо,,не применимо,,,,не применимо,,флакон 10 мл,,,
13877,433,МАСЛО МАЛИНЫ ФЛ. 10МЛ КУПАВА | КУПАВА ООО | КУПАВА ООО,other,,0.7,"Товар относится к категории 'other' (масло малины). Согласно профилю атрибутов, применимы только brand и package_hint, остальные фармацевтические поля не заполняются.",True,,pending_fallback,direction_select,,semantic_primary,success,,,,,,КУПАВА,,,,,,не применимо,,не применимо,,,,не применимо,,фл. 10мл,,,
13923,434,МАСЛО КОСМЕТИЧЕСКОЕ АВОКАДО ФЛ. 30МЛ НАТУРАЛЬНЫЕ МАСЛА | НАТУРАЛЬНЫЕ МАСЛА ООО | НАТУРАЛЬНЫЕ МАСЛА ООО,cosmetic_hygiene,,0.9,"Товар относится к категории косметических средств (косметическое масло), поэтому фармацевтические атрибуты, такие как МНН, рецептурность, нозология и форма выпуска, не применимы. Указаны только бренд и упаковка.",True,,pending_fallback,direction_select,,semantic_primary,success,,,,,,Натуральные масла,,,,,,не применимо,,не применимо,,,,не применимо,,флакон 30 мл,,,
13939,434,МАСКУЛАН ГЕЛЬ-СМАЗКА УЛЬТРА СКОЛЬЖЕНИЕ 50МЛ | ВИТА ООО ХБО ПРИ РАН ФИРМА | ВИТА ООО ХБО ПРИ РАН ФИРМА,medical_device,hygiene_like,0.8,"Товар относится к медицинским изделиям (гигиенический профиль), поэтому фармацевтические атрибуты не применимы. Извлечены только бренд и объем упаковки.",True,,pending_fallback,direction_select,,semantic_primary,success,,,,,,Маскулан,,,,,,не применимо,,не применимо,,,,не применимо,,50 мл,,,
14024,434,МАРАЛ ВАННЫ СКИПИДАРНЫЕ КОНЦЕНТРАТ БЕЛАЯ ЭМУЛЬСИЯ 80МЛ | АЛТАЙВИТАМИНЫ ЗАО | АЛТАЙВИТАМИНЫ ЗАО,vitamin_or_baa,,0.7,"Товар относится к категории БАД (витаминно-минеральные комплексы). Это концентрат для ванн, поэтому указаны наружное применение и форма выпуска — эмульсия. Точный состав и возрастные ограничения не указаны.",True,,pending_fallback,direction_select,,semantic_primary,success,наружно,эмульсия,,,,АЛТАЙВИТАМИНЫ,,,,нутрицевтики,,наружно,,,,,,универсальный,,80 мл,,,
14136,434,М АКТИВ ЦИМИЦИФУГА+ ВИТАМИНЫ ДЛЯ ЖЕНЩИН 45+ КАПС. МАССОЙ 450МГ №60 МЕЛОДИЯ ЗДОРОВЬЯ | ГРИН САЙД ООО | ГРИН САЙД ООО,vitamin_or_baa,,0.8,"Товар является БАД для женщин 45+, содержит цимицифугу и витамины. Атрибуты rx_otc не применимы для БАД, mnn не указан, так как это комплексный продукт.",True,,pending_fallback,direction_select,,semantic_primary,success,перорально,капсулы,45+,,,МЕЛОДИЯ ЗДОРОВЬЯ,,,,нутрицевтики,,перорально,,капсулы,,450 мг,,универсальный,,60 капсул,,комбинированный,
14164,434,"МАКСИКОЛД ЛОР ТАБС ДВОЙНОЕ ДЕЙСТВИЕ ТАБЛ. Д/РАССАС. 8,75МГ+1МГ №20 | ФАРМСТАНДАРТ-ЛЕКСРЕДСТВА / ОТИСИФАРМ ПРО | ФАРМСТАНДАРТ-ЛЕКСРЕДСТВА / ОТИСИФАРМ ПРО",drug,,0.85,"Препарат относится к категории drug, все атрибуты применимы. На основе названия и состава определены МНН, бренд, форма выпуска и дозировка. Препарат отпускается без рецепта.",True,,pending_fallback,direction_select,,semantic_primary,success,местное применение,таблетки для рассасывания,взрослые,Бензокаин + Цетилпиридиния хлорид,,Максиколд Лор,,otc,,Симптоматическая терапия заболеваний глотки,,наружно,,таблетки,,"8,75 мг + 1 мг",,взрослые,,№20,,Двойное действие,
14208,434,"МАГНИЙ ХЕЛАТ ТАБЛ. 1,4Г №60 ЭВАЛАР | ЭВАЛАР ЗАО | ЭВАЛАР ЗАО",vitamin_or_baa,,0.85,"Товар относится к категории витаминов и БАД, поэтому rx_otc не применим. На основе названия и подсказок определены основные атрибуты: действующее вещество — магний, форма выпуска — таблетки, дозировка — 1,4 г, упаковка — 60 таблеток, бренд — Эвалар.",True,,pending_fallback,direction_select,,semantic_primary,success,перорально,таблетки,взрослые,Магний,,Эвалар,,,,нутрицевтики,,перорально,,таблетки,,"1,4 г",,взрослые,,60 таблеток,,,
14221,434,МАГНИЙ В6 ЭВАЛАР ТАБЛ. №60 | ЭВАЛАР ЗАО | ЭВАЛАР ЗАО,vitamin_or_baa,,0.8,"Товар относится к категории витаминов/БАД, поэтому rx_otc не применим. На основе названия определены действующее вещество (магний), форма выпуска (таблетки) и комбинация с витамином B6. Дозировка и возрастной сегмент не указаны.",True,,pending_fallback,direction_select,,semantic_primary,success,перорально,таблетки,,Магний,,Эвалар,,,,Комплексные профили,,перорально,,таблетки,,,,универсальный,,60 таблеток,,Магний + B6,
14388,434,ЛЯ РОШ ПОЗЕ ГИАЛУ В5 АКВАГЕЛЬ КОНЦЕНТРИРОВАННЫЙ ДЛЯ УВЛАЖНЕНИЯ И ТОНУСА КОЖИ SPF30 50МЛ | ЛОРЕАЛЬ АО | ЛОРЕАЛЬ АО,cosmetic_hygiene,,0.9,"Товар относится к категории косметических средств (косметика и гигиена), поэтому фармацевтические атрибуты, такие как МНН, рецептурность, нозология, форма выпуска и дозировка, не применимы. Извлекаются только бренд, возрастной сегмент и упаковка.",True,,pending_fallback,direction_select,,semantic_primary,success,,,,,,ЛЯ РОШ ПОЗЕ,,,,,,не применимо,,не применимо,,,,не применимо,,50 мл,,,
14395,434,ЛЯ РОШ ПОЗЕ ВИТАМИН С10 СЫВОРОТКА АНТИОКСИДАНТНАЯ ДЛЯ КОЖИ ЛИЦА И ШЕИ ДЛЯ ОБНОВЛЕНИЯ ФЛ. 30МЛ (MB156100) | ЛОРЕАЛЬ АО | ЛОРЕАЛЬ АО,cosmetic_hygiene,,0.9,"Товар относится к категории косметических средств (косметика и гигиена), поэтому фармацевтические атрибуты, такие как МНН, рецептурность, нозология, форма выпуска и дозировка, не применимы. Извлекаются только бренд, возрастной сегмент и упаковка.",True,,pending_fallback,direction_select,,semantic_primary,success,,,взрослые,,,La Roche-Posay,,,,,,не применимо,,не применимо,,,,взрослые,,флакон 30 мл,,,
14470,434,"ЛЬНЯНОЕ МАСЛО АЛТАЙ ОМЕГА-3 0,5Г КАПС. №60 | АЛТАЙВИТАМИНЫ ЗАО | АЛТАЙВИТАМИНЫ ЗАО",vitamin_or_baa,,0.85,"Товар относится к БАД (Омега-3), поэтому rx_otc не применим. MNN не указан, так как это комплексный продукт на основе льняного масла. Основные атрибуты (форма, дозировка, упаковка) извлечены из названия.",True,,pending_fallback,direction_select,,semantic_primary,success,перорально,капсулы,,,,Алтайвитамины,,,,нутрицевтики,,перорально,,капсулы,,"0,5 г",,универсальный,,60 капсул,,,
14509,435,ЛОШАДИНОЕ ЗДОРОВЬЕ КРЕМ ДЛЯ ТЕЛА КОНЦЕНТР. С ХОНДРОИТИНОМ И ГЛЮКОЗАМИНОМ 200МЛ | КОРОЛЕВ ФАРМ ООО | КОРОЛЕВ ФАРМ ООО,cosmetic_hygiene,,0.9,"Товар относится к категории косметика и гигиена (cosmetic_hygiene), поэтому фармацевтические атрибуты, такие как МНН, рецептурность, форма выпуска и дозировка, не применимы. Извлекаются только бренд, возрастной сегмент и упаковка.",True,,pending_fallback,direction_select,,semantic_primary,success,,,,,,ЛОШАДИНОЕ ЗДОРОВЬЕ,,,,,,не применимо,,не применимо,,,,не применимо,,200 мл,,,
14536,435,ЛОШАДИНАЯ СИЛА ГЕЛЬ ТОНИЗИРУЮЩИЙ С КОНСКИМ КАШТАНОМ И ЭКСТРАКТОМ ПИЯВКИ 125МЛ | БИОФАРМЛАБ ООО | БИОФАРМЛАБ ООО,cosmetic_hygiene,,0.85,"Товар относится к категории косметика и гигиена (косметическое средство). Согласно профилю атрибутов, заполнены только бренд, возрастной сегмент и упаковка, остальные фармацевтические поля не применимы.",True,,pending_fallback,direction_select,,semantic_primary,success,,,взрослые,,,Лошадиная сила,,,,,,не применимо,,не применимо,,,,взрослые,,125 мл,,,
14593,435,ЛОРНОКСЕФ ТАБЛ. П/ПЛЕН/ОБ. 8МГ №10 | ФАРМПРОЕКТ АО | ФАРМПРОЕКТ АО,drug,,0.9,"Товар является лекарственным препаратом (drug), поэтому все фармацевтические атрибуты применимы. На основе текста определены МНН (лорноксикам), торговое наименование, форма выпуска, дозировка и упаковка. Препарат отпускается по рецепту.",True,,pending_fallback,direction_select,,semantic_primary,success,перорально,"таблетки, покрытые пленочной оболочкой",взрослые,Лорноксикам,,Лорноксеф,,rx,,Нестероидные противовоспалительные препараты,,перорально,,таблетки,,8 мг,,взрослые,,10 таблеток,,,
14664,435,ЛОРА СЫВОРОТКА МЕЗОЭФФЕКТ 30Г | ЭВАЛАР ЗАО | ЭВАЛАР ЗАО,cosmetic_hygiene,,0.8,"Товар относится к категории косметика и гигиена (cosmetic_hygiene). Для данного типа товара применимы только бренд, возрастной сегмент и подсказка по упаковке, остальные фармацевтические атрибуты не применимы.",True,,pending_fallback,direction_select,,semantic_primary,success,,,,,,Эвалар,,,,,,не применимо,,не применимо,,,,не применимо,,30 г,,,
14668,435,ЛОРА КРЕМ ДЛЯ ЛИЦА АНТИВОЗРАСТНОЙ 30Г | ЭВАЛАР ЗАО | ЭВАЛАР ЗАО,cosmetic_hygiene,,0.85,"Товар относится к категории косметических средств (cosmetic_hygiene). Для данного типа продукта применимы только бренд, возрастной сегмент и упаковка, остальные фармацевтические атрибуты не используются.",True,,pending_fallback,direction_select,,semantic_primary,success,,,взрослый,,,Эвалар,,,,,,не применимо,,не применимо,,,,взрослые,,30 г,,,
14679,435,ЛОПЕРАМИД ТАБЛ. 2МГ №30 ОЗОН | ОЗОН ООО | ОЗОН ООО,drug,,0.9,"Товар является лекарственным средством (drug) с полным набором применимых атрибутов. На основе названия определены МНН, форма выпуска, дозировка и показание. Упаковка содержит 30 таблеток.",True,,pending_fallback,direction_select,,semantic_primary,success,внутрь,таблетки,взрослые,Лоперамид,,,,otc,,Диарея,,перорально,,таблетки,,2 мг,,взрослые,,30 таблеток,,,
14719,435,"ЛОКОИД КРЕЛО ЭМУЛЬСИЯ Д/НАРУЖ. ПРИМ. 0,1% ФЛ. 30Г | ТЕММЛЕР ИТАЛИА С.Р.Л | ТЕММЛЕР ИТАЛИА С.Р.Л",drug,,0.9,"Препарат Локоид Крело является лекарственным средством (drug) для наружного применения. На основе текста определены МНН (гидрокортизон), бренд, форма выпуска, дозировка и показание. Возрастной сегмент и комбинированный состав не указаны.",True,,pending_fallback,direction_select,,semantic_primary,success,наружно,эмульсия,,Гидрокортизон,,Локоид,,rx,,Дерматит,,наружно,,,,"0,1%",,,,флакон 30 г,,,
14758,435,"ЛОЗАРТАН Н ТАБЛ. П/ПЛЕН/ОБ. 12,5МГ+100МГ №30 ОЗОН | ОЗОН ООО | ОЗОН ООО",drug,,0.9,Товар является лекарственным препаратом (drug) с комбинацией лозартана и гидрохлоротиазида. На основе названия и формы выпуска определены основные фармацевтические атрибуты.,True,,pending_fallback,direction_select,,semantic_primary,success,peroral,"таблетки, покрытые пленочной оболочкой",adult,Лозартан + Гидрохлоротиазид,,,,rx,,Артериальная гипертензия,,,,таблетки,,"12,5 мг + 100 мг",,взрослые,,30 таблеток,,комбинированный препарат,
14780,435,ЛОЗАРТАН-ВЕРТЕКС ТАБЛ. П/ПЛЕН/ОБ. 25МГ №30 | ВЕРТЕКС АО | ВЕРТЕКС АО,drug,,0.9,Товар является лекарственным препаратом (drug) с активным веществом лозартан. Атрибуты определены на основе названия и стандартной информации о препарате.,True,,pending_fallback,direction_select,,semantic_primary,success,перорально,"таблетки, покрытые пленочной оболочкой",взрослые,Лозартан,,Лозартан-Вертекс,,rx,,Гипертензия,,перорально,,таблетки,,25 мг,,взрослые,,30 таблеток,,,
14910,435,ЛИПОБЕЙЗ ГЕЛЬ ДЛЯ ДУША ЛИПИДОВОССТАНАВЛИВАЮЩИЙ ГИПОАЛЛЕРГЕННЫЙ Д/ДЕТЕЙ 0+ И ВЗРОСЛЫХ ФЛ. 400МЛ | ИНТЕЛБИО ООО | ИНТЕЛБИО ООО,cosmetic_hygiene,,0.9,"Товар относится к категории косметика и гигиена (гель для душа). Согласно профилю атрибутов, применимы только бренд, возрастной сегмент и упаковка, остальные фармацевтические поля не заполняются.",True,,pending_fallback,direction_select,,semantic_primary,success,,,дети 0+ и взрослые,,,ЛИПОБЕЙЗ,,,,,,не применимо,,не применимо,,,,универсальный,,флакон 400 мл,,,
14925,436,ЛИПОБЕЙЗ БЕБИ КРЕМ ДЕТСКИЙ ДЛЯ ТЕЛА 75МЛ | ЗЕЛЕНАЯ ДУБРАВА ЗАО | ЗЕЛЕНАЯ ДУБРАВА ЗАО,cosmetic_hygiene,,0.9,"Товар относится к категории косметика и гигиена (cosmetic_hygiene), поэтому фармацевтические атрибуты (МНН, рецептурность, нозология, форма выпуска и т.д.) неприменимы. Из доступных полей заполнены бренд, возрастной сегмент и объем упаковки.",True,,pending_fallback,direction_select,,semantic_primary,success,,,детский,,,Зеленая Дубрава,,,,,,не применимо,,не применимо,,,,дети,,75 мл,,,
15037,436,ЛИКОНТИН-НЕО МУЛЬТИ Р-Р ДЛЯ КОНТАКТНЫХ ЛИНЗ 60МЛ | МЕДСТАР НПФ ООО | МЕДСТАР НПФ ООО,medical_device,hygiene_like,0.9,"Товар относится к медицинским изделиям (гигиенический профиль), поэтому фармацевтические атрибуты (МНН, рецептурность, нозология, форма, дозировка) неприменимы. Указаны бренд и объем упаковки.",True,,pending_fallback,direction_select,,semantic_primary,success,,,,,,ЛИКОНТИН-НЕО МУЛЬТИ,,,,,,не применимо,,не применимо,,,,не применимо,,60 мл,,,
15062,436,ЛИЗИНОПРИЛ-ТЕВА ТАБЛ. 10МГ №30 Р-ФАРМ | Р-ФАРМ НОВОСЕЛКИ ООО | Р-ФАРМ НОВОСЕЛКИ ООО,drug,,0.9,"Товар является лекарственным препаратом (drug) с активным веществом лизиноприл, что подтверждается названием. Атрибуты соответствуют профилю применимости, указанному в подсказках.",True,,pending_fallback,direction_select,,semantic_primary,success,внутрь,таблетки,взрослые,Лизиноприл,,Лизиноприл-Тева,,rx,,Гипертония,,перорально,,таблетки,,10 мг,,взрослые,,30 таблеток,,,
15070,436,ЛИЗИНОПРИЛ ТАБЛ. 5МГ №30 БИОХИМИК | БИОХИМИК АО | БИОХИМИК АО,drug,,0.95,"Товар является лекарственным препаратом (drug) с действующим веществом лизиноприл, применяемым для лечения гипертонии. Все атрибуты применимы, так как профиль attr_profile разрешает их заполнение.",True,,pending_fallback,direction_select,,semantic_primary,success,внутрь,таблетки,взрослые,Лизиноприл,,Биохимик,,rx,,Гипертония,,перорально,,таблетки,,5 мг,,взрослые,,30 таблеток,,,
15076,436,ЛИЗИНОПРИЛ ТАБЛ. 20МГ №20 ПРАНАФАРМ | ПРАНАФАРМ ООО | ПРАНАФАРМ ООО,drug,,0.9,"Товар является лекарственным препаратом (drug) с активным веществом лизиноприл. Все атрибуты применимы, извлечены из названия и стандартных характеристик препарата.",True,,pending_fallback,direction_select,,semantic_primary,success,перорально,таблетки,взрослые,Лизиноприл,,Пранафарм,,rx,,Гипертензия,,перорально,,таблетки,,20 мг,,взрослые,,20 таблеток,,,
15128,436,ЛИЕРАК ОМ ГЕЛЬ ДЛЯ ЛИЦА И КОЖИ КОНТУРА ГЛАЗ УВЛАЖНЯЮЩИЙ ТОНИЗИРУЮЩИЙ ДЛЯ МУЖЧИН ТУБА 50МЛ | LABORATORIES LIERAC | LABORATORIES LIERAC,cosmetic_hygiene,,0.9,"Товар относится к категории косметика и гигиена (cosmetic_hygiene), поэтому фармацевтические атрибуты, такие как МНН, рецептурность, нозология, форма выпуска и дозировка, неприменимы. Из доступных данных определены бренд (LIERAC), возрастной сегмент (взрослые) и упаковка (туба 50 мл).",True,,pending_fallback,direction_select,,semantic_primary,success,,,adult,,,LIERAC,,,,,,не применимо,,не применимо,,,,взрослые,,tube 50 ml,,,
15150,436,ЛИДОКАИН БУФУС Р-Р Д/ИН. 100МГ/МЛ АМП. 2МЛ №10 ОБНОВЛЕНИЕ | ОБНОВЛЕНИЕ ПФК АО | ОБНОВЛЕНИЕ ПФК АО,drug,,0.9,"Товар является лекарственным средством (drug) с полным набором применимых атрибутов. На основе текста определены МНН, форма выпуска, дозировка и путь введения, однако бренд, возрастной сегмент и показания не указаны.",True,,pending_fallback,direction_select,,semantic_primary,success,инъекционно,раствор для инъекций,,Лидокаин,,,,rx,,,,инъекционное,,раствор,,100 мг/мл,,,,ампулы 2 мл №10,,,
15227,436,ЛИБРИДЕРМ СЕБОЦЕЛИН ШАМПУНЬ И БАЛЬЗАМ 2 В 1 ГИАЛУРОНОВЫЙ ПРОТИВ ПЕРХОТИ ДИКИЙ МАНДАРИН 400МЛ | БИОФАРМЛАБ ООО | БИОФАРМЛАБ ООО,cosmetic_hygiene,,0.9,"Товар относится к категории косметических средств (косметика и гигиена), поэтому фармацевтические атрибуты (МНН, рецептурность, нозология, форма выпуска, дозировка) неприменимы. Указаны бренд и объем упаковки.",True,,pending_fallback,direction_select,,semantic_primary,success,,,,,,ЛИБРИДЕРМ СЕБОЦЕЛИН,,,,,,не применимо,,не применимо,,,,не применимо,,400 мл,,,
15304,436,ЛИБРИДЕРМ ВИТАМИН Е КРЕМ-АНТИОКСИДАНТ ДЛЯ РУК 125МЛ | ДИНА+ ООО | ДИНА+ ООО,vitamin_or_baa,,0.85,"Товар относится к категории витаминов и БАД (product_kind: vitamin_or_baa). На основе названия определены бренд, форма выпуска (крем) и объем упаковки. Дозировка и возрастной сегмент не указаны, поэтому оставлены пустыми.",True,,pending_fallback,direction_select,,semantic_primary,success,наружно,крем,,Витамин E,,Либридерм,,,,Моно-витамины,,наружно,,крем,,,,универсальный,,125 мл,,,
15415,436,"ЛЕТОФАРМ ВИТАМИН С КАПС. ПО 0,7Г №90 | ЛЕТОФАРМ ООО | ЛЕТОФАРМ ООО",vitamin_or_baa,,0.9,"Товар относится к витаминам (витамин C), поэтому rx_otc не применим. Атрибуты mnn, nosology, administration_route, dosage_form, dosage, package_hint определены из названия. Возрастной сегмент и комбинация не указаны.",True,,pending_fallback,direction_select,,semantic_primary,success,перорально,капсулы,,Аскорбиновая кислота,,Летофарм,,,,Витамин C (аскорбиновая кислота),,перорально,,капсулы,,"0,7 г",,универсальный,,90 капсул,,,
15469,437,ЛЕСНОЙ БАЛЬЗАМ ОПОЛАСКИВАТЕЛЬ ДЛЯ ПОЛОСТИ РТА ДВУХФАЗНЫЙ С ОРГАНИЧЕСКИМИ МАСЛАМИ И АЛОЭ ФЛ. 250МЛ | ЮНИЛЕВЕР РУСЬ ООО | ЮНИЛЕВЕР РУСЬ ООО,cosmetic_hygiene,,0.9,"Товар относится к категории косметика и гигиена (cosmetic_hygiene), поэтому фармацевтические атрибуты, такие как МНН, рецептурность, нозология, форма выпуска и дозировка, неприменимы. Из доступных атрибутов определены бренд и упаковка.",True,,pending_fallback,direction_select,,semantic_primary,success,,,,,,Лесной бальзам,,,,,,не применимо,,не применимо,,,,не применимо,,флакон 250 мл,,,
15607,437,ЛЕЙКОПЛАСТЫРЬ МУЛЬТИПЛАСТ ФИКСИРУЮЩИЙ НА ТКАНЕВОЙ ОСНОВЕ 1Х500СМ ВАЛЕНТА | ВАЛЕНТА ФАРМ АО | ВАЛЕНТА ФАРМ АО,medical_device,clinical_like,0.8,"Товар относится к медицинским изделиям (клинический профиль), поэтому MNN, Rx/OTC, нозология и комбинационные подсказки не применимы. Указаны бренд, форма выпуска, путь введения и размер упаковки.",True,,pending_fallback,direction_select,,semantic_primary,success,наружно,пластырь,,,,Валента,,,,,,наружно,,пластырь,,,,,,1х500 см,,,
15622,437,ЛЕЙКОПЛАСТЫРЬ МУЛЬТИПЛАСТ МОЗОЛЬНЫЙ 6Х10СМ №1 | НОВОСИБХИМФАРМ АО | НОВОСИБХИМФАРМ АО,medical_device,clinical_like,0.8,"Товар относится к медицинским изделиям (клинический профиль). Атрибуты mnn, rx_otc, nosology и combination_hint не применимы, поэтому они установлены в null. Заполнены бренд, форма выпуска, путь введения и упаковка.",True,,pending_fallback,direction_select,,semantic_primary,success,наружно,пластырь,,,,МУЛЬТИПЛАСТ,,,,,,наружно,,пластырь,,,,,,6х10 см №1,,,
15623,437,ЛЕЙКОПЛАСТЫРЬ МУЛЬТИПЛАСТ МОЗОЛЬНЫЙ 2Х10СМ №1 | НОВОСИБХИМФАРМ АО | НОВОСИБХИМФАРМ АО,medical_device,clinical_like,0.8,"Товар относится к медицинским изделиям (клинический профиль), поэтому MNN, Rx/OTC, нозология и комбинационные подсказки неприменимы. Из названия извлечены бренд, форма выпуска и размер упаковки.",True,,pending_fallback,direction_select,,semantic_primary,success,наружно,пластырь,,,,МУЛЬТИПЛАСТ,,,,,,наружно,,пластырь,,,,,,2х10 см №1,,,
15667,437,ЛЕЙКОПЛАСТЫРЬ БАКТЕРИЦИДНЫЙ БЕЖЕВЫЙ №8 ВЕРОФАРМ | ВЕРОФАРМ ООО | ВЕРОФАРМ ООО,medical_device,clinical_like,0.85,"Товар относится к медицинским изделиям (клинический профиль). Бренд и форма выпуска указаны в названии, путь введения — наружно. Остальные фармацевтические атрибуты не применимы.",True,,pending_fallback,direction_select,,semantic_primary,success,наружно,пластырь,,,,ВЕРОФАРМ,,,,,,наружно,,пластырь,,,,,,8 шт,,,
15668,437,ЛЕЙКОПЛАСТЫРЬ БАКТЕРИЦИДНЫЙ 6Х10СМ №1 ВЕРОФАРМ | ВЕРОФАРМ ООО | ВЕРОФАРМ ООО,medical_device,clinical_like,0.85,"Товар относится к медицинским изделиям (клинический тип), поэтому поля mnn, rx_otc, nosology и combination_hint не применимы. Бренд, форма выпуска, размер и упаковка извлечены из названия.",True,,pending_fallback,direction_select,,semantic_primary,success,наружно,пластырь,,,,ВЕРОФАРМ,,,,,,наружно,,пластырь,,6х10 см,,,,1 шт,,,
15856,437,ЛАУМА ГОЛЬФЫ КОМПРЕССИОННЫЕ ЦЕЛЬНЫЕ 2 КЛАСС Р.4D НАТУРАЛЬНЫЙ | ООО лсэз лаума медикал | ООО лсэз лаума медикал,medical_device,clinical_like,0.8,"Товар является медицинским изделием (компрессионный трикотаж), поэтому фармацевтические атрибуты, такие как МНН, рецептурность и нозология, не применимы. Указаны бренд, форма выпуска, класс компрессии и возрастной сегмент.",True,,pending_fallback,direction_select,,semantic_primary,success,наружное применение,гольфы компрессионные,взрослые,,,Лаума,,,,,,наружно,,,,2 класс компрессии,,взрослые,,цельные,,,
15859,437,ЛАУМА ГОЛЬФЫ КОМПРЕССИОННЫЕ ЦЕЛЬНЫЕ 2 КЛАСС Р.2D ЧЕРНЫЙ | ООО лсэз лаума медикал | ООО лсэз лаума медикал,medical_device,clinical_like,0.85,"Товар является медицинским изделием (компрессионный трикотаж) с профилем clinical_like. Атрибуты mnn, rx_otc, nosology и combination_hint не применимы, остальные поля заполнены на основе текста.",True,,pending_fallback,direction_select,,semantic_primary,success,наружное применение,гольфы компрессионные,взрослые,,,Лаума,,,,,,наружно,,,,2 класс компрессии,,взрослые,,"цельные, 2D, черный",,,
15884,437,"ЛАУМА БИНТ МР ЭЛАСТИЧНЫЙ КОМПРЕССИОННЫЙ (МОДЕЛЬ 6) 8СМX1,5М | ООО лсэз лаума медикал | ООО лсэз лаума медикал",medical_device,clinical_like,0.8,"Товар является медицинским изделием (бинт эластичный компрессионный), поэтому MNN, rx_otc, nosology и combination_hint не применимы. Указаны бренд, форма выпуска и размер упаковки.",True,,pending_fallback,direction_select,,semantic_primary,success,наружно,бинт,,,,ЛАУМА,,,,,,наружно,,,,,,,,"8 см x 1,5 м",,,
16157,437,ЛАВЕРОН ДЛЯ МУЖЧИН 500МГ ТАБЛ. №3 | ВИТАМИННЫЙ РАЙ ООО | ВИТАМИННЫЙ РАЙ ООО,vitamin_or_baa,,0.7,"Товар относится к БАД (витаминно-минеральный комплекс), поэтому rx_otc не применим. Название указывает на мужскую аудиторию, форма и дозировка определены из текста, но точный состав неизвестен.",True,,pending_fallback,direction_select,,semantic_primary,success,перорально,таблетки,взрослые,,,Лаверон,,,,нутрицевтики,,перорально,,таблетки,,500 мг,,взрослые,,№3,,,
16272,438,КУРНОСИКИ ПРОРЕЗЫВАТЕЛЬ С ВОДОЙ КУКУРУЗА 4МЕС+ АРТ.23025 | МИР ДЕТСТВА/САН БОНД ИНТЕРНЕЙШНЛ | МИР ДЕТСТВА/САН БОНД ИНТЕРНЕЙШНЛ,medical_device,hygiene_like,0.9,"Товар относится к медицинским изделиям (hygiene_like), поэтому фармацевтические атрибуты не применимы. Извлечены только бренд, возрастной сегмент и упаковка.",True,,pending_fallback,direction_select,,semantic_primary,success,,,4мес+,,,Мир детства,,,,,,не применимо,,не применимо,,,,дети,,прорезыватель с водой,,,
16301,438,КУРНОСИКИ ВАТНЫЕ ПАЛОЧКИ ДЕТСКИЕ ПАКЕТ №100 АРТ.40052 | КОТТОН КЛАБ ООО | КОТТОН КЛАБ ООО,medical_device,hygiene_like,0.9,"Товар относится к медицинским изделиям (гигиенический профиль). Для данного типа товара применимы только бренд, возрастной сегмент и упаковка, остальные фармацевтические атрибуты не применимы.",True,,pending_fallback,direction_select,,semantic_primary,success,,,детский,,,Курносики,,,,,,не применимо,,не применимо,,,,дети,,пакет №100,,,
16464,438,КРЯ-КРЯ ШАМПУНЬ ДЕТСКИЙ ДЛЯ МАЛЬЧИКОВ С ВИТАМИНОМ F КЛАССИЧЕСКИЙ АРОМАТ 250МЛ | Медикомед НПФ ООО | Медикомед НПФ ООО,cosmetic_hygiene,,0.9,"Товар относится к категории косметика и гигиена, поэтому фармацевтические атрибуты (МНН, рецептурность, нозология, форма выпуска, дозировка) неприменимы. Извлечены только бренд, возрастной сегмент и объем упаковки.",True,,pending_fallback,direction_select,,semantic_primary,success,,,детский,,,КРЯ-КРЯ,,,,,,не применимо,,не применимо,,,,дети,,250 мл,,,
16472,438,КРЯ-КРЯ МЫЛО ЖИДКОЕ ДЕТСКОЕ ДЛЯ САМЫХ МАЛЕНЬКИХ С ВИТАМИНОМ F КЛАССИЧЕСКИЙ АРОМАТ 200МЛ | Медикомед НПФ ООО | Медикомед НПФ ООО,cosmetic_hygiene,,0.9,"Товар относится к категории косметика и гигиена (детское жидкое мыло). Для данного типа товара применимы только бренд, возрастной сегмент и упаковка, остальные фармацевтические атрибуты не применимы.",True,,pending_fallback,direction_select,,semantic_primary,success,,,дети,,,КРЯ-КРЯ,,,,,,не применимо,,не применимо,,,,дети,,200 мл,,,
16478,438,КРЯ-КРЯ КРЕМ ДЕТСКИЙ СОЛНЦЕЗАЩИТНЫЙ КАЛЕНДУЛА SPF50 50МЛ | Весна | Весна,cosmetic_hygiene,,0.9,"Товар относится к категории косметика и гигиена (cosmetic_hygiene), поэтому фармацевтические атрибуты (МНН, рецептурность, форма выпуска и др.) неприменимы. Из доступных полей заполнены бренд, возрастной сегмент и объем упаковки.",True,,pending_fallback,direction_select,,semantic_primary,success,,,детский,,,КРЯ-КРЯ,,,,,,не применимо,,не применимо,,,,дети,,50 мл,,,
16485,438,КРУШИНЫ КОРА Ф/П 2Г №20 ФИТО-БОТ | ФИТО-БОТ ФИРМА ООО | ФИТО-БОТ ФИРМА ООО,drug,,0.8,"Товар является лекарственным растительным средством (слабительное), поэтому заполнены фармацевтические атрибуты. Дозировка и форма указаны в названии, возрастной сегмент предположительно взрослые.",True,,pending_fallback,direction_select,,semantic_primary,success,per os,кора,взрослые,,,ФИТО-БОТ,,otc,,Запор,,перорально,,фильтр-пакеты,,2 г,,взрослые,,20 пакетов,,,
16533,438,КРЕМ ДЕТСКИЙ ЛЕГКИЙ УВЛАЖНЯЮЩИЙ 75МЛ | АВАНТА ТРЕЙДИНГ | АВАНТА ТРЕЙДИНГ,cosmetic_hygiene,,0.9,"Товар относится к категории косметика и гигиена, поэтому фармацевтические атрибуты (МНН, рецептурность, нозология, форма выпуска и дозировка) неприменимы. Из названия извлечены бренд, возрастной сегмент (детский) и объем упаковки.",True,,pending_fallback,direction_select,,semantic_primary,success,,,детский,,,АВАНТА ТРЕЙДИНГ,,,,,,не применимо,,не применимо,,,,дети,,75 мл,,,
16534,438,КРЕМ ДЕТСКИЙ BONA MENTE! УВЛАЖНЯЮЩИЙ 75МЛ | ЗЕЛЕНАЯ ДУБРАВА ЗАО | ЗЕЛЕНАЯ ДУБРАВА ЗАО,cosmetic_hygiene,,0.9,"Товар относится к категории косметика и гигиена (cosmetic_hygiene), поэтому фармацевтические атрибуты (МНН, рецептурность, нозология, форма выпуска, дозировка) неприменимы. Из доступных полей определены бренд, возрастной сегмент и объем упаковки.",True,,pending_fallback,direction_select,,semantic_primary,success,,,детский,,,Bona Mente,,,,,,не применимо,,не применимо,,,,дети,,75 мл,,,
16623,438,КОФЕИН-БЕНЗОАТ НАТРИЯ ТАБЛ. 100МГ №10 ТАТХИМФАРМПРЕПАРАТЫ | ТАТХИМФАРМПРЕПАРАТЫ АО | ТАТХИМФАРМПРЕПАРАТЫ АО,drug,,0.85,Товар является лекарственным препаратом (drug) с действующим веществом кофеин. Атрибуты определены на основе названия и стандартных характеристик препарата.,True,,pending_fallback,direction_select,,semantic_primary,success,per os,таблетки,взрослые,Кофеин,,Кофеин-бензоат натрия,,rx,,Астения,,перорально,,таблетки,,100 мг,,взрослые,,№10,,,
16663,438,КОРНАМ ТАБЛ. 2МГ №20 | ЛЕК Д.Д. | ЛЕК Д.Д.,other,,0.7,"Товар относится к категории 'other', поэтому большинство фармацевтических атрибутов неприменимы. Из названия извлечены бренд 'Корнам' и количество в упаковке '20 таблеток'.",True,,pending_fallback,direction_select,,semantic_primary,success,,,,,,Корнам,,,,,,не применимо,,не применимо,,,,не применимо,,20 таблеток,,,
16769,439,КОНТУР TS ТЕСТ-ПОЛОСКИ №25 | АСЦЕНЗИЯ ДИАБИТИС КЕА ХОЛДИНГС АГ | АСЦЕНЗИЯ ДИАБИТИС КЕА ХОЛДИНГС АГ,medical_device,clinical_like,0.8,"Товар является медицинским изделием (тест-полоски для глюкометра). Атрибуты mnn, rx_otc, nosology и combination_hint не применимы, поэтому они установлены в null. Заполнены brand, administration_route, dosage_form и package_hint на основе информации из названия.",True,,pending_fallback,direction_select,,semantic_primary,success,наружно,тест-полоски,,,,Контур TS,,,,,,наружно,,,,,,,,25 штук,,,
17019,439,КОМПАС ЗДОРОВЬЯ ЦИНК КАПС. ПО 380МГ №30 | КОМПАС ЗДОРОВЬЯ НПО ООО | КОМПАС ЗДОРОВЬЯ НПО ООО,vitamin_or_baa,,0.85,"Товар относится к категории витаминов/БАД, поэтому rx_otc не применим. На основе названия определены действующее вещество (цинк), форма выпуска (капсулы) и дозировка (380 мг). Возрастной сегмент и комбинированный состав не указаны.",True,,pending_fallback,direction_select,,semantic_primary,success,перорально,капсулы,,Цинк,,Компас Здоровья,,,,нутрицевтики,,перорально,,капсулы,,380 мг,,универсальный,,30 капсул,,,
17055,439,КОМАРОФФ ЛОСЬОН-СПРЕЙ ОТ КОМАРОВ ФЛ. 100МЛ | ХИМИК ОАО | ХИМИК ОАО,cosmetic_hygiene,,0.9,"Товар относится к категории косметика/гигиена (лосьон-спрей от комаров). Согласно профилю атрибутов, заполнены только бренд и упаковка, остальные фармацевтические поля неприменимы.",True,,pending_fallback,direction_select,,semantic_primary,success,,,,,,КОМАРОФФ,,,,,,не применимо,,не применимо,,,,не применимо,,фл. 100мл,,,
17071,439,КОЛЛАГЕН УЛЬТРА ПОР. 8Г ПАК. №7 | АЛИНА ФАРМА | АЛИНА ФАРМА,other,,0.7,"Товар относится к категории 'other', поэтому большинство фармацевтических атрибутов неприменимы. Из доступных полей заполнены бренд и упаковка.",True,,pending_fallback,direction_select,,semantic_primary,success,,,,,,АЛИНА ФАРМА,,,,,,не применимо,,не применимо,,,,не применимо,,"порошок в пакетиках, 7 штук",,,
17372,439,КЛИНСА ГОРЧИЧНИК-КОМПРЕСС СОГРЕВАЮЩИЙ №20 | ОНИКС ООО | ОНИКС ООО,medical_device,clinical_like,0.7,"Товар относится к медицинским изделиям (клинический тип), поэтому MNN, рецептурность, нозология и комбинированный признак неприменимы. Указаны форма выпуска, путь введения и размер упаковки, бренд определен по названию производителя.",True,,pending_fallback,direction_select,,semantic_primary,success,наружно,горчичник-компресс,,,,ОНИКС,,,,,,наружно,,,,,,,,20 шт,,,
17516,439,КЛАРИТРОМИЦИН-OBL ТАБЛ. П/ПЛЕН/ОБ. 500МГ №7 АЛИУМ | АЛИУМ АО | АЛИУМ АО,drug,,0.9,"Товар является лекарственным препаратом (drug) с действующим веществом кларитромицин. Атрибуты mnn, dosage_form, dosage и package_hint определены из текста, rx_otc установлен как рецептурный, остальные поля не указаны.",True,,pending_fallback,direction_select,,semantic_primary,success,,"таблетки, покрытые пленочной оболочкой",,Кларитромицин,,,,rx,,,,,,таблетки,,500 мг,,,,7 таблеток,,,
17578,439,КИНЕЗИО-ТЕЙП КИНЕКСИБ ПРО БИНТ АДГЕЗИВНЫЙ С УСИЛ. ФИКСАЦИЕЙ 5МХ5СМ СИНИЙ | WINNER INDUSTRIES SHENZHEN CO | WINNER INDUSTRIES SHENZHEN CO,medical_device,clinical_like,0.8,"Товар относится к медицинским изделиям (клинический тип), поэтому поля mnn, rx_otc, nosology и combination_hint не применимы. Указаны форма выпуска, размер и способ применения, бренд определен из названия.",True,,pending_fallback,direction_select,,semantic_primary,success,наружно,бинт адгезивный,,,,КИНЕКСИБ ПРО,,,,,,наружно,,,,5мх5см,,,,5м,,,
17666,439,КЕТОПРОФЕН-АКОС ГЕЛЬ Д/НАРУЖ. ПРИМ. 5% ТУБА 30Г | СИНТЕЗ | СИНТЕЗ,drug,,0.9,"Товар является лекарственным препаратом (drug) с полным набором применимых атрибутов. На основе названия определены МНН, бренд, форма выпуска, дозировка и путь введения. Препарат отпускается по рецепту.",True,,pending_fallback,direction_select,,semantic_primary,success,наружно,гель,взрослые,Кетопрофен,,Кетопрофен-АКОС,,rx,,Боль костно-мышечная,,наружно,,гель,,5%,,взрослые,,туба 30 г,,,
17728,439,"КЕДРОВЫЕ ЛЕДЕНЦЫ С ЖИВИЦОЙ И ПРОПОЛИСОМ СО ВКУСОМ ШАЛФЕЯ ПО 3,2Г №10 | ЭКОЛ ООО | ЭКОЛ ООО",other,,0.7,"Товар относится к категории 'other' (не лекарство, не БАД, не медизделие). Согласно профилю атрибутов, применимы только brand, age_segment и package_hint; остальные поля не заполняются. Из текста извлечён только package_hint.",True,,pending_fallback,direction_select,,semantic_primary,success,,,,,,,,,,,,не применимо,,не применимо,,,,не применимо,,"10 леденцов по 3,2 г",,,
17849,439,КАРИПАИН SCAR ГЕЛЬ ФЕРМЕНТНЫЙ ДЛЯ КОЖИ ТУБА 40МЛ | АС-КОМ НПК ООО | АС-КОМ НПК ООО,other,,0.7,"Товар относится к категории 'other' (косметический гель для кожи). Согласно профилю атрибутов, применимы только бренд, возрастной сегмент и подсказка по упаковке. Фармацевтические атрибуты (МНН, рецептурность, нозология и др.) не применимы.",True,,pending_fallback,direction_select,,semantic_primary,success,,,,,,КАРИПАИН SCAR,,,,,,не применимо,,не применимо,,,,не применимо,,туба 40 мл,,,
17884,440,КАРДИОЛИП ТАБЛ. П/ПЛЕН/ОБ. 10МГ №90 | АЛСИ ФАРМА ЗАО | АЛСИ ФАРМА ЗАО,drug,,0.7,"Товар относится к категории drug, поэтому фармацевтические атрибуты применимы. Название и форма выпуска позволяют определить бренд, путь введения, лекарственную форму и дозировку, но МНН и нозология не указаны в тексте.",True,,pending_fallback,direction_select,,semantic_primary,success,внутрь,"таблетки, покрытые пленочной оболочкой",,,,Кардиолип,,,,,,перорально,,таблетки,,10 мг,,,,90 таблеток,,,
17886,440,КАРДИОЛИП ТАБЛ. П/ПЛЕН/ОБ. 10МГ №30 | АЛСИ ФАРМА ЗАО | АЛСИ ФАРМА ЗАО,drug,,0.7,"Товар относится к категории drug, поэтому большинство фармацевтических атрибутов применимы. Однако из-за отсутствия дополнительной информации о действующем веществе и рецептурном статусе, эти поля оставлены пустыми.",True,,pending_fallback,direction_select,,semantic_primary,success,внутрь,"таблетки, покрытые пленочной оболочкой",,,,Кардиолип,,,,,,перорально,,таблетки,,10 мг,,,,30 таблеток,,,
18020,440,КАНПОЛ BABIES ТРУСИКИ ДЛЯ МАМЫ ОДНОРАЗ. Р.M №5 9/598 | КАНПОЛ СП. З О.О. СКА | КАНПОЛ СП. З О.О. СКА,medical_device,hygiene_like,0.7,"Товар относится к медицинским изделиям (гигиенический профиль), поэтому фармацевтические атрибуты не применимы. Указаны возрастной сегмент и количество в упаковке.",True,,pending_fallback,direction_select,,semantic_primary,success,,,детский,,,,,,,,,не применимо,,не применимо,,,,дети,,5 штук,,,
18082,440,КАНПОЛ BABIES КЛЕЕНКА НА КРОВАТЬ 120СМХ50СМ 10/100 | КАНПОЛ СП. З О.О. СКА | КАНПОЛ СП. З О.О. СКА,medical_device,hygiene_like,0.9,"Товар относится к медицинским изделиям (гигиенический профиль), поэтому фармацевтические атрибуты не применимы. Из текста извлечены бренд, возрастной сегмент и упаковка.",True,,pending_fallback,direction_select,,semantic_primary,success,,,babies,,,КАНПОЛ,,,,,,не применимо,,не применимо,,,,не применимо,,10/100,,,
18125,440,КАНДЕСАРТАН ТАБЛ. 16МГ №28 БЕРЕЗОВСКИЙ ФЗ | БЕРЕЗОВСКИЙ ФЗ | БЕРЕЗОВСКИЙ ФЗ,drug,,0.85,"Товар является лекарственным препаратом (drug), поэтому все фармацевтические атрибуты применимы. На основе названия определены МНН, форма выпуска, дозировка и упаковка. Возрастной сегмент и способ применения предположительны.",True,,pending_fallback,direction_select,,semantic_primary,success,перорально,таблетки,взрослые,Кандесартан,,,,rx,,Гипертензия,,перорально,,таблетки,,16 мг,,взрослые,,28 таблеток,,,
18159,440,КАМЕСПРЕЙ ЭКСПЕРТБИО СРЕДСТВО ГИГИЕНЫ ПОЛОСТИ РТА СПРЕЙ 50МЛ | ЭКСПЕРТБИО ООО | ЭКСПЕРТБИО ООО,cosmetic_hygiene,,0.9,"Товар относится к категории косметических средств гигиены (средство гигиены полости рта). Для данного типа товара применимы только бренд и упаковка, остальные фармацевтические атрибуты не применимы.",True,,pending_fallback,direction_select,,semantic_primary,success,,,,,,КАМЕСПРЕЙ ЭКСПЕРТБИО,,,,,,не применимо,,не применимо,,,,не применимо,,50 мл,,,
18163,440,КАМЕЛОКС ГЕЛЬ С СИЛИКОНОМ 15Г | ВЕРТЕКС АО | ВЕРТЕКС АО,other,,0.7,"Товар относится к категории 'other' (не лекарство, не БАД, не медизделие). Согласно профилю атрибутов, заполнены только бренд и упаковка, остальные фармацевтические поля неприменимы.",True,,pending_fallback,direction_select,,semantic_primary,success,,,,,,КАМЕЛОКС,,,,,,не применимо,,не применимо,,,,не применимо,,15 г,,,
18179,440,КАЛЬЦИЯ ГЛЮКОНАТ ЭКО ТАБЛ. ПО 500МГ №10 | ЭКОТЕКС ООО | ЭКОТЕКС ООО,drug,,0.9,"Товар является лекарственным препаратом (drug), поэтому все фармацевтические атрибуты применимы. На основе названия определены МНН, форма выпуска, дозировка и упаковка. Возрастной сегмент и комбинированный характер не указаны.",True,,pending_fallback,direction_select,,semantic_primary,success,внутрь,таблетки,,Кальция глюконат,,,,Без рецепта,,Гипокальциемия,,перорально,,таблетки,,500 мг,,,,10 таблеток,,,
18218,440,КАЛЬЦИЙ-Д3 ТАБЛ. ЖЕВ. МАССОЙ 1600МГ СО ВКУСОМ АПЕЛЬСИНА №60 | ФАРМАЦЕВТИЧЕСКАЯ ФАБРИКА ООО | ФАРМАЦЕВТИЧЕСКАЯ ФАБРИКА ООО,vitamin_or_baa,,0.85,"Товар относится к витаминно-минеральным комплексам (витамин или БАД), поэтому rx_otc не применим. На основе названия определены действующие вещества (кальций и витамин D3), форма выпуска и дозировка. Возрастной сегмент и бренд не указаны.",True,,pending_fallback,direction_select,,semantic_primary,success,перорально,таблетки жевательные,,Кальция карбонат + Колекальциферол,,,,,,Кальций,,перорально,,таблетки жевательные,,1600 мг,,универсальный,,60 таблеток,,комбинированный,
18306,440,КАЛЕНДУЛЫ НАСТОЙКА ФЛ. 25МЛ ИВАНОВСКАЯ ФФ | ИВАНОВСКАЯ ФФ | ИВАНОВСКАЯ ФФ,drug,,0.85,"Товар является лекарственным средством на основе календулы, применяемым для полосканий. Атрибуты определены на основе названия и типовой информации о данной настойке.",True,,pending_fallback,direction_select,,semantic_primary,success,местно,настойка,,Календулы лекарственной цветков настойка,,Ивановская ФФ,,otc,,Растительные средства для полосканий,,,,,,,,,,флакон 25 мл,,,
18377,441,ЙОД Р-Р Д/НАРУЖ. ПРИМ. СПИРТ. 5% ФЛ. 25МЛ ГИППОКРАТ | ГИППОКРАТ | ГИППОКРАТ,drug,,0.9,"Товар является лекарственным средством (drug) с действующим веществом йод, применяемым наружно как антисептик. Атрибуты определены на основе названия и стандартных характеристик препарата.",True,,pending_fallback,direction_select,,semantic_primary,success,наружно,раствор для наружного применения,,Йод,,Гиппократ,,otc,,Антисептики для кожи и слизистых,,наружно,,раствор,,5%,,,,флакон 25 мл,,,
18400,441,ЙОДИНОЛ Р-Р Д/МЕСТН. И НАРУЖ. ПРИМ. ФЛ. ПОЛИМЕР. 100МЛ САМАРАМЕДПРОМ | САМАРАМЕДПРОМ ОАО | САМАРАМЕДПРОМ ОАО,drug,,0.85,"Товар является лекарственным средством (drug) с действующим веществом йод. Атрибуты mnn, nosology, administration_route, dosage_form, package_hint определены из текста, rx_otc — по типу препарата. Дозировка и возрастной сегмент не указаны, поэтому null.",True,,pending_fallback,direction_select,,semantic_primary,success,местно и наружно,раствор для местного и наружного применения,,Йод,,,,otc,,Антисептики для кожи и слизистых,,наружно,,раствор,,,,,,флакон полимерный 100 мл,,,
18418,441,ЙОВИДОКС МАЗЬ Д/НАРУЖ. ПРИМ. 10% ТУБА 20Г | Тульская фармацевтическая фабрика ООО | Тульская фармацевтическая фабрика ООО,drug,,0.7,"Товар является лекарственным средством для наружного применения. Из текста извлечены форма выпуска (мазь), дозировка (10%) и упаковка (туба 20 г), остальные атрибуты не определены.",True,,pending_fallback,direction_select,,semantic_primary,success,наружно,мазь,,,,,,,,,,наружно,,мазь,,10%,,,,туба 20 г,,,
18473,441,ИТОПРИД ВЕЛФАРМ ТАБЛ. П/ПЛЕН/ОБ. 50МГ №40 | ВЕЛФАРМ ООО | ВЕЛФАРМ ООО,drug,,0.9,"Товар является лекарственным препаратом (drug), поэтому все фармацевтические атрибуты применимы. На основе текста определены МНН, бренд, форма выпуска, дозировка и упаковка.",True,,pending_fallback,direction_select,,semantic_primary,success,перорально,"таблетки, покрытые пленочной оболочкой",взрослые,Итоприд,,Велфарм,,rx,,Тошнота и рвота,,перорально,,таблетки,,50 мг,,взрослые,,40 таблеток,,,
18482,441,ИСЛАНДСКИЙ МОХ ЧАЙНЫЙ НАПИТОК 40Г ЛЕКРА-СЭТ | ЛЕКРА-СЭТ ООО | ЛЕКРА-СЭТ ООО,other,,0.7,"Товар относится к категории 'other' (продукт, не являющийся лекарством, витамином, БАДом или медизделием). Согласно профилю атрибутов, заполнены только бренд и упаковка, остальные фармацевтические поля не применимы.",True,,pending_fallback,direction_select,,semantic_primary,success,,,,,,ЛЕКРА-СЭТ,,,,,,не применимо,,не применимо,,,,не применимо,,40 г,,,
18542,441,ИНФЛАСИНУСАНС КАПС. 445МГ №15 | ВТФ ООО | ВТФ ООО,other,,0.6,"Товар относится к категории 'other', для которой большинство фармацевтических атрибутов не применимы. Из доступных данных можно определить только количество капсул в упаковке.",True,,pending_fallback,direction_select,,semantic_primary,success,,,,,,,,,,,,не применимо,,не применимо,,,,не применимо,,15 капсул,,,
18565,441,ИНТЕКС ПОЯС ЭЛАСТИЧНЫЙ ПРОТИВОРАДИКУЛИТНЫЙ Р.3 (M) | ИНТЕРТЕКСТИЛЬ КОРП. ООО | ИНТЕРТЕКСТИЛЬ КОРП. ООО,medical_device,clinical_like,0.7,"Товар является медицинским изделием (пояс эластичный противорадикулитный), поэтому поля mnn, rx_otc, nosology и combination_hint не применимы. Указаны допустимые атрибуты: бренд, форма выпуска, путь введения и возрастной сегмент.",True,,pending_fallback,direction_select,,semantic_primary,success,наружно,пояс эластичный,взрослые,,,ИНТЕКС,,,,,,наружно,,,,,,взрослые,,1 шт.,,,
18621,441,ИНОЗИТ+ФОЛИЕВАЯ КИСЛОТА КАПС. ПО 520МГ №60 | ГРИН САЙД ООО | ГРИН САЙД ООО,vitamin_or_baa,,0.85,"Товар относится к витаминам и БАДам, поэтому rx_otc не применим. На основе названия определены действующие вещества (инозит и фолиевая кислота), форма выпуска и дозировка. Возрастной сегмент не указан.",True,,pending_fallback,direction_select,,semantic_primary,success,перорально,капсулы,,Комплекс,,,,,,Комплексные профили,,перорально,,капсулы,,520 мг,,универсальный,,60 капсул,,Инозит + фолиевая кислота,
18761,441,ИММУНО РАСТВОР ДЛЯ ДЕТЕЙ ТОВАРНОГО ЗНАКА ВЕТОРОН 20МЛ | ВТФ ООО | ВТФ ООО,other,,0.7,"Товар относится к категории 'other', поэтому большинство фармацевтических атрибутов неприменимы. Из названия извлечены бренд 'Веторон', возрастной сегмент 'детский' и объем упаковки '20 мл'.",True,,pending_fallback,direction_select,,semantic_primary,success,,,детский,,,Веторон,,,,,,не применимо,,не применимо,,,,дети,,20 мл,,,
18787,441,ИКЕНА САЛФЕТКИ ВЛАЖНЫЕ АНТИБАКТЕРИАЛЬНЫЕ МОРСКОЙ БРИЗ №15 АВАНГАРД | ///АВАНГАРД ООО | ///АВАНГАРД ООО,other,,0.7,"Товар относится к категории 'other' (влажные салфетки). Согласно профилю атрибутов, применимы только бренд и упаковка, остальные фармацевтические поля не заполняются.",True,,pending_fallback,direction_select,,semantic_primary,success,,,,,,Авангард,,,,,,не применимо,,не применимо,,,,не применимо,,15 салфеток,,,
18791,442,ИКЕНА ПЕЛЕНКИ ВПИТЫВАЮЩИЕ ОДНОРАЗОВЫЕ СУПЕР 60Х90СМ №10 | ПЕЛИГРИН МАТЕН ООО | ПЕЛИГРИН МАТЕН ООО,medical_device,hygiene_like,0.8,"Товар относится к медицинским изделиям (гигиенический тип), поэтому большинство фармацевтических атрибутов неприменимы. Указано количество в упаковке (10 штук), что отражено в package_hint. Бренд и возрастной сегмент не определены из текста.",True,,pending_fallback,direction_select,,semantic_primary,success,,,,,,,,,,,,не применимо,,не применимо,,,,не применимо,,10 штук,,,
18830,442,ИЗЖОГАНЕТ АНТАЦИДНЫЙ КОМПЛЕКС СО ВКУСОМ МЯТЫ ТАБЛ. 600МГ №40 | ГРИН САЙД ООО | ГРИН САЙД ООО,drug,,0.85,"Товар является лекарственным средством (drug) для лечения изжоги, что подтверждается названием и формой выпуска. Атрибуты соответствуют профилю drug, все поля применимы. MNN не указан, поэтому оставлен null.",True,,pending_fallback,direction_select,,semantic_primary,success,внутрь,таблетки,взрослые,,,ИЗЖОГАНЕТ,,otc,,Изжога,,перорально,,таблетки,,600 мг,,взрослые,,№40,,антацидный комплекс,
18925,442,ИБУПРОФЕН ВЕЛФАРМ ТАБЛ. П/ПЛЕН/ОБ. 400МГ №30 УРАЛБИОФАРМ | УРАЛБИОФАРМ ОАО | УРАЛБИОФАРМ ОАО,drug,,0.95,"Товар является лекарственным препаратом (drug) с действующим веществом ибупрофен, форма выпуска и дозировка указаны в названии. Препарат отпускается без рецепта, предназначен для взрослых, применяется внутрь.",True,,pending_fallback,direction_select,,semantic_primary,success,внутрь,"таблетки, покрытые пленочной оболочкой",взрослые,Ибупрофен,,Велфарм,,otc,,Боль и температура,,перорально,,таблетки,,400 мг,,взрослые,,30 таблеток,,,
19127,442,ЗЕЛЕНЫЙ АЛТАЙ ПРОПОЛИСНЫЙ СПРЕЙ С ЭКСТРАКТОМ ШАЛФЕЯ 50МЛ | АЛТАЙ КОСМЕТИК ГРУП ПФК ООО | АЛТАЙ КОСМЕТИК ГРУП ПФК ООО,other,,0.7,"Товар относится к категории 'other' согласно product_kind. Атрибуты mnn, rx_otc, nosology, administration_route, dosage_form, dosage и combination_hint не применимы, поэтому возвращены null. Заполнены только brand и package_hint на основе названия и объема.",True,,pending_fallback,direction_select,,semantic_primary,success,,,,,,Зеленый Алтай,,,,,,не применимо,,не применимо,,,,не применимо,,50 мл,,,
19156,442,ЗДРАВСИТИ КОМПЛЕКС ЭКСТРАКТОВ РАСТОРОПШИ И ОВСА КАПС. 400МГ №30 | ЭКОФАРМ НПЦ ООО | ЭКОФАРМ НПЦ ООО,vitamin_or_baa,,0.8,"Товар относится к категории БАД (нутрицевтики), поэтому rx_otc не применим. Название и форма выпуска позволяют определить бренд, путь введения, лекарственную форму, дозировку и состав, но возрастной сегмент и МНН не указаны.",True,,pending_fallback,direction_select,,semantic_primary,success,внутрь,капсулы,,,,ЗДРАВСИТИ,,,,нутрицевтики,,перорально,,капсулы,,400 мг,,универсальный,,30 капсул,,комплекс экстрактов расторопши и овса,
19170,442,ЗДРАВСИТИ ВИТАМИННО-МИНЕРАЛЬНЫЙ КОМПЛЕКС ОТ А ДО ZN ДЛЯ ЖЕНЩИН 1250МГ ТАБЛ. №30 | ВТФ ООО | ВТФ ООО,vitamin_or_baa,,0.85,"Товар относится к категории витаминов и БАД, поэтому rx_otc не применим. На основе названия определены форма выпуска, дозировка и возрастной сегмент.",True,,pending_fallback,direction_select,,semantic_primary,success,перорально,таблетки,взрослые,Комплекс,,ЗДРАВСИТИ,,,,комплексные профили,,перорально,,таблетки,,1250 мг,,взрослые,,30 таблеток,,витаминно-минеральный комплекс,
19198,442,ЗВЕРОБОЯ ТРАВА 50Г ФИТОФАРМ | ФИТОФАРМ ООО | ФИТОФАРМ ООО,drug,,0.8,"Товар относится к категории лекарственных трав (drug, семейство 'Травы'). На основе названия и подсказок определены основные атрибуты: действующее вещество, форма выпуска, путь введения и упаковка. Дозировка и возрастной сегмент не указаны, поэтому оставлены пустыми.",True,,pending_fallback,direction_select,,semantic_primary,success,внутрь,трава,,Зверобоя трава,,Фитофарм,,otc,,Растительные седативные монокомпонентные,,перорально,,,,,,,,50 г,,,
19331,442,"ЖЕЛЕЗО+В КОМПЛЕКС КАПС. 0,45Г №30 | ФАРМАКОР ПРОДАКШН ООО | ФАРМАКОР ПРОДАКШН ООО",vitamin_or_baa,,0.7,"Товар относится к категории витаминов/БАД, поэтому rx_otc не применим. На основе названия определены действующее вещество (железо), форма выпуска (капсулы), дозировка и количество в упаковке. Возрастной сегмент не указан.",True,,pending_fallback,direction_select,,semantic_primary,success,перорально,капсулы,,Железо,,,,,,нутрицевтики,,перорально,,капсулы,,"0,45 г",,универсальный,,30 капсул,,комплексный препарат,
19338,442,ЖГУТ МЕДЕРЕН С ПЛАСТИКОВЫМ ФИКСИРУЮЩИМ МЕХАНИЗМОМ ДЛЯ ВЗРОСЛЫХ ГОЛУБОЙ | MEDEREN NEOTECH LTD | MEDEREN NEOTECH LTD,medical_device,clinical_like,0.8,"Товар является медицинским изделием (жгут) с клиническим профилем. Бренд указан как MEDEREN, форма выпуска — жгут, возрастной сегмент — взрослые. Поля mnn, rx_otc, nosology и combination_hint не применимы для данного типа продукта.",True,,pending_fallback,direction_select,,semantic_primary,success,наружно,жгут,взрослые,,,MEDEREN,,,,,,наружно,,,,,,взрослые,,1 шт,,,
19368,442,ДЮФАЛАК СИРОП 667МГ/МЛ ПАК. 15МЛ №10 | ЭББОТ БИОЛОДЖИКАЛЗ Б.В./ВЕРОФАРМ АО | ЭББОТ БИОЛОДЖИКАЛЗ Б.В./ВЕРОФАРМ АО,drug,,0.95,Товар является лекарственным препаратом (drug) с действующим веществом лактулоза. Атрибуты определены на основе названия и информации о производителе.,True,,pending_fallback,direction_select,,semantic_primary,success,внутрь,сироп,дети,Лактулоза,,Дюфалак,,otc,,Запор,,перорально,,сироп,,667 мг/мл,,дети,,пакет 15 мл №10,,,
19370,443,ДЮСПАТАЛИН ТАБЛ. П/О 135МГ №15 ВЕРОФАРМ | ВЕРОФАРМ АО | ВЕРОФАРМ АО,drug,,0.9,"Товар является лекарственным препаратом (drug), поэтому все фармацевтические атрибуты применимы. На основе названия определены МНН (Мебеверин), бренд, форма выпуска, дозировка и упаковка.",True,,pending_fallback,direction_select,,semantic_primary,success,per os,"таблетки, покрытые оболочкой",взрослые,Мебеверин,,Дюспаталин,,rx,,Спазм гладкой мускулатуры ЖКТ,,перорально,,таблетки,,135 мг,,взрослые,,№15,,,
19390,443,ДЮРЕКС ПРЕЗЕРВАТИВЫ INVISIBLE №12 | РЕКИТТ БЕНКИЗЕР | РЕКИТТ БЕНКИЗЕР,medical_device,clinical_like,0.9,"Товар относится к медицинским изделиям (клинический тип), поэтому поля mnn, rx_otc, nosology и combination_hint не применимы. Указаны бренд, форма выпуска, путь введения и возрастной сегмент.",True,,pending_fallback,direction_select,,semantic_primary,success,наружно,презерватив,взрослые,,,Дюрекс,,,,,,наружно,,,,,,взрослые,,12 штук,,,
19432,443,ДЮКРЭ КЕЛЮАЛЬ DS КРЕМ-КЕРАТОРЕДУКТОР СМЯГЧАЮЩИЙ ДЛЯ УСТРАНЕНИЯ ШЕЛУШЕНИЯ 40МЛ | PIERRE FABRE DERMOCOSMETIQUE | PIERRE FABRE DERMOCOSMETIQUE,medical_device,hygiene_like,0.7,"Товар относится к медицинским изделиям с профилем hygiene_like, поэтому фармацевтические атрибуты (MNN, Rx/OTC, нозология, форма, дозировка) не применимы. Извлечены только бренд и объем упаковки.",True,,pending_fallback,direction_select,,semantic_primary,success,,,,,,ДЮКРЭ КЕЛЮАЛЬ DS,,,,,,не применимо,,не применимо,,,,не применимо,,40 мл,,,
19659,443,ДРАЙ КОНТРОЛ ЭКСТРА ФОРТЕ ДАБОМАТИК АНТИПЕРСПИРАТ БЕЗ СПИРТА ФЛ. 50МЛ | АРОМА ПРОМ ООО | АРОМА ПРОМ ООО,cosmetic_hygiene,,0.9,"Товар относится к категории косметических средств (антиперспирант), поэтому фармацевтические атрибуты не применимы. Извлечены только бренд и упаковка.",True,,pending_fallback,direction_select,,semantic_primary,success,,,,,,ДРАЙ КОНТРОЛ ЭКСТРА ФОРТЕ,,,,,,не применимо,,не применимо,,,,не применимо,,флакон 50 мл,,,
19701,443,"ДОРСАПЛАСТ ЛЕЙКОПЛАСТЫРЬ ОБЕЗБОЛИВАЮЩИЙ ПРОТИВОВОСПАЛИТЕЛЬНЫЙ 9X12СМ №3 | ГУЙЧЖОУ МЯОЯО ФАРМАСЬЮТИКЛ КО.,ЛТД | ГУЙЧЖОУ МЯОЯО ФАРМАСЬЮТИКЛ КО.,ЛТД",medical_device,clinical_like,0.85,"Товар относится к медицинским изделиям (клинический профиль), поэтому MNN, рецептурность, нозология и комбинированный признак неприменимы. Указаны форма выпуска, размер и количество в упаковке.",True,,pending_fallback,direction_select,,semantic_primary,success,наружно,пластырь,,,,ГУЙЧЖОУ МЯОЯО ФАРМАСЬЮТИКЛ,,,,,,наружно,,пластырь,,9x12 см,,,,3 штуки,,,
19748,443,ДОППЕЛЬГЕРЦ АКТИВ ОТ А ДО ЦИНКА ТАБЛ. ШИПУЧ. СО ВКУСОМ ПЕРСИКА И МАРАКУЙИ №15 | КВАЙССЕР ФАРМА ГМБХ И КО.КГ | КВАЙССЕР ФАРМА ГМБХ И КО.КГ,vitamin_or_baa,,0.85,"Товар относится к категории витаминно-минеральных комплексов (vitamin_or_baa). Название указывает на комплексный состав, поэтому mnn и nosology определены как комплексные. Rx_otc не применим для данной категории.",True,,pending_fallback,direction_select,,semantic_primary,success,перорально,таблетки шипучие,взрослые,Комплекс,,Доппельгерц Актив,,,,Комплексные профили,,перорально,,таблетки,,,,взрослые,,№15,,витаминно-минеральный комплекс,
19875,443,ДОЛГИТБЛОК ГЕЛЬ Д/НАРУЖ. ПРИМ. 5%+3% ТУБА 20Г | ДОЛОРГИТ ГМБХ И КО.КГ | ДОЛОРГИТ ГМБХ И КО.КГ,drug,,0.7,"Товар относится к категории drug (лекарственное средство). На основе названия и формы выпуска определены основные атрибуты: гель для наружного применения с комбинированным составом (5%+3%), отпускается без рецепта. Возрастной сегмент и МНН не указаны в исходных данных.",True,,pending_fallback,direction_select,,semantic_primary,success,наружно,гель,,,,Долгитблок,,otc,,Боль и воспаление,,наружно,,гель,,5%+3%,,,,туба 20 г,,комбинированный,
19890,443,ДОКТОР ХРАП ЭКС СПРЕЙ ДЛЯ ПОЛОСТИ РТА МЯТА 60МЛ | МИРРОЛЛА ЛАБ ООО | МИРРОЛЛА ЛАБ ООО,other,,0.7,"Товар относится к категории 'other' (прочее), поэтому большинство фармацевтических атрибутов неприменимы. Из названия извлечены бренд и объем упаковки.",True,,pending_fallback,direction_select,,semantic_primary,success,,,,,,ДОКТОР ХРАП ЭКС,,,,,,не применимо,,не применимо,,,,не применимо,,60 мл,,,
20027,443,ДОКСАЗОЗИН ТАБЛ. 2МГ №30 ОЗОН | ОЗОН ООО | ОЗОН ООО,drug,,0.9,"Товар является лекарственным препаратом (drug), поэтому все фармацевтические атрибуты применимы. На основе названия определены МНН, форма выпуска, дозировка и упаковка. Препарат относится к рецептурным, применяется внутрь у взрослых при ДГПЖ.",True,,pending_fallback,direction_select,,semantic_primary,success,внутрь,таблетки,взрослые,Доксазозин,,,,rx,,ДГПЖ,,перорально,,таблетки,,2 мг,,взрослые,,30 таблеток,,,
20122,443,ДИОСМИН ТАБЛ. П/ПЛЕН/ОБ. 600МГ №60 ОЗОН | ОЗОН ООО | ОЗОН ООО,drug,,0.9,"Товар является лекарственным препаратом (drug) с действующим веществом диосмин. Атрибуты определены на основе текста и подсказок, включая форму выпуска, дозировку и упаковку.",True,,pending_fallback,direction_select,,semantic_primary,success,внутрь,"таблетки, покрытые пленочной оболочкой",взрослый,Диосмин,,Диосмин,,otc,,Венозная недостаточность,,перорально,,таблетки,,600 мг,,взрослые,,60 таблеток,,,
20151,444,ДИОВЕНГЕС ТАБЛ. П/ПЛЕН/ОБ. 100МГ+900МГ №30 | ФАРМВИЛАР НПО ООО | ФАРМВИЛАР НПО ООО,drug,,0.7,"Товар относится к категории drug, поэтому большинство фармацевтических атрибутов применимы. Название и форма выпуска указаны, но МНН и показания не определены из-за отсутствия информации в тексте.",True,,pending_fallback,direction_select,,semantic_primary,success,перорально,"таблетки, покрытые пленочной оболочкой",,,,Диовенгес,,,,,,перорально,,таблетки,,100 мг + 900 мг,,,,30 таблеток,,комбинированный препарат,
20290,444,ДИКЛОФЕНАК-АКОС Р-Р ДЛЯ В/М ВВЕД. 25МГ/МЛ АМП. 3МЛ №5 | СИНТЕЗ | СИНТЕЗ,drug,,0.95,"Товар является лекарственным препаратом (drug) с действующим веществом диклофенак. Все атрибуты применимы, так как информация о составе, форме выпуска и дозировке явно указана в названии.",True,,pending_fallback,direction_select,,semantic_primary,success,внутримышечно,раствор для инъекций,взрослые,Диклофенак,,Диклофенак-АКОС,,rx,,Боль и воспаление,,внутримышечно,,раствор,,"25 мг/мл, 3 мл",,взрослые,,ампулы 3 мл №5,,,
20291,444,"ДИКЛОФЕНАК-АКОС КАПЛИ ГЛАЗН. 0,1% ФЛ. 5МЛ | СИНТЕЗ | СИНТЕЗ",drug,,0.9,"Товар является лекарственным средством (drug) с полным набором применимых атрибутов. На основе текста определены МНН (диклофенак), форма выпуска (капли глазные), дозировка (0,1%) и упаковка (5 мл). Препарат отпускается по рецепту, применяется местно при воспалительных заболеваниях глаз.",True,,pending_fallback,direction_select,,semantic_primary,success,местно,капли глазные,,Диклофенак,,Диклофенак-АКОС,,rx,,Воспалительные заболевания глаз,,офтальмологический,,капли,,"0,1%",,,,флакон 5 мл,,,
20364,444,"ДИБАЗОЛ ТАБЛ. 0,02Г №10 МОСКОВСКАЯ ФФ | МОСКОВСКАЯ ФФ | МОСКОВСКАЯ ФФ",drug,,0.85,"Товар является лекарственным препаратом (drug) с полным набором применимых атрибутов. На основе названия определены МНН (Бендазол), форма выпуска, дозировка и упаковка. Препарат отпускается по рецепту.",True,,pending_fallback,direction_select,,semantic_primary,success,перорально,таблетки,,Бендазол,,,,rx,,Гипертензия,,перорально,,таблетки,,"0,02 г",,,,10 таблеток,,,
20437,444,ДЖОЗАФЕН ТАБЛ. П/ПЛЕН/ОБ. 500МГ №10 | ФАРМСТАНДАРТ-ЛЕКСРЕДСТВА ОАО | ФАРМСТАНДАРТ-ЛЕКСРЕДСТВА ОАО,drug,,0.85,"Товар является лекарственным препаратом (drug), поэтому все фармацевтические атрибуты применимы. На основе названия 'Джозафен' и дозировки 500 мг определены МНН (джозамицин), форма выпуска и путь введения. Возрастной сегмент и упаковка указаны в наименовании.",True,,pending_fallback,direction_select,,semantic_primary,success,per os,"таблетки, покрытые пленочной оболочкой",взрослые,Джозамицин,,Джозафен,,rx,,Инфекционно-воспалительные заболевания,,перорально,,таблетки,,500 мг,,взрослые,,№10,,,
20469,444,ДЕТРАЛЕКС ТАБЛ. П/ПЛЕН/ОБ. 1000МГ №60 | СЕРВЬЕ РУС ООО | СЕРВЬЕ РУС ООО,drug,,0.9,"Товар является лекарственным препаратом (drug), поэтому все фармацевтические атрибуты применимы. На основе текста определены МНН (диосмин+гесперидин), бренд, форма выпуска, дозировка и упаковка. Препарат отпускается по рецепту.",True,,pending_fallback,direction_select,,semantic_primary,success,перорально,"таблетки, покрытые пленочной оболочкой",взрослые,диосмин+гесперидин,,Детралекс,,rx,,Венозная недостаточность,,перорально,,таблетки,,1000 мг,,взрослые,,60 таблеток,,,
20509,444,ДЕПЕНД БЕЛЬЕ ВПИТЫВАЮЩЕЕ ДЛЯ ЖЕНЩИН Р.L/XL №9 | КИМБЕРЛИ КЛАРК | КИМБЕРЛИ КЛАРК,medical_device,hygiene_like,0.9,"Товар относится к медицинским изделиям (гигиенический тип). Для данного типа изделий применимы только бренд, возрастной сегмент и упаковка, остальные фармацевтические атрибуты не применимы.",True,,pending_fallback,direction_select,,semantic_primary,success,,,взрослые,,,Кимберли-Кларк,,,,,,не применимо,,не применимо,,,,взрослые,,9 штук,,,
20518,444,ДЕПАКИН ХРОНОСФЕРА ГРАН. ПРОЛОНГ. 100МГ ПАК. №30 | САНОФИ ВИНТРОП ИНДУСТРИЯ | САНОФИ ВИНТРОП ИНДУСТРИЯ,drug,,0.9,"Препарат относится к группе лекарственных средств (drug), содержит вальпроевую кислоту. На основе названия и формы выпуска определены основные фармацевтические атрибуты.",True,,pending_fallback,direction_select,,semantic_primary,success,peroral,гранулы пролонгированного действия,взрослые,Вальпроевая кислота,,Депакин Хроносфера,,rx,,Эпилепсия,,,,гранулы,,100 мг,,взрослые,,пакет №30,,,
20535,444,ДЕНТАМЕТ ГЕЛЬ СТОМАТОЛОГИЧЕСКИЙ ТУБА 25Г | АЛТАЙВИТАМИНЫ ЗАО | АЛТАЙВИТАМИНЫ ЗАО,vitamin_or_baa,,0.7,"Товар относится к категории витаминов/БАД, но название и форма указывают на стоматологический гель. Из-за отсутствия явных данных о составе и назначении, большинство фармацевтических атрибутов не определены.",True,,pending_fallback,direction_select,,semantic_primary,success,местно,гель стоматологический,,,,ДЕНТАМЕТ,,,,,,,,гель,,,,универсальный,,туба 25 г,,,
20606,444,ДЕКСАМЕТАЗОН Р-Р Д/ИН. 4МГ/МЛ АМП. 1МЛ №10 ЭСКОМ | ЭСКОМ НПК | ЭСКОМ НПК,drug,,0.9,"Товар является лекарственным препаратом (drug) с действующим веществом дексаметазон, что подтверждается названием и формой выпуска. Атрибуты mnn, brand, rx_otc, nosology, administration_route, dosage_form, dosage, package_hint заполнены на основе явных данных из текста. Возрастной сегмент и комбинированный характер не указаны, поэтому эти поля оставлены пустыми.",True,,pending_fallback,direction_select,,semantic_primary,success,инъекционно,раствор для инъекций,,Дексаметазон,,Эском,,rx,,Глюкокортикостероиды системные,,инъекционное,,раствор,,4 мг/мл,,,,ампулы 1 мл №10,,,
20614,445,"ДЕКСАМЕТАЗОН-КРКА ТАБЛ. 4МГ №20 | КРКА Д.Д., НОВО МЕСТО АО/КРКА-РУС ООО | КРКА Д.Д., НОВО МЕСТО АО/КРКА-РУС ООО",drug,,0.95,"Товар является лекарственным препаратом (drug) с действующим веществом дексаметазон. На основе названия и формы выпуска определены основные фармацевтические атрибуты, возрастной сегмент не указан.",True,,pending_fallback,direction_select,,semantic_primary,success,перорально,таблетки,,Дексаметазон,,Дексаметазон-КРКА,,rx,,Глюкокортикостероиды системные пероральные,,перорально,,таблетки,,4 мг,,,,20 таблеток,,,
20628,445,ДЕКСА-ГЕНТАМИЦИН КАПЛИ ГЛАЗН. ФЛ-КАП. 5МЛ | УРСАФАРМ АРЦНАЙМИТТЕЛЬ ГМБХ | УРСАФАРМ АРЦНАЙМИТТЕЛЬ ГМБХ,drug,,0.85,"Препарат относится к лекарственным средствам (drug), комбинированный антибактериальный и противовоспалительный препарат для местного применения в офтальмологии. Дозировка не указана в названии, возрастной сегмент не определен.",True,,pending_fallback,direction_select,,semantic_primary,success,местно,капли глазные,,Дексаметазон + Гентамицин,,Декса-Гентамицин,,rx,,Инфекции глаз смешанные,,офтальмологический,,капли,,,,,,флакон-капельница 5 мл,,комбинированный препарат (антибиотик + глюкокортикостероид),
20704,445,ДАВ (DOVE) ШАМПУНЬ MEN+CARE УКРЕПЛЯЮЩИЙ СВЕЖЕСТЬ МЕНТОЛА 250МЛ | Юнилевер | Юнилевер,cosmetic_hygiene,,0.9,"Товар относится к категории косметика и гигиена (шампунь). Для данного типа продукта применимы только бренд, возрастной сегмент и упаковка, остальные фармацевтические атрибуты не применимы.",True,,pending_fallback,direction_select,,semantic_primary,success,,,adult,,,Dove,,,,,,не применимо,,не применимо,,,,взрослые,,250 мл,,,
20726,445,ДАБИКСОМ КАПС. 150МГ №60 | КРКА-РУС ООО | КРКА-РУС ООО,drug,,0.9,"Товар является лекарственным препаратом (drug) с полным набором применимых атрибутов. На основе текста определены МНН, бренд, рецептурный статус, показание, путь введения, лекарственная форма, дозировка и возрастной сегмент.",True,,pending_fallback,direction_select,,semantic_primary,success,перорально,капсулы,взрослые,дабигатрана этексилат,,Дабиксом,,rx,,профилактика инсульта и системной эмболии,,перорально,,капсулы,,150 мг,,взрослые,,60 капсул,,,
20781,445,ГРОПРИНОСИН ТАБЛ. 500МГ №30 | ГЕДЕОН РИХТЕР ПОЛЬША ООО/ГЕДЕОН РИХТЕР-РУС АО | ГЕДЕОН РИХТЕР ПОЛЬША ООО/ГЕДЕОН РИХТЕР-РУС АО,drug,,0.9,"Товар является лекарственным препаратом (drug) с явным указанием МНН, бренда, формы выпуска и дозировки. Все атрибуты применимы согласно профилю.",True,,pending_fallback,direction_select,,semantic_primary,success,peroral,таблетки,взрослые,Инозин пранобекс,,Гроприносин,,rx,,простуда и ОРВИ,,,,таблетки,,500 мг,,взрослые,,30 таблеток,,,
20856,445,ГОРЧИЧНИК-ПАКЕТ ЭКОНОМ №20 РУДАЗ | РУДАЗ ПКФ | РУДАЗ ПКФ,medical_device,clinical_like,0.7,"Товар относится к медицинским изделиям (клинический тип), поэтому MNN, рецептурность, нозология и комбинированный признак неприменимы. Указаны бренд, форма выпуска и упаковка.",True,,pending_fallback,direction_select,,semantic_primary,success,наружно,горчичник-пакет,,,,РУДАЗ,,,,,,наружно,,,,,,,,№20,,,
20890,445,ГОПАНТОМИД ТАБЛ. 250МГ №50 | УСОЛЬЕ-СИБИРСКИЙ ХИМИКО-ФАРМАЦЕВТИЧЕСКИЙ ЗАВОД АО | УСОЛЬЕ-СИБИРСКИЙ ХИМИКО-ФАРМАЦЕВТИЧЕСКИЙ ЗАВОД АО,drug,,0.85,"Товар является лекарственным препаратом (drug) с активным веществом гопантеновая кислота, применяемым при когнитивных нарушениях. Атрибуты извлечены из названия и стандартных характеристик препарата.",True,,pending_fallback,direction_select,,semantic_primary,success,per os,таблетки,взрослые,Гопантеновая кислота,,Гопантомид,,rx,,Ноотропные средства,,перорально,,таблетки,,250 мг,,взрослые,,50 таблеток,,,
20982,445,"ГЛЮКОВАНС ТАБЛ. П/ПЛЕН/ОБ. 2,5МГ+500МГ №30 | МЕРК САНТЭ С.А.С. | МЕРК САНТЭ С.А.С.",drug,,0.95,"Товар является лекарственным препаратом (drug) с полным набором применимых атрибутов. На основе текста определены МНН (комбинация метформина и глибенкламида), бренд, рецептурный статус, показание, путь введения, лекарственная форма, дозировка, возрастной сегмент и упаковка.",True,,pending_fallback,direction_select,,semantic_primary,success,перорально,"таблетки, покрытые пленочной оболочкой",взрослые,Метформин+Глибенкламид,,Глюкованс,,rx,,Сахарный диабет 2 типа,,перорально,,таблетки,,"2,5 мг + 500 мг",,взрослые,,30 таблеток,,комбинированный препарат,
20993,445,ГЛУТАМОЛ КРЕМ С ЦИНКОМ ТУБА 50Г | ИНФАРМА 2000 ООО | ИНФАРМА 2000 ООО,other,,0.6,"Товар относится к категории 'other', для которой по профилю атрибутов применимы только brand, age_segment и package_hint. Бренд не удалось определить, возрастной сегмент не указан, поэтому заполнен только package_hint.",True,,pending_fallback,direction_select,,semantic_primary,success,,,,,,,,,,,,не применимо,,не применимо,,,,не применимо,,туба 50г,,,
21010,445,ГЛИЦИН ФОРТЕ ТАБЛ. ЗАЩЕЧН. И П/ЯЗЫЧН. 250МГ №20 ОЗОН | ОЗОН ООО | ОЗОН ООО,drug,,0.9,"Товар является лекарственным средством (drug) с полным набором применимых атрибутов. На основе названия определены МНН (глицин), форма выпуска, дозировка и способ применения. Возрастной сегмент и комбинированный состав не указаны.",True,,pending_fallback,direction_select,,semantic_primary,success,Защечно и подъязычно,Таблетки защечные и подъязычные,,Глицин,,Глицин Форте,,Без рецепта,,Нервная система,,,,таблетки,,250 мг,,,,20 таблеток,,,
21018,446,ГЛИЦИН ТАБЛ. П/ЯЗЫЧН. 100МГ №50 ОЗОН ФАРМ | ОЗОН ФАРМ ООО | ОЗОН ФАРМ ООО,drug,,0.9,"Товар является лекарственным средством (drug) с активным веществом глицин, применяемым при бессоннице. Атрибуты извлечены из текста: форма выпуска, дозировка, упаковка и возрастной сегмент. Комбинированный препарат не указан, поэтому combination_hint отсутствует.",True,,pending_fallback,direction_select,,semantic_primary,success,сублингвально,таблетки,взрослые,Глицин,,ОЗОН ФАРМ,,otc,,Бессонница,,сублингвально,,таблетки,,100 мг,,взрослые,,50 таблеток,,,
21019,446,ГЛИЦИН ТАБЛ. П/ЯЗЫЧН. 100МГ №50 ОЗОН | ОЗОН ООО | ОЗОН ООО,drug,,0.9,"Товар является лекарственным средством (drug) с активным веществом глицин. На основе текста определены основные фармацевтические атрибуты: МНН, форма выпуска, дозировка и путь введения.",True,,pending_fallback,direction_select,,semantic_primary,success,Сублингвально,Таблетки подъязычные,Взрослые и дети,Глицин,,ОЗОН,,Без рецепта,,"Нарушения сна, стресс, снижение умственной работоспособности",,сублингвально,,таблетки,,100 мг,,универсальный,,№50,,,
21033,446,ГЛИЦИН+МЕЛАТОНИН ЭВАЛАР ТАБЛ. П/ЯЗЫЧН. 100МГ+3МГ №60 | ЭВАЛАР ЗАО | ЭВАЛАР ЗАО,vitamin_or_baa,,0.85,"Товар относится к БАД (product_kind=vitamin_or_baa), поэтому rx_otc не применим. На основе названия определены бренд, форма выпуска, дозировка и состав, остальные атрибуты указаны в соответствии с профилем.",True,,pending_fallback,direction_select,,semantic_primary,success,сублингвально,таблетки для рассасывания,взрослые,,,Эвалар,,,,нутрицевтики,,сублингвально,,таблетки,,100 мг + 3 мг,,взрослые,,60 таблеток,,комбинированный препарат (глицин + мелатонин),
21075,446,ГЛИЦЕРИН БИОЛАЙН СРЕДСТВО КОСМЕТИЧЕСКОЕ 100Г | БИОЛАЙН ООО | БИОЛАЙН ООО,cosmetic_hygiene,,0.9,"Товар относится к категории косметических средств (cosmetic_hygiene), поэтому фармацевтические атрибуты (МНН, рецептурность, нозология, форма выпуска, дозировка) неприменимы. Указаны бренд и объем упаковки.",True,,pending_fallback,direction_select,,semantic_primary,success,,,,,,БИОЛАЙН,,,,,,не применимо,,не применимо,,,,не применимо,,100г,,,
21137,446,ГЛИБЕНКЛАМИД ТАБЛ. 5МГ №120 ОЗОН ФАРМ | ОЗОН ФАРМ ООО | ОЗОН ФАРМ ООО,drug,,0.95,"Товар является лекарственным препаратом (drug) с полным набором применимых атрибутов. На основе названия определены МНН, форма выпуска, дозировка и упаковка. Препарат относится к рецептурным.",True,,pending_fallback,direction_select,,semantic_primary,success,перорально,таблетки,взрослые,Глибенкламид,,Озон Фарм,,rx,,Сахарный диабет 2 типа,,перорально,,таблетки,,5 мг,,взрослые,,120 таблеток,,,
21387,446,ГЕПАВИЗИМ ФОСФОЛИПИДЫ+L-ОРИНИТИН+КУРКУМИН КАПС. ПО 495МГ №30 | ВТФ ООО | ВТФ ООО,drug,,0.7,"Товар является БАД, о чем свидетельствует состав (фосфолипиды, L-оринитин, куркумин) и форма выпуска. Атрибуты извлечены на основе текста, но MNN не указан, так как это комплексный продукт.",True,,pending_fallback,direction_select,,semantic_primary,success,внутрь,капсулы,взрослые,,,Гепавизим,,БАД,,нутрицевтики,,перорально,,капсулы,,495 мг,,взрослые,,№30,,комбинированный,
21524,446,ГЕКСА-КОМПЛЕКС АЛТАЙВИТАМИНЫ ДРАЖЕ ПО 1Г №50 | АЛТАЙВИТАМИНЫ АО | АЛТАЙВИТАМИНЫ АО,vitamin_or_baa,,0.7,"Товар является витаминно-минеральным комплексом (БАД), поэтому rx_otc не применим. На основе названия и формы выпуска определены основные атрибуты, возрастной сегмент не указан.",True,,pending_fallback,direction_select,,semantic_primary,success,перорально,драже,,Комплекс,,Алтайвитамины,,,,комплексные профили,,перорально,,,,1 г,,универсальный,,50 драже,,витаминно-минеральный комплекс,
21565,446,ГАСТРОСОФТ КОМПЛЕКС С АЛЬГИНАТОМ НАТРИЯ ТАБЛ. ЖЕВАТ. №14 | ВНЕШТОРГ ФАРМА ООО | ВНЕШТОРГ ФАРМА ООО,other,,0.7,"Товар относится к категории other, поэтому большинство фармацевтических атрибутов неприменимы. Из названия извлечены бренд и количество таблеток в упаковке.",True,,pending_fallback,direction_select,,semantic_primary,success,,,,,,ГАСТРОСОФТ,,,,,,не применимо,,не применимо,,,,не применимо,,№14,,,
21629,446,ГАМАМЕЛИС ДН СУПП. РЕКТ. ГОМЕОП. №6 | ДОКТОР Н ООО | ДОКТОР Н ООО,drug,,0.7,"Товар относится к гомеопатическим препаратам (product_kind=drug). Из названия извлечены форма выпуска (суппозитории ректальные), путь введения (ректально) и упаковка (№6). MNN, дозировка и другие атрибуты не указаны в названии.",True,,pending_fallback,direction_select,,semantic_primary,success,ректально,суппозитории ректальные,,,,ГАМАМЕЛИС ДН,,,,,,ректально,,,,,,,,№6,,,
21822,446,ВИШИ НОРМАДЕРМ СЫВОРОТКА ПРОБИО ПРОТИВ НЕСОВЕРШЕНСТВ 30МЛ | ЛОРЕАЛЬ АО | ЛОРЕАЛЬ АО,cosmetic_hygiene,,0.9,"Товар относится к категории косметических средств (косметика и гигиена), поэтому фармацевтические атрибуты, такие как МНН, рецептурность, нозология, путь введения, лекарственная форма и дозировка, неприменимы. Из доступных атрибутов определены бренд (Виши Нормадерм) и объем упаковки (30 мл).",True,,pending_fallback,direction_select,,semantic_primary,success,,,,,,Виши Нормадерм,,,,,,не применимо,,не применимо,,,,не применимо,,30 мл,,,
21826,447,ВИШИ НОРМАДЕРМ АНТИ-ЭЙДЖ КРЕМ-ГЕЛЬ ДЛЯ ПРОБЛЕМНОЙ КОЖИ С АНТИВОЗРАСТНЫМ ДЕЙСТВИЕМ 50МЛ | ЛОРЕАЛЬ ЗАО | ЛОРЕАЛЬ ЗАО,cosmetic_hygiene,,0.9,"Товар относится к категории косметических средств (косметика и гигиена), поэтому фармацевтические атрибуты, такие как МНН, рецептурность, нозология, путь введения, лекарственная форма и дозировка, не применимы. Указаны только бренд и объем упаковки.",True,,pending_fallback,direction_select,,semantic_primary,success,,,,,,Виши,,,,,,не применимо,,не применимо,,,,не применимо,,50 мл,,,
21858,447,ВИШИ ЛИФТАКТИВ КОЛЛАГЕН СПЕЦИАЛИСТ КРЕМ ДНЕВНОЙ ДЛЯ ВСЕХ ТИПОВ КОЖИ БАНКА 50МЛ | ЛОРЕАЛЬ АО | ЛОРЕАЛЬ АО,cosmetic_hygiene,,0.9,"Товар относится к категории косметика и гигиена (cosmetic_hygiene), поэтому фармацевтические атрибуты (МНН, рецептурность, нозология, форма выпуска, дозировка) неприменимы. Из доступных атрибутов определены бренд и упаковка.",True,,pending_fallback,direction_select,,semantic_primary,success,,,,,,Виши,,,,,,не применимо,,не применимо,,,,не применимо,,банка 50 мл,,,
21980,447,ВИТРИДИНОЛ ТАБЛ. П/ПЛЕН/ОБ. 120МГ №56 | ВЕЛФАРМ ООО | ВЕЛФАРМ ООО,other,,0.7,"Товар относится к категории 'other', поэтому большинство фармацевтических атрибутов неприменимы. Из названия извлечены бренд и количество таблеток в упаковке.",True,,pending_fallback,direction_select,,semantic_primary,success,,,,,,ВИТРИДИНОЛ,,,,,,не применимо,,не применимо,,,,не применимо,,56 таблеток,,,
22124,447,ВИТАМИНЫ ГРУППЫ В КАПС. ПО 300МГ №30 ГРИН САЙД | ГРИН САЙД ООО | ГРИН САЙД ООО,vitamin_or_baa,,0.85,"Товар относится к категории витаминов и БАД (vitamin_or_baa). Название указывает на комплекс витаминов группы B в капсулах по 300 мг, упаковка №30. Rx_otc не применим для данной категории.",True,,pending_fallback,direction_select,,semantic_primary,success,перорально,капсулы,,Комплекс витаминов группы B,,Грин Сайд,,,,Комплексные профили,,перорально,,капсулы,,300 мг,,универсальный,,30 капсул,,,
22135,447,ВИТАМИН С ТАБЛ. ШИПУЧ. 250МГ №20 | ХЕМОФАРМ А.Д. | ХЕМОФАРМ А.Д.,vitamin_or_baa,,0.9,"Товар относится к категории витаминов (витамин C). Атрибуты rx_otc не применимы для данной категории, поэтому указаны как null. Остальные поля заполнены на основе информации из названия.",True,,pending_fallback,direction_select,,semantic_primary,success,перорально,таблетки шипучие,,Аскорбиновая кислота,,Хемофарм,,,,Витамин C (аскорбиновая кислота),,перорально,,таблетки,,250 мг,,универсальный,,20 таблеток,,,
22178,447,ВИТАМИННО-МИНЕРАЛЬНЫЙ КОМПЛЕКС ОТ А ДО ZN ДЛЯ ДЕТЕЙ 7-14ЛЕТ ТАБЛ. №30 A-LAB | ВНЕШТОРГ ФАРМА ООО | ВНЕШТОРГ ФАРМА ООО,vitamin_or_baa,,0.85,"Товар является витаминно-минеральным комплексом для детей 7-14 лет в форме таблеток. Поскольку это комплекс, MNN указан как 'Комплекс', а нозология соответствует комплексным профилям. Дозировка не указана, поэтому поле dosage оставлено пустым.",True,,pending_fallback,direction_select,,semantic_primary,success,перорально,таблетки,дети 7-14 лет,Комплекс,,,,,,комплексные профили,,перорально,,таблетки,,,,дети,,30 таблеток,,витаминно-минеральный комплекс,
22187,447,ВИТАМИН КОМПЛЕКС ОТ А ДО ZN ДЛЯ ДЕТЕЙ 7-14 ЛЕТ ТАБЛ. №30 | ВТФ ООО | ВТФ ООО,vitamin_or_baa,,0.8,"Товар является витаминно-минеральным комплексом для детей, поэтому mnn указан как 'Комплекс', а nosology соответствует комплексным профилям. Форма выпуска и возрастной сегмент определены из названия, дозировка не указана.",True,,pending_fallback,direction_select,,semantic_primary,success,перорально,таблетки,дети 7-14 лет,Комплекс,,,,,,комплексные профили,,перорально,,таблетки,,,,дети,,30 таблеток,,витаминно-минеральный комплекс,
22195,447,ВИТАМИН Е РЕНЕВАЛ 100МГ КАПС. ПО 330МГ №60 | ОБНОВЛЕНИЕ ПФК АО | ОБНОВЛЕНИЕ ПФК АО,vitamin_or_baa,,0.9,"Товар относится к категории витаминов и БАД (vitamin_or_baa). На основе названия определены МНН (токоферола ацетат), бренд, лекарственная форма, дозировка и количество в упаковке. Поле rx_otc не применимо для данной категории.",True,,pending_fallback,direction_select,,semantic_primary,success,перорально,капсулы,,Токоферола ацетат,,Реневал,,,,Витамин E (токоферола ацетат),,перорально,,капсулы,,100 мг,,универсальный,,60 капсул,,,
22205,447,ВИТАМИН Е КАПС. 200МГ №30 МИНСКИНТЕРКАПС | МИНСКИНТЕРКАПС УП | МИНСКИНТЕРКАПС УП,vitamin_or_baa,,0.9,"Товар относится к категории витаминов (витамин E). На основе названия определены МНН, форма выпуска, дозировка и производитель. Поля rx_otc и combination_hint не применимы для данной категории.",True,,pending_fallback,direction_select,,semantic_primary,success,перорально,капсулы,,Токоферола ацетат,,Минскинтеркапс,,,,Витамин E (токоферола ацетат),,перорально,,капсулы,,200 мг,,универсальный,,30 капсул,,,
22206,447,ВИТАМИН Е КАПС. 100МЕ ПО 300МГ №20 РЕАЛКАПС | РЕАЛКАПС АО | РЕАЛКАПС АО,vitamin_or_baa,,0.9,"Товар относится к категории витаминов и БАД. На основе названия определены МНН, бренд, форма выпуска, дозировка и упаковка. Поле rx_otc не применимо для данной категории.",True,,pending_fallback,direction_select,,semantic_primary,success,перорально,капсулы,,Токоферола ацетат,,Реалкапс,,,,Витамин E (токоферола ацетат),,перорально,,капсулы,,100 МЕ,,универсальный,,20 капсул,,,
22248,449,"ВИТАМИН В5 (ПАНТОТЕНОВАЯ КИСЛОТА) КАПС. ПО 0,39Г №90 ЛЕТОФАРМ | ЛЕТОФАРМ ООО | ЛЕТОФАРМ ООО",vitamin_or_baa,,0.9,"Товар является витамином (БАД), поэтому rx_otc не применим. На основе названия и формы выпуска определены основные атрибуты: действующее вещество, дозировка, форма и упаковка.",True,,pending_fallback,direction_select,,semantic_primary,success,перорально,капсулы,взрослые,Пантотеновая кислота,,Летофарм,,,,Комплексные профили,,перорально,,капсулы,,"0,39 г",,взрослые,,90 капсул,,,
22276,449,ВИТАМИН D3 2000МЕ ТАБЛ. БАНКА №50 МИРРОЛЛА | МИРРОЛЛА ООО | МИРРОЛЛА ООО,vitamin_or_baa,,0.9,"Товар относится к категории витаминов и БАД, поэтому rx_otc не применим. На основе названия определены основные атрибуты: действующее вещество (холекальциферол), форма выпуска, дозировка и возрастной сегмент.",True,,pending_fallback,direction_select,,semantic_primary,success,перорально,таблетки,взрослые,Холекальциферол,,Мирролла,,,,Моно-витамин D3,,перорально,,таблетки,,2000 МЕ,,взрослые,,банка №50,,,
22311,449,ВИСЦИД ОПОЛАСКИВАТЕЛЬ ДЛЯ ПОЛОСТИ РТА 250МЛ | ЛАБОРАТОРИЯ ЭМАНСИ ЗАО | ЛАБОРАТОРИЯ ЭМАНСИ ЗАО,cosmetic_hygiene,,0.8,"Товар относится к категории косметика и гигиена (ополаскиватель для полости рта). Согласно профилю атрибутов, заполнены только бренд и упаковка, остальные фармацевтические поля не применимы.",True,,pending_fallback,direction_select,,semantic_primary,success,,,,,,ВИСЦИД,,,,,,не применимо,,не применимо,,,,не применимо,,250 мл,,,
22406,449,ВИЛДАГЛИПТИН-ВЕРТЕКС ТАБЛ. 50МГ №56 | ВЕРТЕКС АО | ВЕРТЕКС АО,drug,,0.9,"Товар относится к категории drug (лекарственный препарат). На основе названия и подсказок определены основные фармацевтические атрибуты: действующее вещество, форма выпуска, дозировка и показание.",True,,pending_fallback,direction_select,,semantic_primary,success,перорально,таблетки,взрослые,Вилдаглиптин,,Вилдаглиптин-Вертекс,,rx,,Сахарный диабет 2 типа,,перорально,,таблетки,,50 мг,,взрослые,,№56,,,
22468,449,"ВИДОРА МИКРО ТАБЛ. П/ПЛЕН/ОБ. 3МГ+0,02МГ №21+7 | ЛАБОРАТОРИОС ЛЕОН ФАРМА С.А. | ЛАБОРАТОРИОС ЛЕОН ФАРМА С.А.",drug,,0.9,"Товар относится к категории drug (гормональные препараты). На основе текста определены МНН (дроспиренон + этинилэстрадиол), форма выпуска, дозировка и показание (контрацепция).",True,,pending_fallback,direction_select,,semantic_primary,success,перорально,"таблетки, покрытые пленочной оболочкой",взрослые,Дроспиренон + Этинилэстрадиол,,Видора Микро,,rx,,Контрацепция,,перорально,,таблетки,,"3 мг + 0,02 мг",,взрослые,,21+7,,комбинированный препарат,
22548,449,ВЕЧЕРНЕЕ ВАЛЕРИАНА+МЯТА+МЕЛИССА ДРАЖЕ №50 ПАРАФАРМ | ПАРАФАРМ ООО | ПАРАФАРМ ООО,drug,,0.8,"Товар относится к категории drug (лекарственное средство). На основе названия определены растительные компоненты (валериана, мята, мелисса), что указывает на седативное действие и комбинированный состав. Дозировка не указана в названии.",True,,pending_fallback,direction_select,,semantic_primary,success,внутрь,драже,взрослый,,,Вечернее,,otc,,Бессонница,,перорально,,,,,,взрослые,,№50,,комбинированный,
23039,449,В 60 КАК В 30 БАЛЬЗАМ ДЛЯ ТЕЛА ЗОЛОТОЙ УС С МУРАВЬИНЫМ СПИРТОМ 125МЛ | КОРОЛЕВ ФАРМ ООО | КОРОЛЕВ ФАРМ ООО,cosmetic_hygiene,,0.7,"Товар относится к категории косметических средств (бальзам для тела), поэтому фармацевтические атрибуты (МНН, рецептурность, форма выпуска и т.д.) не применимы. Указаны только бренд и объем упаковки.",True,,pending_fallback,direction_select,,semantic_primary,success,,,,,,Золотой ус,,,,,,не применимо,,не применимо,,,,не применимо,,125 мл,,,
23070,449,"БЭБИ ФОРМУЛА МИШКИ ЖЕЛЕЗО ПАСТИЛКИ ЖЕВ. ПО 2,5Г №60 | ЭВАЛАР ЗАО | ЭВАЛАР ЗАО",vitamin_or_baa,,0.85,"Товар относится к БАД (витаминно-минеральный комплекс), поэтому rx_otc не применим. На основе названия и формы выпуска определены основные атрибуты: действующее вещество железо, форма пастилки жевательные, дозировка 2,5 г, возрастная группа дети.",True,,pending_fallback,direction_select,,semantic_primary,success,перорально,пастилки жевательные,дети,Железо,,Бэби Формула Мишки,,,,нутрицевтики,,перорально,,таблетки жевательные,,"2,5 г",,дети,,60 пастилок,,,
23087,449,БЬЮТИРИН АСЕПТОЛ ПРО ГЕЛЬ ДЛЯ РУК С АНТИБАКТЕРИАЛЬНЫМ ЭФФЕКТОМ ФЛ. 80МЛ | БЬЮТИРИН ООО | БЬЮТИРИН ООО,cosmetic_hygiene,,0.9,"Товар относится к категории косметика и гигиена (cosmetic_hygiene). Согласно профилю атрибутов, заполняются только brand, age_segment и package_hint; остальные фармацевтические поля не применимы.",True,,pending_fallback,direction_select,,semantic_primary,success,,,,,,БЬЮТИРИН,,,,,,не применимо,,не применимо,,,,не применимо,,фл. 80мл,,,
23214,449,БРОМГЕКСИН ТАБЛ. 8МГ №20 ФАРМСТАНДАРТ | ФАРМСТАНДАРТ-ЛЕКСРЕДСТВА ОАО | ФАРМСТАНДАРТ-ЛЕКСРЕДСТВА ОАО,drug,,0.95,"Товар является лекарственным средством (drug) с полным набором применимых атрибутов. На основе названия определены МНН, форма выпуска, дозировка и упаковка. Препарат отпускается по рецепту.",True,,pending_fallback,direction_select,,semantic_primary,success,внутрь,таблетки,взрослые,Бромгексин,,Бромгексин,,rx,,Кашель с вязкой мокротой,,перорально,,таблетки,,8 мг,,взрослые,,20 таблеток,,,
23323,450,БОТАВИКОС КРЕМ УВЛАЖНЯЮЩИЙ ДЛЯ СУХОЙ И ОБЕЗВОЖЕННОЙ КОЖИ 50МЛ | БОТАНИКА ООО | БОТАНИКА ООО,cosmetic_hygiene,,0.9,"Товар относится к категории косметика/гигиена (cosmetic_hygiene). Согласно профилю атрибутов, заполнены только бренд и упаковка, остальные фармацевтические поля неприменимы.",True,,pending_fallback,direction_select,,semantic_primary,success,,,,,,БОТАВИКОС,,,,,,не применимо,,не применимо,,,,не применимо,,50мл,,,
23385,450,БОРНАЯ КИСЛОТА СРЕДСТВО ЧИСТЯЩЕЕ ПО УХОДУ ЗА ОПТИКОЙ ПОР.10Г | МЕЛИГЕН ФП | МЕЛИГЕН ФП,other,,0.7,"Товар относится к категории 'other' (чистящее средство для оптики). Согласно профилю атрибутов, применимы только бренд и упаковка, остальные фармацевтические поля не заполняются.",True,,pending_fallback,direction_select,,semantic_primary,success,,,,,,МЕЛИГЕН ФП,,,,,,не применимо,,не применимо,,,,не применимо,,10 г,,,
23633,450,БИСОПРОЛОЛ-АЛСИ ТАБЛ. 5МГ №60 | АЛСИ ФАРМА АО | АЛСИ ФАРМА АО,drug,,0.95,"Товар является лекарственным препаратом (drug), поэтому все фармацевтические атрибуты применимы. На основе названия определены МНН, бренд, форма, дозировка и упаковка. Препарат отпускается по рецепту.",True,,pending_fallback,direction_select,,semantic_primary,success,внутрь,таблетки,взрослые,Бисопролол,,Бисопролол-АЛСИ,,rx,,Гипертония и ИБС,,перорально,,таблетки,,5 мг,,взрослые,,№60,,,
23641,450,БИСОПРОЛОЛ-АКОС ТАБЛ. П/ПЛЕН/ОБ. 5МГ №30 | БИОКОМ ЗАО | БИОКОМ ЗАО,drug,,0.9,"Товар является лекарственным препаратом (drug), поэтому все фармацевтические атрибуты применимы. На основе названия определены МНН, бренд, форма, дозировка и упаковка. Препарат относится к рецептурным, применяется внутрь у взрослых.",True,,pending_fallback,direction_select,,semantic_primary,success,внутрь,"таблетки, покрытые пленочной оболочкой",взрослые,Бисопролол,,Бисопролол-АКОС,,rx,,Гипертония и ИБС,,перорально,,таблетки,,5мг,,взрослые,,30 таблеток,,,
23643,450,БИСОПРОЛОЛ-АКОС ТАБЛ. П/ПЛЕН/ОБ. 10МГ №30 | БИОКОМ ЗАО | БИОКОМ ЗАО,drug,,0.95,"Товар является лекарственным препаратом (drug), поэтому все фармацевтические атрибуты применимы. На основе текста определены МНН, бренд, форма, дозировка, упаковка и возрастной сегмент. Препарат отпускается по рецепту.",True,,pending_fallback,direction_select,,semantic_primary,success,внутрь,"таблетки, покрытые пленочной оболочкой",взрослые,Бисопролол,,Бисопролол-АКОС,,rx,,Гипертония и ИБС,,перорально,,таблетки,,10 мг,,взрослые,,30 таблеток,,,
23649,450,БИСИ БЬЮТИ КЕА САЛФЕТКИ ВЛАЖНЫЕ УНИВЕРСАЛЬНЫЕ С АЛОЭ ВЕРА И ВИТАМИНОМ Е №20 | ЗЕТ ТЕК ООО | ЗЕТ ТЕК ООО,cosmetic_hygiene,,0.9,"Товар относится к категории косметика и гигиена (влажные салфетки). Для данного типа товара применимы только бренд, возрастной сегмент и упаковка, остальные фармацевтические атрибуты не применимы.",True,,pending_fallback,direction_select,,semantic_primary,success,,,,,,БИСИ БЬЮТИ КЕА,,,,,,не применимо,,не применимо,,,,универсальный,,20 салфеток,,,
23695,450,БИОРИТМ АНТИСТРЕСС 24 ДЕНЬ/НОЧЬ ТАБЛ. П/О №32 | ЭВАЛАР ЗАО | ЭВАЛАР ЗАО,drug,,0.7,"Товар является лекарственным средством (drug) для нервной системы. На основе названия 'БИОРИТМ АНТИСТРЕСС 24 ДЕНЬ/НОЧЬ' и формы выпуска определены основные атрибуты, но точный состав и дозировка не указаны.",True,,pending_fallback,direction_select,,semantic_primary,success,oral,tablets,adults,,,Эвалар,,over_the_counter,,Стресс,,,,таблетки,,,,взрослые,,24 tablets,,day/night,
23715,450,БИОМОРОЖЕНОЕ КИСЛОМОЛОЧНОЕ BIOFLY + СИБИРСКАЯ КЛЕТЧАТКА ВАНИЛЬНОЕ С СИБИРСКОЙ КЛЕТЧАТКОЙ СО ВКУСОМ ЯБЛОКА СТАКАНЧИК 45Г | ФЕРМЕНТ ООО | ФЕРМЕНТ ООО,other,,0.7,"Товар относится к категории 'other' (продукт питания, не лекарство, не БАД, не медизделие и не косметика). Согласно профилю атрибутов, заполнены только бренд и упаковка, остальные фармацевтические поля неприменимы.",True,,pending_fallback,direction_select,,semantic_primary,success,,,,,,BIOFLY,,,,,,не применимо,,не применимо,,,,не применимо,,стаканчик 45г,,,
23759,450,БИОДЕРМА СЕНСИБИО СЫВОРОТКА DEFENSIVE ДЛЯ ЧУВСТВИТЕЛЬНОЙ КОЖИ 30МЛ | NAOS (БИОДЕРМА ЛАБОРАТОРИЯ) | NAOS (БИОДЕРМА ЛАБОРАТОРИЯ),cosmetic_hygiene,,0.9,"Товар относится к категории косметика и гигиена (cosmetic_hygiene), поэтому фармацевтические атрибуты (МНН, рецептурность, нозология, форма выпуска, дозировка) неприменимы. Из доступных полей заполнены бренд и объем упаковки.",True,,pending_fallback,direction_select,,semantic_primary,success,,,,,,БИОДЕРМА,,,,,,не применимо,,не применимо,,,,не применимо,,30 мл,,,
23856,450,БИНТ ЭЛАСТИЧНЫЙ КОГЕЗИВНЫЙ САМОФИКСИР. СИНИЙ 4МХ4СМ ВАРИАНТ | ПРЕВИС С.Р.Л. | ПРЕВИС С.Р.Л.,medical_device,clinical_like,0.85,"Товар относится к медицинским изделиям (перевязочные материалы), поэтому поля mnn, rx_otc, nosology и combination_hint не применимы. Указаны форма выпуска (бинт), размер (4мх4см) и способ применения (наружно) на основе текста.",True,,pending_fallback,direction_select,,semantic_primary,success,наружно,бинт,,,,ПРЕВИС С.Р.Л.,,,,,,наружно,,,,4мх4см,,,,4м,,,
23897,451,БИНТ НЕСТЕРИЛЬНЫЙ 7МХ14СМ ГАРАНТ-НОВГОРОД | ГАРАНТ-НОВГОРОД ООО | ГАРАНТ-НОВГОРОД ООО,medical_device,clinical_like,0.9,"Товар является медицинским изделием (перевязочный материал) с профилем clinical_like. Атрибуты mnn, rx_otc, nosology и combination_hint не применимы, поэтому установлены в null. Бренд и форма извлечены из названия.",True,,pending_fallback,direction_select,,semantic_primary,success,наружно,бинт,,,,ГАРАНТ-НОВГОРОД,,,,,,наружно,,,,7м х 14см,,,,,,,
23914,451,БИНТЛИ-М БИНТ ЛИПКИЙ НЕТКАНЫЙ ДЛЯ ФИКСАЦИИ ПОВЯЗОК 10СМX200СМ | ПАЛЬМА ГК ООО | ПАЛЬМА ГК ООО,medical_device,clinical_like,0.85,"Товар относится к медицинским изделиям (перевязочные материалы). Атрибуты mnn, rx_otc, nosology и combination_hint не применимы для данного типа продукта, поэтому они установлены в null. Заполнены применимые атрибуты: форма выпуска, размер, способ применения и бренд.",True,,pending_fallback,direction_select,,semantic_primary,success,наружно,бинт,,,,БИНТЛИ-М,,,,,,наружно,,,,10 см x 200 см,,,,1 шт,,,
24003,451,БИАФИШЕНОЛ РЫБИЙ ЖИР С ВИТАМИНОМ Е КАПС. №180 | БИОФАРМ ООО | БИОФАРМ ООО,vitamin_or_baa,,0.8,"Товар относится к БАД (витаминно-минеральный комплекс). Бренд и форма выпуска указаны в названии, нозология определена как нутрицевтики. Дозировка и возрастной сегмент не указаны.",True,,pending_fallback,direction_select,,semantic_primary,success,перорально,капсулы,,,,БИАФИШЕНОЛ,,,,нутрицевтики,,перорально,,капсулы,,,,универсальный,,№180,,рыбий жир с витамином Е,
24011,451,"БИАФИШЕНОЛ РЫБИЙ ЖИР ПИЩЕВОЙ КАПС. ПО 0,35Г №120 | ЛЕТОФАРМ ООО | ЛЕТОФАРМ ООО",vitamin_or_baa,,0.8,"Товар относится к БАД (рыбий жир), поэтому rx_otc не применим. На основе названия определены форма выпуска (капсулы), дозировка (0,35 г) и упаковка (120 капсул).",True,,pending_fallback,direction_select,,semantic_primary,success,внутрь,капсулы,,,,БИАФИШЕНОЛ,,,,нутрицевтики,,перорально,,капсулы,,"0,35 г",,универсальный,,120 капсул,,,
24030,451,"БИАФИШЕНОЛ ОМЕГА 3 МАГНИЙ B6 КАПС. ПО 0,35Г №40 + КАПС. ПО 0,6Г №40 | БИОФАРМ ООО | БИОФАРМ ООО",vitamin_or_baa,,0.8,"Товар является БАД, поэтому rx_otc не применим. На основе названия определены компоненты (Омега-3, магний, B6), форма выпуска и дозировка.",True,,pending_fallback,direction_select,,semantic_primary,success,перорально,капсулы,,Комплекс,,БИАФИШЕНОЛ,,,,Комплексные профили,,перорально,,капсулы,,"0,35 г + 0,6 г",,универсальный,,№40 + №40,,"Омега-3, магний, витамин B6",
24080,451,БЕТАГИСТИН ТАБЛ. 8МГ №30 ОЗОН | ОЗОН ООО/ОЗОН ФАРМ ООО | ОЗОН ООО/ОЗОН ФАРМ ООО,drug,,0.9,"Товар относится к категории drug (лекарственный препарат). На основе текста определены МНН, форма выпуска, дозировка и показание к применению.",True,,pending_fallback,direction_select,,semantic_primary,success,внутрь,таблетки,взрослый,Бетагистин,,,,rx,,Вестибулярные нарушения и головокружение,,перорально,,таблетки,,8мг,,взрослые,,30 таблеток,,,
24095,451,БЕТАГИСТИН ТАБЛ. 16МГ №30 ОЗОН | ОЗОН ООО | ОЗОН ООО,drug,,0.95,"Товар является лекарственным препаратом (drug) с действующим веществом бетагистин. На основе названия и формы выпуска определены основные фармацевтические атрибуты, включая МНН, дозировку и путь введения.",True,,pending_fallback,direction_select,,semantic_primary,success,внутрь,таблетки,взрослый,Бетагистин,,ОЗОН,,rx,,Вестибулярные нарушения и головокружение,,перорально,,таблетки,,16 мг,,взрослые,,30 таблеток,,,
24098,451,БЕТАГИСТИН СОЛОФАРМ ТАБЛ. 16МГ №30 | ГРОТЕКС ООО | ГРОТЕКС ООО,drug,,0.95,"Товар является лекарственным препаратом (drug) с полным набором применимых атрибутов. Название и форма выпуска позволяют определить МНН, бренд, дозировку и упаковку. Препарат отпускается по рецепту и применяется внутрь.",True,,pending_fallback,direction_select,,semantic_primary,success,внутрь,таблетки,взрослый,Бетагистин,,Солофарм,,rx,,Вестибулярные нарушения и головокружение,,перорально,,таблетки,,16 мг,,взрослые,,30 таблеток,,,
24255,451,"БЕЛОДЕРМ КРЕМ Д/НАРУЖ. ПРИМ. 0,05% ТУБА 30Г | БЕЛУПО | БЕЛУПО",drug,,0.85,"Товар является лекарственным средством (drug) для наружного применения. На основе названия 'Белодерм' и концентрации 0,05% определены МНН (бетаметазон), бренд, форма выпуска и дозировка. Препарат отпускается по рецепту.",True,,pending_fallback,direction_select,,semantic_primary,success,наружно,крем,взрослые,Бетаметазон,,Белодерм,,rx,,Дерматит,,наружно,,крем,,"0,05%",,взрослые,,туба 30 г,,,
24335,451,БЕКЛОМЕТАЗОН АЭРОЗ. Д/ИНГ. ДОЗИР. 250МКГ/ДОЗА 200ДОЗ | БИННОФАРМ АО | БИННОФАРМ АО,drug,,0.95,"Товар является лекарственным препаратом (drug), поэтому все фармацевтические атрибуты применимы. На основе названия определены МНН, форма выпуска, дозировка и показание.",True,,pending_fallback,direction_select,,semantic_primary,success,ингаляционно,аэрозоль для ингаляций дозированный,взрослые,Беклометазон,,Биннофарм,,rx,,Бронхиальная астма,,ингаляционно,,аэрозоль,,250 мкг/доза,,взрослые,,200 доз,,,
24353,452,БЕББЛ ГЕЛЬ ДЛЯ ДЕСЕН ПРИ ПРОРЕЗЫВАНИИ ЗУБОВ 20МЛ | LAVENA PLC | LAVENA PLC,medical_device,hygiene_like,0.8,"Товар относится к медицинским изделиям (гигиенический профиль), поэтому фармацевтические атрибуты (МНН, рецептурность, форма, дозировка) неприменимы. Указаны бренд, возрастной сегмент и объем упаковки.",True,,pending_fallback,direction_select,,semantic_primary,success,,,дети,,,БЕББЛ,,,,,,не применимо,,не применимо,,,,дети,,20 мл,,,
24379,452,Б.ВЕЛЛ НЕБУЛАЙЗЕР WN-117 КОМПРЕССОРНЫЙ КОМПАКТНЫЙ | B.WELL SWISS AG | B.WELL SWISS AG,medical_device,clinical_like,0.7,"Товар относится к медицинским изделиям (небулайзер), для которых атрибуты mnn, rx_otc, nosology и combination_hint не применимы. Устройство не имеет лекарственной формы, дозировки или пути введения, поэтому эти поля оставлены пустыми. Бренд указан как B.WELL.",True,,pending_fallback,direction_select,,semantic_primary,success,,,,,,B.WELL,,,,,,,,,,,,,,,,,
24445,452,БАХИЛЫ МЕДИЦИНСКИЕ ПОЛИЭТИЛЕНОВЫЕ СТАНДАРТ АРТ.15 20МКМ ПАРА №1 МАРТ | МАРТ ООО | МАРТ ООО,medical_device,clinical_like,0.7,"Товар относится к медицинским изделиям (бахилы), профиль clinical_like. Для данного товара применимы только отдельные атрибуты, такие как упаковка, остальные фармацевтические поля не заполняются.",True,,pending_fallback,direction_select,,semantic_primary,success,,,,,,,,,,,,,,,,,,,,пара №1,,,
24458,452,БАТОНЧИК МЮСЛИ FOODFORTE ЯБЛОКО/КЛЮКВА 50Г | ВИТАМИН ПРОДУКТ | ВИТАМИН ПРОДУКТ,vitamin_or_baa,,0.7,"Товар относится к категории витамин/БАД (продукт-нутрицевтик). Из названия извлечены бренд, лекарственная форма и дозировка, остальные фармацевтические атрибуты не указаны.",True,,pending_fallback,direction_select,,semantic_primary,success,,батончик,,,,FOODFORTE,,,,нутрицевтики,,перорально,,батончик,,50 г,,универсальный,,,,,
24472,452,БАРХАТНЫЕ РУЧКИ КРЕМ ДЛЯ РУК РЕГЕНЕРИРУЮЩИЙ 80МЛ | КАЛИНА ОАО | КАЛИНА ОАО,cosmetic_hygiene,,0.9,"Товар относится к категории косметических средств (косметика и гигиена), поэтому фармацевтические атрибуты, такие как МНН, рецептурность, нозология, форма выпуска и дозировка, неприменимы. Из доступных атрибутов определены бренд и объем упаковки.",True,,pending_fallback,direction_select,,semantic_primary,success,,,,,,Бархатные ручки,,,,,,не применимо,,не применимо,,,,не применимо,,80 мл,,,
24480,452,БАРХАТНЫЕ РУЧКИ КРЕМ ДЛЯ РУК ДЛЯ ВСЕЙ СЕМЬИ 200МЛ | КАЛИНА ОАО | КАЛИНА ОАО,cosmetic_hygiene,,0.9,"Товар относится к категории косметика и гигиена (cosmetic_hygiene). Для данного типа продукта применимы только бренд, возрастной сегмент и упаковка, остальные фармацевтические атрибуты не используются.",True,,pending_fallback,direction_select,,semantic_primary,success,,,взрослые,,,Бархатные ручки,,,,,,не применимо,,не применимо,,,,взрослые,,200 мл,,,
24591,452,БАБУШКИНЫ РЕЦЕПТЫ ШАМПУНЬ ЛУК-ШАЛОТ ОТ ВЫПАДЕНИЯ ВОЛОС 250МЛ | ВЕСНА ООО/КУПАВА ООО/МЕДИКОМЕД ООО | ВЕСНА ООО/КУПАВА ООО/МЕДИКОМЕД ООО,cosmetic_hygiene,,0.9,"Товар относится к категории косметических средств (шампунь), поэтому фармацевтические атрибуты не применимы. Указаны бренд и объем упаковки.",True,,pending_fallback,direction_select,,semantic_primary,success,,,,,,Бабушкины рецепты,,,,,,не применимо,,не применимо,,,,не применимо,,250 мл,,,
24682,452,АЦИКЛОВИР ТАБЛ. 200МГ №20 АВЕКСИМА | ИРБИТСКИЙ ХИМЗАВОД ОАО | ИРБИТСКИЙ ХИМЗАВОД ОАО,drug,,0.9,"Товар является лекарственным препаратом (kind=drug), поэтому все фармацевтические атрибуты применимы. На основе названия определены МНН, бренд, форма выпуска, дозировка и упаковка. Возрастной сегмент и комбинированный состав не указаны.",True,,pending_fallback,direction_select,,semantic_primary,success,перорально,таблетки,,Ацикловир,,Авексима,,rx,,Инфекции глаз вирусные и герпетические,,перорально,,таблетки,,200 мг,,,,20 таблеток,,,
24750,452,АЦЕТИЛСАЛИЦИЛОВАЯ КИСЛОТА ПЛЮС РЕНЕВАЛ ТАБЛ. 500МГ+25МГ №20 | ОБНОВЛЕНИЕ ПФК АО | ОБНОВЛЕНИЕ ПФК АО,drug,,0.85,"Препарат относится к группе лекарственных средств (drug), содержит ацетилсалициловую кислоту и аскорбиновую кислоту. На основе названия и формы выпуска определены основные фармацевтические атрибуты.",True,,pending_fallback,direction_select,,semantic_primary,success,внутрь,таблетки,взрослые,Ацетилсалициловая кислота + Аскорбиновая кислота,,Реневал,,Без рецепта,,ИБС антиагреганты взрослые внутрь,,перорально,,таблетки,,500мг+25мг,,взрослые,,№20,,комбинированный,
24789,452,АХРОМИН МАСКА-ПЛЕНКА ДЛЯ ГЛУБОКОГО ОЧИЩЕНИЯ КОЖИ С АКТИВИРОВАННЫМ УГЛЕМ 75МЛ | Гамма косметик ООО | Гамма косметик ООО,cosmetic_hygiene,,0.9,"Товар относится к категории косметика и гигиена (косметическое средство). Для данного типа продукта применимы только бренд, возрастной сегмент и упаковка, остальные фармацевтические атрибуты не применимы.",True,,pending_fallback,direction_select,,semantic_primary,success,,,,,,АХРОМИН,,,,,,не применимо,,не применимо,,,,не применимо,,75 мл,,,
24801,453,АХРОМИН SUN-BLOCKING КРЕМ СОЛНЦЕЗАЩИТНЫЙ ДЛЯ ЛИЦА И ТЕЛА SPF30 250МЛ | МЕДИКОМЕД НПФ ООО | МЕДИКОМЕД НПФ ООО,cosmetic_hygiene,,0.9,"Товар относится к категории косметика и гигиена (cosmetic_hygiene), поэтому фармацевтические атрибуты (МНН, рецептурность, нозология, форма выпуска, дозировка) неприменимы. Из доступных полей заполнены бренд и объем упаковки.",True,,pending_fallback,direction_select,,semantic_primary,success,,,,,,АХРОМИН,,,,,,не применимо,,не применимо,,,,не применимо,,250 мл,,,
24802,453,АХРОМИН ANTI-PIGMENT ПЕНКА-МУСС ДЛЯ УМЫВАНИЯ 150МЛ | ОКЕАН ПЛЮС ООО | ОКЕАН ПЛЮС ООО,cosmetic_hygiene,,0.9,"Товар относится к категории косметических средств (косметика и гигиена), поэтому фармацевтические атрибуты, такие как МНН, рецептурность, нозология, форма выпуска и дозировка, неприменимы. Из доступных атрибутов определены бренд и объем упаковки.",True,,pending_fallback,direction_select,,semantic_primary,success,,,,,,АХРОМИН,,,,,,не применимо,,не применимо,,,,не применимо,,150 мл,,,
24835,453,"АФЛОКРЕМ ЭМОЛИЕНТ ДЛЯ ОСОБО ЧУВСТВИТЕЛЬНОЙ КОЖИ ФЛ. 95МЛ | БЕЛУПО, ЛЕКАРСТВА И КОСМЕТИКА Д.Д. | БЕЛУПО, ЛЕКАРСТВА И КОСМЕТИКА Д.Д.",cosmetic_hygiene,,0.8,"Товар относится к категории косметика и гигиена (косметическое средство для ухода за кожей). Согласно профилю атрибутов, заполнены только бренд и упаковка, остальные фармацевтические поля не применимы.",True,,pending_fallback,direction_select,,semantic_primary,success,,,,,,Афлокрем,,,,,,не применимо,,не применимо,,,,не применимо,,флакон 95 мл,,,
24896,453,АТОРВАСТАТИН-ФП ТАБЛ. П/ПЛЕН/ОБ. 20МГ №30 | ФАРМПРОЕКТ АО | ФАРМПРОЕКТ АО,drug,,0.95,Товар является лекарственным препаратом (drug) с активным веществом аторвастатин. Атрибуты извлечены из названия и стандартных характеристик препарата.,True,,pending_fallback,direction_select,,semantic_primary,success,внутрь,"таблетки, покрытые пленочной оболочкой",взрослые,Аторвастатин,,,,rx,,Дислипидемия,,перорально,,таблетки,,20мг,,взрослые,,30 таблеток,,,
24901,453,АТОРВАСТАТИН-ТЕВА ТАБЛ. П/ПЛЕН/ОБ. 10МГ №30 АЛКАЛОИД | АЛКАЛОИД АД Скопье | АЛКАЛОИД АД Скопье,drug,,0.95,Товар является лекарственным препаратом (drug) с действующим веществом аторвастатин. Атрибуты извлечены из названия и стандартных характеристик препарата.,True,,pending_fallback,direction_select,,semantic_primary,success,внутрь,"таблетки, покрытые пленочной оболочкой",взрослые,Аторвастатин,,Аторвастатин-Тева,,rx,,Дислипидемия,,перорально,,таблетки,,10мг,,взрослые,,30 таблеток,,,
24945,453,АТОРВАСТАТИН-СЗ ТАБЛ. П/ПЛЕН/ОБ. 20МГ №30 | СЕВЕРНАЯ ЗВЕЗДА НАО | СЕВЕРНАЯ ЗВЕЗДА НАО,drug,,0.95,"Товар является лекарственным препаратом (drug) с полным набором применимых атрибутов. Название и форма выпуска позволяют точно определить МНН, дозировку и упаковку.",True,,pending_fallback,direction_select,,semantic_primary,success,внутрь,"таблетки, покрытые пленочной оболочкой",взрослый,Аторвастатин,,Аторвастатин-СЗ,,rx,,Дислипидемия,,перорально,,таблетки,,20мг,,взрослые,,30 таблеток,,,
24957,453,АТОРВАСТАТИН МЕДИСОРБ ТАБЛ. П/ПЛЕН/ОБ. 40МГ №30 | МЕДИСОРБ АО | МЕДИСОРБ АО,drug,,0.95,"Товар является лекарственным препаратом (drug), поэтому все фармацевтические атрибуты применимы. На основе названия определены МНН, бренд, форма, дозировка и упаковка. Препарат относится к рецептурным, применяется внутрь для лечения дислипидемии у взрослых.",True,,pending_fallback,direction_select,,semantic_primary,success,внутрь,"таблетки, покрытые пленочной оболочкой",взрослые,Аторвастатин,,Медисорб,,rx,,Дислипидемия,,перорально,,таблетки,,40 мг,,взрослые,,30 таблеток,,,
25127,453,АСПЕРА МАСЛО КОСМЕТИЧЕСКОЕ МАКАДАМИИ 10МЛ | Аспера пк ООО | Аспера пк ООО,cosmetic_hygiene,,0.9,"Товар относится к категории косметических средств (косметическое масло макадамии). Для данного типа продукта применимы только бренд, возрастной сегмент и упаковка, остальные фармацевтические атрибуты не используются.",True,,pending_fallback,direction_select,,semantic_primary,success,,,,,,Аспера,,,,,,не применимо,,не применимо,,,,не применимо,,10 мл,,,
25276,453,АСКОРБИНОВАЯ КИСЛОТА-МАРБИОФАРМ С САХАРОМ ТАБЛ. СО ВКУСОМ КЛУБНИКИ 25МГ №10 | МАРБИОФАРМ ОАО | МАРБИОФАРМ ОАО,vitamin_or_baa,,0.9,"Товар относится к витаминам (витамин C). Атрибуты rx_otc не применимы для данной категории, поэтому указаны как null. Остальные поля заполнены на основе названия и информации о производителе.",True,,pending_fallback,direction_select,,semantic_primary,success,перорально,таблетки,,Аскорбиновая кислота,,Марбиофарм,,,,Витамин C (аскорбиновая кислота),,перорально,,таблетки,,25 мг,,универсальный,,10 таблеток,,монопрепарат,
25424,453,АРТОГИСТАН Р-Р ДЛЯ В/М ВВЕД. 100МГ/МЛ АМП. 2МЛ №10 | ГРОТЕКС ООО | ГРОТЕКС ООО,drug,,0.85,"Товар является лекарственным препаратом (drug), поэтому заполнены применимые фармацевтические атрибуты. Название и форма выпуска указаны в тексте, МНН и нозология не определены.",True,,pending_fallback,direction_select,,semantic_primary,success,в/м,раствор для инъекций,,,,Артогистан,,rx,,,,инъекционное,,раствор,,100 мг/мл,,,,ампулы 2 мл №10,,,
25503,454,АРМА ЛЕЙКОПЛАСТЫРЬ МЕДИЦИНСКИЙ ОХЛАЖДАЮЩИЙ С МЯТОЙ 11Х4СМ №2 | БЕРГУС ООО | БЕРГУС ООО,medical_device,clinical_like,0.8,"Товар относится к медицинским изделиям (клинический тип), поэтому MNN, rx_otc, nosology и combination_hint не применимы. Определены бренд, форма выпуска и упаковка.",True,,pending_fallback,direction_select,,semantic_primary,success,наружно,пластырь,,,,АРМА,,,,,,наружно,,пластырь,,,,,,11х4 см №2,,,
25599,454,АПИЛАК ТАБЛ. П/ЯЗЫЧН. 10МГ №30 ВИФИТЕХ | ВИФИТЕХ | ВИФИТЕХ,drug,,0.7,"Товар относится к категории drug (гормональные препараты). Из текста извлечены форма выпуска, дозировка и упаковка, но MNN и другие атрибуты не указаны.",True,,pending_fallback,direction_select,,semantic_primary,success,сублингвально,таблетки подъязычные,,,,Вифитех,,,,,,сублингвально,,таблетки,,10 мг,,,,30 таблеток,,,
25620,454,АНТИПОЛИЦАЙ СПРЕЙ ОСВЕЖИТЕЛЬ ДЛЯ ПОЛОСТИ РТА МЯТА 10МЛ | АС-КОМ НПК ООО | АС-КОМ НПК ООО,other,,0.7,"Товар относится к категории 'other' (освежитель для полости рта). Согласно профилю атрибутов, заполнены только бренд и упаковка, остальные фармацевтические поля неприменимы.",True,,pending_fallback,direction_select,,semantic_primary,success,,,,,,Антиполицай,,,,,,не применимо,,не применимо,,,,не применимо,,10 мл,,,
25707,454,АНГИОРУС ТАБЛ. П/ПЛЕН/ОБ. 100МГ+900МГ №30 АЛИУМ | АЛИУМ АО | АЛИУМ АО,drug,,0.7,"Товар относится к категории drug (лекарственный препарат). На основе текста определены форма выпуска, дозировка и упаковка, но МНН и показания не указаны.",True,,pending_fallback,direction_select,,semantic_primary,success,перорально,"таблетки, покрытые пленочной оболочкой",,,,Ангиорус,,,,,,перорально,,таблетки,,100 мг + 900 мг,,,,30 таблеток,,комбинированный препарат,
25716,454,АНГИОВИТ МАГНИЙ КАПС №60 | АЛТАЙВИТАМИНЫ ЗАО | АЛТАЙВИТАМИНЫ ЗАО,vitamin_or_baa,,0.7,"Товар относится к БАД (витаминно-минеральный комплекс). Атрибут rx_otc не применим для БАД. Дозировка не указана в названии, поэтому поле dosage оставлено пустым.",True,,pending_fallback,direction_select,,semantic_primary,success,перорально,капсулы,,,,Ангиовит,,,,нутрицевтики,,перорально,,капсулы,,,,универсальный,,60 капсул,,комбинированный,
25857,454,АМРА САЛФЕТКИ ВЛАЖНЫЕ ДЛЯ ДЕТСКОЙ ГИГИЕНЫ ОСВЕЖАЮЩИЕ №48 | БУМФА ГРУПП ООО | БУМФА ГРУПП ООО,cosmetic_hygiene,,0.9,"Товар относится к категории косметических гигиенических средств (влажные салфетки для детской гигиены). Согласно профилю атрибутов, заполнены только бренд, возрастной сегмент и упаковка, остальные фармацевтические поля неприменимы.",True,,pending_fallback,direction_select,,semantic_primary,success,,,детский,,,АМРА,,,,,,не применимо,,не применимо,,,,дети,,48 салфеток,,,
25865,454,"АМПРИЛАН ТАБЛ. 5МГ №30 | КРКА Д.Д., НОВО МЕСТО АО/КРКА-РУС ООО | КРКА Д.Д., НОВО МЕСТО АО/КРКА-РУС ООО",drug,,0.9,"Товар является лекарственным препаратом (drug) с полным набором применимых атрибутов. На основе названия определены МНН (рамиприл), бренд, форма выпуска, дозировка и упаковка.",True,,pending_fallback,direction_select,,semantic_primary,success,перорально,таблетки,взрослые,рамиприл,,Амприлан,,rx,,Артериальная гипертензия,,перорально,,таблетки,,5 мг,,взрослые,,30 таблеток,,,
25982,454,АМЛОДИПИН ТАБЛ. 10МГ №30 РОЗЛЕКС | РОЗЛЕКС ФАРМ ООО | РОЗЛЕКС ФАРМ ООО,drug,,0.9,"Товар является лекарственным препаратом (drug) с активным веществом амлодипин, что подтверждается названием. Атрибуты соответствуют профилю drug, поэтому заполнены основные фармацевтические характеристики, включая МНН, форму, дозировку и упаковку.",True,,pending_fallback,direction_select,,semantic_primary,success,внутрь,таблетки,взрослые,Амлодипин,,,,rx,,Гипертония и ИБС,,перорально,,таблетки,,10 мг,,взрослые,,30 таблеток,,,
26001,454,АМЛОДИПИН-ПРАНА ТАБЛ. 10МГ №60 | ПРАНАФАРМ ООО | ПРАНАФАРМ ООО,drug,,0.95,"Товар является лекарственным препаратом (drug) с полным набором применимых атрибутов. Название и форма выпуска позволяют определить МНН, бренд, дозировку и упаковку.",True,,pending_fallback,direction_select,,semantic_primary,success,перорально,таблетки,взрослые,Амлодипин,,Амлодипин-Прана,,rx,,Гипертензия,,перорально,,таблетки,,10 мг,,взрослые,,60 таблеток,,,
26038,454,АМЛОДИПИН-АЛСИ ТАБЛ. 10МГ №90 | АЛСИ ФАРМА АО | АЛСИ ФАРМА АО,drug,,0.9,"Товар является лекарственным препаратом (drug) с действующим веществом амлодипин, что подтверждается названием и формой выпуска. Атрибуты, такие как МНН, бренд, форма, дозировка и возрастной сегмент, определены из текста. Комбинированный препарат не указан, поэтому combination_hint отсутствует.",True,,pending_fallback,direction_select,,semantic_primary,success,внутрь,таблетки,взрослые,Амлодипин,,Амлодипин-АЛСИ,,rx,,Гипертония и ИБС,,перорально,,таблетки,,10мг,,взрослые,,№90,,,
26068,455,АМИНАЛОН ТАБЛ. П/О 250МГ №50 БОРИСОВСКИЙ ЗМП | БОРИСОВСКИЙ ЗАВОД МЕДИЦИНСКИХ ПРЕПАРАТОВ | БОРИСОВСКИЙ ЗАВОД МЕДИЦИНСКИХ ПРЕПАРАТОВ,drug,,0.85,"Товар является лекарственным препаратом (drug) с действующим веществом гамма-аминомасляная кислота. На основе названия и формы выпуска определены основные атрибуты, включая дозировку и упаковку.",True,,pending_fallback,direction_select,,semantic_primary,success,внутрь,"таблетки, покрытые оболочкой",взрослые,Гамма-аминомасляная кислота,,Аминалон,,rx,,Нарушения мозгового кровообращения,,перорально,,таблетки,,250 мг,,взрослые,,50 таблеток,,,
26113,455,АМБРОКСОЛ ТАБЛ. 30МГ №20 КАНОНФАРМА | КАНОНФАРМА ПРОДАКШН ЗАО | КАНОНФАРМА ПРОДАКШН ЗАО,drug,,0.9,"Товар является лекарственным препаратом (drug), поэтому все фармацевтические атрибуты применимы. На основе названия определены МНН, бренд, форма выпуска, дозировка и возрастной сегмент.",True,,pending_fallback,direction_select,,semantic_primary,success,внутрь,таблетки,взрослые,Амброксол,,Канонфарма,,otc,,Кашель с вязкой мокротой,,перорально,,таблетки,,30 мг,,взрослые,,20 таблеток,,,
26115,455,АМБРОКСОЛ ТАБЛ. 30МГ №20 ВЕРТЕКС | ВЕРТЕКС АО | ВЕРТЕКС АО,drug,,0.95,"Товар является лекарственным препаратом (drug) с полным набором применимых атрибутов. Название и форма выпуска позволяют точно определить МНН, дозировку и упаковку.",True,,pending_fallback,direction_select,,semantic_primary,success,внутрь,таблетки,взрослые,Амброксол,,Вертекс,,rx,,Кашель с вязкой мокротой,,перорально,,таблетки,,30 мг,,взрослые,,20 таблеток,,,
26252,455,АЛЬБАДЕНТ СПРЕЙ ДЛЯ ПОЛОСТИ РТА ЯБЛОКО 35МЛ | ВИТА ООО ХБО ПРИ РАН ФИРМА | ВИТА ООО ХБО ПРИ РАН ФИРМА,vitamin_or_baa,,0.6,"Товар относится к категории витаминов/БАД, но в названии указана форма выпуска (спрей для полости рта) и объем. Недостаточно данных для определения действующего вещества, бренда и других атрибутов.",True,,pending_fallback,direction_select,,semantic_primary,success,местно,спрей,,,,,,,,,,,,спрей,,,,универсальный,,35 мл,,,
26259,455,АЛЬБАДЕНТ СПРЕЙ ДЛЯ ПОЛОСТИ РТА ИМБИРЬ 35МЛ | ВИТА ООО ХБО ПРИ РАН ФИРМА | ВИТА ООО ХБО ПРИ РАН ФИРМА,vitamin_or_baa,,0.6,"Товар относится к БАДам (product_kind=vitamin_or_baa), поэтому rx_otc не применим. На основе названия и семейства 'БАДы для профилактики ОРВИ' определена nosology как нутрицевтики, форма выпуска — спрей, путь введения — местное применение. Дозировка и возрастной сегмент не указаны.",True,,pending_fallback,direction_select,,semantic_primary,success,местное применение,спрей,,,,,,,,нутрицевтики,,наружно,,спрей,,,,универсальный,,35 мл,,,
26279,455,АЛФИТ-13 ФИТОСБОР КЛИМАКТЕРИЧЕСКИЙ 2Г №60 | ГАЛЕН ФАРМАЦЕВТИЧЕСКИЙ ЗАВОД ООО | ГАЛЕН ФАРМАЦЕВТИЧЕСКИЙ ЗАВОД ООО,other,,0.7,"Товар относится к категории 'other' (фитосбор). Согласно профилю атрибутов, применимы только бренд и упаковка, остальные фармацевтические поля не заполняются.",True,,pending_fallback,direction_select,,semantic_primary,success,,,,,,АЛФИТ-13,,,,,,не применимо,,не применимо,,,,не применимо,,60,,,
26319,455,"АЛТАЙ ФИТОЧАЙ КИПРЕЯ ТРАВА Ф/П 1,5Г №20 | АЛТАЙСКИЙ КЕДР ООО | АЛТАЙСКИЙ КЕДР ООО",drug,,0.7,"Товар является лекарственным растительным препаратом (фиточай), поэтому применимы фармацевтические атрибуты. Бренд указан как производитель, форма выпуска и дозировка определены из названия, но МНН и нозология не установлены.",True,,pending_fallback,direction_select,,semantic_primary,success,внутрь,фиточай,,,,АЛТАЙСКИЙ КЕДР,,otc,,,,перорально,,фильтр-пакеты,,"1,5 г",,,,20 пакетиков,,,
26508,455,АЛЕРАНА ШАМПУНЬ БИО КЕРАТИН ВОССТАНОВЛЕНИЕ 400МЛ | ВЕРТЕКС АО | ВЕРТЕКС АО,cosmetic_hygiene,,0.9,"Товар относится к категории косметика/гигиена (шампунь). Для данного типа продукта применимы только бренд, возрастной сегмент и упаковка, остальные фармацевтические атрибуты не применимы.",True,,pending_fallback,direction_select,,semantic_primary,success,,,,,,АЛЕРАНА,,,,,,не применимо,,не применимо,,,,не применимо,,400 мл,,,
26570,455,АКУЛЬЯ СИЛА АКУЛИЙ РЕТИНОЛ КРЕМ-СЫВОРОТКА ВОКРУГ ГЛАЗ БРАЗИЛЬСКИЙ ЖЕНЬШЕНЬ И БЕЛАЯ ЛИЛИЯ 50МЛ | ТВИНС ТЭК АО | ТВИНС ТЭК АО,cosmetic_hygiene,,0.9,"Товар относится к категории косметических средств (косметика и гигиена), поэтому фармацевтические атрибуты, такие как МНН, рецептурность, нозология, форма выпуска и дозировка, неприменимы. Из доступных данных извлечены бренд и объем упаковки.",True,,pending_fallback,direction_select,,semantic_primary,success,,,,,,Твинс Тэк,,,,,,не применимо,,не применимо,,,,не применимо,,50 мл,,,
26572,455,АКУЛЬЯ СИЛА АКУЛИЙ РЕТИНОЛ КРЕМ-КОРРЕКТОР ДЛЯ ЛИЦА ДНЕВНОЙ МАСЛО ШИ С ФРУКТОВЫМИ КИСЛОТАМИ 50МЛ | ТВИНС ТЭК АО | ТВИНС ТЭК АО,cosmetic_hygiene,,0.8,"Товар относится к категории косметических средств (косметика и гигиена), поэтому фармацевтические атрибуты, такие как МНН, рецептурность, нозология, форма выпуска и дозировка, не применимы. Из доступных данных определены бренд и объем упаковки.",True,,pending_fallback,direction_select,,semantic_primary,success,,,,,,Твинс Тэк,,,,,,не применимо,,не применимо,,,,не применимо,,50 мл,,,
26934,456,АЙДИ SLIP BASIC ULTRА ПОДГУЗНИКИ ДЛЯ ВЗРОСЛЫХ Р.L №10 | ОНТЭКС РУ ООО | ОНТЭКС РУ ООО,medical_device,hygiene_like,0.9,"Товар относится к медицинским изделиям (гигиенический тип), поэтому фармацевтические атрибуты не применимы. Из названия извлечены бренд, возрастной сегмент и количество в упаковке.",True,,pending_fallback,direction_select,,semantic_primary,success,,,взрослые,,,ОНТЭКС,,,,,,не применимо,,не применимо,,,,взрослые,,10 штук,,,
26945,456,АЙДИ PREMIUM LIGHT ПРОКЛАДКИ УРОЛОГИЧЕСКИЕ УЛЬТРА МИНИ №22 | ОНТЭКС РУ ООО | ОНТЭКС РУ ООО,medical_device,hygiene_like,0.9,"Товар относится к медицинским изделиям (гигиенические прокладки), поэтому фармацевтические атрибуты не применимы. Заполнены только допустимые поля: бренд, возрастной сегмент и количество в упаковке.",True,,pending_fallback,direction_select,,semantic_primary,success,,,взрослые,,,Айди Premium Light,,,,,,не применимо,,не применимо,,,,взрослые,,№22,,,
26987,456,АИРА КОРНЕВИЩА 50Г ЗДОРОВЬЕ | ЗДОРОВЬЕ ФИРМА ООО | ЗДОРОВЬЕ ФИРМА ООО,other,,0.7,"Товар относится к категории 'other', поэтому большинство фармацевтических атрибутов неприменимы. Извлечены только бренд и указание на упаковку.",True,,pending_fallback,direction_select,,semantic_primary,success,,,,,,ЗДОРОВЬЕ,,,,,,не применимо,,не применимо,,,,не применимо,,50г,,,
27066,456,АЕ ВИТАМИНЫ-ФОРТЕ МУЛЬТИФОРТЕ КАПС. №30 | ФАРМГРУПП ООО | ФАРМГРУПП ООО,vitamin_or_baa,,0.7,"Товар относится к категории витаминов или БАД, является комплексным витаминным препаратом. Название указывает на мультивитаминный состав, поэтому mnn установлен как 'Комплекс', а nosology как 'комплексные профили'. Дозировка не указана, поэтому поле dosage оставлено пустым.",True,,pending_fallback,direction_select,,semantic_primary,success,перорально,капсулы,,Комплекс,,,,,,комплексные профили,,перорально,,капсулы,,,,универсальный,,30 капсул,,,
27070,456,АЕ ВИТАМИН МИРРОЛЛА С ПРИРОДНЫМИ ВИТАМИНАМИ КАПС. 270МГ №30 | МИРРОЛЛА ООО | МИРРОЛЛА ООО,vitamin_or_baa,,0.85,"Товар относится к категории витаминов и БАД, поэтому rx_otc не применим. На основе названия и подсказок определены МНН, бренд, форма выпуска, дозировка и путь введения. Возрастной сегмент и комбинированный характер не указаны.",True,,pending_fallback,direction_select,,semantic_primary,success,перорально,капсулы,,Витамин A (ретинола ацетат),,МИРРОЛЛА,,,,Моно-витамины витамин A (ретинола ацетат/пальмитат),,перорально,,капсулы,,270 мг,,универсальный,,30 капсул,,,
27105,456,А-ДЕРМА ГЕЛЬ УВЛАЖНЯЮЩИЙ ОЧИЩАЮЩИЙ 200МЛ | PIERRE FABRE DERMOCOSMETIQUE | PIERRE FABRE DERMOCOSMETIQUE,cosmetic_hygiene,,0.9,"Товар относится к категории косметика и гигиена (cosmetic_hygiene), поэтому фармацевтические атрибуты (МНН, рецептурность, нозология, форма выпуска, дозировка) неприменимы. Из доступных атрибутов определены бренд и объем упаковки.",True,,pending_fallback,direction_select,,semantic_primary,success,,,,,,А-ДЕРМА,,,,,,не применимо,,не применимо,,,,не применимо,,200 мл,,,
27108,456,А-ДЕРМА DERMALIBOUR+ КРЕМ ЗАЖИВЛЯЮЩИЙ 50МЛ | PIERRE FABRE DERMOCOSMETIQUE | PIERRE FABRE DERMOCOSMETIQUE,medical_device,clinical_like,0.7,"Товар относится к медицинским изделиям (клинический профиль), поэтому MNN, рецептурность, нозология и комбинационные признаки неприменимы. Определены форма выпуска (крем), путь введения (наружно) и объем упаковки (50 мл) на основе текста.",True,,pending_fallback,direction_select,,semantic_primary,success,наружно,крем,,,,А-ДЕРМА DERMALIBOUR+,,,,,,наружно,,крем,,,,,,50 мл,,,
27128,456,АГОМЕЛАТИН ТАБЛ. П/ПЛЕН/ОБ. 25МГ №28 | ОЗОН ООО | ОЗОН ООО,drug,,0.9,"Товар является лекарственным препаратом (drug) с активным веществом агомелатин. На основе названия и формы выпуска определены основные фармацевтические атрибуты, включая МНН, путь введения, лекарственную форму, дозировку и возрастной сегмент.",True,,pending_fallback,direction_select,,semantic_primary,success,peroral,"таблетки, покрытые пленочной оболочкой",adult,Агомелатин,,,,rx,,Депрессивные расстройства,,,,таблетки,,25 мг,,взрослые,,28 таблеток,,,
27250,456,АВЕН КРЕМ СОЛНЦЕЗАЩИТНЫЙ SPF50+ БЕЗ ОТДУШЕК 50МЛ | PIERRE FABRE DERMOCOSMETIQUE | PIERRE FABRE DERMOCOSMETIQUE,cosmetic_hygiene,,0.9,"Товар относится к категории косметика/гигиена (cosmetic_hygiene), поэтому фармацевтические атрибуты (МНН, рецептурность, нозология, форма, дозировка) неприменимы. Из доступных атрибутов определены бренд и объем упаковки.",True,,pending_fallback,direction_select,,semantic_primary,success,,,,,,AVENE,,,,,,не применимо,,не применимо,,,,не применимо,,50 мл,,,
27282,456,ZDOKTOR КРЕМ-КОМПРЕСС ДЛЯ ТЕЛА СОГРЕВАЮЩИЙ 60МЛ | ЗЕЛЕНАЯ ДУБРАВА ЗАО | ЗЕЛЕНАЯ ДУБРАВА ЗАО,cosmetic_hygiene,,0.85,"Товар относится к категории косметика и гигиена (косметическое средство для тела). Согласно профилю атрибутов, заполняются только бренд, возрастной сегмент и упаковка; остальные фармацевтические поля неприменимы.",True,,pending_fallback,direction_select,,semantic_primary,success,,,,,,Зеленая Дубрава,,,,,,не применимо,,не применимо,,,,не применимо,,60 мл,,,
27302,457,VITIME МУЛЬТИВИТАМИНЫ ПАСТИЛКИ ЖЕВАТ. МАРМЕЛАДНЫЕ ПО 2500МГ №30 АПЕЛЬСИН | ВТФ ООО | ВТФ ООО,vitamin_or_baa,,0.8,"Товар является мультивитаминным комплексом в форме жевательных пастилок, поэтому mnn указан как 'Комплекс', а nosology соответствует комплексным профилям. Rx_otc не применим для витаминов и БАДов, поэтому оставлен null.",True,,pending_fallback,direction_select,,semantic_primary,success,перорально,пастилки жевательные,,Комплекс,,VITIME,,,,комплексные профили,,перорально,,таблетки жевательные,,2500 мг,,универсальный,,30,,,
27314,457,VITAVALLIS ПОВЯЗКА САМОКЛЕЮЩАЯСЯ АНТИМИКРОБНАЯ СОРБЦ. СТЕРИЛ. ДЛЯ ДЛИТЕЛЬНО НЕЗАЖИВАЮЩИХ РАН 10Х10СМ №1 | АКВЕЛИТ ООО | АКВЕЛИТ ООО,medical_device,clinical_like,0.85,"Товар относится к медицинским изделиям (клинический профиль), поэтому MNN, рецептурность и нозология не применимы. Указаны форма выпуска (повязка), путь введения (наружно) и упаковка.",True,,pending_fallback,direction_select,,semantic_primary,success,наружно,повязка,,,,VITAVALLIS,,,,,,наружно,,,,,,,,10х10 см №1,,,
27397,457,SVR СПИРИАЛ ДЕЗОДОРАНТ КРЕМ 50МЛ | LABORATOIRE SVR | LABORATOIRE SVR,cosmetic_hygiene,,0.9,"Товар относится к категории косметика и гигиена (дезодорант-крем). Для данного типа продукта применимы только бренд, возрастной сегмент и упаковка, остальные фармацевтические атрибуты не используются.",True,,pending_fallback,direction_select,,semantic_primary,success,,,,,,SVR,,,,,,не применимо,,не применимо,,,,не применимо,,50 мл,,,
27438,457,SH PHARMA БАЛАНЕКС КРЕМ-ГЕЛЬ ДЛЯ ТЕЛА ЗАЩИТНЫЙ 20Г | АВЕН ООО | АВЕН ООО,cosmetic_hygiene,,0.8,"Товар относится к категории косметических средств (косметика и гигиена), поэтому фармацевтические атрибуты, такие как МНН, рецептурность, нозология, форма выпуска и дозировка, не применимы. Извлечены только бренд и подсказка по упаковке.",True,,pending_fallback,direction_select,,semantic_primary,success,,,,,,Баланэкс,,,,,,не применимо,,не применимо,,,,не применимо,,20 г,,,
27498,457,PRIMEBAR КОЛЛАГЕН СО ВКУСОМ МОХИТО 200Г | БАРГУС ПРОДАКШН ООО | БАРГУС ПРОДАКШН ООО,vitamin_or_baa,,0.7,"Товар относится к БАД (продукт kind vitamin_or_baa, семейство БАД). Из названия извлечены бренд, форма выпуска (батончик) и масса упаковки. Дозировка и возрастной сегмент не указаны, поэтому оставлены пустыми.",True,,pending_fallback,direction_select,,semantic_primary,success,перорально,батончик,,,,PRIMEBAR,,,,нутрицевтики,,перорально,,батончик,,,,универсальный,,200 г,,,
27512,457,PEPTIDE EXPERT КРЕМ-ЛИФТИНГ ДЛЯ ЛИЦА ДНЕВНОЙ УВЛАЖНЯЮЩИЙ 50МЛ | НИКОЛЬ ООО | НИКОЛЬ ООО,cosmetic_hygiene,,0.9,"Товар относится к категории косметики и гигиены (cosmetic_hygiene), поэтому фармацевтические атрибуты, такие как МНН, рецептурность, нозология, путь введения, лекарственная форма и дозировка, неприменимы. Из доступных атрибутов определены бренд и объем упаковки.",True,,pending_fallback,direction_select,,semantic_primary,success,,,,,,PEPTIDE EXPERT,,,,,,не применимо,,не применимо,,,,не применимо,,50 мл,,,
27600,457,MED 2000 ИНГАЛЯТОР КОМПРЕССОРНЫЙ ДЕТСКИЙ СОБАЧКА С СУМКОЙ | MED 2000 S.P.A | MED 2000 S.P.A,medical_device,clinical_like,0.9,"Товар является медицинским изделием (компрессорный ингалятор) с клиническим профилем, поэтому для него применимы форма выпуска, путь введения и возрастной сегмент. MNN, рецептурность, нозология и комбинированный признак не применимы.",True,,pending_fallback,direction_select,,semantic_primary,success,ингаляционно,компрессорный ингалятор,детский,,,MED 2000,,,,,,ингаляционно,,,,,,дети,,с сумкой,,,
27637,457,"L-ЦИСТЕИН 500МГ (L-CYSTEINE 500MG) КАПС. МАССОЙ 0,55Г №60 | ЭВАЛАР ЗАО | ЭВАЛАР ЗАО | 500 MG",vitamin_or_baa,,0.85,"Товар относится к категории витаминов и БАД (нутрицевтики). Атрибуты rx_otc не применимы для данной категории, поэтому возвращено null. Остальные атрибуты извлечены на основе названия и информации о продукте.",True,,pending_fallback,direction_select,,semantic_primary,success,перорально,капсулы,взрослые,Цистеин,,Эвалар,,,,нутрицевтики,,перорально,,капсулы,,500 мг,,взрослые,,60 капсул,,,
27668,457,LION KIDS SAFE ЩЕТКА ЗУБНАЯ ДЕТСКАЯ С ИОНАМИ СЕРЕБРА ОТ 4 ДО 6 ЛЕТ ШАГ 2 | LION CORPORATION | LION CORPORATION,medical_device,hygiene_like,0.9,"Товар является медицинским изделием гигиенического типа (детская зубная щетка). Согласно профилю атрибутов, применимы только бренд, возрастной сегмент и упаковка, остальные фармацевтические поля не заполняются.",True,,pending_fallback,direction_select,,semantic_primary,success,,,4-6 лет,,,LION,,,,,,не применимо,,не применимо,,,,дети,,1 шт,,,
27726,457,INSTITUTE ESTELARE KOREA СЫВОРОТКА-ФИЛЛЕР БОТОКС-ЭФФЕКТ ДЛЯ ЛИЦА И ОБЛАСТИ ГЛАЗ 2Г №4 | ANCORS CO. LTD. | ANCORS CO. LTD.,cosmetic_hygiene,,0.9,"Товар относится к категории косметических средств (косметика и гигиена), поэтому фармацевтические атрибуты, такие как МНН, рецептурность, нозология, форма выпуска и дозировка, неприменимы. Из доступных атрибутов заполнены бренд (ESTELARE) и упаковка (2 г №4).",True,,pending_fallback,direction_select,,semantic_primary,success,,,,,,ESTELARE,,,,,,не применимо,,не применимо,,,,не применимо,,2 г №4,,,
27741,458,GROSSHERTZ ЛЮТЕИН ФОРТЕ ВИТАМИНЫ ДЛЯ ГЛАЗ ВИТАМИР ТАБЛ. П/О ПО 618МГ №30 | КВАДРАТ-С ООО | КВАДРАТ-С ООО,vitamin_or_baa,,0.85,"Товар относится к категории витаминов и БАД (vitamin_or_baa). Препарат содержит лютеин, предназначен для поддержки зрения, что позволяет определить MNN, нозологию и форму выпуска. Поле rx_otc не применимо для данной категории.",True,,pending_fallback,direction_select,,semantic_primary,success,перорально,"таблетки, покрытые оболочкой",взрослые,Лютеин,,Grosshertz,,,,Комплексные профили,,перорально,,таблетки,,618 мг,,взрослые,,30 таблеток,,Комплексный препарат,
27744,458,GROSSHERTZ ВИТАМИННЫЙ КОМПЛЕКС А-ZN ДЛЯ МУЖЧИН ТАБЛ. П/О ПО 900МГ №30 | КВАДРАТ-С ООО | КВАДРАТ-С ООО,vitamin_or_baa,,0.8,"Товар относится к витаминно-минеральным комплексам (kind: vitamin_or_baa). Указаны форма выпуска, дозировка и упаковка, поэтому заполнены соответствующие поля. Rx/OTC не применим для данной категории.",True,,pending_fallback,direction_select,,semantic_primary,success,перорально,"таблетки, покрытые оболочкой",взрослые,Комплекс,,Grosshertz,,,,Комплексные профили,,перорально,,таблетки,,900 мг,,взрослые,,30 таблеток,,витаминно-минеральный комплекс,
27874,458,GLS ВИТАМИН А КАПС. 400МГ №60 | ГЛОБАЛ ХЭЛФКЕАР ООО | ГЛОБАЛ ХЭЛФКЕАР ООО,vitamin_or_baa,,0.9,"Товар относится к витаминам (БАД), поэтому rx_otc не применим. На основе названия определены витамин A, форма выпуска (капсулы), дозировка и количество в упаковке.",True,,pending_fallback,direction_select,,semantic_primary,success,перорально,капсулы,,Витамин A,,GLS,,,,Моно-витамины витамин A (ретинола ацетат/пальмитат),,перорально,,капсулы,,400 мг,,универсальный,,60 капсул,,,
28106,458,CONSUMED ВИТАМИН Д3 КАПС. 2000МЕ №60 | ТАУРУС ООО | ТАУРУС ООО,vitamin_or_baa,,0.85,"Товар относится к категории витаминов и БАД (vitamin_or_baa). На основе названия определены МНН (колекальциферол), форма выпуска (капсулы), дозировка (2000 МЕ) и упаковка (60 капсул). Поля rx_otc не применимо для данной категории.",True,,pending_fallback,direction_select,,semantic_primary,success,перорально,капсулы,,Колекальциферол,,,,,,Витамин D,,перорально,,капсулы,,2000 МЕ,,универсальный,,60 капсул,,,
28140,458,COMFORTE ОПОЛАСКИВАТЕЛЬ ПОЛОСТИ РТА КОМПЛЕКСНЫЙ УХОД ФЛ. 500МЛ | ФРЕШ МИНТ ТЕХНОЛОДЖИ | ФРЕШ МИНТ ТЕХНОЛОДЖИ,cosmetic_hygiene,,0.9,"Товар относится к категории косметика и гигиена (ополаскиватель для полости рта). Согласно профилю атрибутов, заполняются только бренд, возрастной сегмент и упаковка, остальные фармацевтические поля не применимы.",True,,pending_fallback,direction_select,,semantic_primary,success,,,,,,Comforte,,,,,,не применимо,,не применимо,,,,не применимо,,флакон 500 мл,,,
28145,458,COMFORTE МАСКА ДЛЯ ЛИЦА ТКАНЕВАЯ ЗДОРОВОЕ СИЯНИЕ С КОКОСОВОЙ ВОДОЙ №1 | АВАНГАРД ООО | АВАНГАРД ООО,cosmetic_hygiene,,0.9,"Товар относится к категории косметика и гигиена (cosmetic_hygiene), поэтому фармацевтические атрибуты (МНН, рецептурность, нозология, форма выпуска и т.д.) неприменимы. Из доступных полей заполнены бренд и упаковка.",True,,pending_fallback,direction_select,,semantic_primary,success,,,,,,COMFORTE,,,,,,не применимо,,не применимо,,,,не применимо,,№1,,,
28158,458,CLOSEUP ОПОЛАСКИВАТЕЛЬ ДЛЯ ПОЛОСТИ РТА ВЗРЫВНОЙ МЕНТОЛ 250МЛ | ЮНИЛЕВЕР РУСЬ ООО | ЮНИЛЕВЕР РУСЬ ООО,cosmetic_hygiene,,0.9,"Товар относится к категории косметика и гигиена (ополаскиватель для полости рта). Согласно профилю атрибутов, заполняются только бренд, возрастной сегмент и упаковка, остальные фармацевтические поля не применимы.",True,,pending_fallback,direction_select,,semantic_primary,success,,,,,,Closeup,,,,,,не применимо,,не применимо,,,,не применимо,,250 мл,,,
28267,458,BABE КРЕМ ДЛЯ ЛИЦА БЕЗМАСЛЯНЫЙ СОЛНЦЕЗАЩИТНЫЙ SPF50+ 50МЛ | LABORATORIOS BABE S.L. | LABORATORIOS BABE S.L.,cosmetic_hygiene,,0.9,"Товар относится к категории косметика и гигиена (cosmetic_hygiene). Согласно профилю атрибутов, заполняются только бренд, возрастной сегмент и подсказка по упаковке; остальные фармацевтические поля неприменимы.",True,,pending_fallback,direction_select,,semantic_primary,success,,,,,,BABE,,,,,,не применимо,,не применимо,,,,не применимо,,50 мл,,,
28307,458,ARUM ВИТАМИННЫЙ КОМПЛЕКС ТАБЛ. 250МГ №30 | ARUM INC. | ARUM INC.,vitamin_or_baa,,0.7,"Товар относится к витаминно-минеральным комплексам (vitamin_or_baa). Название указывает на комплекс витаминов, поэтому mnn — 'Комплекс', nosology — 'Комплексные профили'. Форма выпуска и дозировка определены из текста, остальные поля не указаны.",True,,pending_fallback,direction_select,,semantic_primary,success,перорально,таблетки,,Комплекс,,ARUM,,,,Комплексные профили,,перорально,,таблетки,,250 мг,,универсальный,,30 таблеток,,,
28375,458,ARAVIA LABORATORIES КРЕМ С НИАЦИНАМИДОМ УСПОКАИВАЮЩИЙ ACNE BALANCE CREAM SPF20 100МЛ | ЛАБОРАТОРИЯ ЭКСПЕРТ ООО | ЛАБОРАТОРИЯ ЭКСПЕРТ ООО,cosmetic_hygiene,,0.9,"Товар относится к категории косметика и гигиена (cosmetic_hygiene), поэтому фармацевтические атрибуты, такие как МНН, рецептурность, нозология, форма выпуска и дозировка, неприменимы. Из доступных атрибутов определены бренд и объем упаковки.",True,,pending_fallback,direction_select,,semantic_primary,success,,,,,,ARAVIA LABORATORIES,,,,,,не применимо,,не применимо,,,,не применимо,,100 мл,,,
