product_id,run_id,normalized_text,product_kind,medical_device_profile,semantic_confidence,semantic_explanation,semantic_validation_passed,semantic_reject_reason,decision_status,next_action,selected_category_id,stage,log_status,attr_administration_route_raw,attr_dosage_form_raw,attr_age_segment_raw,attr_mnn,label_mnn,attr_brand,label_brand,attr_rx_otc,label_rx_otc,attr_nosology,label_nosology,attr_administration_route,label_administration_route,attr_dosage_form,label_dosage_form,attr_dosage,label_dosage,attr_age_segment,label_age_segment,attr_package_hint,label_package_hint,attr_combination_hint,label_combination_hint
11,331,"РОКСИ КИДС набор гигиенический д/малышей 6в1 0+ Ningbo Raffini Import&Export Co., LTD | Ningbo Raffini Import&Export Co Ltd | Ningbo Raffini Import&Export Co Ltd",cosmetic_hygiene,,0.75,"Товар представляет собой гигиенический набор для малышей 0+ с брендом «РОКСИ КИДС». Возрастная группа и упаковка указаны явно, но конкретная форма выпуска и способ применения отсутствуют, поэтому данные поля не заполнены.",True,,pending_fallback,direction_select,,semantic_primary,success,,,дети,,,РОКСИ КИДС,,,,,,,,,,,,дети,,набор 6в1,,,
12,331,ЭВИТАЛИЯ ЗАКВАСКА СМЕТАНА 2г N2 пак. Империя заквасок/В-МИН | Империя заквасок ООО/В-Мин ООО | Империя заквасок ООО/В-Мин ООО | N2,other,,0.9,"Товар относится к категории «другое» (пищевая закваска), поэтому большинство лекарственных атрибутов неприменимо. В названии читается бренд «Эвиталия» и фасовка 2 г №2 в пакетах.",True,,pending_fallback,direction_select,,semantic_primary,success,,,,,,Эвиталия,,,,,,не применимо,,не применимо,,,,не применимо,,пакет 2 г №2,,,
13,331,ПАРОДОНТОЛ ПРОФ зубная паста профессиональное отбеливание 124г Свобода | Свобода АО | Свобода АО,cosmetic_hygiene,,0.85,"Продукт является косметическим гигиеническим средством — зубной пастой для отбеливания, поэтому MNN, рецептурный статус, нозология и дозировка неприменимы. Указаны форма выпуска и масса 124 г; возрастная группа явно не назначена, выбран универсальный сегмент.",True,,pending_fallback,direction_select,,semantic_primary,success,местно,зубная паста,универсальный,,,Пародонтол Проф,,,,,,,,,,,,универсальный,,124 г,,,
19,331,АСКОРУТИН 50мг+50мг N50 таб. Фармцентр вилар АО | Фармцентр Вилар АО | Фармцентр Вилар АО | N50,drug,,0.85,"В тексте указано торговое название «Аскорутин», форма «таблетки», дозировка 50мг+50мг и упаковка N50. Активные вещества явно не перечислены, поэтому МНН не заполнен. Препарат относится к ангиопротекторам и отпускается без рецепта.",True,,pending_fallback,direction_select,,semantic_primary,success,внутрь,таблетки,взрослые,,,Аскорутин,,otc,,ангиопротекторы,,перорально,,таблетки,,50мг+50мг,,взрослые,,50 таблеток,,true,
21,331,НУТРИКОМП ДРИНК ПЛЮС смесь жидкая Банан 200мл Нутрихем Диет+Фарма ГмбХ | Нутрихем Диет+Фарма ГмбХ | Нутрихем Диет+Фарма ГмбХ,other,,0.55,"Согласно product_kind 'other' и attr_profile поля mnn, rx_otc, nosology, route, form, dosage и combination_hint не применимы и обнулены. Бренд и объём упаковки считаны из названия. Возрастных указаний нет, поэтому возрастной сегмент оставлен пустым.",True,,pending_fallback,direction_select,,semantic_primary,success,,,,,,Нутрикомп Дринк Плюс,,,,,,не применимо,,не применимо,,,,не применимо,,200 мл,,,
23,331,АКТИВТЕКС КОМПЛЕКТ N8 для лечения пролежней Альтекс Плюс | Альтекс плюс ООО | Альтекс плюс ООО | N8,medical_device,clinical_like,0.7,"Медицинское изделие для лечения пролежней, бренд Активтекс, применяется наружно. Указан комплект N8, но дозировка в привычном смысле отсутствует. Возрастная привязка не указана, поэтому выбран универсальный возраст.",True,,pending_fallback,direction_select,,semantic_primary,success,наружно,комплект,универсальный,,,Активтекс,,,,,,наружно,,,,,,универсальный,,комплект N8,,,
29,331,МИНИМАКС перчатки смотровые латексные нестерильные опудренные гладкие р.L N50 Топ Глав Сдн Бхд | Топ Глав Сдн Бхд | Топ Глав Сдн Бхд | N50,medical_device,clinical_like,0.7,"Медицинское изделие — смотровые латексные перчатки. Бренд МИНИМАКС, размер L, в упаковке 50 штук. Возрастной сегмент определён как взрослые по размеру L.",True,,pending_fallback,direction_select,,semantic_primary,success,наружно,перчатки,взрослые,,,МИНИМАКС,,,,,,наружно,,,,L,,взрослые,,50 шт,,,
36,331,ТАУФОН ТАБС ЛЮТЕИН N120 таб. покрытые пленочной оболочкой Фармстандарт-УфаВИТА ОАО | Фармстандарт-Уфавита ОАО | Фармстандарт-Уфавита ОАО | N120,vitamin_or_baa,,0.72,"Препарат относится к БАД для зрения, в названии указаны таурин и лютеин, поэтому действующее вещество можно считать комплексом. Форма выпуска — таблетки в пленочной оболочке, упаковка 120 штук; принимается внутрь. Возрастных ограничений нет, поэтому возрастной сегмент универсальный.",True,,pending_fallback,direction_select,,semantic_primary,success,внутрь,"таблетки, покрытые пленочной оболочкой",универсальный,Комплекс,,Тауфон Табс Лютеин,,,,комплексные профили,,перорально,,таблетки,,,,универсальный,,120 таблеток,,комбинированный,
37,331,ЭВЕРС ЛАЙФ бинт марлевый медицинский стерильный 7х14см Эвтекс ООО | Эвтекс ООО | Эвтекс ООО,medical_device,clinical_like,0.8,"Стерильный марлевый бинт относится к медицинским изделиям для наружного применения. В тексте указан размер 7х14 см. Возрастных ограничений нет, поэтому возрастной сегмент универсальный.",True,,pending_fallback,direction_select,,semantic_primary,success,наружно,бинт марлевый,универсальный,,,ЭВЕРС ЛАЙФ,,,,,,наружно,,,,7х14 см,,универсальный,,,,,
38,331,ПЕРИО ОРИДЖИНАЛ ПАМПИНГ зубная паста 285г LG H&H | Lg H&H | Lg H&H,cosmetic_hygiene,,0.85,"Косметико-гигиеническое средство — зубная паста для ухода за полостью рта. Указан вес тубы 285 г, возрастных ограничений нет. Лекарственные атрибуты неприменимы.",True,,pending_fallback,direction_select,,semantic_primary,success,местно,зубная паста,универсальный,,,LG H&H,,,,,,,,,,,,универсальный,,285 г,,,
40,332,АИРА КОРНЕВИЩА 50г Фито-Бот ООО | Фито-Бот ООО | Фито-Бот ООО,vitamin_or_baa,,0.8,"Товар представляет собой монокомпонентное растительное сырье — корневища аира, относящееся к парафармацевтикам. Возрастных указаний нет, поэтому возрастной сегмент универсальный. Упаковка 50 г.",True,,pending_fallback,direction_select,,semantic_primary,success,внутрь,растительное сырье,универсальный,,,,,,,парафармацевтики,,перорально,,,,,,универсальный,,50 г,,монокомпонентный,
41,332,"БИФРАДУАЛ 0,25мг/мл + 0,5мг/мл 20мл р-р д/ингаляций ЮжФарм ООО | ЮжФарм ООО | ЮжФарм ООО",drug,,0.8,"Препарат представляет собой комбинированный раствор для ингаляций с двумя действующими веществами, но их МНН в тексте не указаны. По названию, концентрации и лекарственной форме это бронхолитическое средство. Упаковка — 20 мл.",True,,pending_fallback,direction_select,,semantic_primary,success,ингаляционно,раствор для ингаляций,взрослые,,,Бифрадуал,,rx,,бронхолитическое средство,,ингаляционно,,раствор,,"0,25 мг/мл + 0,5 мг/мл",,взрослые,,20 мл,,true,
42,332,ГИНОКОМФОРТ КЛИМАФЕМИН таб. N20 Вертекс | Вертекс АО | Вертекс АО | N20,vitamin_or_baa,,0.68,"В тексте указан БАД «Гинокомфорт Климафемин» в форме таблеток, упаковка №20. Состав и дозировка не приведены, поэтому МНН не определяется. Препарат предназначен для взрослых и принимается внутрь.",True,,pending_fallback,direction_select,,semantic_primary,success,внутрь,таблетки,взрослые,,,Гинокомфорт,,,,парафармацевтики,,перорально,,таблетки,,,,взрослые,,20 таблеток,,,
44,332,НОВОСВИТ патчи д/глаз жидкие Гиалуроновые 50мл Народные Промыслы | Народные промыслы | Народные промыслы,cosmetic_hygiene,,0.85,"Косметическое средство для ухода за кожей вокруг глаз. Форма выпуска — патчи, объём 50 мл. Бренд Новосвит.",True,,pending_fallback,direction_select,,semantic_primary,success,наружно,патчи,универсальный,,,Новосвит,,,,,,наружно,,,,,,универсальный,,50 мл,,,
46,332,КОЛИСТИН 80мг (1000000 ЕД) N28 порошок д/приготовления р-ра д/ингаляций Кселлия Фармасьютикалс АпС | Кселлия фармасьютикалс АпС | Кселлия фармасьютикалс АпС | N28,drug,,0.85,"Препарат представляет собой антибиотик колистин в форме порошка для ингаляционного раствора. Дозировка указана как 80 мг (1 000 000 ЕД), упаковка — N28. Явного детского сигнала нет, поэтому возрастной сегмент принят как взрослый.",True,,pending_fallback,direction_select,,semantic_primary,success,ингаляционно,порошок для приготовления раствора для ингаляций,взрослые,Колистин,,,,rx,,антибиотик (полимиксины),,ингаляционно,,порошок,,80 мг (1 000 000 ЕД),,взрослые,,N28,,,
51,332,НУТРИКОМП ДРИНК ПЛЮС смесь 200мл Nutrichem Diet und Pharma | Nutrichem diet und pharma | Nutrichem diet und pharma,other,,0.55,"Товар — питательная смесь (дринк) «Нутрикомп», объём 200 мл; активное вещество/МНН не применимо. Из текста понятны путь приёма (внутрь) и форма выпуска (смесь), возраст явно не указан.",True,,pending_fallback,direction_select,,semantic_primary,success,внутрь,смесь,,,,Нутрикомп,,,,,,перорально,,смесь,,,,,,200 мл,,,
53,332,НАТУРА СИБЕРИКА ЛАБ БИОМЕ крем-сияние д/кожи вокруг глаз Антиоксидантный 10мл Натура сиберика | Натура Сиберика ООО | Натура Сиберика ООО,cosmetic_hygiene,,0.9,"Косметическое средство для кожи вокруг глаз, представлено в форме крема объёмом 10 мл. Возрастная аудитория явно не указана, поэтому возрастной сегмент определён как универсальный. Атрибуты МНН, рецептурность, нозология, дозировка и комбинированный признак для данного типа продукта не применимы.",True,,pending_fallback,direction_select,,semantic_primary,success,наружно,крем,универсальный,,,Натура Сиберика,,,,,,наружно,,крем,,,,универсальный,,10 мл,,,
55,332,"БИСОМОР 2,5мг N30 таб. покрытые пленочной оболочкой Эдж Фарма Прайвет | Эдж Фарма Прайвет Лимитед | Эдж Фарма Прайвет Лимитед | N30",drug,,0.7,"Препарат БИСОМОР представлен таблетками в пленочной оболочке по 2,5 мг, в упаковке 30 штук. Это рецептурное сердечно-сосудистое средство, предположительно относящееся к бета-адреноблокаторам; МНН в тексте не указан.",True,,pending_fallback,direction_select,,semantic_primary,success,прием внутрь,"таблетки, покрытые пленочной оболочкой",взрослые,,,Бисомор,,рецептурный,,бета-адреноблокаторы,,перорально,,таблетки,,"2,5 мг",,взрослые,,30 таблеток,,,
58,332,ЗОЛИНБЕРГ кусачки д/удаления кутикулы арт.222-091 Berg-Stahlwaren Gmbh | Berg-Stahlwaren Gmbh | Berg-Stahlwaren Gmbh,medical_device,hygiene_like,0.9,"Медицинское изделие гигиенического типа: кусачки для удаления кутикулы. Возраст не релевантен, поэтому указан как «не применимо». Клинические атрибуты, такие как МНН, форма выпуска, дозировка и нозология, не заполняются.",True,,pending_fallback,direction_select,,semantic_primary,success,,,не применимо,,,ЗОЛИНБЕРГ,,,,,,не применимо,,не применимо,,,,не применимо,,,,,
62,332,ЭКОПЛАСТ САЛИПАД пластырь противомозольный 40х60мм N2 НордеПласт ЛСЭЗ | Нордепласт ЛСЭЗ | Нордепласт ЛСЭЗ | N2,medical_device,clinical_like,0.88,"Медицинское изделие — пластырь противомозольный, применяется наружно. Указан размер пластыря 40×60 мм и количество 2 штуки. Возрастных ограничений в тексте нет.",True,,pending_fallback,direction_select,,semantic_primary,success,наружно,пластырь,универсальный,,,Экопласт Салипад,,,,,,наружно,,пластырь,,40×60 мм,,универсальный,,2 пластыря (N2),,,
65,333,ЭКОКУРМАКС капс. липосомальный комплекс с куркумином N60 Вектор-Медика АО | Вектор-Медика АО | Вектор-Медика АО | N60,vitamin_or_baa,,0.65,"Препарат представляет собой БАД в форме капсул с куркумином; в тексте указан производитель и фасовка N60. Возрастных указаний нет, поэтому возрастной сегмент расценивается как универсальный.",True,,pending_fallback,direction_select,,semantic_primary,success,внутрь,капсулы,универсальный,Куркумин,,ЭКОКУРМАКС,,,,парафармацевтики,,перорально,,капсулы,,,,универсальный,,60,,,
66,333,ТРИВЕС бандаж шейный мягкий д/взрослых Т.51.01 (ТВ-003.8) р.8.3 Тривес ООО | Тривес ООО | Тривес ООО,medical_device,clinical_like,0.85,Медицинское изделие — мягкий шейный бандаж для взрослых. В тексте указан производитель Тривес и размер 8.3.,True,,pending_fallback,direction_select,,semantic_primary,success,наружно,бандаж,взрослые,,,Тривес,,,,,,наружно,,,,размер 8.3,,взрослые,,,,,
67,333,ДИКЛОФАРМ 25мг/мл 3мл N5 р-р для в/м введения ВетПром АД | ВетПром АД | ВетПром АД | N5,drug,,0.75,"В наименовании указаны концентрация, объём, лекарственная форма и способ введения — раствор для внутримышечного введения. Действующее вещество как МНН в тексте явно не читается, поэтому МНН не заполнен. Возрастных детских сигналов нет, поэтому для типичного инъекционного препарата указан возрастной сегмент «взрослые».",True,,pending_fallback,direction_select,,semantic_primary,success,внутримышечно,раствор для внутримышечного введения,взрослые,,,Диклофарм,,rx,,Нестероидное противовоспалительное средство,,внутримышечно,,раствор,,25 мг/мл,,взрослые,,3 мл №5,,монопрепарат,
74,333,НЭЙЧЕС БАУНТИ пастилки жевательные-гаммис Волосы Кожа Ногти N60 Nature's Bounty | Nature's bounty | Nature's bounty | N60,vitamin_or_baa,,0.85,"Это БАД Nature's Bounty в форме жевательных пастилок-гаммис для улучшения состояния волос, кожи и ногтей. Препарат многокомпонентный, принимается внутрь, возрастных указаний нет. В названии указана упаковка N60.",True,,pending_fallback,direction_select,,semantic_primary,success,внутрь,пастилки жевательные-гаммис,универсальный,Комплекс,,НЭЙЧЕС БАУНТИ,,,,комплексные профили,,перорально,,таблетки жевательные,,,,универсальный,,N60,,комбинированный,
78,333,ЭКОЦИСТИН порошок д/приготовления р-ра д/приема внутрь 3г N7 АВВА РУС АО | АВВА РУС АО | АВВА РУС АО | N7,vitamin_or_baa,,0.6,"В тексте указаны бренд «Экоцистин», форма «порошок для приготовления раствора для приема внутрь» и дозировка 3 г. Действующее вещество не раскрыто, поэтому mnn и combination_hint не определены, а нозология задана обобщенно как нутрицевтик.",True,,pending_fallback,direction_select,,semantic_primary,success,внутрь,порошок для приготовления раствора для приема внутрь,универсальный,,,Экоцистин,,,,нутрицевтики,,перорально,,порошок,,3 г,,универсальный,,N7,,,
79,333,ГЛОБАЛ ВАЙТ зубная нить со вкусом Мяты 50м Зеленая дубрава | Зеленая дубрава ЗАО | Зеленая дубрава ЗАО,medical_device,hygiene_like,0.92,"Зубная нить относится к медицинским изделиям гигиенического профиля. Бренд указан в названии, упаковка 50 м, возрастная привязка отсутствует.",True,,pending_fallback,direction_select,,semantic_primary,success,,,не применимо,,,ГЛОБАЛ ВАЙТ,,,,,,не применимо,,не применимо,,,,не применимо,,50 м,,,
80,333,ГЛОБАЛ ВАЙТ зубная нить со вкусом Арбуза 50м Зеленая дубрава | Зеленая дубрава ЗАО | Зеленая дубрава ЗАО,cosmetic_hygiene,,0.85,"Товар — зубная нить для гигиены полости рта, без лекарственного действия. Применимы только бренд, форма выпуска, способ применения и упаковка; возрастная привязка отсутствует.",True,,pending_fallback,direction_select,,semantic_primary,success,местно,зубная нить,не применимо,,,Глобал Вайт,,,,,,,,,,,,не применимо,,50 м,,,
82,333,АМРУС ТЕРМОМЕТР медицинский безртутный TVY-130 Амрус энтерпрайзис Лтд | Амрус энтерпрайзис Лтд | Амрус энтерпрайзис Лтд,medical_device,clinical_like,0.9,"Товар представляет собой медицинский безртутный термометр марки Амрус. Возрастных ограничений нет, применяется универсально. Дозировка и путь введения для данного устройства не применимы.",True,,pending_fallback,direction_select,,semantic_primary,success,,термометр,универсальный,,,Амрус,,,,,,,,,,,,универсальный,,,,,
83,333,"ГАРДЕКС БЭБИ браслет от комаров с 2 сменными картриджами Нинбо Хайшу Кинвен Бизнес Ко., Лтд | Нинбо хайшу кинвен бизнес Ко Лтд | Нинбо хайшу кинвен бизнес Ко Лтд",other,,0.95,"Товар представляет собой детский браслет от комаров с двумя сменными картриджами. Большинство лекарственных атрибутов неприменимо, возрастной сегмент — дети.",True,,pending_fallback,direction_select,,semantic_primary,success,,,дети,,,ГАРДЕКС БЭБИ,,,,,,не применимо,,не применимо,,,,дети,,браслет с 2 сменными картриджами,,,
89,333,ПЕРЧАТКИ СМОТРОВЫЕ нитриловые нестерильные неопудренные голубые р.ХS N50 Жонхон Пулин Медикал Продактс Ко Лтд К | Жонхон Пулин Медикал Продактс Ко Лтд К | Жонхон Пулин Медикал Продактс Ко Лтд К | N50,medical_device,clinical_like,0.8,"Нитриловые смотровые перчатки без явного бренда; МНН, рецептурный статус, нозология и комбинация неприменимы. Форма — перчатки, размер XS, в упаковке 50 шт., применение наружное. Возрастных ограничений нет, поэтому возрастной сегмент универсальный.",True,,pending_fallback,direction_select,,semantic_primary,success,наружно,перчатки,универсальный,,,,,,,,,наружно,,,,размер XS,,универсальный,,50 штук,,,
91,334,ТИГАЦИЛ 50мг N10 лиофилизат д/приготовления р-ра д/инфузий Wyeth Lederle S.p.A | Wyeth lederle Spa | Wyeth lederle Spa | N10,drug,,0.7,"Препарат Тигацил представлен лиофилизатом для приготовления раствора для инфузий, дозировка 50 мг, в упаковке N10. В тексте не указано МНН, поэтому mnn=null. По названию и лекарственной форме определён рецептурный антибактериальный препарат для внутривенного введения.",True,,pending_fallback,direction_select,,semantic_primary,success,внутривенно,лиофилизат для приготовления раствора для инфузий,взрослые,,,Тигацил,,рецептурный,,антибактериальные средства,,внутривенно,,лиофилизат,,50 мг,,взрослые,,10,,,
97,334,НЕЙРВАНА р-р 350мл Витаукт-пром | Витаукт-Пром ООО | Витаукт-Пром ООО,vitamin_or_baa,,0.5,"Торговое название и лекарственная форма указаны в тексте, объём упаковки — 350 мл. Состав не приведён, поэтому МНН и комбинированная/монокомпонентная принадлежность не определены. Возрастная группа не указана, поэтому для БАД установлена универсальная.",True,,pending_fallback,direction_select,,semantic_primary,success,внутрь,раствор,универсальный,,,Нейрвана,,,,парафармацевтики,,перорально,,раствор,,,,универсальный,,350 мл,,,
114,334,ВОТЕРДЕНТ жидкость д/ирригатора+ополаскиватель ежедневный уход Анти-кариес Тинс 500мл Зеленая дубрава | Зеленая дубрава ЗАО | Зеленая дубрава ЗАО,cosmetic_hygiene,,0.85,"Продукт относится к косметико-гигиеническим средствам для ухода за полостью рта. В тексте указана форма «жидкость», применение местно и объём 500 мл. Возрастная аудитория явно не обозначена, поэтому выбран универсальный возраст.",True,,pending_fallback,direction_select,,semantic_primary,success,местно,жидкость,универсальный,,,ВОТЕРДЕНТ,,,,,,,,,,,,универсальный,,500 мл,,,
145,334,"МЕКСИКОР 50мг/мл 5мл N20 р-р для в/в и в/м введения ГосЗМП, ФГУП | Госзмп ФГУП | Госзмп ФГУП | N20",drug,,0.72,"В названии указан торговый бренд «Мексикор» и лекарственная форма, но действующее вещество явно не читается, поэтому МНН не заполнен. Препарат представляет собой инъекционный раствор, что указывает на рецептурный отпуск и путь введения в/в и в/м; в упаковке 20 ампул по 5 мл.",True,,pending_fallback,direction_select,,semantic_primary,success,внутривенно и внутримышечно,раствор для инъекций,взрослые,,,Мексикор,,рецептурный,,,,внутримышечно,,раствор,,50 мг/мл,,взрослые,,5 мл №20,,,
224,334,ЗОЛОТОЙ КОНЕК таб. N20 ПТ. ИКОНГ Фармацевтикал Индастри КО | Пт. Иконг фармацевтикал индастри Ко | Пт. Иконг фармацевтикал индастри Ко | N20,vitamin_or_baa,,0.45,"В тексте указана БАД «Золотой конек» в форме таблеток, состав и дозировка не приведены. Поэтому МНН и точная нозология не определяются, возрасная категория выбрана универсальной.",True,,pending_fallback,direction_select,,semantic_primary,success,внутрь,таблетки,универсальный,,,Золотой конек,,,,нутрицевтики,,перорально,,таблетки,,,,универсальный,,N20,,,
254,334,Я САМАЯ ПАЛОЧКИ ВАТНЫЕ №200 СТАКАН | КОТТОН КЛАБ ООО | КОТТОН КЛАБ ООО,medical_device,hygiene_like,0.85,"Это ватные палочки в упаковке-стакане, 200 штук. Товар относится к гигиеническим медицинским изделиям, поэтому клинические атрибуты неприменимы. Возрастных ограничений нет.",True,,pending_fallback,direction_select,,semantic_primary,success,,,не применимо,,,Я САМАЯ,,,,,,не применимо,,не применимо,,,,не применимо,,"200 шт., стакан",,,
310,334,ЮНИДОКС СОЛЮТАБ ТАБЛ. ДИСПЕРГ. 100МГ №20 | ЗИО-ЗДОРОВЬЕ ЗАО | ЗИО-ЗДОРОВЬЕ ЗАО,drug,,0.92,"Юнидокс Солютаб — торговое название препарата с действующим веществом доксициклин, антибиотиком из группы тетрациклинов. Препарат применяется внутрь, выпускается в форме диспергируемых таблеток по 100 мг и отпускается по рецепту.",True,,pending_fallback,direction_select,,semantic_primary,success,внутрь,таблетки диспергируемые,взрослые,,,Юнидокс Солютаб,,rx,,антибиотик тетрациклиновой группы,,перорально,,таблетки,,100 мг,,взрослые,,20 таблеток,,,
358,334,ЭФФЕРАЛГАН ТАБЛ. ШИПУЧ. 500МГ №16 | УПСА САС | УПСА САС,drug,,0.8,"По тексту определен препарат Эффералган в форме шипучих таблеток 500 мг, упаковка №16. Действующее вещество в названии не указано, поэтому МНН не заполняется. Препарат относится к анальгетикам-антипиретикам, отпускается без рецепта и предназначен для взрослых.",True,,pending_fallback,direction_select,,semantic_primary,success,прием внутрь,таблетки шипучие,взрослые,,,Эффералган,,otc,,анальгетик-антипиретик,,перорально,,таблетки,,500 мг,,взрослые,,16 таблеток,,монопрепарат,
459,334,ЭТОРЕЛЕКС ТАБЛ. П/ПЛЕН/ОБ. 90МГ №28 | ФАРМАСИНТЕЗ АО | ФАРМАСИНТЕЗ АО,drug,,0.7,"В тексте указано торговое наименование, лекарственная форма и дозировка, но действующее вещество явно не приведено. Судя по названию и форме, это рецептурный препарат для взрослых, применяемый внутрь.",True,,pending_fallback,direction_select,,semantic_primary,success,прием внутрь,"таблетки, покрытые пленочной оболочкой",взрослые,,,Эторелекс,,rx,,НПВП (коксибы),,перорально,,таблетки,,90 мг,,взрослые,,№28,,,
638,334,ЭПИДЕРИЛ DEMODEX КРЕМ-АКТИВ ДЛЯ ЛИЦА С МЕТРОНИДАЗОЛОМ И ТРАВАМИ 100МЛ | КОСМОФАРМ ООО | КОСМОФАРМ ООО,cosmetic_hygiene,,0.8,"Средство относится к косметике для лица, поэтому МНН, рецептурный статус и нозология не применимы. Форма — крем для наружного применения, объём 100 мл; возрастная группа в названии не указана.",True,,pending_fallback,direction_select,,semantic_primary,success,наружно,крем,не применимо,,,Эпидерил Demodex,,,,,,наружно,,крем,,,,не применимо,,100 мл,,,
681,335,"ЭНТЕГНИН-Н ТАБЛ. 0,47Г №100 | В-МИН+ ООО | В-МИН+ ООО",vitamin_or_baa,,0.6,"Препарат представляет собой БАД в форме таблеток по 0,47 г, упаковка №100. Действующее вещество в тексте не указано, поэтому МНН не заполнено; по типу отнесён к парафармацевтикам. Возрастная группа не указана, принята как универсальная.",True,,pending_fallback,direction_select,,semantic_primary,success,внутрь,таблетки,универсальный,,,ЭНТЕГНИН-Н,,,,парафармацевтики,,перорально,,таблетки,,"0,47 г",,универсальный,,100 таблеток,,,
711,335,ЭНАП ТАБЛ. 5МГ №20 | КРКА-РУС ООО | КРКА-РУС ООО,drug,,0.75,"Энап 5 мг №20 — рецептурный препарат, принимаемый внутрь, в форме таблеток. Относится к антигипертензивным средствам (ингибиторам АПФ), однако МНН по тексту не указан, поэтому оставлен пустым.",True,,pending_fallback,direction_select,,semantic_primary,success,перорально,таблетки,взрослые,,,Энап,,rx,,антигипертензивное средство (ингибитор АПФ),,перорально,,таблетки,,5 мг,,взрослые,,20 таблеток,,,
780,335,ЭМСИБЕЛ Р-Р Д/ИН. 10МГ/МЛ АМП. 1МЛ №10 | БЕЛМЕДПРЕПАРАТЫ РУП | БЕЛМЕДПРЕПАРАТЫ РУП,drug,,0.6,"В тексте указаны только торговое название и форма выпуска, действующее вещество не раскрыто, поэтому МНН и нозология не заполнены. Препарат представляет собой раствор для инъекций в ампулах по 1 мл №10 с концентрацией 10 мг/мл. Отпуск типично рецептурный, возрастной сегмент — взрослые.",True,,pending_fallback,direction_select,,semantic_primary,success,парентерально,раствор для инъекций,взрослые,,,ЭМСИБЕЛ,,rx,,,,инъекционное,,раствор,,10 мг/мл,,взрослые,,ампулы 1 мл №10,,,
868,335,ЭЛМЕКС ЩЕТКА ЗУБНАЯ ЗАЩИТА ОТ КАРИЕСА CARIES PROTECTION СРЕДНЯЯ | Trisa Ltd | Trisa Ltd,medical_device,hygiene_like,0.9,"Это зубная щетка, медицинское изделие гигиенического профиля. Бренд указан в названии, остальные фармакологические атрибуты неприменимы.",True,,pending_fallback,direction_select,,semantic_primary,success,,,универсальный,,,Элмекс,,,,,,не применимо,,не применимо,,,,универсальный,,,,,
905,335,ЭЛИДЕЛ КРЕМ Д/НАРУЖ. ПРИМ. 1% ТУБА 15Г | МЕДА МАНУФАКЧУРИНГ | МЕДА МАНУФАКЧУРИНГ,drug,,0.74,"По наименованию определён бренд «Элидел», лекарственная форма «крем» и концентрация 1%; наружное применение указано в тексте. Действующее вещество в названии не указано, поэтому МНН не заполнен. Препарат относится к рецептурным дерматологическим средствам, явных возрастных ограничений в тексте нет.",True,,pending_fallback,direction_select,,semantic_primary,success,наружно,крем,взрослые,,,Элидел,,рецептурный,,дерматологические средства,,наружно,,крем,,1%,,взрослые,,туба 15 г,,,
988,335,ЭКОФУЦИН СУПП. ВАГ. 100МГ №3 | ///АВВА РУС АО | ///АВВА РУС АО,drug,,0.8,"Экофуцин — противогрибковые вагинальные суппозитории по 100 мг, упаковка №3. МНН в тексте не указан, поэтому не заполнен. Препарат применяется вагинально и предназначен для взрослых.",True,,pending_fallback,direction_select,,semantic_primary,success,вагинально,суппозитории вагинальные,взрослые,,,Экофуцин,,otc,,Противогрибковое средство,,ректально,,,,100 мг,,взрослые,,№3,,,
1097,335,ЭЙ ЭНД ДИ ТЕРМОМЕТР ЭЛЕКТРОННЫЙ DT-623 С ГИБКИМ НАКОНЕЧНИКОМ | ЭЙ ЭНД ДИ | ЭЙ ЭНД ДИ,medical_device,clinical_like,0.82,"Изделие представляет собой электронный термометр с гибким наконечником, бренд ЭЙ ЭНД ДИ. МНН, рецептурный статус и нозология для медицинского изделия неприменимы. Возрастных ограничений нет, поэтому сегмент универсальный.",True,,pending_fallback,direction_select,,semantic_primary,success,,термометр электронный,универсальный,,,ЭЙ ЭНД ДИ,,,,,,,,,,,,универсальный,,,,,
1108,335,ЭЙ ЭНД ДИ ЕМКОСТЬ ДЛЯ ЛЕКАРСТВ К ИНГАЛЯТОРУ КОМПРЕССОРНОМУ CN-233 | ЭЙ ЭНД ДИ | ЭЙ ЭНД ДИ,medical_device,clinical_like,0.8,"Медицинское изделие — емкость для лекарств к компрессорному ингалятору, поэтому МНН, рецептурность и нозология не применимы. Бренд указан как «ЭЙ ЭНД ДИ», способ применения — ингаляционно. Возрастная привязка и дозировка в тексте отсутствуют.",True,,pending_fallback,direction_select,,semantic_primary,success,ингаляционно,емкость для лекарств,не применимо,,,ЭЙ ЭНД ДИ,,,,,,ингаляционно,,,,,,не применимо,,,,,
1114,335,ЭЙФА АЦ ГРАН. Д/Р-РА Д/ПРИЕМА ВНУТРЬ 200МГ ПАК-САШЕ №20 | ОБНОВЛЕНИЕ ПФК АО | ОБНОВЛЕНИЕ ПФК АО,drug,,0.85,"Препарат в форме гранул для приготовления раствора для приема внутрь, 200 мг в пак-саше. По сокращению «АЦ» в названии и форме выпуска определено действующее вещество ацетилцистеин (муколитик). Возрастная группа не уточнена, поэтому выбран типичный для ЛС взрослый сегмент.",True,,pending_fallback,direction_select,,semantic_primary,success,внутрь,гранулы для приготовления раствора для приема внутрь,взрослые,,,Эйфа АЦ,,otc,,муколитическое средство,,перорально,,гранулы,,200 мг,,взрослые,,пак-саше №20,,монопрепарат,
1243,335,ЭВИТАЛИЯ ЗАКВАСКА ДЛЯ АЦИДОФИЛИНА ПРОБИОТИЧЕСКОГО САШЕ 2Г №5 | В-МИН+ ООО | В-МИН+ ООО,vitamin_or_baa,,0.7,"Сухая пробиотическая закваска в саше для приготовления ацидофилина, поэтому отнесена к эубиотикам. Микробный состав в названии не указан, поэтому МНН не заполнено. Возрастных ограничений нет.",True,,pending_fallback,direction_select,,semantic_primary,success,внутрь,порошок в саше,универсальный,,,Эвиталия,,,,эубиотики,,перорально,,порошок,,2 г,,универсальный,,5 саше по 2 г,,,
1256,336,ЭВАМЕНОЛ НАЗО КАПЛИ НАЗ. 1%+3% ФЛ-КАП. 12МЛ | МОСКОВСКАЯ ФФ | МОСКОВСКАЯ ФФ,drug,,0.75,"Это назальные капли, форма и путь введения читаются в тексте. Активные вещества отдельно не указаны (только концентрации 1%+3%), поэтому МНН оставлен пустым. Препарат отнесён к безрецептурным симптоматическим средствам для взрослых.",True,,pending_fallback,direction_select,,semantic_primary,success,назально,капли назальные,взрослые,,,Эваменол Назо,,otc,,симптоматическое лечение ринита/заложенности носа при простуде и ОРВИ,,назальный,,капли,,1%+3%,,взрослые,,флакон-капельница 12 мл,,комбинированный,
1347,336,ШПРИЦ ОДНОРАЗ. 3-Х КОМП. 20МЛ LUER-SLIP ИГЛА ПРИЛОЖ. 21G №1 VM | VOGT MEDICAL | VOGT MEDICAL | 21 G,drug,,0.9,"Одноразовый шприц объёмом 20 мл с иглой 21G, марка VOGT MEDICAL. Это медицинское изделие, поэтому МНН и фармакологическая группа не применимы. Возрастная категория не указана и для инструмента не важна.",True,,pending_fallback,direction_select,,semantic_primary,success,инъекционно,шприц одноразовый,не применимо,,,VOGT MEDICAL,,,,,,инъекционное,,,,20 мл,,не применимо,,1 шт.,,,
1379,336,"ШПРИЦ ИНСУЛИН. МИКРО-ФАЙН ПЛЮС U-100 3-Х КОМП. 0,5МЛ ИГЛА 29G №10 | БЕКТОН ДИКИНСОН | БЕКТОН ДИКИНСОН | 29 G",drug,,0.82,"Это инсулиновый шприц объёмом 0,5 мл с иглой 29G, в упаковке №10. МНН, нозология и категория отпуска для данного товара неприменимы. Возрастных ограничений нет.",True,,pending_fallback,direction_select,,semantic_primary,success,подкожно,шприц инсулиновый,не применимо,,,Бектон Дикинсон,,,,,,подкожно,,,,"0,5 мл; игла 29G",,не применимо,,10 шт,,,
1384,336,ШПРИЦ ИНСУЛИН. U-40 ОДНОРАЗ. 3-Х КОМП. 1МЛ ИГЛА 26G №1 SFM | СФМ ГОСПИТАЛ ПРОДАКТС ГМБХ | СФМ ГОСПИТАЛ ПРОДАКТС ГМБХ | 26 G,drug,,0.88,"Товар представляет собой одноразовый инсулиновый шприц U-40 объёмом 1 мл с иглой 26G. Это медицинское изделие, поэтому МНН, рецептурность и нозология не применимы. Возрастная привязка отсутствует.",True,,pending_fallback,direction_select,,semantic_primary,success,подкожно,шприц инсулиновый одноразовый,не применимо,,,SFM,,,,,,подкожно,,,,"1 мл, U-40",,не применимо,,1 шт.,,,
1393,336,ШПРИЦ ИНСУЛИН. U-100 ОДНОРАЗ. 3-Х КОМП. 1МЛ №100 ПАКРО МЕДИКАЛ | PAKRO MEDICAL | PAKRO MEDICAL,medical_device,clinical_like,0.8,"Медицинское изделие — инсулиновый шприц объёмом 1 мл с концентрацией U-100, одноразовый, в упаковке 100 штук. Способ введения и возраст указаны обобщённо, так как текст не содержит ограничений по возрасту.",True,,pending_fallback,direction_select,,semantic_primary,success,подкожно,шприц инсулиновый одноразовый,универсальный,,,PAKRO MEDICAL,,,,,,подкожно,,,,"1 мл, U-100",,универсальный,,100 штук в упаковке,,,
1402,336,ШПРИЦ ИНЕКТА ИНСУЛИН. ОДНОРАЗ. 3-КОМП. 1МЛ ИГЛА 26G №1 | БЕЙДЖИНГ ФОРНЁРС МЕДИКАЛ ЭКВИПМЕНТ КО. | БЕЙДЖИНГ ФОРНЁРС МЕДИКАЛ ЭКВИПМЕНТ КО. | 26 G,drug,,0.82,"Инсулиновый одноразовый шприц объемом 1 мл с иглой 26G, упаковка №1. МНН, рецептурный статус, нозология и комбинация не применимы для данного товара.",True,,pending_fallback,direction_select,,semantic_primary,success,инъекционно,шприц,не применимо,,,Инекта,,,,,,инъекционное,,,,1 мл; игла 26G,,не применимо,,№1,,,
1423,336,ШОЛЛЬ ПИЛКА VELVET SMOOTH WET&DRY ЭЛЕКТР. РОЛИКОВАЯ С АККУМУЛЯТОРОМ | РЕКИТТ БЕНКИЗЕР | РЕКИТТ БЕНКИЗЕР,medical_device,hygiene_like,0.85,"Товар представляет собой электрическую роликовую пилку для педикюра, относящуюся к медицинским изделиям гигиенического типа. Возрастная привязка отсутствует, поэтому указано «не применимо». Бренд определён по названию «ШОЛЛЬ».",True,,pending_fallback,direction_select,,semantic_primary,success,,,не применимо,,,ШОЛЛЬ,,,,,,не применимо,,не применимо,,,,не применимо,,Электрическая роликовая пилка с аккумулятором,,,
1498,336,ЧУЛОК КОМПРЕССИОННЫЙ ДО КОЛЕНА Р.3 ЛПП | ЛПП ФАРМ | ЛПП ФАРМ,medical_device,clinical_like,0.72,"Компрессионный чулок до колена является медицинским изделием для наружного применения на ноге. Указан размер Р.3, производитель/бренд — ЛПП ФАРМ. Возрастные ограничения в тексте отсутствуют, но типично изделие используется взрослыми.",True,,pending_fallback,direction_select,,semantic_primary,success,наружно,чулок компрессионный,взрослые,,,ЛПП ФАРМ,,,,,,наружно,,,,размер 3,,взрослые,,,,,
1524,336,ЧИСТАЯ ЛИНИЯ ШАМПУНЬ 2 В 1 КОМПЛЕКСНЫЙ УХОД ХМЕЛЬ И РЕПЕЙНОЕ МАСЛО ДЛЯ ВСЕХ ТИПОВ ВОЛОС 400МЛ | Калина ООО | Калина ООО,cosmetic_hygiene,,0.95,"Шампунь 2 в 1 для всех типов волос, без указаний по возрасту. Средство наружного применения, форма выпуска — шампунь, объём 400 мл.",True,,pending_fallback,direction_select,,semantic_primary,success,наружно,шампунь,не применимо,,,Чистая Линия,,,,,,наружно,,,,,,не применимо,,400 мл,,,
1568,336,ЧИККО ПУСТЫШКА PHYSIO SOFT СИЛИКОНОВАЯ ГОЛУБАЯ 0-6МЕС 310410139 | Chicco | Chicco,medical_device,hygiene_like,0.9,"Силиконовая пустышка Chicco для детей 0–6 месяцев. Это медицинское изделие гигиенического типа, поэтому клинические атрибуты не применимы.",True,,pending_fallback,direction_select,,semantic_primary,success,,,дети,,,Chicco,,,,,,не применимо,,не применимо,,,,дети,,0-6 мес,,,
1587,337,ЧИККО АСПИРАТОР PHYSIO CLEAN НАЗАЛЬНЫЙ 0МЕС+ 320611004 | ARTSANA S.P.A | ARTSANA S.P.A,medical_device,hygiene_like,0.95,Товар представляет собой назальный аспиратор для детей от 0 месяцев. Бренд Чикко указан в наименовании. Возрастная категория — дети.,True,,pending_fallback,direction_select,,semantic_primary,success,,,дети,,,ЧИККО,,,,,,не применимо,,не применимо,,,,дети,,,,,
1590,337,ЧИККО NATURAL FEELING БУТЫЛОЧКА СОСКА СИЛИКОНОВАЯ С НАКЛОНОМ И ФЛЕКСОРАМИ 0МЕС+ 150МЛ РОЗОВАЯ | Chicco | Chicco,medical_device,hygiene_like,0.85,Товар представляет собой силиконовую бутылочку/соску Chicco для детей с 0 месяцев. Возрастной сегмент указан явно. Остальные атрибуты неприменимы для данного типа медицинского изделия.,True,,pending_fallback,direction_select,,semantic_primary,success,,,дети,,,Chicco,,,,,,не применимо,,не применимо,,,,дети,,"150 мл, розовый, для детей с 0 месяцев",,,
1623,337,ЧЕРНИКА ФОРТЕ С ЛЮТЕИНОМ КАПС. №45 ФАРМ-ПРО | ФАРМ-ПРО ПК ООО | ФАРМ-ПРО ПК ООО,vitamin_or_baa,,0.8,"Продукт представляет собой БАД для зрения в форме капсул с комбинированным составом на основе черники и лютеина. Возрастная маркировка и конкретная дозировка не указаны, поэтому возраст задан как универсальный, а дозировка отсутствует. Номер упаковки — 45 капсул.",True,,pending_fallback,direction_select,,semantic_primary,success,внутрь,капсулы,универсальный,Комплекс,,Черника Форте,,,,комплексные профили,,перорально,,капсулы,,,,универсальный,,45 капсул,,черника + лютеин,
1641,337,ЧЕМЕРИЧНАЯ ВОДА Р-Р Д/НАРУЖ. ПРИМ. ФЛ. 100МЛ ТВЕРСКАЯ ФФ | ТВЕРСКАЯ ФАРМАЦЕВТИЧЕСКАЯ ФАБРИКА | ТВЕРСКАЯ ФАРМАЦЕВТИЧЕСКАЯ ФАБРИКА,other,,0.72,"Чемеричная вода — раствор для наружного применения, форма и путь введения явно указаны. Возрастных ограничений нет, поэтому выбран взрослый сегмент по типичному ЛС. МНН, бренд и дозировка по тексту не определяются.",True,,pending_fallback,direction_select,,semantic_primary,success,наружно,раствор,взрослые,,,,,,,,,наружно,,раствор,,,,взрослые,,флакон 100 мл,,,
1800,337,ЦИННАБСИН ТАБЛ. Д/РАССАС. ГОМЕОП. №100 | ДОЙЧЕ ХОМЕОПАТИ-УНИОН ДХУ | ДОЙЧЕ ХОМЕОПАТИ-УНИОН ДХУ,drug,,0.65,"Из текста извлекаются форма выпуска (таблетки для рассасывания) и количество (№100). Активное вещество не указано, поэтому МНН не определяется. Гомеопатический препарат, без детских указаний, поэтому возрастная группа — взрослые.",True,,pending_fallback,direction_select,,semantic_primary,success,орально,таблетки для рассасывания,взрослые,,,Циннабсин,,otc,,,,перорально,,таблетки,,,,взрослые,,100 таблеток,,,
1989,337,ЦЕРЕБРОЛИЗАТ Р-Р ДЛЯ В/М ВВЕД. АМП. 1МЛ №10 БЕЛМЕДПРЕПАРАТЫ | БЕЛМЕДПРЕПАРАТЫ РУП | БЕЛМЕДПРЕПАРАТЫ РУП,drug,,0.58,"Препарат «Церебролизат» выпускается в виде раствора для внутримышечного введения в ампулах по 1 мл, упаковка №10. МНН в названии не указано, поэтому mnn не заполнен; по применению это ноотропное средство, отпускается по рецепту.",True,,pending_fallback,direction_select,,semantic_primary,success,внутримышечно,раствор для внутримышечного введения,взрослые,,,Церебролизат,,rx,,ноотропное средство,,внутримышечно,,раствор,,1 мл,,взрослые,,ампулы 1 мл №10,,,
1990,337,ЦЕРЕБРАМИН ТАБЛ. П/О №40 | КЛИНИКА ИНСТИТ.БИОРЕГУЛЯЦ. И ГЕРОНТОЛОГИИ | КЛИНИКА ИНСТИТ.БИОРЕГУЛЯЦ. И ГЕРОНТОЛОГИИ,vitamin_or_baa,,0.72,"Средство относится к БАД-нутрицевтикам, выпускается в форме таблеток, покрытых оболочкой, в упаковке №40. Действующие вещества в тексте явно не указаны, поэтому МНН не заполнен; возрастных ограничений нет, поэтому возрастная группа универсальная.",True,,pending_fallback,direction_select,,semantic_primary,success,внутрь,"таблетки, покрытые оболочкой",универсальный,,,Церебрамин,,,,нутрицевтики,,перорально,,таблетки,,,,универсальный,,40 таблеток,,,
2043,337,"ЦВЕТУЩИЙ ЛУГ ЭЛЕУТЕРОКОКК П ТАБЛ. 0,205Г №100 | ПАРАФАРМ ООО | ПАРАФАРМ ООО",vitamin_or_baa,,0.65,"БАД на основе элеутерококка в форме таблеток по 0,205 г, упаковка №100. Возраст не указан, поэтому выбрана универсальная категория. МНН не присвоено, так как действующее вещество — растительный экстракт.",True,,pending_fallback,direction_select,,semantic_primary,success,внутрь,таблетки,универсальный,,,Цветущий луг,,,,парафармацевтики,,перорально,,таблетки,,"0,205 г",,универсальный,,100 таблеток,,монопрепарат,
2131,337,ХУДЕЕМ ЗА НЕДЕЛЮ БАТОНЧИК ФРУКТОВЫЙ ОЧИЩАЮЩИЙ КОМПЛЕКС 70Г №7 | ЛЕОВИТ НУТРИО | ЛЕОВИТ НУТРИО,vitamin_or_baa,,0.7,"БАД-нутрицевтик в форме фруктового батончика с очищающим комплексом, предназначен для контроля веса. Конкретные действующие вещества не указаны, поэтому МНН условно обозначено как «Комплекс». Возрастных пометок нет, но продукт для похудения ориентирован на взрослых.",True,,pending_fallback,direction_select,,semantic_primary,success,внутрь,батончик,взрослые,Комплекс,,Леовит Нутрио,,,,нутрицевтики,,перорально,,батончик,,70 г,,взрослые,,№7,,комбинированный,
2148,337,ХОНСАТ Р-Р ДЛЯ В/М ВВЕД. 100МГ/МЛ АМП. 2МЛ №5 | Армавирская биологическая фабрика/Эллара ООО | Армавирская биологическая фабрика/Эллара ООО,drug,,0.78,"Судя по названию и лекарственной форме, это инъекционный хондропротектор: раствор для в/м введения 100 мг/мл в ампулах по 2 мл №5. Действующее вещество в тексте не указано, поэтому МНН не заполнен. Препарат отпускается по рецепту.",True,,pending_fallback,direction_select,,semantic_primary,success,внутримышечно,раствор для инъекций,взрослые,,,Хонсат,,rx,,хондропротекторы,,внутримышечно,,раствор,,100 мг/мл,,взрослые,,ампулы 2 мл №5,,,
2193,338,ХОНДА МСМ ТАБЛ. П/О 2Г №120 | ЭВАЛАР ЗАО | ЭВАЛАР ЗАО,vitamin_or_baa,,0.82,"Товар представляет собой БАД с МСМ (метилсульфонилметаном) в таблетках по 2 г. Возрастных указаний нет, поэтому возрастной сегмент универсальный. Форма выпуска и дозировка указаны явно.",True,,pending_fallback,direction_select,,semantic_primary,success,внутрь,"таблетки, покрытые пленочной оболочкой",универсальный,МСМ,,Хонда,,,,отдельные нутриенты,,перорально,,таблетки,,2 г,,универсальный,,120 таблеток,,монопрепарат,
2249,338,ХЛОРОФИЛЛИПТ ТАБЛ. Д/РАССАС. 25МГ №20 ВИФИТЕХ | ВИФИТЕХ | ВИФИТЕХ,drug,,0.75,"Идентифицированы таблетки для рассасывания 25 мг, упаковка №20. МНН в тексте не указан, поэтому оставлен null. Препарат без рецепта, детский возрастной сигнал отсутствует, указан типичный сегмент — взрослые.",True,,pending_fallback,direction_select,,semantic_primary,success,сублингвально,таблетки для рассасывания,взрослые,,,Хлорофиллипт,,без рецепта,,Инфекционно-воспалительные заболевания ЛОР-органов и полости рта,,сублингвально,,таблетки,,25 мг,,взрослые,,№20,,,
2351,338,ХИГИЕНИКА ПЛЮС СРЕДСТВО ПЕДИКУЛИЦИДНОЕ ФЛ. 60МЛ | ВЕТПРОМ АД | ВЕТПРОМ АД,other,,0.8,"Средство педикулицидное, бренд «Хигиеника Плюс» и объём флакона указаны явно; возраст не указан. Лекарственные и клинические атрибуты по профилю неприменимы.",True,,pending_fallback,direction_select,,semantic_primary,success,,,,,,Хигиеника Плюс,,,,,,не применимо,,не применимо,,,,не применимо,,флакон 60 мл,,,
2420,338,ХАРТМАНН ТЕНСОВАЛ ДУО КОНТРОЛ II ТОНОМЕТР АВТОМАТ M 22-32СМ | ХАРТМАНН | ХАРТМАНН,medical_device,clinical_like,0.75,"Товар представляет собой автоматический тонометр Hartmann Tensoval Duo Control II с манжетой M 22-32 см. МНН, рецептурность и нозология неприменимы к медицинскому изделию. Возрастной сегмент определён как взрослый, так как детских указаний нет.",True,,pending_fallback,direction_select,,semantic_primary,success,наружно,тонометр автоматический,взрослые,,,Хартманн,,,,,,наружно,,,,"манжета M, 22-32 см",,взрослые,,манжета 22-32 см,,,
2547,338,"ХАРТМАНН ГИДРОФИЛМ ПЛЮС ПОВЯЗКА ПЛЕНОЧНАЯ ПРОЗРАЧНАЯ С ВПИТ. ПОДУШЕЧКОЙ 5Х7,2СМ №5 | ХАРТМАНН | ХАРТМАНН",medical_device,clinical_like,0.8,"Медицинское изделие — прозрачная плёночная повязка с впитывающей подушечкой. Указаны размер 5х7,2 см и количество в упаковке 5. Возрастная аудитория не ограничена.",True,,pending_fallback,direction_select,,semantic_primary,success,наружно,повязка пленочная,универсальный,,,ХАРТМАНН,,,,,,наружно,,,,"5х7,2 см",,универсальный,,№5 (5 шт.),,,
2630,338,ФУРАЦИЛИН ТАБЛ. Д/Р-РА Д/МЕСТН. И НАРУЖ. ПРИМ. 20МГ №10 ИРБИТСКИЙ ХФЗ | ИРБИТСКИЙ ХИМЗАВОД ОАО | ИРБИТСКИЙ ХИМЗАВОД ОАО,drug,,0.87,"Препарат Фурацилин (нитрофурал) — антисептик, выпускается в форме таблеток для приготовления раствора для местного и наружного применения. Дозировка 20 мг, в упаковке 10 таблеток, отпускается без рецепта. Возрастной сегмент — взрослые.",True,,pending_fallback,direction_select,,semantic_primary,success,местно и наружно,таблетки для приготовления раствора для местного и наружного применения,взрослые,,,,,otc,,Антисептики,,наружно,,таблетки,,20 мг,,взрослые,,10 таблеток,,монопрепарат,
2640,338,ФУРАЦИЛИН ПОР. Д/Р-РА Д/МЕСТН. И НАРУЖ. ПРИМ. 20МГ ПАКЕТ №10 МЕЛИГЕН | МЕЛИГЕН ФП | МЕЛИГЕН ФП,drug,,0.86,"Текст однозначно указывает на препарат Фурацилин (нитрофурал) в форме порошка для приготовления раствора для местного и наружного применения в пакетах №10 по 20 мг. Это безрецептурный антисептик, монокомпонентный; бренд/производитель — Мелиген ФП.",True,,pending_fallback,direction_select,,semantic_primary,success,местно и наружно,порошок для приготовления раствора для местного и наружного применения,взрослые,,,Мелиген ФП,,otc,,антисептики,,наружно,,порошок,,20 мг,,взрослые,,пакет №10,,монопрепарат,
2780,338,ФРАУТЕСТ АМНИО ТЕСТ-ПРОКЛАДКА ДЛЯ ОПРЕДЕЛЕНИЯ ПОДТЕКАНИЯ ОКОЛОПЛОДНЫХ ВОД №1 | КОММОН СЕНС ЛТД | КОММОН СЕНС ЛТД,medical_device,clinical_like,0.85,"Медицинское изделие — тест-прокладка для определения подтекания околоплодных вод. Бренд указан в названии, лекарственные атрибуты неприменимы, возраст — взрослые.",True,,pending_fallback,direction_select,,semantic_primary,success,наружно,прокладка,взрослые,,,Фраутест,,,,,,наружно,,,,,,взрослые,,1 шт.,,,
2811,338,ФОСФОГЛИВ КАПС. №96 | ФАРМСТАНДАРТ-ЛЕКСРЕДСТВА ОАО | ФАРМСТАНДАРТ-ЛЕКСРЕДСТВА ОАО,drug,,0.75,"Препарат распознан как Фосфоглив в форме капсул, упаковка №96. Это комбинированный гепатопротектор без явного указания МНН в тексте, поэтому МНН не заполнено.",True,,pending_fallback,direction_select,,semantic_primary,success,внутрь,капсулы,взрослые,,,Фосфоглив,,otc,,Гепатопротекторы,,перорально,,капсулы,,,,взрослые,,96 капсул,,комбинированный,
2906,338,ФОРОЗА ТАБЛ. П/ПЛЕН/ОБ. 70МГ №12 НОВАРТИС | НОВАРТИС НЕВА ООО | НОВАРТИС НЕВА ООО,drug,,0.8,"Препарат «Фороза» выпускается в таблетках, покрытых плёночной оболочкой, по 70 мг, в упаковке №12. Действующее вещество в тексте не указано, поэтому mnn и nosology не заполнены. Это рецептурный препарат для приёма внутрь у взрослых.",True,,pending_fallback,direction_select,,semantic_primary,success,внутрь,"таблетки, покрытые пленочной оболочкой",взрослые,,,Фороза,,rx,,,,перорально,,таблетки,,70 мг,,взрослые,,12 таблеток,,,
2930,339,"ФОРМИСОНИД ПОР. Д/ИНГ. ДОЗИР. 160МКГ+4,5МКГ/ДОЗА №60 С ИНГАЛЯТОРОМ | ФАРМСТАНДАРТ-ЛЕКСРЕДСТВА ОАО | ФАРМСТАНДАРТ-ЛЕКСРЕДСТВА ОАО",drug,,0.82,"Препарат представляет собой дозированный порошок для ингаляций с комбинированной дозировкой 160+4,5 мкг/доза, в упаковке 60 доз с ингалятором. Явное МНН в тексте не указано, поэтому mnn не заполнен. Это рецептурное ингаляционное средство.",True,,pending_fallback,direction_select,,semantic_primary,success,ингаляционно,порошок для ингаляций дозированный,взрослые,,,Формисонид,,rx,,Комбинированный ингаляционный глюкокортикостероид + β2-агонист,,ингаляционно,,порошок,,"160 мкг + 4,5 мкг/доза",,взрослые,,60 доз с ингалятором,,комбинированный препарат,
2936,339,ФОРМИДРОН Р-Р Д/НАРУЖ. ПРИМ. СПИРТ. ФЛ. 50МЛ ЯРОСЛАВСКАЯ ФФ | ЯРОСЛАВСКАЯ ФФ | ЯРОСЛАВСКАЯ ФФ,drug,,0.78,"Формидрон представлен как спиртовой раствор для наружного применения во флаконе 50 мл. Действующее вещество по МНН в тексте не указано, поэтому mnn не заполнен. Средство относится к безрецептурным антисептикам и типично используется у взрослых.",True,,pending_fallback,direction_select,,semantic_primary,success,наружно,спиртовой раствор для наружного применения,взрослые,,,Формидрон,,otc,,антисептическое средство,,наружно,,раствор,,,,взрослые,,флакон 50 мл,,,
2977,339,ФОКУМАКС КАПС. №30 | СОЛЕФАРМ ООО | СОЛЕФАРМ ООО,vitamin_or_baa,,0.72,"По тексту определены капсулы Фокумакс, БАД без указания состава, поэтому МНН и дозировка не заполнены. Нозология соответствует нутрицевтикам, путь введения пероральный, возрастной сегмент универсальный.",True,,pending_fallback,direction_select,,semantic_primary,success,перорально,капсулы,универсальный,,,Фокумакс,,,,нутрицевтики,,перорально,,капсулы,,,,универсальный,,30 капсул,,,
3080,339,ФЛУИМУЦИЛ-АНТИБИОТИК ИТ ЛИОФ. Д/Р-РА Д/ИН. И ИНГ. 500МГ ФЛ. №3 С РАСТВОРИТЕЛЕМ | ЗАМБОН С.П.А. | ЗАМБОН С.П.А.,drug,,0.72,"Препарат идентифицирован по торговому названию и лекарственной форме: лиофилизат для приготовления раствора для инъекций и ингаляций, дозировка 500 мг, в комплекте с растворителем. Действующее вещество в тексте явно не указано, поэтому МНН не заполнено. Наличие слова «антибиотик» и инъекционной/ингаляционной формы позволяет отнести средство к антибиотикам, отпускаемым по рецепту.",True,,pending_fallback,direction_select,,semantic_primary,success,инъекционно; ингаляционно,лиофилизат для приготовления раствора для инъекций и ингаляций,взрослые,,,Флуимуцил-антибиотик ИТ,,rx,,антибиотики,,ингаляционно,,лиофилизат,,500 мг,,взрослые,,флаконы №3 с растворителем,,,
3083,339,ФЛУВИР ПОР. Д/ПРИЕМА ВНУТРЬ САШЕ №10 | PROBIOTICAL S.P.A. | PROBIOTICAL S.P.A.,vitamin_or_baa,,0.7,"Препарат относится к пробиотикам (БАД), форма выпуска — порошок для приема внутрь в саше. Состав и дозировка в тексте не указаны, поэтому МНН и дозировка не заполнены.",True,,pending_fallback,direction_select,,semantic_primary,success,внутрь,порошок для приема внутрь,универсальный,,,Флувир,,,,эубиотики,,перорально,,порошок,,,,универсальный,,саше №10,,,
3159,339,ФЛОРАДИКС АЙРОНВИТАЛЬ ФЛ. 250МЛ | SALUS HAUS GMBH & CO.KG | SALUS HAUS GMBH & CO.KG,vitamin_or_baa,,0.82,"По типу продукта это витаминно-минеральный комплекс, поэтому mnn указан как «Комплекс», а нозология — «комплексные профили». Форма выпуска «ФЛ. 250МЛ» позволяет определить жидкий раствор для приема внутрь. Возрастные и дозировочные указания в тексте отсутствуют.",True,,pending_fallback,direction_select,,semantic_primary,success,внутрь,раствор для приема внутрь,универсальный,Комплекс,,Флорадикс Айронвиталь,,,,комплексные профили,,перорально,,раствор,,,,универсальный,,флакон 250 мл,,комбинированный,
3169,339,ФЛИКСОТИД АЭРОЗ. Д/ИНГАЛ. ДОЗИР. 250МКГ/ДОЗА ФЛ. 60ДОЗ | ГЛАКСО ВЭЛЛКОМ С.А. | ГЛАКСО ВЭЛЛКОМ С.А.,drug,,0.75,"ФЛИКСОТИД — ингаляционный глюкокортикостероид в форме дозированного аэрозоля. Действующее вещество в тексте не читается, поэтому МНН не указан. Дозировка и форма введены из текста.",True,,pending_fallback,direction_select,,semantic_primary,success,ингаляционно,аэрозоль для ингаляций дозированный,взрослые,,,Фликсотид,,rx,,Глюкокортикостероиды,,ингаляционно,,аэрозоль,,250 мкг/доза,,взрослые,,60 доз,,,
3216,339,"ФЛАМАДЕКС ГЕЛЬ Д/НАРУЖН. ПРИМ. 2,5% ТУБА 50Г | ФАРМВИЛАР НПО ООО | ФАРМВИЛАР НПО ООО",drug,,0.6,"Гель для наружного применения с концентрацией 2,5% в тубе 50 г. В тексте указан только бренд и форма, поэтому МНН не заполнено. Учитывая область применения, отнесено к нестероидным противовоспалительным средствам для взрослых.",True,,pending_fallback,direction_select,,semantic_primary,success,наружно,гель,взрослые,,,Фламадекс,,rx,,нестероидное противовоспалительное средство,,наружно,,гель,,"2,5%",,взрослые,,туба 50г,,,
3296,339,ФИТОМУЦИЛ НОРМ ПЛЮС ПОР. ПАКЕТ ПО 6Г №10 | ADM PROTEXIN/БИОВИД | ADM PROTEXIN/БИОВИД,vitamin_or_baa,,0.65,"Порошок для приема внутрь, дозировка 6 г, в упаковке 10 пакетов. Относится к нутрицевтикам (БАД) без указания возраста. Действующее вещество/состав в тексте не раскрыты, поэтому mnn и комбинированный признак не установлены.",True,,pending_fallback,direction_select,,semantic_primary,success,внутрь,порошок,универсальный,,,Фитомуцил Норм Плюс,,,,нутрицевтики,,перорально,,порошок,,6 г,,универсальный,,10 пакетов по 6 г,,,
3365,339,ФИТОКОСМЕТИК МИРОВЫЕ РЕЦЕПТЫ КРАСОТЫ СОЛЬ ДЛЯ ВАНН БАДЕН-БАДЕН АНТИСТРЕСС 500Г | Фитокосметик ООО | Фитокосметик ООО,cosmetic_hygiene,,0.82,"Продукт относится к косметическим/гигиеническим средствам, поэтому лекарственные атрибуты не применимы. Это соль для ванн наружного применения, без явных возрастных ограничений, в упаковке 500 г.",True,,pending_fallback,direction_select,,semantic_primary,success,наружно,соль для ванн,универсальный,,,Фитокосметик,,,,,,наружно,,не применимо,,,,универсальный,,500 г,,,
3386,340,ФИТОКОСМЕТИК КРЕМ-ДЕПИЛЯТОР РОМАШКА ДЛЯ ОБЛАСТИ БИКИНИ И ПОДМЫШЕК 25МЛ | Фитокосметик ООО | Фитокосметик ООО,cosmetic_hygiene,,0.8,"Крем-депилятор для области бикини и подмышек, бренд Фитокосметик. Применяется наружно, форма выпуска — крем, объём упаковки 25 мл. Возрастной сегмент определён как взрослые.",True,,pending_fallback,direction_select,,semantic_primary,success,наружно,крем,взрослые,,,Фитокосметик,,,,,,наружно,,крем,,,,взрослые,,25 мл,,,
3410,340,ФИТОКОСМЕТИК ВАННА КРАСОТЫ КОНЦЕНТРАТ ДЛЯ ПРИНЯТИЯ ВАННЫ С ПЕНОЙ КОЛЛАГЕНОВАЯ 250МЛ | ФИТОКОСМЕТИК ООО | ФИТОКОСМЕТИК ООО,cosmetic_hygiene,,0.85,"Продукт является косметическим средством для ванн, бренд определяется по названию. Форма выпуска — концентрат для принятия ванны, объём 250 мл, возрастное ограничение не указано.",True,,pending_fallback,direction_select,,semantic_primary,success,наружно,концентрат для ванны,универсальный,,,ФИТОКОСМЕТИК,,,,,,наружно,,не применимо,,,,универсальный,,250 мл,,,
3478,340,ФИМИЦИЛ ПСИЛЛИУМ+СЛИВА ПОР Д/ПРИЕМА ВНУТРЬ ПАКЕТ-САШЕ 5Г №12 | ФАРМАЦЕВТИЧЕСКАЯ ФАБРИКА ООО | ФАРМАЦЕВТИЧЕСКАЯ ФАБРИКА ООО,vitamin_or_baa,,0.6,"БАД содержит псиллиум и сливу, поэтому mnn указан как комплекс. Препарат выпускается в форме порошка для приема внутрь в пакетиках-саше по 5 г. Возрастных ограничений нет, поэтому выбран универсальный возрастной сегмент.",True,,pending_fallback,direction_select,,semantic_primary,success,внутрь,порошок для приема внутрь,универсальный,Комплекс,,ФИМИЦИЛ,,,,комплексные профили,,перорально,,порошок,,5 г,,универсальный,,пакет-саше №12,,комбинированный,
3939,340,УРОНОРМИН-Ф ПОР. Д/Р-РА Д/ПРИЕМА ВНУТРЬ 3Г ПАК. 8Г №2 | ФАРМСТАНДАРТ-ЛЕКСРЕДСТВА ОАО | ФАРМСТАНДАРТ-ЛЕКСРЕДСТВА ОАО,drug,,0.58,"В тексте явно указаны форма, дозировка и упаковка. Действующее вещество как МНН не читается, поэтому mnn не заполнен. Название и урологический профиль позволяют предположить назначение при инфекциях мочевыводящих путей, а лекарственная форма характерна для рецептурного препарата.",True,,pending_fallback,direction_select,,semantic_primary,success,внутрь,порошок для приготовления раствора для приема внутрь,взрослые,,,Уронормин-Ф,,rx,,Инфекции мочевыводящих путей,,перорально,,порошок,,3 г,,взрослые,,пак. 8 г №2,,,
3967,340,УРИНАЛ ПРОТЕКТ КАПС. ПО 770МГ №60 | НОВЕНТИС С.Р.О. | НОВЕНТИС С.Р.О.,vitamin_or_baa,,0.55,"В тексте указаны капсулы по 770 мг, упаковка 60 штук; производитель Noventis. Состав не раскрыт, поэтому действующее вещество и комбинированность не определены. По типу БАД и названию товар можно отнести к парафармацевтикам для поддержки мочевыводящей системы.",True,,pending_fallback,direction_select,,semantic_primary,success,внутрь,капсулы,универсальный,,,Уринал Протект,,,,парафармацевтики,,перорально,,капсулы,,770 мг,,универсальный,,60 капсул,,,
4104,340,УМНАЯ ЭМАЛЬ СРЕДСТВО ДЛЯ НОГТЕЙ УКРЕПИТЕЛЬ С ПРОТЕИНОМ 11МЛ | ФРЕНЧИ ПРОДАКТС | ФРЕНЧИ ПРОДАКТС,cosmetic_hygiene,,0.85,"Средство для укрепления ногтей относится к косметическим продуктам, поэтому МНН и нозология не заполняются. Форма — эмаль, способ применения наружно, объём указан как 11 мл.",True,,pending_fallback,direction_select,,semantic_primary,success,наружно,эмаль,универсальный,,,Френчи Продактс,,,,,,наружно,,,,,,универсальный,,11 мл,,,
4112,340,УМНАЯ ЭМАЛЬ СРЕДСТВО ВОССТАНОВИТЕЛЬ ПОВРЕЖДЕННЫХ НОГТЕЙ 11МЛ | ФРЕНЧИ ПРОДАКТС | ФРЕНЧИ ПРОДАКТС,cosmetic_hygiene,,0.85,"Косметическое средство для восстановления ногтей, применяется наружно. По тексту видна форма «эмаль» и объём 11 мл. Лекарственные атрибуты и возрастная привязка неприменимы.",True,,pending_fallback,direction_select,,semantic_primary,success,наружно,эмаль,не применимо,,,Френчи Продактс,,,,,,наружно,,,,,,не применимо,,11 мл,,,
4254,340,ТУРАМИН ХРОМ КАПС. №90 | ВИС ООО | ВИС ООО,vitamin_or_baa,,0.75,"БАД «Турамин Хром» содержит хром и выпускается в капсулах, упаковка №90. Возрастные ограничения в тексте не указаны, поэтому возрастной сегмент — универсальный. Дозировка действующего вещества отсутствует.",True,,pending_fallback,direction_select,,semantic_primary,success,внутрь,капсулы,универсальный,Хром,,Турамин Хром,,,,отдельные нутриенты,,перорально,,капсулы,,,,универсальный,,90 капсул,,,
4270,340,"ТУКСИРИЛ ЛЕДЕНЦЫ РАСТИТЕЛЬНЫЕ СО ВКУСОМ АНАНАСА ПО 2,5Г №30 | SYDLER REMEDIES PVT. LTD. | SYDLER REMEDIES PVT. LTD.",vitamin_or_baa,,0.6,"Товар относится к парафармацевтикам, выпускается в форме леденцов по 2,5 г, упаковка №30. Явный состав действующих веществ и возрастная адресация не указаны, поэтому соответствующие атрибуты не заполнены.",True,,pending_fallback,direction_select,,semantic_primary,success,внутрь,леденцы,универсальный,,,Туксирил,,,,парафармацевтики,,перорально,,,,"2,5 г",,универсальный,,№30,,,
4271,340,"ТУДЖЕО СОЛО СТАР Р-Р ДЛЯ П/К ВВЕД. 300ЕД/МЛ КАРТРИДЖ В ШПРИЦ-РУЧКЕ 1,5МЛ №5 | САНОФИ-АВЕНТИС ДОЙЧЛАНД ГМБХ/САНОФИ-АВЕНТИС ВОСТОК ЗАО | САНОФИ-АВЕНТИС ДОЙЧЛАНД ГМБХ/САНОФИ-АВЕНТИС ВОСТОК ЗАО",drug,,0.72,"Товар — раствор для подкожного введения Туджео СолоСтар, по бренду относится к сахароснижающим средствам. Действующее вещество в тексте явно не указано, поэтому mnn оставлен пустым. Отпускается по рецепту, упаковка — картридж в шприц-ручке 1,5 мл №5.",True,,pending_fallback,direction_select,,semantic_primary,success,подкожно,раствор для подкожного введения,взрослые,,,Туджео Соло Стар,,rx,,сахароснижающее средство,,подкожно,,раствор,,300 ЕД/мл,,взрослые,,"картридж в шприц-ручке 1,5 мл №5",,,
4287,341,ТРУБКА РЕКТАЛЬНАЯ ГАЗООТВОДНАЯ №17 АЛЬФАПЛАСТИК | АЛЬФАПЛАСТИК ОБЪЕДИНЕНИЕ ОАО | АЛЬФАПЛАСТИК ОБЪЕДИНЕНИЕ ОАО,medical_device,clinical_like,0.8,"Медицинское изделие — ректальная газоотводная трубка. По профилю не применимы МНН, рецептурность, нозология и комбинация. Указаны бренд, ректальный путь введения, форма выпуска и размер №17.",True,,pending_fallback,direction_select,,semantic_primary,success,ректально,трубка ректальная газоотводная,универсальный,,,Альфапластик,,,,,,ректально,,,,№17,,универсальный,,,,,
4383,341,"ТРИНЕЙРО ТАБЛ. П/ПЛЕН/ОБ. 200МГ+100МГ+0,2МГ №60 | МАРБИОФАРМ ОАО | МАРБИОФАРМ ОАО",drug,,0.5,"По тексту и фирменному названию это комбинированный нейротропный комплекс витаминов группы B в таблетках по 200 мг + 100 мг + 0,2 мг. МНН не указан явно, поэтому заполнен как null. Рецептурность и возраст явно не указаны; для таблетированного витаминного комплекса приняты типичные взрослый сегмент и безрецептурная продажа.",True,,pending_fallback,direction_select,,semantic_primary,success,внутрь,"таблетки, покрытые пленочной оболочкой",взрослые,,,Тринейро,,otc,,нейротропные витамины группы B,,перорально,,таблетки,,"200 мг + 100 мг + 0,2 мг",,взрослые,,№60 (60 таблеток),,комбинированный (3 активных компонента),
4399,341,ТРИМЕТАЗИДИН МВ РЕНЕВАЛ ТАБЛ. ПРОЛОНГ. ВЫСВ. П/ПЛЕН/ОБ. 35МГ №60 | ОБНОВЛЕНИЕ ПФК АО | ОБНОВЛЕНИЕ ПФК АО,drug,,0.92,"В названии явно указано действующее вещество триметазидин, лекарственная форма и дозировка. Препарат рецептурный, применяется внутрь. Отнесён к взрослой возрастной группе.",True,,pending_fallback,direction_select,,semantic_primary,success,внутрь,"таблетки пролонгированного действия, покрытые пленочной оболочкой",взрослые,Триметазидин,,Реневал,,rx,,антиангинальное средство,,перорально,,таблетки,,35 мг,,взрослые,,60 таблеток,,монопрепарат,
4409,341,ТРИМЕКТАЛ МВ ТАБЛ. МОДИФ. ВЫСВ. П/ПЛЕН/ОБ. 35МГ №120 ВЕРТЕКС | ВЕРТЕКС АО | ВЕРТЕКС АО,drug,,0.82,"В тексте указано торговое наименование Тримектал МВ, форма выпуска и дозировка; МНН явно не приведено, поэтому mnn не заполнен. Препарат определен как рецептурное антиангинальное средство для взрослых, упаковка 120 таблеток.",True,,pending_fallback,direction_select,,semantic_primary,success,перорально,"таблетки с модифицированным высвобождением, покрытые пленочной оболочкой",взрослые,,,Тримектал МВ,,rx,,антиангинальное средство,,перорально,,таблетки,,35 мг,,взрослые,,120 таблеток,,монопрепарат,
4448,341,ТРЕСИБА Р-Р ДЛЯ П/К ВВЕД. 100ЕД/МЛ КАРТРИДЖ В ШПРИЦ-РУЧКЕ ФЛЕКСПЕН 3МЛ №5 | НОВО НОРДИКС А/С | НОВО НОРДИКС А/С,drug,,0.82,"Раствор для подкожного введения в шприц-ручке ФлексПен, дозировка 100 ЕД/мл. МНН в тексте не указано явно, поэтому оставлено null; бренд Тресиба относится к рецептурным инсулинам, возрастной сегмент — взрослые.",True,,pending_fallback,direction_select,,semantic_primary,success,подкожно,раствор для подкожного введения,взрослые,,,Тресиба,,rx,,инсулины,,подкожно,,раствор,,100 ЕД/мл,,взрослые,,картридж в шприц-ручке ФлексПен 3 мл №5,,,
4502,341,ТРАВОКОРТ КРЕМ Д/НАРУЖ. ПРИМ. 1МГ+10МГ/Г ТУБА 15Г | ЛЕО ФАРМА МАНУФЭКЧУРИНГ ИТАЛИ С.Р.Л. | ЛЕО ФАРМА МАНУФЭКЧУРИНГ ИТАЛИ С.Р.Л.,drug,,0.78,"В тексте указан крем для наружного применения Травокорт с дозировкой 1 мг+10 мг/г в тубе 15 г. Название является брендом, а действующие вещества явно не названы, поэтому МНН не заполнен. Препарат без детских сигналов отнесён к взрослым.",True,,pending_fallback,direction_select,,semantic_primary,success,наружно,крем,взрослые,,,Травокорт,,rx,,дерматологические средства,,наружно,,крем,,1 мг+10 мг/г,,взрослые,,туба 15 г,,комбинированный,
4508,341,"ТРАВАПРЕСС КАПЛИ ГЛАЗН. 0,04МГ/МЛ ФЛ-КАП. 2,5МЛ | РОМФАРМ КОМПАНИ С.Р.Л. | РОМФАРМ КОМПАНИ С.Р.Л.",vitamin_or_baa,,0.8,"Средство отнесено к витаминам/БАД и выпускается в виде глазных капель 0,04 мг/мл во флаконе-капельнице 2,5 мл. Действующий нутриент/витамин в тексте не указан, поэтому МНН не заполнено; по типу БАД определена группа парафармацевтики.",True,,pending_fallback,direction_select,,semantic_primary,success,офтальмологический,капли глазные,универсальный,,,ТРАВАПРЕСС,,,,парафармацевтики,,офтальмологический,,капли,,"0,04 мг/мл",,универсальный,,"флакон-капельница 2,5 мл",,нет,
4552,341,ТОРВАКАРД ТАБЛ. П/ПЛЕН/ОБ. 20МГ №90 | САНЕКА ФАРМАСЬЮТИКАЛС А.С. | САНЕКА ФАРМАСЬЮТИКАЛС А.С.,drug,,0.72,"По тексту определены торговое наименование, лекарственная форма, дозировка и количество в упаковке. МНН в тексте не указано, поэтому заполнено как null; нозология и рецептурный статус определены по известному терапевтическому профилю препарата.",True,,pending_fallback,direction_select,,semantic_primary,success,внутрь,"таблетки, покрытые пленочной оболочкой",взрослые,,,Торвакард,,рецептурный,,статины,,перорально,,таблетки,,20 мг,,взрослые,,упаковка №90 (90 таблеток),,монопрепарат,
4611,341,ТОРАКСОЛ СОЛЮШН ТАБЛЕТС ТАБЛ. ДИСПЕРГ. 60МГ №10 | ОЗОН ООО | ОЗОН ООО,drug,,0.7,"Препарат представлен как диспергируемые таблетки 60 мг, упаковка №10. Действующее вещество в тексте не указано, поэтому МНН и нозология не определяются.",True,,pending_fallback,direction_select,,semantic_primary,success,прием внутрь,таблетки диспергируемые,взрослые,,,Тораксол,,,,,,перорально,,таблетки,,60 мг,,взрослые,,№10,,,
4693,341,"ТОЛПЕРИЗОН+ЛИДОКАИН-БИНЕРГИЯ Р-Р ДЛЯ В/М ВВЕД. 100МГ/МЛ+2,5МГ/МЛ АМП. 1МЛ №10 | КУРСКАЯ БИОФАБРИКА - ФИРМА БИОК ФГУП | КУРСКАЯ БИОФАБРИКА - ФИРМА БИОК ФГУП",drug,,0.95,"По названию определены комбинированный состав (толперизон + лидокаин), бренд «Бинергия», форма выпуска — раствор для внутримышечного введения, концентрация и упаковка по 10 ампул по 1 мл. Препарат является рецептурным лекарственным средством.",True,,pending_fallback,direction_select,,semantic_primary,success,внутримышечно,раствор для внутримышечного введения,взрослые,Толперизон + Лидокаин,,Бинергия,,rx,,миорелаксант центрального действия + местный анестетик,,внутримышечно,,раствор,,"100 мг/мл + 2,5 мг/мл",,взрослые,,10 ампул по 1 мл,,true,
4719,342,ТОКСИКОДЕНДРОН КВЕРЦИФОЛИУМ (РУС ТОКСИКОДЕНДРОН) С30 ГРАН. ГОМЕОП. 5Г | ДОКТОР Н ООО | ДОКТОР Н ООО,drug,,0.7,"Гомеопатический препарат с явно указанным действующим веществом, формой «гранулы гомеопатические» и разведением С30, упаковка 5 г. Показания и возраст в тексте не указаны, поэтому часть атрибутов определена по общим правилам.",True,,pending_fallback,direction_select,,semantic_primary,success,внутрь,гранулы гомеопатические,взрослые,Токсикодендрон кверцифолиум,,,,otc,,гомеопатическое средство,,перорально,,гранулы,,С30,,взрослые,,5 г,,монопрепарат,
4741,342,ТИОЦЕТАМ Р-Р ДЛЯ В/В И В/М ВВЕД. 25МГ/МЛ+100МГ/МЛ АМП. 5МЛ №10 | ОЗОН ООО | ОЗОН ООО,drug,,0.75,"В тексте указано торговое наименование, концентрация, форма выпуска и путь введения, но действующие вещества явно не названы, поэтому МНН и нозология не заполнены. Препарат является комбинированным и рецептурным.",True,,pending_fallback,direction_select,,semantic_primary,success,внутривенно и внутримышечно,раствор для внутривенного и внутримышечного введения,взрослые,,,Тиоцетам,,rx,,,,внутримышечно,,раствор,,25 мг/мл + 100 мг/мл,,взрослые,,"ампулы 5 мл, 10 шт.",,комбинированный препарат (два действующих вещества),
4782,342,ТИМОГЕН Р-Р ДЛЯ В/М ВВЕД. 100МКГ/МЛ АМП. 1МЛ №5 | ЦИТОМЕД МБНПК | ЦИТОМЕД МБНПК,drug,,0.8,"Препарат Тимоген выпускается в виде раствора для внутримышечного введения в ампулах по 1 мл с концентрацией 100 мкг/мл. МНН в тексте явно не указан, поэтому оставлен пустым. Возрастных указаний нет, для типичного лекарственного средства выбран взрослый сегмент.",True,,pending_fallback,direction_select,,semantic_primary,success,внутримышечно,раствор для внутримышечного введения,взрослые,,,Тимоген,,rx,,иммуностимулятор,,внутримышечно,,раствор,,100 мкг/мл,,взрослые,,"ампулы 1 мл, №5",,,
4808,342,"ТИЗОПТАН КАПЛИ ГЛАЗН. 0,3МГ/МЛ+5МГ/МЛ ФЛ. 3МЛ №1 | СЕНТИСС ФАРМА ПВТ. ЛТД. | СЕНТИСС ФАРМА ПВТ. ЛТД.",drug,,0.78,"Комбинированные глазные капли «Тизоптан»; в тексте указаны только торговое название, концентрации и объём, без МНН. Препарат относится к противоглаукомным средствам и отпускается по рецепту.",True,,pending_fallback,direction_select,,semantic_primary,success,офтальмологически,капли глазные,взрослые,,,Тизоптан,,rx,,противоглаукомные препараты,,офтальмологический,,капли,,"0,3 мг/мл + 5 мг/мл",,взрослые,,флакон 3 мл №1,,комбинированный,
4977,342,ТЕРБИНАФИН КРЕМ Д/НАРУЖ. ПРИМ. 1% ТУБА 30Г ОКСФОРД ЛАБОРАТОРИЗ | ОКСФОРД ЛАБОРАТОРИЗ ПВТ. ЛТД | ОКСФОРД ЛАБОРАТОРИЗ ПВТ. ЛТД,drug,,0.9,"Препарат содержит тербинафин в форме 1% крема для наружного применения, применяется при грибковых инфекциях кожи. Отпускается без рецепта.",True,,pending_fallback,direction_select,,semantic_primary,success,наружно,крем,взрослые,Тербинафин,,,,otc,,Грибковые инфекции кожи,,наружно,,крем,,1%,,взрослые,,туба 30 г,,,
4998,342,"ТЕРАФЛЮ ОТ ГРИППА И ПРОСТУДЫ ПОР. Д/Р-РА Д/ПРИЕМА ВНУТРЬ ЛИМОН ПАК. 22,1Г №10 | ГКС КОНСЬЮМЕР ХЕЛС ИНК./ФАМАР ОРЛЕАН | ГКС КОНСЬЮМЕР ХЕЛС ИНК./ФАМАР ОРЛЕАН",drug,,0.72,"Наименование и форма выпуска указывают на противопростудное средство для приема внутрь. Действующие вещества в тексте не приведены, поэтому МНН и дозировка активного компонента не заполнены. Препарат отпускается без рецепта.",True,,pending_fallback,direction_select,,semantic_primary,success,внутрь,порошок для приготовления раствора для приема внутрь,взрослые,,,Терафлю,,безрецептурный,,симптоматическое лечение гриппа и простуды (ОРВИ),,перорально,,порошок,,,,взрослые,,"10 пакетиков по 22,1 г",,,
5083,342,ТЕМПОНОРМ ФЛЮ ПОР. Д/Р-РА Д/ПРИЕМА ВНУТРЬ 325МГ+10МГ+20МГ+50МГ ПАК. №5 | ФАРМВИЛАР НПО ООО | ФАРМВИЛАР НПО ООО,drug,,0.78,"Комбинированный порошок для приема внутрь применяется при симптомах простуды/ОРВИ; в тексте указаны только дозировки без названий действующих веществ, поэтому МНН не заполнен. Явных возрастных маркеров нет, но для типичного средства от простуды выбрано взрослое применение. Препарат относится к безрецептурным симптоматическим средствам.",True,,pending_fallback,direction_select,,semantic_primary,success,внутрь,порошок для приготовления раствора для приема внутрь,взрослые,,,Темпонорм Флю,,безрецептурный,,симптоматическое лечение ОРВИ и простуды,,перорально,,порошок,,325 мг + 10 мг + 20 мг + 50 мг,,взрослые,,5 пакетиков,,комбинированный препарат,
5181,342,"ТЕВАГРАСТИМ Р-Р ДЛЯ В/В П/К ВВЕД. 60 МЛН.МЕ/МЛ ШПРИЦ 0,8МЛ №1+УСТР. БЕЗОП. ИГЛ | ТЕВА ФАРМАЦЕВТИЧЕСКИЕ ПРЕДПРИЯТИЯ ЛТД. | ТЕВА ФАРМАЦЕВТИЧЕСКИЕ ПРЕДПРИЯТИЯ ЛТД.",drug,,0.7,"Препарат Теваграстим — раствор для внутривенного и подкожного введения в шприце 0,8 мл с концентрацией 60 млн МЕ/мл и устройством безопасности иглы. МНН в тексте не указан, поэтому поле mnn оставлено пустым. Отпускается по рецепту.",True,,pending_fallback,direction_select,,semantic_primary,success,"внутривенно, подкожно",раствор для инъекций,универсальный,,,Теваграстим,,рецептурный,,Стимулятор лейкопоэза,,внутривенно,,раствор,,60 млн МЕ/мл,,универсальный,,"шприц 0,8 мл №1 + устройство безопасности иглы",,лекарственный препарат в комплекте со шприцем и устройством безопасности иглы,
5212,342,ТАУРИН 1000 ТАБЛ. П/О ПО 1545МГ №30 | КВАДРАТ-С ООО | КВАДРАТ-С ООО,vitamin_or_baa,,0.9,"Монокомпонентная БАД с таурином, таблетки покрытые оболочкой, для приёма внутрь. Возраст не указан, поэтому универсальный.",True,,pending_fallback,direction_select,,semantic_primary,success,внутрь,"таблетки, покрытые оболочкой",универсальный,Таурин,,,,,,отдельные нутриенты,,перорально,,таблетки,,1000 мг,,универсальный,,30 таблеток,,монокомпонентный,
5429,342,СУПРИМА-БРОНХО СИРОП ФЛ. 100МЛ | ШРЕЯ ЛАЙФ САЕНСИЗ ПВТ.ЛТД | ШРЕЯ ЛАЙФ САЕНСИЗ ПВТ.ЛТД,drug,,0.72,"Препарат представлен как сироп от кашля, применяется внутрь. Явных действующих веществ в тексте нет, поэтому МНН не указано. Возраст явно не обозначен; по умолчанию для типичного лекарственного средства выбран сегмент взрослые.",True,,pending_fallback,direction_select,,semantic_primary,success,внутрь,сироп,взрослые,,,Суприма-Бронхо,,otc,,Отхаркивающее средство,,перорально,,сироп,,,,взрослые,,флакон 100 мл,,true,
5457,343,СУПРАДИН КИДС ИММУНО ПАСТИЛКИ ЖЕВАТ. 5Г №30 | Ф.ХУНЦИКЕР &КО./АМАФАРМ ГМБХ | Ф.ХУНЦИКЕР &КО./АМАФАРМ ГМБХ,vitamin_or_baa,,0.85,"Витаминно-минеральный комплекс для детей в форме жевательных пастилок. Содержит комплекс нутриентов, поэтому mnn='Комплекс'. Указаны масса пастилки 5 г и количество 30.",True,,pending_fallback,direction_select,,semantic_primary,success,перорально,пастилки жевательные,дети,Комплекс,,Супрадин Кидс Иммуно,,,,комплексные профили,,перорально,,таблетки жевательные,,5 г,,дети,,30,,многокомпонентный,
5597,343,"СТЭЛМАС КИСЛОРОД ВОДА ПИТЬЕВАЯ НЕГАЗ. 0,6Л ПЭТ | ВОДЫ ЗДОРОВЬЯ ООО | ВОДЫ ЗДОРОВЬЯ ООО",other,,0.82,"Продукт представляет собой питьевую негазированную воду с кислородом, без лекарственных свойств. Возрастных ограничений не указано, поэтому возрастной сегмент универсальный. В тексте явно указан объём 0,6 л в ПЭТ-упаковке.",True,,pending_fallback,direction_select,,semantic_primary,success,,,универсальный,,,СТЭЛМАС,,,,,,не применимо,,не применимо,,,,универсальный,,"0,6 л ПЭТ",,,
5672,343,СТРЕГА ТАБС ТАБЛ. П/ПЛЕН/ОБ. 5МГ №7 | Синтон Испания С.Л. | Синтон Испания С.Л.,drug,,0.75,"В тексте указаны торговая марка «Стрега табс», лекарственная форма «таблетки, покрытые пленочной оболочкой», дозировка 5 мг и упаковка №7. Действующее вещество явно не приведено, поэтому МНН не заполнен. Препарат относится к урологическим лекарственным средствам, принимается внутрь и предназначен для взрослых.",True,,pending_fallback,direction_select,,semantic_primary,success,перорально,"таблетки, покрытые пленочной оболочкой",взрослые,,,Стрега табс,,rx,,Урология,,перорально,,таблетки,,5 мг,,взрослые,,№7,,,
5696,343,СТО РЕЦЕПТОВ КРАСОТЫ ГЕЛЬ ВЕНОТОН ДЛЯ НОГ 70МЛ | Калина ООО | Калина ООО,cosmetic_hygiene,,0.78,"Косметический гель для ног объёмом 70 мл, в тексте нет указания на действующее лекарственное вещество. Форма — гель, способ применения — наружно, возрастная адресация не указана.",True,,pending_fallback,direction_select,,semantic_primary,success,наружно,гель,не применимо,,,Сто рецептов красоты,,,,,,наружно,,гель,,,,не применимо,,70 мл,,,
5841,343,СПОРТЭКСПЕРТ ЭНЕРГИЯ СО ВКУСОМ АПЕЛЬСИНА БЕЗ САХАРА ФЛ. 50МЛ №8 | ЭВАЛАР ЗАО | ЭВАЛАР ЗАО,vitamin_or_baa,,0.65,"Спортивное питание «Спортэксперт Энергия» в жидкой форме (флаконы 50 мл №8). Состав не указан, поэтому МНН и дозировка не определяются. По назначению относится к парафармацевтикам для взрослых.",True,,pending_fallback,direction_select,,semantic_primary,success,внутрь,раствор для приема внутрь,взрослые,,,Спортэксперт,,,,парафармацевтики,,перорально,,раствор,,,,взрослые,,флаконы по 50 мл №8,,,
5916,343,"СПЛАТ JUICY LAB ПАСТА ЗУБНАЯ ДЕТСКАЯ СО ФТОРОМ, СО ВКУСОМ ВИНОГРАД ТУБА 72Г | ОРГАНИК ФАРМАСЬЮТИКАЛЗ ООО | ОРГАНИК ФАРМАСЬЮТИКАЛЗ ООО",cosmetic_hygiene,,0.9,"Детская зубная паста со фтором, предназначена для местного применения. Указан возрастной сегмент «детская», форма выпуска «паста зубная» и упаковка «туба 72 г».",True,,pending_fallback,direction_select,,semantic_primary,success,местно,паста зубная,дети,,,СПЛАТ JUICY LAB,,,,,,,,,,,,дети,,туба 72 г,,,
5966,343,СПАСАТЕЛЬНЫЙ КРУГ №144 БАЛЬЗАМ ДЛЯ ПЯТОК 100МЛ | ДР РЕТТЕР ЕС | ДР РЕТТЕР ЕС,cosmetic_hygiene,,0.75,"Товар относится к косметическим средствам для ухода за кожей пяток. В тексте указана лекарственная форма «бальзам» и объем 100 мл, бренд определен как «ДР РЕТТЕР ЕС». Возрастная привязка отсутствует, поэтому указан универсальный сегмент.",True,,pending_fallback,direction_select,,semantic_primary,success,наружно,бальзам,универсальный,,,ДР РЕТТЕР ЕС,,,,,,наружно,,,,,,универсальный,,100 мл,,,
5980,343,СПАСАТЕЛЬНЫЙ КРУГ №062 КРЕМ-БАЛЬЗАМ ДЛЯ КОЛЕНЕЙ С ИМБИРЕМ КОРИЦЕЙ И ХОНДРОИТИНОМ 50МЛ | ДР РЕТТЕР ЕС | ДР РЕТТЕР ЕС,cosmetic_hygiene,,0.75,"Косметическое средство в форме крем-бальзама для наружного применения, объём 50 мл. Возрастная группа явно не указана, поэтому принята как универсальная.",True,,pending_fallback,direction_select,,semantic_primary,success,наружно,крем-бальзам,универсальный,,,Спасательный круг,,,,,,наружно,,крем,,,,универсальный,,50 мл,,,
6000,343,"СПАЗМОФАРМ Р-Р ДЛЯ В/М ВВЕД. 500МГ/МЛ+2МГ/МЛ+0,02МГ/МЛ АМП. 5МЛ №10 | ВетПром АД | ВетПром АД",drug,,0.7,"Препарат — раствор для внутримышечного введения, содержащий три компонента в мг/мл, но их названия в тексте не указаны. Название и форма указывают на спазмолитическое средство, а производитель ВетПром позволяет предположить ветеринарное применение.",True,,pending_fallback,direction_select,,semantic_primary,success,внутримышечно,раствор для внутримышечного введения,не применимо,,,Спазмофарм,,rx,,Спазмолитическое средство,,внутримышечно,,раствор,,"500 мг/мл + 2 мг/мл + 0,02 мг/мл",,не применимо,,ампулы по 5 мл №10,,комбинированный,
6078,343,СОСКА-ПУСТЫШКА БАНТИК ЛАТЕКСНАЯ ТРАДИЦИОННАЯ АРТ.2101 | АМТ ТРЕЙД ООО | АМТ ТРЕЙД ООО,medical_device,hygiene_like,0.7,"Товар представляет собой латексную соску-пустышку для детей. Клинические атрибуты неприменимы согласно профилю медицинского изделия, поэтому возрастной сегмент определён как детский.",True,,pending_fallback,direction_select,,semantic_primary,success,,,дети,,,,,,,,,не применимо,,не применимо,,,,дети,,,,,
6129,344,СОЛОСОРБ ГЕЛЬ Д/СУСП. Д/ПРИЕМА ВНУТРЬ ТУБА 225Г | ГРОТЕКС ООО | ГРОТЕКС ООО,vitamin_or_baa,,0.75,"Товар определен как сорбент в форме геля для приготовления суспензии для приема внутрь, бренд Солосорб. Возрастных указаний нет, активное вещество в тексте не приведено.",True,,pending_fallback,direction_select,,semantic_primary,success,внутрь,гель для приготовления суспензии для приема внутрь,универсальный,,,Солосорб,,,,парафармацевтики,,перорально,,суспензия,,,,универсальный,,туба 225 г,,,
6162,344,СОЛНЦЕ И ЛУНА ECO СРЕДСТВО ДЛЯ КУПАНИЯ ДЛЯ ДЕТЕЙ ОТ МАКУШКИ ДО ПЯТОК КАЛЕНДУЛА И РОМАШКА 200МЛ 0МЕС+ | КОТТОН КЛАБ ООО | КОТТОН КЛАБ ООО,cosmetic_hygiene,,0.9,"Косметическое гигиеническое средство для купания детей с экстрактами календулы и ромашки. Предназначено для детей с 0 месяцев, объём 200 мл. Применяется наружно при купании.",True,,pending_fallback,direction_select,,semantic_primary,success,наружно,средство для купания,дети,,,Солнце и Луна ECO,,,,,,наружно,,,,,,дети,,200 мл,,,
6168,344,СОЛНЦЕ И ЛУНА ECO ДИСКИ ВАТНЫЕ ХЛОПКОВЫЕ ОВАЛЬНЫЕ №40 | КОТТОН КЛАБ-ГИГИЕНА ООО | КОТТОН КЛАБ-ГИГИЕНА ООО,cosmetic_hygiene,,0.92,"Ватные косметические диски «Солнце и Луна Eco» в упаковке №40. Это гигиеническое/косметическое средство для наружного применения без действующего вещества, поэтому МНН, нозология, дозировка и рецептурный статус не заполняются.",True,,pending_fallback,direction_select,,semantic_primary,success,наружно,диски,не применимо,,,Солнце и Луна Eco,,,,,,наружно,,,,,,не применимо,,40 штук в упаковке,,,
6312,344,СМОЛКА ЖЕВАТЕЛЬНАЯ TAIGA GUM ДЛЯ ЧИСТКИ ЗУБОВ И УКРЕПЛЕНИЯ ДЕСЕН ANTI-NICOTINE №8 | АЛТАЙСКИЙ НЕКТАР АФЦ ООО | АЛТАЙСКИЙ НЕКТАР АФЦ ООО,cosmetic_hygiene,,0.6,"Товар представляет собой жевательную смолку для ухода за полостью рта, предназначенную для чистки зубов и укрепления десен. Наличие пометки ANTI-NICOTINE указывает на целевую аудиторию взрослых курильщиков. Упаковка содержит 8 пластинок.",True,,pending_fallback,direction_select,,semantic_primary,success,орально,жевательная смолка,взрослые,,,TAIGA GUM,,,,,,перорально,,таблетки жевательные,,,,взрослые,,№8,,,
6371,344,СКИПОФИТ ЭМУЛЬСИЯ БЕЛАЯ СКИПИДАРНАЯ ДЛЯ ВАНН ЭКСТРАКТЫ ЦЕЛЕБНЫХ ТРАВ ФЛ. 250МЛ | НАТУРОТЕРАПИЯ ЗАО | НАТУРОТЕРАПИЯ ЗАО,cosmetic_hygiene,,0.85,"Косметическое/гигиеническое средство для ванн: в тексте указаны форма «эмульсия», способ применения наружно и объём 250 мл. Бренд определён как «Скипофит», остальные фармацевтические атрибуты неприменимы.",True,,pending_fallback,direction_select,,semantic_primary,success,наружно,эмульсия,универсальный,,,Скипофит,,,,,,наружно,,не применимо,,,,универсальный,,флакон 250 мл,,,
6382,344,СКИПАР ЭМУЛЬСИЯ БЕЛАЯ ДЛЯ ВАНН НАБОР 200МЛ НТВ-02 | БИОФАРМРУС ООО | БИОФАРМРУС ООО,cosmetic_hygiene,,0.7,"Продукт — косметическая эмульсия для ванн, бренд «Скипар». Возрастных указаний нет, поэтому возрастной сегмент универсальный. Форма выпуска и способ применения указаны в названии.",True,,pending_fallback,direction_select,,semantic_primary,success,наружно,эмульсия,универсальный,,,Скипар,,,,,,наружно,,не применимо,,,,универсальный,,набор 200 мл,,,
6569,344,СИНУСЭФРИН СПРЕЙ НАЗ. ФЛ. 15МЛ | ТУЛЬСКАЯ ФАРМАЦЕВТИЧЕСКАЯ ФАБРИКА ООО | ТУЛЬСКАЯ ФАРМАЦЕВТИЧЕСКАЯ ФАБРИКА ООО,drug,,0.62,"В тексте указаны торговое название, лекарственная форма и путь введения, но не указано действующее вещество, поэтому МНН не заполнен. Препарат относится к типичным безрецептурным назальным средствам от насморка.",True,,pending_fallback,direction_select,,semantic_primary,success,назально,спрей назальный,взрослые,,,Синусэфрин,,otc,,деконгестант (сосудосуживающее средство) для полости носа,,назальный,,спрей,,,,взрослые,,флакон 15 мл,,,
6583,344,СИНТОМИЦИН ЛИНИМЕНТ 10% ТУБА 25Г НИЖФАРМ | НИЖФАРМ ОА | НИЖФАРМ ОА,drug,,0.8,"Торговое наименование «Синтомицин», лекарственная форма — линимент 10% в тубе 25 г. Средство применяется наружно, отпускается без рецепта. В названии нет однозначного МНН, поэтому mnn не указан.",True,,pending_fallback,direction_select,,semantic_primary,success,наружно,линимент,взрослые,,,Синтомицин,,otc,,антибактериальное средство для местного применения,,наружно,,,,10%,,взрослые,,туба 25 г,,монопрепарат,
6613,344,"СИНАФЛАН МАЗЬ Д/НАРУЖ. ПРИМ. 0,025% ТУБА 10Г МУРОМСКИЙ ПСЗ | МУРОМСКИЙ ПЗ | МУРОМСКИЙ ПЗ",drug,,0.85,"Препарат Синафлан представлен как мазь для наружного применения с концентрацией 0,025%. Указана форма выпуска в тубе 10 г. Является монопрепаратом без явных детских сигналов, поэтому возрастной сегмент — взрослые.",True,,pending_fallback,direction_select,,semantic_primary,success,наружно,мазь,взрослые,,,Синафлан,,rx,,кожные заболевания,,наружно,,мазь,,"0,025%",,взрослые,,туба 10 г,,,
6633,344,СИМИЛАК КЛАССИК 1 СМЕСЬ СУХАЯ 300Г 0-6МЕС | Arla foods amba arinco | Arla foods amba arinco,other,,0.9,"Товар — сухая детская молочная смесь Similac Classic 1 для детей 0–6 месяцев. Бренд указан явно, масса 300 г.",True,,pending_fallback,direction_select,,semantic_primary,success,,,дети,,,СИМИЛАК,,,,,,не применимо,,не применимо,,,,дети,,300 г,,,
6863,345,СИБИРСКАЯ КЛЕТЧАТКА ЗДОРОВАЯ ПЕЧЕНЬ 170Г | СИБИРСКАЯ КЛЕТЧАТКА ООО | СИБИРСКАЯ КЛЕТЧАТКА ООО,vitamin_or_baa,,0.62,"БАД на основе клетчатки для поддержки функции печени. Способ применения — внутрь, вероятная форма — порошок, дозировка не указана. Возрастная группа не задана, поэтому выбран универсальный сегмент.",True,,pending_fallback,direction_select,,semantic_primary,success,внутрь,порошок,универсальный,Клетчатка,,Сибирская клетчатка,,,,нутрицевтики,,перорально,,порошок,,,,универсальный,,170 г,,,
6872,345,СИАЛОР (ПРОТАРГОЛ) 2% 10МЛ ТАБЛЕТКА+РАСТВОРИТЕЛЬ КАПЛИ | ОБНОВЛЕНИЕ ПФК АО | ОБНОВЛЕНИЕ ПФК АО,drug,,0.78,"Сиалор (Протаргол) содержит серебра протеинат и применяется интраназально как антисептик при ЛОР-заболеваниях. Отпускается без рецепта, возрастной сигнал отсутствует, поэтому выбран сегмент взрослые.",True,,pending_fallback,direction_select,,semantic_primary,success,интраназально,таблетки для приготовления раствора + растворитель (капли),взрослые,,,Сиалор,,otc,,антисептическое средство для местного применения в ЛОР-практике,,назальный,,таблетки,,2%,,взрослые,,10 мл,,нет,
6877,345,СИАВЕЛЛ ТАБЛ. П/ПЛЕН/ОБ. 20МГ №1 | Велфарм ООО | Велфарм ООО,drug,,0.7,"В тексте указаны торговое название «Сиавелл», форма «таблетки, покрытые пленочной оболочкой», дозировка 20 мг и упаковка №1. Действующее вещество не названо, поэтому mnn не заполнен; препарат относится к урологическим средствам и принимается внутрь.",True,,pending_fallback,direction_select,,semantic_primary,success,перорально,"таблетки, покрытые пленочной оболочкой",взрослые,,,Сиавелл,,rx,,урологические заболевания,,перорально,,таблетки,,20 мг,,взрослые,,1 таблетка,,монопрепарат,
6937,345,"СЕПТОЛЕТЕ ТОТАЛ ТАБЛ. Д/РАССАС. 3МГ+1МГ ЛИМОН-БУЗИНА №8 | КРКА, Д.Д., НОВО МЕСТО АО | КРКА, Д.Д., НОВО МЕСТО АО",drug,,0.8,"В тексте указаны торговое наименование, форма, дозировка и количество в упаковке. Действующие вещества явно не названы, поэтому МНН не заполнено. Препарат относится к безрецептурным средствам для горла.",True,,pending_fallback,direction_select,,semantic_primary,success,орально,таблетки для рассасывания,взрослые,,,Септолете Тотал,,безрецептурный,,антисептическое и противовоспалительное средство для местного применения при заболеваниях горла и полости рта,,перорально,,таблетки,,3 мг + 1 мг,,взрослые,,8 таблеток,,комбинированный,
7181,345,СВОБОДА АЛИСА ПЕНА ДЛЯ ВАННЫ ДЛЯ ДЕТЕЙ ВОЛШЕБНЫЕ ПУЗЫРЬКИ 350МЛ | СВОБОДА АО | СВОБОДА АО,cosmetic_hygiene,,0.9,"Детская косметическая пена для ванны торговой марки «Алиса» производства «Свобода» с явным указанием возраста и объёма 350 мл. Определены наружное применение, форма «пена для ванны» и детский возрастной сегмент.",True,,pending_fallback,direction_select,,semantic_primary,success,наружно,пена для ванны,дети,,,Алиса,,,,,,наружно,,не применимо,,,,дети,,350 мл,,,
7202,345,СВИСС ЭНЕРДЖИ АНТИ ЭЙДЖ ТАБЛ. ШИПУЧ. №20 | КЕНДИ ЛТД | КЕНДИ ЛТД,vitamin_or_baa,,0.7,"БАД с анти-эйдж профилем в форме шипучих таблеток, без указания состава. Явных детских сигналов нет, поэтому возраст взрослый; дозировка и комбинация не определяются из текста.",True,,pending_fallback,direction_select,,semantic_primary,success,внутрь,таблетки шипучие,взрослые,,,СВИСС ЭНЕРДЖИ АНТИ ЭЙДЖ,,,,комплексные профили,,перорально,,таблетки,,,,взрослые,,20 таблеток,,,
7252,345,САНОСАН NATURAL KIDS СПРЕЙ ДЛЯ ЛЕГКОГО РАСЧЕСЫВАНИЯ ВОЛОС 125МЛ | Манн и шредер | Манн и шредер,cosmetic_hygiene,,0.9,"Косметическое средство для ухода за волосами в форме спрея для легкого расчесывания. Бренд указан как САНОСАН, маркировка KIDS указывает на детский сегмент.",True,,pending_fallback,direction_select,,semantic_primary,success,наружно,спрей,дети,,,САНОСАН,,,,,,наружно,,спрей,,,,дети,,125 мл,,,
7283,345,САНДРА ТАБЛ. П/ЯЗЫЧН. ГОМЕОП. 250МГ №30 | ВИЛАР ФАРМЦЕНТР | ВИЛАР ФАРМЦЕНТР,drug,,0.8,"В названии указаны гомеопатические подъязычные таблетки Сандра, 250 мг, №30. Действующее вещество не приведено, поэтому МНН и показание не определены; возрастной сигнал отсутствует.",True,,pending_fallback,direction_select,,semantic_primary,success,сублингвально,таблетки подъязычные,взрослые,,,Сандра,,otc,,,,сублингвально,,таблетки,,250 мг,,взрослые,,30 таблеток,,,
7299,345,САНАТОРИЙ ДОМА ВАННА РАССЛАБЛЯЮЩАЯ ЙОДОБРОМНАЯ 75МЛ | Фитокосметик ООО | Фитокосметик ООО,cosmetic_hygiene,,0.8,"Товар относится к косметическо-гигиеническим средствам для ванн, содержит йодобромный комплекс и выпускается во флаконе 75 мл. МНН, рецептурный статус, нозология и дозировка для данного типа товара не применимы; возрастных ограничений не указано, поэтому возрастная группа — универсальная.",True,,pending_fallback,direction_select,,semantic_primary,success,наружно,жидкость для ванн,универсальный,,,Санаторий дома,,,,,,наружно,,не применимо,,,,универсальный,,75 мл,,,
7327,345,САЛФЕТКИ МАРЛЕВЫЕ ФАРМ-СФЕРА СТЕРИЛЬНЫЕ ДВУХСЛОЙНЫЕ 45СМХ29СМ №5 | ФАРМ-СФЕРА ООО | ФАРМ-СФЕРА ООО,medical_device,clinical_like,0.8,"Это стерильные марлевые салфетки для наружного применения, размером 45×29 см, в упаковке №5. Бренд указан как «Фарм-Сфера», возрастных ограничений нет.",True,,pending_fallback,direction_select,,semantic_primary,success,наружно,салфетки марлевые,универсальный,,,Фарм-Сфера,,,,,,наружно,,,,45 см × 29 см,,универсальный,,5 шт.,,,
7695,346,РОКС ПАСТА ЗУБНАЯ БЭБИ НЕЖНЫЙ УХОД ДУШИСТАЯ РОМАШКА 0-3 ЛЕТ ТУБА 45Г | ЕВРОКОСМЕД - СТУПИНО ООО | ЕВРОКОСМЕД - СТУПИНО ООО,cosmetic_hygiene,,0.9,"Зубная паста «РОКС Бэби» с ромашкой предназначена для детей 0–3 лет, выпускается в тубе 45 г. Это гигиеническое средство для местного применения, поэтому МНН и лекарственные атрибуты не заполняются.",True,,pending_fallback,direction_select,,semantic_primary,success,местно,паста зубная,дети,,,РОКС,,,,,,,,,,,,дети,,туба 45 г,,,
7772,346,РОКС PRO ПАСТА ЗУБНАЯ ДЕТСКАЯ TEENS ЯГОДНАЯ СВЕЖЕСТЬ 74Г | ЕВРОКОСМЕД - СТУПИНО ООО | ЕВРОКОСМЕД - СТУПИНО ООО,cosmetic_hygiene,,0.95,"Детская зубная паста, поэтому возрастной сегмент — дети. Форма выпуска — зубная паста, способ применения — местно. Остальные атрибуты не применимы для данного вида товара.",True,,pending_fallback,direction_select,,semantic_primary,success,местно,паста зубная,дети,,,РОКС PRO,,,,,,,,,,,,дети,,74 г,,,
8018,346,"РИНОМАРИС СПРЕЙ НАЗ. 0,1% ФЛ. 15МЛ | ЯДРАН-ГАЛЕНСКИ ЛАБОРАТОРИЙ А.О. | ЯДРАН-ГАЛЕНСКИ ЛАБОРАТОРИЙ А.О.",drug,,0.7,"Товар идентифицирован как назальный спрей Риномарис с концентрацией 0,1%. Действующее вещество не указано в тексте, поэтому МНН оставлен пустым. Препарат относится к деконгестантам, применяется назально, у взрослых.",True,,pending_fallback,direction_select,,semantic_primary,success,назально,спрей назальный,взрослые,,,Риномарис,,otc,,ринит,,назальный,,спрей,,"0,1%",,взрослые,,флакон 15 мл,,,
8023,346,РИНОЛАЙФ СР-ВО ДЛЯ ПРОМЫВ. И ПОЛОСК. НОСА И НОСОГЛОТКИ ПАК-САШЕ №10 | БИОФАРМРУС ООО | БИОФАРМРУС ООО,medical_device,clinical_like,0.85,"Медицинское изделие для промывания носа и носоглотки, выпускается в форме пакетов-саше. Бренд указан в названии, действующее вещество отсутствует, поэтому МНН и другие лекарственные атрибуты не заполняются.",True,,pending_fallback,direction_select,,semantic_primary,success,интраназально,порошок для приготовления раствора для промывания носа,универсальный,,,РИНОЛАЙФ,,,,,,назальный,,порошок,,,,универсальный,,10 пакетиков-саше,,,
8030,346,РИНИКОЛД ХОТКАП ПОР. Д/Р-РА Д/ПРИЕМА ВНУТРЬ ЛИМОН САШЕ 5Г №10 | ШРЕЯ ЛАЙФ САЕНСИЗ ПВТ.ЛТД | ШРЕЯ ЛАЙФ САЕНСИЗ ПВТ.ЛТД,drug,,0.8,"Комбинированный препарат для симптоматического лечения простуды и ОРВИ, выпускается в виде порошка для приема внутрь. В тексте не указаны действующие вещества, поэтому МНН оставлено пустым. Отпускается без рецепта.",True,,pending_fallback,direction_select,,semantic_primary,success,внутрь,порошок для приготовления раствора для приема внутрь,взрослые,,,Риниколд Хоткап,,otc,,Средства для симптоматического лечения ОРВИ и простуды,,перорально,,порошок,,5 г,,взрослые,,10 саше по 5 г,,true,
8048,346,РИНЗА КИДС ПОР. Д/Р-РА Д/ПРИЕМА ВНУТРЬ МАЛИНА ПАК-САШЕ ПО 3Г №10 | ЮНИК ФАРМАСЬЮТИКАЛ ЛАБОРАТОРИЗ (ОТДЕЛЕНИЕ ФИРМЫ ДЖ.Б.КЕМИКАЛС ЭНД ФАРМАСЬЮТИКАЛС ЛТД) | ЮНИК ФАРМАСЬЮТИКАЛ ЛАБОРАТОРИЗ (ОТДЕЛЕНИЕ ФИРМЫ ДЖ.Б.КЕМИКАЛС ЭНД ФАРМАСЬЮТИКАЛС ЛТД),drug,,0.7,"Препарат для детей от простуды и ОРВИ в форме порошка для приготовления раствора для приема внутрь. В тексте не указано действующее вещество, поэтому МНН не заполнен; сигнал «кидс» указывает на детский возраст.",True,,pending_fallback,direction_select,,semantic_primary,success,внутрь,порошок для приготовления раствора для приема внутрь,дети,,,Ринза Кидс,,безрецептурный,,простуда и ОРВИ,,перорально,,порошок,,,,дети,,пак-саше по 3 г №10,,,
8050,346,РИНГЕР-СОЛОФАРМ Р-Р Д/ИНФ. ФЛ. ПОЛИПРОП. 500МЛ №20 ГРОТЕКС | ГРОТЕКС ООО | ГРОТЕКС ООО,drug,,0.72,"Препарат идентифицирован по названию как раствор Рингера для инфузий во флаконах по 500 мл №20. Действующие вещества в тексте не перечислены, поэтому МНН не указан. Средство относится к инфузионным электролитным растворам для внутривенного введения.",True,,pending_fallback,direction_select,,semantic_primary,success,внутривенно,раствор для инфузий,взрослые,,,Рингер-Солофарм,,rx,,Корректоры водно-электролитного баланса,,внутривенно,,раствор,,500 мл,,взрослые,,20 флаконов полипропиленовых по 500 мл,,комбинированный,
8173,346,"РЕСТАСИС КАПЛИ ГЛАЗН. 0,05% ФЛ. 0,4МЛ №30 | АЛЛЕРГАН СЕЙЛС ЛЛС | АЛЛЕРГАН СЕЙЛС ЛЛС",drug,,0.7,"В тексте указано торговое наименование Рестасис, лекарственная форма и дозировка, но МНН явно не приведено. Препарат относится к глазным каплям, отпускается по рецепту. Возрастных уточнений нет, поэтому сегмент указан как взрослые.",True,,pending_fallback,direction_select,,semantic_primary,success,офтальмологический,капли глазные,взрослые,,,Рестасис,,рецептурный,,заболевания глаз,,офтальмологический,,капли,,"0,05%",,взрослые,,"флакон 0,4 мл №30",,,
8224,346,РЕНЮ ADVANCED Р-Р ДЛЯ КОНТАКТНЫХ ЛИНЗ 360МЛ | BAUSCH AND LOMB INCORPORATED | BAUSCH AND LOMB INCORPORATED,medical_device,clinical_like,0.7,"Медизделие для ухода за контактными линзами, раствор Renu Advanced производства Bausch and Lomb. МНН и рецептурный статус неприменимы; дозировка действующего вещества не указана, указан объём упаковки 360 мл.",True,,pending_fallback,direction_select,,semantic_primary,success,офтальмологический,раствор,универсальный,,,Реню Advanced,,,,,,офтальмологический,,раствор,,,,универсальный,,360 мл,,,
8231,346,РЕННИ ТАБЛ. ЖЕВ. С АПЕЛЬСИНОВЫМ ВКУСОМ 680МГ+80МГ №48 | ДЕЛФАРМ ГАЙЯРД | ДЕЛФАРМ ГАЙЯРД,drug,,0.8,"Ренни — безрецептурный антацидный препарат в форме жевательных таблеток. В тексте указаны два компонента (680 мг + 80 мг), поэтому это комбинированный препарат. Возраст явно не указан, поэтому типично для взрослых.",True,,pending_fallback,direction_select,,semantic_primary,success,внутрь,таблетки жевательные,взрослые,,,Ренни,,otc,,антациды,,перорально,,таблетки жевательные,,680 мг + 80 мг,,взрослые,,48 таблеток,,комбинированный препарат,
8248,347,РЕМО-ВАКС СРЕДСТВО ДЛЯ УХОДА ЗА УШНОЙ РАКОВИНОЙ ФЛ-КАП. 10МЛ ОРИОН | ОРИОН КОРПОРЕЙШН | ОРИОН КОРПОРЕЙШН,cosmetic_hygiene,,0.82,"Средство для ухода за ушной раковиной РЕМО-ВАКС выпускается во флаконе-капельнице 10 мл. Бренд определён по торговому наименованию. Препарат применяется местно, возрастных ограничений в тексте нет.",True,,pending_fallback,direction_select,,semantic_primary,success,местно,капли,универсальный,,,РЕМО-ВАКС,,,,,,отологический,,капли,,,,универсальный,,флакон-капельница 10 мл,,,
8286,347,РЕЛАКСОЗАН ДЕНЬ ТАБЛ. П/О №20 | ЭВАЛАР ЗАО | ЭВАЛАР ЗАО,vitamin_or_baa,,0.7,"По названию и производителю определён успокаивающий БАД в форме таблеток для приёма внутрь. Состав и дозировка не указаны, поэтому МНН и доза не заполнены. Возрастных указаний нет.",True,,pending_fallback,direction_select,,semantic_primary,success,внутрь,"таблетки, покрытые оболочкой",универсальный,,,Релаксозан День,,,,парафармацевтики,,перорально,,таблетки,,,,универсальный,,20 таблеток,,,
8431,347,РЕАФЕРОН-ЕС ЛИОФ. Д/Р-РА Д/ИН. И МЕСТН. ПРИМ. 3МЛН МЕ АМП. №5 | ВЕКТОР-МЕДИКА АО | ВЕКТОР-МЕДИКА АО,drug,,0.82,"Препарат Реаферон-ЕС представляет собой лиофилизат для приготовления раствора для инъекций и местного применения в дозировке 3 млн МЕ, в ампулах №5. Действующее вещество в тексте явно не указано, поэтому МНН не заполняется. Это рецептурное иммуномодулирующее и противовирусное средство, типично применяемое у взрослых.",True,,pending_fallback,direction_select,,semantic_primary,success,инъекционно; местно,лиофилизат для приготовления раствора для инъекций и местного применения,взрослые,,,Реаферон-ЕС,,рецептурный,,"иммуномодулятор, противовирусное средство",,инъекционное,,лиофилизат,,3 млн МЕ,,взрослые,,ампулы №5,,,
8441,347,РАЦИОНИКА АСКОРБИНКА БЕЗ САХАРА ПРИ ДИАБЕТЕ ТАБЛ. №10 | АРТ СОВРЕМЕННЫЕ НАУЧНЫЕ ТЕХНОЛОГИИ ООО | АРТ СОВРЕМЕННЫЕ НАУЧНЫЕ ТЕХНОЛОГИИ ООО,vitamin_or_baa,,0.78,"Товар представляет собой витамин C (аскорбиновую кислоту) в таблетках, без сахара, для приема внутрь. Упаковка №10, возрастная группа явно не указана, поэтому для БАД выбрана универсальная.",True,,pending_fallback,direction_select,,semantic_primary,success,внутрь,таблетки,универсальный,Аскорбиновая кислота,,РАЦИОНИКА,,,,отдельные нутриенты,,перорально,,таблетки,,,,универсальный,,10 таблеток,,монопрепарат,
8516,347,РАМНИПРАЗОЛ ТАБЛ. КИШ-РАСТ. П/О 10МГ №28 | ТАТХИМФАРМПРЕПАРАТЫ АО | ТАТХИМФАРМПРЕПАРАТЫ АО,drug,,0.7,"В названии указано действующее вещество рамнипразол, форма — таблетки кишечнорастворимые, покрытые оболочкой, дозировка 10 мг, упаковка №28. Препарат относится к желудочно-кишечным средствам, применяется перорально.",True,,pending_fallback,direction_select,,semantic_primary,success,перорально,"таблетки, покрытые кишечнорастворимой оболочкой",взрослые,рамнипразол,,,,rx,,ингибиторы протонной помпы,,перорально,,таблетки,,10 мг,,взрослые,,28 таблеток,,,
8551,347,РАЛЕФ ТАБЛ. П/ПЛЕН/ОБ. 20МГ №30 | ОБОЛЕНСКОЕ ФП АО | ОБОЛЕНСКОЕ ФП АО,drug,,0.85,"По названию РАЛЕФ и дозировке 20 мг идентифицирован лефлуномид (базисное противоревматическое средство). Форма и дозировка указаны в названии; препарат рецептурный, принимается внутрь.",True,,pending_fallback,direction_select,,semantic_primary,success,внутрь,"таблетки, покрытые пленочной оболочкой",взрослые,,,Ралеф,,rx,,базисное противоревматическое средство (DMARD),,перорально,,таблетки,,20 мг,,взрослые,,30 таблеток,,,
8558,347,РАЗАГИЛИН МЕДИСОРБ ТАБЛ. 1МГ №30 | МЕДИСОРБ АО | МЕДИСОРБ АО,drug,,0.92,"В тексте явно указан МНН разагилин, форма таблетки и дозировка 1 мг, упаковка №30. Это противопаркинсоническое средство для приёма внутрь, отпускается по рецепту. Возрастных сигналов нет, поэтому возрастной сегмент определён как взрослые.",True,,pending_fallback,direction_select,,semantic_primary,success,перорально,таблетки,взрослые,разагилин,,Разагилин Медисорб,,рецептурный,,противопаркинсоническое средство,,перорально,,таблетки,,1 мг,,взрослые,,№30,,монопрепарат,
8562,347,РАДУГА ГОРНОГО АЛТАЯ БОБРОВАЯ СТРУЯ ЭЛИКСИР МОЛОДОСТИ КАПС. ПО 230МГ №120 | НАРИНЕ ООО | НАРИНЕ ООО,vitamin_or_baa,,0.7,"БАД в форме капсул по 230 мг, основу составляет бобровая струя. Явных витаминов и нутриентов в названии нет, поэтому МНН не указано. Возрастная аудитория явно не обозначена, поэтому выбран универсальный сегмент.",True,,pending_fallback,direction_select,,semantic_primary,success,внутрь,капсулы,универсальный,,,Радуга Горного Алтая,,,,парафармацевтики,,перорально,,капсулы,,230 мг,,универсальный,,120 капсул,,,
8590,347,ПЧЕЛА И МУРАВЕЙ БАЛЬЗАМ-ГЕЛЬ БОЛЕУТОЛЯЮЩИЙ 44МЛ | СПЕЦМАЗЬ ООО | СПЕЦМАЗЬ ООО,cosmetic_hygiene,,0.85,"Косметическое средство в форме бальзама-геля для наружного применения. Явного действующего вещества, дозировки и возрастного адресата в тексте нет, поэтому соответствующие атрибуты не заполнены.",True,,pending_fallback,direction_select,,semantic_primary,success,наружно,бальзам-гель,универсальный,,,Пчела и Муравей,,,,,,наружно,,гель,,,,универсальный,,44 мл,,,
8675,347,"ПУЛЬМИКОРТ СУСП.Д/ИНГАЛ. ДОЗИР. 0,25МГ/МЛ КОНТ. 2МЛ №20 | АСТРАЗЕНЕКА АБ | АСТРАЗЕНЕКА АБ",drug,,0.8,"Препарат идентифицирован как бренд ПУЛЬМИКОРТ, но в тексте не указано действующее вещество, поэтому МНН не заполнен. Это ингаляционный глюкокортикостероид, отпускается по рецепту, форма выпуска — дозированная суспензия по 2 мл №20.",True,,pending_fallback,direction_select,,semantic_primary,success,ингаляционно,суспензия для ингаляций дозированная,взрослые,,,ПУЛЬМИКОРТ,,rx,,глюкокортикостероиды для ингаляций,,ингаляционно,,суспензия,,"0,25 мг/мл",,взрослые,,"контейнеры по 2 мл, №20",,монопрепарат,
8736,348,ПРОСТУДОКС ПОР. Д/Р-РА Д/ПРИЕМА ВНУТРЬ ЛИМОН 5Г №5 | СИНТЕЗ | СИНТЕЗ,drug,,0.7,"В тексте указан порошок для приема внутрь «Простудокс» с лимоном, 5 г №5. Действующее вещество не приведено, поэтому МНН не заполнено. Препарат без детских сигналов, отпускается без рецепта.",True,,pending_fallback,direction_select,,semantic_primary,success,внутрь,порошок для приготовления раствора для приема внутрь,взрослые,,,Простудокс,,otc,,симптоматическое лечение простуды и ОРВИ,,перорально,,порошок,,5 г,,взрослые,,5 саше по 5 г,,,
8858,348,"ПРОЛАТАН КАПЛИ ГЛАЗН. 0,005% ФЛ. 2,5МЛ №3 | СЕНТИСС ФАРМА ПВТ. ЛТД. | СЕНТИСС ФАРМА ПВТ. ЛТД.",drug,,0.65,"ПРОЛАТАН — торговое название глазных капель 0,005% во флаконах по 2,5 мл №3. Действующее вещество в тексте не указано, поэтому mnn и связанные с ним атрибуты не заполнены. Возрастной сигнал отсутствует, препарат типичный для взрослых.",True,,pending_fallback,direction_select,,semantic_primary,success,офтальмологически,капли глазные,взрослые,,,Пролатан,,,,офтальмологические средства,,офтальмологический,,капли,,"0,005%",,взрослые,,"флакон 2,5 мл №3",,,
8944,348,ПРИМАДОФИЛУС ПОР. ДЛЯ ДЕТЕЙ БАНКА 50Г | HARMONIUM INTERNATIONA | HARMONIUM INTERNATIONA,vitamin_or_baa,,0.75,"Товар представляет собой детский пробиотик в форме порошка для приема внутрь; возраст «дети» указан явно. Отдельные компоненты не перечислены, поэтому МНН определено как «Комплекс», а дозировка не указана.",True,,pending_fallback,direction_select,,semantic_primary,success,внутрь,порошок для приема внутрь,дети,Комплекс,,Примадофилус,,,,эубиотики,,перорально,,порошок,,,,дети,,банка 50 г,,комбинированный,
9032,348,ПРЕЗИДЕНТ ПАСТА ЗУБНАЯ ДЕТСКАЯ ОТ 3 ДО 6 ЛЕТ ФРУКТОВЫЙ МИКС (50 RDA) ТУБА 43Г | Орбита СП ООО | Орбита СП ООО,cosmetic_hygiene,,0.95,"Продукт — детская зубная паста бренда «Президент» для возраста 3–6 лет. Форма выпуска: туба 43 г, применяется местно в полости рта. Это косметическо-гигиеническое средство, а не лекарство.",True,,pending_fallback,direction_select,,semantic_primary,success,местно,зубная паста,дети,,,Президент,,,,,,,,,,,,дети,,туба 43 г,,,
9086,348,ПРЕДУКТАЛ ОД КАПС. ПРОЛОНГ. 80МГ №30 | СЕРВЬЕ РУС ООО | СЕРВЬЕ РУС ООО,drug,,0.72,"Препарат распознан по торговому названию как кардиологическое средство в капсулах пролонгированного действия; МНН в тексте не указан, поэтому не заполнен. Указаны форма, дозировка и упаковка, типичное применение у взрослых, отпуск по рецепту.",True,,pending_fallback,direction_select,,semantic_primary,success,перорально,капсулы пролонгированного действия,взрослые,,,Предуктал ОД,,рецептурный,,антиангинальное средство,,перорально,,капсулы,,80 мг,,взрослые,,30 капсул,,,
9115,348,ПРАЙМ КРАФТ КОЛЛАГЕН МОРСКОЙ РЫБНЫЙ НАТУРАЛЬНЫЙ (БЕЗ ДОБАВОК) КАПС. ПО 630МГ №180 | БАРГУС ПРОДАКШН ООО | БАРГУС ПРОДАКШН ООО,vitamin_or_baa,,0.9,"Товар представляет собой БАД с натуральным морским коллагеном без добавок, выпускаемый в капсулах по 630 мг (№180). В тексте явно указаны действующее вещество, форма выпуска и дозировка, поэтому атрибуты определены с высокой точностью. Возрастная группа не указана, поэтому выбран универсальный сегмент.",True,,pending_fallback,direction_select,,semantic_primary,success,внутрь,капсулы,универсальный,Коллаген,,Прайм Крафт,,,,отдельные нутриенты,,перорально,,капсулы,,630 мг,,универсальный,,180 капсул,,без добавок,
9186,348,ПОМОРИН ПАСТА ЗУБНАЯ АНТИПАРОДОНТОЗ 100МЛ | РУБЕЛЛА БЬЮТИ АД/ДАНСОН БГ ЕООД | РУБЕЛЛА БЬЮТИ АД/ДАНСОН БГ ЕООД,cosmetic_hygiene,,0.85,"Зубная паста «Поморин» с антипародонтозным действием, объём 100 мл. Возрастных ограничений в названии нет, поэтому возрастной сегмент универсальный.",True,,pending_fallback,direction_select,,semantic_primary,success,местно,зубная паста,универсальный,,,Поморин,,,,,,,,,,,,универсальный,,100 мл,,,
9334,348,ПОДОРОЖНИКА СИРОП ФЛ. 100МЛ ВИФИТЕХ | ВИФИТЕХ | ВИФИТЕХ,drug,,0.82,"Препарат представляет собой сироп подорожника для приёма внутрь, применяется при кашле как отхаркивающее растительное средство. Явных детских указаний нет, поэтому возрастной сегмент определён как взрослые.",True,,pending_fallback,direction_select,,semantic_primary,success,внутрь,сироп,взрослые,Подорожника большого листьев экстракт,,,,otc,,Отхаркивающее средство растительного происхождения,,перорально,,сироп,,,,взрослые,,флакон 100 мл,,,
9379,348,ПЛЕНДИЛ ТАБЛ. ПРОЛОНГ. П/ПЛЕН/ОБ. 5МГ №30 | АСТРАЗЕНЕКА ФАРМАСЬЮТИКАЛЗ | АСТРАЗЕНЕКА ФАРМАСЬЮТИКАЛЗ,drug,,0.78,"Препарат Плендил выпускается в форме таблеток пролонгированного действия с дозировкой 5 мг, упаковка №30. МНН в тексте не указано, поэтому поле mnn оставлено пустым. Препарат относится к сердечно-сосудистым лекарственным средствам, предположительно рецептурного отпуска.",True,,pending_fallback,direction_select,,semantic_primary,success,перорально,"таблетки пролонгированного действия, покрытые пленочной оболочкой",взрослые,,,Плендил,,rx,,гипотензивное средство,,перорально,,таблетки,,5 мг,,взрослые,,30 таблеток,,,
9410,348,ПЛАНИЖЕНС ЛЕВО ТАБЛ. П/О 150МКГ+30МКГ №21 | ФАРМАСИНТЕЗ-ТЮМЕНЬ ООО | ФАРМАСИНТЕЗ-ТЮМЕНЬ ООО,drug,,0.63,"Препарат ПЛАНИЖЕНС ЛЕВО представляет собой комбинированный оральный контрацептив в таблетках с дозировкой 150 мкг+30 мкг, упаковка №21. Действующие вещества прямо не указаны в тексте, поэтому МНН не заполнено. Препарат рецептурный, предназначен для взрослых.",True,,pending_fallback,direction_select,,semantic_primary,success,перорально,"таблетки, покрытые пленочной оболочкой",взрослые,,,ПЛАНИЖЕНС ЛЕВО,,rx,,Комбинированные оральные контрацептивы,,перорально,,таблетки,,150 мкг + 30 мкг,,взрослые,,21 таблетка,,комбинированный препарат (2 действующих вещества),
9443,349,"ПИТАВАСТОР ТАБЛ. П/ПЛЕН/ОБ. 4МГ №28 | ВАН ИН ФАРМ. КО., ЛТД. | ВАН ИН ФАРМ. КО., ЛТД.",drug,,0.85,"Текст содержит торговое название «Питавастор», МНН в явном виде не указан. Препарат относится к статинам, выпускается в виде таблеток по 4 мг в упаковке №28 и отпускается по рецепту.",True,,pending_fallback,direction_select,,semantic_primary,success,внутрь,"таблетки, покрытые пленочной оболочкой",взрослые,,,Питавастор,,rx,,статины,,перорально,,таблетки,,4 мг,,взрослые,,28 шт.,,,
9485,349,ПИРАНТЕЛ ТАБЛ. 250МГ №3 ОКСФОРД | ОКСФОРД ЛАБОРАТОРИЗ ПВТ. ЛТД | ОКСФОРД ЛАБОРАТОРИЗ ПВТ. ЛТД,drug,,0.8,"В названии и составе указан пирантел, что позволяет определить МНН и отнести средство к противоглистным препаратам. Лекарство выпускается в таблетках по 250 мг и принимается внутрь; упаковка содержит 3 таблетки. Возрастных указаний нет, поэтому выбран взрослый сегмент, отпуск из аптек — без рецепта.",True,,pending_fallback,direction_select,,semantic_primary,success,внутрь,таблетки,взрослые,Пирантел,,Пирантел,,otc,,противоглистные средства,,перорально,,таблетки,,250 мг,,взрослые,,3 таблетки,,,
9514,349,ПИНОСОЛ СПРЕЙ НАЗ. ФЛ. 10МЛ | ФАРМАК ПАО | ФАРМАК ПАО,drug,,0.8,"В тексте указано торговое наименование Пиносол, назальная форма и объём флакона. Действующее вещество не указано, поэтому МНН не заполнено. Типичный безрецептурный препарат для лечения насморка отнесён ко взрослой возрастной группе.",True,,pending_fallback,direction_select,,semantic_primary,success,назально,спрей назальный,взрослые,,,Пиносол,,otc,,ринит,,назальный,,спрей,,,,взрослые,,флакон 10 мл,,,
9522,349,ПИМАФУЦИН СУПП. ВАГ. 100МГ №3 | ТЕММЛЕР ИТАЛИА С.Р.Л | ТЕММЛЕР ИТАЛИА С.Р.Л,drug,,0.82,"Текст явно указывает препарат Пимафуцин в форме вагинальных суппозиториев по 100 мг №3. Активное вещество в названии не приведено, поэтому МНН не заполнен. Препарат относится к противогрибковым средствам для вагинального применения.",True,,pending_fallback,direction_select,,semantic_primary,success,вагинально,суппозитории вагинальные,взрослые,,,Пимафуцин,,otc,,Противогрибковые средства,,ректально,,,,100 мг,,взрослые,,№3,,,
9558,349,ПИКАМИЛОН ТАБЛ. 50МГ №30 | ФАРМСТАНДАРТ-УФАВИТА ОАО | ФАРМСТАНДАРТ-УФАВИТА ОАО,drug,,0.85,"Препарат содержит пикамилон, выпускается в таблетках по 50 мг, №30, для приема внутрь. Пикамилон относится к ноотропным средствам, применяемым преимущественно у взрослых.",True,,pending_fallback,direction_select,,semantic_primary,success,внутрь,таблетки,взрослые,Пикамилон,,,,rx,,ноотропные средства,,перорально,,таблетки,,50 мг,,взрослые,,№30,,,
9585,349,"ПЕРЧАТКИ СМОТР. НЕСТЕР. НИТРИЛ. НЕОПУДР. Р.XL ПАРА №50 ГОЛУБОЙ | ЖОНХОН ПУЛИН МЕДИКАЛ ПРОДАКТС КО., ЛТД. | ЖОНХОН ПУЛИН МЕДИКАЛ ПРОДАКТС КО., ЛТД.",medical_device,clinical_like,0.8,"Медицинское изделие — нитриловые неопудренные смотровые перчатки, размер XL, синие, в упаковке 50 пар. Атрибуты заполнены по явным признакам из названия: форма — перчатки, дозировка — размер XL, упаковка — 50 пар.",True,,pending_fallback,direction_select,,semantic_primary,success,наружно,перчатки,не применимо,,,,,,,,,наружно,,,,размер XL,,не применимо,,50 пар,,,
9617,349,ПЕРЧАТКИ SFM ЛАТЕКС. ХИРУРГ. СТЕР. АНАТОМИЧ. НЕОПУДР. ТЕКСТУР. ВНУТР. ПОЛИМ. ПОКРЫТИЕ Р.7 ПАРА №50 | SFM HOSPITAL PRODUCTS GMBH | SFM HOSPITAL PRODUCTS GMBH,medical_device,clinical_like,0.75,"Хирургические стерильные латексные неопудренные перчатки SFM с полимерным покрытием, размер 7, в упаковке 50 пар. Возрастной сигнал отсутствует, поэтому возрастной сегмент не применим. МНН, рецептурность и нозология для медицинского изделия не заполняются.",True,,pending_fallback,direction_select,,semantic_primary,success,наружно,перчатки,не применимо,,,SFM,,,,,,наружно,,,,размер 7,,не применимо,,50 пар,,,
9626,349,ПЕРЧАТКИ SFM HIGH RISK ЛАТЕКС. СМОТР. НЕСТЕР. НЕОПУДР. ТЕКСТУР. УДЛИН. МАНЖЕТА ОДНОКР. ХЛОРИНАЦИЯ Р.XL ПАРА №25 ТЕМНО-СИНИЕ | СФМ ГОСПИТАЛ ПРОДАКТС ГМБХ | СФМ ГОСПИТАЛ ПРОДАКТС ГМБХ,medical_device,clinical_like,0.86,"Медицинские смотровые перчатки SFM High Risk из латекса, используются наружно. В тексте явно указаны размер XL, неопудренность, текстура и упаковка из 25 пар. Возраст взрослый, детских сигналов нет.",True,,pending_fallback,direction_select,,semantic_primary,success,наружно,перчатки смотровые,взрослые,,,SFM High Risk,,,,,,наружно,,,,размер XL,,взрослые,,пара №25 (25 пар),,,
9637,349,ПЕРЧАТКИ NITRIMAX НИТРИЛ. СМОТР. НЕСТЕР. НЕОПУДР. ТЕКСТУР. Р.M ПАРА №50 ГОЛУБЫЕ | АРДЕЙЛ-ИМПЭКС ООО | АРДЕЙЛ-ИМПЭКС ООО,medical_device,clinical_like,0.85,"Товар представляет собой нитриловые смотровые перчатки NITRIMAX, нестерильные, неопудренные, размер M, в упаковке 50 пар. Это медицинское изделие, поэтому MNN, рецептурность и нозология не заполняются. Возраст для данного инструмента не принципиален.",True,,pending_fallback,direction_select,,semantic_primary,success,наружно,перчатки,не применимо,,,NITRIMAX,,,,,,наружно,,,,размер M,,не применимо,,50 пар,,,
9645,349,ПЕРЧАТКИ BENOVY НИТРИЛ. СМОТР. НЕСТЕР. НЕОПУДР. ТЕКСТУР. НА ПАЛЬЦАХ Р.М ПАРА №100 ГОЛУБЫЕ | ТГ МЕДИКАЛ СДН. БХД. | ТГ МЕДИКАЛ СДН. БХД.,medical_device,clinical_like,0.82,"Товар представляет собой нитриловые смотровые нестерильные неопудренные перчатки Benovy с текстурированными пальцами. Указан размер M и упаковка 100 пар. Возрастная привязка отсутствует, поэтому использовано значение «не применимо».",True,,pending_fallback,direction_select,,semantic_primary,success,наружно,перчатки,не применимо,,,Benovy,,,,,,наружно,,,,размер M,,не применимо,,100 пар,,,
9657,350,"ПЕРЧАТКИ BENOVY НИТРИЛ. СМОТР. НЕСТЕР. НЕОПУДР. Р.L ПАРА №100 | БЛЮ СЭЙЛ МЕДИКАЛ КО., ЛТД. | БЛЮ СЭЙЛ МЕДИКАЛ КО., ЛТД.",medical_device,clinical_like,0.7,"Товар — нитриловые смотровые нестерильные неопудренные перчатки BENOVY, размер L, упаковка 100 пар. Это медизделие клинического типа, поэтому МНН, рецептурность, нозология и комбинация не применимы.",True,,pending_fallback,direction_select,,semantic_primary,success,наружно,перчатки,взрослые,,,BENOVY,,,,,,наружно,,,,размер L,,взрослые,,100 пар,,,
9706,350,ПЕРСЕН ТАБЛ. П/О №40 СОФАРМА | СОФАРМА | СОФАРМА,drug,,0.78,"В тексте указаны бренд и лекарственная форма, но действующее вещество и дозировка не читаются. Персен является безрецептурным растительным седативным средством для приема внутрь. Упаковка содержит 40 таблеток.",True,,pending_fallback,direction_select,,semantic_primary,success,внутрь,"таблетки, покрытые оболочкой",взрослые,,,Персен,,безрецептурный,,Седативное средство растительного происхождения,,перорально,,таблетки,,,,взрослые,,40 таблеток,,комбинированный препарат,
9799,350,ПЕНТОКСИФИЛЛИН КОНЦ. Д/Р-РА Д/ИНФ. 20МГ/МЛ АМП. 5МЛ №10 ВЕЛФАРМ | ВЕЛФАРМ ООО | ВЕЛФАРМ ООО,drug,,0.92,"Препарат содержит пентоксифиллин, является рецептурным и применяется инфузионно. Лекарственная форма — концентрат для приготовления раствора для инфузий концентрацией 20 мг/мл в ампулах по 5 мл №10. Возрастная группа — взрослые, так как детских указаний нет.",True,,pending_fallback,direction_select,,semantic_primary,success,внутривенно инфузионно,концентрат для приготовления раствора для инфузий,взрослые,Пентоксифиллин,,,,rx,,Нарушения микроциркуляции и периферического кровообращения,,внутривенно,,раствор,,20 мг/мл,,взрослые,,ампулы 5 мл №10,,,
9821,350,ПЕНТАЛГИН НЕО ТАБЛ. П/ПЛЕН/ОБ. №10 | ФАРМСТАНДАРТ-ЛЕКСРЕДСТВА ОАО | ФАРМСТАНДАРТ-ЛЕКСРЕДСТВА ОАО,drug,,0.72,"Препарат Пенталгин Нео выпускается в форме таблеток, покрытых плёночной оболочкой, в упаковке №10. По названию и позиции относится к анальгетикам-антипиретикам, принимается внутрь. МНН в тексте не указано, поэтому оставлено пустым.",True,,pending_fallback,direction_select,,semantic_primary,success,внутрь,"таблетки, покрытые плёночной оболочкой",взрослые,,,Пенталгин Нео,,otc,,анальгетик-антипиретик,,перорально,,таблетки,,,,взрослые,,10 таблеток,,комбинированный препарат,
9832,350,ПЕЛЛЕСАНА МАСЛО ЭФИРНОЕ ЭВКАЛИПТА ФЛ. 25МЛ | РИНО БИО ООО | РИНО БИО ООО,other,,0.8,"Товар относится к прочим (эфирное масло), большинство атрибутов по профилю неприменимы. Из текста извлекается бренд «Пеллесана» и объём упаковки 25 мл.",True,,pending_fallback,direction_select,,semantic_primary,success,,,,,,Пеллесана,,,,,,не применимо,,не применимо,,,,не применимо,,флакон 25 мл,,,
9863,350,ПЕЛЛЕСАНА МАСЛО ЭФИРНОЕ АНИСА ФЛ. 10МЛ | РИНО БИО ООО | РИНО БИО ООО,cosmetic_hygiene,,0.8,"Косметическое средство — эфирное масло аниса во флаконе 10 мл. Возраст и доза не указаны, поэтому возраст универсальный, дозировка отсутствует.",True,,pending_fallback,direction_select,,semantic_primary,success,наружно,эфирное масло,универсальный,,,Пеллесана,,,,,,наружно,,,,,,универсальный,,флакон 10 мл,,,
9963,350,ПАРОДОНТАКС ПАСТА ЗУБНАЯ БЕЗ ФТОРА 50МЛ | ГСК ХЕЛСКЕР | ГСК ХЕЛСКЕР,cosmetic_hygiene,,0.8,"Средство гигиены полости рта — зубная паста без фтора, бренд Пародонтакс, объём 50 мл. Возрастные ограничения не указаны, поэтому возрастной сегмент универсальный.",True,,pending_fallback,direction_select,,semantic_primary,success,местно,паста зубная,универсальный,,,Пародонтакс,,,,,,,,,,,,универсальный,,50 мл,,,
10098,350,ПАНТОКАЛЬЦИН ТАБЛ. 250МГ №50 | ВАЛЕНТА ФАРМ АО | ВАЛЕНТА ФАРМ АО,drug,,0.7,"Препарат Пантокальцин выпускается в таблетках по 250 мг, упаковка №50. Действующее вещество в тексте не указано, поэтому mnn не заполнен; по бренду и семейству средство относится к ноотропам, предположительно отпускается по рецепту и принимается внутрь.",True,,pending_fallback,direction_select,,semantic_primary,success,внутрь,таблетки,взрослые,,,Пантокальцин,,rx,,ноотропное средство,,перорально,,таблетки,,250 мг,,взрослые,,50 таблеток,,монопрепарат,
10183,350,"ПАНАВИР Р-Р ДЛЯ В/В ВВЕД. 0,04МГ/МЛ АМП. 5МЛ №2 | ЭЛЛАРА ООО | ЭЛЛАРА ООО",drug,,0.7,"Наименование указывает на бренд «Панавир» и лекарственную форму: раствор для внутривенного введения 0,04 мг/мл в ампулах. Действующее вещество как МНН явно не читается, поэтому МНН не заполнен. Это рецептурное противовирусное средство.",True,,pending_fallback,direction_select,,semantic_primary,success,внутривенно,раствор для внутривенного введения,взрослые,,,Панавир,,rx,,противовирусное средство,,внутривенно,,раствор,,"0,04 мг/мл",,взрослые,,ампулы 5 мл №2,,,
10349,350,ОРТИЛИЯ ОДНОБОКАЯ (БОРОВАЯ МАТКА) 50Г ЛЕКРА-СЭТ | ЛЕКРА-СЭТ ООО | ЛЕКРА-СЭТ ООО,vitamin_or_baa,,0.7,"Товар представляет собой растительное сырье (траву ортилии однобокой/боровую матку) в упаковке 50 г от производителя Лекра-Сэт. Это однокомпонентный БАД на основе травы, без указания возраста, поэтому выбран универсальный сегмент. Дозировка на прием не указана.",True,,pending_fallback,direction_select,,semantic_primary,success,внутрь,растительное сырье,универсальный,,,ЛЕКРА-СЭТ,,,,парафармацевтики,,перорально,,,,,,универсальный,,50 г,,монокомпонентный,
10458,351,ОПТИМЕД PRO ACTIVE РАСТВОР ДЛЯ КОНТАКТНЫХ ЛИНЗ УНИВЕРСАЛЬНЫЙ 125МЛ | ОПТИМЕДСЕРВИС ЗАО | ОПТИМЕДСЕРВИС ЗАО,medical_device,hygiene_like,0.85,"Медицинское изделие для ухода за контактными линзами, в тексте указан объём 125 мл. Возрастная группа явно не указана, поэтому выбрано универсальное значение. Остальные лекарственные атрибуты не применимы.",True,,pending_fallback,direction_select,,semantic_primary,success,,,универсальный,,,Оптимед Pro Active,,,,,,не применимо,,не применимо,,,,универсальный,,125 мл,,,
10504,351,"ОМРОН ИНГАЛЯТОР КОМПРЕССОРНЫЙ КОМПЛИТ NE-C300-RU | OMRON HEALTHCARE CO., LTD. | OMRON HEALTHCARE CO., LTD.",medical_device,clinical_like,0.7,"Компрессорный ингалятор Omron предназначен для ингаляционного применения; возраст явно не указан, поэтому выбран универсальный сегмент. Действующее вещество, дозировка и упаковка в тексте не определены, рецептурный статус и нозология не применимы.",True,,pending_fallback,direction_select,,semantic_primary,success,ингаляционно,ингалятор компрессорный,универсальный,,,ОМРОН,,,,,,ингаляционно,,,,,,универсальный,,,,,
10510,351,ОМРОН ИНГАЛЯТОР КОМПРЕССОРНЫЙ COMPAIR NE-C17 (NE-C101-RU) | ЗA HEALTH CARE S.R.L. | ЗA HEALTH CARE S.R.L.,medical_device,clinical_like,0.75,"Компрессорный ингалятор Omron CompAir NE-C17 предназначен для проведения ингаляций, поэтому путь введения — ингаляционно, форма выпуска — ингалятор. Явных возрастных ограничений и сведений о дозировке или упаковке в тексте нет.",True,,pending_fallback,direction_select,,semantic_primary,success,ингаляционно,ингалятор,универсальный,,,Omron,,,,,,ингаляционно,,,,,,универсальный,,,,,
10526,351,ОМИТОКС ГАСТРО КАПС. 20МГ №30 | ШРЕЯ ЛАЙФ САЕНСИЗ ПВТ.ЛТД | ШРЕЯ ЛАЙФ САЕНСИЗ ПВТ.ЛТД,drug,,0.45,"В тексте указан торговый бренд ОМИТОКС ГАСТРО и форма выпуска — капсулы 20 мг №30, но действующее вещество явно не названо, поэтому МНН не заполнен. Препарат относится к ЖКТ-средствам, отпускается по рецепту и не содержит детских сигналов.",True,,pending_fallback,direction_select,,semantic_primary,success,перорально,капсулы,взрослые,,,ОМИТОКС ГАСТРО,,rx,,гастроэнтерологическое средство,,перорально,,капсулы,,20 мг,,взрослые,,30 капсул,,,
10635,351,ОЛЛИН (OLLIN) PERFECT HAIR КРЕМ-ФЛЮИД НЕСМЫВАЕМЫЙ 15В1 250МЛ | ТЕХНОЛОГИЯ ООО | ТЕХНОЛОГИЯ ООО,cosmetic_hygiene,,0.75,"Косметическое средство для волос в форме несмываемого крема-флюида. Возрастная аудитория явно не указана, поэтому выбрано универсальное значение. Объём упаковки — 250 мл.",True,,pending_fallback,direction_select,,semantic_primary,success,наружно,крем-флюид,универсальный,,,OLLIN,,,,,,наружно,,крем,,,,универсальный,,250 мл,,,
10675,351,ОЛЕОС НАБОР МАСЕЛ ЭФИРНЫХ АПЕЛЬСИН СЛАДКИЙ 10МЛ+ЛАВАНДА НАСТОЯЩАЯ 10МЛ+МЯТА ПЕРЕЧНАЯ 10МЛ | ОЛЕОС ООО | ОЛЕОС ООО,other,,0.87,"Набор эфирных масел, не является лекарственным средством. Согласно профилю атрибутов большинство полей не применимо, заполнены бренд и сведения об упаковке.",True,,pending_fallback,direction_select,,semantic_primary,success,,,,,,ОЛЕОС,,,,,,не применимо,,не применимо,,,,не применимо,,набор из 3 флаконов по 10 мл,,,
10680,351,ОЛЕОС МАСЛО ЭФИРНОЕ ТУИ 10МЛ | ОЛЕОС ООО | ОЛЕОС ООО,cosmetic_hygiene,,0.8,"Эфирное масло туи во флаконе 10 мл. Продукт косметический/гигиенический, применяется наружно. Возраст не указан, поэтому возрастной сегмент универсальный.",True,,pending_fallback,direction_select,,semantic_primary,success,наружно,эфирное масло,универсальный,,,ОЛЕОС,,,,,,наружно,,,,,,универсальный,,10 мл,,,
10704,351,ОЛЕОС МАСЛО РЕПЕЙНОЕ С ЭКСТРАКТОМ ПРОПОЛИСА ФЛ. 100МЛ | ОЛЕОС ООО | ОЛЕОС ООО,cosmetic_hygiene,,0.9,"Продукт относится к косметическим средствам: репейное масло с экстрактом прополиса для наружного применения. Бренд указан как ОЛЕОС, форма выпуска — масло во флаконе 100 мл. Возрастная группа явно не обозначена, поэтому принята как универсальная.",True,,pending_fallback,direction_select,,semantic_primary,success,наружно,масло,универсальный,,,ОЛЕОС,,,,,,наружно,,,,,,универсальный,,флакон 100 мл,,,
10710,351,ОЛЕОС МАСЛО МАССАЖНОЕ ГАРМОНИЯ ЧУВСТВ 100МЛ | ОЛЕОС ООО | ОЛЕОС ООО,cosmetic_hygiene,,0.75,"Косметическое средство — массажное масло, поэтому МНН, рецептурный статус, нозология и дозировка неприменимы. Форма выпуска и путь введения указаны в названии, объём 100 мл отражён в упаковке. Возрастная аудитория явно не указана, поэтому выбрано универсальное значение.",True,,pending_fallback,direction_select,,semantic_primary,success,наружно,масло массажное,универсальный,,,ОЛЕОС,,,,,,наружно,,,,,,универсальный,,флакон 100 мл,,,
11014,351,"ОБЛЕПИХОВОЕ МАСЛО Д/ПРИЕМА ВНУТРЬ, МЕСТН. И НАРУЖ. ПРИМ. ФЛ. 100МЛ ТУЛЬСКАЯ ФФ | ТУЛЬСКАЯ ФАРМАЦЕВТИЧЕСКАЯ ФАБРИКА ООО | ТУЛЬСКАЯ ФАРМАЦЕВТИЧЕСКАЯ ФАБРИКА ООО",drug,,0.8,"Препарат представляет собой монокомпонентное облепиховое масло для приема внутрь, местного и наружного применения. Явного детского сигнала нет, поэтому возрастной сегмент — взрослые. Выпускается во флаконе 100 мл, отпускается без рецепта.",True,,pending_fallback,direction_select,,semantic_primary,success,"внутрь, местно, наружно",масло,взрослые,Облепиховое масло,,,,otc,,Репаранты,,перорально,,,,,,взрослые,,флакон 100 мл,,монокомпонентный,
11074,352,НУТРИМА ЛАКТАМИЛ ПРОДУКТ СУХОЙ НА МОЛОЧНОЙ ОСНОВЕ СПЕЦ. ДЛЯ ПИТАНИЯ КОРМЯЩИХ ЖЕНЩИН 350Г | ИНФАПРИМ ЗАО | ИНФАПРИМ ЗАО,other,,0.82,"Специализированный сухой молочный продукт для питания кормящих женщин, поэтому атрибуты лекарства/БАД не применимы. Бренд указан в названии как «Нутрима Лактамил», возрастной сегмент — взрослые, упаковка 350 г.",True,,pending_fallback,direction_select,,semantic_primary,success,,,взрослые,,,Нутрима Лактамил,,,,,,не применимо,,не применимо,,,,взрослые,,350 г,,,
11090,352,НУТРИЛАК ПРЕМИУМ 1 СМЕСЬ СУХАЯ 600Г 0-6МЕС | ИНФАПРИМ ЗАО | ИНФАПРИМ ЗАО,other,,0.85,"Сухая молочная смесь для детей 0-6 месяцев, бренд Нутрилак Премиум. Возраст указан явно, масса упаковки 600 г.",True,,pending_fallback,direction_select,,semantic_primary,success,,,дети,,,НУТРИЛАК ПРЕМИУМ,,,,,,не применимо,,не применимо,,,,дети,,600 г,,,
11096,352,НУТРИКОМП СТАНДАРТ ЛИКВИД С НЕЙТРАЛЬНЫМ ВКУСОМ 500МЛ | NUTRICHEM DIAT PHARMA GMBH | NUTRICHEM DIAT PHARMA GMBH,other,,0.7,"Продукт относится к категории прочих (энтеральное питание), поэтому большинство атрибутов по профилю неприменимы. Бренд указан в названии, объём упаковки 500 мл, возрастные ограничения в тексте не указаны.",True,,pending_fallback,direction_select,,semantic_primary,success,,,универсальный,,,Нутрикомп Стандарт,,,,,,не применимо,,не применимо,,,,универсальный,,500 мл,,,
11099,352,НУТРИКОМП ДИАБЕТ ЛИКВИД С НЕЙТРАЛЬНЫМ ВКУСОМ 500МЛ №1 | NUTRICHEM DIAT PHARMA GMBH | NUTRICHEM DIAT PHARMA GMBH,other,,0.7,"Продукт представляет собой специализированное жидкое питание для пациентов с диабетом, форма выпуска — жидкость для приема внутрь. Возрастной сегмент принят как взрослые, так как в тексте нет детских сигналов, а продукт предназначен для взрослых пациентов с диабетом.",True,,pending_fallback,direction_select,,semantic_primary,success,внутрь,жидкость для приема внутрь,взрослые,,,Нутрикомп Диабет Ликвид,,,,,,перорально,,,,,,взрослые,,500 мл №1,,,
11132,352,НУРОФЕН ИНТЕНСИВ ТАБЛ. П/ПЛЕН/ОБ. 200МГ+500МГ №6 | РЕКИТТ БЕНКИЗЕР | РЕКИТТ БЕНКИЗЕР,drug,,0.85,"Препарат Нурофен Интенсив идентифицирован как комбинированный анальгетик-антипиретик для приема внутрь. Форма выпуска и дозировка указаны в тексте явно. МНН не читается, поэтому оставлено пустым.",True,,pending_fallback,direction_select,,semantic_primary,success,внутрь,"таблетки, покрытые пленочной оболочкой",взрослые,,,Нурофен Интенсив,,otc,,анальгетик-антипиретик,,перорально,,таблетки,,200 мг + 500 мг,,взрослые,,6 таблеток,,комбинированный,
11198,352,НОРМОДИПИН ТАБЛ. 10МГ №30 | ГЕДЕОН РИХТЕР ОАО/ГЕДЕОН РИХТЕР-РУС АО | ГЕДЕОН РИХТЕР ОАО/ГЕДЕОН РИХТЕР-РУС АО,drug,,0.78,"Препарат Нормодипин выпускается в таблетках по 10 мг, №30, принимается внутрь. Действующее вещество в тексте явно не указано, поэтому МНН не заполнен. Препарат относится к гипотензивным средствам, рецептурный, для взрослых.",True,,pending_fallback,direction_select,,semantic_primary,success,внутрь,таблетки,взрослые,,,Нормодипин,,rx,,антигипертензивное средство,,перорально,,таблетки,,10 мг,,взрослые,,30 таблеток,,false,
11225,352,НОРДЕПЛАСТ ПЛАСТЫРЬ МОЗОЛЬНЫЙ КОРН РЕМУВЕР 50X70ММ №2 | НОРДЕПЛАСТ ЛСЭЗ ООО | НОРДЕПЛАСТ ЛСЭЗ ООО,medical_device,clinical_like,0.82,"Медицинское изделие — мозольный пластырь Нордпласт. Применяется наружно, форма выпуска — пластырь размером 50x70 мм, в упаковке 2 штуки.",True,,pending_fallback,direction_select,,semantic_primary,success,наружно,пластырь,взрослые,,,НОРДЕПЛАСТ,,,,,,наружно,,пластырь,,50x70 мм,,взрослые,,2 шт.,,,
11348,352,НОВОСВИТ ПОДУШЕЧКИ ГЕЛЕВЫЕ ДЛЯ ОБЛАСТИ ВОКРУГ ГЛАЗ ПРОТИВ МОРЩИН ПАРА №2 | Народные промыслы | Народные промыслы,cosmetic_hygiene,,0.85,"Косметическое средство для ухода за кожей вокруг глаз против морщин. МНН, рецептурность, нозология, дозировка и комбинация неприменимы для косметики. Бренд — Новосвит, форма — гелевые подушечки, применение наружное, возраст — взрослые.",True,,pending_fallback,direction_select,,semantic_primary,success,наружно,подушечки гелевые,взрослые,,,Новосвит,,,,,,наружно,,,,,,взрослые,,пара №2,,,
11465,352,НОВОРАПИД ФЛЕКСПЕН Р-Р ДЛЯ В/В П/К ВВЕД. 100ЕД/МЛ КАРТРИДЖ 3МЛ №5+ШПРИЦ-РУЧКА | НОВО НОРДИКС А/С | НОВО НОРДИКС А/С,drug,,0.78,"Это лекарственный препарат НовоРапид ФлексПен, раствор для внутривенного и подкожного введения в картриджах по 3 мл с дозировкой 100 ЕД/мл, в комплекте со шприц-ручкой. МНН в тексте явно не указан, поэтому не заполнен. Остальные атрибуты определены по названию, лекарственной форме и дозировке.",True,,pending_fallback,direction_select,,semantic_primary,success,внутривенно; подкожно,раствор для внутривенного и подкожного введения,взрослые,,,НовоРапид ФлексПен,,rx,,инсулины и их аналоги,,внутривенно,,раствор,,100 ЕД/мл,,взрослые,,картридж 3 мл №5 + шприц-ручка ФлексПен,,,
11504,352,НОВЕМА НАЙТ ТАБЛ. П/ПЛЕН/ОБ. 25МГ+220МГ №10 | ФАРМСТАНДАРТ-ЛЕКСРЕДСТВА ОАО | ФАРМСТАНДАРТ-ЛЕКСРЕДСТВА ОАО,drug,,0.58,"Препарат выпускается в форме таблеток, покрытых плёночной оболочкой, с дозировкой 25 мг + 220 мг в упаковке №10. Активные вещества в тексте не указаны, поэтому МНН не заполнен. Продукт предположительно относится к средствам для улучшения периферического кровообращения и применяется внутрь у взрослых.",True,,pending_fallback,direction_select,,semantic_primary,success,внутрь,"таблетки, покрытые пленочной оболочкой",взрослые,,,НОВЕМА НАЙТ,,otc,,нарушения микроциркуляции и периферического кровообращения,,перорально,,таблетки,,25 мг + 220 мг,,взрослые,,10 таблеток,,комбинированный препарат,
11568,353,НИТРОКСОЛИН ТАБЛ. П/О 50МГ №50 АВЕКСИМА | АВЕКСИМА СИБИРЬ ООО/ИРБИТСКИЙ ХФЗ ОАО | АВЕКСИМА СИБИРЬ ООО/ИРБИТСКИЙ ХФЗ ОАО,drug,,0.92,"Нитроксолин в тексте указан как действующее вещество (МНН), форма выпуска — таблетки в оболочке 50 мг. Препарат относится к уроантисептикам и принимается внутрь; явных детских указаний нет.",True,,pending_fallback,direction_select,,semantic_primary,success,внутрь,"таблетки, покрытые оболочкой",взрослые,Нитроксолин,,Авексима,,рецептурный,,Уроантисептики,,перорально,,таблетки,,50 мг,,взрослые,,50 таблеток,,монопрепарат,
11640,353,НИМЕСУЛИД-ВЕРТЕКС ГЕЛЬ Д/НАРУЖ. ПРИМ. 1% ТУБА 20Г | ВЕРТЕКС АО | ВЕРТЕКС АО,drug,,0.87,"В названии явно указаны действующее вещество нимесулид, форма гель, концентрация 1% и упаковка туба 20 г; бренд «Вертекс» следует из названия и производителя. Препарат применяется наружно как НПВС, без детских указаний, поэтому возрастной сегмент — взрослые.",True,,pending_fallback,direction_select,,semantic_primary,success,наружно,гель,взрослые,Нимесулид,,Вертекс,,otc,,НПВС,,наружно,,гель,,1%,,взрослые,,туба 20 г,,монокомпонентный,
11685,353,НИЗОCARE ТОНИК УСПОК. С ЭКСТРАКТАМИ МАГНОЛИИ И ОПУНЦИИ ПРИ ПРОБЛЕМАХ С ПЕРХОТЬЮ ФЛ. 100МЛ | ШТАДА АРЦНАЙМИТТЕЛЬ АГ | ШТАДА АРЦНАЙМИТТЕЛЬ АГ,cosmetic_hygiene,,0.85,"По product_kind это косметическое средство, поэтому МНН, рецептурный статус, нозология и дозировка не применимы. Способ применения наружный, форма выпуска — тоник, упаковка — флакон 100 мл. Явных возрастных ограничений нет, поэтому возрастная группа универсальная.",True,,pending_fallback,direction_select,,semantic_primary,success,наружно,тоник,универсальный,,,НИЗОCARE,,,,,,наружно,,,,,,универсальный,,флакон 100 мл,,,
11694,353,"НИВЕЯ БАЛЬЗАМ ДЛЯ ГУБ БЫСТРАЯ ПОМОЩЬ 4,8Г (93415) | BEIERSDORF AG | BEIERSDORF AG",cosmetic_hygiene,,0.82,"Косметическое средство NIVEA — бальзам для губ. Согласно профилю атрибуты mnn, rx_otc, nosology и дозировка неприменимы. Возрастная группа универсальная, способ применения наружно.",True,,pending_fallback,direction_select,,semantic_primary,success,наружно,бальзам для губ,универсальный,,,NIVEA,,,,,,наружно,,,,,,универсальный,,"4,8 г",,,
11709,353,"НЕФРОБЕСТ-Н КАПС. 0,42Г №60 | ФАРМАКОР ПРОДАКШН ООО | ФАРМАКОР ПРОДАКШН ООО",vitamin_or_baa,,0.6,"В тексте явно указаны торговое наименование, лекарственная форма, масса капсулы и количество. Это БАД без расшифровки состава, поэтому МНН и нозология заданы обобщённо как многокомпонентный парафармацевтик; возраст не уточнён, выбран универсальный.",True,,pending_fallback,direction_select,,semantic_primary,success,внутрь,капсулы,универсальный,Комплекс,,Нефробест-Н,,,,парафармацевтики,,перорально,,капсулы,,"0,42 г",,универсальный,,60 капсул,,многокомпонентный,
11715,353,НЕУЛЕПТИЛ Р-Р Д/ПРИЕМА ВНУТРЬ 4% ФЛ. С КАПЕЛ. 30МЛ | А.НАТТЕРМАНН ЭНД СИЕ. ГМБХ | А.НАТТЕРМАНН ЭНД СИЕ. ГМБХ,drug,,0.8,"Препарат Неулептил — рецептурный нейролептик. Лекарственная форма (раствор для приема внутрь 4%), путь введения и упаковка с капельницей указаны в названии. Действующее вещество в тексте не приведено, поэтому МНН не заполнен.",True,,pending_fallback,direction_select,,semantic_primary,success,внутрь,раствор для приема внутрь,взрослые,,,Неулептил,,rx,,антипсихотическое средство (нейролептик),,перорально,,раствор,,4%,,взрослые,,флакон с капельницей 30 мл,,,
11787,353,"НЕОГЛИВИТ ТАБЛ. БЫСТРОРАСТВ. ПО 3,8Г №40 | СЕЛМЕД ООО | СЕЛМЕД ООО",vitamin_or_baa,,0.65,"БАД в форме быстрорастворимых таблеток, упаковка 40 шт. Состав (МНН) в тексте не раскрыт, поэтому mnn не указан. Нозология отнесена к нутрицевтикам; возрастной сегмент принят универсальным.",True,,pending_fallback,direction_select,,semantic_primary,success,внутрь,таблетки быстрорастворимые,универсальный,,,Неогливит,,,,нутрицевтики,,перорально,,таблетки,,"3,8 г",,универсальный,,40 таблеток,,,
11816,353,НЕМОЗОЛ ТАБЛ. ЖЕВ. 400МГ №1 | ИПКА ЛАБОРАТОРИЗ ЛИМИТЕД | ИПКА ЛАБОРАТОРИЗ ЛИМИТЕД,drug,,0.85,"Препарат Немозол относится к противогельминтным средствам, представлен в форме жевательных таблеток 400 мг. Действующее вещество в тексте не указано, поэтому МНН не заполнено.",True,,pending_fallback,direction_select,,semantic_primary,success,перорально,таблетки жевательные,взрослые,,,Немозол,,rx,,противогельминтное средство,,перорально,,таблетки жевательные,,400 мг,,взрослые,,"№1, 1 таблетка",,,
11845,353,"НЕЙРОМУЛЬТИВИТ ТАБЛ. П/ПЛЕН/ОБ. 200МГ+100МГ+0,2МГ №20 | Г.Л.ФАРМА ГМБХ | Г.Л.ФАРМА ГМБХ",drug,,0.8,"В тексте указан торговый бренд «Нейромультивит», лекарственная форма «таблетки, покрытые плёночной оболочкой», доза и упаковка №20. Наименования действующих веществ явно не приведены, поэтому МНН не заполнен; по составу это комбинированный препарат витаминов группы B для приёма внутрь.",True,,pending_fallback,direction_select,,semantic_primary,success,внутрь,"таблетки, покрытые пленочной оболочкой",взрослые,,,Нейромультивит,,rx,,витамины группы B,,перорально,,таблетки,,"200мг+100мг+0,2мг",,взрослые,,20 таблеток,,true,
11916,353,"НЕБИЛОНГ Н ТАБЛ. 12,5МГ+5МГ №30 | МИКРО ЛАБС ЛИМИТЕД | МИКРО ЛАБС ЛИМИТЕД",drug,,0.78,"Препарат относится к сердечно-сосудистым средствам, выпускается в таблетках по 12,5 мг + 5 мг. МНН в тексте не указано, поэтому поле mnn не заполнено. По составу и дозировке средство является рецептурным комбинированным препаратом для взрослых.",True,,pending_fallback,direction_select,,semantic_primary,success,внутрь,таблетки,взрослые,,,Небилонг Н,,rx,,гипотензивные средства,,перорально,,таблетки,,"12,5 мг + 5 мг",,взрослые,,30 таблеток,,комбинированный препарат,
11917,354,НЕБИЛОНГ АМ ТАБЛ. 5МГ+5МГ №30 | МИКРО ЛАБС ЛИМИТЕД | МИКРО ЛАБС ЛИМИТЕД,drug,,0.75,"По тексту определены лекарственная форма «таблетки», дозировка 5 мг+5 мг и упаковка №30. МНН в названии явно не указано, поэтому оставлено пустым; препарат относится к рецептурным антигипертензивным средствам.",True,,pending_fallback,direction_select,,semantic_primary,success,внутрь,таблетки,взрослые,,,Небилонг АМ,,rx,,антигипертензивное средство,,перорально,,таблетки,,5 мг + 5 мг,,взрослые,,30 таблеток,,комбинированный препарат,
11959,354,НАФТИФИН Р-Р Д/НАРУЖ. ПРИМ. 1% ФЛ. 20МЛ ТУЛЬСКАЯ ФФ | ТУЛЬСКАЯ ФАРМАЦЕВТИЧЕСКАЯ ФАБРИКА ООО | ТУЛЬСКАЯ ФАРМАЦЕВТИЧЕСКАЯ ФАБРИКА ООО,drug,,0.85,"По тексту определено действующее вещество нафтифин, раствор для наружного применения 1%, флакон 20 мл. Препарат относится к противогрибковым, отпускается без рецепта.",True,,pending_fallback,direction_select,,semantic_primary,success,наружно,раствор для наружного применения,взрослые,нафтифин,,,,otc,,противогрибковые препараты,,наружно,,раствор,,1%,,взрослые,,флакон 20 мл,,монопрепарат,
11962,354,НАФТИФИН Р-Р Д/НАРУЖ. ПРИМ. 1% ФЛ. 10МЛ | САМАРАМЕДПРОМ ОАО | САМАРАМЕДПРОМ ОАО,drug,,0.85,"Препарат нафтифина в форме 1% раствора для наружного применения во флаконе 10 мл. Действующее вещество явно указано, поэтому МНН определён; форма и способ применения читаются из текста. Возрастной сигнал отсутствует, типичный взрослый препарат.",True,,pending_fallback,direction_select,,semantic_primary,success,наружно,раствор для наружного применения,взрослые,нафтифин,,,,безрецептурный,,противогрибковые средства,,наружно,,раствор,,1%,,взрослые,,флакон 10 мл,,,
11972,354,НАФТИФИН КРЕМ Д/НАРУЖ. ПРИМ. 1% ТУБА 15Г ТУЛЬСКАЯ ФФ | ТУЛЬСКАЯ ФАРМАЦЕВТИЧЕСКАЯ ФАБРИКА ООО | ТУЛЬСКАЯ ФАРМАЦЕВТИЧЕСКАЯ ФАБРИКА ООО,drug,,0.9,"В названии указано действующее вещество нафтифин и лекарственная форма «крем для наружного применения» 1%. Это противогрибковый препарат для местного лечения дерматомикозов, отпускается без рецепта. Упаковка — туба 15 г.",True,,pending_fallback,direction_select,,semantic_primary,success,наружно,крем,взрослые,Нафтифин,,,,otc,,Противогрибковое средство для наружного применения (дерматомикозы),,наружно,,крем,,1%,,взрослые,,туба 15 г,,,
12032,354,НАУ ФУДС ДЕЙЛИ ВИТС ТАБЛ. П/О №100 | NOW INTERNATIONAL | NOW INTERNATIONAL,vitamin_or_baa,,0.75,"Мультивитаминный комплекс NOW Daily Vits в форме таблеток, покрытых оболочкой. В тексте нет указаний на возрастную группу, поэтому возрастной сегмент универсальный.",True,,pending_fallback,direction_select,,semantic_primary,success,внутрь,"таблетки, покрытые оболочкой",универсальный,Комплекс,,NOW International,,,,комплексные профили,,перорально,,таблетки,,,,универсальный,,100 таблеток,,мультивитаминный комплекс,
12302,354,НАН ТРОЙНОЙ КОМФОРТ СМЕСЬ СУХАЯ 800Г 0МЕС+ | НЕСТЛЕ | НЕСТЛЕ,other,,0.92,"Это детская сухая молочная смесь НАН Тройной Комфорт, 800 г, предназначенная для детей с 0 месяцев. Возраст указан явно, поэтому age_segment = дети.",True,,pending_fallback,direction_select,,semantic_primary,success,,,дети,,,НАН Тройной Комфорт,,,,,,не применимо,,не применимо,,,,дети,,"сухая смесь, 800 г",,,
12407,354,"МУРАВЬИНЫЙ СПИРТ Р-Р Д/НАРУЖ. ПРИМ. СПИРТ. 1,4% ФЛ. 50МЛ ЯРОСЛАВСКАЯ ФФ | ЯРОСЛАВСКАЯ ФФ | ЯРОСЛАВСКАЯ ФФ",drug,,0.72,"Название «муравьиный спирт» явно указывает на действующее вещество — муравьиную кислоту, в концентрации 1,4%. Препарат применяется наружно, выпускается в виде спиртового раствора во флаконе 50 мл, отпускается без рецепта.",True,,pending_fallback,direction_select,,semantic_primary,success,наружно,спиртовой раствор для наружного применения,взрослые,,,,,otc,,Местнораздражающее средство,,наружно,,раствор,,"1,4%",,взрослые,,флакон 50 мл,,,
12410,354,"МУРАВЬИНЫЙ СПИРТ Р-Р Д/НАРУЖ. ПРИМ. СПИРТ. 1,4% ФЛ. 50МЛ ТВЕРСКАЯ ФФ | ТВЕРСКАЯ ФАРМАЦЕВТИЧЕСКАЯ ФАБРИКА | ТВЕРСКАЯ ФАРМАЦЕВТИЧЕСКАЯ ФАБРИКА",drug,,0.8,"Препарат представляет собой раствор муравьиной кислоты (муравьиный спирт) для наружного применения. Концентрация действующего вещества 1,4%, выпускается во флаконе 50 мл. Отпускается без рецепта, используется у взрослых.",True,,pending_fallback,direction_select,,semantic_primary,success,наружно,раствор для наружного применения,взрослые,,,,,otc,,Местнораздражающие средства,,наружно,,раствор,,"1,4%",,взрослые,,флакон 50 мл,,монопрепарат,
12501,354,МУКАЛТИН ТАБЛ. ДИСПЕРГ. 50МГ №20 ФАРМСТАНДАРТ | ФАРМСТАНДАРТ-ЛЕКСРЕДСТВА ОАО | ФАРМСТАНДАРТ-ЛЕКСРЕДСТВА ОАО,drug,,0.7,"Препарат Мукалтин содержит отхаркивающее растительное средство, но МНН в тексте явно не указано. Форма и дозировка указаны в наименовании: таблетки диспергируемые 50 мг, упаковка №20. Возрастных маркеров нет, поэтому выбран типичный для ЛС сегмент «взрослые».",True,,pending_fallback,direction_select,,semantic_primary,success,внутрь,таблетки диспергируемые,взрослые,,,Мукалтин,,otc,,отхаркивающее средство,,перорально,,таблетки,,50 мг,,взрослые,,20 таблеток,,,
12574,354,МОСКИТОЛ УНИВЕРСАЛЬНАЯ ЗАЩИТА ЖИДКОСТЬ ДЛЯ ФУМИГАТОРА ОТ КОМАРОВ 45 НОЧЕЙ ФЛ. 30МЛ | АЭРОЗОЛЬ НОВОМОСКОВСК ООО | АЭРОЗОЛЬ НОВОМОСКОВСК ООО,other,,0.9,"Средство от комаров для фумигатора. По тексту извлекаются бренд «МОСКИТОЛ» и объем флакона 30 мл. Возрастная аудитория не указана, поэтому выбран универсальный сегмент.",True,,pending_fallback,direction_select,,semantic_primary,success,,,универсальный,,,МОСКИТОЛ,,,,,,не применимо,,не применимо,,,,универсальный,,флакон 30 мл,,,
12576,355,МОСКИТОЛ СПЕЦИАЛЬНАЯ ЗАЩИТА СПРЕЙ ОТ КЛЕЩЕЙ 100МЛ | АЭРОЗОЛЬ НОВОМОСКОВСК ООО | АЭРОЗОЛЬ НОВОМОСКОВСК ООО,other,,0.82,"Средство от клещей Москитол, форма выпуска — спрей/аэрозоль, объём 100 мл. Возрастная аудитория явно не указана, поэтому возрастной сегмент определён как универсальный. Для данного типа товара часть фармацевтических атрибутов неприменима.",True,,pending_fallback,direction_select,,semantic_primary,success,наружно,аэрозоль,универсальный,,,Москитол,,,,,,наружно,,аэрозоль,,,,универсальный,,100 мл,,,
12636,355,МОН РУЛОН БУМАГА ТУАЛЕТНАЯ ВЛАЖНАЯ №20 | АВАНГАРД ООО | АВАНГАРД ООО,cosmetic_hygiene,,0.7,"Влажная туалетная бумага в рулоне, указана упаковка №20. Продукт относится к косметико-гигиеническим средствам, поэтому клинические атрибуты неприменимы. Возрастная привязка отсутствует.",True,,pending_fallback,direction_select,,semantic_primary,success,наружно,туалетная бумага влажная,не применимо,,,МОН,,,,,,наружно,,,,,,не применимо,,20 шт,,,
12735,355,"МОКСОНИДИН-АЛИУМ ТАБЛ. П/ПЛЕН/ОБ. 0,2МГ №14 | АЛИУМ АО | АЛИУМ АО",drug,,0.9,"В наименовании указан МНН «Моксонидин», лекарственная форма «таблетки, покрытые пленочной оболочкой», дозировка 0,2 мг и упаковка №14. Моксонидин — рецептурный гипотензивный препарат для взрослых.",True,,pending_fallback,direction_select,,semantic_primary,success,внутрь,"таблетки, покрытые пленочной оболочкой",взрослые,Моксонидин,,Моксонидин-Алиум,,rx,,антигипертензивное средство,,перорально,,таблетки,,"0,2 мг",,взрослые,,14 таблеток,,,
12737,355,"МОКСОНИДИН-АКРИХИН ТАБЛ. П/ПЛЕН/ОБ. 0,4МГ №10 | АКРИХИН ХФК АО | АКРИХИН ХФК АО",drug,,0.95,"Препарат содержит моксонидин и относится к гипотензивным средствам для взрослых. Выпускается в таблетках, покрытых плёночной оболочкой, дозировкой 0,4 мг, в упаковке №10.",True,,pending_fallback,direction_select,,semantic_primary,success,внутрь,"таблетки, покрытые плёночной оболочкой",взрослые,Моксонидин,,Моксонидин-Акрихин,,рецептурный,,гипотензивное средство,,перорально,,таблетки,,"0,4 мг",,взрослые,,10 таблеток,,,
12869,355,МИСУФЕР КАПС. 100МГ №20 | ОБНОВЛЕНИЕ ПФК АО | ОБНОВЛЕНИЕ ПФК АО,drug,,0.78,"Препарат Мисуфер в капсулах по 100 мг, судя по названию и товарной группе, относится к препаратам железа. МНН в тексте не указано. Отпуск без рецепта, возрастная группа — взрослые.",True,,pending_fallback,direction_select,,semantic_primary,success,внутрь,капсулы,взрослые,,,Мисуфер,,без рецепта,,Препараты железа,,перорально,,капсулы,,100 мг,,взрослые,,20 капсул,,монопрепарат,
12873,355,МИРТАЗАПИН КАНОН ТАБЛ. П/ПЛЕН/ОБ. 30МГ №30 | КАНОНФАРМА ПРОДАКШН ЗАО | КАНОНФАРМА ПРОДАКШН ЗАО,drug,,0.95,"Препарат содержит миртазапин, является антидепрессантом, отпускается по рецепту. Таблетки по 30 мг покрыты пленочной оболочкой, в упаковке 30 штук.",True,,pending_fallback,direction_select,,semantic_primary,success,внутрь,"таблетки, покрытые пленочной оболочкой",взрослые,Миртазапин,,Миртазапин Канон,,rx,,Антидепрессанты,,перорально,,таблетки,,30 мг,,взрослые,,30 таблеток,,,
12913,355,МИРРОЛЛА МАСЛО ЭФИРНОЕ ПАЧУЛИ 10МЛ | МИРРОЛЛА ООО | МИРРОЛЛА ООО,cosmetic_hygiene,,0.85,"Товар представляет собой эфирное масло пачули производителя Мирролла в упаковке 10 мл. Это косметическое гигиеническое средство для наружного применения, поэтому указаны форма выпуска и способ применения. Возрастная категория явно не ограничена, поэтому выбрано универсальное значение.",True,,pending_fallback,direction_select,,semantic_primary,success,наружно,эфирное масло,универсальный,,,МИРРОЛЛА,,,,,,наружно,,,,,,универсальный,,флакон 10 мл,,,
12919,355,МИРРОЛЛА МАСЛО ЭФИРНОЕ ЛИМОНА ФЛ. 10МЛ | МИРРОЛЛА ООО | МИРРОЛЛА ООО,other,,0.85,"Товар — эфирное масло лимона, не является лекарственным средством или БАД, поэтому большинство атрибутов неприменимо. Возрастных ограничений нет, форма выпуска указана как флакон 10 мл.",True,,pending_fallback,direction_select,,semantic_primary,success,,,универсальный,,,МИРРОЛЛА,,,,,,не применимо,,не применимо,,,,универсальный,,флакон 10 мл,,,
13453,355,МЕРИФАТИН МВ ТАБЛ. С ПРОЛОНГ. ВЫСВ. 500МГ №60 | ФАРМАСИНТЕЗ-ТЮМЕНЬ ООО | ФАРМАСИНТЕЗ-ТЮМЕНЬ ООО,drug,,0.72,"Торговое название «Мерифатин МВ» и форма выпуска указывают на рецептурный сахароснижающий препарат для приёма внутрь в виде таблеток с пролонгированным высвобождением. Действующее вещество в тексте прямо не указано, поэтому МНН не заполнен.",True,,pending_fallback,direction_select,,semantic_primary,success,внутрь,таблетки с пролонгированным высвобождением,взрослые,,,Мерифатин МВ,,rx,,сахароснижающие средства,,перорально,,таблетки,,500 мг,,взрослые,,60 таблеток,,,
13488,355,МЕМОПРУВ ТАБЛ. МАССОЙ 425МГ №30 | KLOCKE PHARMA-SERVICE GMBH | KLOCKE PHARMA-SERVICE GMBH,vitamin_or_baa,,0.5,"Из текста видны торговое название «Мемопрув», таблетированная форма (таблетки массой 425 мг) и упаковка №30. Состав и показания не указаны, поэтому mnn, nosology и дозировка не заполнены; возрастная группа по умолчанию — универсальная.",True,,pending_fallback,direction_select,,semantic_primary,success,внутрь,таблетки массой 425 мг,универсальный,,,Мемопрув,,,,,,перорально,,таблетки,,,,универсальный,,30,,,
13489,356,МЕМОПЛАНТ ТАБЛ. П/ПЛЕН/ОБ. 80МГ №30 | ДОКТОР ВИЛЬМАР ШВАБЕ ГМБХ И КО.КГ. | ДОКТОР ВИЛЬМАР ШВАБЕ ГМБХ И КО.КГ.,drug,,0.65,"В тексте указаны торговое наименование, лекарственная форма, дозировка и количество в упаковке. Действующее вещество и нозология явно не приведены, поэтому не заполнены. Препарат принимается внутрь и отпускается без рецепта.",True,,pending_fallback,direction_select,,semantic_primary,success,внутрь,"таблетки, покрытые пленочной оболочкой",взрослые,,,Мемоплант,,otc,,,,перорально,,таблетки,,80 мг,,взрослые,,30 таблеток,,,
13540,356,МЕЛЬДОНИЙ КАПС. 250МГ №30 ФАРМСТАНДАРТ | ФАРМСТАНДАРТ-ЛЕКСРЕДСТВА ОАО | ФАРМСТАНДАРТ-ЛЕКСРЕДСТВА ОАО,drug,,0.87,"В тексте указан МНН мельдоний, лекарственная форма «капсулы», дозировка 250 мг и упаковка №30. Препарат кардиопротекторного действия, применяется внутрь, отпускается по рецепту.",True,,pending_fallback,direction_select,,semantic_primary,success,внутрь,капсулы,взрослые,Мельдоний,,,,rx,,Кардиопротекторное средство,,перорально,,капсулы,,250 мг,,взрослые,,30 капсул,,,
13541,356,МЕЛЬДОНИЙ КАНОН КАПС. 250МГ №40 | КАНОНФАРМА ПРОДАКШН ЗАО | КАНОНФАРМА ПРОДАКШН ЗАО,drug,,0.82,"Из текста ясно, что действующее вещество — мельдоний, форма выпуска — капсулы, дозировка 250 мг, упаковка №40. Препарат рецептурный, применяется внутрь. Специальных детских указаний нет, поэтому возрастная группа — взрослые.",True,,pending_fallback,direction_select,,semantic_primary,success,внутрь,капсулы,взрослые,Мельдоний,,Канон,,rx,,Кардиопротекторное средство,,перорально,,капсулы,,250 мг,,взрослые,,40 капсул,,,
13653,356,МЕКСИКОР Р-Р ДЛЯ В/В В/М ВВЕД. 50МГ/МЛ АМП. 2МЛ №10 ФЕРМЕНТ | ФЕРМЕНТ ФИРМА ООО | ФЕРМЕНТ ФИРМА ООО,drug,,0.75,"Препарат выпускается как раствор для инъекций в ампулах; из названия определяются путь введения и дозировка. МНН в тексте не указан, показания не описаны, поэтому эти поля не заполнены.",True,,pending_fallback,direction_select,,semantic_primary,success,"внутривенно, внутримышечно",раствор для внутривенного и внутримышечного введения,взрослые,,,Мексикор,,rx,,,,внутримышечно,,раствор,,50 мг/мл,,взрослые,,ампулы по 2 мл №10,,монопрепарат,
13659,356,МЕКСИДОЛ ТАБЛ. П/ПЛЕН/ОБ. 125МГ №50 | ЗИО-ЗДОРОВЬЕ ЗАО | ЗИО-ЗДОРОВЬЕ ЗАО,drug,,0.75,"Препарат Мексидол в форме таблеток, покрытых плёночной оболочкой, дозировкой 125 мг, в упаковке 50 штук. МНН не указано в тексте, поэтому не заполнено. Препарат типичный для взрослых, без явных детских указаний.",True,,pending_fallback,direction_select,,semantic_primary,success,перорально,"таблетки, покрытые пленочной оболочкой",взрослые,,,Мексидол,,rx,,Нервная система,,перорально,,таблетки,,125 мг,,взрослые,,50 таблеток,,,
13664,356,МЕКСИДОЛ Р-Р ДЛЯ В/В В/М ВВЕД. 50МГ/МЛ АМП. 5МЛ №10 ЭЛЛАРА | ЭЛЛАРА ООО | ЭЛЛАРА ООО,drug,,0.85,"Препарат Мексидол является рецептурным лекарственным средством. Это раствор для внутривенного и внутримышечного введения в концентрации 50 мг/мл, в ампулах по 5 мл №10. МНН в тексте не указано, возрастная группа — взрослые.",True,,pending_fallback,direction_select,,semantic_primary,success,внутривенно; внутримышечно,раствор для инъекций,взрослые,,,Мексидол,,rx,,,,внутримышечно,,раствор,,50 мг/мл,,взрослые,,ампулы 5 мл №10,,,
13755,356,МАТОПАТ ФИКСОПОР S ПОВЯЗКА СТЕРИЛЬНАЯ 10Х6CM №1 | TZMO S.A. | TZMO S.A.,medical_device,clinical_like,0.82,"Это медицинское изделие — стерильная повязка Matopat Fixopor S размером 10x6 см в упаковке №1. Применяется наружно, активного действующего вещества не содержит. Возрастных ограничений в названии нет.",True,,pending_fallback,direction_select,,semantic_primary,success,наружно,повязка,универсальный,,,Матопат Фиксопор S,,,,,,наружно,,,,10x6 см,,универсальный,,№1,,,
13761,356,МАТОПАТ ВАТА НЕСТЕРИЛЬНАЯ ХЛОПКОВАЯ ЗИГ-ЗАГ 100Г | TZMO S.A. | TZMO S.A.,medical_device,clinical_like,0.86,"Медицинское изделие: нестерильная хлопковая вата без возрастных ограничений, применяется наружно. В тексте указан бренд «МАТОПАТ» и масса 100 г. MNN и нозология неприменимы для данного типа товара.",True,,pending_fallback,direction_select,,semantic_primary,success,наружно,вата,универсальный,,,МАТОПАТ,,,,,,наружно,,,,100 г,,универсальный,,100 г,,,
13825,356,МАСЛО ЭФИРНОЕ МЯТЫ ФЛ. 10МЛ СИНАМ | СИНАМ ТД ООО | СИНАМ ТД ООО,other,,0.7,"Согласно наименованию, это эфирное масло мяты во флаконе 10 мл. Бренд указан как СИНАМ, остальные клинические атрибуты неприменимы.",True,,pending_fallback,direction_select,,semantic_primary,success,,,универсальный,,,СИНАМ,,,,,,не применимо,,не применимо,,,,универсальный,,флакон 10 мл,,,
13868,356,МАСЛО РАСТОРОПШИ ПЕРВЫЙ ХОЛОДНЫЙ ОТЖИМ КАПС. №100 РЕАЛКАПС | РЕАЛКАПС АО | РЕАЛКАПС АО,vitamin_or_baa,,0.8,"БАД представляет собой масло расторопши в капсулах, принимается внутрь; в тексте не выделен МНН. Упаковка содержит 100 капсул, возрастной контингент не указан, поэтому сегмент универсальный.",True,,pending_fallback,direction_select,,semantic_primary,success,внутрь,капсулы,универсальный,,,РеалКапс,,,,парафармацевтики,,перорально,,капсулы,,,,универсальный,,100 капсул,,монокомпонентный,
13934,357,МАСЛО ROYAL ПИЩЕВОЕ НЕРАФИНИРОВАННОЕ ИЗ СЕМЯН ЧЕРНОГО ТМИНА 125МЛ | AL MALAKY FOODSTUFF PACKING L.L.C. | AL MALAKY FOODSTUFF PACKING L.L.C.,other,,0.7,"Пищевое нерафинированное масло черного тмина указано с брендом Royal и объемом 125 мл. Возрастная аудитория явно не обозначена, поэтому выбрано универсальное значение. Остальные атрибуты неприменимы для данного типа товара.",True,,pending_fallback,direction_select,,semantic_primary,success,,,универсальный,,,Royal,,,,,,не применимо,,не применимо,,,,универсальный,,125 мл,,,
13958,357,МАСКА МЕДИЦИНСКАЯ БАРЬЕРНЫЙ РИФ 3-Х СЛОЙНАЯ АНАТОМИЧЕСКАЯ SB БЕЗ КЛАПАНА БЕЛАЯ №3 | HUBEI XIANMENG HEALTH PROTECTION | HUBEI XIANMENG HEALTH PROTECTION,medical_device,clinical_like,0.85,"Товар — медицинская трёхслойная анатомическая маска без клапана, бренд «Барьерный Риф», в упаковке 3 шт. Для медизделия MNN, рецептурный статус, нозология и комбинация не применимы. Возраст универсальный, способ применения — наружно.",True,,pending_fallback,direction_select,,semantic_primary,success,наружно,маска медицинская,универсальный,,,Барьерный Риф,,,,,,наружно,,,,,,универсальный,,3 шт.,,,
14048,357,МАМА ТАМА ПУСТЫШКА СИЛИКОНОВАЯ АНАТОМИЧЕСКАЯ ВЕРА 0-6МЕС ЦВЕТ РОЗОВЫЙ МТ/019 | АМТ ТРЕЙД ООО | АМТ ТРЕЙД ООО,medical_device,hygiene_like,0.85,"Пустышка силиконовая анатомическая для детей 0-6 месяцев. Бренд указан в наименовании, остальные клинические атрибуты неприменимы для данного вида товара.",True,,pending_fallback,direction_select,,semantic_primary,success,,,дети,,,Мама Тама,,,,,,не применимо,,не применимо,,,,дети,,,,,
14062,357,МАМА ТАМА ПОИЛЬНИК-НЕПРОЛИВАЙКА С СИЛИКОНОВЫМ НОСИКОМ 270МЛ 6МЕС+ ЦВЕТ РОЗОВЫЙ | Компания К | Компания К,other,,0.95,"Поильник-непроливайка для детей с 6 месяцев, объём 270 мл. Бренд — Мама Тама. Возрастная группа определена по маркировке '6мес+', остальные атрибуты не применимы.",True,,pending_fallback,direction_select,,semantic_primary,success,,,дети,,,Мама Тама,,,,,,не применимо,,не применимо,,,,дети,,270 мл,,,
14073,357,МАМАКО ПЮРЕ ИЗ ЯБЛОК С ПЕРСИКОМ С КОЗЬИМ ТВОРОГОМ 120Г 6МЕС+ | ЛВЛ ЭВОЛЮШН ООО | ЛВЛ ЭВОЛЮШН ООО,other,,0.9,"Продукт представляет собой детское пюре торговой марки «Мамако». Возрастная категория явно указана как «6МЕС+», поэтому возрастной сегмент — дети. Масса упаковки 120 г отражена в package_hint.",True,,pending_fallback,direction_select,,semantic_primary,success,,,дети,,,Мамако,,,,,,не применимо,,не применимо,,,,дети,,120 г,,,
14103,357,МАЛЬВАЦИД СУСП. Д/ПРИЕМА ВНУТРЬ ПАК. 15МЛ №20 | АВВА РУС АО | АВВА РУС АО,drug,,0.4,"Препарат представляет собой суспензию для приёма внутрь в пакетиках по 15 мл №20, по контексту относится к желудочно-кишечным средствам. Торговое название не позволяет однозначно установить действующее вещество, поэтому МНН и точная дозировка не указаны.",True,,pending_fallback,direction_select,,semantic_primary,success,внутрь,суспензия для приёма внутрь,взрослые,,,Мальвацид,,безрецептурный,,кишечные антисептики,,перорально,,суспензия,,,,взрослые,,пак. 15 мл №20,,,
14113,357,МАЛ МАЛА МЕНЬШЕ ПОИЛЬНИК-НЕПРОЛИВАЙКА С СИЛИКОНОВЫМ НОСИКОМ 270МЛ 6МЕС+АРТ.1097 | КОМПАНИЯ К ООО | КОМПАНИЯ К ООО,other,,0.95,"Товар представляет собой детский поильник-непроливайку с силиконовым носиком, не является лекарственным средством или БАД. Возрастной сегмент определён по маркировке 6МЕС+, объём указан как 270 мл.",True,,pending_fallback,direction_select,,semantic_primary,success,,,дети,,,Мал мала меньше,,,,,,не применимо,,не применимо,,,,дети,,270 мл,,,
14153,357,"МАКСИЛАК ЭКСПРЕСС ПОР. МАССОЙ 1,0 СТИК №10 | БИФОДАН А/С | БИФОДАН А/С",vitamin_or_baa,,0.85,"Максилак Экспресс — пробиотический комплекс в форме порошка для приема внутрь. Состав многокомпонентный, поэтому mnn указан как «Комплекс», а nosology — «эубиотики». Возрастных указаний нет, поэтому возрастной сегмент универсальный.",True,,pending_fallback,direction_select,,semantic_primary,success,внутрь,порошок,универсальный,Комплекс,,Максилак Экспресс,,,,эубиотики,,перорально,,порошок,,"1,0 г",,универсальный,,стик №10,,комбинированный,
14162,357,МАКСИКОЛД РИНО ПОР. Д/Р-РА Д/ПРИЕМА ВНУТРЬ АПЕЛЬСИН ПАК. 15Г №10 | ФАРМСТАНДАРТ-ЛЕКСРЕДСТВА ОАО | ФАРМСТАНДАРТ-ЛЕКСРЕДСТВА ОАО,drug,,0.7,"По названию и форме выпуска препарат относится к противопростудным средствам для приема внутрь. В тексте не указаны действующие вещества, поэтому МНН не определяется; указана масса пакетика 15 г и количество 10 пакетиков. Препарат отпускается без рецепта.",True,,pending_fallback,direction_select,,semantic_primary,success,внутрь,порошок для приготовления раствора для приема внутрь,взрослые,,,Максиколд Рино,,otc,,ОРВИ и простудные заболевания,,перорально,,порошок,,15 г,,взрослые,,пак. 15 г №10,,комбинированный,
14492,357,Л-ТИРОКСИН ТАБЛ. 100МКГ №50 ОЗОН | ОЗОН ООО | ОЗОН ООО,drug,,0.82,"Препарат Л-Тироксин выпускается в форме таблеток по 100 мкг, упаковка №50. Действующее вещество в тексте как МНН явно не указано, поэтому МНН не заполнен. Левотироксин натрия относится к рецептурным тиреоидным гормонам.",True,,pending_fallback,direction_select,,semantic_primary,success,внутрь,таблетки,взрослые,,,Л-Тироксин,,rx,,тиреоидные гормоны,,перорально,,таблетки,,100 мкг,,взрослые,,50 таблеток,,монопрепарат,
14564,358,ЛОСТЕРИН КРЕМ ТУБА 75МЛ | АС-КОМ НПК ООО | АС-КОМ НПК ООО,cosmetic_hygiene,,0.9,"Косметическое средство «Лостерин» выпускается в форме крема в тубе 75 мл и применяется наружно. Возрастной сегмент явно не указан, поэтому выбран универсальный. МНН, рецептурность, нозология, дозировка и комбинированный признак неприменимы для данного типа продукта.",True,,pending_fallback,direction_select,,semantic_primary,success,наружно,крем,универсальный,,,Лостерин,,,,,,наружно,,крем,,,,универсальный,,туба 75 мл,,,
14577,358,ЛОРТЕНЗА ТАБЛ. П/ПЛЕН/ОБ. 10МГ+100МГ №90 | КРКА-РУС ООО | КРКА-РУС ООО,drug,,0.7,"Препарат ЛОРТЕНЗА выпускается в таблетках, покрытых пленочной оболочкой, содержит два компонента (10 мг + 100 мг), что указывает на комбинированное гипотензивное средство. Действующие вещества в тексте явно не названы, поэтому МНН не указан. Отпуск предположительно рецептурный, упаковка содержит 90 таблеток.",True,,pending_fallback,direction_select,,semantic_primary,success,перорально,"таблетки, покрытые пленочной оболочкой",взрослые,,,ЛОРТЕНЗА,,рецептурный,,гипотензивное средство,,перорально,,таблетки,,10 мг + 100 мг,,взрослые,,90 таблеток,,комбинированный препарат,
14878,358,ЛИПРИНА УПРАВЛЕНИЕ ВЕСОМ MAX КАПС. ПО 378МГ №30 | ВЕКТОР-МЕДИКА АО | ВЕКТОР-МЕДИКА АО,vitamin_or_baa,,0.78,"БАД «Липрина управление весом MAX» выпускается в капсулах по 378 мг №30. В тексте не указан конкретный действующий компонент и возрастная категория, поэтому МНН и возраст не определены.",True,,pending_fallback,direction_select,,semantic_primary,success,внутрь,капсулы,универсальный,,,Липрина,,,,нутрицевтики,,перорально,,капсулы,,378 мг,,универсальный,,№30,,,
14980,358,ЛИНЕКС ФОРТЕ КАПС. №14 | ЛЕК Д.Д. | ЛЕК Д.Д.,vitamin_or_baa,,0.7,"Из текста извлекается торговое наименование «Линекс Форте», форма «капсулы», упаковка №14. БАД без явного указания состава, дозировки и возрастных ограничений, поэтому возраст принят универсальным.",True,,pending_fallback,direction_select,,semantic_primary,success,внутрь,капсулы,универсальный,,,Линекс Форте,,,,эубиотики,,перорально,,капсулы,,,,универсальный,,14 капсул,,,
15213,358,ЛИБРИДЕРМ СЕРАЦИН КРЕМ ДНЕВНОЙ МАТИРУЮЩИЙ 50МЛ | ДИНА+/БИОФАРМРУС/БИОФАРМЛАБ | ДИНА+/БИОФАРМРУС/БИОФАРМЛАБ,cosmetic_hygiene,,0.78,"По тексту определены косметическое средство, форма «крем» и наружное применение; указан объём 50 мл. Бренд — Либридерм (линия Серацин). Возрастная группа явно не указана, поэтому выбрано «взрослые» по типу дневного матирующего крема.",True,,pending_fallback,direction_select,,semantic_primary,success,наружно,крем,взрослые,,,Либридерм,,,,,,наружно,,крем,,,,взрослые,,50 мл,,,
15342,358,ЛИБРИДЕРМ АЕВИТ КРЕМ-ДЕТОКС НОЧНОЙ БАНКА 50МЛ | ДИНА+ ООО | ДИНА+ ООО,cosmetic_hygiene,,0.7,"Косметическое средство, МНН/рецептурность/нозология не применимы. По тексту определены бренд «Либридерм», форма «крем», путь «наружно», упаковка «банка 50 мл»; возраст явно не указан.",True,,pending_fallback,direction_select,,semantic_primary,success,наружно,крем,универсальный,,,Либридерм,,,,,,наружно,,крем,,,,универсальный,,банка 50 мл,,,
15352,358,ЛИБРИДЕРМ ROSE DE ROSE КРЕМ НОЧНОЙ ВОЗРОЖДАЮЩИЙ 50МЛ | ДИНА+ ООО | ДИНА+ ООО,cosmetic_hygiene,,0.85,"Косметический ночной крем бренда Либридерм, предназначен для взрослых и наносится наружно. Объём упаковки указан как 50 мл. Клинические атрибуты неприменимы.",True,,pending_fallback,direction_select,,semantic_primary,success,наружно,крем,взрослые,,,Либридерм,,,,,,наружно,,крем,,,,взрослые,,50 мл,,,
15375,358,"ЛЕЦИТИН НАШ С РАСТОРОПШЕЙ КАПС. ПО 0,35Г №60 | ЮВИКС-ФАРМ ООО | ЮВИКС-ФАРМ ООО",vitamin_or_baa,,0.75,"Препарат «Лецитин НАШ с расторопшей» — БАД в форме капсул по 0,35 г, упаковка №60. Состав многокомпонентный (лецитин и расторопша), поэтому mnn указан как «Комплекс». Возрастных ограничений в тексте нет, выбран универсальный возрастной сегмент.",True,,pending_fallback,direction_select,,semantic_primary,success,внутрь,капсулы,универсальный,Комплекс,,НАШ,,,,нутрицевтики,,перорально,,капсулы,,"0,35 г",,универсальный,,60 капсул,,лецитин + расторопша,
15379,358,ЛЕЦИТИН НАШ ПОР. 120Г | ЮВИКС-ФАРМ ООО | ЮВИКС-ФАРМ ООО,vitamin_or_baa,,0.75,"Монокомпонентная БАД с лецитином в форме порошка для приема внутрь. Возрастная группа явно не указана, поэтому выбрано универсальное значение. Дозировка действующего вещества не указана; 120 г относится к массе упаковки.",True,,pending_fallback,direction_select,,semantic_primary,success,внутрь,порошок,универсальный,Лецитин,,Лецитин НАШ,,,,отдельные нутриенты,,перорально,,порошок,,,,универсальный,,120 г,,монопрепарат,
15460,358,ЛЕСНОЙ БАЛЬЗАМ ОПОЛАСКИВАТЕЛЬ ДЛЯ УКРЕПЛЕНИЯ ДЕСЕН С ЭКСТРАКТОМ МОЖЖЕВЕЛОВЫХ ЯГОД И КОРОЙ ДУБА 800МЛ | ЮНИЛЕВЕР РУСЬ ООО | ЮНИЛЕВЕР РУСЬ ООО,cosmetic_hygiene,,0.9,"Косметическое гигиеническое средство для ухода за полостью рта, поэтому МНН, рецептурный статус, нозология и дозировка не заполняются. Указана форма «ополаскиватель», объём 800 мл, возрастной сигнал отсутствует.",True,,pending_fallback,direction_select,,semantic_primary,success,местно,ополаскиватель для полости рта,универсальный,,,Лесной бальзам,,,,,,,,,,,,универсальный,,флакон 800 мл,,,
15515,359,ЛЕОВИТ КИСЕЛЬ ДИЕТИЧЕСКИЙ ОЧИЩАЮЩИЙ БАНКА 400Г | ЛЕОВИТ НУТРИО | ЛЕОВИТ НУТРИО,vitamin_or_baa,,0.6,"Состав в названии не раскрыт, поэтому конкретный нутриент не указан. Продукт относится к диетическим киселям (БАД/функциональное питание) и принимается внутрь. Дозировка и возрастной сигнал в тексте отсутствуют.",True,,pending_fallback,direction_select,,semantic_primary,success,внутрь,кисель,универсальный,,,Леовит Нутрио,,,,нутрицевтики,,перорально,,,,,,универсальный,,банка 400г,,,
15560,359,ЛЕККЕР БРИЛЛИАНТОВЫЙ ЗЕЛЕНЫЙ Р-Р 1% ФЛ. С КИСТЬЮ 20МЛ | ЛЕККЕР ЗАО | ЛЕККЕР ЗАО,drug,,0.78,"Препарат представляет собой спиртовой раствор бриллиантового зелёного для наружного применения. В названии указаны действующее вещество, концентрация 1% и форма выпуска во флаконе с кистью.",True,,pending_fallback,direction_select,,semantic_primary,success,наружно,раствор для наружного применения,взрослые,Бриллиантовый зелёный,,Леккер,,otc,,антисептические средства,,наружно,,раствор,,1%,,взрослые,,флакон с кистью 20 мл,,,
15745,359,ЛЕВОФЛОКСАЦИН РЕНЕВАЛ ТАБЛ. П/ПЛЕН/ОБ. 500МГ №10 | ОБНОВЛЕНИЕ ПФК АО | ОБНОВЛЕНИЕ ПФК АО,drug,,0.95,"В тексте явно указаны МНН левофлоксацин, бренд Реневал, лекарственная форма — таблетки в пленочной оболочке, дозировка 500 мг и упаковка №10. Левофлоксацин — рецептурный антибиотик-фторхинолон для приема внутрь, применяется преимущественно у взрослых.",True,,pending_fallback,direction_select,,semantic_primary,success,внутрь,"таблетки, покрытые пленочной оболочкой",взрослые,левофлоксацин,,Реневал,,rx,,антибактериальное средство (фторхинолон),,перорально,,таблетки,,500 мг,,взрослые,,№10 (10 таблеток в упаковке),,,
15757,359,ЛЕВОФЛОКСАЦИН-АКРИХИН ТАБЛ. П/ПЛЕН/ОБ. 500МГ №5 | АДИФАРМ ЕАД | АДИФАРМ ЕАД,drug,,0.85,"Препарат содержит левофлоксацин 500 мг в форме таблеток, покрытых плёночной оболочкой, что явно указано в названии. Это рецептурный антибиотик для перорального применения, поэтому возрастной сегмент определён как взрослые.",True,,pending_fallback,direction_select,,semantic_primary,success,перорально,"таблетки, покрытые плёночной оболочкой",взрослые,Левофлоксацин,,Левофлоксацин-Акрихин,,rx,,антибактериальное средство (фторхинолон),,перорально,,таблетки,,500 мг,,взрослые,,5 таблеток,,монопрепарат,
15797,359,ЛЕВОКАРНИТИН Р-Р ДЛЯ В/В И В/М 100МГ/МЛ АМП. 5МЛ №10 ВЕЛФАРМ | Велфарм ООО | Велфарм ООО,drug,,0.9,"В названии указано действующее вещество левокарнитин, лекарственная форма и концентрация. Препарат является инъекционным раствором, поэтому отнесён к рецептурным. Возрастной сегмент по умолчанию — взрослые.",True,,pending_fallback,direction_select,,semantic_primary,success,внутривенно и внутримышечно,раствор для инъекций,взрослые,Левокарнитин,,,,rx,,Метаболическое средство,,внутримышечно,,раствор,,100 мг/мл,,взрослые,,ампулы 5 мл №10,,false,
15921,359,ЛАРИГАМА Р-Р ДЛЯ В/М ВВЕД. АМП. 2МЛ №10 | ГРОТЕКС ООО | ГРОТЕКС ООО,drug,,0.75,"Из текста извлечены торговое наименование, форма выпуска и путь введения. Действующее вещество и дозировка не указаны, поэтому МНН, дозировка и нозология не определены.",True,,pending_fallback,direction_select,,semantic_primary,success,внутримышечно,раствор для внутримышечного введения,взрослые,,,Ларигама,,рецептурный,,,,внутримышечно,,раствор,,,,взрослые,,ампулы 2 мл №10,,,
15949,359,ЛАМОЛЕП ТАБЛ. 50МГ №30 | ГЕДЕОН РИХТЕР ОАО/ГЕДЕОН РИХТЕР-РУС АО | ГЕДЕОН РИХТЕР ОАО/ГЕДЕОН РИХТЕР-РУС АО,drug,,0.72,"Препарат Ламолеп в форме таблеток по 50 мг, применяется перорально. Относится к рецептурным лекарственным средствам для взрослых; активное вещество в тексте явно не указано.",True,,pending_fallback,direction_select,,semantic_primary,success,перорально,таблетки,взрослые,,,Ламолеп,,рецептурный,,противоэпилептические средства,,перорально,,таблетки,,50 мг,,взрослые,,"№30, 30 таблеток",,,
15957,359,ЛАМИТОР ТАБЛ. 100МГ №50 | ТОРРЕНТ ФАРМАСЬЮТИКАЛС ЛТД | ТОРРЕНТ ФАРМАСЬЮТИКАЛС ЛТД,drug,,0.75,"Препарат выпускается в форме таблеток по 100 мг, в упаковке №50; МНН в тексте не указан, поэтому оставлен пустым. Торговое название ЛАМИТОР относится к противосудорожным средствам, отпускаемым по рецепту. Возрастная группа выбрана как взрослые, так как детских указаний нет.",True,,pending_fallback,direction_select,,semantic_primary,success,перорально,таблетки,взрослые,,,ЛАМИТОР,,рецептурный,,противосудорожные препараты,,перорально,,таблетки,,100 мг,,взрослые,,50 таблеток,,,
16069,359,ЛАКАЛЮТ ЩЕТКА ЗУБНАЯ ДЕТСКАЯ ОТ 4-Х ЛЕТ | ДР. ТАЙСС НАТУРВАРЕН ГМБХ | ДР. ТАЙСС НАТУРВАРЕН ГМБХ,medical_device,hygiene_like,0.85,Товар — детская зубная щетка бренда Лакалют с явным возрастным указанием «от 4-х лет». Атрибуты лекарственных средств и форма выпуска не применимы для данного типа товара; сведений об упаковке в тексте нет.,True,,pending_fallback,direction_select,,semantic_primary,success,,,дети,,,Лакалют,,,,,,не применимо,,не применимо,,,,дети,,,,,
16104,359,ЛАКАЛЮТ ПАСТА ЗУБНАЯ АНТИКАРИЕС 50МЛ | ДР. ТАЙСС НАТУРВАРЕН ГМБХ | ДР. ТАЙСС НАТУРВАРЕН ГМБХ,cosmetic_hygiene,,0.82,"Это зубная паста марки Лакалют, предназначенная для гигиены полости рта. Форма выпуска — паста зубная, объем 50 мл. Возрастная группа универсальная, так как специальных указаний по возрасту нет.",True,,pending_fallback,direction_select,,semantic_primary,success,наружно,паста зубная,универсальный,,,Лакалют,,,,,,наружно,,,,,,универсальный,,50 мл,,,
16137,360,ЛАЙСНЕР СРЕДСТВО ПЕДИКУЛИЦИДНОЕ ФЛ. 100МЛ | Pronova laboratories Bv | Pronova laboratories Bv,other,,0.82,"Средство педикулицидное «Лайснер» выпускается во флаконе 100 мл. Возрастная группа в тексте не указана, поэтому выбрана универсальная. Остальные клинические атрибуты не применимы по профилю товара.",True,,pending_fallback,direction_select,,semantic_primary,success,,,универсальный,,,Лайснер,,,,,,не применимо,,не применимо,,,,универсальный,,флакон 100 мл,,,
16144,360,"ЛАЗОЛВАН Р-Р Д/ПРИЕМА ВНУТРЬ И ИНГАЛ. 7,5МГ/МЛ ФЛ-КАП. 100МЛ | ИНСТИТУТ ДЕ АНГЕЛИ С.Р.Л. | ИНСТИТУТ ДЕ АНГЕЛИ С.Р.Л.",drug,,0.75,"Лазолван — раствор для приема внутрь и ингаляций 7,5 мг/мл, показанный при кашле. Действующее вещество в тексте прямо не указано, поэтому МНН не заполнен. Возрастных уточнений нет, для типичного средства выбран взрослый сегмент.",True,,pending_fallback,direction_select,,semantic_primary,success,внутрь; ингаляционно,раствор для приема внутрь и ингаляций,взрослые,,,Лазолван,,безрецептурный,,муколитическое (отхаркивающее) средство,,ингаляционно,,раствор,,"7,5 мг/мл",,взрослые,,флакон-капельница 100 мл,,монопрепарат,
16215,360,ЛАББИ JUST LUBBY ПУСТЫШКА ЛАТЕКСНАЯ КРУГЛАЯ С КОЛПАЧКОМ 0МЕС+ АРТ. 23819 | ГОЛД ЛИСТ АГ АО | ГОЛД ЛИСТ АГ АО,medical_device,hygiene_like,0.9,"Товар представляет собой латексную пустышку для детей с 0 месяцев, бренд Лабби. Это медицинское изделие гигиенического типа, поэтому лекарственные атрибуты не заполняются.",True,,pending_fallback,direction_select,,semantic_primary,success,,,дети,,,Лабби,,,,,,не применимо,,не применимо,,,,дети,,с колпачком,,,
16280,360,"КУРНОСИКИ ПОИЛЬНИК-НЕПРОЛИВАЙКА С РУЧКАМИ И КРЫШЕЧКОЙ 250МЛ 6МЕС+ АРТ.17021 | ZENITH INFANT PRODUCTS CO.,LTD | ZENITH INFANT PRODUCTS CO.,LTD",other,,0.86,"Товар представляет собой детский поильник-непроливайку с ручками и крышечкой объёмом 250 мл, предназначенный для детей от 6 месяцев. Это не лекарственное средство, поэтому большинство фармацевтических атрибутов неприменимо.",True,,pending_fallback,direction_select,,semantic_primary,success,,,дети,,,Курносики,,,,,,не применимо,,не применимо,,,,дети,,поильник-непроливайка 250 мл,,,
16297,360,КУРНОСИКИ ИГРУШКА ДЛЯ ВАННЫ МОРСКАЯ ЗВЕЗДА 25172 | МИР ДЕТСТВА/САН БОНД ИНТЕРНЕЙШНЛ | МИР ДЕТСТВА/САН БОНД ИНТЕРНЕЙШНЛ,other,,0.95,"Товар является детской игрушкой для ванны (морская звезда) под брендом Курносики, производитель — «Мир детства». Признаки детского возраста очевидны, фармацевтические атрибуты неприменимы.",True,,pending_fallback,direction_select,,semantic_primary,success,,,дети,,,Курносики,,,,,,не применимо,,не применимо,,,,дети,,,,,
16308,360,КУРНОСИКИ БУТЫЛОЧКА ПОЛИПРОП. С СИЛИКОНОВОЙ СОСКОЙ 250МЛ 0МЕС+ АРТ.11101 | МИР ДЕТСТВА-ПРОМ ООО | МИР ДЕТСТВА-ПРОМ ООО,medical_device,hygiene_like,0.9,"Товар — детская бутылочка с силиконовой соской объёмом 250 мл. Возрастная группа указана с 0 месяцев, поэтому сегмент — дети. Остальные атрибуты неприменимы для данного медицинского изделия.",True,,pending_fallback,direction_select,,semantic_primary,success,,,дети,,,Курносики,,,,,,не применимо,,не применимо,,,,дети,,250 мл,,,
16313,360,КУРНОСИКИ БУТЫЛОЧКА ПОЛИПРОП. С РУЧКАМИ И СИЛИКОНОВОЙ СОСКОЙ 250МЛ 6МЕС+ АРТ.11139 | МИР ДЕТСТВА/САН БОНД ИНТЕРНЕЙШНЛ | МИР ДЕТСТВА/САН БОНД ИНТЕРНЕЙШНЛ,medical_device,hygiene_like,0.85,"Товар представляет собой детскую бутылочку с силиконовой соской, бренд — Курносики. Маркировка 6МЕС+ указывает на возрастную группу детей от 6 месяцев. Остальные клинические атрибуты неприменимы, так как это гигиеническое изделие.",True,,pending_fallback,direction_select,,semantic_primary,success,,,дети,,,Курносики,,,,,,не применимо,,не применимо,,,,дети,,бутылочка полипропиленовая 250 мл с ручками и силиконовой соской,,,
16340,360,КУРКУМИН 150МГ КАПС. ПО 400МГ №30 ГРИН САЙД | ГРИН САЙД ООО | ГРИН САЙД ООО,vitamin_or_baa,,0.8,"БАД с куркумином, выпускается в форме капсул. По тексту определена дозировка 150 мг и упаковка №30. Возрастных указаний нет, поэтому возрастной сегмент универсальный.",True,,pending_fallback,direction_select,,semantic_primary,success,внутрь,капсулы,универсальный,Куркумин,,Грин Сайд,,,,нутрицевтики,,перорально,,капсулы,,150 мг,,универсальный,,30 капсул,,,
16355,360,КУКУРУЗЫ СТОЛБИКИ С РЫЛЬЦАМИ 40Г КРАСНОГОРСКЛЕКСРЕДСТВА | КРАСНОГОРСКЛЕКСРЕДСТВА | КРАСНОГОРСКЛЕКСРЕДСТВА,vitamin_or_baa,,0.55,"Продукт — растительное сырьё кукурузных столбиков с рыльцами, относится к БАД на травах. Указаны масса 40 г и производитель, форма и способ применения явно не описаны, поэтому часть атрибутов определена по типу продукта.",True,,pending_fallback,direction_select,,semantic_primary,success,внутрь,растительное сырье,универсальный,,,,,,,парафармацевтики,,перорально,,,,,,универсальный,,40 г,,монопрепарат,
16363,360,КУК ЛЯ КУК КРЕМ ДЕТСКИЙ ОТ ВЕТРА И МОРОЗА ДЛЯ РУК 75МЛ 0МЕС+ | Мирролла ООО | Мирролла ООО,cosmetic_hygiene,,0.9,"Детский защитный крем для рук, форма выпуска и способ применения указаны в названии. Возрастная группа явно детская (0 мес+).",True,,pending_fallback,direction_select,,semantic_primary,success,наружно,крем,дети,,,КУК ЛЯ КУК,,,,,,наружно,,крем,,,,дети,,75 мл,,,
16411,361,"КСИЛЕН КАПЛИ НАЗ. 0,1% ФЛ-КАП. 20МЛ №4 | ВЕРОФАРМ ООО | ВЕРОФАРМ ООО",drug,,0.74,"Препарат идентифицируется как назальные капли Ксилен; действующее вещество в тексте не указано, поэтому МНН не заполнен. Лекарственная форма, концентрация и объём упаковки читаются в названии. Поскольку это типичный безрецептурный деконгестант без детских указаний, возрастной сегмент определён как взрослые.",True,,pending_fallback,direction_select,,semantic_primary,success,назально,капли назальные,взрослые,,,Ксилен,,otc,,деконгестанты для местного применения при рините,,назальный,,капли,,"0,1%",,взрослые,,"флакон-капельница 20 мл, №4",,монопрепарат,
16419,361,КСИЗАЛ ТАБЛ. П/ПЛЕН/ОБ. 5МГ №10 | ЮСБ ФАРШИМ С.А. | ЮСБ ФАРШИМ С.А.,drug,,0.75,"По тексту идентифицирован бренд Ксизал, действующее вещество явно не указано, поэтому МНН оставлен пустым. Форма, дозировка и упаковка прочитаны из названия: таблетки 5 мг №10. Препарат относится к антигистаминным средствам и отпускается без рецепта.",True,,pending_fallback,direction_select,,semantic_primary,success,внутрь,"таблетки, покрытые пленочной оболочкой",взрослые,,,Ксизал,,otc,,антигистаминные средства,,перорально,,таблетки,,5 мг,,взрослые,,10 таблеток,,,
16518,361,КРЕОН 25000 КАПС. КИШ/РАСТ. 25000ЕД №20 | ВЕРОФАРМ АО | ВЕРОФАРМ АО,drug,,0.72,"Креон 25000 — ферментный препарат в кишечнорастворимых капсулах для приёма внутрь. МНН в тексте не указано, поэтому оставлено пустым. Рецептурный статус и возрастная группа определены по типу препарата.",True,,pending_fallback,direction_select,,semantic_primary,success,внутрь,капсулы кишечнорастворимые,взрослые,,,Креон,,rx,,пищеварительные ферменты,,перорально,,капсулы,,25000 ЕД,,взрослые,,№20,,,
16540,361,КРЕМ ДЕТСКИЙ BONA MENTE! ПИТАТЕЛЬНЫЙ 50МЛ | ЗЕЛЕНАЯ ДУБРАВА ЗАО | ЗЕЛЕНАЯ ДУБРАВА ЗАО,cosmetic_hygiene,,0.9,"Косметическое средство для ухода за кожей, детский питательный крем. Возрастная группа — дети, применение наружное. В названии указан объем 50 мл.",True,,pending_fallback,direction_select,,semantic_primary,success,наружно,крем,дети,,,Bona Mente,,,,,,наружно,,крем,,,,дети,,50 мл,,,
16606,361,КОЭНЗИМ Q10 ТАБЛ. 60МГ №30 ЭВАЛАР | ЭВАЛАР ЗАО | ЭВАЛАР ЗАО,vitamin_or_baa,,0.85,"Товар представляет собой БАД с коэнзимом Q10 в форме таблеток по 60 мг, упаковка 30 штук. Указаний по возрасту нет, поэтому возрастной сегмент выбран универсальным.",True,,pending_fallback,direction_select,,semantic_primary,success,внутрь,таблетки,универсальный,Коэнзим Q10,,Эвалар,,,,отдельные нутриенты,,перорально,,таблетки,,60 мг,,универсальный,,30 таблеток,,,
16640,361,КОСТАРОКС ТАБЛ. П/ПЛЕН/ОБ. 90МГ №28 | КАДИЛА ФАРМАСЬЮТИКАЛЗ ЛИМИТЕД | КАДИЛА ФАРМАСЬЮТИКАЛЗ ЛИМИТЕД,drug,,0.62,"Товар представляет собой таблетки в пленочной оболочке по 90 мг, упаковка 28 штук. Действующее вещество в имени не указано, поэтому МНН и комбинированность оставлены пустыми. Препарат типичен для взрослых, форма выпуска и дозировка читаются из названия.",True,,pending_fallback,direction_select,,semantic_primary,success,перорально,"таблетки, покрытые пленочной оболочкой",взрослые,,,Костарокс,,рецептурный,,опорно-двигательный аппарат,,перорально,,таблетки,,90 мг,,взрослые,,28 таблеток,,,
16703,361,КОРДИАМИН КАПЛИ Д/ПРИЕМА ВНУТРЬ 25% ФЛ-КАП. 30МЛ ТЕХНОПАРК-ЦЕНТР | ТЕХНОПАРК-ЦЕНТР ООО | ТЕХНОПАРК-ЦЕНТР ООО,drug,,0.8,"В тексте указаны торговое наименование (Кордиамин), лекарственная форма (капли), способ применения (внутрь) и дозировка (25%). МНН и терапевтический класс явно не указаны, поэтому эти атрибуты оставлены пустыми.",True,,pending_fallback,direction_select,,semantic_primary,success,внутрь,капли,взрослые,,,Кордиамин,,,,,,перорально,,капли,,25%,,взрослые,,флакон-капельница 30 мл,,,
16806,361,КОНТЕКС ГЕЛЬ-СМАЗКА STRONG 30МЛ | АЛЬТЕРМЕД КОРПОРЭЙШН С.Р.О. | АЛЬТЕРМЕД КОРПОРЭЙШН С.Р.О.,cosmetic_hygiene,,0.85,"Товар относится к косметическим гигиеническим средствам, представляет собой гель-смазку объёмом 30 мл. Бренд определён по названию «Контекс». Возрастной сегмент — взрослые, так как интимная смазка предназначена для взрослых.",True,,pending_fallback,direction_select,,semantic_primary,success,наружно,гель,взрослые,,,Контекс,,,,,,наружно,,гель,,,,взрослые,,30 мл,,,
16807,361,КОНТЕКС ГЕЛЬ-СМАЗКА STRONG 100МЛ | АЛЬТЕРМЕД КОРПОРЭЙШН С.Р.О. | АЛЬТЕРМЕД КОРПОРЭЙШН С.Р.О.,cosmetic_hygiene,,0.85,"Продукт идентифицируется как интимный гель-смазка бренда Контекс объёмом 100 мл. По типу применения — наружное, целевая аудитория — взрослые.",True,,pending_fallback,direction_select,,semantic_primary,success,наружно,гель,взрослые,,,Контекс,,,,,,наружно,,гель,,,,взрослые,,100 мл,,,
16810,361,КОНТЕКС ГЕЛЬ-СМАЗКА ROMANTIC 100МЛ | АЛЬТЕРМЕД КОРПОРЭЙШН С.Р.О. | АЛЬТЕРМЕД КОРПОРЭЙШН С.Р.О.,cosmetic_hygiene,,0.9,"Средство представляет собой интимную гель-смазку бренда Контекс объёмом 100 мл. Применяется наружно, предназначено для взрослых.",True,,pending_fallback,direction_select,,semantic_primary,success,наружно,гель,взрослые,,,Контекс,,,,,,наружно,,гель,,,,взрослые,,100 мл,,,
16829,362,КОНТЕЙНЕР СТЕРИЛЬНЫЙ ДЛЯ СБОРА БИОМАТЕРИАЛА С КРЫШКОЙ 120МЛ ПОЛИЭФИР | ПОЛИЭФИР ОДО | ПОЛИЭФИР ОДО,medical_device,clinical_like,0.8,"Товар представляет собой медицинское стерильное изделие для сбора биоматериала, а не лекарственное средство, поэтому mnn, rx_otc, nosology и связанные с ЛС поля не заполнены. Форма выпуска — контейнер объёмом 120 мл, возрастной фактор не значим.",True,,pending_fallback,direction_select,,semantic_primary,success,,контейнер,не применимо,,,,,,,,,,,,,120 мл,,не применимо,,,,,
16877,362,КОМФ-ОРТ ПОДУШКА К-800 АНАТОМИЧЕСКАЯ ДЛЯ МЛАДЕНЦЕВ 32Х24СМ | КОМФ-ОРТ ООО | КОМФ-ОРТ ООО,medical_device,hygiene_like,0.9,"Медицинское изделие гигиенического типа — анатомическая подушка для младенцев. Бренд — КОМФ-ОРТ, размер 32х24 см. Возрастная группа — дети.",True,,pending_fallback,direction_select,,semantic_primary,success,,,дети,,,КОМФ-ОРТ,,,,,,не применимо,,не применимо,,,,дети,,32х24 см,,,
16942,362,КОМПЛИВИТ ТАБЛ. П/ПЛЕН/ОБ. С ПОНИЖ. СОД. САХАРА №60 | ФАРМСТАНДАРТ-УФАВИТА ОАО | ФАРМСТАНДАРТ-УФАВИТА ОАО,vitamin_or_baa,,0.85,"Компливит — многокомпонентный витаминно-минеральный комплекс в таблетках, покрытых плёночной оболочкой, с пониженным содержанием сахара. Возрастных указаний в тексте нет, поэтому возрастная группа универсальная.",True,,pending_fallback,direction_select,,semantic_primary,success,внутрь,"таблетки, покрытые плёночной оболочкой",универсальный,Комплекс,,Компливит,,,,комплексные профили,,перорально,,таблетки,,,,универсальный,,№60 (60 таблеток),,многокомпонентный витаминно-минеральный комплекс,
16951,362,КОМПЛИВИТ СИЯНИЕ АНТИОКСИДАНТНАЯ ЗАЩИТА КАПС. №30 | ФАРМСТАНДАРТ-ЛЕКСРЕДСТВА ОАО | ФАРМСТАНДАРТ-ЛЕКСРЕДСТВА ОАО,vitamin_or_baa,,0.9,"Товар — многокомпонентный витаминно-минеральный комплекс (БАД) в капсулах, поэтому МНН указан как «Комплекс», нозология — «комплексные профили». Возраст в тексте не уточнён, форма выпуска и упаковка извлечены из названия.",True,,pending_fallback,direction_select,,semantic_primary,success,внутрь,капсулы,универсальный,Комплекс,,Компливит Сияние,,,,комплексные профили,,перорально,,капсулы,,,,универсальный,,№30,,многокомпонентный комплекс,
16983,362,КОМПЛИВИТ АКТИВ ТАБЛ. П/ПЛЕН/ОБ. ПО 693МГ №30 | ФАРМСТАНДАРТ-ЛЕКСРЕДСТВА ОАО | ФАРМСТАНДАРТ-ЛЕКСРЕДСТВА ОАО,vitamin_or_baa,,0.86,"Компливит Актив — многокомпонентный витаминно-минеральный комплекс; в тексте явно указаны лекарственная форма, дозировка 693 мг и упаковка №30. Возрастной сегмент не обозначен, поэтому для витаминного комплекса выбран универсальный.",True,,pending_fallback,direction_select,,semantic_primary,success,внутрь,"таблетки, покрытые пленочной оболочкой",универсальный,Комплекс,,Компливит Актив,,,,комплексные профили,,перорально,,таблетки,,693 мг,,универсальный,,№30,,многокомпонентный комплекс,
16988,362,"КОМПЛИВИТ АКТИВНЫЕ ДЕТИШКИ ПАСТИЛКИ ЖЕВ 4,5Г БАНКА №30 | ZPC OTMUCHOW S.A. | ZPC OTMUCHOW S.A.",vitamin_or_baa,,0.85,"Препарат ""Компливит Активные Детишки"" представляет собой жевательные пастилки для детей, содержащие комплекс витаминов и минералов. Поэтому МНН указано как ""Комплекс"", возрастной сегмент — дети. Форма выпуска и упаковка указаны в наименовании.",True,,pending_fallback,direction_select,,semantic_primary,success,внутрь,пастилки жевательные,дети,Комплекс,,Компливит,,,,комплексные профили,,перорально,,таблетки жевательные,,"4,5 г",,дети,,банка №30,,многокомпонентный,
17123,362,КОЛГЕЙТ ЩЕТКА ЗУБНАЯ ЭЛЕКТРИЧЕСКАЯ PROCLINICAL 150 НА БАТАРЕЙКАХ | Hi.P.Precision plastic manufacting Co L | Hi.P.Precision plastic manufacting Co L,medical_device,hygiene_like,0.68,"Электрическая зубная щётка Colgate, гигиеническое медицинское изделие. Большинство лекарственно-ориентированных атрибутов неприменимы. Возрастной сегмент определён как взрослый, так как явных детских указаний нет.",True,,pending_fallback,direction_select,,semantic_primary,success,,,взрослые,,,Колгейт,,,,,,не применимо,,не применимо,,,,взрослые,,,,,
17179,362,КОЛГЕЙТ ПАСТА ЗУБНАЯ ЗАБОТА О ДЕСНАХ С АЛОЭ ВЕРА ТУБА 75МЛ | Colgate-Palmolive | Colgate-Palmolive,cosmetic_hygiene,,0.95,"Зубная паста для ухода за деснами, средство гигиены. Применяется местно, форма выпуска — паста в тубе 75 мл. Возрастных ограничений нет, продукт универсален.",True,,pending_fallback,direction_select,,semantic_primary,success,местно,паста,универсальный,,,Колгейт,,,,,,,,,,,,универсальный,,туба 75 мл,,,
17218,362,КОЖА НОГТИ ВОЛОСЫ КОМПЛЕКС С МСМ ТАБЛ. П/О ПО 1392МГ №30 КВАДРАТ-С | КВАДРАТ-С ООО | КВАДРАТ-С ООО,vitamin_or_baa,,0.85,"БАД для кожи, ногтей и волос в форме таблеток, покрытых оболочкой, содержащий многокомпонентный комплекс с МСМ. Препарат принимается внутрь, возрастная группа явно не указана, поэтому указана как универсальная.",True,,pending_fallback,direction_select,,semantic_primary,success,внутрь,"таблетки, покрытые пленочной оболочкой",универсальный,Комплекс,,"Кожа, ногти, волосы комплекс с МСМ",,,,комплексные профили,,перорально,,таблетки,,1392 мг,,универсальный,,30,,комплекс,
17254,362,"КО-ВАМЛОСЕТ ТАБЛ. П/ПЛЕН/ОБ. 5МГ+160МГ+12,5МГ №90 | КРКА-РУС ООО | КРКА-РУС ООО",drug,,0.8,"В названии указана торговая марка Ко-Вамлосет и дозировка, но действующие вещества не названы, поэтому МНН оставлен пустым. Препарат относится к рецептурным комбинированным антигипертензивным средствам, принимаемым внутрь. Форма, дозировка и упаковка №90 указаны явно.",True,,pending_fallback,direction_select,,semantic_primary,success,перорально,"таблетки, покрытые пленочной оболочкой",взрослые,,,Ко-Вамлосет,,rx,,антигипертензивное средство (комбинированное),,перорально,,таблетки,,"5 мг + 160 мг + 12,5 мг",,взрослые,,90 таблеток,,комбинированный препарат (3 активных компонента),
17447,363,КЛЕНЗИТ-С ГЕЛЬ Д/НАРУЖ. ПРИМ. ТУБА 15Г | ГЛЕНМАРК ФАРМАСЬЮТИКАЛС ЛТД | ГЛЕНМАРК ФАРМАСЬЮТИКАЛС ЛТД,drug,,0.75,"Препарат представлен как гель для наружного применения в тубе 15 г. По названию и типу продукта идентифицирован как комбинированный препарат для лечения акне, однако действующие вещества в тексте не указаны, поэтому МНН не заполнен.",True,,pending_fallback,direction_select,,semantic_primary,success,наружно,гель,взрослые,,,Клензит-С,,рецептурный,,акне,,наружно,,гель,,,,взрослые,,туба 15 г,,комбинированный,
17453,363,КЛЕНБУТЕРОЛ Р-Р Д/ПРИЕМА ВНУТРЬ 1МКГ/МЛ ФЛ. 100МЛ ОЗОН | ОЗОН ООО | ОЗОН ООО,drug,,0.95,"По тексту определено действующее вещество кленбутерол, лекарственная форма — раствор для приема внутрь, дозировка 1 мкг/мл. Это бронхолитическое средство, отпускается по рецепту. Возраст явно не указан, для типичного ЛС выбран сегмент взрослые.",True,,pending_fallback,direction_select,,semantic_primary,success,внутрь,раствор для приема внутрь,взрослые,Кленбутерол,,,,rx,,бронхолитическое средство (бета2-адреномиметик),,перорально,,раствор,,1 мкг/мл,,взрослые,,флакон 100 мл,,,
17545,363,КИСЛОРОД K12L БАЛЛОНЧИК МЕДИЦИНСКИЙ ИНДИВИДУАЛЬНЫЙ С ГАЗОВОЙ СМЕСЬЮ | ИНВЕСТ КОНСАЛТ ООО | ИНВЕСТ КОНСАЛТ ООО,medical_device,clinical_like,0.64,"Медицинское изделие — кислородный баллончик для ингаляций с газовой смесью. Явно указаны лекарственная форма и способ применения, возраст не конкретизирован. Действующее вещество и фармацевтические атрибуты неприменимы, объём/дозировка из текста однозначно не извлекаются.",True,,pending_fallback,direction_select,,semantic_primary,success,ингаляционно,баллончик с газовой смесью,универсальный,,,,,,,,,ингаляционно,,смесь,,,,универсальный,,индивидуальный баллончик,,,
17547,363,КИСЕЛЬ ЦАРЕВЩИНО ИЗ РАСТОРОПШИ ПОР. ПАК. ПО 25Г №1 | БИОКОР ФИРМА ООО | БИОКОР ФИРМА ООО,vitamin_or_baa,,0.8,"Товар представляет собой БАД в виде порошка для приготовления киселя на основе расторопши. Указан один активный компонент, способ применения — внутрь. Возрастных ограничений в наименовании нет.",True,,pending_fallback,direction_select,,semantic_primary,success,внутрь,порошок для приготовления киселя,универсальный,расторопша,,Царевщино,,,,парафармацевтики,,перорально,,порошок,,,,универсальный,,пак. по 25 г №1,,монокомпонентный,
17568,363,"КИОКО ПОМАДА ГИГИЕНИЧЕСКАЯ ПИТАТЕЛЬНАЯ КЛУБНИКА 4,2Г | ГАЛАНТ КОСМЕТИК-М ООО | ГАЛАНТ КОСМЕТИК-М ООО",cosmetic_hygiene,,0.9,"Продукт относится к косметическим гигиеническим средствам — гигиеническая помада с клубникой. Возрастная привязка не указана и для данного типа продукта не является значимой. Упаковка 4,2 г.",True,,pending_fallback,direction_select,,semantic_primary,success,наружно,помада гигиеническая,не применимо,,,Киоко,,,,,,наружно,,,,,,не применимо,,"4,2 г",,,
17599,363,КЕТОТИФЕН СОФАРМА СИРОП 1МГ/5МЛ ФЛ. 100МЛ | СОФАРМА АО | СОФАРМА АО,drug,,0.85,"Препарат содержит действующее вещество кетотифен, что явно указано в названии. Лекарственная форма — сироп 1 мг/5 мл, применяется внутрь. Возрастных указаний в тексте нет, поэтому возрастной сегмент определён как взрослые.",True,,pending_fallback,direction_select,,semantic_primary,success,внутрь,сироп,взрослые,кетотифен,,Кетотифен Софарма,,rx,,противоаллергические средства,,перорально,,сироп,,1 мг/5 мл,,взрослые,,флакон 100 мл,,,
17770,363,КВАМАТЕЛ ТАБЛ. П/ПЛЕН/ОБ. 40МГ №14 | ГЕДЕОН РИХТЕР ОАО/ГЕДЕОН РИХТЕР-РУС АО | ГЕДЕОН РИХТЕР ОАО/ГЕДЕОН РИХТЕР-РУС АО,drug,,0.78,"Квамател указан как таблетки в пленочной оболочке 40 мг №14, поэтому форма, дозировка, путь введения и упаковка определяются явно. МНН в тексте не приведено, поэтому оно не заполняется. Возрастных указаний нет, препарат типичный для взрослых, семейство ЖКТ позволяет отнести его к средствам для лечения заболеваний ЖКТ.",True,,pending_fallback,direction_select,,semantic_primary,success,внутрь,"таблетки, покрытые пленочной оболочкой",взрослые,,,Квамател,,rx,,заболевания ЖКТ,,перорально,,таблетки,,40 мг,,взрослые,,14 таблеток в упаковке (№14),,,
17777,363,КАШНОЛ ЭКСПЕКТОРАНТ СИРОП ФЛ. 200МЛ | ЛОК-БЕТА ФАРМАСЬЮТИКАЛС (И) ПВТ.ЛТД | ЛОК-БЕТА ФАРМАСЬЮТИКАЛС (И) ПВТ.ЛТД,drug,,0.6,"Препарат идентифицирован как отхаркивающий сироп для приёма внутрь, но действующее вещество в тексте не указано, поэтому МНН и дозировка не определяются. Судя по форме выпуска и назначению, вероятен безрецептурный отпуск.",True,,pending_fallback,direction_select,,semantic_primary,success,внутрь,сироп,взрослые,,,Кашнол Экспекторант,,otc,,Отхаркивающее средство при кашле,,перорально,,сироп,,,,взрослые,,флакон 200 мл,,,
17838,363,"КАРМЕКС БАЛЬЗАМ ДЛЯ ГУБ С АРОМАТОМ ГРУШИ 4,25Г | CARMA LABORATORIES, INC. | CARMA LABORATORIES, INC.",cosmetic_hygiene,,0.9,"Продукт является косметическим гигиеническим средством — бальзамом для губ. Из названия определены бренд, форма выпуска, способ применения и масса. Возрастных ограничений не указано.",True,,pending_fallback,direction_select,,semantic_primary,success,наружно,бальзам для губ,универсальный,,,CARMEX,,,,,,наружно,,,,,,универсальный,,"4,25 г",,,
17852,363,КАРИПАЗИМ ЛИОФ. Д/Р-РА Д/НАРУЖ. ПРИМ. 350ПЕ ФЛ. №1 ВИФИТЕХ | ВИФИТЕХ | ВИФИТЕХ,drug,,0.8,"Препарат представляет собой лиофилизат для наружного применения с дозировкой 350 ПЕ во флаконе №1. Относится к ферментным средствам; активное вещество в тексте явно не названо, поэтому МНН не указан. Вероятен отпуск по рецепту.",True,,pending_fallback,direction_select,,semantic_primary,success,наружно,лиофилизат для раствора для наружного применения,взрослые,,,Карипазим,,rx,,протеолитические ферменты,,наружно,,лиофилизат,,350 ПЕ,,взрослые,,флакон №1,,,
17984,364,КАПСИКУМ-ПЛЮС ГРАН. ГОМЕОПАТ. ФЛ. 20Г | ДОКТОР Н ООО | ДОКТОР Н ООО,drug,,0.6,"Гомеопатический препарат в гранулах, применяемый внутрь. В тексте отсутствует МНН и заявленное терапевтическое действие, поэтому часть атрибутов не заполнена.",True,,pending_fallback,direction_select,,semantic_primary,success,перорально,гранулы,взрослые,,,Капсикум-плюс,,otc,,,,перорально,,гранулы,,,,взрослые,,флакон 20 г,,,
18083,364,КАНПОЛ BABIES ИГРУШКА ПРОРЕЗЫВАТЕЛЬ НЛО РОЗОВЫЙ 9/501 | КАНПОЛ СП. З О.О. СКА | КАНПОЛ СП. З О.О. СКА,medical_device,hygiene_like,0.85,"Товар — это прорезыватель-игрушка для малышей, о чём говорит слово BABIES и тип изделия. МНН, форма выпуска, дозировка и другие клинические атрибуты неприменимы для данного медицинского изделия гигиенического типа. Явного указания на размер упаковки в тексте нет.",True,,pending_fallback,direction_select,,semantic_primary,success,,,дети,,,КАНПОЛ BABIES,,,,,,не применимо,,не применимо,,,,дети,,,,,
18152,364,КАМИСТАД ГЕЛЬ Д/МЕСТН. ПРИМ. 20МГ/Г+185МГ/Г ТУБА 10Г | ШТАДА | ШТАДА,drug,,0.82,"Текст содержит торговое название, форму «гель», местное применение, концентрации 20 мг/г + 185 мг/г и упаковку «туба 10 г». Действующие вещества не названы явно, поэтому МНН не указан. Препарат стоматологический и относится к безрецептурным.",True,,pending_fallback,direction_select,,semantic_primary,success,местно,гель,взрослые,,,Камистад,,otc,,Стоматологические заболевания полости рта,,,,гель,,20 мг/г + 185 мг/г,,взрослые,,туба 10 г,,комбинированный,
18278,364,КАЛИЯ ОРОТАТ ТАБЛ. 500МГ №10 АВВА РУС | АВВА РУС | АВВА РУС,drug,,0.84,"Препарат Калия оротат в таблетках 500 мг, производитель АВВА РУС. Относится к метаболическим средствам, принимается внутрь. Возрастных указаний нет, поэтому типично для взрослых.",True,,pending_fallback,direction_select,,semantic_primary,success,внутрь,таблетки,взрослые,Калия оротат,,,,otc,,Метаболическое средство,,перорально,,таблетки,,500 мг,,взрослые,,10 таблеток,,монопрепарат,
18320,364,КАГОЦЕЛ ТАБЛ. 12МГ №30 | НИАРМЕДИК ПЛЮС ООО/НИАРМЕДИК ФАРМА ООО | НИАРМЕДИК ПЛЮС ООО/НИАРМЕДИК ФАРМА ООО,drug,,0.82,"Текст явно указывает на препарат Кагоцел в таблетках по 12 мг, упаковка №30. Это безрецептурное противовирусное средство, принимаемое внутрь, без детских указаний, поэтому возрастной сегмент — взрослые.",True,,pending_fallback,direction_select,,semantic_primary,success,внутрь,таблетки,взрослые,Кагоцел,,Кагоцел,,без рецепта,,противовирусное средство,,перорально,,таблетки,,12 мг,,взрослые,,30 таблеток,,монокомпонентный,
18327,364,КАВИНТОН КОНЦ. Д/Р-РА Д/ИНФ. 5МГ/МЛ АМП. 5МЛ №10 | ГЕДЕОН РИХТЕР ОАО | ГЕДЕОН РИХТЕР ОАО,drug,,0.72,"Текст содержит торговое название Кавинтон, действующее вещество явно не указано, поэтому МНН не определяется. Форма выпуска — концентрат для приготовления раствора для инфузий в ампулах 5 мл №10, путь введения внутривенный. Препарат относится к средствам, улучшающим мозговое кровообращение.",True,,pending_fallback,direction_select,,semantic_primary,success,внутривенно,концентрат для приготовления раствора для инфузий,взрослые,,,Кавинтон,,rx,,"Средства, улучшающие мозговое кровообращение",,внутривенно,,раствор,,5 мг/мл,,взрослые,,ампулы 5 мл №10,,,
18349,364,ЙОХИМБИНА ГИДРОХЛОРИД ТАБЛ. 5МГ №50 | ЗДОРОВЬЕ ФАРМАЦЕВИЧЕСКАЯ КОМПАНИЯ ООО | ЗДОРОВЬЕ ФАРМАЦЕВИЧЕСКАЯ КОМПАНИЯ ООО,drug,,0.75,"В наименовании указано действующее вещество йохимбин в форме гидрохлорида, форма выпуска — таблетки по 5 мг в упаковке №50. Препарат относится к урологическим средствам для лечения эректильной дисфункции и применяется внутрь у взрослых.",True,,pending_fallback,direction_select,,semantic_primary,success,внутрь,таблетки,взрослые,Йохимбин,,,,rx,,средства для лечения эректильной дисфункции,,перорально,,таблетки,,5 мг,,взрослые,,№50,,,
18520,364,ИППЛИКАТОР КУЗНЕЦОВА ТИБЕТСКИЙ МАГНИТНЫЙ ВАЛИК МЯГКИЙ ДЛЯ ПОЯСНИЦЫ КРАСНЫЙ | ЛАБОРАТОРИЯ КУЗНЕЦОВА ООО | ЛАБОРАТОРИЯ КУЗНЕЦОВА ООО,medical_device,clinical_like,0.78,"Медицинское изделие для наружного применения в виде аппликатора-валика. МНН, рецептурность, нозология и комбинация не применимы. Возраст не указан, типично для взрослых.",True,,pending_fallback,direction_select,,semantic_primary,success,наружно,валик-аппликатор,взрослые,,,Лаборатория Кузнецова,,,,,,наружно,,,,,,взрослые,,,,,
18732,364,ИНВОКАНА ТАБЛ. П/ПЛЕН/ОБ. 100МГ №30 | ЯНССЕН ОРТО ЛЛС | ЯНССЕН ОРТО ЛЛС,drug,,0.75,"По тексту определены торговое наименование «Инвокана», лекарственная форма, дозировка и упаковка. МНН в тексте отсутствует, поэтому mnn=null. Препарат известен как рецептурное противодиабетическое средство для взрослых.",True,,pending_fallback,direction_select,,semantic_primary,success,внутрь,"таблетки, покрытые пленочной оболочкой",взрослые,,,Инвокана,,rx,,противодиабетическое средство,,перорально,,таблетки,,100 мг,,взрослые,,30 таблеток,,монопрепарат,
18798,364,ИКЕНА ПАЛОЧКИ ВАТНЫЕ №200 БАНКА | LIA TECHNOLOGY LIMITED | LIA TECHNOLOGY LIMITED,medical_device,hygiene_like,0.75,"Товар представляет собой ватные палочки, медицинское изделие гигиенического назначения. Бренд указан как ИКЕНА, возрастных ограничений нет, упаковка — банка №200.",True,,pending_fallback,direction_select,,semantic_primary,success,,,универсальный,,,ИКЕНА,,,,,,не применимо,,не применимо,,,,универсальный,,200 шт в банке,,,
18837,366,"ИЗАКАРДИН СПРЕЙ ПОДЪЯЗЫЧ. ДОЗИРОВ. 1,25МГ/ДОЗА ФЛ. 15МЛ 300ДОЗ ФАРМАМЕД | ФАРМАМЕД ООО | ФАРМАМЕД ООО",drug,,0.74,"Препарат для сердечно-сосудистой системы в форме подъязычного дозированного спрея. В тексте нет явного МНН, поэтому вещество не указано. Форма, путь введения, дозировка и упаковка читаются из названия.",True,,pending_fallback,direction_select,,semantic_primary,success,сублингвально,спрей подъязычный дозированный,взрослые,,,Изакардин,,rx,,антиангинальные средства,,сублингвально,,спрей,,"1,25 мг/доза",,взрослые,,"флакон 15 мл, 300 доз",,,
18848,366,"ИГЛА SFM ДЛЯ ИНСУЛИНОВЫХ ИНЖЕКТОРОВ (ПЕН РУЧЕК) 32G (0,23Х4ММ) №100 | SFM HOSPITAL PRODUCTS GMBH | SFM HOSPITAL PRODUCTS GMBH | 32 G",medical_device,clinical_like,0.9,"Медицинское изделие — игла для инсулиновых шприц-ручек. Параметры: 32G, 0,23×4 мм, упаковка 100 шт. Путь введения подкожный, возрастных ограничений нет.",True,,pending_fallback,direction_select,,semantic_primary,success,подкожно,игла для инъекций,универсальный,,,SFM,,,,,,подкожно,,,,"32G (0,23×4 мм)",,универсальный,,100 шт,,,
18857,366,"ИГЛА IME-FINE УНИВЕРСАЛЬНАЯ ИНЪЕКЦИОННАЯ ОДНОРАЗОВАЯ ДЛЯ ИНСУЛИНОВЫХ ШПРИЦ-РУЧЕК 31G 0,26Х5ММ №100 | NINGBO CAREMED MEDICAL PRODUCTS | NINGBO CAREMED MEDICAL PRODUCTS | 31 G",drug,,0.87,"Товар — одноразовая инъекционная игла для инсулиновых шприц-ручек, поэтому МНН и нозология неприменимы. Из текста определены размер 31G 0,26х5 мм и упаковка 100 штук; возрастной признак отсутствует.",True,,pending_fallback,direction_select,,semantic_primary,success,инъекционно,игла инъекционная одноразовая,не применимо,,,IME-FINE,,,,,,инъекционное,,,,"31G 0,26х5 мм",,не применимо,,100 штук,,,
18866,366,ИВАБРАДИН ТАБЛ. П/ПЛЕН/ОБ. 5МГ №56 ОЗОН | ОЗОН ООО | ОЗОН ООО,drug,,0.9,"В тексте явно указано действующее вещество ивабрадин, форма выпуска и дозировка. Препарат отпускается по рецепту и применяется у взрослых.",True,,pending_fallback,direction_select,,semantic_primary,success,внутрь,"таблетки, покрытые пленочной оболочкой",взрослые,Ивабрадин,,,,rx,,"антиангинальное средство, ингибитор If-каналов синусового узла",,перорально,,таблетки,,5 мг,,взрослые,,№56 (56 таблеток),,,
19072,366,ЗОВИРАКС ТАБЛ. 200МГ №25 | ГЛАКСО ВЭЛЛКОМ С.А. | ГЛАКСО ВЭЛЛКОМ С.А.,drug,,0.72,"В тексте указан бренд Зовиракс, форма «таблетки», дозировка 200 мг и упаковка №25. Действующее вещество явно не указано, поэтому МНН не заполнен. Препарат относится к системным противовирусным средствам для лечения герпетических инфекций.",True,,pending_fallback,direction_select,,semantic_primary,success,перорально,таблетки,взрослые,,,Зовиракс,,рецептурный,,противовирусные средства (герпетические инфекции),,перорально,,таблетки,,200 мг,,взрослые,,25 таблеток,,,
19082,366,ЗИРТЕК КАПЛИ Д/ПРИЕМА ВНУТРЬ 10МГ/МЛ ФЛ-КАП. 20МЛ | ЭЙСИКА ФАРМАСЬЮТИКАЛЗ С.Р.Л. | ЭЙСИКА ФАРМАСЬЮТИКАЛЗ С.Р.Л.,drug,,0.8,"Из названия извлечены путь введения, лекарственная форма, дозировка и объём упаковки. Действующее вещество и терапевтический класс в тексте не указаны, поэтому mnn и nosology оставлены пустыми.",True,,pending_fallback,direction_select,,semantic_primary,success,внутрь,капли для приема внутрь,взрослые,,,Зиртек,,otc,,,,перорально,,капли,,10 мг/мл,,взрослые,,флакон-капельница 20 мл,,,
19087,366,ЗИНЕРИТ ПОР. Д/Р-РА Д/НАРУЖ. ПРИМ. ФЛ. 30МЛ | ЛЕО ФАРМА А/С | ЛЕО ФАРМА А/С,drug,,0.72,"Препарат опознан как Зинерит, по показаниям относится к средствам для местного лечения акне. В тексте не указано действующее вещество, поэтому МНН не заполнен. Лекарственная форма и способ применения читаются: порошок для раствора для наружного применения во флаконе 30 мл.",True,,pending_fallback,direction_select,,semantic_primary,success,наружно,порошок для приготовления раствора для наружного применения,взрослые,,,Зинерит,,рецептурный,,акне (угревая сыпь),,наружно,,порошок,,,,взрослые,,флакон 30 мл,,комбинированный,
19106,366,ЗИЛАКСЕРА ТАБЛ. 15МГ №28 | КРКА-РУС ООО | КРКА-РУС ООО,drug,,0.7,"МНН в тексте не указан, поэтому оставлен пустым. По семейству «Кровь / Кровеносная система», форме «таблетки 15 мг №28» и производителю препарат относится к рецептурным антикоагулянтам. Атрибуты формы, дозировки и упаковки извлечены из названия.",True,,pending_fallback,direction_select,,semantic_primary,success,внутрь,таблетки,взрослые,,,Зилаксера,,рецептурный,,антикоагулянт,,перорально,,таблетки,,15 мг,,взрослые,,28 таблеток,,,
19108,366,ЗИЛАКСЕРА ТАБЛ. 10МГ №28 | КРКА-РУС ООО | КРКА-РУС ООО,drug,,0.55,"В тексте указано торговое наименование «Зилаксера», форма выпуска и дозировка, но МНН не приведён, поэтому mnn оставлен пустым. С учётом группы «Кровь / Кровеносная система» препарат можно отнести к антикоагулянтам. Таблетированная форма и отсутствие детских указаний позволяют предположить пероральный приём у взрослых.",True,,pending_fallback,direction_select,,semantic_primary,success,перорально,таблетки,взрослые,,,Зилаксера,,rx,,антикоагулянты,,перорально,,таблетки,,10 мг,,взрослые,,28 таблеток,,,
19158,366,ЗДРАВСИТИ КЛИМАСФЕРА КАПС. 500МГ №60 | БИОТЕРРА ООО | БИОТЕРРА ООО,vitamin_or_baa,,0.62,"БАД выпускается в капсулах по 500 мг, упаковка №60. Судя по названию и форме, это комплексный продукт для взрослых, поэтому МНН указано как «Комплекс»; состав отдельно не раскрыт.",True,,pending_fallback,direction_select,,semantic_primary,success,внутрь,капсулы,взрослые,Комплекс,,Здравсити Климасфера,,,,комплексные профили,,перорально,,капсулы,,500 мг,,взрослые,,60 капсул,,комбинированный,
19315,367,ЖЕНАЛЕ ТАБЛ. 10МГ №1 | ИЗВАРИНО ФАРМА ООО | ИЗВАРИНО ФАРМА ООО,drug,,0.72,"В названии указаны торговое наименование Женале, форма «таблетки», дозировка 10 мг и упаковка №1. Действующее вещество в тексте не приведено, поэтому МНН не заполнен; по известному продукту это рецептурный гормональный препарат для взрослых.",True,,pending_fallback,direction_select,,semantic_primary,success,внутрь,таблетки,взрослые,,,Женале,,рецептурный,,Гормональные контрацептивы,,перорально,,таблетки,,10 мг,,взрослые,,1 таблетка,,,
19457,367,ДЭТА БЭБИ КРОХА АКВА АЭРОЗОЛЬ ОТ КОМАРОВ 2 В 1 ДЛЯ ДЕТЕЙ С 1 ГОДА 100МЛ | ХИМИК ОАО | ХИМИК ОАО,other,,0.9,"Средство от комаров для детей с 1 года, выпускается в форме аэрозоля объемом 100 мл. Применяется наружно. Возрастная группа — дети.",True,,pending_fallback,direction_select,,semantic_primary,success,наружно,аэрозоль,дети,,,ДЭТА БЭБИ КРОХА АКВА,,,,,,наружно,,аэрозоль,,,,дети,,100 мл,,,
19469,367,ДЭТА АКВА СЕНСИТИВ АЭРОЗОЛЬ ДЛЯ ЧУВСТВИТЕЛЬНОЙ КОЖИ 150МЛ | ХИМИК ОАО | ХИМИК ОАО,other,,0.75,"Товар относится к профилю 'other', поэтому МНН, рецептурный статус, нозология и дозировка не применимы. По тексту определены форма 'аэрозоль', путь применения 'наружно' и объём 150 мл; возрастной сигнал отсутствует.",True,,pending_fallback,direction_select,,semantic_primary,success,наружно,аэрозоль,универсальный,,,ДЭТА,,,,,,наружно,,аэрозоль,,,,универсальный,,150 мл,,,
19577,367,ДРОТАВЕРИН ДС Р-Р ДЛЯ В/В И В/М ВВЕД. 20МГ/МЛ АМП. 2МЛ №10 | ВЕТПРОМ АД | ВЕТПРОМ АД,drug,,0.95,"Препарат дротаверин в форме раствора для внутривенного и внутримышечного введения, концентрация 20 мг/мл. Относится к спазмолитикам. Возрастная группа принята как взрослые.",True,,pending_fallback,direction_select,,semantic_primary,success,в/в и в/м,раствор для инъекций,взрослые,Дротаверин,,Дротаверин ДС,,rx,,Спазмолитики,,инъекционное,,раствор,,20 мг/мл,,взрослые,,ампулы 2 мл №10,,,
19695,367,ДОФАМИН-ФЕРЕЙН Р-Р Д/ИН. 4% АМП. 5МЛ №10 | БРЫНЦАЛОВ-А ПАО | БРЫНЦАЛОВ-А ПАО,drug,,0.8,"Торговое название Дофамин-Ферейн, действующее вещество дофамин, форма — раствор для инъекций 4% в ампулах по 5 мл. Препарат относится к кардиотоническим средствам и отпускается по рецепту. Возрастной сигнал отсутствует, поэтому указаны взрослые.",True,,pending_fallback,direction_select,,semantic_primary,success,парентерально,раствор для инъекций,взрослые,Дофамин,,Дофамин-Ферейн,,rx,,Кардиотонические средства,,инъекционное,,раствор,,"4%, 5 мл",,взрослые,,10 ампул по 5 мл,,монопрепарат,
19710,367,ДОРЗОПТ КАПЛИ ГЛАЗН. 2% ФЛ-КАП. 5МЛ №1 | РОМФАРМ КОМПАНИ С.Р.Л. | РОМФАРМ КОМПАНИ С.Р.Л.,drug,,0.65,"Товар - глазные капли Дорзопт 2%, 5 мл. Действующее вещество не указано в тексте, поэтому МНН и нозология не заполнены. Атрибуты формы, дозировки и возрастной группы заполнены на основе названия.",True,,pending_fallback,direction_select,,semantic_primary,success,офтальмологический,капли глазные,взрослые,,,ДОРЗОПТ,,rx,,,,офтальмологический,,капли,,2%,,взрослые,,5 мл №1,,,
19781,367,ДОППЕЛЬГЕРЦ АКТИВ ДЛЯ БУДУЩИХ ПАП КАПС. №30 | КВАЙССЕР ФАРМА ГМБХ И КО.КГ | КВАЙССЕР ФАРМА ГМБХ И КО.КГ,vitamin_or_baa,,0.8,"Витаминно-минеральный комплекс для взрослых мужчин, выпускаемый в капсулах. В тексте указана упаковка №30, но состав и дозировки действующих веществ не раскрыты, поэтому mnn указан обобщённо как комплекс.",True,,pending_fallback,direction_select,,semantic_primary,success,внутрь,капсулы,взрослые,Комплекс,,Доппельгерц Актив,,,,комплексные профили,,перорально,,капсулы,,,,взрослые,,№30,,комбинированный,
19860,367,ДОЛОКОКС ТАБЛ. П/ПЛЕН/ОБ. 90МГ №30 | МАКИЗ-ФАРМА | МАКИЗ-ФАРМА,drug,,0.6,"Препарат ДОЛОКОКС определен как гормональное средство в форме таблеток, покрытых пленочной оболочкой, по 90 мг №30. Активное вещество в тексте не указано, поэтому МНН не заполнен; по контексту и подсказкам препарат отнесен к пероральным гормональным контрацептивам.",True,,pending_fallback,direction_select,,semantic_primary,success,перорально,"таблетки, покрытые пленочной оболочкой",взрослые,,,ДОЛОКОКС,,rx,,контрацептивы,,перорально,,таблетки,,90 мг,,взрослые,,30,,комбинированный,
19955,367,ДОКТОР МОРЕ СИСТЕМА ОЧИЩЕНИЯ КАПС. №60 | ФАРМОУШЕН ЛАБ ООО | ФАРМОУШЕН ЛАБ ООО,vitamin_or_baa,,0.55,"Название указывает на БАД в форме капсул №60. Состав/действующее вещество не раскрыты, поэтому МНН, нозология, возраст и комбинация определены по косвенным признакам «системы очищения» как комплексного очищающего средства.",True,,pending_fallback,direction_select,,semantic_primary,success,внутрь,капсулы,универсальный,Комплекс,,ДОКТОР МОРЕ,,,,парафармацевтики,,перорально,,капсулы,,,,универсальный,,60 капсул,,многокомпонентный комплекс,
19982,367,ДОКТОР МОРЕ OMEGA-3+AGE ULTRA 1000 КАПС. ПО 1000МГ №60 | ФАРМОУШЕН ЛАБ ООО | ФАРМОУШЕН ЛАБ ООО,vitamin_or_baa,,0.75,"БАД из группы Омега-3, выпускается в капсулах по 1000 мг, упаковка №60. Возрастная аудитория явно не указана, поэтому выбрано универсальное значение. Приставка '+AGE' не трактуется как отдельное действующее вещество из-за неоднозначности названия.",True,,pending_fallback,direction_select,,semantic_primary,success,внутрь,капсулы,универсальный,Омега-3,,Доктор Море,,,,нутрицевтики,,перорально,,капсулы,,1000 мг,,универсальный,,60 капсул,,,
20063,368,ДИФЛЮКАН КАПС. 150МГ №4 | ФАРЕВА АМБУАЗ | ФАРЕВА АМБУАЗ,drug,,0.75,"В тексте указан бренд Дифлюкан, форма капсулы и дозировка 150 мг, №4. Явное МНН не приведено, поэтому не угадываю действующее вещество. Препарат относится к системным противогрибковым средствам, детских сигналов нет, возрастной сегмент — взрослые.",True,,pending_fallback,direction_select,,semantic_primary,success,перорально,капсулы,взрослые,,,Дифлюкан,,rx,,противогрибковые средства,,перорально,,капсулы,,150 мг,,взрослые,,№4 (4 капсулы),,,
20162,368,ДИНАМИКО ЛОНГ ТАБЛ. П/ПЛЕН/ОБ. 5МГ №14 | ТЕВА ФАРМАЦЕВТИЧЕСКИЕ ПРЕДПРИЯТИЯ ЛТД. | ТЕВА ФАРМАЦЕВТИЧЕСКИЕ ПРЕДПРИЯТИЯ ЛТД.,drug,,0.6,"Препарат урологической группы, форма и дозировка читаются из названия: таблетки 5 мг, упаковка №14. Действующее вещество в тексте не указано, поэтому МНН не заполняю; остальные атрибуты определены по форме выпуска и профилю продукта.",True,,pending_fallback,direction_select,,semantic_primary,success,перорально,"таблетки, покрытые пленочной оболочкой",взрослые,,,Динамико Лонг,,rx,,урологические заболевания,,перорально,,таблетки,,5 мг,,взрослые,,14 таблеток (№14),,монопрепарат,
20172,368,ДИМЕКСИД Р-Р Д/НАРУЖ. ПРИМ. 25% ФЛ. ПОЛИМЕР. 200Г ЛЕКАРЬ | ЛЕКАРЬ | ЛЕКАРЬ,drug,,0.78,"Препарат представляет собой раствор димексида для наружного применения. МНН в тексте явно не указано, поэтому не заполнено. Возрастная группа выбрана по умолчанию как взрослые из-за отсутствия детского сигнала.",True,,pending_fallback,direction_select,,semantic_primary,success,наружно,раствор для наружного применения,взрослые,,,Димексид,,otc,,кожные заболевания,,наружно,,раствор,,25%,,взрослые,,флакон 200 г,,,
20219,368,ДИКУЛЯ БАЛЬЗАМ-ГЕЛЬ СПОРТИВНЫЙ 100МЛ | КОРОЛЕВ ФАРМ ООО | КОРОЛЕВ ФАРМ ООО,cosmetic_hygiene,,0.85,"Средство относится к косметике/гигиене, поэтому МНН, рецептурность и нозология не применимы. В названии указаны форма «бальзам-гель» и объём 100 мл, способ применения наружно. Возрастная группа явно не ограничена.",True,,pending_fallback,direction_select,,semantic_primary,success,наружно,бальзам-гель,универсальный,,,Дикуля,,,,,,наружно,,гель,,,,универсальный,,100 мл,,,
20358,368,ДИВАЗА ТАБЛ. Д/РАССАС. №100 | МАТЕРИА МЕДИКА ХОЛДИНГ НПФ | МАТЕРИА МЕДИКА ХОЛДИНГ НПФ,drug,,0.6,"Товар — гомеопатический препарат Диваза в таблетках для рассасывания, №100. В тексте не указано действующее вещество, поэтому МНН не присвоено. Препарат отпускается без рецепта и типично применяется у взрослых.",True,,pending_fallback,direction_select,,semantic_primary,success,орально,таблетки для рассасывания,взрослые,,,Диваза,,otc,,гомеопатическое средство,,перорально,,таблетки,,,,взрослые,,№100 (100 таблеток),,,
20456,368,ДЕТРИМАРИН КАПС. ПО 700МГ №60 | ПОЛЯРИС ООО | ПОЛЯРИС ООО,vitamin_or_baa,,0.55,"В тексте указано только торговое название, форма выпуска и дозировка, состав/нутриент явно не читается, поэтому МНН не присвоен. По принадлежности к БАД и лекарственной форме определена нутрицевтическая группа, прием внутрь, дозировка 700 мг, возрастной сигнал отсутствует.",True,,pending_fallback,direction_select,,semantic_primary,success,внутрь,капсулы,универсальный,,,Детримарин,,,,нутрицевтики,,перорально,,капсулы,,700 мг,,универсальный,,60 капсул,,,
20477,368,ДЕТРАВЕНОЛ ТАБЛ. П/ПЛЕН/ОБ. 1000МГ №30 | ОЗОН ООО | ОЗОН ООО,drug,,0.65,"В названии указаны торговое наименование «Детравелол», дозировка 1000 мг и форма «таб. п/плен/об.» без явного МНН. По группе «Сердце и сосуды» препарат относится к венотоникам, принимаемым перорально взрослыми; упаковка содержит 30 таблеток.",True,,pending_fallback,direction_select,,semantic_primary,success,перорально,"таблетки, покрытые плёночной оболочкой",взрослые,,,Детравелол,,otc,,венотоник,,перорально,,таблетки,,1000 мг,,взрослые,,30 таблеток,,,
20558,368,ДЕЛОРСИН ТАБЛ. 5МГ №10 | САНЕКА ФАРМАСЬЮТИКАЛС А.С. | САНЕКА ФАРМАСЬЮТИКАЛС А.С.,drug,,0.65,"Препарат Делорсин выпускается в форме таблеток 5 мг №10, поэтому указаны путь введения, форма выпуска, дозировка и упаковка. МНН в тексте отсутствует, а по дозировке и бренду вероятно антигистаминное средство для взрослых.",True,,pending_fallback,direction_select,,semantic_primary,success,перорально,таблетки,взрослые,,,Делорсин,,otc,,антигистаминные средства,,перорально,,таблетки,,5 мг,,взрослые,,10 таблеток,,,
20588,368,ДЕКСКЕТОПРОФЕН Р-Р ДЛЯ В/В В/М ВВЕД. 25МГ/МЛ АМП. 2МЛ №10 БИОХИМИК | БИОХИМИК АО | БИОХИМИК АО,drug,,0.95,"В названии явно указано действующее вещество декскетопрофен и лекарственная форма — раствор для в/в и в/м введения. Это рецептурный НПВП, признаков детского применения нет, поэтому возрастной сегмент — взрослые.",True,,pending_fallback,direction_select,,semantic_primary,success,внутривенно и внутримышечно,раствор для внутривенного и внутримышечного введения,взрослые,Декскетопрофен,,,,rx,,НПВП (нестероидное противовоспалительное средство),,внутримышечно,,раствор,,25 мг/мл,,взрослые,,"ампулы 2 мл, №10",,монопрепарат,
20623,368,ДЕКСАЛГИН Р-Р ДЛЯ В/В В/М ВВЕД. 25МГ/МЛ АМП. 2МЛ №5 | А.МЕНАРИНИ МЭНЮФЕКЧЕРИНГ ЛОДЖИСТИКС ЭНД СЕРВИСИЗ С.Р.Л. | А.МЕНАРИНИ МЭНЮФЕКЧЕРИНГ ЛОДЖИСТИКС ЭНД СЕРВИСИЗ С.Р.Л.,drug,,0.95,"Препарат Дексалгин является инъекционным лекарственным средством; в тексте указаны концентрация, форма выпуска и способ введения. Действующее вещество явно не названо, поэтому МНН не заполнено.",True,,pending_fallback,direction_select,,semantic_primary,success,внутривенно и внутримышечно,раствор для инъекций,взрослые,,,Дексалгин,,rx,,"анальгетик, нестероидный противовоспалительный препарат",,внутримышечно,,раствор,,25 мг/мл,,взрослые,,ампулы 2 мл №5,,,
20664,369,ДЕВЯСИЛ П ТАБЛ. ПО 205МГ №100 | ПАРАФАРМ ООО | ПАРАФАРМ ООО,vitamin_or_baa,,0.82,"БАД «Девясил П» — растительный фитопрепарат, выпускается в таблетках по 205 мг, упаковка №100. Возраст в тексте не указан, поэтому выбран универсальный. МНН не указано, так как действующий компонент растительный, а не нутриент.",True,,pending_fallback,direction_select,,semantic_primary,success,внутрь,таблетки,универсальный,,,Девясил П,,,,парафармацевтики,,перорально,,таблетки,,205 мг,,универсальный,,100 таблеток,,монокомпонентный,
20670,369,ДЕВЯСИЛА КОРНЕВИЩА И КОРНИ 50Г КРАСНОГОРСКЛЕКСРЕДСТВА | КРАСНОГОРСКЛЕКСРЕДСТВА | КРАСНОГОРСКЛЕКСРЕДСТВА,vitamin_or_baa,,0.76,"Товар представляет собой растительное сырьё «Девясила корневища и корни» в упаковке 50 г. Это монокомпонентный БАД растительного происхождения, принимаемый внутрь; возрастные ограничения в названии не указаны.",True,,pending_fallback,direction_select,,semantic_primary,success,внутрь,корневища и корни,универсальный,,,Красногорсклексредства,,,,парафармацевтики,,перорально,,,,,,универсальный,,50 г,,монокомпонентный,
20683,369,ДАЛЬФАЗ СР ТАБЛ. ПРОЛОНГ. 10МГ №30 | САНОФИ ВИНТРОП ИНДУСТРИЯ | САНОФИ ВИНТРОП ИНДУСТРИЯ,drug,,0.7,"По наименованию и форме определены лекарственная форма, дозировка и упаковка: таблетки пролонгированного действия, 10 мг, №30. Активное вещество в тексте не указано, поэтому МНН не проставлен. Препарат урологического профиля, применяется у взрослых.",True,,pending_fallback,direction_select,,semantic_primary,success,перорально,таблетки пролонгированного действия,взрослые,,,ДАЛЬФАЗ СР,,рецептурный,,доброкачественная гиперплазия предстательной железы (симптоматическое лечение),,перорально,,таблетки,,10 мг,,взрослые,,30 таблеток (№30),,,
20687,369,ДАЛЬНЕВА ТАБЛ. 5МГ+4МГ №90 | КРКА-РУС ООО | КРКА-РУС ООО,drug,,0.6,"В тексте указано торговое наименование «Дальнева», таблетированная форма, дозировка 5 мг + 4 мг и упаковка №90. Действующие вещества явно не перечислены, поэтому МНН оставлен пустым. Препарат относится к сердечно-сосудистому классу, комбинированный, принимается перорально.",True,,pending_fallback,direction_select,,semantic_primary,success,пероральный,таблетки,взрослые,,,Дальнева,,rx,,артериальная гипертензия,,перорально,,таблетки,,5 мг + 4 мг,,взрослые,,90 таблеток,,комбинированный,
20699,369,ДАЙВОБЕТ МАЗЬ Д/НАРУЖ. ПРИМ. ТУБА 15Г | ЛЕО ЛЭБОРАТОРИС ЛИМИТЕД | ЛЕО ЛЭБОРАТОРИС ЛИМИТЕД,drug,,0.62,"Препарат Дайвобет представлен как мазь для наружного применения в тубе 15 г. Действующие вещества в тексте явно не указаны, поэтому МНН не заполнен; форма выпуска и способ применения читаются из названия.",True,,pending_fallback,direction_select,,semantic_primary,success,наружно,мазь,взрослые,,,Дайвобет,,rx,,дерматологические средства,,наружно,,мазь,,,,взрослые,,туба 15 г,,,
20731,369,ГЭВКАМЕН МАЗЬ Д/НАРУЖ. ПРИМ. БАНКА 25Г ТУЛЬСКАЯ ФФ | ТУЛЬСКАЯ ФАРМАЦЕВТИЧЕСКАЯ ФАБРИКА ООО | ТУЛЬСКАЯ ФАРМАЦЕВТИЧЕСКАЯ ФАБРИКА ООО,drug,,0.72,"Препарат идентифицирован как мазь для наружного применения под брендом ГЭВКАМЕН; product_family указывает на опорно-двигательный аппарат. Действующее вещество и концентрация в тексте не указаны, поэтому mnn, dosage и combination_hint не заполнены. Отпуск безрецептурный.",True,,pending_fallback,direction_select,,semantic_primary,success,наружно,мазь,взрослые,,,ГЭВКАМЕН,,otc,,местнораздражающее средство при мышечно-суставных болях,,наружно,,мазь,,,,взрослые,,банка 25 г,,,
20840,369,ГРАНДАПАМ ТАБЛ. 50МГ №60 | ФАРМАСИНТЕЗ АО | ФАРМАСИНТЕЗ АО,drug,,0.68,"В названии указаны лекарственная форма «таблетки», дозировка 50 мг, упаковка №60 и бренд «Грандапам». Препарат относится к рецептурным анксиолитикам, но действующее вещество в тексте не раскрыто, поэтому МНН не заполнено.",True,,pending_fallback,direction_select,,semantic_primary,success,перорально,таблетки,взрослые,,,Грандапам,,рецептурный,,анксиолитики,,перорально,,таблетки,,50 мг,,взрослые,,60 таблеток,,монопрепарат,
20899,369,"ГОНАЛ-Ф Р-Р ДЛЯ П/К ВВЕД. 66МКГ/1,5МЛ (900МЕ) ШПРИЦ-РУЧКА 1,5МЛ №1 +ИГЛЫ №20 | МЕРК СЕРОНО С.П.А. | МЕРК СЕРОНО С.П.А.",drug,,0.72,"Препарат Гонал-Ф — рецептурный гормональный лекарственный препарат, выпускаемый в виде раствора для подкожного введения в шприц-ручке. МНН в тексте не указано, поэтому оставлено пустым; возрастных детских указаний нет, препарат типичен для взрослых.",True,,pending_fallback,direction_select,,semantic_primary,success,подкожно,раствор для подкожного введения,взрослые,,,Гонал-Ф,,rx,,гонадотропные препараты,,подкожно,,раствор,,"66 мкг/1,5 мл (900 МЕ)",,взрослые,,"шприц-ручка 1,5 мл №1 + иглы №20",,,
21047,369,ГЛИЦЕРОМ СУПП. РЕКТ. ГОМЕОП. №6 | ДОКТОР Н ООО | ДОКТОР Н ООО,drug,,0.7,"Текст определяет ректальные гомеопатические суппозитории «Глицером» №6 производителя «Доктор Н». Явный МНН, дозировка и состав не указаны, поэтому соответствующие атрибуты оставлены пустыми.",True,,pending_fallback,direction_select,,semantic_primary,success,ректально,суппозитории ректальные,взрослые,,,Глицером,,otc,,гомеопатическое средство,,ректально,,,,,,взрослые,,6 шт.,,,
21065,369,ГЛИЦЕРИН Р-Р Д/НАРУЖ. ПРИМ. ФЛ. 25Г ИВАНОВСКАЯ ФФ | ИВАНОВСКАЯ ФФ | ИВАНОВСКАЯ ФФ,drug,,0.95,"Явное действующее вещество — глицерин, форма — раствор для наружного применения. Препарат безрецептурный, детских сигналов нет, возрастной сегмент — взрослые. Концентрация не указана, указан только объём флакона 25 г.",True,,pending_fallback,direction_select,,semantic_primary,success,наружно,раствор для наружного применения,взрослые,Глицерин,,,,otc,,дерматопротектор,,наружно,,раствор,,,,взрослые,,флакон 25 г,,,
21183,370,ГИПОСАРТ ТАБЛ. 32МГ №28 | ПОЛЬФАРМА АО | ПОЛЬФАРМА АО,drug,,0.7,"Препарат относится к рецептурным гипотензивным средствам, форма и дозировка указаны явно. Действующее вещество в тексте не названо, поэтому МНН не заполнен.",True,,pending_fallback,direction_select,,semantic_primary,success,внутрь,таблетки,взрослые,,,Гипосарт,,rx,,Гипотензивное средство,,перорально,,таблетки,,32 мг,,взрослые,,№28,,,
21189,370,ГИПОСАРТ А ТАБЛ. 5МГ+16МГ №30 | АКРИХИН ХФК АО | АКРИХИН ХФК АО,drug,,0.8,"В тексте указаны торговое название, лекарственная форма «таблетки», дозировка «5 мг + 16 мг» и упаковка №30. Препарат можно отнести к комбинированным гипотензивным средствам, однако действующие вещества явно не названы, поэтому МНН не заполнен.",True,,pending_fallback,direction_select,,semantic_primary,success,внутрь,таблетки,взрослые,,,Гипосарт А,,rx,,гипотензивное средство комбинированное,,перорально,,таблетки,,5 мг + 16 мг,,взрослые,,30 таблеток,,true,
21325,370,"ГЕРБИОН ПЛЮЩ ТАБЛ. Д/РАССАС. 35МГ №16 | КРКА, Д.Д., НОВО МЕСТО АО | КРКА, Д.Д., НОВО МЕСТО АО",drug,,0.72,"Препарат Гербион Плющ — растительное отхаркивающее средство в таблетках для рассасывания по 35 мг, в упаковке 16 таблеток. МНН в тексте надёжно не указан, поэтому оставлен пустым.",True,,pending_fallback,direction_select,,semantic_primary,success,перорально,таблетки для рассасывания,взрослые,,,Гербион Плющ,,безрецептурный,,отхаркивающее средство растительного происхождения,,перорально,,таблетки,,35 мг,,взрослые,,16 таблеток,,монопрепарат,
21349,370,ГЕПАТОСАН КАПС. 200МГ №10 | МЕДМИНИПРОМ ЗАО | МЕДМИНИПРОМ ЗАО,drug,,0.62,"Гепатосан — гепатопротекторный препарат в капсулах по 200 мг, упаковка №10. Активное вещество/МНН в тексте не указано, поэтому МНН не заполняю; детских указаний нет, возраст — взрослые.",True,,pending_fallback,direction_select,,semantic_primary,success,внутрь,капсулы,взрослые,,,Гепатосан,,без рецепта,,гепатопротекторное средство,,перорально,,капсулы,,200 мг,,взрослые,,10 капсул,,,
21421,370,ГЕМАТОГЕН ТУРБО ДЕТСКИЙ ФИКСИКИ 35Г | ФАРМ-ПРО ПК ООО | ФАРМ-ПРО ПК ООО,vitamin_or_baa,,0.72,"Детский гематоген-батончик относится к БАД с железом, принимается внутрь. Возрастная группа указана как детская. Данных о точном составе и дозе активного вещества нет, поэтому dosage и combination_hint не заполнены.",True,,pending_fallback,direction_select,,semantic_primary,success,внутрь,батончик,дети,железо,,Гематоген Турбо,,,,отдельные нутриенты,,перорально,,батончик,,,,дети,,35 г,,,
21438,370,ГЕМАТОГЕН С КЛЮКВОЙ В ШОКОЛАДНОЙ ГЛАЗУРИ 10Г №5 | ФАРМЛЭНД БИО ООО | ФАРМЛЭНД БИО ООО,vitamin_or_baa,,0.68,"БАД с железом, выпускается в форме батончика, принимается внутрь. Активное вещество в тексте явно не указано, поэтому МНН не задан. Возрастных ограничений в названии нет, поэтому возрастная группа универсальная.",True,,pending_fallback,direction_select,,semantic_primary,success,внутрь,батончик,универсальный,,,,,,,отдельные нутриенты,,перорально,,батончик,,10 г,,универсальный,,10 г №5,,монокомпонентный,
21494,370,ГЕЛЬ-БАЛЬЗАМ С БАРСУЧЬИМ И МЕДВЕЖИМ ЖИРОМ 50МЛ | ЛЕКУС ООО | ЛЕКУС ООО,cosmetic_hygiene,,0.85,"Косметическое средство для наружного применения в форме гель-бальзама. Состав на основе барсучьего и медвежьего жира, объем 50 мл. Возрастная категория не указана.",True,,pending_fallback,direction_select,,semantic_primary,success,наружно,гель-бальзам,не применимо,,,Лекус,,,,,,наружно,,гель,,,,не применимо,,50 мл,,,
21525,370,ГЕКСАВИТ-ФАРМСТАНДАРТ ДРАЖЕ ПО 1Г №50 | ФАРМСТАНДАРТ-УФАВИТА ОАО | ФАРМСТАНДАРТ-УФАВИТА ОАО,vitamin_or_baa,,0.75,"Гексавит-Фармстандарт — это комбинированный витаминный комплекс в форме драже по 1 г для приёма внутрь. Явных возрастных ограничений в тексте нет, поэтому возрастной сегмент выбран как универсальный. МНН нечитаем, но состав комплексный, поэтому mnn определён как «Комплекс».",True,,pending_fallback,direction_select,,semantic_primary,success,внутрь,драже,универсальный,Комплекс,,Гексавит-Фармстандарт,,,,комплексные профили,,перорально,,,,1 г,,универсальный,,50 драже,,многокомпонентный витаминный комплекс,
21563,370,ГАСТРОСТАТ ТАБЛ. П/ПЛЕН/ОБ. 100МГ №180 АЛИУМ | АЛИУМ АО | АЛИУМ АО,vitamin_or_baa,,0.6,"Семантические атрибуты извлечены с учётом типа «витамин/БАД»: действующее вещество в тексте отсутствует, поэтому МНН оставлен пустым. Из названия и маркировки определены торговая марка, форма выпуска, дозировка, путь введения и объём упаковки. Нозология определена как парафармацевтическое средство для поддержки ЖКТ.",True,,pending_fallback,direction_select,,semantic_primary,success,внутрь,"таблетки, покрытые пленочной оболочкой",универсальный,,,Гастростат,,,,парафармацевтики,,перорально,,таблетки,,100 мг,,универсальный,,№180,,,
21570,370,"ГАСТРОБЕНЕ ПЛЮС ТАБЛ. ЖЕВАТ. ПО 2,5Г №6 | КЕНДИ ООД | КЕНДИ ООД",vitamin_or_baa,,0.6,"БАД; в названии нет указания на действующие вещества, поэтому МНН и нозология не заполнены. Из текста определены жевательные таблетки по 2,5 г, упаковка 6 таблеток.",True,,pending_fallback,direction_select,,semantic_primary,success,внутрь,таблетки жевательные,универсальный,,,Гастробене Плюс,,,,,,перорально,,таблетки жевательные,,"2,5 г",,универсальный,,6 таблеток,,комбинированный (в названии «Плюс»),
21586,371,ГАСИТ ТАБЛ. ЖЕВ. 680МГ+80МГ №32 | ОБНОВЛЕНИЕ ПФК АО | ОБНОВЛЕНИЕ ПФК АО,drug,,0.72,"По названию «Гасит» и форме выпуска это комбинированный антацидный препарат в жевательных таблетках, отпускается без рецепта. В тексте не указаны действующие вещества, поэтому МНН не заполнен.",True,,pending_fallback,direction_select,,semantic_primary,success,внутрь,таблетки жевательные,взрослые,,,Гасит,,otc,,антациды,,перорально,,таблетки жевательные,,680 мг + 80 мг,,взрослые,,32 таблетки,,комбинированный препарат,
21649,371,ГАЛВУС МЕТ ТАБЛ. П/ПЛЕН/ОБ. 50МГ+1000МГ №30 | НОВАРТИС НЕВА ООО | НОВАРТИС НЕВА ООО,drug,,0.7,"По тексту определены форма выпуска, дозировка, упаковка и путь введения. Препарат относится к рецептурным сахароснижающим средствам, возрастной сегмент — взрослые. МНН не указан в тексте, поэтому оставлен пустым.",True,,pending_fallback,direction_select,,semantic_primary,success,перорально,"таблетки, покрытые пленочной оболочкой",взрослые,,,Галвус Мет,,рецептурный,,сахароснижающее средство,,перорально,,таблетки,,50 мг + 1000 мг,,взрослые,,30 таблеток,,комбинированный препарат,
21771,371,"ВОДА МИНЕРАЛЬНАЯ БОРЖОМИ ГАЗ. 0,33Л СТЕКЛО | БОРЖОМИ | БОРЖОМИ",other,,0.9,"Товар представляет собой минеральную воду «Боржоми» в стеклянной бутылке 0,33 л. Согласно профилю атрибутов, заполняются только бренд и упаковка, остальные семантические поля неприменимы.",True,,pending_fallback,direction_select,,semantic_primary,success,,,,,,Боржоми,,,,,,не применимо,,не применимо,,,,не применимо,,"0,33 л, стекло, газированная",,,
21776,371,ВОДА ДЛЯ ИНЪЕКЦИЙ Р-ТЕЛЬ Д/ЛЕК. ФОРМ Д/ИН. АМП. 5МЛ №10 ДАЛЬХИМФАРМ | ДАЛЬХИМФАРМ ОАО | ДАЛЬХИМФАРМ ОАО,drug,,0.8,"Препарат представляет собой воду для инъекций (растворитель) в ампулах по 5 мл №10 производства Дальхимфарм. МНН — вода для инъекций, путь введения парентеральный, возрастных ограничений нет.",True,,pending_fallback,direction_select,,semantic_primary,success,парентерально,растворитель для лекарственных форм для инъекций,универсальный,Вода для инъекций,,,,otc,,растворители,,инъекционное,,раствор,,5 мл,,универсальный,,ампулы 5 мл №10,,,
21784,371,ВОДА ДЛЯ ИНЪЕКЦИЙ Р-ТЕЛЬ Д/ЛЕК. ФОРМ Д/ИН. АМП. 2МЛ №10 ГРОТЕКС | ГРОТЕКС ООО | ГРОТЕКС ООО,drug,,0.72,"В тексте явно указана вода для инъекций как растворитель для лекарственных форм для инъекций в ампулах по 2 мл №10, торгового названия нет. Это вспомогательный раствор без терапевтической специфики, отпускается без рецепта. Возрастная группа не указана, поэтому для типичного лекарственного средства принята как взрослая.",True,,pending_fallback,direction_select,,semantic_primary,success,парентерально,растворитель для лекарственных форм для инъекций,взрослые,Вода для инъекций,,,,otc,,растворители и разбавители,,инъекционное,,раствор,,2 мл,,взрослые,,ампулы 2 мл №10,,,
21817,371,ВИШИ НОРМАДЕРМ ФИТОСОЛЮШН УХОД ДВОЙНОГО ДЕЙСТВИЯ 50МЛ | ЛОРЕАЛЬ АО | ЛОРЕАЛЬ АО,cosmetic_hygiene,,0.7,"Косметическое средство Vichy Normaderm для ухода за кожей, объём 50 мл. Применение наружное, лекарственные атрибуты неприменимы. Возраст явно не указан, но средство относится к уходовой косметике для взрослых.",True,,pending_fallback,direction_select,,semantic_primary,success,наружно,,взрослые,,,Виши,,,,,,наружно,,,,,,взрослые,,50 мл,,,
21853,371,ВИШИ ЛИФТАКТИВ СУПРЕМ КРЕМ ДЛЯ КОНТУРА ГЛАЗ 15МЛ | ЛОРЕАЛЬ АО | ЛОРЕАЛЬ АО,cosmetic_hygiene,,0.9,"Косметическое средство Vichy Liftactiv Supreme для контура глаз, форма выпуска — крем. Возрастная аудитория явно не указана, поэтому выбрано универсальное значение. Упаковка 15 мл.",True,,pending_fallback,direction_select,,semantic_primary,success,наружно,крем,универсальный,,,Виши,,,,,,наружно,,крем,,,,универсальный,,15 мл,,,
21918,371,ВИШИ ДЕЗОДОРАНТ-АНТИПЕРСПИРАНТ CLINICAL CONTROL 96Ч ФЛ. 50МЛ | ЛОРЕАЛЬ АО | ЛОРЕАЛЬ АО,cosmetic_hygiene,,0.85,"Это дезодорант-антиперспирант Vichy Clinical Control во флаконе 50 мл. Косметическое средство для наружного применения, возрастных ограничений в тексте нет. Лекарственная форма явно не указана, поэтому оставлена пустой.",True,,pending_fallback,direction_select,,semantic_primary,success,наружно,,универсальный,,,Виши,,,,,,наружно,,,,,,универсальный,,флакон 50 мл,,,
21938,371,ВИУМКСИДИН Р-Р ДЛЯ В/ПОЛОСТН. ВВЕД. И НАРУЖ. ПРИМ. 10МГ/МЛ АМП. 10МЛ №10 | Армавирская биофабрика ФКП | Армавирская биофабрика ФКП,drug,,0.65,"Препарат представляет собой раствор для внутриполостного введения и наружного применения в ампулах по 10 мл №10, концентрация 10 мг/мл. Действующее вещество в тексте не читается как МНН, поэтому mnn не указан. По характеру применения отнесён к антисептикам; детских указаний нет, типичный лекарственный препарат для взрослых.",True,,pending_fallback,direction_select,,semantic_primary,success,внутриполостное и наружное применение,раствор,взрослые,,,ВИУМКСИДИН,,рецептурный,,антисептик,,наружно,,раствор,,10 мг/мл,,взрослые,,ампулы по 10 мл №10,,монопрепарат,
21994,371,ВИТАУКТ УРОЛИТ Р-Р Д/ПРИЕМА ВНУТРЬ ФЛ. 350МЛ | ВИТАУКТ-ПРОМ ООО | ВИТАУКТ-ПРОМ ООО,vitamin_or_baa,,0.8,"Товар — БАД, по названию и форме «раствор для приема внутрь» относится к парафармацевтикам для урологической поддержки. Действующее вещество и дозировка в тексте не указаны, поэтому МНН и концентрация не заполняются. Возраст не указан, поэтому для БАД выбран универсальный сегмент.",True,,pending_fallback,direction_select,,semantic_primary,success,внутрь,раствор для приема внутрь,универсальный,,,Витаукт Уролит,,,,парафармацевтики,,перорально,,раствор,,,,универсальный,,флакон 350 мл,,,
22041,372,ВИТАТЕКА ДРАЙ ФОРТЕ ДАБОМАТИК ОТ ОБИЛЬНОГО ПОТООТДЕЛЕНИЯ 20% ФЛ. 50МЛ | ХИМСИНТЕЗ НПО ЗАО | ХИМСИНТЕЗ НПО ЗАО,cosmetic_hygiene,,0.6,"Косметическое средство от повышенного потоотделения, применяется наружно. Бренд определен как «Витатека»; в названии указан флакон 50 мл, но точная форма выпуска не прописана.",True,,pending_fallback,direction_select,,semantic_primary,success,наружно,,взрослые,,,Витатека,,,,,,наружно,,,,,,взрослые,,флакон 50 мл,,,
22097,372,ВИТАМИШКИ БИО + ПРЕБИОТИК ПАСТИЛКИ ЖЕВАТ. №30 | ФАРМАМЕД ООО | ФАРМАМЕД ООО,vitamin_or_baa,,0.8,"Товар представляет собой БАД в форме жевательных пастилок, позиционируется как комплекс витаминов с пребиотиком, поэтому МНН указан обобщённо как «Комплекс». Бренд «Витамишки» и жевательная форма указывают на детскую аудиторию; точный состав и дозировка в тексте не раскрыты.",True,,pending_fallback,direction_select,,semantic_primary,success,перорально,пастилки жевательные,дети,Комплекс,,ВИТАМИШКИ,,,,комплексные профили,,перорально,,таблетки жевательные,,,,дети,,30 пастилок,,комбинированный,
22393,372,ВИЛЬПРАФЕН СОЛЮТАБ ТАБЛ. ДИСПЕРГ. 1000МГ №10 | ФАМАР ЛИОН | ФАМАР ЛИОН,drug,,0.85,"Препарат Вильпрафен Солютаб — диспергируемые таблетки 1000 мг, в упаковке 10 штук. МНН в тексте не указан, поэтому он не заполнен. Применяется внутрь, отпускается по рецепту.",True,,pending_fallback,direction_select,,semantic_primary,success,перорально,таблетки диспергируемые,взрослые,,,Вильпрафен Солютаб,,rx,,макролидные антибиотики,,перорально,,таблетки,,1000 мг,,взрослые,,10 таблеток,,,
22428,372,ВИЗЛЕЯ КАПС. 810МГ №30 | CURTIS HEALTH CAPS SP. Z.O. PL | CURTIS HEALTH CAPS SP. Z.O. PL,vitamin_or_baa,,0.6,"В тексте указаны капсулы по 810 мг в упаковке №30, производитель Curtis Health Caps. Действующее вещество не раскрыто, поэтому МНН и комбинационный признак не заполнены. Товар отнесён к нутрицевтикам на основе product_kind.",True,,pending_fallback,direction_select,,semantic_primary,success,внутрь,капсулы,универсальный,,,ВИЗЛЕЯ,,,,нутрицевтики,,перорально,,капсулы,,810 мг,,универсальный,,30 капсул,,,
22463,372,ВИЖУ ФОРТЕ BIOFORTE ЭКСТРАКТ ПЛОДОВ ЧЕРНИКИ С ЛЮТЕИНОМ КАПС. №30 | БАРНАУЛЬСКИЙ ЗАВОД МЕД.ПР-ТОВ | БАРНАУЛЬСКИЙ ЗАВОД МЕД.ПР-ТОВ,vitamin_or_baa,,0.72,"БАД для зрения, содержащий экстракт черники и лютеин в капсулах №30. Состав многокомпонентный, поэтому mnn указан как «Комплекс», а комбинация отмечена как комбинированная. Дозировка и возрастные ограничения в тексте не заявлены.",True,,pending_fallback,direction_select,,semantic_primary,success,внутрь,капсулы,универсальный,Комплекс,,BIOFORTE,,,,комплексные профили,,перорально,,капсулы,,,,универсальный,,30 капсул,,комбинированный,
22482,372,"ВИВО ЗАКВАСКА БАКТЕРИАЛЬНАЯ ПРОБИО ЙОГУРТ 0,5Г №4 | ВИВО ИНДУСТРИЯ ООО | ВИВО ИНДУСТРИЯ ООО",other,,0.8,"Товар представляет собой бактериальную закваску для йогурта, бренд — ВИВО. Согласно профилю атрибутов заполняются только бренд и сведения об упаковке; остальные семантические атрибуты неприменимы.",True,,pending_fallback,direction_select,,semantic_primary,success,,,,,,ВИВО,,,,,,не применимо,,не применимо,,,,не применимо,,"0,5 г №4",,,
22623,372,ВЕНОТОНИК КРЕМ-ГЕЛЬ ДЛЯ НОГ С ЭКСТРАКТОМ КАШТАНА КОНСКОГО 100МЛ | ЗЕЛЕНЫЙ АЛТАЙ ПКФ ООО | ЗЕЛЕНЫЙ АЛТАЙ ПКФ ООО,cosmetic_hygiene,,0.85,"Косметический крем-гель для ног с экстрактом конского каштана, производитель «Зеленый Алтай». Указан объем 100 мл, применение наружно. Возрастная привязка отсутствует.",True,,pending_fallback,direction_select,,semantic_primary,success,наружно,крем-гель,не применимо,,,Зеленый Алтай,,,,,,наружно,,крем,,,,не применимо,,100 мл,,,
22647,372,ВЕНЛАФАКСИН-АЛСИ ТАБЛ. 75МГ №50 | АЛСИ ФАРМА АО | АЛСИ ФАРМА АО,drug,,0.9,"Препарат содержит венлафаксин, указанный в названии, в форме таблеток по 75 мг, упаковка №50. Это рецептурный антидепрессант, применяемый внутрь. Возрастная группа — взрослые, детских указаний нет.",True,,pending_fallback,direction_select,,semantic_primary,success,внутрь,таблетки,взрослые,Венлафаксин,,Венлафаксин-Алси,,rx,,антидепрессант,,перорально,,таблетки,,75 мг,,взрослые,,№50,,,
22668,372,ВЕНАПАРИН-ФОРТЕ ГЕЛЬ ДЛЯ НОГ ОХЛАЖДАЮЩИЙ 100МЛ | ВИС ООО | ВИС ООО,cosmetic_hygiene,,0.8,"Косметический охлаждающий гель для ног, форма выпуска — гель, объём 100 мл. Возрастная аудитория не указана, поэтому выбрано универсальное значение. Атрибуты лекарственного средства не применимы.",True,,pending_fallback,direction_select,,semantic_primary,success,наружно,гель,универсальный,,,Венапарин-форте,,,,,,наружно,,гель,,,,универсальный,,100 мл,,,
22677,372,ВЕЛФЕРРУМ Р-Р ДЛЯ В/В ВВЕД. 20МГ/МЛ АМП. 5МЛ №5 | ВЕЛФАРМ ООО | ВЕЛФАРМ ООО,drug,,0.72,"Препарат Велферрум представляет собой раствор для внутривенного введения 20 мг/мл в ампулах по 5 мл. Действующее вещество в тексте явно не указано, поэтому МНН не заполнено. Судя по названию и группе, это препарат железа, применяется у взрослых.",True,,pending_fallback,direction_select,,semantic_primary,success,внутривенно,раствор для внутривенного введения,взрослые,,,Велферрум,,rx,,препараты железа,,внутривенно,,раствор,,20 мг/мл,,взрослые,,ампулы 5 мл №5,,монопрепарат,
22701,373,ВЕЛДЕКСАЛ ТАБЛ. П/ПЛЕН/ОБ. 25МГ №10 | ВЕЛФАРМ ООО | ВЕЛФАРМ ООО,drug,,0.55,"Торговое наименование — Велдексал, форма и дозировка читаются явно. Действующее вещество и рецептурный статус в тексте отсутствуют, поэтому mnn и rx_otc не заполнены. На основе семейства 'Боль и Температура' выбрана терапевтическая группа анальгетик-антипиретик.",True,,pending_fallback,direction_select,,semantic_primary,success,прием внутрь,"таблетки, покрытые пленочной оболочкой",взрослые,,,Велдексал,,,,анальгетик-антипиретик,,перорально,,таблетки,,25 мг,,взрослые,,10 таблеток в упаковке,,,
22703,373,"ВЕЛГИЯ Р-Р П/К ВВЕД. 2,4МГ/ДОЗА ШПРИЦ-РУЧКА 3МЛ №1+ИГЛА №5 | МЕДСИНТЕЗ ЗАВОД/БИОХИМИК АО | МЕДСИНТЕЗ ЗАВОД/БИОХИМИК АО",drug,,0.78,"Из текста определены лекарственная форма, дозировка, способ введения и упаковка. Действующее вещество в тексте не указано, поэтому МНН и нозология не заполнены. Препарат в шприц-ручке для подкожного введения относится к рецептурным.",True,,pending_fallback,direction_select,,semantic_primary,success,подкожно,раствор для подкожного введения,взрослые,,,Велгия,,rx,,,,подкожно,,раствор,,"2,4 мг/доза",,взрослые,,шприц-ручка 3 мл №1 + иглы №5,,монопрепарат,
22733,373,ВАТНЫЕ ПАЛОЧКИ БЕЛЫЕ БАНКА №100 САВОСТИН | ЕМЕЛЬЯНЪ САВОСТИНЪ.ВАТНАЯ ФАБРИКА ООО | ЕМЕЛЬЯНЪ САВОСТИНЪ.ВАТНАЯ ФАБРИКА ООО,medical_device,hygiene_like,0.87,"Товар представляет собой гигиеническое медицинское изделие — ватные палочки, без лекарственных компонентов. Бренд указан как «Савостин», упаковка — банка 100 штук. Возрастной сегмент не уточнён, поэтому выбран универсальный.",True,,pending_fallback,direction_select,,semantic_primary,success,,,универсальный,,,Савостин,,,,,,не применимо,,не применимо,,,,универсальный,,банка 100 шт.,,,
22791,373,ВАТА НЕСТЕРИЛЬНАЯ ГИГИЕНИЧЕСКАЯ 250Г САВОСТИН | ЕМЕЛЬЯНЪ САВОСТИНЪ.ВАТНАЯ ФАБРИКА ООО | ЕМЕЛЬЯНЪ САВОСТИНЪ.ВАТНАЯ ФАБРИКА ООО,medical_device,hygiene_like,0.9,"Товар — нестерильная гигиеническая вата, медицинское изделие гигиенического типа. Возрастная привязка отсутствует, поэтому возрастной сегмент — «не применимо». Из текста выделены бренд «Савостинъ» и фасовка 250 г; остальные атрибуты неприменимы.",True,,pending_fallback,direction_select,,semantic_primary,success,,,не применимо,,,Савостинъ,,,,,,не применимо,,не применимо,,,,не применимо,,250 г,,,
22817,373,ВАНКОМИЦИН ПОР. Д/Р-РА Д/ИНФ. И ПРИЕМА ВНУТРЬ 1Г ФЛ. №1 ИНТЕРФАРМА | ИНТЕРФАРМА ООО | ИНТЕРФАРМА ООО,drug,,0.9,"В тексте указано МНН ванкомицин, лекарственная форма порошка для приготовления раствора для инфузий и приема внутрь, дозировка 1 г во флаконе. Это рецептурный антибиотик, возрастных указаний нет, поэтому выбран сегмент «взрослые».",True,,pending_fallback,direction_select,,semantic_primary,success,внутрь и инфузионно,порошок для приготовления раствора для инфузий и приема внутрь,взрослые,Ванкомицин,,,,rx,,антибактериальные средства,,внутривенно,,порошок,,1 г,,взрослые,,флакон №1,,,
22881,373,"ВАЛОКОРДИН ТАБЛ. 7,544МГ+7,544МГ №20 | УСОЛЬЕ-СИБИРСКИЙ ХИМИКО-ФАРМАЦЕВТИЧЕСКИЙ ЗАВОД АО | УСОЛЬЕ-СИБИРСКИЙ ХИМИКО-ФАРМАЦЕВТИЧЕСКИЙ ЗАВОД АО",drug,,0.7,"Валокордин — комбинированный седативный препарат в таблетках для приёма внутрь. В тексте указаны дозировка 7,544 мг+7,544 мг и упаковка №20, но названия действующих веществ отсутствуют, поэтому МНН не заполнен.",True,,pending_fallback,direction_select,,semantic_primary,success,внутрь,таблетки,взрослые,,,Валокордин,,otc,,седативные средства,,перорально,,таблетки,,"7,544 мг + 7,544 мг",,взрослые,,20 таблеток,,комбинированный препарат (2 компонента),
22890,373,ВАЛИДОЛ ТАБЛ. П/ЯЗЫЧН. 60МГ №16 ОБНОВЛЕНИЕ | ОБНОВЛЕНИЕ ПФК АО | ОБНОВЛЕНИЕ ПФК АО,drug,,0.85,"Препарат Валидол выпускается в виде таблеток для подъязычного применения с дозировкой 60 мг. Относится к седативным средствам, отпускается без рецепта. МНН и состав не указаны в тексте.",True,,pending_fallback,direction_select,,semantic_primary,success,сублингвально,таблетки,взрослые,,,ВАЛИДОЛ,,otc,,седативное средство,,сублингвально,,таблетки,,60 мг,,взрослые,,16 таблеток,,,
22891,373,ВАЛИДОЛ ТАБЛ. П/ЯЗЫЧН. 60МГ №10 ЮЖФАРМ | ЮЖФАРМ ООО | ЮЖФАРМ ООО,drug,,0.62,"Из текста извлечены форма выпуска, дозировка и количество в упаковке. Действующее вещество не указано, поэтому МНН не заполнен; препарат безрецептурный.",True,,pending_fallback,direction_select,,semantic_primary,success,сублингвально,таблетки подъязычные,взрослые,,,Валидол,,otc,,Средства при функциональных нарушениях сердечно-сосудистой системы,,сублингвально,,таблетки,,60 мг,,взрослые,,10 таблеток (№10),,,
22968,373,ВАЛЕМИДИН ПЛЮС СИРОП БЕЗ САХАРА ФЛ. 100МЛ | ФАРМАМЕД ООО | ФАРМАМЕД ООО,drug,,0.6,"В тексте указано только торговое наименование, состав не раскрыт, поэтому МНН не определяется. Препарат относится к нервной системе и выпускается в форме сиропа для приема внутрь. Судя по названию и форме выпуска, это безрецептурное седативное средство.",True,,pending_fallback,direction_select,,semantic_primary,success,внутрь,сироп,взрослые,,,Валемидин Плюс,,otc,,седативное средство,,перорально,,сироп,,,,взрослые,,флакон 100 мл,,да,
22979,373,ВАЛАЦИКЛОВИР ТАБЛ. П/ПЛЕН/ОБ. 500МГ №10 РОЗЛЕКС ФАРМ | РОЗЛЕКС ФАРМ | РОЗЛЕКС ФАРМ,drug,,0.86,"Препарат Валацикловир в таблетках по 500 мг, покрытых пленочной оболочкой, производитель Розлекс Фарм. Это рецептурное противовирусное средство для приема внутрь, применяемое при герпетических инфекциях. Упаковка содержит 10 таблеток.",True,,pending_fallback,direction_select,,semantic_primary,success,перорально,"таблетки, покрытые пленочной оболочкой",взрослые,Валацикловир,,,,rx,,противовирусные средства (герпетические инфекции),,перорально,,таблетки,,500 мг,,взрослые,,10 таблеток,,,
23061,374,БЭБИ ФОРМУЛА МИШКИ СПОКОЙСТВИЕ ПАСТИЛКИ ЖЕВ. N60 | ЭВАЛАР ЗАО | ЭВАЛАР ЗАО | N60,vitamin_or_baa,,0.66,"Товар — БАД успокоительного действия в форме жевательных пастилок, по названию предназначен для детей. Действующие вещества и дозировка в тексте не указаны, поэтому МНН и доза оставлены пустыми.",True,,pending_fallback,direction_select,,semantic_primary,success,внутрь,пастилки жевательные,дети,,,Бэби Формула,,,,парафармацевтики,,перорально,,таблетки жевательные,,,,дети,,60,,,
23099,374,БУТАДИОН-АЛИУМ ТАБЛ. 150МГ №20 | АЛИУМ АО | АЛИУМ АО,drug,,0.75,"Торговое наименование «Бутадион-Алиум» содержит дозировку 150 мг и форму «таблетки», упаковка №20. Действующее вещество (МНН) в тексте отдельно не указано, поэтому mnn не заполнено. Препарат относится к НПВС для приёма внутрь, отпускается по рецепту.",True,,pending_fallback,direction_select,,semantic_primary,success,внутрь,таблетки,взрослые,,,Бутадион-Алиум,,rx,,НПВС,,перорально,,таблетки,,150 мг,,взрослые,,20 таблеток,,монопрепарат,
23155,374,"БРУСНИКИ ЛИСТЬЯ СЕРДЦЕ КОНТИНЕНТА Ф/П 1,5Г №20 ЗДОРОВЬЕ | ЗДОРОВЬЕ ФИРМА ООО | ЗДОРОВЬЕ ФИРМА ООО",vitamin_or_baa,,0.65,"Листья брусники — растительный БАД, выпускается в форме фильтр-пакетов по 1,5 г для приёма внутрь. Упаковка содержит 20 пакетов. Возрастных ограничений в названии нет.",True,,pending_fallback,direction_select,,semantic_primary,success,внутрь,фильтр-пакеты,универсальный,,,Сердце Континента,,,,парафармацевтики,,перорально,,фильтр-пакеты,,"1,5 г",,универсальный,,№20,,,
23183,374,"БРОНХОМИШКА ПОР. Д/Р-РА Д/ПРИЕМА ВНУТРЬ ПАК. 1,47Г №15 | МЕЛИГЕН ФП | МЕЛИГЕН ФП",vitamin_or_baa,,0.55,"Из текста определены путь введения, лекарственная форма, масса пакетика и количество пакетиков. Действующее вещество/состав не указаны, поэтому МНН и комбинационный признак не заполнены. Возрастных сигналов нет, поэтому выбран универсальный возрастной сегмент; нозология отнесена к парафармацевтикам как БАД для простуды/ОРВИ.",True,,pending_fallback,direction_select,,semantic_primary,success,внутрь,порошок для приготовления раствора для приема внутрь,универсальный,,,Бронхомишка,,,,парафармацевтики,,перорально,,порошок,,"1,47 г на пакетик",,универсальный,,"15 пакетиков по 1,47 г",,,
23276,374,БРЕЙНМАКС КАПС. 250МГ+250МГ №60 | Биохимик АО | Биохимик АО,vitamin_or_baa,,0.7,"БАД «БРЕЙНМАКС» — комбинированный продукт в капсулах по 250 мг + 250 мг, упаковка №60. Возрастных ограничений в тексте нет, поэтому возрастной сегмент задан как универсальный; состав не расшифрован, поэтому МНН не указан.",True,,pending_fallback,direction_select,,semantic_primary,success,внутрь,капсулы,универсальный,,,БРЕЙНМАКС,,,,комплексные профили,,перорально,,капсулы,,250 мг + 250 мг,,универсальный,,60 капсул,,комбинированный,
23368,374,БОРОВАЯ МАТКА ФОРТЕ ТАБЛ. №30 | ИНАТ-ФАРМА ООО | ИНАТ-ФАРМА ООО,vitamin_or_baa,,0.75,"Препарат относится к БАД на основе травы боровая матка, что позволяет отнести его к парафармацевтикам. Форма выпуска — таблетки, путь приёма — внутрь. Возрастная группа явно не указана, поэтому выбрано универсальное значение.",True,,pending_fallback,direction_select,,semantic_primary,success,внутрь,таблетки,универсальный,,,Боровая матка Форте,,,,парафармацевтики,,перорально,,таблетки,,,,универсальный,,30 таблеток,,монокомпонентный,
23381,374,БОРОВАЯ МАТКА БИОКОР НАПИТОК ЧАЙНЫЙ ТРАВЯНОЙ 25Г | Биокор ЗАО | Биокор ЗАО,vitamin_or_baa,,0.78,"Товар представляет собой травяной чайный напиток БАД на основе боровой матки. Применяется внутрь, относится к парафармацевтикам. Дозировка не указана, есть только масса упаковки.",True,,pending_fallback,direction_select,,semantic_primary,success,внутрь,чайный напиток,взрослые,,,Биокор,,,,парафармацевтики,,перорально,,,,,,взрослые,,25 г,,false,
23427,374,"БОБС КАРАМЕЛЬ ЛЕДЕНЦОВАЯ СО ВКУСОМ МЕДА И ЛИМОНА 3,5Г №10 | МАК-ИВАНОВО ООО | МАК-ИВАНОВО ООО",other,,0.65,"Товар представляет собой леденцовую карамель со вкусом меда и лимона, производитель ООО «Мак-Иваново». Из текста извлекается бренд «БОБС» и упаковка №10; возрастная группа не указана, поэтому принята универсальной.",True,,pending_fallback,direction_select,,semantic_primary,success,,,универсальный,,,БОБС,,,,,,не применимо,,не применимо,,,,универсальный,,"№10 (10 штук по 3,5 г)",,,
23510,374,БИФИСТИМ ФОРТЕ КАПС. №10 | В-МИН+ ООО | В-МИН+ ООО,vitamin_or_baa,,0.65,"Товар представляет собой БАД в форме капсул; в названии указан бренд и количество. Состав не раскрыт, поэтому МНН и дозировка не определены.",True,,pending_fallback,direction_select,,semantic_primary,success,внутрь,капсулы,универсальный,,,Бифистим Форте,,,,эубиотики,,перорально,,капсулы,,,,универсальный,,10 капсул,,,
23520,374,БИФИЛАР КАПС. №10 | ЭВАЛАР ЗАО | ЭВАЛАР ЗАО,vitamin_or_baa,,0.82,"БАД-пробиотик под брендом Эвалар в форме капсул, применяется внутрь. В тексте нет дозировки и возрастных ограничений, указана упаковка №10. Состав не детализирован, поэтому МНН отмечен как комплексный.",True,,pending_fallback,direction_select,,semantic_primary,success,внутрь,капсулы,универсальный,Комплекс,,Эвалар,,,,эубиотики,,перорально,,капсулы,,,,универсальный,,10 капсул,,комбинированный,
23521,375,"БИФИДУМБАКТЕРИН ФОРТЕ ПОР. Д/ПРИЕМА ВНУТРЬ 50МЛН.КОЕ/ПАКЕТ ПАК. 0,85Г №30 ПРОБИОФАРМ | ПРОБИОФАРМ ООО | ПРОБИОФАРМ ООО",drug,,0.9,"Пробиотик с бифидобактериями (бифидобактерии бифидум) в форме порошка для приема внутрь. Дозировка 50 млн КОЕ/пакет, в упаковке 30 пакетов по 0,85 г. Отпускается без рецепта.",True,,pending_fallback,direction_select,,semantic_primary,success,внутрь,порошок для приема внутрь,взрослые,Бифидобактерии бифидум,,Бифидумбактерин Форте,,otc,,Пробиотики,,перорально,,порошок,,50 млн КОЕ/пакет,,взрослые,,"пакеты по 0,85 г, №30",,,
23645,375,БИСОМОР ТАБЛ. П/ПЛЕН/ОБ. 5МГ №30 | ЭДЖ ФАРМА ПРАЙВЕТ ЛИМИТЕД | ЭДЖ ФАРМА ПРАЙВЕТ ЛИМИТЕД,drug,,0.8,"Препарат Бисомор выпускается в таблетках, покрытых плёночной оболочкой, по 5 мг, в упаковке №30. МНН в тексте не указан, поэтому оставлен null; по кардиологической группе средство определено как рецептурное для взрослых.",True,,pending_fallback,direction_select,,semantic_primary,success,перорально,"таблетки, покрытые плёночной оболочкой",взрослые,,,Бисомор,,rx,,бета-адреноблокаторы,,перорально,,таблетки,,5 мг,,взрослые,,30 таблеток,,,
23800,375,БИОДЕРМА АТОДЕРМ УЛЬТРА КРЕМ ТУБА 200МЛ | NAOS (БИОДЕРМА ЛАБОРАТОРИЯ) | NAOS (БИОДЕРМА ЛАБОРАТОРИЯ),cosmetic_hygiene,,0.85,"Косметический крем без лекарственного действующего вещества, поэтому mnn/rx_otc/nosology/dosage/combination_hint не заполнены. Форма — крем, путь применения — наружно, упаковка — туба 200 мл.",True,,pending_fallback,direction_select,,semantic_primary,success,наружно,крем,универсальный,,,Биодерма,,,,,,наружно,,крем,,,,универсальный,,туба 200 мл,,,
23923,375,БИНТ ГИПСОВЫЙ 15СМХ300СМ МЕДИТЕК | МЕДИТЕК М ООО | МЕДИТЕК М ООО,medical_device,clinical_like,0.65,Медицинское изделие — гипсовый бинт производства МЕДИТЕК. Указан размер 15 см × 300 см. Возрастных ограничений в описании нет.,True,,pending_fallback,direction_select,,semantic_primary,success,наружно,гипсовый бинт,универсальный,,,МЕДИТЕК,,,,,,наружно,,,,15 см × 300 см,,универсальный,,15 см × 300 см,,,
23931,375,БИНТ BONA MENTE! СТЕРИЛЬНЫЙ 7МХ14СМ | НАВТЕКС ХБК ООО | НАВТЕКС ХБК ООО,medical_device,clinical_like,0.82,"Стерильный бинт Bona Mente размером 7 м × 14 см предназначен для наружного применения. Возрастных указаний нет, поэтому возрастной сегмент универсальный.",True,,pending_fallback,direction_select,,semantic_primary,success,наружно,бинт,универсальный,,,Bona Mente,,,,,,наружно,,,,7 м × 14 см,,универсальный,,,,,
24070,375,БЕТАДИН СУПП. ВАГ. 200МГ №7 | ЭГИС ФАРМАЦЕВТИЧЕСКИЙ ЗАВОД ЗАО | ЭГИС ФАРМАЦЕВТИЧЕСКИЙ ЗАВОД ЗАО,drug,,0.78,"В тексте указан препарат Бетадин в форме вагинальных суппозиториев по 200 мг, упаковка №7. Действующее вещество явно не написано, поэтому mnn не заполнен. Препарат относится к местным антисептикам и предназначен для взрослых.",True,,pending_fallback,direction_select,,semantic_primary,success,вагинально,суппозитории вагинальные,взрослые,,,Бетадин,,otc,,антисептические средства,,ректально,,,,200 мг,,взрослые,,7 суппозиториев,,нет,
24163,375,"БЕРГОЛАК ТАБЛ. 0,5МГ №2 | ВЕРОФАРМ ООО | ВЕРОФАРМ ООО",drug,,0.72,"Наименование Берголак, лекарственная форма таблетки 0,5 мг и упаковка №2 читаются из текста. МНН в тексте отсутствует, поэтому не указан. Препарат относится к рецептурным, но показания из текста не определяются.",True,,pending_fallback,direction_select,,semantic_primary,success,прием внутрь,таблетки,взрослые,,,Берголак,,рецептурный,,,,перорально,,таблетки,,"0,5 мг",,взрослые,,2 таблетки,,,
24222,375,БЕЛЬВЕДЕР БАЛЬЗАМ ДЛЯ ГУБ С МАНГО И МАРУЛОЙ 7МЛ | БЕЛЬФАРМА | БЕЛЬФАРМА,cosmetic_hygiene,,0.9,"Это косметическое средство для губ (бальзам). Бренд указан в названии — Бельведер. Применение наружное, объём 7 мл.",True,,pending_fallback,direction_select,,semantic_primary,success,наружно,бальзам,универсальный,,,БЕЛЬВЕДЕР,,,,,,наружно,,,,,,универсальный,,7 мл,,,
24340,375,"БЕКЛАЗОН ЭКО АЭРОЗ. Д/ИНГ. ДОЗИР. 100МКГ/ДОЗА БАЛЛОН 200ДОЗ | НОРТОН (ВОТЕРФОРД) ЛТД, ВЫСТУПАЮЩИЙ ПОД ТОРГОВЫМ НАИМЕНОВАНИЕМ АЙВЭКС ФАРМАСЬЮТИКАЛС ИРЛАНДИЯ, ВЫСТУПАЮЩИЙ ПОД ТОРГОВЫМ НАИМЕНОВАНИЕМ ТЕВА ФАРМАСЬЮТИК | НОРТОН (ВОТЕРФОРД) ЛТД, ВЫСТУПАЮЩИЙ ПОД ТОРГОВЫМ НАИМЕНОВАНИЕМ АЙВЭКС ФАРМАСЬЮТИКАЛС ИРЛАНДИЯ, ВЫСТУПАЮЩИЙ ПОД ТОРГОВЫМ НАИМЕНОВАНИЕМ ТЕВА ФАРМАСЬЮТИК",drug,,0.87,"Препарат Беклазон Эко представляет собой дозированный ингаляционный аэрозоль с концентрацией 100 мкг/доза в баллоне на 200 доз. По тексту явно не указано действующее вещество, поэтому МНН не заполнен. Относится к рецептурным ингаляционным глюкокортикостероидам.",True,,pending_fallback,direction_select,,semantic_primary,success,ингаляционно,аэрозоль для ингаляций дозированный,взрослые,,,Беклазон Эко,,rx,,Ингаляционные глюкокортикостероиды,,ингаляционно,,аэрозоль,,100 мкг/доза,,взрослые,,баллон 200 доз,,монопрепарат,
24443,375,БАХИЛЫ МЕДИЦИНСКИЕ ПОЛИЭТИЛЕНОВЫЕ СТАНДАРТ ПАРА №1 ИНД.УП. МЕДСЕРВИС ПЛЮС | МЕДСЕРВИС ПЛЮС ООО | МЕДСЕРВИС ПЛЮС ООО,medical_device,clinical_like,0.75,"Медицинские полиэтиленовые бахилы стандартного размера, в индивидуальной упаковке на 1 пару. Это медицинское изделие, поэтому фармакологические атрибуты (МНН, рецептурность, нозология) неприменимы.",True,,pending_fallback,direction_select,,semantic_primary,success,наружно,бахилы,взрослые,,,МЕДСЕРВИС ПЛЮС,,,,,,наружно,,,,стандарт,,взрослые,,"пара №1, индивидуальная упаковка",,,
24484,376,БАРСУЧИЙ ЖИР ПРЕМИУМ КАПС. №100 | ИП КАЛЯНКОВИЧ А.Н. | ИП КАЛЯНКОВИЧ А.Н.,vitamin_or_baa,,0.78,"Средство — БАД «Барсучий жир» в капсулах, упаковка №100. Действующее вещество и лекарственная форма читаются явно, возраст не указан, поэтому возрастной сегмент универсальный.",True,,pending_fallback,direction_select,,semantic_primary,success,внутрь,капсулы,универсальный,Барсучий жир,,,,,,нутрицевтики,,перорально,,капсулы,,,,универсальный,,100 капсул,,монокомпонентный,
24542,376,БАЛЬЗАМ АЛТАЙСКИЙ БУКЕТ АНТИСТРЕСС 250МЛ | АЛТАЙСКИЙ БУКЕТ НПФ | АЛТАЙСКИЙ БУКЕТ НПФ,vitamin_or_baa,,0.74,"Определён как растительный БАД-комплекс парафармацевтического профиля: бальзам «Алтайский букет» для внутреннего применения. Дозировка и возрастные ограничения в тексте отсутствуют, поэтому соответствующие поля не указаны или заданы универсально.",True,,pending_fallback,direction_select,,semantic_primary,success,внутрь,бальзам,универсальный,Комплекс,,Алтайский букет,,,,парафармацевтики,,перорально,,,,,,универсальный,,250 мл,,комбинированный,
24545,376,БАЛЬЗАМ АЛТАЙСКИЙ БЕЗАЛКОГОЛЬНЫЙ ИММУНИТЕТ 200МЛ | АЛТАЙ-СЕЛИГОР ООО | АЛТАЙ-СЕЛИГОР ООО,vitamin_or_baa,,0.7,"БАД в форме бальзама с фитокомплексом для поддержки иммунитета, без указания возраста. Состав в тексте не раскрыт, поэтому МНН указано как «Комплекс», нозологическая группа — парафармацевтики.",True,,pending_fallback,direction_select,,semantic_primary,success,внутрь,бальзам,универсальный,Комплекс,,,,,,парафармацевтики,,перорально,,,,,,универсальный,,200 мл,,комбинированный,
24594,376,БАБУШКИНО ЛУКОШКО ЧАЙ ДЛЯ КОРМЯЩИХ МАМ С АНИСОМ Ф/П 1Г №20 | ФАУСТОВО | ФАУСТОВО,vitamin_or_baa,,0.78,"Растительный чай для кормящих мам с анисом в фильтр-пакетах по 1 г, упаковка №20; БАД растительного происхождения, поэтому нозология — парафармацевтики. МНН не указан, так как в тексте нет отдельного витаминного нутриента.",True,,pending_fallback,direction_select,,semantic_primary,success,внутрь,фильтр-пакет,взрослые,,,Бабушкино лукошко,,,,парафармацевтики,,перорально,,фильтр-пакеты,,1 г,,взрослые,,20 фильтр-пакетов,,комбинированный,
24711,376,АЦИКЛОВИР ВЕЛФАРМ ТАБЛ. 200МГ №20 ВЕЛФАРМ-М | ВЕЛФАРМ-М ООО | ВЕЛФАРМ-М ООО,drug,,0.9,"Препарат содержит МНН ацикловир, выпускается в форме таблеток по 200 мг. Относится к рецептурным противовирусным средствам для приема внутрь. Возрастная группа определена как взрослые в отсутствие детских указаний.",True,,pending_fallback,direction_select,,semantic_primary,success,перорально,таблетки,взрослые,Ацикловир,,Ацикловир Велфарм,,rx,,противовирусные средства,,перорально,,таблетки,,200 мг,,взрослые,,20 таблеток,,,
24725,376,АЦИКЛОВИР АВЕКСИМА ТАБЛ. 400МГ №30 | ИРБИТСКИЙ ХИМЗАВОД ОАО | ИРБИТСКИЙ ХИМЗАВОД ОАО,drug,,0.85,"В тексте однозначно указаны действующее вещество ацикловир, форма «таблетки», дозировка 400 мг и количество в упаковке 30. Препарат относится к противовирусным средствам, принимается внутрь и отпускается по рецепту. Бренд — Авексима, возрастной сигнал отсутствует, поэтому выбран взрослый сегмент.",True,,pending_fallback,direction_select,,semantic_primary,success,перорально,таблетки,взрослые,Ацикловир,,Авексима,,rx,,противовирусные средства,,перорально,,таблетки,,400 мг,,взрослые,,30 таблеток,,,
24824,376,АФОБАЗОЛ РЕТАРД ТАБЛ. С МОДИФ. ВЫСВ. П/ПЛЕН/ОБ. 30МГ №20 ОТИСИФАРМ | ОТИСИФАРМ ПРО АО | ОТИСИФАРМ ПРО АО,drug,,0.9,"Препарат Афобазол Ретард — анксиолитик в форме таблеток с модифицированным высвобождением по 30 мг для приёма внутрь. Действующее вещество в тексте не указано, поэтому МНН не заполнен. Отпускается без рецепта, предназначен для взрослых.",True,,pending_fallback,direction_select,,semantic_primary,success,перорально,"таблетки с модифицированным высвобождением, покрытые пленочной оболочкой",взрослые,,,Афобазол Ретард,,без рецепта,,анксиолитики,,перорально,,таблетки,,30 мг,,взрослые,,20 таблеток,,монопрепарат,
24830,376,АФЛУБИН ТАБЛ. П/ЯЗЫЧН. ГОМЕОП. №12 | РИХАРД БИТТНЕР АГ | РИХАРД БИТТНЕР АГ,drug,,0.6,"В тексте указаны торговое название, лекарственная форма «таблетки подъязычные», путь введения и упаковка №12. Действующее вещество и дозировка не приведены, показания не описаны, поэтому часть атрибутов заполнена как null.",True,,pending_fallback,direction_select,,semantic_primary,success,подъязычно,таблетки подъязычные,взрослые,,,Афлубин,,otc,,,,,,таблетки,,,,взрослые,,12 таблеток,,,
24860,376,АУРА ВАТНЫЕ ДИСКИ КЛАССИК №70 | КОТТОН КЛАБ ООО | КОТТОН КЛАБ ООО,cosmetic_hygiene,,0.92,"Товар представляет собой косметическое гигиеническое средство — ватные диски. Указаны бренд АУРА и размер упаковки №70. Возрастные ограничения отсутствуют, поэтому возрастной сегмент не применим.",True,,pending_fallback,direction_select,,semantic_primary,success,наружно,ватные диски,не применимо,,,АУРА,,,,,,наружно,,,,,,не применимо,,70 шт,,,
24893,376,АТОРИКА ТАБС ТАБЛ. П/ПЛЕН/ОБ. 120МГ №7 | Канонфарма | Канонфарма,drug,,0.6,"В названии указаны торговое наименование, лекарственная форма и дозировка, но действующее вещество явно не приведено, поэтому МНН не определён. По семейству «Боль и Температура» средство отнесено к анальгетикам-антипиретикам для взрослых.",True,,pending_fallback,direction_select,,semantic_primary,success,внутрь,"таблетки, покрытые пленочной оболочкой",взрослые,,,Аторика,,otc,,анальгетик-антипиретик,,перорально,,таблетки,,120 мг,,взрослые,,№7,,,
25083,377,АСПЕРА МАСЛО ЭФИРНОЕ МЯТЫ ПЕРЕЧНОЙ ФЛ. 10МЛ | Аспера пк ООО | Аспера пк ООО,cosmetic_hygiene,,0.8,"Эфирное масло мяты перечной, бренд Аспера. Форма выпуска — эфирное масло во флаконе 10 мл, применяется наружно. Возрастных ограничений в тексте нет.",True,,pending_fallback,direction_select,,semantic_primary,success,наружно,эфирное масло,универсальный,,,Аспера,,,,,,наружно,,,,,,универсальный,,флакон 10 мл,,,
25195,377,АСКОРБИНОВАЯ КИСЛОТА-УБФ ДРАЖЕ 50МГ №200 | УРАЛБИОФАРМ ОАО | УРАЛБИОФАРМ ОАО,drug,,0.95,"Препарат аскорбиновой кислоты (витамин C) в форме драже по 50 мг, принимается внутрь. Отпускается без рецепта, содержит одно действующее вещество. Возрастных указаний нет, поэтому возрастной сегмент определён как взрослые.",True,,pending_fallback,direction_select,,semantic_primary,success,внутрь,драже,взрослые,Аскорбиновая кислота,,Аскорбиновая кислота-УБФ,,otc,,Витамины,,перорально,,,,50 мг,,взрослые,,№200 (200 драже),,монопрепарат,
25286,377,АСКОРБИНКА ФАРМ-ТИГОДА ТАБЛ. ЖЕВАТ. СО ВКУСОМ КЛУБНИКИ №10 | ФАРМ-ТИГОДА ООО | ФАРМ-ТИГОДА ООО,vitamin_or_baa,,0.9,"Препарат представляет собой жевательные таблетки аскорбиновой кислоты (витамин C) со вкусом клубники. Это монокомпонентное витаминное средство, поэтому МНН — аскорбиновая кислота, нозология — отдельные нутриенты. Возрастная группа явно не указана, принята универсальная.",True,,pending_fallback,direction_select,,semantic_primary,success,внутрь,таблетки жевательные,универсальный,Аскорбиновая кислота,,Аскорбинка,,,,отдельные нутриенты,,перорально,,таблетки жевательные,,,,универсальный,,10 таблеток,,,
25314,377,"АСКОРБАТ НАТРИЯ ЛЕТОФАРМ КАПС. ПО 0,7Г №90 | ЛЕТОФАРМ ООО | ЛЕТОФАРМ ООО",vitamin_or_baa,,0.85,"Монокомпонентный витаминный препарат, действующее вещество — аскорбат натрия. Выпускается в капсулах по 0,7 г, в упаковке 90 капсул. Возрастных указаний нет, поэтому возрастной сегмент универсальный.",True,,pending_fallback,direction_select,,semantic_primary,success,внутрь,капсулы,универсальный,Аскорбат натрия,,Летофарм,,,,отдельные нутриенты,,перорально,,капсулы,,"0,7 г",,универсальный,,90 капсул,,монопрепарат,
25422,377,АРТОКСАН ГЕЛЬ Д/НАРУЖ. ПРИМ. 1% ТУБА 45Г | УОРЛД МЕДИЦИН ИЛАЧ САН. ВЕ ТИДЖ. А.Ш. | УОРЛД МЕДИЦИН ИЛАЧ САН. ВЕ ТИДЖ. А.Ш.,drug,,0.8,"Препарат идентифицируется по торговому названию 'Артоксан' и форме 'гель 1% для наружного применения' в тубе 45 г. Действующее вещество в тексте не указано, поэтому МНН не заполнено. Отпуск предполагается без рецепта для наружного применения.",True,,pending_fallback,direction_select,,semantic_primary,success,наружно,гель,взрослые,,,Артоксан,,otc,,нестероидные противовоспалительные средства (НПВС),,наружно,,гель,,1%,,взрослые,,туба 45 г,,,
25436,377,АРТЕМИС ШОРТЫ МЕД. КОМПРЕССИОННЫЕ ЛЕЧ-ПРОФ. Р.L ЧЕРНЫЙ | K.W. INNOVATIONS CO. LTD | K.W. INNOVATIONS CO. LTD,medical_device,clinical_like,0.6,"Медицинское изделие — компрессионные шорты. Бренд определен как 'Артемис'; путь применения наружный, форма выпуска — шорты. Возрастная категория не указана, поэтому выбрано универсальное значение.",True,,pending_fallback,direction_select,,semantic_primary,success,наружно,шорты,универсальный,,,Артемис,,,,,,наружно,,,,,,универсальный,,,,,
25459,377,АРОМАЗИН ТАБЛ. П/О 25МГ №30 | ПФАЙЗЕР ИТАЛИЯ С.Р.Л. | ПФАЙЗЕР ИТАЛИЯ С.Р.Л.,drug,,0.68,"Товар идентифицирован как Аромазин, рецептурный гормональный противоопухолевый препарат. В тексте указаны форма выпуска (таблетки покрытые оболочкой), дозировка 25 мг и упаковка №30. МНН в названии не приведён, поэтому оставлен пустым.",True,,pending_fallback,direction_select,,semantic_primary,success,перорально,"таблетки, покрытые оболочкой",взрослые,,,Аромазин,,рецептурный,,"противоопухолевое средство, ингибитор ароматазы",,перорально,,таблетки,,25 мг,,взрослые,,30 таблеток,,монопрепарат,
25630,377,АНТИГРИППИН-ЭКСПРЕСС ПОР. Д/Р-РА Д/ПРИЕМА ВНУТРЬ ЧЕРНАЯ СМОРОДИНА ПАК. №9 | ФАРМВИЛАР НПО/ ФАРМ. ФАБРИКА САНКТ-ПЕТЕРСБУРГА | ФАРМВИЛАР НПО/ ФАРМ. ФАБРИКА САНКТ-ПЕТЕРСБУРГА,vitamin_or_baa,,0.6,"Препарат относится к БАД для приема внутрь; в тексте отсутствуют МНН/действующее вещество и дозировка. Заполнены бренд, форма выпуска, путь введения и упаковка, возрастная категория принята универсальной.",True,,pending_fallback,direction_select,,semantic_primary,success,внутрь,порошок для приготовления раствора для приема внутрь,универсальный,,,Антигриппин-Экспресс,,,,парафармацевтики,,перорально,,порошок,,,,универсальный,,9 пакетиков (пак. №9),,,
25642,377,АНТИГРИППИН ТАБЛ. ШИПУЧ. 500МГ+10МГ+200МГ №10 АПЕЛЬСИН | НАТУР ПРОДУКТ ФАРМА СП.ЗО.О. | НАТУР ПРОДУКТ ФАРМА СП.ЗО.О.,drug,,0.75,"Комбинированный препарат Антигриппин представлен в форме шипучих таблеток с дозировкой 500 мг + 10 мг + 200 мг, упаковка №10. Активные вещества в тексте явно не указаны, поэтому МНН не заполнен. Препарат относится к симптоматическим средствам для лечения простуды и ОРВИ, отпускается без рецепта.",True,,pending_fallback,direction_select,,semantic_primary,success,внутрь,таблетки шипучие,взрослые,,,Антигриппин,,otc,,простуда и ОРВИ,,перорально,,таблетки,,500 мг + 10 мг + 200 мг,,взрослые,,10 таблеток,,комбинированный препарат,
25644,377,АНТИГРИППИН ПОР. Д/Р-РА Д/ПРИЕМА ВНУТРЬ 500МГ+10МГ+200МГ РОМАШКА ПАК. 5Г №10 | НАТУР ПРОДУКТ ФАРМА СП.ЗО.О. | НАТУР ПРОДУКТ ФАРМА СП.ЗО.О.,drug,,0.78,"Препарат Антигриппин относится к противопростудным средствам. По тексту определены форма выпуска, дозировка и упаковка. МНН в тексте не указан, поэтому поле mnn оставлено пустым.",True,,pending_fallback,direction_select,,semantic_primary,success,внутрь,порошок для приготовления раствора для приема внутрь,взрослые,,,Антигриппин,,безрецептурный,,симптоматическое лечение ОРВИ и простуды,,перорально,,порошок,,500 мг + 10 мг + 200 мг,,взрослые,,"пакетики по 5 г, №10",,комбинированный,
25702,378,АНГИОРУС ТАБЛ. П/ПЛЕН/ОБ. 50МГ+450МГ №60 | СИНТЕЗ | СИНТЕЗ,drug,,0.7,"Препарат выпускается в таблетках, покрытых плёночной оболочкой, с комбинированной дозировкой 50 мг + 450 мг, в упаковке 60 штук. Название торговое, состав не расшифрован, поэтому МНН не указано. Форма выпуска указывает на пероральный приём.",True,,pending_fallback,direction_select,,semantic_primary,success,внутрь,"таблетки, покрытые пленочной оболочкой",взрослые,,,Ангиорус,,,,сердечно-сосудистые заболевания,,перорально,,таблетки,,50 мг + 450 мг,,взрослые,,60 таблеток,,комбинированный,
25783,378,АНАЛЬГИН ТАБЛ. 500МГ №30 ФАРМСТАНДАРТ | ФАРМСТАНДАРТ-ЛЕКСРЕДСТВА ОАО | ФАРМСТАНДАРТ-ЛЕКСРЕДСТВА ОАО,drug,,0.78,"Препарат Анальгин выпускается в таблетках по 500 мг, №30. Действующее вещество по МНН в тексте явно не указано, поэтому mnn не заполнен. Лекарство относится к безрецептурным анальгетикам-антипиретикам для взрослых.",True,,pending_fallback,direction_select,,semantic_primary,success,внутрь,таблетки,взрослые,,,Анальгин,,otc,,анальгетик-антипиретик,,перорально,,таблетки,,500 мг,,взрослые,,30 таблеток,,,
25822,378,АМРУС ТРОСТЬ AMCT23 BL МЕТАЛЛИЧЕСКАЯ ТЕЛЕСКОПИЧЕСКАЯ С ОРТОПЕДИЧ. ПЛАСТ. РУКОЯТКОЙ ЦВЕТ ЧЕРНЫЙ С УПС | АМРУС ЭНТЕРПРАЙСИЗ | АМРУС ЭНТЕРПРАЙСИЗ,medical_device,clinical_like,0.7,"Изделие идентифицируется как медицинское изделие — металлическая телескопическая трость с ортопедической пластиковой рукояткой. Бренд указан явно («АМРУС»), форма — трость, применение — наружное. Возрастная группа не уточнена, поэтому указана универсальная.",True,,pending_fallback,direction_select,,semantic_primary,success,наружно,трость,универсальный,,,АМРУС,,,,,,наружно,,,,,,универсальный,,,,,
25946,378,АММИАК Р-Р Д/НАРУЖ. ПРИМ. И ИНГ. 10% ФЛ. ПЭТ 100МЛ ИВАНОВСКАЯ ФФ | ИВАНОВСКАЯ ФФ | ИВАНОВСКАЯ ФФ,drug,,0.82,"Препарат представляет собой раствор аммиака 10% для наружного применения и ингаляций. Вещество, лекарственная форма, концентрация и способ применения читаются в наименовании. Возрастных указаний нет, поэтому сегмент определён как взрослый.",True,,pending_fallback,direction_select,,semantic_primary,success,наружно; ингаляционно,раствор для наружного применения и ингаляций,взрослые,Аммиак,,,,otc,,местнораздражающее средство,,ингаляционно,,раствор,,10%,,взрослые,,флакон 100 мл,,,
26071,378,АМИНАЗИН ТАБЛ. П/ПЛЕН/ОБ. 25МГ №10 ВАЛЕНТА | ВАЛЕНТА ФАРМ АО | ВАЛЕНТА ФАРМ АО,drug,,0.85,"В тексте указан торговый препарат Аминазин в таблетках 25 мг №10, МНН не приведено. Это рецептурное антипсихотическое средство, принимаемое внутрь, без детских сигналов.",True,,pending_fallback,direction_select,,semantic_primary,success,внутрь,"таблетки, покрытые пленочной оболочкой",взрослые,,,Аминазин,,rx,,антипсихотическое средство,,перорально,,таблетки,,25 мг,,взрослые,,10 таблеток,,монопрепарат,
26172,378,"АЛЬФОСФАЛЬ ГЕЛЬ Д/ПРИЕМА ВНУТРЬ ПАКЕТ 2,08Г №6 | КАНОНФАРМА ПРОДАКШН ЗАО | КАНОНФАРМА ПРОДАКШН ЗАО",drug,,0.72,"Препарат Альфосфаль — антацидный гель для приёма внутрь. Активное вещество в тексте не указано, поэтому МНН не заполнен. Отпускается без рецепта, типично используется взрослыми.",True,,pending_fallback,direction_select,,semantic_primary,success,внутрь,гель для приема внутрь,взрослые,,,Альфосфаль,,otc,,антациды,,перорально,,гель,,"2,08 г",,взрослые,,"пакет 2,08 г №6",,монопрепарат,
26233,378,АЛЬМЕД ПОЯС ЭЛАСТИЧНЫЙ СОГРЕВАЮЩИЙ С ШЕРСТЬЮ ВЕРБЛЮДА Р.4 82-87СМ | АЛЬМЕД ООО | АЛЬМЕД ООО,medical_device,clinical_like,0.75,"Эластичный согревающий пояс с верблюжьей шерстью, производитель АЛЬМЕД. Является медицинским изделием для наружного применения, поэтому МНН, рецептурный статус и нозология не заполняются. Основные характеристики — размер 4 и обхват 82–87 см, форма выпуска — пояс.",True,,pending_fallback,direction_select,,semantic_primary,success,наружно,пояс эластичный,взрослые,,,АЛЬМЕД,,,,,,наружно,,,,"размер 4, 82-87 см",,взрослые,,1 шт.,,,
26295,378,АЛФАВИТ 50+ ТАБЛ. №60 | ВНЕШТОРГ ФАРМА ООО | ВНЕШТОРГ ФАРМА ООО,vitamin_or_baa,,0.82,"Препарат представляет собой витаминно-минеральный комплекс для взрослых, на что указывает название «АЛФАВИТ 50+». Форма выпуска — таблетки №60, возрастной сигнал — «50+», состав многокомпонентный.",True,,pending_fallback,direction_select,,semantic_primary,success,внутрь,таблетки,взрослые,Комплекс,,АЛФАВИТ 50+,,,,комплексные профили,,перорально,,таблетки,,,,взрослые,,60 таблеток,,многокомпонентный витаминно-минеральный комплекс,
26346,378,АЛТАЙ №7 ЗДОРОВЫЕ СОСУДЫ С МЕЛИССОЙ ФИТОЧАЙ Ф/П 2Г №20 | АЛТАЙСКИЙ КЕДР ООО | АЛТАЙСКИЙ КЕДР ООО,vitamin_or_baa,,0.75,"Это фиточай на основе трав для поддержки сосудов, поэтому МНН указан как комплекс. Применяется внутрь в виде чая в фильтр-пакетах по 2 г. Возрастная группа не указана, поэтому принята универсальной.",True,,pending_fallback,direction_select,,semantic_primary,success,внутрь,фиточай,универсальный,Комплекс,,Алтай №7,,,,парафармацевтики,,перорально,,фильтр-пакеты,,2 г,,универсальный,,20 фильтр-пакетов по 2 г,,комбинированный,
26410,378,АЛЛОХОЛ ТАБЛ. П/О №50 ВИФИТЕХ | ВИФИТЕХ | ВИФИТЕХ,drug,,0.8,"Аллохол — комбинированное желчегонное средство, принимается внутрь. В названии указана форма таблеток в оболочке и упаковка №50, дозировка не приведена. Препарат отпускается без рецепта.",True,,pending_fallback,direction_select,,semantic_primary,success,внутрь,"таблетки, покрытые оболочкой",взрослые,,,Аллохол,,otc,,желчегонное средство,,перорально,,таблетки,,,,взрослые,,№50,,true,
26443,379,"АЛКОН DAILIES TOTAL 1 МЯГКИЕ КОНТАКТНЫЕ ЛИНЗЫ №30 /-6,00/ | АЛКОН ЛАБОРАТОРИС ИНК. | АЛКОН ЛАБОРАТОРИС ИНК.",medical_device,clinical_like,0.9,"Мягкие контактные линзы Alcon Dailies Total 1, профиль медицинского изделия клинический. MNN, рецептурность и нозология неприменимы; указаны форма выпуска, диоптрия и упаковка. Возраст явно не указан, поэтому выбран универсальный.",True,,pending_fallback,direction_select,,semantic_primary,success,офтальмологическое применение,мягкие контактные линзы,универсальный,,,DAILIES TOTAL 1,,,,,,офтальмологический,,,,"-6,00 дптр",,универсальный,,№30 (30 линз),,,
26468,379,"АЛКОН AIR OPTIX AQUA МЯГКИЕ КОНТАКТНЫЕ ЛИНЗЫ №3 /-6,50/ | АЛКОН ЛАБОРАТОРИС ИНК. | АЛКОН ЛАБОРАТОРИС ИНК.",medical_device,clinical_like,0.8,"Мягкие контактные линзы Air Optix Aqua производства Alcon, упаковка №3, оптическая сила -6,50 дптр. Медицинское изделие, возраст не указан, поэтому выбран универсальный возрастной сегмент.",True,,pending_fallback,direction_select,,semantic_primary,success,офтальмологически,мягкие контактные линзы,универсальный,,,Air Optix Aqua,,,,,,офтальмологический,,,,"-6,50 дптр",,универсальный,,№3 (3 линзы),,,
26540,379,АЛГЕЗИР УЛЬТРА ТАБЛ. П/ПЛЕН/ОБ. 275МГ №10 | ОБОЛЕНСКОЕ ФП АО | ОБОЛЕНСКОЕ ФП АО,drug,,0.6,"В тексте указано торговое наименование и лекарственная форма, но действующее вещество явно не читается, поэтому МНН не заполнен. Препарат относится к группе обезболивающих/жаропонижающих средств, выпускается в форме таблеток по 275 мг №10. Детских сигналов нет, поэтому возрастной сегмент определён как взрослые.",True,,pending_fallback,direction_select,,semantic_primary,success,внутрь,"таблетки, покрытые плёночной оболочкой",взрослые,,,Алгезир Ультра,,otc,,анальгетик-антипиретик,,перорально,,таблетки,,275 мг,,взрослые,,10 таблеток (№10),,false,
26619,379,"АКУВЬЮ OASYS WITH HYDRALUX КОНТАКТНЫЕ ЛИНЗЫ 8,5/14,3 №30 /-3,75/ | JOHNSON &JOHNSON VISION CARE, INC | JOHNSON &JOHNSON VISION CARE, INC",medical_device,clinical_like,0.78,"Медицинское изделие — контактные линзы Acuvue Oasys with HydraLux. По тексту определены форма выпуска, параметры линзы и упаковка №30. Возраст явно не указан, МНН и рецептурный статус неприменимы.",True,,pending_fallback,direction_select,,semantic_primary,success,офтальмологически,контактные линзы,универсальный,,,АКУВЬЮ OASYS WITH HYDRALUX,,,,,,офтальмологический,,,,"8,5/14,3, -3,75 дптр",,универсальный,,30 линз (№30),,,
26636,379,"АКУВЬЮ OASYS WITH HYDRACLEAR PLUS ДВУХНЕДЕЛЬНЫЕ КОНТАКТНЫЕ ЛИНЗЫ №6 /-3,75/ | JOHNSON &JOHNSON VISION CARE, INC | JOHNSON &JOHNSON VISION CARE, INC",medical_device,clinical_like,0.75,"Это двухнедельные контактные линзы Acuvue Oasys, упаковка №6 с оптической силой -3,75. МНН и рецептурный статус для медизделия не применимы. Возраст явно не указан, поэтому выбран универсальный сегмент.",True,,pending_fallback,direction_select,,semantic_primary,success,офтальмологический,контактные линзы,универсальный,,,АКУВЬЮ OASYS WITH HYDRACLEAR PLUS,,,,,,офтальмологический,,,,"оптическая сила -3,75 дптр",,универсальный,,6 линз,,,
26690,379,АКТИФРУТ ГЕМАТОГЕН ФОРТЕ ДЕТСКИЙ 40Г | МЯСНОЙ КРАЙ ООО | МЯСНОЙ КРАЙ ООО,vitamin_or_baa,,0.6,"БАД для детей — гематоген; активный состав в тексте не раскрыт, поэтому МНН и разовая дозировка не заполнены. Форма заявлена как жевательный батончик, путь приёма — внутрь, возрастной сегмент — дети по слову «детский», упаковка 40 г.",True,,pending_fallback,direction_select,,semantic_primary,success,внутрь,жевательный батончик,дети,,,Актифрут,,,,нутрицевтики,,перорально,,таблетки жевательные,,,,дети,,40 г,,,
26747,379,"АКРИДЕРМ ГК КРЕМ Д/НАРУЖ. ПРИМ. 0,05%+0,1%+1% ТУБА 30Г | АКРИХИН ХФК АО | АКРИХИН ХФК АО",drug,,0.8,"По тексту определены торговое наименование, лекарственная форма, способ применения и концентрации компонентов. МНН в тексте явно не указано, поэтому оставлено пустым.",True,,pending_fallback,direction_select,,semantic_primary,success,наружно,крем,взрослые,,,Акридерм ГК,,рецептурный,,дерматологические средства,,наружно,,крем,,"0,05%+0,1%+1%",,взрослые,,туба 30 г,,комбинированный (3 компонента),
26877,379,АКВАДЕТРИМ ТАБЛ. РАСТВОРИМ. 2000МЕ №60 | АКРИХИН ХФК АО | АКРИХИН ХФК АО,drug,,0.65,"Препарат Аквадетрим в форме растворимых таблеток, дозировка 2000 МЕ; по бренду и дозировке относится к витамину D. Явное МНН в тексте отсутствует, поэтому mnn не заполнен.",True,,pending_fallback,direction_select,,semantic_primary,success,прием внутрь,таблетки растворимые,взрослые,,,Аквадетрим,,безрецептурный,,Дефицит витамина D,,перорально,,таблетки,,2000 МЕ,,взрослые,,60 таблеток,,,
27054,379,АЕВИТ КАПС. №30 МИНСКИНТЕРКАПС | МИНСКИНТЕРКАПС УП | МИНСКИНТЕРКАПС УП,vitamin_or_baa,,0.76,"Это комбинированный витаминный препарат Аевит в капсулах, упаковка №30; дозировка не указана. По составу это комплекс витаминов А и Е, поэтому mnn=«Комплекс», nosology=«комплексные профили». Возраст явно не указан, но для данного средства принята группа «взрослые».",True,,pending_fallback,direction_select,,semantic_primary,success,внутрь,капсулы,взрослые,Комплекс,,АЕВИТ,,,,комплексные профили,,перорально,,капсулы,,,,взрослые,,30 капсул,,комбинация витаминов А и Е,
27085,379,АД НОРМА КАПС. №60 | ВИС ООО | ВИС ООО,vitamin_or_baa,,0.55,"Товар относится к БАД, в тексте указана торговая марка «АД НОРМА» и форма выпуска «капсулы №60». Действующие вещества не перечислены, поэтому МНН и дозировка не заполнены. Нозология определена предположительно как парафармацевтики, так как средство ориентировано на поддержку организма при проблемах с давлением.",True,,pending_fallback,direction_select,,semantic_primary,success,внутрь,капсулы,универсальный,,,АД НОРМА,,,,парафармацевтики,,перорально,,капсулы,,,,универсальный,,60 капсул,,,
27124,380,АГРИ ДЕТСКИЙ ТАБЛ. ГОМЕОП. №40 | МАТЕРИА МЕДИКА ХОЛДИНГ НПФ | МАТЕРИА МЕДИКА ХОЛДИНГ НПФ,drug,,0.7,"По тексту определен детский гомеопатический препарат Агри в таблетках; показания типичны для ОРВИ/гриппа. МНН не указан, но в названии есть возрастной сегмент и размер упаковки №40. Препарат является безрецептурным.",True,,pending_fallback,direction_select,,semantic_primary,success,внутрь,таблетки гомеопатические,дети,,,Агри Детский,,безрецептурный,,ОРВИ/грипп (гомеопатическое),,перорально,,таблетки,,,,дети,,40 таблеток,,гомеопатический комплекс,
27184,380,АВЕНТ СОСКА СИЛИКОНОВАЯ CLASSIC+ ДЛЯ ГУСТЫХ ЖИДКОСТЕЙ 6МЕС+ №2 SCF636/27 | Philips Consumer Lifestyle B.V | Philips Consumer Lifestyle B.V,medical_device,hygiene_like,0.9,"Товар представляет собой силиконовую соску/насадку для бутылочки для густых жидкостей Philips Avent, предназначенную для детей от 6 месяцев. По профилю медицинского изделия (гигиенический тип) заполнены бренд, возрастной сегмент и упаковка, остальные поля неприменимы.",True,,pending_fallback,direction_select,,semantic_primary,success,,,дети,,,Philips Avent,,,,,,не применимо,,не применимо,,,,дети,,№2,,,
27244,380,АВЕН КСЕРАКАЛЬМ А.Д. БАЛЬЗАМ ЛИПИДОВОСПОЛНЯЮЩИЙ 400МЛ | PIERRE FABRE DERMOCOSMETIQUE | PIERRE FABRE DERMOCOSMETIQUE,cosmetic_hygiene,,0.8,"Косметический липидовосполняющий бальзам, применяется наружно. Возрастной сегмент не указан, поэтому выбран универсальный. МНН, дозировка и комбинационный признак не применимы для косметического средства.",True,,pending_fallback,direction_select,,semantic_primary,success,наружно,бальзам,универсальный,,,Авен,,,,,,наружно,,,,,,универсальный,,400 мл,,,
27307,380,"VITIME GUMMY ПРЕБИОТИК ПАСТИЛКИ ЖЕВ. СО ВКУСОМ МАЛИНЫ ПО 2,5Г №30 | ВТФ ООО | ВТФ ООО",vitamin_or_baa,,0.72,"Пребиотик в форме жевательных пастилок принимается внутрь; из текста определены пероральный путь, форма, дозировка 2,5 г и упаковка 30 пастилок. Возраст не указан, поэтому выбран универсальный сегмент. МНН и конкретный состав в наименовании не раскрыты.",True,,pending_fallback,direction_select,,semantic_primary,success,перорально,пастилки жевательные,универсальный,,,VITIME,,,,эубиотики,,перорально,,таблетки жевательные,,"2,5 г",,универсальный,,30 пастилок,,,
27357,380,TETRALAB ХРОМ ХЕЛАТ ГЛИЦИНАТ ТАБЛ. 170МГ №90 | КВАДРАТ-С ООО | КВАДРАТ-С ООО,vitamin_or_baa,,0.9,"БАД TETRALAB Хром хелат глицинат содержит отдельный нутриент хром, выпускается в таблетках по 170 мг, в упаковке 90 штук. Возрастная категория не указана, поэтому выбрана универсальная.",True,,pending_fallback,direction_select,,semantic_primary,success,внутрь,таблетки,универсальный,Хром,,TETRALAB,,,,отдельные нутриенты,,перорально,,таблетки,,170 мг,,универсальный,,90 таблеток,,монопрепарат,
27425,380,SILVER CARE (СИЛЬВЕР КЭА) ЗУБНАЯ ПАСТА С СЕРЕБРОМ ДЕТСКАЯ ЭКОЛОГИЧНАЯ ЗАЩИТА ДЛЯ ДЕВОЧЕК 50МЛ 3-6ЛЕТ | Зеленая дубрава ЗАО | Зеленая дубрава ЗАО,cosmetic_hygiene,,0.9,"Зубная паста Silver Care позиционируется как детская для 3–6 лет, поэтому возрастной сегмент — дети. Форма выпуска — зубная паста, путь применения местный, объем указан как 50 мл.",True,,pending_fallback,direction_select,,semantic_primary,success,местно,зубная паста,дети,,,Silver Care,,,,,,,,,,,,дети,,50 мл,,,
27480,380,RESOURCE PROTEIN СМЕСЬ С ВЫСОКИМ СОДЕРЖАНИЕМ БЕЛКА СО ВКУСОМ ВАНИЛИ 200МЛ | НЕСТЛЕ ХЕЛС САЙНС ФРАНС | НЕСТЛЕ ХЕЛС САЙНС ФРАНС,other,,0.75,"Продукт относится к категории «другое» (специализированное питание), поэтому большинство лекарственных атрибутов неприменимо. Из текста виден бренд RESOURCE и объём 200 мл. Возраст явно не указан, но такие высокобелковые смеси обычно предназначены для взрослых.",True,,pending_fallback,direction_select,,semantic_primary,success,,,взрослые,,,RESOURCE,,,,,,не применимо,,не применимо,,,,взрослые,,200 мл,,,
27575,380,MIONI МАСЛО-БЛЕСК ДЛЯ ГУБ PINK PLUSH 5МЛ | Народные промыслы | Народные промыслы,cosmetic_hygiene,,0.85,"Продукт относится к косметическим средствам для губ — масло-блеск MIONI. Значимыми атрибутами являются бренд, форма выпуска, способ применения и объём; остальные клинические параметры неприменимы.",True,,pending_fallback,direction_select,,semantic_primary,success,наружно,блеск для губ,универсальный,,,MIONI,,,,,,наружно,,,,,,универсальный,,5 мл,,,
27624,380,MANTRA ТИРОЗИН КАПС. 620МГ №90 | НУТРИМИКС ООО | НУТРИМИКС ООО,vitamin_or_baa,,0.9,"Монокомпонентный БАД, содержит тирозин в капсулах по 620 мг, в упаковке 90 штук. Возрастных указаний нет, поэтому возрастной сегмент универсальный.",True,,pending_fallback,direction_select,,semantic_primary,success,внутрь,капсулы,универсальный,Тирозин,,MANTRA,,,,отдельные нутриенты,,перорально,,капсулы,,620 мг,,универсальный,,90 капсул,,монокомпонентный,
27638,380,L-МЕТИЛФОЛАТ ТАБЛ. П/О ПО 165МГ №90 КВАДРАТ-С | КВАДРАТ-С ООО | КВАДРАТ-С ООО,vitamin_or_baa,,0.8,"БАД содержит один активный нутриент — L-метилфолат, выпускается в форме таблеток, покрытых оболочкой, по 165 мг, в упаковке 90 штук. Возрастных указаний нет, поэтому сегмент универсальный; бренд в тексте явно не выделен.",True,,pending_fallback,direction_select,,semantic_primary,success,внутрь,"таблетки, покрытые оболочкой",универсальный,L-метилфолат,,,,,,отдельные нутриенты,,перорально,,таблетки,,165 мг,,универсальный,,90 таблеток,,монокомпонентный,
27704,381,LADY HENNA ХНА НАТУРАЛЬНАЯ 100Г | КРИЭЙТИВ РИСЕЧ ЛАБС ПВТ. ЛТД | КРИЭЙТИВ РИСЕЧ ЛАБС ПВТ. ЛТД,cosmetic_hygiene,,0.85,"Продукт «LADY HENNA хна натуральная 100 г» относится к косметическим средствам для окрашивания волос и применяется наружно. МНН, рецептурный статус и нозология неприменимы, возрастная категория явно не указана, поэтому указана универсальная.",True,,pending_fallback,direction_select,,semantic_primary,success,наружно,порошок,универсальный,,,LADY HENNA,,,,,,наружно,,порошок,,,,универсальный,,100 г,,,
27838,381,GLS КЕРАТИН КАПС. ПО 350МГ №60 | ГЛОБАЛ ХЭЛФКЕАР ООО | ГЛОБАЛ ХЭЛФКЕАР ООО,vitamin_or_baa,,0.9,"Товар представляет собой БАД GLS Кератин в капсулах по 350 мг, в упаковке 60 штук. В названии указан единственный действующий компонент — кератин, поэтому mnn и combination_hint отражают монопрепарат. Возрастная группа явно не указана, поэтому для БАД выбран универсальный сегмент.",True,,pending_fallback,direction_select,,semantic_primary,success,внутрь,капсулы,универсальный,Кератин,,GLS,,,,нутрицевтики,,перорально,,капсулы,,350 мг,,универсальный,,60 капсул,,монокомпонентный,
27860,381,GLS ВИТЕКС КАПС. ПО 320МГ №60 | ГЛОБАЛ ХЭЛФКЕАР ООО | ГЛОБАЛ ХЭЛФКЕАР ООО,vitamin_or_baa,,0.82,"Средство относится к БАД, действующее вещество (витекс) не является нутриентом/витамином, поэтому МНН не указан. Из текста считаны форма «капсулы», дозировка 320 мг и упаковка 60 капсул. Для БАД без возрастного указания выбран универсальный сегмент.",True,,pending_fallback,direction_select,,semantic_primary,success,внутрь,капсулы,универсальный,,,GLS,,,,парафармацевтики,,перорально,,капсулы,,320 мг,,универсальный,,60 капсул,,монокомпонентный,
27882,381,GLS АРТУРОН КАПС. 500МГ №50 | ГЛОБАЛ ХЭЛФКЕАР ООО | ГЛОБАЛ ХЭЛФКЕАР ООО,vitamin_or_baa,,0.55,"БАД для опорно-двигательного аппарата. Состав не указан, поэтому МНН не определяется; по классу отнесён к парафармацевтикам. Препарат в капсулах по 500 мг, принимаемых внутрь, упаковка №50. Возрастных указаний нет, поэтому возрастной сегмент универсальный.",True,,pending_fallback,direction_select,,semantic_primary,success,внутрь,капсулы,универсальный,,,Артурон,,,,парафармацевтики,,перорально,,капсулы,,500 мг,,универсальный,,50 капсул,,,
27992,381,"DR. MYBO ПСИЛЛИУМ КАПС. ПО 0,475Г №90 | УДАЧА ООО | УДАЧА ООО",vitamin_or_baa,,0.72,"Монокомпонентная БАД с псиллиумом; из текста видны форма капсул, дозировка 0,475 г и упаковка 90 капсул. Rx/OTC не применим для БАД, возрастных ограничений нет.",True,,pending_fallback,direction_select,,semantic_primary,success,внутрь,капсулы,универсальный,Псиллиум,,DR. MYBO,,,,отдельные нутриенты,,перорально,,капсулы,,"0,475 г",,универсальный,,90 капсул,,монокомпонентный,
28074,381,CONSUMED ЛИКОНТИН-КОМФОРТ Р-Р ДЛЯ КОНТАКТНЫХ ЛИНЗ 18МЛ | МЕДСТАР НПФ ООО | МЕДСТАР НПФ ООО,medical_device,clinical_like,0.82,"Продукт представляет собой медицинское изделие для ухода за контактными линзами — раствор объёмом 18 мл. Действующее вещество и рецептурный статус не применимы, возрастные ограничения в тексте отсутствуют, поэтому возрастной сегмент выбран универсальным.",True,,pending_fallback,direction_select,,semantic_primary,success,офтальмологически,раствор,универсальный,,,Ликонтин-комфорт,,,,,,офтальмологический,,раствор,,,,универсальный,,18 мл,,,
28197,381,BIOREPAIR ЩЕТКА ЗУБНАЯ ИЗОГНУТАЯ ДЕТСКАЯ С 12 ЛЕТ | COSWELL S.P.A. | COSWELL S.P.A.,medical_device,hygiene_like,0.95,"Товар — детская зубная щетка BIOREPAIR, медицинское изделие гигиенического профиля. Возраст указан явно: детская с 12 лет, поэтому age_segment=дети. Остальные фармацевтические атрибуты неприменимы.",True,,pending_fallback,direction_select,,semantic_primary,success,,,дети,,,BIOREPAIR,,,,,,не применимо,,не применимо,,,,дети,,,,,
28282,381,AWOCHACTIVE КОЛЛАГЕН МОРСКОЙ КАПС. ПО 770МГ №60 | АРСЕНАЛ АТЛЕТА ООО | АРСЕНАЛ АТЛЕТА ООО,vitamin_or_baa,,0.85,"БАД в форме капсул по 770 мг содержит морской коллаген как монокомпонентное действующее вещество. Препарат принимается внутрь, в названии нет возрастных ограничений. По типу относится к отдельным нутриентам.",True,,pending_fallback,direction_select,,semantic_primary,success,внутрь,капсулы,универсальный,Коллаген,,AWOCHACTIVE,,,,отдельные нутриенты,,перорально,,капсулы,,770 мг,,универсальный,,60 капсул,,монокомпонентный,
28449,381,911 ХОНДРОИТИН ГЕЛЬ-БАЛЬЗАМ ДЛЯ СУСТАВОВ 100МЛ | ТВИНС ТЭК АО | ТВИНС ТЭК АО,cosmetic_hygiene,,0.8,"Средство представляет собой гель-бальзам для наружного применения; в тексте указан объём 100 мл. Возрастных ограничений не указано, поэтому возрастной сегмент выбран как универсальный. Бренд 911 распознан по началу названия.",True,,pending_fallback,direction_select,,semantic_primary,success,наружно,гель-бальзам,универсальный,,,911,,,,,,наружно,,гель,,,,универсальный,,100 мл,,,
28529,381,7 НОТ ЗДОРОВЬЯ БАДЯГА ГЕЛЬ ОТ УГРЕВОЙ СЫПИ И ПИГМЕНТНЫХ ПЯТЕН 50МЛ | КОРОЛЕВ ФАРМ ООО | КОРОЛЕВ ФАРМ ООО,cosmetic_hygiene,,0.75,"Косметический гель для наружного применения от угревой сыпи и пигментных пятен. МНН, рецептурность, нозология и дозировка не применимы для данного типа продукта. Возрастная группа универсальная, объём 50 мл.",True,,pending_fallback,direction_select,,semantic_primary,success,наружно,гель,универсальный,,,7 НОТ ЗДОРОВЬЯ,,,,,,наружно,,гель,,,,универсальный,,50 мл,,,
