normalized_text,product_id,product_kind,attr_mnn,attr_rx_otc,attr_brand,attr_dosage,attr_dosage_form,attr_package_hint,mnn_uteka,rx_uteka,url_uteka,title_uteka,brand_uteka,form_uteka,dose_uteka,pack_uteka,match_score_uteka,match_status_uteka,source_class_uteka,query_uteka,ladder_step_uteka,fetched_at_uteka,http_status_uteka,parser_version_uteka,error_uteka,mnn_asna,rx_asna,url_asna,title_asna,brand_asna,form_asna,dose_asna,pack_asna,match_score_asna,match_status_asna,source_class_asna,query_asna,ladder_step_asna,fetched_at_asna,http_status_asna,parser_version_asna,error_asna,mnn_apteka,rx_apteka,url_apteka,title_apteka,brand_apteka,form_apteka,dose_apteka,pack_apteka,match_score_apteka,match_status_apteka,source_class_apteka,query_apteka,ladder_step_apteka,fetched_at_apteka,http_status_apteka,parser_version_apteka,error_apteka,mnn_vidal,rx_vidal,url_vidal,title_vidal,brand_vidal,form_vidal,dose_vidal,pack_vidal,match_score_vidal,match_status_vidal,source_class_vidal,query_vidal,ladder_step_vidal,fetched_at_vidal,http_status_vidal,parser_version_vidal,error_vidal,mnn_stolichki,rx_stolichki,url_stolichki,title_stolichki,brand_stolichki,form_stolichki,dose_stolichki,pack_stolichki,match_score_stolichki,match_status_stolichki,source_class_stolichki,query_stolichki,ladder_step_stolichki,fetched_at_stolichki,http_status_stolichki,parser_version_stolichki,error_stolichki
ХАЙЛЕФЛОКС 500мг N5 таб. покрытые пленочной оболочкой Хайгланс Лабораториз Пвт.Лтд. | Хайгланс лабораториз пвт. Лтд | Хайгланс лабораториз пвт. Лтд | N5,8,drug,Левофлоксацин,rx,Хайлефлокс,500 мг,таблетки,N5,Левофлоксацин,rx,https://uteka.ru/product/hajlefloks-238472/,"Хайлефлокс, 500 мг, табл. п.п.о, 5 шт.",,таблетки,500мг,5,1.0000,,product_card,Хайлефлокс 500 мг таблетки,exact,2026-08-13T19:21:24+00:00,0,mnn_source_identity_v1,,Левофлоксацин,rx,https://www.asna.ru/cards/khaylefloks_500mg_n5_tab_khayglans_laboratoriz_pvtltd.html,/cards/khaylefloks_500mg_n5_tab_khayglans_laboratoriz_pvtltd.html,,,,,0.5000,,product_card,Хайлефлокс 500 мг таблетки,exact,2026-08-13T19:21:24+00:00,0,mnn_source_identity_v1,,,,,,,,,,0.0000,,search_only,ХАЙЛЕФЛОКС 500мг таб. покрытые пленочной оболочкой Хайгланс Лабораториз Пвт.Лтд 500 мг таблетки,generic,,,mnn_source_identity_v1,not_found,Левофлоксацин,rx,https://www.vidal.ru/drugs/hileflox__28594,Хайлефлокс,,,,,1.0000,,product_card,Хайлефлокс 500 мг таблетки,exact,2026-08-13T19:21:25+00:00,0,mnn_source_identity_v1,,,,,,,,,,0.0000,,search_only,ХАЙЛЕФЛОКС 500мг таб. покрытые пленочной оболочкой Хайгланс Лабораториз Пвт.Лтд 500 мг таблетки,generic,,,mnn_source_identity_v1,search:antibot
"НАТРИЯ ХЛОРИД 0,9% 400мл N12 р-р д/инфузий Биосинтез | Биосинтез ПАО | Биосинтез ПАО | N12",10,drug,Натрия хлорид,rx,,"0,9%",раствор,400мл N12,Натрия хлорид,rx,https://uteka.ru/product/natriya-hlorid-25903/,"Натрия хлорид, 0.9%, р-р д/инф, 400 мл, 1 шт.",,раствор,400мл,1,0.6000,,product_card,"НАТРИЯ ХЛОРИД 0,9% 400мл 0,9% раствор",exact,2026-08-13T19:21:25+00:00,0,mnn_source_identity_v1,,,,https://www.asna.ru/cards/natriya_khlorid_09_200ml_n1_r-r_dinfuziy_fl_pe_groteks.html,/cards/natriya_khlorid_09_200ml_n1_r-r_dinfuziy_fl_pe_groteks.html,,,,,0.0000,,search_only,"НАТРИЯ ХЛОРИД 0,9% 400мл",fallback,2026-08-13T19:21:25+00:00,0,mnn_source_identity_v1,low_match,,,https://apteka.ru/product/niczergolin-binergiya-4-mg-liofilizat-dlya-prigotovleniya-rastvora-dlya-inekczij-ampuly-5-sht--rastvoritel-natriya-xlorid-09-5-ml-ampuly-5-sht-696dedf6c3024b4301fd5b1e/,niczergolin binergiya 4 mg liofilizat dlya prigotovleniya rastvora dlya inekczij ampuly 5 sht  rastvoritel natriya xlorid 09 5 ml ampuly 5 sht,,,,,0.0900,,search_only,"НАТРИЯ ХЛОРИД 0,9% 400мл",fallback,2026-08-13T19:21:26+00:00,0,mnn_source_identity_v1,low_match,,,https://www.vidal.ru/drugs/products,По алфавиту,,по,,,0.0000,,search_only,"НАТРИЯ ХЛОРИД 0,9% 400мл",fallback,2026-08-13T19:21:26+00:00,0,mnn_source_identity_v1,low_match,,,,,,,,,0.0000,,search_only,"НАТРИЯ ХЛОРИД 0,9% 400мл",fallback,,,mnn_source_identity_v1,search:antibot
МЕРИФАТИН МВ 750мг N60 таб. с пролонгированным высвобождением Фармасинтез-Тюмень ООО | Фармасинтез-Тюмень ООО | Фармасинтез-Тюмень ООО | N60,28,drug,Мерифатин,rx,Мерифатин,750 мг,таблетки,60 таблеток,Метформин,rx,https://uteka.ru/product/merifatin-mv-376881/,"Мерифатин МВ, 750 мг, табл. с пролонг. высвоб, 60 шт.",,таблетки,750мг,60,1.0000,,product_card,Мерифатин 750 мг таблетки,exact,2026-08-13T19:21:26+00:00,0,mnn_source_identity_v1,,Метформин,rx,https://www.asna.ru/cards/merifatin_mv_750mg_n60_tab_s_prolongirovannym_vysvobozhdeniem_farmasintez-tyumen_ooo.html,/cards/merifatin_mv_750mg_n60_tab_s_prolongirovannym_vysvobozhdeniem_farmasintez-tyumen_ooo.html,,,,,0.5000,,product_card,Мерифатин 750 мг таблетки,exact,2026-08-13T19:21:26+00:00,0,mnn_source_identity_v1,,Метформин,rx,https://apteka.ru/product/merifatin-mv-750-mg-60-sht-blister-tabletki-s-prolongirovannym-vysvobozhdeniem-622b16f05032e8d0b17c8ece/,merifatin mv 750 mg 60 sht blister tabletki s prolongirovannym vysvobozhdeniem,,,,,1.0000,,product_card,Мерифатин 750 мг таблетки,exact,2026-08-13T19:21:26+00:00,0,mnn_source_identity_v1,,Метформин,rx,https://www.vidal.ru/drugs/merifatin-mb-1,Мерифатин МВ,,,,,1.0000,,product_card,Мерифатин 750 мг таблетки,exact,2026-08-13T19:21:26+00:00,0,mnn_source_identity_v1,,,,,,,,,,0.0000,,search_only,МЕРИФАТИН МВ 750мг таб. с пролонгированным высвобождением Фармасинтез-Тюмень ООО 750 мг таблетки,generic,,,mnn_source_identity_v1,search:antibot
МЕЛАДАПТ 3мг N10 таб. покрытые пленочной оболочкой Озон ООО | Озон ООО | Озон ООО | N10,34,drug,,rx,Меладапт,3 мг,таблетки,10 таблеток,Мелатонин,otc,https://uteka.ru/product/meladapt-376844/,"Меладапт, 3 мг, табл. п.п.о, 30 шт.",,таблетки,3мг,30,1.0000,,product_card,Меладапт 3 мг таблетки,exact,2026-08-13T19:21:28+00:00,0,mnn_source_identity_v1,,Мелатонин,otc,https://www.asna.ru/cards/meladapt_3mg_n30_tab_pokrytye_plenochnoy_obolochkoy_ozon_ooo.html,/cards/meladapt_3mg_n30_tab_pokrytye_plenochnoy_obolochkoy_ozon_ooo.html,,,,,0.4000,,product_card,Меладапт 3 мг таблетки,exact,2026-08-13T19:21:29+00:00,0,mnn_source_identity_v1,,Мелатонин,,https://apteka.ru/product/meladapt-3-mg-60-sht-tabletki-pokrytye-plenochnoj-obolochkoj-blister-668e719cdf37923de79b4156/,meladapt 3 mg 60 sht tabletki pokrytye plenochnoj obolochkoj blister,,,,,1.0000,,product_card,Меладапт 3 мг таблетки,exact,2026-08-13T19:21:30+00:00,0,mnn_source_identity_v1,,Мелатонин,otc,https://www.vidal.ru/drugs/meladapt,Меладапт,,,,,1.0000,,product_card,Меладапт 3 мг таблетки,exact,2026-08-13T19:21:30+00:00,0,mnn_source_identity_v1,,,,,,,,,,0.0000,,search_only,МЕЛАДАПТ 3мг таб. покрытые пленочной оболочкой Озон ООО 3 мг таблетки,generic,,,mnn_source_identity_v1,search:antibot
АКВИОН КОЖА ВОЛОСЫ НОГТИ таб. N60 ВТФ ООО | ВТФ ООО | ВТФ ООО | N60,45,drug,,otc,АКВИОН,,таблетки,N60,,,https://uteka.ru/product/akvion-multivitaminy-dlya-zhenshhin-384682/,"Аквион мультивитамины для женщин, табл. п.п.о, 60 шт.",,таблетки,,60,0.9500,,product_card,АКВИОН таблетки,exact,2026-08-13T19:21:32+00:00,0,mnn_source_identity_v1,,Биотин,otc,https://www.asna.ru/cards/akvion_biotin_tab_600mkg_n60_biosfera_ooo.html,/cards/akvion_biotin_tab_600mkg_n60_biosfera_ooo.html,,,,,0.4000,,product_card,АКВИОН таблетки,exact,2026-08-13T19:21:33+00:00,0,mnn_source_identity_v1,,,,https://apteka.ru/product/akvion-morskoj-kollagen-50-sht-tabletki-zhevatelnye-massoj-1960-mg-63ff859c222122894ef0f212/,akvion morskoj kollagen 50 sht tabletki zhevatelnye massoj 1960 mg,,,,50,1.0000,,product_card,АКВИОН таблетки,exact,2026-08-13T19:21:33+00:00,0,mnn_source_identity_v1,,,,https://www.vidal.ru/drugs/products,По алфавиту,,по,,,0.0000,,search_only,АКВИОН КОЖА ВОЛОСЫ НОГТИ таб. ВТФ ООО таблетки,generic,2026-08-13T19:21:35+00:00,0,mnn_source_identity_v1,low_match,,,,,,,,,0.0000,,search_only,АКВИОН КОЖА ВОЛОСЫ НОГТИ таб. ВТФ ООО таблетки,generic,,,mnn_source_identity_v1,search:antibot
ГЕПАРИН 5000ЕД/мл 5мл N5 р-р для в/в и п/к введения Армавирская биологическая фабрика фгуп | Армавирская биологическая фабрика фгуп | Армавирская биологическая фабрика фгуп | N5,54,drug,Гепарин натрия,rx,,5000 ЕД/мл,раствор,5 мл №5,,,,,,,,,0.0000,,search_only,ГЕПАРИН 5000ЕД/мл 5мл 5000 ЕД/мл,short,,,mnn_source_identity_v1,not_found,,,https://www.asna.ru/cards/geparin_25g_maz_dnaruzhnogo_primeneniya_nizhfarm.html,/cards/geparin_25g_maz_dnaruzhnogo_primeneniya_nizhfarm.html,,,,,0.0000,,search_only,ГЕПАРИН 5000ЕД/мл 5мл 5000 ЕД/мл,short,2026-08-13T19:21:38+00:00,200,mnn_source_identity_v1,low_match,Гепарин натрия,rx,https://apteka.ru/product/geparin-natriya-5000-meml-5-ml-5-sht-ampuly-rastvor-dlya-vnutrivennogo-i-podkozhnogo-vvedeniya-5e327824ca7bdc0001934929/,geparin natriya 5000 meml 5 ml 5 sht ampuly rastvor dlya vnutrivennogo i podkozhnogo vvedeniya,,,,,0.2571,,product_card,ГЕПАРИН 5000ЕД/мл 5мл 5000 ЕД/мл раствор,exact,2026-08-13T19:21:39+00:00,0,mnn_source_identity_v1,,,,https://www.vidal.ru/drugs/products,По алфавиту,,по,,,0.0000,,search_only,ГЕПАРИН 5000ЕД/мл 5мл 5000 ЕД/мл,short,2026-08-13T19:21:39+00:00,0,mnn_source_identity_v1,low_match,,,,,,,,,0.0000,,search_only,ГЕПАРИН 5000ЕД/мл 5мл 5000 ЕД/мл,short,,,mnn_source_identity_v1,search:antibot
РИТОФЛЕКС МСМ таб. N60 Фармацевтическая Фабрика ООО | Фармацевтическая фабрика ООО | Фармацевтическая фабрика ООО | N60,56,drug,,,РИТОФЛЕКС МСМ,,таблетки,60 таблеток,,,https://uteka.ru/product/ritofleks-msm-373459/,"Ритофлекс МСМ, 500мг + 400мг, табл, 1.3 г, 60 шт.",,таблетки,500мг,60,1.0000,,product_card,РИТОФЛЕКС МСМ таблетки,exact,2026-08-13T19:21:41+00:00,0,mnn_source_identity_v1,,Глюкозамин+Хондроитин+MSM,,https://www.asna.ru/cards/ritofleks_msm_tab_n60_farmatsevticheskaya_fabrika_ooo.html,/cards/ritofleks_msm_tab_n60_farmatsevticheskaya_fabrika_ooo.html,,,,,0.4000,,product_card,РИТОФЛЕКС МСМ таблетки,exact,2026-08-13T19:21:42+00:00,0,mnn_source_identity_v1,,"Глюкозамин, Хондроитинсульфат",,https://apteka.ru/product/erzig-ritofleks-msm-60-sht-tabletki-massoj-13-g-6881ca52930d4277140351ba/,erzig ritofleks msm 60 sht tabletki massoj 13 g,,,,,0.4500,,product_card,РИТОФЛЕКС МСМ таблетки,exact,2026-08-13T19:21:42+00:00,0,mnn_source_identity_v1,,,,https://www.vidal.ru/drugs/products,По алфавиту,,по,,,0.0000,,search_only,РИТОФЛЕКС МСМ таб. Фармацевтическая Фабрика ООО таблетки,generic,2026-08-13T19:21:43+00:00,0,mnn_source_identity_v1,low_match,,,,,,,,,0.0000,,search_only,РИТОФЛЕКС МСМ таб. Фармацевтическая Фабрика ООО таблетки,generic,,,mnn_source_identity_v1,search:antibot
ДИКЛОФЕНАК 25мг/мл 3мл N10 р-р для в/м введения Дальхимфарм ОАО | Дальхимфарм ОАО | Дальхимфарм ОАО | N10,60,drug,Диклофенак,rx,,"25 мг/мл, 3 мл",раствор,"ампулы, 10 шт.",,,,,,,,,0.0000,,search_only,"ДИКЛОФЕНАК 25мг/мл 3мл 25 мг/мл, 3 мл",short,,,mnn_source_identity_v1,not_found,,,https://www.asna.ru/cards/diklofenak_velfarm_25mgml_3ml_n10_r-r_dlya_vm_vvedeniya_velfarm_ooo.html,/cards/diklofenak_velfarm_25mgml_3ml_n10_r-r_dlya_vm_vvedeniya_velfarm_ooo.html,,,,,0.1000,,search_only,"ДИКЛОФЕНАК 25мг/мл 3мл 25 мг/мл, 3 мл",short,2026-08-13T19:21:46+00:00,200,mnn_source_identity_v1,low_match,Диклофенак,rx,https://apteka.ru/product/diklofenak-25-mgml-rastvor-dlya-vnutrimyshechnogo-vvedeniya-3-ml-ampuly-5-sht-5e326bc9ca7bdc000192e980/,diklofenak 25 mgml rastvor dlya vnutrimyshechnogo vvedeniya 3 ml ampuly 5 sht,,,,,0.2812,,product_card,"ДИКЛОФЕНАК 25мг/мл 3мл 25 мг/мл, 3 мл раствор",exact,2026-08-13T19:21:47+00:00,0,mnn_source_identity_v1,,,,https://www.vidal.ru/drugs/products,По алфавиту,,по,,,0.0000,,search_only,"ДИКЛОФЕНАК 25мг/мл 3мл 25 мг/мл, 3 мл",short,2026-08-13T19:21:48+00:00,0,mnn_source_identity_v1,low_match,,,,,,,,,0.0000,,search_only,"ДИКЛОФЕНАК 25мг/мл 3мл 25 мг/мл, 3 мл",short,,,mnn_source_identity_v1,search:antibot
ЭПЛЕРЕНОН-ТЕВА 25мг N30 таб. покрытые пленочной оболочкой Тева фармасьютикал воркс прайвэт Лимитед Компани | Тева фармасьютикал воркс прайвэт Лимитед Компани | Тева фармасьютикал воркс прайвэт Лимитед Компани | N30,68,drug,Эплеренон,rx,Эплеренон-Тева,25 мг,таблетки,30 таблеток,Эплеренон,rx,https://uteka.ru/product/eplerenon-401467/,"Эплеренон-Тева, 25 мг, табл. п.п.о, 30 шт.",,таблетки,25мг,30,1.0000,,product_card,Эплеренон-Тева 25 мг таблетки,exact,2026-08-13T19:21:50+00:00,0,mnn_source_identity_v1,,Эплеренон,rx,https://www.asna.ru/cards/eplerenon-teva_25mg_n30_tab_pokrytye_plenochnoy_obolochkoy_teva_pharmaceutical_works_private_co.html,/cards/eplerenon-teva_25mg_n30_tab_pokrytye_plenochnoy_obolochkoy_teva_pharmaceutical_works_private_co.html,,,,,0.5000,,product_card,Эплеренон-Тева 25 мг таблетки,exact,2026-08-13T19:21:51+00:00,0,mnn_source_identity_v1,,Эплеренон,rx,https://apteka.ru/product/eplerenon-teva-25-mg-30-sht-tabletki-pokrytye-plenochnoj-obolochkoj-6566fabdb045b8b580df49be/,eplerenon teva 25 mg 30 sht tabletki pokrytye plenochnoj obolochkoj,,,,,0.4500,,product_card,Эплеренон-Тева 25 мг таблетки,exact,2026-08-13T19:21:51+00:00,0,mnn_source_identity_v1,,Эплеренон,rx,https://www.vidal.ru/drugs/eplerenon-teva,Эплеренон-Тева,,,,,1.0000,,product_card,Эплеренон-Тева 25 мг таблетки,exact,2026-08-13T19:21:51+00:00,0,mnn_source_identity_v1,,,,,,,,,,0.0000,,search_only,ЭПЛЕРЕНОН-ТЕВА 25мг таб. покрытые пленочной оболочкой Тева фармасьютикал воркс прайвэт Лимитед Компани 25 мг таблетки,generic,,,mnn_source_identity_v1,search:antibot
РОЗУВАСТАТИН-ТЕВА 20мг N90 таб. покрытые пленочной оболочкой Р-Фарм Новосёлки | Р-Фарм новосёлки ООО | Р-Фарм новосёлки ООО | N90,70,drug,Розувастатин,rx,Розувастатин-Тева,20 мг,таблетки,N90,Розувастатин,rx,https://uteka.ru/product/rozuvastatin-383231/,"Розувастатин, 20 мг, табл. п.п.о, 90 шт.",,таблетки,20мг,90,0.7000,,product_card,Розувастатин-Тева 20 мг таблетки,exact,2026-08-13T19:21:54+00:00,0,mnn_source_identity_v1,,,,https://www.asna.ru/cards/fikseyd_eko_kotton_nabor_plastyrey_meditsinskikh_bakteritsidnykh_s_soderzhaniem_serebra_72mmkh19mm_n20_nordeplast_lsez.html,/cards/fikseyd_eko_kotton_nabor_plastyrey_meditsinskikh_bakteritsidnykh_s_soderzhaniem_serebra_72mmkh19mm_n20_nordeplast_lsez.html,,,,,0.0000,,search_only,РОЗУВАСТАТИН-ТЕВА 20мг таб. покрытые пленочной оболочкой Р-Фарм Новосёлки 20 мг таблетки,generic,2026-08-13T19:21:56+00:00,200,mnn_source_identity_v1,low_match,Розувастатин,rx,https://apteka.ru/product/rozuvastatin-verteks-20-mg-90-sht-blister-tabletki-pokrytye-plenochnoj-obolochkoj-5e3bd2c0bc272f00016ba27e/,rozuvastatin verteks 20 mg 90 sht blister tabletki pokrytye plenochnoj obolochkoj,,,,,0.3600,,product_card,Розувастатин-Тева 20 мг таблетки,exact,2026-08-13T19:21:57+00:00,0,mnn_source_identity_v1,,Розувастатин,rx,https://www.vidal.ru/drugs/tevastor__33191,Розувастатин-Тева,,,,,1.0000,,product_card,Розувастатин-Тева 20 мг таблетки,exact,2026-08-13T19:21:58+00:00,0,mnn_source_identity_v1,,,,,,,,,,0.0000,,search_only,РОЗУВАСТАТИН-ТЕВА 20мг таб. покрытые пленочной оболочкой Р-Фарм Новосёлки 20 мг таблетки,generic,,,mnn_source_identity_v1,search:antibot
ФАРИНГАЛ таб. 650мг N10 Салута-М | Салута-М ООО | Салута-М ООО | N10,72,drug,,otc,Фарингал,650 мг,таблетки,10 таблеток,,,,,,,,,0.0000,,search_only,ФАРИНГАЛ таб. 650мг Салута-М 650 мг таблетки,generic,,,mnn_source_identity_v1,not_found,,otc,https://www.asna.ru/cards/faringal_tab_650mg_n10_saluta-m.html,/cards/faringal_tab_650mg_n10_saluta-m.html,,,,,0.5000,,product_card,Фарингал 650 мг таблетки,exact,2026-08-13T19:22:01+00:00,0,mnn_source_identity_v1,,,,,,,,,,0.0000,,search_only,ФАРИНГАЛ таб. 650мг Салута-М 650 мг таблетки,generic,,,mnn_source_identity_v1,not_found,,,https://www.vidal.ru/drugs/products,По алфавиту,,по,,,0.0000,,search_only,ФАРИНГАЛ таб. 650мг Салута-М 650 мг таблетки,generic,2026-08-13T19:22:03+00:00,0,mnn_source_identity_v1,low_match,,,,,,,,,0.0000,,search_only,ФАРИНГАЛ таб. 650мг Салута-М 650 мг таблетки,generic,,,mnn_source_identity_v1,search:antibot
ГАСТРАСАН ЭКСПРЕСС 680мг+80мг N12 таб. жевательные Апельсин ЮжФарм ООО | ЮжФарм ООО | ЮжФарм ООО | N12,73,drug,,otc,Гастрасан Экспресс,680мг+80мг,таблетки жевательные,N12,,,,,,,,,0.0000,,search_only,ГАСТРАСАН ЭКСПРЕСС 680мг+80мг таб. жевательные Апельсин ЮжФарм ООО 680мг+80мг таблетки жевательные,generic,,,mnn_source_identity_v1,not_found,Кальция карбонат + Магния карбонат,otc,https://www.asna.ru/cards/gastrasan_ekspress_680mg80mg_n12_tab_zhevatelnye_apelsin_yuzhfarm_ooo.html,/cards/gastrasan_ekspress_680mg80mg_n12_tab_zhevatelnye_apelsin_yuzhfarm_ooo.html,,,,,0.4000,,product_card,Гастрасан Экспресс 680мг+80мг,short,2026-08-13T19:22:07+00:00,0,mnn_source_identity_v1,,"Кальция карбонат, Магния карбонат",,https://apteka.ru/product/gastrasan-ekspress-680-mg--80-mg-24-sht-tabletki-zhevatelnye-so-vkusom-myaty-62bebded9b43454acb749ba1/,gastrasan ekspress 680 mg  80 mg 24 sht tabletki zhevatelnye so vkusom myaty,,,,,0.3000,,product_card,Гастрасан Экспресс 680мг+80мг таблетки жевательные,exact,2026-08-13T19:22:07+00:00,0,mnn_source_identity_v1,,Кальция карбонат,otc,https://www.vidal.ru/drugs/gastrasan-express,Гастрасан,,,,,0.8500,,product_card,Гастрасан Экспресс 680мг+80мг таблетки жевательные,exact,2026-08-13T19:22:08+00:00,0,mnn_source_identity_v1,,,,,,,,,,0.0000,,search_only,ГАСТРАСАН ЭКСПРЕСС 680мг+80мг таб. жевательные Апельсин ЮжФарм ООО 680мг+80мг таблетки жевательные,generic,,,mnn_source_identity_v1,search:antibot
САМБУКУС БУЗИНА ИММУНИТЕТ таб. массой 700мг N30 Грин сайд ООО | Грин Сайд ООО | Грин Сайд ООО | N30,75,drug,,otc,Самбукус Бузина Иммунитет,700 мг,таблетки,30 таблеток,,,,,,,,,0.0000,,search_only,САМБУКУС БУЗИНА ИММУНИТЕТ таб. массой 700мг Грин сайд ООО 700 мг таблетки,generic,,,mnn_source_identity_v1,not_found,,,https://www.asna.ru/cards/fikseyd_eko_kotton_nabor_plastyrey_meditsinskikh_bakteritsidnykh_s_soderzhaniem_serebra_72mmkh19mm_n20_nordeplast_lsez.html,/cards/fikseyd_eko_kotton_nabor_plastyrey_meditsinskikh_bakteritsidnykh_s_soderzhaniem_serebra_72mmkh19mm_n20_nordeplast_lsez.html,,,,,0.0000,,search_only,САМБУКУС БУЗИНА ИММУНИТЕТ таб. массой 700мг Грин сайд ООО 700 мг таблетки,generic,2026-08-13T19:22:13+00:00,0,mnn_source_identity_v1,low_match,,,https://apteka.ru/product/sambukus-plyus-20-gr-granuly-gomeopaticheskogo-primeneniya-5e327909f5a9ae00014105c0/,sambukus plyus 20 gr granuly gomeopaticheskogo primeneniya,,,,,0.0375,,search_only,САМБУКУС БУЗИНА ИММУНИТЕТ таб. массой 700мг Грин сайд ООО 700 мг таблетки,generic,2026-08-13T19:22:13+00:00,200,mnn_source_identity_v1,low_match,,,https://www.vidal.ru/drugs/products,По алфавиту,,по,,,0.0000,,search_only,САМБУКУС БУЗИНА ИММУНИТЕТ таб. массой 700мг Грин сайд ООО 700 мг таблетки,generic,2026-08-13T19:22:16+00:00,0,mnn_source_identity_v1,low_match,,,,,,,,,0.0000,,search_only,САМБУКУС БУЗИНА ИММУНИТЕТ таб. массой 700мг Грин сайд ООО 700 мг таблетки,generic,,,mnn_source_identity_v1,search:antibot
ТАДАЛАФИЛ-АЛИУМ 20мг N8 таб. покрытые пленочной оболочкой Алиум АО | Алиум АО | Алиум АО | N8,86,drug,Тадалафил,rx,Алиум,20 мг,таблетки,N8,Ацикловир,rx,https://uteka.ru/product/aciklovir-forte-alium-376952/,"Ацикловир Форте-Алиум, 400 мг, табл, 20 шт.",,таблетки,400мг,20,1.0000,,product_card,Алиум 20 мг таблетки,exact,2026-08-13T19:22:18+00:00,0,mnn_source_identity_v1,,Ривароксабан,rx,https://www.asna.ru/cards/rivaroksaban_20mg_n28_tab_pokrytye_plenochnoy_obolochkoy_alium_ao.html,/cards/rivaroksaban_20mg_n28_tab_pokrytye_plenochnoy_obolochkoy_alium_ao.html,,,,,0.5000,,product_card,Алиум 20 мг таблетки,exact,2026-08-13T19:22:19+00:00,0,mnn_source_identity_v1,,Ацикловир,rx,https://apteka.ru/product/acziklovir-forte-alium-400-mg-20-sht-tabletki-619df00edb0cd3f82672d1c4/,acziklovir forte alium 400 mg 20 sht tabletki,,,,,1.0000,,product_card,Алиум 20 мг таблетки,exact,2026-08-13T19:22:20+00:00,0,mnn_source_identity_v1,,Албендазол,rx,https://www.vidal.ru/drugs/albendazole-alium,Албендазол-Алиум,,,,,1.0000,,product_card,Алиум 20 мг таблетки,exact,2026-08-13T19:22:20+00:00,0,mnn_source_identity_v1,,,,,,,,,,0.0000,,search_only,ТАДАЛАФИЛ-АЛИУМ 20мг таб. покрытые пленочной оболочкой Алиум АО 20 мг таблетки,generic,,,mnn_source_identity_v1,search:antibot
ГЕСПЕРИДИН+ДИОСМИН 100мг+900мг N30 таб. покрытые пленочной оболочкой Алиум АО | Алиум АО | Алиум АО | N30,88,drug,Диосмин+Гесперидин,otc,Алиум,100мг+900мг,таблетки,N30,,,,,,,,,0.0000,,search_only,ГЕСПЕРИДИН+ДИОСМИН 100мг+900мг таб. покрытые пленочной оболочкой Алиум АО 100мг+900мг таблетки,generic,,,mnn_source_identity_v1,not_found,Бензалкония хлорид + Бензокаин + Тиротрицин,otc,https://www.asna.ru/cards/lorotritsin-alium_n12_tab_drassasyvaniya_alium_ao.html,/cards/lorotritsin-alium_n12_tab_drassasyvaniya_alium_ao.html,,,,,0.4000,,product_card,Алиум 100мг+900мг таблетки,exact,2026-08-13T19:22:24+00:00,0,mnn_source_identity_v1,,Албендазол,rx,https://apteka.ru/product/albendazol-alium-400-mg-1-sht-tabletki-pokrytye-plenochnoj-obolochkoj-6253fedaa663fc06446aea5e/,albendazol alium 400 mg 1 sht tabletki pokrytye plenochnoj obolochkoj,,,,,0.7750,,product_card,Алиум 100мг+900мг таблетки,exact,2026-08-13T19:22:24+00:00,0,mnn_source_identity_v1,,Албендазол,rx,https://www.vidal.ru/drugs/albendazole-alium,Албендазол-Алиум,,,,,1.0000,,product_card,Алиум 100мг+900мг таблетки,exact,2026-08-13T19:22:25+00:00,0,mnn_source_identity_v1,,,,,,,,,,0.0000,,search_only,ГЕСПЕРИДИН+ДИОСМИН 100мг+900мг таб. покрытые пленочной оболочкой Алиум АО 100мг+900мг таблетки,generic,,,mnn_source_identity_v1,search:antibot
ДИНАМИКО ЛОНГ 20мг N8 таб. покрытые пленочной оболочкой Тева Фармацевтические Предприятия Лтд | Тева Фармацевтические Предприятия Лтд. | Тева Фармацевтические Предприятия Лтд. | N8,92,drug,,rx,Динамико Лонг,20 мг,таблетки,8 таблеток,Тадалафил,rx,https://uteka.ru/product/dinamiko-long-358564/,"Динамико Лонг, 20 мг, табл. п.п.о, 1 шт.",,таблетки,20мг,1,1.0000,,product_card,Динамико Лонг 20 мг таблетки,exact,2026-08-13T19:22:27+00:00,0,mnn_source_identity_v1,,Тадалафил,rx,https://www.asna.ru/cards/dinamiko_long_5mg_n28_tab_pokrytye_plenochnoy_obolochkoy_teva_farmatsevticheskie_predpriyatiya_ltd.html,/cards/dinamiko_long_5mg_n28_tab_pokrytye_plenochnoy_obolochkoy_teva_farmatsevticheskie_predpriyatiya_ltd.html,,,,,0.4000,,product_card,Динамико Лонг 20 мг таблетки,exact,2026-08-13T19:22:27+00:00,0,mnn_source_identity_v1,,Тадалафил,rx,https://apteka.ru/product/dinamiko-long-20-mg-4-sht-tabletki-pokrytye-plenochnoj-obolochkoj-62f3b2017406fca377430b66/,dinamiko long 20 mg 4 sht tabletki pokrytye plenochnoj obolochkoj,,,,,0.4500,,product_card,Динамико Лонг 20 мг таблетки,exact,2026-08-13T19:22:28+00:00,0,mnn_source_identity_v1,,Тадалафил,rx,https://www.vidal.ru/drugs/dinamiko-long-3,Динамико Лонг,,,,,1.0000,,product_card,Динамико Лонг 20 мг таблетки,exact,2026-08-13T19:22:28+00:00,0,mnn_source_identity_v1,,,,,,,,,,0.0000,,search_only,ДИНАМИКО ЛОНГ 20мг таб. покрытые пленочной оболочкой Тева Фармацевтические Предприятия Лтд 20 мг таблетки,generic,,,mnn_source_identity_v1,search:antibot
ОСТЕОМЕД таб. N60 Парафарм | Парафарм ООО | Парафарм ООО | N60,249,drug,,otc,Остеомед,,таблетки,60 tablets,,,https://uteka.ru/product/osteomed-forte-259057/,"Остеомед форте, табл, 60 шт.",,таблетки,,60,0.9500,,product_card,Остеомед таблетки,exact,2026-08-13T19:22:30+00:00,0,mnn_source_identity_v1,,,otc,https://www.asna.ru/cards/osteomed_forte_tab_n60_parafarm.html,/cards/osteomed_forte_tab_n60_parafarm.html,,,,,0.4000,,product_card,Остеомед таблетки,exact,2026-08-13T19:22:31+00:00,0,mnn_source_identity_v1,,,,,,,,,,0.0000,,search_only,ОСТЕОМЕД таб. Парафарм таблетки,generic,,,mnn_source_identity_v1,not_found,,otc,https://www.vidal.ru/drugs/osteomed,Остеомед,,,,,1.0000,,product_card,Остеомед таблетки,exact,2026-08-13T19:22:32+00:00,0,mnn_source_identity_v1,,,,,,,,,,0.0000,,search_only,ОСТЕОМЕД таб. Парафарм таблетки,generic,,,mnn_source_identity_v1,search:antibot
"ЭХИНАЦЕИ ПУРПУРНОЙ ТРАВА 1,5Г Ф/П №20 ИВАН ЧАЙ | ИВАН-ЧАЙ ЗАО | ИВАН-ЧАЙ ЗАО",354,drug,,otc,Иван-Чай,"1,5 г",фильтр-пакеты,20 пакетов,,,https://uteka.ru/product/ivan-chay-378344/,"Иван-чай, фиточай, 1.5 г, 20 шт.",,,1.5г,20,1.0000,,product_card,"Иван-Чай 1,5 г",short,2026-08-13T19:22:33+00:00,0,mnn_source_identity_v1,,Эхинацеи трава,otc,https://www.asna.ru/cards/ekhinatseya_trava_n20_fp_ivan-chay.html,/cards/ekhinatseya_trava_n20_fp_ivan-chay.html,,,,,0.4000,,product_card,"Иван-Чай 1,5 г фильтр-пакеты",exact,2026-08-13T19:22:35+00:00,0,mnn_source_identity_v1,,Иван-чай (Кипрей),,https://apteka.ru/product/kiprej-uzkolistnyj-ivan-chaj-1-gr-20-sht-filtr-pakety-nasledie-prirody-5e3269a065b5ab0001651ccc/,kiprej uzkolistnyj ivan chaj 1 gr 20 sht filtr pakety nasledie prirody,,,,,0.2571,,product_card,"Иван-Чай 1,5 г фильтр-пакеты",exact,2026-08-13T19:22:36+00:00,0,mnn_source_identity_v1,,,,https://www.vidal.ru/drugs/products,По алфавиту,,по,,,0.0000,,search_only,"ЭХИНАЦЕИ ПУРПУРНОЙ ТРАВА 1,5Г Ф/П №20 ИВАН ЧАЙ 1,5 г фильтр-пакеты",generic,2026-08-13T19:22:38+00:00,0,mnn_source_identity_v1,low_match,,,,,,,,,0.0000,,search_only,"ЭХИНАЦЕИ ПУРПУРНОЙ ТРАВА 1,5Г Ф/П №20 ИВАН ЧАЙ 1,5 г фильтр-пакеты",generic,,,mnn_source_identity_v1,search:antibot
"ЭТОРИАКС ТАБЛ. П/ПЛЕН/ОБ. 60МГ №14 | КРКА, Д.Д., НОВО МЕСТО АО | КРКА, Д.Д., НОВО МЕСТО АО",456,drug,Эторикоксиб,rx,Эториакс,60 мг,таблетки,14 таблеток,Эторикоксиб,rx,https://uteka.ru/product/etoriaks-363994/,"Эториакс, 60 мг, табл. п.п.о, 14 шт.",,таблетки,60мг,14,1.0000,,product_card,Эториакс 60 мг таблетки,exact,2026-08-13T19:22:40+00:00,0,mnn_source_identity_v1,,Эторикоксиб,rx,https://www.asna.ru/cards/etoriaks_90mg_n7_tab_pokrytye_plenochnoy_obolochkoy_krka_dd_novo_mesto.html,/cards/etoriaks_90mg_n7_tab_pokrytye_plenochnoy_obolochkoy_krka_dd_novo_mesto.html,,,,,0.4000,,product_card,Эториакс 60 мг таблетки,exact,2026-08-13T19:22:41+00:00,0,mnn_source_identity_v1,,Эторикоксиб,rx,https://apteka.ru/product/etoriaks-60-mg-14-sht-tabletki-pokrytye-plenochnoj-obolochkoj-5e32722df5a9ae000140cec0/,etoriaks 60 mg 14 sht tabletki pokrytye plenochnoj obolochkoj,,,,,1.0000,,product_card,Эториакс 60 мг таблетки,exact,2026-08-13T19:22:42+00:00,0,mnn_source_identity_v1,,Эторикоксиб,rx,https://www.vidal.ru/drugs/etoriax-1,Эториакс,,,,,1.0000,,product_card,Эториакс 60 мг таблетки,exact,2026-08-13T19:22:42+00:00,0,mnn_source_identity_v1,,,,,,,,,,0.0000,,search_only,Эториакс 60 мг,short,,,mnn_source_identity_v1,search:antibot
ЭСЦИТАЛОПРАМ КАНОН ТАБЛ. П/ПЛЕН/ОБ. 20МГ №28 | КАНОНФАРМА ПРОДАКШН ЗАО | КАНОНФАРМА ПРОДАКШН ЗАО,486,drug,Эсциталопрам,rx,Эсциталопрам Канон,20 мг,таблетки,28 таблеток,Эсциталопрам,rx,https://uteka.ru/product/escitalopram-kanon-380815/,"Эсциталопрам Канон, 20 мг, табл. п.п.о, 28 шт.",,таблетки,20мг,28,1.0000,,product_card,Эсциталопрам Канон 20 мг таблетки,exact,2026-08-13T19:22:43+00:00,0,mnn_source_identity_v1,,,,https://www.asna.ru/cards/estsitalopram_kanon_10mg_n28_tab_pokrytye_plenochnoy_obolochkoy_kanonfarma_prodakshn_zao.html,/cards/estsitalopram_kanon_10mg_n28_tab_pokrytye_plenochnoy_obolochkoy_kanonfarma_prodakshn_zao.html,,,,,0.0000,,search_only,Эсциталопрам Канон 20 мг,short,2026-08-13T19:22:44+00:00,200,mnn_source_identity_v1,low_match,,,,,,,,,0.0000,,search_only,Эсциталопрам Канон 20 мг,short,,,mnn_source_identity_v1,not_found,Эсциталопрам,rx,https://www.vidal.ru/drugs/escitalopram-canon,Эсциталопрам Канон,,,,,1.0000,,product_card,Эсциталопрам Канон 20 мг таблетки,exact,2026-08-13T19:22:46+00:00,0,mnn_source_identity_v1,,,,,,,,,,0.0000,,search_only,Эсциталопрам Канон 20 мг,short,,,mnn_source_identity_v1,search:antibot
ЭНАЛАПРИЛ АЛЬФАКТИВ ТАБЛ. 20МГ №20 | ОЗОН ФАРМ ООО | ОЗОН ФАРМ ООО,777,drug,Эналаприл,rx,,20 мг,таблетки,20 таблеток,Эналаприл,rx,https://uteka.ru/product/enalapril-alfaktiv-426977/,"Эналаприл Альфактив, 10 мг, табл, 20 шт.",,таблетки,10мг,20,0.9000,,product_card,ЭНАЛАПРИЛ АЛЬФАКТИВ 20 мг таблетки,exact,2026-08-13T19:22:47+00:00,0,mnn_source_identity_v1,,,,https://www.asna.ru/cards/enalapril_alfaktiv_20mg_n20_tab_ozon_farm_ooo.html,/cards/enalapril_alfaktiv_20mg_n20_tab_ozon_farm_ooo.html,,,,,0.1000,,search_only,ЭНАЛАПРИЛ АЛЬФАКТИВ 20 мг,short,2026-08-13T19:22:48+00:00,200,mnn_source_identity_v1,low_match,Эналаприл,rx,https://apteka.ru/product/enalapril-alfaktiv-10-mg-20-sht-tabletki-6818aceb8218b87792118b10/,enalapril alfaktiv 10 mg 20 sht tabletki,,,,,0.4500,,product_card,ЭНАЛАПРИЛ АЛЬФАКТИВ 20 мг таблетки,exact,2026-08-13T19:22:49+00:00,0,mnn_source_identity_v1,,,,https://www.vidal.ru/drugs/products,По алфавиту,,по,,,0.0000,,search_only,ЭНАЛАПРИЛ АЛЬФАКТИВ 20 мг,short,2026-08-13T19:22:50+00:00,0,mnn_source_identity_v1,low_match,,,,,,,,,0.0000,,search_only,ЭНАЛАПРИЛ АЛЬФАКТИВ 20 мг,short,,,mnn_source_identity_v1,search:antibot
ЭЛЬКАР Р-Р Д/ПРИЕМА ВНУТРЬ 300МГ/МЛ ФЛ. 25МЛ | ///ПИК-ФАРМА ЛЕК | ///ПИК-ФАРМА ЛЕК,844,drug,Левокарнитин,Без рецепта,Элькар,300 мг/мл,раствор,Флакон 25 мл,Левокарнитин,otc,https://uteka.ru/product/elkar-144361/,"Элькар, 300 мг/мл, р-р д/пр. внутрь, 100 мл, 1 шт.",,раствор,300мг,1,1.0000,,product_card,Элькар 300 мг/мл раствор,exact,2026-08-13T19:22:51+00:00,0,mnn_source_identity_v1,,Левокарнитин,otc,https://www.asna.ru/cards/elkar_30_100ml_r-r_pik-farma.html,/cards/elkar_30_100ml_r-r_pik-farma.html,,,,,0.4000,,product_card,Элькар 300 мг/мл раствор,exact,2026-08-13T19:22:52+00:00,0,mnn_source_identity_v1,,Левокарнитин,,https://apteka.ru/product/elkar-300-mgml-rastvor-dlya-priema-vnutr-25-ml-flakon-5e32765ff5a9ae000140eef3/,elkar 300 mgml rastvor dlya priema vnutr 25 ml flakon,,,,,0.9100,,product_card,Элькар 300 мг/мл раствор,exact,2026-08-13T19:22:52+00:00,0,mnn_source_identity_v1,,Левокарнитин,rx,https://www.vidal.ru/drugs/elcar__18344,Элькар,,,,,1.0000,,product_card,Элькар 300 мг/мл раствор,exact,2026-08-13T19:22:53+00:00,0,mnn_source_identity_v1,,,,,,,,,,0.0000,,search_only,Элькар 300 мг/мл,short,,,mnn_source_identity_v1,search:antibot
"ЭЛИЦЕЯ КУ-ТАБ ТАБЛ. ДИСПЕРГ. В ПОЛОСТИ РТА 10МГ №56 | КРКА, Д.Д., НОВО МЕСТО АО | КРКА, Д.Д., НОВО МЕСТО АО",884,drug,,rx,Элицея,10мг,таблетки,№56,Эсциталопрам,rx,https://uteka.ru/product/eliceya-231908/,"Элицея, 10 мг, табл. п.п.о, 56 шт.",,таблетки,10мг,56,0.7833,,product_card,Элицея 10мг таблетки,exact,2026-08-13T19:22:54+00:00,0,mnn_source_identity_v1,,,,https://www.asna.ru/cards/elitseya_10mg_n56_tab_pokrytye_plenochnoy_obolochkoy_krka-rus.html,/cards/elitseya_10mg_n56_tab_pokrytye_plenochnoy_obolochkoy_krka-rus.html,,,,,0.0000,,search_only,ЭЛИЦЕЯ КУ-ТАБ 10мг таблетки,generic,2026-08-13T19:22:55+00:00,200,mnn_source_identity_v1,low_match,,,,,,,,,0.0000,,search_only,ЭЛИЦЕЯ КУ-ТАБ 10мг таблетки,generic,,,mnn_source_identity_v1,not_found,Эсциталопрам,rx,https://www.vidal.ru/drugs/elicea__30433,Элицея,,,,,1.0000,,product_card,Элицея 10мг таблетки,exact,2026-08-13T19:22:57+00:00,0,mnn_source_identity_v1,,,,,,,,,,0.0000,,search_only,ЭЛИЦЕЯ КУ-ТАБ 10мг таблетки,generic,,,mnn_source_identity_v1,search:antibot
"ЭКЗОРОЛФИНЛАК ЛАК Д/НОГТЕЙ 5% ФЛ. 2,5МЛ | ПАУЛЬ В. БЕЙФЕРС ГМБХ | ПАУЛЬ В. БЕЙФЕРС ГМБХ",1053,drug,Циклопирокс,rx,Экзоролфинлак,5%,,"флакон 2,5 мл",Аморолфин,otc,https://uteka.ru/product/ekzorolfinlak-358514/,"Экзоролфинлак, 5%, лак для ногтей, 2.5 мл, 1 шт.",,,2.5мл,1,1.0000,,product_card,Экзоролфинлак 5%,exact,2026-08-13T19:22:58+00:00,0,mnn_source_identity_v1,,,,https://www.asna.ru/cards/fikseyd_eko_kotton_nabor_plastyrey_meditsinskikh_bakteritsidnykh_s_soderzhaniem_serebra_72mmkh19mm_n20_nordeplast_lsez.html,/cards/fikseyd_eko_kotton_nabor_plastyrey_meditsinskikh_bakteritsidnykh_s_soderzhaniem_serebra_72mmkh19mm_n20_nordeplast_lsez.html,,,,,0.0000,,search_only,"ЭКЗОРОЛФИНЛАК ЛАК Д/НОГТЕЙ 5% ФЛ. 2,5МЛ 5%",generic,2026-08-13T19:22:59+00:00,0,mnn_source_identity_v1,low_match,,,,,,,,,0.0000,,search_only,"ЭКЗОРОЛФИНЛАК ЛАК Д/НОГТЕЙ 5% ФЛ. 2,5МЛ 5%",generic,,,mnn_source_identity_v1,not_found,Аморолфин,otc,https://www.vidal.ru/drugs/exorolfinlak,Экзоролфинлак,,,,,1.0000,,product_card,Экзоролфинлак 5%,exact,2026-08-13T19:22:59+00:00,0,mnn_source_identity_v1,,,,,,,,,,0.0000,,search_only,"ЭКЗОРОЛФИНЛАК ЛАК Д/НОГТЕЙ 5% ФЛ. 2,5МЛ 5%",generic,,,mnn_source_identity_v1,search:antibot
ЭДАС-117 ЛАРИНОЛ КАПЛИ Д/ПРИЕМА ВНУТРЬ ГОМЕОП. ФЛ. 25МЛ | ЭДАС ХОЛДИНГ ОАО | ЭДАС ХОЛДИНГ ОАО,1157,drug,,Без рецепта,ЭДАС-117 ЛАРИНОЛ,,капли,Флакон 25 мл,,otc,https://uteka.ru/product/edas-117-larinol-361227/,"Эдас-117 Ларинол, капли, 25 мл, 1 шт.",,капли,25мл,1,1.0000,,product_card,ЭДАС-117 ЛАРИНОЛ капли,exact,2026-08-13T19:23:00+00:00,0,mnn_source_identity_v1,,,,https://www.asna.ru/cards/fikseyd_eko_kotton_nabor_plastyrey_meditsinskikh_bakteritsidnykh_s_soderzhaniem_serebra_72mmkh19mm_n20_nordeplast_lsez.html,/cards/fikseyd_eko_kotton_nabor_plastyrey_meditsinskikh_bakteritsidnykh_s_soderzhaniem_serebra_72mmkh19mm_n20_nordeplast_lsez.html,,,,,0.0000,,search_only,ЭДАС-117 ЛАРИНОЛ КАПЛИ Д/ПРИЕМА ВНУТРЬ ГОМЕОП. ФЛ. 25МЛ капли,generic,2026-08-13T19:23:02+00:00,0,mnn_source_identity_v1,low_match,,,https://apteka.ru/product/edas-117-larinol-flakon-kapli-dlya-priema-vnutr-gomeopaticheskie-25-ml-5e327580ca7bdc000193301f/,edas 117 larinol flakon kapli dlya priema vnutr gomeopaticheskie 25 ml,,,,,0.4500,,product_card,ЭДАС-117 ЛАРИНОЛ капли,exact,2026-08-13T19:23:02+00:00,0,mnn_source_identity_v1,,,otc,https://www.vidal.ru/drugs/larinol_edas-117__35313,Ларинол Эдас-117,,,,,1.0000,,product_card,ЭДАС-117 ЛАРИНОЛ капли,exact,2026-08-13T19:23:03+00:00,0,mnn_source_identity_v1,,,,,,,,,,0.0000,,search_only,ЭДАС-117 ЛАРИНОЛ КАПЛИ Д/ПРИЕМА ВНУТРЬ ГОМЕОП. ФЛ. 25МЛ капли,generic,,,mnn_source_identity_v1,search:antibot
"ЭВКАЛИПТА ПРУТОВИДНОГО ЛИСТЬЯ Ф/П 1,5Г №20 ЗДОРОВЬЕ | ЗДОРОВЬЕ ФИРМА ООО | ЗДОРОВЬЕ ФИРМА ООО",1217,drug,Эвкалипта прутовидного листьев,otc,Здоровье,1.5 г,фильтр-пакеты,20 фильтр-пакетов,,,https://uteka.ru/product/m-zdorove-krapivi-listya-436042/,"М Здоровье Крапивы листья, 1.5 г, 20 шт.",,,1.5г,20,1.0000,,product_card,Здоровье 1.5 г,short,2026-08-13T19:23:04+00:00,0,mnn_source_identity_v1,,Крапивы двудомной листья,otc,https://www.asna.ru/cards/krapiva_listya_15g_n20_fp_zdorove.html,/cards/krapiva_listya_15g_n20_fp_zdorove.html,,,,,0.4000,,product_card,Здоровье 1.5 г фильтр-пакеты,exact,2026-08-13T19:23:06+00:00,0,mnn_source_identity_v1,,,,https://apteka.ru/product/fitochaj-zdorovechernika-2-gr-20-sht-filtr-pakety-5e32723665b5ab0001655da0/,fitochaj zdorovechernika 2 gr 20 sht filtr pakety,,,,,0.7000,,product_card,Здоровье 1.5 г фильтр-пакеты,exact,2026-08-13T19:23:08+00:00,0,mnn_source_identity_v1,,,otc,https://www.vidal.ru/drugs/alphavit_mamino_zdorovie__38112,Алфавит Мамино Здоровье,,,,,1.0000,,product_card,Здоровье 1.5 г фильтр-пакеты,exact,2026-08-13T19:23:09+00:00,0,mnn_source_identity_v1,,,,,,,,,,0.0000,,search_only,"ЭВКАЛИПТА ПРУТОВИДНОГО ЛИСТЬЯ Ф/П 1,5Г №20 ЗДОРОВЬЕ 1.5 г фильтр-пакеты",generic,,,mnn_source_identity_v1,search:antibot
ЧЕРЕДЫ ТРАВА 50Г ЗДОРОВЬЕ | ЗДОРОВЬЕ ФИРМА ООО | ЗДОРОВЬЕ ФИРМА ООО,1638,drug,,otc,ЗДОРОВЬЕ,50 г,,50 г,,,https://uteka.ru/product/magnit-zdorove-morskaya-voda-412238/,"Магнит Здоровье Морская вода, спрей наз, 50 мл, 1 шт.",,спрей,50мл,1,1.0000,,product_card,ЗДОРОВЬЕ 50 г,exact,2026-08-13T19:23:10+00:00,0,mnn_source_identity_v1,,Этилметилгидроксипиридина сукцинат,rx,https://www.asna.ru/cards/meksidol_forte_250_250mg_n40_tab_pokrytye_plenochnoy_obolochkoy_zio_zdorove_zao.html,/cards/meksidol_forte_250_250mg_n40_tab_pokrytye_plenochnoy_obolochkoy_zio_zdorove_zao.html,,,,,0.5000,,product_card,ЗДОРОВЬЕ 50 г,exact,2026-08-13T19:23:10+00:00,0,mnn_source_identity_v1,,,,https://apteka.ru/product/akaviya-one-syvorotka-dlya-licza-omolazhivayushhaya-estestvennoe-siyanie-i-zdorove-kozhi-noch-12-sht-konczentrat-ampulyaktivator-50-ml-6470acc2386b3703ef00f9b5/,akaviya one syvorotka dlya licza omolazhivayushhaya estestvennoe siyanie i zdorove kozhi noch 12 sht konczentrat ampulyaktivator 50 ml,,,,,0.8500,,product_card,ЗДОРОВЬЕ 50 г,exact,2026-08-13T19:23:10+00:00,0,mnn_source_identity_v1,,,otc,https://www.vidal.ru/drugs/alphavit_mamino_zdorovie__38112,Алфавит Мамино Здоровье,,,,,1.0000,,product_card,ЗДОРОВЬЕ 50 г,exact,2026-08-13T19:23:10+00:00,0,mnn_source_identity_v1,,,,,,,,,,0.0000,,search_only,ЧЕРЕДЫ ТРАВА 50Г ЗДОРОВЬЕ 50 г,generic,,,mnn_source_identity_v1,search:antibot
"ЧАБРЕЦА ТРАВА Ф/П 1,5Г №20 ЗДОРОВЬЕ | Здоровье фирма ЗАО | Здоровье фирма ЗАО",1668,drug,,otc,Здоровье,"1,5 г",фильтр-пакеты,20 пакетов,,,https://uteka.ru/product/m-zdorove-krapivi-listya-436042/,"М Здоровье Крапивы листья, 1.5 г, 20 шт.",,,1.5г,20,1.0000,,product_card,"Здоровье 1,5 г",short,2026-08-13T19:23:11+00:00,0,mnn_source_identity_v1,,Крапивы двудомной листья,otc,https://www.asna.ru/cards/krapiva_listya_15g_n20_fp_zdorove.html,/cards/krapiva_listya_15g_n20_fp_zdorove.html,,,,,0.4000,,product_card,"Здоровье 1,5 г фильтр-пакеты",exact,2026-08-13T19:23:12+00:00,0,mnn_source_identity_v1,,,,https://apteka.ru/product/fitochaj-zdorovechernika-2-gr-20-sht-filtr-pakety-5e32723665b5ab0001655da0/,fitochaj zdorovechernika 2 gr 20 sht filtr pakety,,,,,0.7000,,product_card,"Здоровье 1,5 г фильтр-пакеты",exact,2026-08-13T19:23:12+00:00,0,mnn_source_identity_v1,,,otc,https://www.vidal.ru/drugs/alphavit_mamino_zdorovie__38112,Алфавит Мамино Здоровье,,,,,1.0000,,product_card,"Здоровье 1,5 г фильтр-пакеты",exact,2026-08-13T19:23:13+00:00,0,mnn_source_identity_v1,,,,,,,,,,0.0000,,search_only,"ЧАБРЕЦА ТРАВА Ф/П 1,5Г №20 ЗДОРОВЬЕ 1,5 г фильтр-пакеты",generic,,,mnn_source_identity_v1,search:antibot
ЦИПРОТЕРОН-ТЕВА ТАБЛ. 50МГ №50 | ТЕВА ЧЕШСКИЕ ПРЕДПРИЯТИЯ С.Р.О. | ТЕВА ЧЕШСКИЕ ПРЕДПРИЯТИЯ С.Р.О.,1765,drug,Ципротерон,rx,Ципротерон-Тева,50 мг,таблетки,50 таблеток,Ципротерон,rx,https://uteka.ru/product/ciproteron-teva-300702/,"Ципротерон-Тева, 50 мг, табл, 50 шт.",,таблетки,50мг,50,1.0000,,product_card,Ципротерон-Тева 50 мг таблетки,exact,2026-08-13T19:23:14+00:00,0,mnn_source_identity_v1,,,,https://www.asna.ru/cards/fikseyd_eko_kotton_nabor_plastyrey_meditsinskikh_bakteritsidnykh_s_soderzhaniem_serebra_72mmkh19mm_n20_nordeplast_lsez.html,/cards/fikseyd_eko_kotton_nabor_plastyrey_meditsinskikh_bakteritsidnykh_s_soderzhaniem_serebra_72mmkh19mm_n20_nordeplast_lsez.html,,,,,0.0000,,search_only,Ципротерон-Тева 50 мг,short,2026-08-13T19:23:16+00:00,0,mnn_source_identity_v1,low_match,,,,,,,,,0.0000,,search_only,Ципротерон-Тева 50 мг,short,,,mnn_source_identity_v1,not_found,Ципротерон,rx,https://www.vidal.ru/drugs/cyproterone-teva__6350,Ципротерон-Тева,,,,,1.0000,,product_card,Ципротерон-Тева 50 мг таблетки,exact,2026-08-13T19:23:17+00:00,0,mnn_source_identity_v1,,,,,,,,,,0.0000,,search_only,Ципротерон-Тева 50 мг,short,,,mnn_source_identity_v1,search:antibot
ЦЕЛЕКОКСИБ-ТЕВА КАПС. 200МГ №30 | УОТСОН ФАРМА ПРАЙВЭТ ЛИМИТЕД | УОТСОН ФАРМА ПРАЙВЭТ ЛИМИТЕД,2023,drug,Целекоксиб,rx,Целекоксиб-Тева,200мг,капсулы,№30,Целекоксиб,rx,https://uteka.ru/product/celekoksib-teva-406047/,"Целекоксиб-Тева, 200 мг, капсулы, 10 шт.",,капсулы,200мг,10,1.0000,,product_card,Целекоксиб-Тева 200мг капсулы,exact,2026-08-13T19:23:18+00:00,0,mnn_source_identity_v1,,,,https://www.asna.ru/cards/tselekoksib-teva_200mg_n30_kaps_uotson_farma_prayvet_limited.html,/cards/tselekoksib-teva_200mg_n30_kaps_uotson_farma_prayvet_limited.html,,,,,0.0000,,search_only,ЦЕЛЕКОКСИБ-ТЕВА КАПС. 200МГ №30 200мг капсулы,generic,2026-08-13T19:23:19+00:00,200,mnn_source_identity_v1,low_match,,,,,,,,,0.0000,,search_only,ЦЕЛЕКОКСИБ-ТЕВА КАПС. 200МГ №30 200мг капсулы,generic,,,mnn_source_identity_v1,not_found,Целекоксиб,rx,https://www.vidal.ru/drugs/tselekoksib-teva,Целекоксиб-Тева,,,,,1.0000,,product_card,Целекоксиб-Тева 200мг капсулы,exact,2026-08-13T19:23:21+00:00,0,mnn_source_identity_v1,,,,,,,,,,0.0000,,search_only,ЦЕЛЕКОКСИБ-ТЕВА КАПС. 200МГ №30 200мг капсулы,generic,,,mnn_source_identity_v1,search:antibot
ХИЛАК ФОРТЕ КАПЛИ Д/ПРИЕМА ВНУТРЬ ВИШНЯ ФЛ. 100МЛ | МЕРКЛЕ ГМБХ | МЕРКЛЕ ГМБХ,2348,drug,,otc,Хилак форте,,капли,флакон 100 мл,"Метаболиты бактерий Escherichia col., Enterococcus faec., Lactobacillus acid., Lactobacillus helv",otc,https://uteka.ru/product/hilak-forte-34336/,"Хилак форте, капли д/пр. внутрь, без ароматизатора, 100 мл, 1 шт.",,капли,100мл,1,1.0000,,product_card,Хилак форте капли,exact,2026-08-13T19:23:23+00:00,0,mnn_source_identity_v1,,Метаболиты бактерий,otc,https://www.asna.ru/cards/khilak_forte_100ml_kapli_merckle.html,/cards/khilak_forte_100ml_kapli_merckle.html,,,,,0.4000,,product_card,Хилак форте капли,exact,2026-08-13T19:23:23+00:00,0,mnn_source_identity_v1,,,,https://apteka.ru/product/peligrin-prokladki-vkladyshi-laktaczionnye-30-sht-5e326e65ca7bdc000192fc1d/,peligrin prokladki vkladyshi laktaczionnye 30 sht,,,,,0.0000,,search_only,ХИЛАК ФОРТЕ КАПЛИ Д/ПРИЕМА ВНУТРЬ ВИШНЯ ФЛ. 100МЛ капли,generic,2026-08-13T19:23:24+00:00,200,mnn_source_identity_v1,low_match,Противодиарейные микроорганизмы,otc,https://www.vidal.ru/drugs/hylak-forte-2,Хилак форте,,,,,1.0000,,product_card,Хилак форте капли,exact,2026-08-13T19:23:25+00:00,0,mnn_source_identity_v1,,,,,,,,,,0.0000,,search_only,ХИЛАК ФОРТЕ КАПЛИ Д/ПРИЕМА ВНУТРЬ ВИШНЯ ФЛ. 100МЛ капли,generic,,,mnn_source_identity_v1,search:antibot
ФУРАЦИЛИН ТАБЛ. Д/Р-РА Д/МЕСТН. И НАРУЖ. ПРИМ. 20МГ №20 ТАТХИМФАРМПРЕПАРАТЫ | ТАТХИМФАРМПРЕПАРАТЫ АО | ТАТХИМФАРМПРЕПАРАТЫ АО,2621,drug,Нитрофурал,rx,Фурацилин,20 мг,таблетки,20 таблеток,Нитрофурал,otc,https://uteka.ru/product/furacilin-aveksima-288606/,"Фурацилин Авексима, 20 мг, табл. шип. д/р-ра д/местн. и наружн. прим, 10 шт.",,таблетки,20мг,10,1.0000,,product_card,Фурацилин 20 мг таблетки,exact,2026-08-13T19:23:27+00:00,0,mnn_source_identity_v1,,,otc,https://www.asna.ru/cards/furacilin_20mg_1_sht__poroshok_dlya_prigotovleniya_rastvora_meligen_fp_zao.html,/cards/furacilin_20mg_1_sht__poroshok_dlya_prigotovleniya_rastvora_meligen_fp_zao.html,,,,,0.5000,,product_card,Фурацилин 20 мг,short,2026-08-13T19:23:28+00:00,0,mnn_source_identity_v1,,,,,,,,,,0.0000,,search_only,Фурацилин 20 мг,short,,,mnn_source_identity_v1,not_found,Нитрофурал,otc,https://www.vidal.ru/drugs/furacilin__18326,Фурацилин,,,,,1.0000,,product_card,Фурацилин 20 мг таблетки,exact,2026-08-13T19:23:30+00:00,0,mnn_source_identity_v1,,,,,,,,,,0.0000,,search_only,Фурацилин 20 мг,short,,,mnn_source_identity_v1,search:antibot
ФЛУОКСЕТИН КАПС. 10МГ №20 ОЗОН | ОЗОН ООО | ОЗОН ООО,3027,drug,Флуоксетин,rx,,10 мг,капсулы,20 капсул,Флуоксетин,rx,https://uteka.ru/product/fluoksetin-149226/,"Флуоксетин, 10 мг, капсулы, 20 шт.",,капсулы,10мг,20,0.7250,,product_card,ФЛУОКСЕТИН КАПС. 10МГ №20 ОЗОН 10 мг капсулы,exact,2026-08-13T19:23:31+00:00,0,mnn_source_identity_v1,,,,https://www.asna.ru/cards/fluoksetin_20mg_n20_kaps_ozon.html,/cards/fluoksetin_20mg_n20_kaps_ozon.html,,,,,0.0000,,search_only,ФЛУОКСЕТИН КАПС. 10МГ №20 ОЗОН 10 мг,short,2026-08-13T19:23:32+00:00,200,mnn_source_identity_v1,low_match,Флуоксетин,,https://apteka.ru/product/fluoksetin-kanon-20-mg-30-sht-kapsuly-5e326c56f5a9ae000140a4c2/,fluoksetin kanon 20 mg 30 sht kapsuly,,,,20,0.2250,,product_card,ФЛУОКСЕТИН КАПС. 10МГ №20 ОЗОН 10 мг капсулы,exact,2026-08-13T19:23:33+00:00,0,mnn_source_identity_v1,,,,https://www.vidal.ru/drugs/products,По алфавиту,,по,,,0.0000,,search_only,ФЛУОКСЕТИН КАПС. 10МГ №20 ОЗОН 10 мг,short,2026-08-13T19:23:33+00:00,0,mnn_source_identity_v1,low_match,,,,,,,,,0.0000,,search_only,ФЛУОКСЕТИН КАПС. 10МГ №20 ОЗОН 10 мг,short,,,mnn_source_identity_v1,search:antibot
ФЛУКОНАЗОЛ-OBL КАПС. 150МГ №4 | ОБОЛЕНСКОЕ ФП АО | ОБОЛЕНСКОЕ ФП АО,3065,drug,Флуконазол,rx,Флуконазол-OBL,150 мг,капсулы,4 капсулы,Флуконазол,otc,https://uteka.ru/product/flukonazol-obl-251683/,"Флуконазол-OBL, 150 мг, капсулы, 2 шт.",,капсулы,150мг,2,1.0000,,product_card,Флуконазол-OBL 150 мг капсулы,exact,2026-08-13T19:23:35+00:00,0,mnn_source_identity_v1,,Флуконазол,otc,https://www.asna.ru/cards/flukonazol-obl_150mg_n4_kaps_alium_ao.html,/cards/flukonazol-obl_150mg_n4_kaps_alium_ao.html,,,,,0.5000,,product_card,Флуконазол-OBL 150 мг капсулы,exact,2026-08-13T19:23:36+00:00,0,mnn_source_identity_v1,,Флуконазол,,https://apteka.ru/product/flukonazol-obl-150-mg-2-sht-kapsuly-5f450cdea453570001b46f3c/,flukonazol obl 150 mg 2 sht kapsuly,,,,,0.5000,,product_card,Флуконазол-OBL 150 мг капсулы,exact,2026-08-13T19:23:36+00:00,0,mnn_source_identity_v1,,Флуконазол,otc,https://www.vidal.ru/drugs/fluconazole-obl__37379,Флуконазол-OBL,,,,,1.0000,,product_card,Флуконазол-OBL 150 мг капсулы,exact,2026-08-13T19:23:36+00:00,0,mnn_source_identity_v1,,,,,,,,,,0.0000,,search_only,ФЛУКОНАЗОЛ-OBL КАПС. 150МГ №4 150 мг капсулы,generic,,,mnn_source_identity_v1,search:antibot
"ФИЗИОТЕНЗ ТАБЛ. П/ПЛЕН/ОБ. 0,4МГ №28 ВЕРОФАРМ | ВЕРОФАРМ АО | ВЕРОФАРМ АО",3556,drug,Моксонидин,rx,Физиотенз,"0,4 мг",таблетки,28 таблеток,Моксонидин,rx,https://uteka.ru/product/fiziotenz-110975/,"Физиотенз, 0,4 мг, табл. п.п.о, 28 шт.",,таблетки,0.4мг,28,1.0000,,product_card,"Физиотенз 0,4 мг таблетки",exact,2026-08-13T19:23:38+00:00,0,mnn_source_identity_v1,,Моксонидин,rx,https://www.asna.ru/cards/fiziotenz_02mg_n28_tab_pokrytye_plenochnoy_obolochkoy_verofarm_ao.html,/cards/fiziotenz_02mg_n28_tab_pokrytye_plenochnoy_obolochkoy_verofarm_ao.html,,,,,0.4000,,product_card,"Физиотенз 0,4 мг таблетки",exact,2026-08-13T19:23:39+00:00,0,mnn_source_identity_v1,,Моксонидин,rx,https://apteka.ru/product/fiziotenz-04-mg-28-sht-tabletki-pokrytye-plenochnoj-obolochkoj-5fe98ae13c1b43fd63e65c67/,fiziotenz 04 mg 28 sht tabletki pokrytye plenochnoj obolochkoj,,,,,0.8200,,product_card,"Физиотенз 0,4 мг таблетки",exact,2026-08-13T19:23:39+00:00,0,mnn_source_identity_v1,,Моксонидин,rx,https://www.vidal.ru/drugs/physiotens__1277,Физиотенз,,,,,1.0000,,product_card,"Физиотенз 0,4 мг таблетки",exact,2026-08-13T19:23:40+00:00,0,mnn_source_identity_v1,,,,,,,,,,0.0000,,search_only,"Физиотенз 0,4 мг",short,,,mnn_source_identity_v1,search:antibot
ФАСПИК ГРАН. Д/Р-РА Д/ПРИЕМА ВНУТРЬ АБРИКОС 400МГ ПАК. 3Г №12 | ЗАМБОН СВИТЦЕЛАНД ЛТД. | ЗАМБОН СВИТЦЕЛАНД ЛТД.,3759,drug,,otc,Фаспик,400 мг,гранулы,пакет 3 г №12,Ибупрофен,otc,https://uteka.ru/product/faspik-187804/,"Фаспик, 400 мг, гран. д/р-ра для пр. внутрь, абрикос, 3 г, 12 шт.",,,400мг,12,1.0000,,product_card,Фаспик 400 мг гранулы,exact,2026-08-13T19:23:42+00:00,0,mnn_source_identity_v1,,,,https://www.asna.ru/cards/fikseyd_eko_kotton_nabor_plastyrey_meditsinskikh_bakteritsidnykh_s_soderzhaniem_serebra_72mmkh19mm_n20_nordeplast_lsez.html,/cards/fikseyd_eko_kotton_nabor_plastyrey_meditsinskikh_bakteritsidnykh_s_soderzhaniem_serebra_72mmkh19mm_n20_nordeplast_lsez.html,,,,,0.0000,,search_only,ФАСПИК ГРАН. Д/Р-РА Д/ПРИЕМА ВНУТРЬ АБРИКОС 400МГ ПАК. 3Г №12 400 мг гранулы,generic,2026-08-13T19:23:44+00:00,0,mnn_source_identity_v1,low_match,,,,,,,,,0.0000,,search_only,ФАСПИК ГРАН. Д/Р-РА Д/ПРИЕМА ВНУТРЬ АБРИКОС 400МГ ПАК. 3Г №12 400 мг гранулы,generic,,,mnn_source_identity_v1,not_found,Ибупрофен,otc,https://www.vidal.ru/drugs/faspic__14828,Фаспик,,,,,1.0000,,product_card,Фаспик 400 мг гранулы,exact,2026-08-13T19:23:45+00:00,0,mnn_source_identity_v1,,,,,,,,,,0.0000,,search_only,ФАСПИК ГРАН. Д/Р-РА Д/ПРИЕМА ВНУТРЬ АБРИКОС 400МГ ПАК. 3Г №12 400 мг гранулы,generic,,,mnn_source_identity_v1,search:antibot
ФАРМГРУПП НАСТОЙКА 5 ТРАВ УСПОКОИТЕЛЬНАЯ ФЛ. 250МЛ | ФАРМГРУПП ООО | ФАРМГРУПП ООО,3763,drug,,otc,ФАРМГРУПП,,,флакон 250 мл,,,https://uteka.ru/product/farmgrupp-magniy--v6-so-vkusom-limona-390937/,"Фармгрупп Магний + В6, р-р д/пр. внутрь, для взрослых и детей с 3 лет, лимон, 100 мл, 1 шт.",,раствор,100мл,1,1.0000,,product_card,ФАРМГРУПП,exact,2026-08-13T19:23:46+00:00,0,mnn_source_identity_v1,,,otc,https://www.asna.ru/cards/regidrovit_poroshok_dprigotovleniya_r-ra_dpriema_vnutr_0_5g_n10_farmgrupp.html,/cards/regidrovit_poroshok_dprigotovleniya_r-ra_dpriema_vnutr_0_5g_n10_farmgrupp.html,,,,,0.4000,,product_card,ФАРМГРУПП,exact,2026-08-13T19:23:46+00:00,0,mnn_source_identity_v1,,Осина,,https://apteka.ru/product/osiny-kora-50-gr-pakfarmgrupp-5e32766eca7bdc00019338d1/,osiny kora 50 gr pakfarmgrupp,,,,,0.5500,,product_card,ФАРМГРУПП,exact,2026-08-13T19:23:46+00:00,0,mnn_source_identity_v1,,,,https://www.vidal.ru/drugs/products,По алфавиту,,по,,,0.0000,,search_only,ФАРМГРУПП НАСТОЙКА 5 ТРАВ УСПОКОИТЕЛЬНАЯ ФЛ. 250МЛ,generic,2026-08-13T19:23:47+00:00,0,mnn_source_identity_v1,low_match,,,,,,,,,0.0000,,search_only,ФАРМГРУПП НАСТОЙКА 5 ТРАВ УСПОКОИТЕЛЬНАЯ ФЛ. 250МЛ,generic,,,mnn_source_identity_v1,search:antibot
ФАРИНГОСЕПТ ТАБЛ. Д/РАССАС. МЕД-ЛИМОН 10МГ №20 | C.К. ТЕРАПИЯ С.А. | C.К. ТЕРАПИЯ С.А.,3781,drug,Амбазон,otc,Фарингосепт,10 мг,таблетки,20 таблеток,Амбазон,otc,https://uteka.ru/product/faringosept-33508/,"Фарингосепт, 10 мг, табл. д/рассас, 20 шт.",,таблетки,10мг,20,1.0000,,product_card,Фарингосепт 10 мг таблетки,exact,2026-08-13T19:23:48+00:00,0,mnn_source_identity_v1,,Амбазон,otc,https://www.asna.ru/cards/faringosept_n10_tab_drassasyvaniya_sk_terapiya_sa.html,/cards/faringosept_n10_tab_drassasyvaniya_sk_terapiya_sa.html,,,,,0.5000,,product_card,Фарингосепт 10 мг таблетки,exact,2026-08-13T19:23:49+00:00,0,mnn_source_identity_v1,,Амбазон,,https://apteka.ru/product/faringosept-med-limon-10-mg-20-sht-tabletki-dlya-rassasyvaniya-5e32680e65b5ab000165103a/,faringosept med limon 10 mg 20 sht tabletki dlya rassasyvaniya,,,,10,1.0000,,product_card,Фарингосепт 10 мг таблетки,exact,2026-08-13T19:23:49+00:00,0,mnn_source_identity_v1,,Амбазон,otc,https://www.vidal.ru/drugs/faringosept__17003,Фарингосепт,,,,,1.0000,,product_card,Фарингосепт 10 мг таблетки,exact,2026-08-13T19:23:50+00:00,0,mnn_source_identity_v1,,,,,,,,,,0.0000,,search_only,Фарингосепт 10 мг,short,,,mnn_source_identity_v1,search:antibot
УЛЬЦЕРНИЛ ТАБЛ. КИШ/РАСТ. П/ПЛЕН/ОБ. 20МГ №28 | САН ФАРМАСЬЮТИКАЛ ИНДАСТРИЗ ЛТД | САН ФАРМАСЬЮТИКАЛ ИНДАСТРИЗ ЛТД,4133,drug,,rx,Ульцернил,20 мг,таблетки,28 таблеток,Рабепразол,otc,https://uteka.ru/product/ulcernil-362901/,"Ульцернил, 20 мг, 28 шт.",,,20мг,28,1.0000,,product_card,Ульцернил 20 мг,short,2026-08-13T19:23:51+00:00,0,mnn_source_identity_v1,,,,https://www.asna.ru/cards/ultsernil_20mg_n28_tab_kishechnorastvorimye_pokrytye_plenochnoy_obolochkoy_san_farmasyutikal_indastriz_ltd.html,/cards/ultsernil_20mg_n28_tab_kishechnorastvorimye_pokrytye_plenochnoy_obolochkoy_san_farmasyutikal_indastriz_ltd.html,,,,,0.1000,,search_only,Ульцернил 20 мг,short,2026-08-13T19:23:52+00:00,200,mnn_source_identity_v1,low_match,,,,,,,,,0.0000,,search_only,Ульцернил 20 мг,short,,,mnn_source_identity_v1,not_found,Рабепразол,otc,https://www.vidal.ru/drugs/ulcernil,Ульцернил,,,,,1.0000,,product_card,Ульцернил 20 мг таблетки,exact,2026-08-13T19:23:53+00:00,0,mnn_source_identity_v1,,,,,,,,,,0.0000,,search_only,Ульцернил 20 мг,short,,,mnn_source_identity_v1,search:antibot
ТРИМЕТАЗИДИН-АКОС МВ 35МГ ТАБЛ. МОДИФ. ВЫСВ. П/О №60 | БИОКОМ ЗАО | БИОКОМ ЗАО,4403,drug,Триметазидин,rx,Триметазидин-АКОС,35 мг,таблетки,60 таблеток,Триметазидин,rx,https://uteka.ru/product/trimetazidin-mv-208734/,"Триметазидин-АКОС МВ, 35 мг, табл. с модиф. высвоб. п.о, 120 шт.",,таблетки,35мг,120,1.0000,,product_card,Триметазидин-АКОС 35 мг таблетки,exact,2026-08-13T19:23:55+00:00,0,mnn_source_identity_v1,,Триметазидин,rx,https://www.asna.ru/cards/trimetazidin-akos_mv_35mg_n60_tab_s_modifitsirovannym_vysvobozhdeniem_pokrytye_obolochkoy_biokom_ao.html,/cards/trimetazidin-akos_mv_35mg_n60_tab_s_modifitsirovannym_vysvobozhdeniem_pokrytye_obolochkoy_biokom_ao.html,,,,,0.5000,,product_card,Триметазидин-АКОС 35 мг таблетки,exact,2026-08-13T19:23:56+00:00,0,mnn_source_identity_v1,,Триметазидин,rx,https://apteka.ru/product/trimetazidin-akos-mv-35-mg-120-sht-tabletki-s-modificzirovannym-vysvobozhdeniem-pokrytye-obolochkoj-6284efc71235eea774678134/,trimetazidin akos mv 35 mg 120 sht tabletki s modificzirovannym vysvobozhdeniem pokrytye obolochkoj,,,,,0.4500,,product_card,Триметазидин-АКОС 35 мг таблетки,exact,2026-08-13T19:23:56+00:00,0,mnn_source_identity_v1,,Триметазидин,rx,https://www.vidal.ru/drugs/trimetazidine-akos-mr-1,Триметазидин-АКОС МВ,,,,,1.0000,,product_card,Триметазидин-АКОС 35 мг таблетки,exact,2026-08-13T19:23:57+00:00,0,mnn_source_identity_v1,,,,,,,,,,0.0000,,search_only,ТРИМЕТАЗИДИН-АКОС МВ 35МГ 35 мг таблетки,generic,,,mnn_source_identity_v1,search:antibot
ТРАНЕКСАМОВАЯ КИСЛОТА ТАБЛ. П/ПЛЕН/ОБ. 250МГ №30 МЭЗ | МОСКОВСКИЙ ЭНДОКРИННЫЙ ЗАВОД ФГУП | МОСКОВСКИЙ ЭНДОКРИННЫЙ ЗАВОД ФГУП,4481,drug,Транексамовая кислота,rx,,250 мг,таблетки,30 таблеток,Транексамовая кислота,rx,https://uteka.ru/product/traneksamovaya-kislota-402814/,"Транексамовая кислота, 250 мг, табл. п.п.о, 10 шт.",,таблетки,250мг,10,0.9000,,product_card,ТРАНЕКСАМОВАЯ КИСЛОТА 250 мг таблетки,exact,2026-08-13T19:24:00+00:00,0,mnn_source_identity_v1,,,,https://www.asna.ru/cards/traneksamovaya_kislota-verteks_250mg_n10_tab_pokrytye_plenochnoy_obolochkoy_verteks_ao.html,/cards/traneksamovaya_kislota-verteks_250mg_n10_tab_pokrytye_plenochnoy_obolochkoy_verteks_ao.html,,,,,0.1000,,search_only,ТРАНЕКСАМОВАЯ КИСЛОТА 250 мг,short,2026-08-13T19:24:00+00:00,200,mnn_source_identity_v1,low_match,Транексамовая кислота,rx,https://apteka.ru/product/traneksamovaya-kislota-verteks-250-mg-10-sht-tabletki-pokrytye-plenochnoj-obolochkoj-634d69dfe65cbb5833914689/,traneksamovaya kislota verteks 250 mg 10 sht tabletki pokrytye plenochnoj obolochkoj,,,,,0.4500,,product_card,ТРАНЕКСАМОВАЯ КИСЛОТА 250 мг таблетки,exact,2026-08-13T19:24:01+00:00,0,mnn_source_identity_v1,,,,https://www.vidal.ru/drugs/products,По алфавиту,,по,,,0.0000,,search_only,ТРАНЕКСАМОВАЯ КИСЛОТА 250 мг,short,2026-08-13T19:24:02+00:00,0,mnn_source_identity_v1,low_match,,,,,,,,,0.0000,,search_only,ТРАНЕКСАМОВАЯ КИСЛОТА 250 мг,short,,,mnn_source_identity_v1,search:antibot
ТРАНЕКСАМОВАЯ КИСЛОТА Р-Р ДЛЯ В/В ВВЕД. 50МГ/МЛ АМП. 5МЛ №10 МЭЗ | МОСКОВСКИЙ ЭНДОКРИННЫЙ ЗАВОД ФГУП | МОСКОВСКИЙ ЭНДОКРИННЫЙ ЗАВОД ФГУП,4487,drug,Транексамовая кислота,rx,,50 мг/мл,раствор,ампулы 5 мл №10,Транексамовая кислота,rx,https://uteka.ru/product/traneksamovaya-kislota-404184/,"Транексамовая кислота, 50 мг/мл, р-р для в/в введ, 5 мл, 10 шт.",,раствор,50мг,10,0.9333,,product_card,ТРАНЕКСАМОВАЯ КИСЛОТА 50 мг/мл раствор,exact,2026-08-13T19:24:04+00:00,0,mnn_source_identity_v1,,,,https://www.asna.ru/cards/traneksamovaya_kislota_50mgml_5ml_n10_r-r_dlya_vv_vvedeniya_ellara_ooo.html,/cards/traneksamovaya_kislota_50mgml_5ml_n10_r-r_dlya_vv_vvedeniya_ellara_ooo.html,,,,,0.1000,,search_only,ТРАНЕКСАМОВАЯ КИСЛОТА 50 мг/мл,short,2026-08-13T19:24:05+00:00,200,mnn_source_identity_v1,low_match,Транексамовая кислота,rx,https://apteka.ru/product/traneksamovaya-kislota-50-mgml-rastvor-dlya-vnutrivennogo-vvedeniya-5-ml-upakovka-korobka-ampuly-10-sht-6791dab14212848db63a48f6/,traneksamovaya kislota 50 mgml rastvor dlya vnutrivennogo vvedeniya 5 ml upakovka korobka ampuly 10 sht,,,,,0.3750,,product_card,ТРАНЕКСАМОВАЯ КИСЛОТА 50 мг/мл раствор,exact,2026-08-13T19:24:05+00:00,0,mnn_source_identity_v1,,,,https://www.vidal.ru/drugs/products,По алфавиту,,по,,,0.0000,,search_only,ТРАНЕКСАМОВАЯ КИСЛОТА 50 мг/мл,short,2026-08-13T19:24:06+00:00,0,mnn_source_identity_v1,low_match,,,,,,,,,0.0000,,search_only,ТРАНЕКСАМОВАЯ КИСЛОТА 50 мг/мл,short,,,mnn_source_identity_v1,search:antibot
ТОРАСЕМИД ТАБЛ. 5МГ №60 ПРАНАФАРМ | ПРАНАФАРМ ООО | ПРАНАФАРМ ООО,4570,drug,Торасемид,rx,Пранафарм,5 мг,таблетки,60 таблеток,Эналаприл,rx,https://uteka.ru/product/enalapril-384383/,"Эналаприл, 5 мг, табл, 60 шт.",,таблетки,5мг,60,0.4333,,product_card,Пранафарм 5 мг таблетки,exact,2026-08-13T19:24:07+00:00,0,mnn_source_identity_v1,,Валсартан,rx,https://www.asna.ru/cards/valsartan_40mg_n30_tab_pokrytye_plenochnoy_obolochkoy_pranafarm.html,/cards/valsartan_40mg_n30_tab_pokrytye_plenochnoy_obolochkoy_pranafarm.html,,,,,0.4000,,product_card,Пранафарм 5 мг таблетки,exact,2026-08-13T19:24:08+00:00,0,mnn_source_identity_v1,,Атенолол,rx,https://apteka.ru/product/atenolol-50-mg-n30-tabl-pranafarm-5e326f79f5a9ae000140be23/,atenolol 50 mg n30 tabl pranafarm,,,,30,0.7750,,product_card,Пранафарм 5 мг таблетки,exact,2026-08-13T19:24:09+00:00,0,mnn_source_identity_v1,,,,https://www.vidal.ru/drugs/products,По алфавиту,,по,,,0.0000,,search_only,ТОРАСЕМИД 5 мг таблетки,generic,2026-08-13T19:24:10+00:00,0,mnn_source_identity_v1,low_match,,,,,,,,,0.0000,,search_only,ТОРАСЕМИД 5 мг таблетки,generic,,,mnn_source_identity_v1,search:antibot
ТОРАСЕМИД ТАБЛ. 10МГ №20 ОЗОН | ОЗОН ООО | ОЗОН ООО,4593,drug,Торасемид,rx,,10 мг,таблетки,20 таблеток,Торасемид,rx,https://uteka.ru/product/torasemid-sz-296554/,"Торасемид-СЗ, 10 мг, табл, 60 шт.",,таблетки,10мг,60,0.8500,,product_card,ТОРАСЕМИД 10 мг таблетки,exact,2026-08-13T19:24:12+00:00,0,mnn_source_identity_v1,,,,https://www.asna.ru/cards/torasemid-sz_10mg_n60_tab_severnaya_zvezda.html,/cards/torasemid-sz_10mg_n60_tab_severnaya_zvezda.html,,,,,0.1000,,search_only,ТОРАСЕМИД 10 мг,short,2026-08-13T19:24:13+00:00,200,mnn_source_identity_v1,low_match,Торасемид,rx,https://apteka.ru/product/torasemid-10-mg-60-sht-tabletki-63f38576eb7ecabcae073843/,torasemid 10 mg 60 sht tabletki,,,,,0.4500,,product_card,ТОРАСЕМИД 10 мг таблетки,exact,2026-08-13T19:24:14+00:00,0,mnn_source_identity_v1,,,,https://www.vidal.ru/drugs/products,По алфавиту,,по,,,0.0000,,search_only,ТОРАСЕМИД 10 мг,short,2026-08-13T19:24:15+00:00,0,mnn_source_identity_v1,low_match,,,,,,,,,0.0000,,search_only,ТОРАСЕМИД 10 мг,short,,,mnn_source_identity_v1,search:antibot
ТОРАСЕМИД МЕДИСОРБ ТАБЛ. 5МГ №20 | Медисорб АО | Медисорб АО,4602,drug,Торасемид,rx,Медисорб,5 мг,таблетки,20 таблеток,Оланзапин,rx,https://uteka.ru/product/olanzapin-medisorb-376910/,"Оланзапин Медисорб, 5 мг, табл. п.п.о, 28 шт.",,таблетки,5мг,28,1.0000,,product_card,Медисорб 5 мг таблетки,exact,2026-08-13T19:24:16+00:00,0,mnn_source_identity_v1,,Ацетилсалициловая кислота + Кофеин + Парацетамол,otc,https://www.asna.ru/cards/tsitramon_p_n20_tab_medisorb.html,/cards/tsitramon_p_n20_tab_medisorb.html,,,,,0.4000,,product_card,Медисорб 5 мг таблетки,exact,2026-08-13T19:24:17+00:00,0,mnn_source_identity_v1,,Лизиноприл,rx,https://apteka.ru/product/lizinopril-medisorb-5-mg-60-sht-tabletki-67c0589b0b4e00c07633dab4/,lizinopril medisorb 5 mg 60 sht tabletki,,,,,1.0000,,product_card,Медисорб 5 мг таблетки,exact,2026-08-13T19:24:18+00:00,0,mnn_source_identity_v1,,Метформин,rx,https://www.vidal.ru/drugs/metagliptin-medisorb,Метаглиптин Медисорб,,,,,1.0000,,product_card,Медисорб 5 мг таблетки,exact,2026-08-13T19:24:18+00:00,0,mnn_source_identity_v1,,,,,,,,,,0.0000,,search_only,ТОРАСЕМИД МЕДИСОРБ 5 мг таблетки,generic,,,mnn_source_identity_v1,search:antibot
ТОЛПЕРИЗОН ТАБЛ. П/ПЛЕН/ОБ. 150МГ №30 ОЗОН | ОЗОН ООО | ОЗОН ООО,4684,drug,Толперизон,rx,,150 мг,таблетки,30 таблеток,Толперизон,rx,https://uteka.ru/product/tolperizon-339756/,"Толперизон, 150 мг, табл. п.п.о, 30 шт.",,таблетки,150мг,30,0.8500,,product_card,ТОЛПЕРИЗОН 150 мг таблетки,exact,2026-08-13T19:24:20+00:00,0,mnn_source_identity_v1,,,,https://www.asna.ru/cards/tolperizon-sz_150mg_n30_tab_pokrytye_plenochnoy_obolochkoy_severnaya_zvezda_nao.html,/cards/tolperizon-sz_150mg_n30_tab_pokrytye_plenochnoy_obolochkoy_severnaya_zvezda_nao.html,,,,,0.1000,,search_only,ТОЛПЕРИЗОН 150 мг,short,2026-08-13T19:24:21+00:00,200,mnn_source_identity_v1,low_match,Толперизон,rx,https://apteka.ru/product/tolperizon-150-mg-30-sht-tabletki-pokrytye-plenochnoj-obolochkoj-5e32754df5a9ae000140e559/,tolperizon 150 mg 30 sht tabletki pokrytye plenochnoj obolochkoj,,,,150,0.4500,,product_card,ТОЛПЕРИЗОН 150 мг таблетки,exact,2026-08-13T19:24:22+00:00,0,mnn_source_identity_v1,,,,https://www.vidal.ru/drugs/products,По алфавиту,,по,,,0.0000,,search_only,ТОЛПЕРИЗОН 150 мг,short,2026-08-13T19:24:22+00:00,0,mnn_source_identity_v1,low_match,,,,,,,,,0.0000,,search_only,ТОЛПЕРИЗОН 150 мг,short,,,mnn_source_identity_v1,search:antibot
ТЕРМИКОН СПРЕЙ Д/НАРУЖ. ПРИМ. 1% ФЛ. 30Г | ФАРМСТАНДАРТ-ЛЕКСРЕДСТВА ОАО | ФАРМСТАНДАРТ-ЛЕКСРЕДСТВА ОАО,4922,drug,Тербинафин,rx,Термикон,1%,спрей,флакон 30 г,Тербинафин,otc,https://uteka.ru/product/termikon-147668/,"Термикон, 1%, спрей д/наружн. прим, спрей противогрибковый, 30 г, 1 шт.",,спрей,30г,1,1.0000,,product_card,Термикон 1% спрей,exact,2026-08-13T19:24:24+00:00,0,mnn_source_identity_v1,,Тербинафин,otc,https://www.asna.ru/cards/termikon_1_30g_sprey_dnaruzhnogo_primeneniya_farmstandart-tomskkhimfarm_oao.html,/cards/termikon_1_30g_sprey_dnaruzhnogo_primeneniya_farmstandart-tomskkhimfarm_oao.html,,,,,0.4000,,product_card,Термикон 1% спрей,exact,2026-08-13T19:24:25+00:00,0,mnn_source_identity_v1,,Тербинафин,,https://apteka.ru/product/termikon-1-krem-15-gr-5e3276d1f5a9ae000140f1e4/,termikon 1 krem 15 gr,,,,1,0.8500,,product_card,Термикон 1% спрей,exact,2026-08-13T19:24:26+00:00,0,mnn_source_identity_v1,,Тербинафин,otc,https://www.vidal.ru/drugs/termicon,Термикон,,,,,1.0000,,product_card,Термикон 1% спрей,exact,2026-08-13T19:24:26+00:00,0,mnn_source_identity_v1,,,,,,,,,,0.0000,,search_only,Термикон 1%,short,,,mnn_source_identity_v1,search:antibot
ТЕРМИКОН КРЕМ Д/НАРУЖ. ПРИМ. 1% ТУБА 15Г | ЛЕККО ЗАО | ЛЕККО ЗАО,4924,drug,,otc,Термикон,1%,крем,туба 15 г,Тербинафин,otc,https://uteka.ru/product/termikon-300017/,"Термикон, 1%, крем д/наружн. прим, противогрибковый, 15 г, 1 шт.",,крем,15г,1,1.0000,,product_card,Термикон 1% крем,exact,2026-08-13T19:24:28+00:00,0,mnn_source_identity_v1,,Тербинафин,otc,https://www.asna.ru/cards/termikon_1_15g_krem_dnaruzhnogo_primeneniya_farmstandart-tomskkhimfarm_oao.html,/cards/termikon_1_15g_krem_dnaruzhnogo_primeneniya_farmstandart-tomskkhimfarm_oao.html,,,,,0.4000,,product_card,Термикон 1% крем,exact,2026-08-13T19:24:30+00:00,0,mnn_source_identity_v1,,Тербинафин,,https://apteka.ru/product/termikon-1-krem-15-gr-5e3276d1f5a9ae000140f1e4/,termikon 1 krem 15 gr,,,,1,1.0000,,product_card,Термикон 1% крем,exact,2026-08-13T19:24:30+00:00,0,mnn_source_identity_v1,,Тербинафин,otc,https://www.vidal.ru/drugs/termicon,Термикон,,,,,1.0000,,product_card,Термикон 1% крем,exact,2026-08-13T19:24:31+00:00,0,mnn_source_identity_v1,,,,,,,,,,0.0000,,search_only,Термикон 1%,short,,,mnn_source_identity_v1,search:antibot
ТЕРАФЛЕКС КАПС. 500МГ+400МГ №200 МАКИЗ-ФАРМА | МАКИЗ-ФАРМА | МАКИЗ-ФАРМА,5010,drug,,otc,Терафлекс,500mg+400mg,капсулы,200 capsules,,,,,,,,,0.0000,,search_only,ТЕРАФЛЕКС КАПС. 500МГ+400МГ №200 МАКИЗ-ФАРМА 500mg+400mg капсулы,generic,,,mnn_source_identity_v1,not_found,Глюкозамин+Хондроитин сульфат,otc,https://www.asna.ru/cards/terafleks_n200_kaps_kontrakt_farmakal_korporeyshnmakiz-farma_ooo.html,/cards/terafleks_n200_kaps_kontrakt_farmakal_korporeyshnmakiz-farma_ooo.html,,,,,0.4000,,product_card,Терафлекс 500mg+400mg капсулы,exact,2026-08-13T19:24:34+00:00,0,mnn_source_identity_v1,,"Глюкозамин, Хондроитина сульфат",,https://apteka.ru/product/terafleks-500-mg--400-mg-100-sht-kapsuly-5e32736165b5ab0001656645/,terafleks 500 mg  400 mg 100 sht kapsuly,,,,,0.7750,,product_card,Терафлекс 500mg+400mg капсулы,exact,2026-08-13T19:24:34+00:00,0,mnn_source_identity_v1,,Хондроитина сульфат натрия,otc,https://www.vidal.ru/drugs/theraflex__3379,Терафлекс,,,,,1.0000,,product_card,Терафлекс 500mg+400mg капсулы,exact,2026-08-13T19:24:35+00:00,0,mnn_source_identity_v1,,,,,,,,,,0.0000,,search_only,ТЕРАФЛЕКС КАПС. 500МГ+400МГ №200 МАКИЗ-ФАРМА 500mg+400mg капсулы,generic,,,mnn_source_identity_v1,search:antibot
"ТАМСУЛОЗИН КАНОН КАПС. КИШ/РАСТ. ПРОЛОНГ. ВЫСВ. 0,4МГ №30 | КАНОНФАРМА ПРОДАКШН ЗАО | КАНОНФАРМА ПРОДАКШН ЗАО",5258,drug,Тамсулозин,rx,Тамсулозин Канон,"0,4 мг",капсулы,№30,Тамсулозин,rx,https://uteka.ru/product/tamsulozin-kanon-346887/,"Тамсулозин Канон, 0,4 мг, капсулы кишечнорастворимые с пролонг. высвоб, 30 шт.",,капсулы,0.4мг,30,1.0000,,product_card,"Тамсулозин Канон 0,4 мг капсулы",exact,2026-08-13T19:24:36+00:00,0,mnn_source_identity_v1,,Тамсулозин,rx,https://www.asna.ru/cards/tamsulozin_kanon_04mg_n90_kapsuly_kishechnorastvorimye_s_prolongirovannym_vysvobozhdeniem_kanonfarma_prodakshn_zao.html,/cards/tamsulozin_kanon_04mg_n90_kapsuly_kishechnorastvorimye_s_prolongirovannym_vysvobozhdeniem_kanonfarma_prodakshn_zao.html,,,,,0.4000,,product_card,"Тамсулозин Канон 0,4 мг капсулы",exact,2026-08-13T19:24:38+00:00,0,mnn_source_identity_v1,,Тамсулозин,rx,https://apteka.ru/product/tamsulozin-kanon-04-mg-90-sht-kapsuly-kishechnorastvorimye-s-prolongirovannym-vysvobozhdeniem-5fc73d63fd4cfc00015439be/,tamsulozin kanon 04 mg 90 sht kapsuly kishechnorastvorimye s prolongirovannym vysvobozhdeniem,,,,04,0.3000,,product_card,"Тамсулозин Канон 0,4 мг капсулы",exact,2026-08-13T19:24:39+00:00,0,mnn_source_identity_v1,,Тамсулозин,rx,https://www.vidal.ru/drugs/tamsulosin-canon,Тамсулозин Канон,,,,,1.0000,,product_card,"Тамсулозин Канон 0,4 мг капсулы",exact,2026-08-13T19:24:40+00:00,0,mnn_source_identity_v1,,,,,,,,,,0.0000,,search_only,"ТАМСУЛОЗИН КАНОН КАПС. КИШ/РАСТ. ПРОЛОНГ. ВЫСВ. 0,4МГ №30 0,4 мг капсулы",generic,,,mnn_source_identity_v1,search:antibot
ТАМОКСИФЕН ТАБЛ. 20МГ №30 ОЗОН | ОЗОН ООО | ОЗОН ООО,5267,drug,Тамоксифен,rx,ОЗОН,20 мг,таблетки,30 таблеток,Гидрохлоротиазид + Эналаприл,rx,https://uteka.ru/product/enalapril-nl-20-259660/,"Эналаприл НЛ 20, 12.5 мг+20 мг, табл, 20 шт.",,таблетки,12.5мг,20,0.6000,,product_card,ОЗОН 20 мг таблетки,exact,2026-08-13T19:24:42+00:00,0,mnn_source_identity_v1,,Спиронолактон,rx,https://www.asna.ru/cards/spironolakton_25mg_n20_tab_ozon.html,/cards/spironolakton_25mg_n20_tab_ozon.html,,,,,0.5000,,product_card,ОЗОН 20 мг таблетки,exact,2026-08-13T19:24:44+00:00,0,mnn_source_identity_v1,,Мелоксикам,rx,https://apteka.ru/product/meloksikam-75-mg-n20-tabl-ozon-farm-634e99cee65cbb5833914b5b/,meloksikam 75 mg n20 tabl ozon farm,,,,20,0.7750,,product_card,ОЗОН 20 мг таблетки,exact,2026-08-13T19:24:45+00:00,0,mnn_source_identity_v1,,Глицин,otc,https://www.vidal.ru/drugs/glycine_bio__10481,Глицин Озон,,,,,1.0000,,product_card,ОЗОН 20 мг таблетки,exact,2026-08-13T19:24:45+00:00,0,mnn_source_identity_v1,,,,,,,,,,0.0000,,search_only,ТАМОКСИФЕН 20 мг таблетки,generic,,,mnn_source_identity_v1,search:antibot
ТАМИФЛЮ КАПС. 75МГ №10 | ДЕЛФАРМ МИЛАНО С.Р.Л./Ф.ХОФФМАНН-ЛЯ РОШ ЛТД/СЕНЕКСИ С.А.С. | ДЕЛФАРМ МИЛАНО С.Р.Л./Ф.ХОФФМАНН-ЛЯ РОШ ЛТД/СЕНЕКСИ С.А.С.,5270,drug,Осельтамивир,rx,Тамифлю,75 мг,капсулы,10 капсул,Осельтамивир,rx,https://uteka.ru/product/tamiflyu-140524/,"Тамифлю, 75 мг, капсулы, 10 шт.",,капсулы,75мг,10,1.0000,,product_card,Тамифлю 75 мг капсулы,exact,2026-08-13T19:24:47+00:00,0,mnn_source_identity_v1,,Осельтамивир,rx,https://www.asna.ru/cards/tamiflyu_75mg_n10_kaps_fkhoffmann-lya_rosh_ltd.html,/cards/tamiflyu_75mg_n10_kaps_fkhoffmann-lya_rosh_ltd.html,,,,,0.4000,,product_card,Тамифлю 75 мг капсулы,exact,2026-08-13T19:24:48+00:00,0,mnn_source_identity_v1,,,,,,,,,,0.0000,,search_only,ТАМИФЛЮ КАПС. 75МГ №10 75 мг капсулы,generic,,,mnn_source_identity_v1,not_found,Осельтамивир,rx,https://www.vidal.ru/drugs/tamiflu__37267,Тамифлю,,,,,1.0000,,product_card,Тамифлю 75 мг капсулы,exact,2026-08-13T19:24:49+00:00,0,mnn_source_identity_v1,,,,,,,,,,0.0000,,search_only,ТАМИФЛЮ КАПС. 75МГ №10 75 мг капсулы,generic,,,mnn_source_identity_v1,search:antibot
"ТАДАЛАФИЛ-ТЕВА ТАБЛ. П/ПЛЕН/ОБ. 20МГ №8 | ТЕВА ФАРМА, С.Л.У. | ТЕВА ФАРМА, С.Л.У.",5287,drug,Тадалафил,rx,Тева,20 мг,таблетки,№8,Аторвастатин,rx,https://uteka.ru/product/atorvastatin-teva-220640/,"Аторвастатин-Тева, 20 мг, табл. п.п.о, 30 шт.",,таблетки,20мг,30,1.0000,,product_card,Тева 20 мг таблетки,exact,2026-08-13T19:24:51+00:00,0,mnn_source_identity_v1,,Карбамазепин,rx,https://www.asna.ru/cards/finlepsin_retard_200mg_n50_tab_teva_operations_poland_sp_zoo.html,/cards/finlepsin_retard_200mg_n50_tab_teva_operations_poland_sp_zoo.html,,,,,0.5000,,product_card,Тева 20 мг таблетки,exact,2026-08-13T19:24:53+00:00,0,mnn_source_identity_v1,,Тадалафил,rx,https://apteka.ru/product/tadalafil-teva-20-mg-2-sht-tabletki-pokrytye-plenochnoj-obolochkoj-67c6f9a082049c27d4616a2c/,tadalafil teva 20 mg 2 sht tabletki pokrytye plenochnoj obolochkoj,,,,,1.0000,,product_card,Тева 20 мг таблетки,exact,2026-08-13T19:24:53+00:00,0,mnn_source_identity_v1,,Филграстим,rx,https://www.vidal.ru/drugs/tevagrastim__37277,Теваграстим,,,,,1.0000,,product_card,Тева 20 мг таблетки,exact,2026-08-13T19:24:53+00:00,0,mnn_source_identity_v1,,,,,,,,,,0.0000,,search_only,ТАДАЛАФИЛ-ТЕВА 20 мг таблетки,generic,,,mnn_source_identity_v1,search:antibot
"ТАВОЛГА ВЯЗОЛИСТНАЯ (ЛАБАЗНИК) ТРАВА Ф/П 1,5Г №20 ХЕРБЕС | ХЕРБЕС ООО | ХЕРБЕС ООО",5322,drug,,БАД,ХЕРБЕС,"1,5 г",фильтр-пакеты,20 фильтр-пакетов,,,,,,,,,0.0000,,search_only,"ТАВОЛГА ВЯЗОЛИСТНАЯ (ЛАБАЗНИК) ТРАВА Ф/П 1,5Г №20 ХЕРБЕС 1,5 г фильтр-пакеты",generic,,,mnn_source_identity_v1,not_found,Ромашки аптечной цветки,otc,https://www.asna.ru/cards/romashki_tsvetki_15g_n20_fp_kherbes_ooo.html,/cards/romashki_tsvetki_15g_n20_fp_kherbes_ooo.html,,,,,0.4000,,product_card,"ХЕРБЕС 1,5 г",short,2026-08-13T19:24:57+00:00,0,mnn_source_identity_v1,,Таволга,,https://apteka.ru/product/tavolga-15-20-sht-filtr-paketyzdorove-5e326dc1ca7bdc000192f797/,tavolga 15 20 sht filtr paketyzdorove,,,,,0.2111,,product_card,"ТАВОЛГА ВЯЗОЛИСТНАЯ (ЛАБАЗНИК) ТРАВА Ф/П 1,5Г №20 ХЕРБЕС 1,5 г фильтр-пакеты",generic,2026-08-13T19:24:58+00:00,0,mnn_source_identity_v1,,,,https://www.vidal.ru/drugs/products,По алфавиту,,по,,,0.0000,,search_only,"ТАВОЛГА ВЯЗОЛИСТНАЯ (ЛАБАЗНИК) ТРАВА Ф/П 1,5Г №20 ХЕРБЕС 1,5 г фильтр-пакеты",generic,2026-08-13T19:25:00+00:00,0,mnn_source_identity_v1,low_match,,,,,,,,,0.0000,,search_only,"ТАВОЛГА ВЯЗОЛИСТНАЯ (ЛАБАЗНИК) ТРАВА Ф/П 1,5Г №20 ХЕРБЕС 1,5 г фильтр-пакеты",generic,,,mnn_source_identity_v1,search:antibot
СТРЕПТОЦИД ПОР. Д/НАРУЖ. ПРИМ. 2Г ПАК. №50 ОЗОН | ОЗОН ООО | ОЗОН ООО,5634,drug,Сульфаниламид,otc,Стрептоцид,2 г,порошок,пакет №50,Сульфаниламид,otc,https://uteka.ru/product/streptocid-92776/,"Стрептоцид, пор. д/наружн. прим, 2 г, 1 шт.",,порошок,2г,1,0.9500,,product_card,Стрептоцид 2 г порошок,exact,2026-08-13T19:25:02+00:00,0,mnn_source_identity_v1,,,,https://www.asna.ru/cards/fitolaks_tab_500mg_n40_evalar.html,/cards/fitolaks_tab_500mg_n40_evalar.html,,,,,0.1000,,search_only,СТРЕПТОЦИД ПОР. Д/НАРУЖ. ПРИМ. 2Г ПАК. №50 ОЗОН 2 г порошок,generic,2026-08-13T19:25:04+00:00,200,mnn_source_identity_v1,low_match,,,,,,,,,0.0000,,search_only,СТРЕПТОЦИД ПОР. Д/НАРУЖ. ПРИМ. 2Г ПАК. №50 ОЗОН 2 г порошок,generic,,,mnn_source_identity_v1,not_found,Сульфаниламид,otc,https://www.vidal.ru/drugs/streptocide__17996,Стрептоцид,,,,,1.0000,,product_card,Стрептоцид 2 г порошок,exact,2026-08-13T19:25:05+00:00,0,mnn_source_identity_v1,,,,,,,,,,0.0000,,search_only,СТРЕПТОЦИД ПОР. Д/НАРУЖ. ПРИМ. 2Г ПАК. №50 ОЗОН 2 г порошок,generic,,,mnn_source_identity_v1,search:antibot
СТОМАТОФИТ ФРЕШ ОПОЛАСКИВАТЕЛЬ ДЛЯ ПОЛОСТИ РТА ФЛ. 250МЛ | Фитофарм кленка АО | Фитофарм кленка АО,5729,drug,,otc,Стоматофит Фреш,,,флакон 250 мл,,,,,,,,,0.0000,,search_only,СТОМАТОФИТ ФРЕШ ОПОЛАСКИВАТЕЛЬ ДЛЯ ПОЛОСТИ РТА ФЛ. 250МЛ,generic,,,mnn_source_identity_v1,not_found,,,https://www.asna.ru/cards/fikseyd_eko_kotton_nabor_plastyrey_meditsinskikh_bakteritsidnykh_s_soderzhaniem_serebra_72mmkh19mm_n20_nordeplast_lsez.html,/cards/fikseyd_eko_kotton_nabor_plastyrey_meditsinskikh_bakteritsidnykh_s_soderzhaniem_serebra_72mmkh19mm_n20_nordeplast_lsez.html,,,,,0.0000,,search_only,СТОМАТОФИТ ФРЕШ ОПОЛАСКИВАТЕЛЬ ДЛЯ ПОЛОСТИ РТА ФЛ. 250МЛ,generic,2026-08-13T19:25:08+00:00,0,mnn_source_identity_v1,low_match,,,https://apteka.ru/product/stomatofit-flakon-ekstrakt-100-ml-5e32776bf5a9ae000140f845/,stomatofit flakon ekstrakt 100 ml,,,,,0.2250,,product_card,Стоматофит Фреш,exact,2026-08-13T19:25:08+00:00,0,mnn_source_identity_v1,,,,https://www.vidal.ru/drugs/products,По алфавиту,,по,,,0.0000,,search_only,СТОМАТОФИТ ФРЕШ ОПОЛАСКИВАТЕЛЬ ДЛЯ ПОЛОСТИ РТА ФЛ. 250МЛ,generic,2026-08-13T19:25:09+00:00,0,mnn_source_identity_v1,low_match,,,,,,,,,0.0000,,search_only,СТОМАТОФИТ ФРЕШ ОПОЛАСКИВАТЕЛЬ ДЛЯ ПОЛОСТИ РТА ФЛ. 250МЛ,generic,,,mnn_source_identity_v1,search:antibot
СТИМУЛОТОН ТАБЛ. П/ПЛЕН/ОБ. 100МГ №28 | ЭГИС ФАРМАЦЕВТИЧЕСКИЙ ЗАВОД ЗАО | ЭГИС ФАРМАЦЕВТИЧЕСКИЙ ЗАВОД ЗАО,5736,drug,сертралин,rx,Стимулотон,100 мг,таблетки,28 таблеток,Сертралин,rx,https://uteka.ru/product/stimuloton-156896/,"Стимулотон, 100 мг, табл. п.п.о, 28 шт.",,таблетки,100мг,28,1.0000,,product_card,Стимулотон 100 мг таблетки,exact,2026-08-13T19:25:10+00:00,0,mnn_source_identity_v1,,Сертралин,rx,https://www.asna.ru/cards/stimuloton_100mg_n28_tab_pokrytye_plenochnoy_obolochkoy_egis.html,/cards/stimuloton_100mg_n28_tab_pokrytye_plenochnoy_obolochkoy_egis.html,,,,,0.4000,,product_card,Стимулотон 100 мг таблетки,exact,2026-08-13T19:25:11+00:00,0,mnn_source_identity_v1,,Сертралин,,https://apteka.ru/product/stimuloton-100-mg-28-sht-tabletki-pokrytye-plenochnoj-obolochkoj-5e326d51ca7bdc000192f3d4/,stimuloton 100 mg 28 sht tabletki pokrytye plenochnoj obolochkoj,,,,100,1.0000,,product_card,Стимулотон 100 мг таблетки,exact,2026-08-13T19:25:11+00:00,0,mnn_source_identity_v1,,Сертралин,rx,https://www.vidal.ru/drugs/stimuloton__2568,Стимулотон,,,,,1.0000,,product_card,Стимулотон 100 мг таблетки,exact,2026-08-13T19:25:12+00:00,0,mnn_source_identity_v1,,,,,,,,,,0.0000,,search_only,Стимулотон 100 мг,short,,,mnn_source_identity_v1,search:antibot
СИРОП ШИПОВНИКА ФЛ. 250МЛ МИРРОЛЛА | МИРРОЛЛА ООО | МИРРОЛЛА ООО,6506,drug,,otc,Мирролла,,сироп,флакон 250 мл,,,https://uteka.ru/product/mirrolla-sirop-shipovnika-364214/,"Mirrolla Сироп шиповника, сироп, 250 мл, 1 шт.",,сироп,250мл,1,0.6000,,product_card,Мирролла сироп,exact,2026-08-13T19:25:14+00:00,0,mnn_source_identity_v1,,,otc,https://www.asna.ru/cards/mirrolla_sirop_s_shipovnikom_250ml_mirrolla.html,/cards/mirrolla_sirop_s_shipovnikom_250ml_mirrolla.html,,,,,0.4000,,product_card,Мирролла сироп,exact,2026-08-13T19:25:16+00:00,0,mnn_source_identity_v1,,,,https://apteka.ru/product/mirrolla-maslo-chajnoe-derevo-efirnoe-10-ml-flakon-v-individualnoj-upakovke-5e3265f365b5ab000164fd3b/,mirrolla maslo chajnoe derevo efirnoe 10 ml flakon v individualnoj upakovke,,,,,0.7750,,product_card,Мирролла сироп,exact,2026-08-13T19:25:16+00:00,0,mnn_source_identity_v1,,,,https://www.vidal.ru/drugs/products,По алфавиту,,по,,,0.0000,,search_only,СИРОП ШИПОВНИКА ФЛ. 250МЛ МИРРОЛЛА сироп,generic,2026-08-13T19:25:18+00:00,0,mnn_source_identity_v1,low_match,,,,,,,,,0.0000,,search_only,СИРОП ШИПОВНИКА ФЛ. 250МЛ МИРРОЛЛА сироп,generic,,,mnn_source_identity_v1,search:antibot
СИНЕКОД КАПЛИ Д/ПРИЕМА ВНУТРЬ ДЛЯ ДЕТЕЙ 5МГ/МЛ ФЛ. 20МЛ | ГКС КОНСЬЮМЕР ХЕЛС С.А. | ГКС КОНСЬЮМЕР ХЕЛС С.А.,6592,drug,Бутамират,Без рецепта,Синекод,5 мг/мл,капли,Флакон 20 мл,Бутамират,otc,https://uteka.ru/product/sinekod-30741/,"Синекод, 5 мг/мл, капли д/пр. внутрь детск, 20 мл, 1 шт.",,капли,5мг,1,1.0000,,product_card,Синекод 5 мг/мл капли,exact,2026-08-13T19:25:19+00:00,0,mnn_source_identity_v1,,Бутамират,otc,https://www.asna.ru/cards/sinekod_20ml_kapli_dpriema_vnutr_ddetey_novartis_konsyumer_khels.html,/cards/sinekod_20ml_kapli_dpriema_vnutr_ddetey_novartis_konsyumer_khels.html,,,,,0.4000,,product_card,Синекод 5 мг/мл капли,exact,2026-08-13T19:25:21+00:00,0,mnn_source_identity_v1,,Бутамират,,https://apteka.ru/product/sinekod-0005ml-flakon-kapli-dlya-priema-vnutr-20-ml-64230b3a5b59d22bc8b06bf7/,sinekod 0005ml flakon kapli dlya priema vnutr 20 ml,,,,,0.8200,,product_card,Синекод 5 мг/мл капли,exact,2026-08-13T19:25:21+00:00,0,mnn_source_identity_v1,,Бутамират,otc,https://www.vidal.ru/drugs/sinecod__1576,Синекод,,,,,1.0000,,product_card,Синекод 5 мг/мл капли,exact,2026-08-13T19:25:22+00:00,0,mnn_source_identity_v1,,,,,,,,,,0.0000,,search_only,СИНЕКОД КАПЛИ Д/ПРИЕМА ВНУТРЬ ДЛЯ ДЕТЕЙ 5МГ/МЛ ФЛ. 20МЛ 5 мг/мл капли,generic,,,mnn_source_identity_v1,search:antibot
СИНДРАНОЛ ТАБЛ. ПРОЛОНГ. П/ПЛЕН/ОБ. 8МГ №28 | ЭГИС ФАРМАЦЕВТИЧЕСКИЙ ЗАВОД АО/ФАРМАТЕН ИНТЕРНЕШНЛ С.А. | ЭГИС ФАРМАЦЕВТИЧЕСКИЙ ЗАВОД АО/ФАРМАТЕН ИНТЕРНЕШНЛ С.А.,6593,drug,,rx,Синдранон,8 мг,таблетки,28 таблеток,Ропинирол,rx,https://uteka.ru/product/sindranol-340285/,"Синдранол, 8 мг, табл. п.п.о. пролонг, 28 шт.",,таблетки,8мг,28,0.4333,,product_card,Синдранон 8 мг таблетки,exact,2026-08-13T19:25:23+00:00,0,mnn_source_identity_v1,,,,https://www.asna.ru/cards/fikseyd_eko_kotton_nabor_plastyrey_meditsinskikh_bakteritsidnykh_s_soderzhaniem_serebra_72mmkh19mm_n20_nordeplast_lsez.html,/cards/fikseyd_eko_kotton_nabor_plastyrey_meditsinskikh_bakteritsidnykh_s_soderzhaniem_serebra_72mmkh19mm_n20_nordeplast_lsez.html,,,,,0.0000,,search_only,СИНДРАНОЛ 8 мг таблетки,generic,2026-08-13T19:25:26+00:00,0,mnn_source_identity_v1,low_match,,,,,,,,,0.0000,,search_only,СИНДРАНОЛ 8 мг таблетки,generic,,,mnn_source_identity_v1,not_found,,,https://www.vidal.ru/drugs/products,По алфавиту,,по,,,0.0000,,search_only,СИНДРАНОЛ 8 мг таблетки,generic,2026-08-13T19:25:28+00:00,0,mnn_source_identity_v1,low_match,,,,,,,,,0.0000,,search_only,СИНДРАНОЛ 8 мг таблетки,generic,,,mnn_source_identity_v1,search:antibot
СИЛДЕНАФИЛ ТАБЛ. П/ПЛЕН/ОБ. 100МГ №10 ОЗОН | ОЗОН ООО | ОЗОН ООО,6743,drug,Силденафил,rx,,100 мг,таблетки,10 таблеток,Силденафил,rx,https://uteka.ru/product/sildenafil-sz-312564/,"Силденафил-СЗ, 100 мг, табл. п.п.о, 20 шт.",,таблетки,100мг,20,0.8500,,product_card,СИЛДЕНАФИЛ 100 мг таблетки,exact,2026-08-13T19:25:30+00:00,0,mnn_source_identity_v1,,,,https://www.asna.ru/cards/sildenafil-sz_100mg_n20_tab_pokrytye_plenochnoy_obolochkoy_severnaya_zvezda.html,/cards/sildenafil-sz_100mg_n20_tab_pokrytye_plenochnoy_obolochkoy_severnaya_zvezda.html,,,,,0.1000,,search_only,СИЛДЕНАФИЛ 100 мг,short,2026-08-13T19:25:31+00:00,200,mnn_source_identity_v1,low_match,Силденафил,rx,https://apteka.ru/product/sildenafil-100-mg-2-sht-tabletki-pokrytye-plenochnoj-obolochkoj-5e3274e865b5ab000165710d/,sildenafil 100 mg 2 sht tabletki pokrytye plenochnoj obolochkoj,,,,,0.4500,,product_card,СИЛДЕНАФИЛ 100 мг таблетки,exact,2026-08-13T19:25:31+00:00,0,mnn_source_identity_v1,,,,https://www.vidal.ru/drugs/products,По алфавиту,,по,,,0.0000,,search_only,СИЛДЕНАФИЛ 100 мг,short,2026-08-13T19:25:32+00:00,0,mnn_source_identity_v1,low_match,,,,,,,,,0.0000,,search_only,СИЛДЕНАФИЛ 100 мг,short,,,mnn_source_identity_v1,search:antibot
САНОВАСК ТАБЛ. П/КИШ/РАСТ/ПЛЕН/ОБ. 50МГ №30 | ИРБИТСКИЙ ХИМЗАВОД ОАО | ИРБИТСКИЙ ХИМЗАВОД ОАО,7275,drug,,,САНОВАСК,50 мг,таблетки,30 таблеток,Ацетилсалициловая кислота,otc,https://uteka.ru/product/sanovask-327683/,"Сановаск, 50 мг, табл. п.п.о. кишечнорастворимые, 30 шт.",,таблетки,50мг,30,1.0000,,product_card,САНОВАСК 50 мг таблетки,exact,2026-08-13T19:25:33+00:00,0,mnn_source_identity_v1,,Ацетилсалициловая кислота,otc,https://www.asna.ru/cards/sanovask_50mg_n30_tab_pokrytye_kishechnorastvorimoy_plenochnoy_obolochkoy_irbitskiy_khimfarmzavod_oao.html,/cards/sanovask_50mg_n30_tab_pokrytye_kishechnorastvorimoy_plenochnoy_obolochkoy_irbitskiy_khimfarmzavod_oao.html,,,,,0.5000,,product_card,САНОВАСК 50 мг таблетки,exact,2026-08-13T19:25:34+00:00,0,mnn_source_identity_v1,,Ацетилсалициловая кислота,,https://apteka.ru/product/sanovask-50-mg-30-sht-tabletki-kishechnorastvorimye--pokrytye-plenochnoj-obolochkoj-65a90284e93c9e7cc57b0b71/,sanovask 50 mg 30 sht tabletki kishechnorastvorimye  pokrytye plenochnoj obolochkoj,,,,,1.0000,,product_card,САНОВАСК 50 мг таблетки,exact,2026-08-13T19:25:34+00:00,0,mnn_source_identity_v1,,Магния гидроксид,otc,https://www.vidal.ru/drugs/sanovask-magnesium,Сановаск,,,,,1.0000,,product_card,САНОВАСК 50 мг таблетки,exact,2026-08-13T19:25:35+00:00,0,mnn_source_identity_v1,,,,,,,,,,0.0000,,search_only,САНОВАСК 50 мг,short,,,mnn_source_identity_v1,search:antibot
РОСИНСУЛИН С МЕДСИНТЕЗ СУСП. ДЛЯ П/К ВВЕД. 100МЕ/МЛ КАРТРИДЖ 3МЛ №5 | ЗАВОД МЕДСИНТЕЗ ООО | ЗАВОД МЕДСИНТЕЗ ООО,7625,drug,Инсулин человеческий,rx,Росинсулин,100 МЕ/мл,суспензия,картридж 3 мл №5,Инсулин-изофан [человеческий генно-инженерный],rx,https://uteka.ru/product/rosinsulin-s-386338/,"Росинсулин С, 100 МЕ/мл, сусп. для п/к введ, комфорт пен, 3 мл, 5 шт.",,суспензия,100ед,5,1.0000,,product_card,Росинсулин 100 МЕ/мл суспензия,exact,2026-08-13T19:25:37+00:00,0,mnn_source_identity_v1,,Инсулин-изофан [человеческий генно-инженерный],rx,https://www.asna.ru/cards/rosinsulin_s_100meml_3ml_n5_suspenziya_dpkozhnogo_vvedeniya_zavod_medsintez_ooo.html,/cards/rosinsulin_s_100meml_3ml_n5_suspenziya_dpkozhnogo_vvedeniya_zavod_medsintez_ooo.html,,,,,0.5000,,product_card,Росинсулин 100 МЕ/мл суспензия,exact,2026-08-13T19:25:39+00:00,0,mnn_source_identity_v1,,Инсулин-изофан человеческий генно-инженерный,rx,https://apteka.ru/product/rosinsulin-s-medsintez-100-meml-5-sht-flakon-suspenziya-dlya-podkozhnogo-vvedeniya-flakon-5-ml-61322f2d45366c1e9a3c6082/,rosinsulin s medsintez 100 meml 5 sht flakon suspenziya dlya podkozhnogo vvedeniya flakon 5 ml,,,,5,0.9100,,product_card,Росинсулин 100 МЕ/мл суспензия,exact,2026-08-13T19:25:39+00:00,0,mnn_source_identity_v1,,Инсулин аспарт,rx,https://www.vidal.ru/drugs/rosinsulin-aspart-r,Росинсулин Аспарт Р,,,,,1.0000,,product_card,Росинсулин 100 МЕ/мл суспензия,exact,2026-08-13T19:25:39+00:00,0,mnn_source_identity_v1,,,,,,,,,,0.0000,,search_only,РОСИНСУЛИН С МЕДСИНТЕЗ СУСП. ДЛЯ П/К ВВЕД. 100МЕ/МЛ КАРТРИДЖ 3МЛ №5 100 МЕ/мл суспензия,generic,,,mnn_source_identity_v1,search:antibot
РОМАШКИ АПТЕЧНОЙ ЦВЕТКИ 50Г ХЕРБЕС | ХЕРБЕС ООО | ХЕРБЕС ООО,7651,drug,,otc,Хербес,,,50 г,,,,,,,,,0.0000,,search_only,РОМАШКИ АПТЕЧНОЙ ЦВЕТКИ 50Г ХЕРБЕС,generic,,,mnn_source_identity_v1,not_found,Ромашки аптечной цветки,otc,https://www.asna.ru/cards/romashki_tsvetki_15g_n20_fp_kherbes_ooo.html,/cards/romashki_tsvetki_15g_n20_fp_kherbes_ooo.html,,,,,0.4000,,product_card,Хербес,exact,2026-08-13T19:25:41+00:00,0,mnn_source_identity_v1,,,,https://apteka.ru/product/polotencza-vlazhnye-detskie-universalnye-s-ekstraktom-romashki-aloe-i-vitaminom-e-60-sht-693083d77022628f12b49cdc/,polotencza vlazhnye detskie universalnye s ekstraktom romashki aloe i vitaminom e 60 sht,,,,,0.0900,,search_only,РОМАШКИ АПТЕЧНОЙ ЦВЕТКИ 50Г ХЕРБЕС,generic,2026-08-13T19:25:41+00:00,200,mnn_source_identity_v1,low_match,,,https://www.vidal.ru/drugs/products,По алфавиту,,по,,,0.0000,,search_only,РОМАШКИ АПТЕЧНОЙ ЦВЕТКИ 50Г ХЕРБЕС,generic,2026-08-13T19:25:43+00:00,0,mnn_source_identity_v1,low_match,,,,,,,,,0.0000,,search_only,РОМАШКИ АПТЕЧНОЙ ЦВЕТКИ 50Г ХЕРБЕС,generic,,,mnn_source_identity_v1,search:antibot
РОЗУВАСТАТИН-ТАД ТАБЛ. П/ПЛЕН/ОБ. 20МГ №30 | Крка-Рус ООО | Крка-Рус ООО,7803,drug,Розувастатин,rx,Розувастатин-ТАД,20мг,таблетки,30 таблеток,Розувастатин,rx,https://uteka.ru/product/rozuvastatin-tad-386319/,"Розувастатин-Тад, 20 мг, табл. п.п.о, 30 шт.",,таблетки,20мг,30,0.9500,,product_card,Розувастатин-ТАД 20мг таблетки,exact,2026-08-13T19:25:44+00:00,0,mnn_source_identity_v1,,Розувастатин,rx,https://www.asna.ru/cards/rozuvastatin-tad_20mg_n30_tab_pokrytye_plenochnoy_obolochkoy_krka-rus_ooo.html,/cards/rozuvastatin-tad_20mg_n30_tab_pokrytye_plenochnoy_obolochkoy_krka-rus_ooo.html,,,,,0.4000,,product_card,Розувастатин-ТАД 20мг таблетки,exact,2026-08-13T19:25:45+00:00,0,mnn_source_identity_v1,,Розувастатин,rx,https://apteka.ru/product/rozuvastatin-verteks-20-mg-90-sht-blister-tabletki-pokrytye-plenochnoj-obolochkoj-5e3bd2c0bc272f00016ba27e/,rozuvastatin verteks 20 mg 90 sht blister tabletki pokrytye plenochnoj obolochkoj,,,,,0.2250,,product_card,Розувастатин-ТАД 20мг таблетки,exact,2026-08-13T19:25:45+00:00,0,mnn_source_identity_v1,,,,https://www.vidal.ru/drugs/products,По алфавиту,,по,,,0.0000,,search_only,Розувастатин-ТАД 20мг,short,2026-08-13T19:25:46+00:00,0,mnn_source_identity_v1,low_match,,,,,,,,,0.0000,,search_only,Розувастатин-ТАД 20мг,short,,,mnn_source_identity_v1,search:antibot
РОЗУВАСТАТИН ТАБЛ. П/ПЛЕН/ОБ. 5МГ №30 ПРАНАФАРМ | ПРАНАФАРМ ООО | ПРАНАФАРМ ООО,7807,drug,Розувастатин,rx,Пранафарм,5 мг,таблетки,30 таблеток,Эналаприл,rx,https://uteka.ru/product/enalapril-384383/,"Эналаприл, 5 мг, табл, 60 шт.",,таблетки,5мг,60,0.4333,,product_card,Пранафарм 5 мг таблетки,exact,2026-08-13T19:25:46+00:00,0,mnn_source_identity_v1,,Валсартан,rx,https://www.asna.ru/cards/valsartan_40mg_n30_tab_pokrytye_plenochnoy_obolochkoy_pranafarm.html,/cards/valsartan_40mg_n30_tab_pokrytye_plenochnoy_obolochkoy_pranafarm.html,,,,,0.4000,,product_card,Пранафарм 5 мг таблетки,exact,2026-08-13T19:25:46+00:00,0,mnn_source_identity_v1,,Атенолол,rx,https://apteka.ru/product/atenolol-50-mg-n30-tabl-pranafarm-5e326f79f5a9ae000140be23/,atenolol 50 mg n30 tabl pranafarm,,,,30,0.7750,,product_card,Пранафарм 5 мг таблетки,exact,2026-08-13T19:25:46+00:00,0,mnn_source_identity_v1,,,,https://www.vidal.ru/drugs/products,По алфавиту,,по,,,0.0000,,search_only,РОЗУВАСТАТИН 5 мг таблетки,generic,2026-08-13T19:25:47+00:00,0,mnn_source_identity_v1,low_match,,,,,,,,,0.0000,,search_only,РОЗУВАСТАТИН 5 мг таблетки,generic,,,mnn_source_identity_v1,search:antibot
РОЗУВАСТАТИН ТАБЛ. П/ПЛЕН/ОБ. 20МГ №90 ОЗОН | ОЗОН ООО | ОЗОН ООО,7816,drug,Розувастатин,rx,ОЗОН,20мг,таблетки,№90,Розувастатин,rx,https://uteka.ru/product/rozuvastatin-383231/,"Розувастатин, 20 мг, табл. п.п.о, 90 шт.",,таблетки,20мг,90,0.4333,,product_card,РОЗУВАСТАТИН 20мг таблетки,generic,2026-08-13T19:25:49+00:00,0,mnn_source_identity_v1,,Метотрексат,rx,https://www.asna.ru/cards/metotreksat_25mg_n50_tab_pokrytye_obolochkoy_ozon.html,/cards/metotreksat_25mg_n50_tab_pokrytye_obolochkoy_ozon.html,,,,,0.4000,,product_card,ОЗОН 20мг таблетки,exact,2026-08-13T19:25:51+00:00,0,mnn_source_identity_v1,,Добутамин,rx,https://apteka.ru/product/dobutamin-125-mgml-10ml-n10-amp-koncz-dr-ra-dinf-ozon-687f89aca877d1a738467921/,dobutamin 125 mgml 10ml n10 amp koncz dr ra dinf ozon,,,,125,0.7000,,product_card,ОЗОН 20мг таблетки,exact,2026-08-13T19:25:51+00:00,0,mnn_source_identity_v1,,Глицин,otc,https://www.vidal.ru/drugs/glycine_bio__10481,Глицин Озон,,,,,1.0000,,product_card,ОЗОН 20мг таблетки,exact,2026-08-13T19:25:52+00:00,0,mnn_source_identity_v1,,,,,,,,,,0.0000,,search_only,РОЗУВАСТАТИН 20мг таблетки,generic,,,mnn_source_identity_v1,search:antibot
РОЗУВАСТАТИН РЕНЕВАЛ ТАБЛ. П/ПЛЕН/ОБ. 10МГ №30 | ОБНОВЛЕНИЕ ПФК АО | ОБНОВЛЕНИЕ ПФК АО,7858,drug,Розувастатин,rx,Реневал,10 мг,таблетки,30 таблеток,Пропранолол,rx,https://uteka.ru/product/anaprilin-1277/,"Анаприлин Реневал, 10 мг, табл, 112 шт.",,таблетки,10мг,112,1.0000,,product_card,Реневал 10 мг таблетки,exact,2026-08-13T19:25:54+00:00,0,mnn_source_identity_v1,,Нимесулид,rx,https://www.asna.ru/cards/nimesulid_reneval_100mg_n20_tab_obnovlenie_pfk_ao.html,/cards/nimesulid_reneval_100mg_n20_tab_obnovlenie_pfk_ao.html,,,,,0.5000,,product_card,Реневал 10 мг таблетки,exact,2026-08-13T19:25:56+00:00,0,mnn_source_identity_v1,,Рамиприл,rx,https://apteka.ru/product/ramipril-reneval-10-mg-30-sht-tabletki-67b6f8bef92ccd5e673daec7/,ramipril reneval 10 mg 30 sht tabletki,,,,,1.0000,,product_card,Реневал 10 мг таблетки,exact,2026-08-13T19:25:57+00:00,0,mnn_source_identity_v1,,Розувастатин,rx,https://www.vidal.ru/drugs/rozuvastatin-reneval,Розувастатин Реневал,,,,,1.0000,,product_card,Реневал 10 мг таблетки,exact,2026-08-13T19:25:57+00:00,0,mnn_source_identity_v1,,,,,,,,,,0.0000,,search_only,РОЗУВАСТАТИН РЕНЕВАЛ 10 мг таблетки,generic,,,mnn_source_identity_v1,search:antibot
РИМАСОПТ ВМ КАПЛИ ГЛАЗНЫЕ 2МГ/МЛ+5МГ/МЛ ФЛ. 5МЛ №1 | Уорлд медицин илач сан. ве тидж. Аш | Уорлд медицин илач сан. ве тидж. Аш,8055,drug,,rx,РИМАСОПТ ВМ,2мг/мл+5мг/мл,капли,фл. 5мл №1,,,,,,,,,0.0000,,search_only,РИМАСОПТ ВМ КАПЛИ ГЛАЗНЫЕ 2МГ/МЛ+5МГ/МЛ ФЛ. 5МЛ №1 2мг/мл+5мг/мл капли,generic,,,mnn_source_identity_v1,not_found,,,https://www.asna.ru/cards/fikseyd_eko_kotton_nabor_plastyrey_meditsinskikh_bakteritsidnykh_s_soderzhaniem_serebra_72mmkh19mm_n20_nordeplast_lsez.html,/cards/fikseyd_eko_kotton_nabor_plastyrey_meditsinskikh_bakteritsidnykh_s_soderzhaniem_serebra_72mmkh19mm_n20_nordeplast_lsez.html,,,,,0.0000,,search_only,РИМАСОПТ ВМ КАПЛИ ГЛАЗНЫЕ 2МГ/МЛ+5МГ/МЛ ФЛ. 5МЛ №1 2мг/мл+5мг/мл капли,generic,2026-08-13T19:26:02+00:00,0,mnn_source_identity_v1,low_match,,,,,,,,,0.0000,,search_only,РИМАСОПТ ВМ КАПЛИ ГЛАЗНЫЕ 2МГ/МЛ+5МГ/МЛ ФЛ. 5МЛ №1 2мг/мл+5мг/мл капли,generic,,,mnn_source_identity_v1,not_found,Тимолол,rx,https://www.vidal.ru/drugs/rimasopt-vm,Римасопт ВМ,,,,,1.0000,,product_card,РИМАСОПТ ВМ 2мг/мл+5мг/мл капли,exact,2026-08-13T19:26:03+00:00,0,mnn_source_identity_v1,,,,,,,,,,0.0000,,search_only,РИМАСОПТ ВМ КАПЛИ ГЛАЗНЫЕ 2МГ/МЛ+5МГ/МЛ ФЛ. 5МЛ №1 2мг/мл+5мг/мл капли,generic,,,mnn_source_identity_v1,search:antibot
РЕПЕШОК ОБЫКНОВЕННЫЙ ТРАВА 50Г ЭВАЛАР | ЭВАЛАР ЗАО | ЭВАЛАР ЗАО,8201,drug,,otc,Эвалар,,,50 г,,,https://uteka.ru/product/evalar-medika-aknelar-gel-dlya-problemnoi-i-kombinirovannoi-kozhi-postakne-440740/,"Эвалар Медика Акнелар Гель для проблемной и комбинированной кожи постакне, 30 мл, 1 шт.",,гель,30мл,1,1.0000,,product_card,Эвалар,exact,2026-08-13T19:26:04+00:00,0,mnn_source_identity_v1,,Гинкго двулопастного листьев экстракт,otc,https://www.asna.ru/cards/ginkoum_80mg_n60_kaps_evalar.html,/cards/ginkoum_80mg_n60_kaps_evalar.html,,,,,0.4000,,product_card,Эвалар,exact,2026-08-13T19:26:04+00:00,0,mnn_source_identity_v1,,,,https://apteka.ru/product/evalar-vitaminy-gruppy-v-30-sht-tabletki-shipuchie-massoj-5-gr-62ecf25b9a4bbad6203e87e8/,evalar vitaminy gruppy v 30 sht tabletki shipuchie massoj 5 gr,,,,,1.0000,,product_card,Эвалар,exact,2026-08-13T19:26:04+00:00,0,mnn_source_identity_v1,,Общетонизирующие препараты,otc,https://www.vidal.ru/drugs/evalar__20452,Эвалар,,,,,1.0000,,product_card,Эвалар,exact,2026-08-13T19:26:04+00:00,0,mnn_source_identity_v1,,,,,,,,,,0.0000,,search_only,РЕПЕШОК ОБЫКНОВЕННЫЙ ТРАВА 50Г ЭВАЛАР,generic,,,mnn_source_identity_v1,search:antibot
РЕДЕЦИЛ МАЗЬ Д/НАРУЖ. ПРИМ. ТУБА 35Г | РЕТИНОИДЫ АО | РЕТИНОИДЫ АО,8374,drug,,,Редецил,,мазь,туба 35 г,Диоксометилтетрагидропиримидин + Ретинол,otc,https://uteka.ru/product/redecil-155102/,"Редецил, мазь д/наружн. прим, 35 г, 1 шт.",,мазь,35г,1,1.0000,,product_card,Редецил мазь,exact,2026-08-13T19:26:05+00:00,0,mnn_source_identity_v1,,,,https://www.asna.ru/cards/redetsil_35g_maz_dnaruzhnogo_primeneniya_retinoidy.html,/cards/redetsil_35g_maz_dnaruzhnogo_primeneniya_retinoidy.html,,,,,0.0000,,search_only,Редецил,short,2026-08-13T19:26:06+00:00,200,mnn_source_identity_v1,low_match,,,,,,,,,0.0000,,search_only,Редецил,short,,,mnn_source_identity_v1,not_found,Диоксометилтетрагидропиримидин,otc,https://www.vidal.ru/drugs/redecil__15776,Редецил,,,,,1.0000,,product_card,Редецил мазь,exact,2026-08-13T19:26:08+00:00,0,mnn_source_identity_v1,,,,,,,,,,0.0000,,search_only,Редецил,short,,,mnn_source_identity_v1,search:antibot
РЕБАМИПИД ТАБЛ. П/ПЛЕН/ОБ. 100МГ №90 | ОБНИНСКАЯ ХИМИКО-ФАРМАЦЕВТИЧЕСКАЯ КОМПАНИЯ | ОБНИНСКАЯ ХИМИКО-ФАРМАЦЕВТИЧЕСКАЯ КОМПАНИЯ,8414,drug,Ребамипид,rx,,100 мг,таблетки,90 таблеток,Ребамипид,rx,https://uteka.ru/product/rebamipid-sz-371955/,"Ребамипид-СЗ, 100 мг, табл. п.п.о, 30 шт.",,таблетки,100мг,30,0.8500,,product_card,РЕБАМИПИД 100 мг таблетки,exact,2026-08-13T19:26:09+00:00,0,mnn_source_identity_v1,,,,https://www.asna.ru/cards/rebamipid-sz_100mg_n90_tab_pokrytye_plenochnoy_obolochkoy_severnaya_zvezda_nao.html,/cards/rebamipid-sz_100mg_n90_tab_pokrytye_plenochnoy_obolochkoy_severnaya_zvezda_nao.html,,,,,0.1000,,search_only,РЕБАМИПИД 100 мг,short,2026-08-13T19:26:10+00:00,200,mnn_source_identity_v1,low_match,Ребамипид,rx,https://apteka.ru/product/rebamipid-sz-100-mg-60-sht-tabletki-pokrytye-plenochnoj-obolochkoj-61a8ad4d227890b6ef08e6b8/,rebamipid sz 100 mg 60 sht tabletki pokrytye plenochnoj obolochkoj,,,,,0.4500,,product_card,РЕБАМИПИД 100 мг таблетки,exact,2026-08-13T19:26:12+00:00,0,mnn_source_identity_v1,,,,https://www.vidal.ru/drugs/products,По алфавиту,,по,,,0.0000,,search_only,РЕБАМИПИД 100 мг,short,2026-08-13T19:26:12+00:00,0,mnn_source_identity_v1,low_match,,,,,,,,,0.0000,,search_only,РЕБАМИПИД 100 мг,short,,,mnn_source_identity_v1,search:antibot
РАБИЕТ КАПС. КИШ/РАСТ. 20МГ №14 АЛИУМ | АЛИУМ АО | АЛИУМ АО,8566,drug,,,АЛИУМ,20 мг,капсулы,14 капсул,Лоперамид,otc,https://uteka.ru/product/loperamid-alium-376851/,"Лоперамид-Алиум, 2 мг, капсулы, 20 шт.",,капсулы,2мг,20,1.0000,,product_card,АЛИУМ 20 мг капсулы,exact,2026-08-13T19:26:15+00:00,0,mnn_source_identity_v1,,Молнупиравир,rx,https://www.asna.ru/cards/molnupiravir_200mg_n40_kaps_alium_ao.html,/cards/molnupiravir_200mg_n40_kaps_alium_ao.html,,,,,0.5000,,product_card,АЛИУМ 20 мг капсулы,exact,2026-08-13T19:26:17+00:00,0,mnn_source_identity_v1,,Лоперамид,,https://apteka.ru/product/loperamid-alium-2-mg-20-sht-kapsuly-606edb15b905a1659c5ca9d1/,loperamid alium 2 mg 20 sht kapsuly,,,,,1.0000,,product_card,АЛИУМ 20 мг капсулы,exact,2026-08-13T19:26:18+00:00,0,mnn_source_identity_v1,,Албендазол,rx,https://www.vidal.ru/drugs/albendazole-alium,Албендазол-Алиум,,,,,1.0000,,product_card,АЛИУМ 20 мг капсулы,exact,2026-08-13T19:26:19+00:00,0,mnn_source_identity_v1,,,,,,,,,,0.0000,,search_only,РАБИЕТ КАПС. КИШ/РАСТ. 20МГ №14 АЛИУМ 20 мг капсулы,generic,,,mnn_source_identity_v1,search:antibot
ПРОСТАНОРМ ЭКСТРАКТ Д/ПРИЕМА ВНУТРЬ ЖИДК. ФЛ. 100МЛ | ФАРМВИЛАР НПО ООО | ФАРМВИЛАР НПО ООО,8753,drug,,otc,Простанорм,,,флакон 100 мл,Зверобоя продырявленного трава +Золотарника канадского трава+Солодки корни+Эхинацеи пурпурной корневища с корнями,otc,https://uteka.ru/product/prostanorm-357842/,"Простанорм, 200 мг, табл. п.о, 30 шт.",,таблетки,200мг,30,1.0000,,product_card,Простанорм,exact,2026-08-13T19:26:20+00:00,0,mnn_source_identity_v1,,,otc,https://www.asna.ru/cards/prostanorm_200mg_n30_tab_pokrytye_obolochkoy_vilar_farmtsentr.html,/cards/prostanorm_200mg_n30_tab_pokrytye_obolochkoy_vilar_farmtsentr.html,,,,,0.4000,,product_card,Простанорм,exact,2026-08-13T19:26:20+00:00,0,mnn_source_identity_v1,,,,https://apteka.ru/product/prostanorm-flakon-kapelnicza-ekstrakt-dlya-priema-vnutr-zhidkij-100-ml-5e32673bca7bdc000192c4bd/,prostanorm flakon kapelnicza ekstrakt dlya priema vnutr zhidkij 100 ml,,,,,1.0000,,product_card,Простанорм,exact,2026-08-13T19:26:20+00:00,0,mnn_source_identity_v1,,,otc,https://www.vidal.ru/drugs/prostanorm__15913,Простанорм,,,,,1.0000,,product_card,Простанорм,exact,2026-08-13T19:26:20+00:00,0,mnn_source_identity_v1,,,,,,,,,,0.0000,,search_only,ПРОСТАНОРМ ЭКСТРАКТ Д/ПРИЕМА ВНУТРЬ ЖИДК. ФЛ. 100МЛ,generic,,,mnn_source_identity_v1,search:antibot
ПРОПИЦИЛ ТАБЛ. 50МГ №20 | ХАУПТ ФАРМА МЮНСТЕР ГМБХ | ХАУПТ ФАРМА МЮНСТЕР ГМБХ,8788,drug,Пропилтиоурацил,rx,Пропицил,50 мг,таблетки,20 таблеток,Пропилтиоурацил,rx,https://uteka.ru/product/propicil-92661/,"Пропицил, 50 мг, табл, 20 шт.",,таблетки,50мг,20,1.0000,,product_card,Пропицил 50 мг таблетки,exact,2026-08-13T19:26:21+00:00,0,mnn_source_identity_v1,,,,https://www.asna.ru/cards/propitsil_50mg_n20_tab_haupt_pharma_munster_gmbh.html,/cards/propitsil_50mg_n20_tab_haupt_pharma_munster_gmbh.html,,,,,0.1000,,search_only,Пропицил 50 мг,short,2026-08-13T19:26:22+00:00,200,mnn_source_identity_v1,low_match,,,,,,,,,0.0000,,search_only,Пропицил 50 мг,short,,,mnn_source_identity_v1,not_found,Пропилтиоурацил,rx,https://www.vidal.ru/drugs/propycil__5744,Пропицил,,,,,1.0000,,product_card,Пропицил 50 мг таблетки,exact,2026-08-13T19:26:24+00:00,0,mnn_source_identity_v1,,,,,,,,,,0.0000,,search_only,Пропицил 50 мг,short,,,mnn_source_identity_v1,search:antibot
"ПРЕДНИЗОЛОН МАЗЬ Д/НАРУЖ. ПРИМ. 0,5% ТУБА 15Г БИОСИНТЕЗ | БИОСИНТЕЗ ПАО | БИОСИНТЕЗ ПАО",9096,drug,Преднизолон,rx,Биосинтез,0.5%,мазь,туба 15 г,Преднизолон,rx,https://uteka.ru/product/prednizolon-maz-8091/,"Преднизолон (мазь), 0.5%, мазь д/наружн. прим, 15 г, 1 шт.",,мазь,15г,1,0.6000,,product_card,Биосинтез 0.5% мазь,exact,2026-08-13T19:26:26+00:00,0,mnn_source_identity_v1,,Нистатин,rx,https://www.asna.ru/cards/nistatin_100000ed_30g_maz_dnaruzhnogo_primeneniya_biosintez.html,/cards/nistatin_100000ed_30g_maz_dnaruzhnogo_primeneniya_biosintez.html,,,,,0.4000,,product_card,Биосинтез 0.5% мазь,exact,2026-08-13T19:26:28+00:00,0,mnn_source_identity_v1,,Тетрациклин,rx,https://apteka.ru/product/tetracziklin-100-mg-n20-tabl-pplenobolochbiosintez-5e32784eca7bdc0001934a4d/,tetracziklin 100 mg n20 tabl pplenobolochbiosintez,,,,100,0.5500,,product_card,Биосинтез 0.5% мазь,exact,2026-08-13T19:26:28+00:00,0,mnn_source_identity_v1,,Каптоприл,rx,https://www.vidal.ru/drugs/captopril-biosynthes__4963,Каптоприл-Биосинтез,,,,,1.0000,,product_card,Биосинтез 0.5% мазь,exact,2026-08-13T19:26:28+00:00,0,mnn_source_identity_v1,,,,,,,,,,0.0000,,search_only,ПРЕДНИЗОЛОН 0.5% мазь,generic,,,mnn_source_identity_v1,search:antibot
ПОМОГУША СИРОП ДЕТСКИЙ ДЛЯ ДЕТЕЙ С 3-Х ЛЕТ ПРОТИВОПРОСТУДНЫЙ 100МЛ | ЮГ ООО | ЮГ ООО,9197,drug,,otc,ПОМОГУША,,сироп,100 мл,,,https://uteka.ru/product/pomogusha-protivoprostudnyy-364643/,"Помогуша противопростудный, сироп детск, 100 мл, 1 шт.",,сироп,100мл,1,1.0000,,product_card,ПОМОГУША сироп,exact,2026-08-13T19:26:31+00:00,0,mnn_source_identity_v1,,,otc,https://www.asna.ru/cards/pomogusha_sirop_detskiy_immunomoduliruyushchiy_s_3-kh_let_100ml_yug_ooo.html,/cards/pomogusha_sirop_detskiy_immunomoduliruyushchiy_s_3-kh_let_100ml_yug_ooo.html,,,,,0.4000,,product_card,ПОМОГУША сироп,exact,2026-08-13T19:26:32+00:00,0,mnn_source_identity_v1,,,,https://apteka.ru/product/pomogusha-sirop-detskij-immunomodulir-100-ml-dlya-detej-s-3-x-let-5e326c6565b5ab00016533be/,pomogusha sirop detskij immunomodulir 100 ml dlya detej s 3 x let,,,,,1.0000,,product_card,ПОМОГУША сироп,exact,2026-08-13T19:26:32+00:00,0,mnn_source_identity_v1,,,,https://www.vidal.ru/drugs/products,По алфавиту,,по,,,0.0000,,search_only,ПОМОГУША СИРОП ДЕТСКИЙ ДЛЯ ДЕТЕЙ С 3-Х ЛЕТ ПРОТИВОПРОСТУДНЫЙ 100МЛ сироп,generic,2026-08-13T19:26:33+00:00,0,mnn_source_identity_v1,low_match,,,,,,,,,0.0000,,search_only,ПОМОГУША СИРОП ДЕТСКИЙ ДЛЯ ДЕТЕЙ С 3-Х ЛЕТ ПРОТИВОПРОСТУДНЫЙ 100МЛ сироп,generic,,,mnn_source_identity_v1,search:antibot
ПОЛЫНИ ГОРЬКОЙ ТРАВА 50Г ФИТОФАРМ | ФИТОФАРМ ООО | ФИТОФАРМ ООО,9301,drug,Полыни горькой трава,otc,,,,50 г,,,,,,,,,0.0000,,search_only,ПОЛЫНИ ГОРЬКОЙ ТРАВА 50Г ФИТОФАРМ,exact,,,mnn_source_identity_v1,not_found,,,https://www.asna.ru/cards/polyn_gorkaya_trava_50g_fitofarm.html,/cards/polyn_gorkaya_trava_50g_fitofarm.html,,,,,0.0000,,search_only,ПОЛЫНИ ГОРЬКОЙ ТРАВА 50Г ФИТОФАРМ,exact,2026-08-13T19:26:34+00:00,200,mnn_source_identity_v1,low_match,,,https://apteka.ru/product/polyni-gorkoj-trava-50-gr-5e3274b1ca7bdc00019329ea/,polyni gorkoj trava 50 gr,,,,,0.1800,,search_only,ПОЛЫНИ ГОРЬКОЙ ТРАВА 50Г ФИТОФАРМ,exact,2026-08-13T19:26:35+00:00,200,mnn_source_identity_v1,low_match,,,https://www.vidal.ru/drugs/products,По алфавиту,,по,,,0.0000,,search_only,ПОЛЫНИ ГОРЬКОЙ ТРАВА 50Г ФИТОФАРМ,exact,2026-08-13T19:26:36+00:00,0,mnn_source_identity_v1,low_match,,,,,,,,,0.0000,,search_only,ПОЛЫНИ ГОРЬКОЙ ТРАВА 50Г ФИТОФАРМ,exact,,,mnn_source_identity_v1,search:antibot
ПОЛИФЕПАН ПОР. Д/ПРИЕМА ВНУТРЬ ПАК. 10Г №10 | ВОСТОК ООО | ВОСТОК ООО,9306,drug,,,,,порошок,пакет 10 г №10,,,,,,,,,0.0000,,search_only,ПОЛИФЕПАН ПОР. Д/ПРИЕМА ВНУТРЬ ПАК. 10Г №10,short,,,mnn_source_identity_v1,not_found,,,https://www.asna.ru/cards/fikseyd_eko_kotton_nabor_plastyrey_meditsinskikh_bakteritsidnykh_s_soderzhaniem_serebra_72mmkh19mm_n20_nordeplast_lsez.html,/cards/fikseyd_eko_kotton_nabor_plastyrey_meditsinskikh_bakteritsidnykh_s_soderzhaniem_serebra_72mmkh19mm_n20_nordeplast_lsez.html,,,,,0.0000,,search_only,ПОЛИФЕПАН ПОР. Д/ПРИЕМА ВНУТРЬ ПАК. 10Г №10,short,2026-08-13T19:26:38+00:00,0,mnn_source_identity_v1,low_match,,,,,,,,,0.0000,,search_only,ПОЛИФЕПАН ПОР. Д/ПРИЕМА ВНУТРЬ ПАК. 10Г №10,short,,,mnn_source_identity_v1,not_found,,,https://www.vidal.ru/drugs/products,По алфавиту,,по,,,0.0000,,search_only,ПОЛИФЕПАН ПОР. Д/ПРИЕМА ВНУТРЬ ПАК. 10Г №10,short,2026-08-13T19:26:39+00:00,0,mnn_source_identity_v1,low_match,,,,,,,,,0.0000,,search_only,ПОЛИФЕПАН ПОР. Д/ПРИЕМА ВНУТРЬ ПАК. 10Г №10,short,,,mnn_source_identity_v1,search:antibot
ПИОНА НАСТОЙКА РЕНЕВАЛ ФЛ. 25МЛ | ОБНОВЛЕНИЕ ПФК АО | ОБНОВЛЕНИЕ ПФК АО,9511,drug,,otc,Реневал,,,флакон 25 мл,Пропранолол,rx,https://uteka.ru/product/anaprilin-1277/,"Анаприлин Реневал, 10 мг, табл, 112 шт.",,таблетки,10мг,112,1.0000,,product_card,Реневал,exact,2026-08-13T19:26:40+00:00,0,mnn_source_identity_v1,,Натрия хлорид,rx,https://www.asna.ru/cards/natriya_khlorid_bufus_09_5ml_n10_r-r_dinektsiy_obnovlenie_reneval_pfk.html,/cards/natriya_khlorid_bufus_09_5ml_n10_r-r_dinektsiy_obnovlenie_reneval_pfk.html,,,,,0.4000,,product_card,Реневал,exact,2026-08-13T19:26:40+00:00,0,mnn_source_identity_v1,,"Ацетилсалициловая кислота, Аскорбиновая кислота",,https://apteka.ru/product/aczetilsaliczilovaya-kislota-plyus-reneval-500-mg25-mg-20-sht-tabletki-6603c3386e481dcf5cbbfee0/,aczetilsaliczilovaya kislota plyus reneval 500 mg25 mg 20 sht tabletki,,,,,1.0000,,product_card,Реневал,exact,2026-08-13T19:26:40+00:00,0,mnn_source_identity_v1,,Розувастатин,rx,https://www.vidal.ru/drugs/rozuvastatin-reneval,Розувастатин Реневал,,,,,1.0000,,product_card,Реневал,exact,2026-08-13T19:26:40+00:00,0,mnn_source_identity_v1,,,,,,,,,,0.0000,,search_only,ПИОНА НАСТОЙКА РЕНЕВАЛ ФЛ. 25МЛ,generic,,,mnn_source_identity_v1,search:antibot
"ПИКОДИНАР КАПЛИ Д/ПРИЕМА ВНУТРЬ 7,5МГ/МЛ ФЛ. 15МЛ | ГРОТЕКС ООО | ГРОТЕКС ООО",9539,drug,,otc,Пикодина,7.5 мг/мл,капли,флакон 15 мл,Натрия пикосульфат,otc,https://uteka.ru/product/pikodinar-359527/,"Пикодинар, 7.5 мг/мл, капли д/пр. внутрь, 30 мл, 1 шт.",,капли,7.5мг,1,1.0000,,product_card,Пикодина 7.5 мг/мл капли,exact,2026-08-13T19:26:41+00:00,0,mnn_source_identity_v1,,Натрия пикосульфат,otc,https://www.asna.ru/cards/pikodinar_75mgml_30ml_kapli_dpriema_vnutr.html,/cards/pikodinar_75mgml_30ml_kapli_dpriema_vnutr.html,,,,,0.4000,,product_card,Пикодина 7.5 мг/мл капли,exact,2026-08-13T19:26:42+00:00,0,mnn_source_identity_v1,,Натрия пикосульфат,,https://apteka.ru/product/pikodinar-75mgml-flakon-kapli-dlya-priema-vnutr-30-ml-5e3278d765b5ab0001659320/,pikodinar 75mgml flakon kapli dlya priema vnutr 30 ml,,,,,0.7000,,product_card,Пикодина 7.5 мг/мл капли,exact,2026-08-13T19:26:42+00:00,0,mnn_source_identity_v1,,Натрия пикосульфат,otc,https://www.vidal.ru/drugs/picodinar,Пикодинар,,,,,0.4500,,product_card,Пикодина 7.5 мг/мл капли,exact,2026-08-13T19:26:43+00:00,0,mnn_source_identity_v1,,,,,,,,,,0.0000,,search_only,"ПИКОДИНАР КАПЛИ Д/ПРИЕМА ВНУТРЬ 7,5МГ/МЛ ФЛ. 15МЛ 7.5 мг/мл капли",generic,,,mnn_source_identity_v1,search:antibot
ПАРОДОНТОЦИД ОПОЛАСКИВАТЕЛЬ ДЛЯ ПОЛОСТИ РТА 250МЛ | МОСКОВСКАЯ ФФ | МОСКОВСКАЯ ФФ,9941,drug,,otc,Пародонтоцид,,,250 мл,,,https://uteka.ru/product/parodontocid-opolaskivatel-dlya-polosti-rta-364938/,"Пародонтоцид Ополаскиватель для полости рта, р-р д/обраб. полости рта, 250 мл, 1 шт.",,раствор,250мл,1,1.0000,,product_card,Пародонтоцид,exact,2026-08-13T19:26:44+00:00,0,mnn_source_identity_v1,,,,https://www.asna.ru/cards/parodontotsid_opolaskivatel_dpolosti_rta_250ml_mff.html,/cards/parodontotsid_opolaskivatel_dpolosti_rta_250ml_mff.html,,,,,0.0000,,search_only,ПАРОДОНТОЦИД ОПОЛАСКИВАТЕЛЬ ДЛЯ ПОЛОСТИ РТА 250МЛ,generic,2026-08-13T19:26:44+00:00,200,mnn_source_identity_v1,low_match,,,,,,,,,0.0000,,search_only,ПАРОДОНТОЦИД ОПОЛАСКИВАТЕЛЬ ДЛЯ ПОЛОСТИ РТА 250МЛ,generic,,,mnn_source_identity_v1,not_found,,otc,https://www.vidal.ru/drugs/parodontocide,Пародонтоцид,,,,,1.0000,,product_card,Пародонтоцид,exact,2026-08-13T19:26:45+00:00,0,mnn_source_identity_v1,,,,,,,,,,0.0000,,search_only,ПАРОДОНТОЦИД ОПОЛАСКИВАТЕЛЬ ДЛЯ ПОЛОСТИ РТА 250МЛ,generic,,,mnn_source_identity_v1,search:antibot
ПАРАЦЕТАМОЛ ТАБЛ. 500МГ №10 ОЗОН | ОЗОН ООО | ОЗОН ООО,9993,drug,Парацетамол,otc,,500 мг,таблетки,№10,Парацетамол,otc,https://uteka.ru/product/paracetamol-12208/,"Парацетамол Реневал, 500 мг, табл, 20 шт.",,таблетки,500мг,20,0.8500,,product_card,ПАРАЦЕТАМОЛ 500 мг таблетки,exact,2026-08-13T19:26:46+00:00,0,mnn_source_identity_v1,,,,https://www.asna.ru/cards/paratsetamol_500mg_n20_tab_farmstandart-leksredstva.html,/cards/paratsetamol_500mg_n20_tab_farmstandart-leksredstva.html,,,,,0.1000,,search_only,ПАРАЦЕТАМОЛ 500 мг,short,2026-08-13T19:26:48+00:00,0,mnn_source_identity_v1,low_match,,,,,,,,,0.0000,,search_only,ПАРАЦЕТАМОЛ 500 мг,short,,,mnn_source_identity_v1,not_found,,,https://www.vidal.ru/drugs/products,По алфавиту,,по,,,0.0000,,search_only,ПАРАЦЕТАМОЛ 500 мг,short,2026-08-13T19:26:48+00:00,0,mnn_source_identity_v1,low_match,,,,,,,,,0.0000,,search_only,ПАРАЦЕТАМОЛ 500 мг,short,,,mnn_source_identity_v1,search:antibot
ПАРАЦЕТАМОЛ СУСП. Д/ПРИЕМА ВНУТРЬ ДЛЯ ДЕТЕЙ 120МГ/5МЛ ФЛ. 100МЛ СИНТЕЗ | СИНТЕЗ | СИНТЕЗ,9996,drug,Парацетамол,otc,,120мг/5мл,суспензия,флакон 100мл,,,,,,,,,0.0000,,search_only,ПАРАЦЕТАМОЛ СУСП. Д/ПРИЕМА ВНУТРЬ ДЛЯ ДЕТЕЙ 120МГ/5МЛ ФЛ. 100МЛ СИНТЕЗ,fallback,,,mnn_source_identity_v1,not_found,,,https://www.asna.ru/cards/fikseyd_eko_kotton_nabor_plastyrey_meditsinskikh_bakteritsidnykh_s_soderzhaniem_serebra_72mmkh19mm_n20_nordeplast_lsez.html,/cards/fikseyd_eko_kotton_nabor_plastyrey_meditsinskikh_bakteritsidnykh_s_soderzhaniem_serebra_72mmkh19mm_n20_nordeplast_lsez.html,,,,,0.0000,,search_only,ПАРАЦЕТАМОЛ СУСП. Д/ПРИЕМА ВНУТРЬ ДЛЯ ДЕТЕЙ 120МГ/5МЛ ФЛ. 100МЛ СИНТЕЗ,fallback,2026-08-13T19:26:53+00:00,0,mnn_source_identity_v1,low_match,,,,,,,,,0.0000,,search_only,ПАРАЦЕТАМОЛ СУСП. Д/ПРИЕМА ВНУТРЬ ДЛЯ ДЕТЕЙ 120МГ/5МЛ ФЛ. 100МЛ СИНТЕЗ,fallback,,,mnn_source_identity_v1,not_found,,,https://www.vidal.ru/drugs/products,По алфавиту,,по,,,0.0000,,search_only,ПАРАЦЕТАМОЛ СУСП. Д/ПРИЕМА ВНУТРЬ ДЛЯ ДЕТЕЙ 120МГ/5МЛ ФЛ. 100МЛ СИНТЕЗ,fallback,2026-08-13T19:26:55+00:00,0,mnn_source_identity_v1,low_match,,,,,,,,,0.0000,,search_only,ПАРАЦЕТАМОЛ СУСП. Д/ПРИЕМА ВНУТРЬ ДЛЯ ДЕТЕЙ 120МГ/5МЛ ФЛ. 100МЛ СИНТЕЗ,fallback,,,mnn_source_identity_v1,search:antibot
ПАРАЦЕТАМОЛ РЕНЕВАЛ ТАБЛ. 500МГ №20 | ОБНОВЛЕНИЕ ПФК АО | ОБНОВЛЕНИЕ ПФК АО,10005,drug,Парацетамол,otc,Реневал,500 мг,таблетки,20 таблеток,Метамизол натрия,otc,https://uteka.ru/product/analgin-reneval-4701/,"Анальгин Реневал, 500 мг, табл, 20 шт.",,таблетки,500мг,20,1.0000,,product_card,Реневал 500 мг таблетки,exact,2026-08-13T19:26:57+00:00,0,mnn_source_identity_v1,,Парацетамол,otc,https://www.asna.ru/cards/paratsetamol_500mg_n20_tab_obnovlenie_reneval_pfk.html,/cards/paratsetamol_500mg_n20_tab_obnovlenie_reneval_pfk.html,,,,,0.5000,,product_card,Реневал 500 мг таблетки,exact,2026-08-13T19:26:58+00:00,0,mnn_source_identity_v1,,"Ацетилсалициловая кислота, Аскорбиновая кислота",,https://apteka.ru/product/aczetilsaliczilovaya-kislota-plyus-reneval-500-mg25-mg-20-sht-tabletki-6603c3386e481dcf5cbbfee0/,aczetilsaliczilovaya kislota plyus reneval 500 mg25 mg 20 sht tabletki,,,,,1.0000,,product_card,Реневал 500 мг таблетки,exact,2026-08-13T19:26:59+00:00,0,mnn_source_identity_v1,,Розувастатин,rx,https://www.vidal.ru/drugs/rozuvastatin-reneval,Розувастатин Реневал,,,,,1.0000,,product_card,Реневал 500 мг таблетки,exact,2026-08-13T19:26:59+00:00,0,mnn_source_identity_v1,,,,,,,,,,0.0000,,search_only,ПАРАЦЕТАМОЛ РЕНЕВАЛ 500 мг таблетки,generic,,,mnn_source_identity_v1,search:antibot
ПАРАЦЕТАМОЛ ДЕТСКИЙ СУСП. Д/ПРИЕМА ВНУТРЬ МАЛИНА 120МГ/5МЛ ФЛ. 100Г ФАРМСТАНДАРТ | ФАРМСТАНДАРТ-ЛЕКСРЕДСТВА ОАО | ФАРМСТАНДАРТ-ЛЕКСРЕДСТВА ОАО,10009,drug,Парацетамол,otc,,120мг/5мл,суспензия,флакон 100г,,,,,,,,,0.0000,,search_only,ПАРАЦЕТАМОЛ ДЕТСКИЙ СУСП. Д/ПРИЕМА ВНУТРЬ МАЛИНА 120МГ/5МЛ ФЛ. 100Г ФАРМСТАНДАРТ,fallback,,,mnn_source_identity_v1,not_found,,,https://www.asna.ru/cards/fikseyd_eko_kotton_nabor_plastyrey_meditsinskikh_bakteritsidnykh_s_soderzhaniem_serebra_72mmkh19mm_n20_nordeplast_lsez.html,/cards/fikseyd_eko_kotton_nabor_plastyrey_meditsinskikh_bakteritsidnykh_s_soderzhaniem_serebra_72mmkh19mm_n20_nordeplast_lsez.html,,,,,0.0000,,search_only,ПАРАЦЕТАМОЛ ДЕТСКИЙ СУСП. Д/ПРИЕМА ВНУТРЬ МАЛИНА 120МГ/5МЛ ФЛ. 100Г ФАРМСТАНДАРТ,fallback,2026-08-13T19:27:05+00:00,0,mnn_source_identity_v1,low_match,,,,,,,,,0.0000,,search_only,ПАРАЦЕТАМОЛ ДЕТСКИЙ СУСП. Д/ПРИЕМА ВНУТРЬ МАЛИНА 120МГ/5МЛ ФЛ. 100Г ФАРМСТАНДАРТ,fallback,,,mnn_source_identity_v1,not_found,,,https://www.vidal.ru/drugs/products,По алфавиту,,по,,,0.0000,,search_only,ПАРАЦЕТАМОЛ ДЕТСКИЙ СУСП. Д/ПРИЕМА ВНУТРЬ МАЛИНА 120МГ/5МЛ ФЛ. 100Г ФАРМСТАНДАРТ,fallback,2026-08-13T19:27:07+00:00,0,mnn_source_identity_v1,low_match,,,,,,,,,0.0000,,search_only,ПАРАЦЕТАМОЛ ДЕТСКИЙ СУСП. Д/ПРИЕМА ВНУТРЬ МАЛИНА 120МГ/5МЛ ФЛ. 100Г ФАРМСТАНДАРТ,fallback,,,mnn_source_identity_v1,search:antibot
ПАПАВЕРИН ТАБЛ. 40МГ №10 ИРБИТСКИЙ ХФЗ | ИРБИТСКИЙ ХИМЗАВОД ОАО | ИРБИТСКИЙ ХИМЗАВОД ОАО,10046,drug,Папаверин,rx,Папаверин,40 мг,таблетки,10 таблеток,Папаверин,otc,https://uteka.ru/product/papaverina-gidrohlorid-64130/,"Папаверин, 40 мг, табл, 20 шт.",,таблетки,40мг,20,1.0000,,product_card,Папаверин 40 мг таблетки,exact,2026-08-13T19:27:09+00:00,0,mnn_source_identity_v1,,Папаверин,otc,https://www.asna.ru/cards/papaverina_gidrokhlorid_40mg_n10_tab_farmstandart-tomskkhimfarm_oao.html,/cards/papaverina_gidrokhlorid_40mg_n10_tab_farmstandart-tomskkhimfarm_oao.html,,,,,0.5000,,product_card,Папаверин 40 мг таблетки,exact,2026-08-13T19:27:09+00:00,0,mnn_source_identity_v1,,Папаверин,,https://apteka.ru/product/papaverin-40-mg-20-sht-tabletki-5e326dde65b5ab0001653ddf/,papaverin 40 mg 20 sht tabletki,,,,40,1.0000,,product_card,Папаверин 40 мг таблетки,exact,2026-08-13T19:27:09+00:00,0,mnn_source_identity_v1,,Папаверин,rx,https://www.vidal.ru/drugs/papaverin__5582,Папаверин,,,,,1.0000,,product_card,Папаверин 40 мг таблетки,exact,2026-08-13T19:27:10+00:00,0,mnn_source_identity_v1,,,,,,,,,,0.0000,,search_only,Папаверин 40 мг,short,,,mnn_source_identity_v1,search:antibot
ПАНТОКАЛЬЦИН ТАБЛ. 500МГ №50 | ВАЛЕНТА ФАРМ АО | ВАЛЕНТА ФАРМ АО,10097,drug,,,ВАЛЕНТА ФАРМ,500 мг,таблетки,50 таблеток,Инозин пранобекс,rx,https://uteka.ru/product/normomed-359464/,"Нормомед, 500 мг, табл, 50 шт.",,таблетки,500мг,50,0.5000,,product_card,ВАЛЕНТА ФАРМ 500 мг таблетки,exact,2026-08-13T19:27:13+00:00,0,mnn_source_identity_v1,,Гопантеновая кислота,rx,https://www.asna.ru/cards/pantokaltsin_500mg_n50_tab_valenta_farmatsevtika.html,/cards/pantokaltsin_500mg_n50_tab_valenta_farmatsevtika.html,,,,,0.5000,,product_card,ВАЛЕНТА ФАРМ 500 мг таблетки,exact,2026-08-13T19:27:15+00:00,0,mnn_source_identity_v1,,,,https://apteka.ru/product/plastyr-perczovyj-10x18valenta-farm-63a55015024b42ab2f2d5d83/,plastyr perczovyj 10x18valenta farm,,,,,0.0000,,search_only,ПАНТОКАЛЬЦИН 500 мг таблетки,generic,2026-08-13T19:27:15+00:00,200,mnn_source_identity_v1,low_match,,,https://www.vidal.ru/drugs/products,По алфавиту,,по,,,0.0000,,search_only,ПАНТОКАЛЬЦИН 500 мг таблетки,generic,2026-08-13T19:27:18+00:00,0,mnn_source_identity_v1,low_match,,,,,,,,,0.0000,,search_only,ПАНТОКАЛЬЦИН 500 мг таблетки,generic,,,mnn_source_identity_v1,search:antibot
ПАНТЕНОЛ-ТЕВА МАЗЬ Д/НАРУЖ. ПРИМ. 5% ТУБА 35Г | МЕРКЛЕ ГМБХ | МЕРКЛЕ ГМБХ,10121,drug,Декспантенол,otc,Пантенол-Тева,5%,мазь,туба 35 г,Декспантенол,otc,https://uteka.ru/product/pantenol-teva-251488/,"Пантенол-Тева, 5%, мазь д/наружн. прим, 35 г, 1 шт.",,мазь,35г,1,1.0000,,product_card,Пантенол-Тева 5% мазь,exact,2026-08-13T19:27:19+00:00,0,mnn_source_identity_v1,,Декспантенол,otc,https://www.asna.ru/cards/pantenol-teva_5_35g_maz_merckle.html,/cards/pantenol-teva_5_35g_maz_merckle.html,,,,,0.4000,,product_card,Пантенол-Тева 5% мазь,exact,2026-08-13T19:27:20+00:00,0,mnn_source_identity_v1,,Декспантенол,,https://apteka.ru/product/pantenol-teva-5-maz-dlya-naruzhnogo-primeneniya-35-gr-5e326620ca7bdc000192b950/,pantenol teva 5 maz dlya naruzhnogo primeneniya 35 gr,,,,,0.4500,,product_card,Пантенол-Тева 5% мазь,exact,2026-08-13T19:27:20+00:00,0,mnn_source_identity_v1,,Декспантенол,otc,https://www.vidal.ru/drugs/panthenol-teva__7122,Пантенол-Тева,,,,,1.0000,,product_card,Пантенол-Тева 5% мазь,exact,2026-08-13T19:27:21+00:00,0,mnn_source_identity_v1,,,,,,,,,,0.0000,,search_only,Пантенол-Тева 5%,short,,,mnn_source_identity_v1,search:antibot
"ОТРИВИН КОМПЛЕКС СПРЕЙ НАЗ. 0,6МГ/МЛ + 0,5МГ/МЛ (84МКГ/ДОЗА+70МКГ/ДОЗА) ФЛ. 10МЛ | ГКС КОНСЬЮМЕР ХЕЛС С.А. | ГКС КОНСЬЮМЕР ХЕЛС С.А.",10283,drug,,otc,Отривин,"0,6 мг/мл + 0,5 мг/мл (84 мкг/доза + 70 мкг/доза)",спрей,флакон 10 мл,,,,,,,,,0.0000,,search_only,"ОТРИВИН КОМПЛЕКС 0,6 мг/мл + 0,5 мг/мл (84 мкг/доза + 70 спрей",generic,,,mnn_source_identity_v1,not_found,Ксилометазолин,otc,https://www.asna.ru/cards/otrivin_01_10ml_sprey_nazalnyy_mentol-evkalipt_novartis_konsyumer_khels.html,/cards/otrivin_01_10ml_sprey_nazalnyy_mentol-evkalipt_novartis_konsyumer_khels.html,,,,,0.4000,,product_card,"Отривин 0,6 мг/мл + 0,5 мг/мл (84 мкг/доза + 70 спрей",exact,2026-08-13T19:27:24+00:00,0,mnn_source_identity_v1,,"Ипратропия бромид, Ксилометазолин",,https://apteka.ru/product/otrivin-kompleks-84-mkgdoza--70-mkgdoza-flakon-sprej-nazalnyj-dozirovannyj-10-ml-5e326d8fca7bdc000192f606/,otrivin kompleks 84 mkgdoza  70 mkgdoza flakon sprej nazalnyj dozirovannyj 10 ml,,,,,0.7136,,product_card,"Отривин 0,6 мг/мл + 0,5 мг/мл (84 мкг/доза + 70 спрей",exact,2026-08-13T19:27:24+00:00,0,mnn_source_identity_v1,,Ксилометазолин,otc,https://www.vidal.ru/drugs/otrivin__1573,Отривин,,,,,1.0000,,product_card,"Отривин 0,6 мг/мл + 0,5 мг/мл (84 мкг/доза + 70 спрей",exact,2026-08-13T19:27:25+00:00,0,mnn_source_identity_v1,,,,,,,,,,0.0000,,search_only,"ОТРИВИН КОМПЛЕКС 0,6 мг/мл + 0,5 мг/мл (84 мкг/доза + 70 спрей",generic,,,mnn_source_identity_v1,search:antibot
ОМЕПРАЗОЛ-ОBL КАПС. КИШ/РАСТ. 20МГ №28 | ОБОЛЕНСКОЕ ФП АО | ОБОЛЕНСКОЕ ФП АО,10536,drug,Омепразол,rx,Омепразол-Обл,20 мг,капсулы,28 капсул,Омепразол,rx,https://uteka.ru/product/omeprazol-379079/,"Омепразол, 20 мг, капсулы кишечнорастворимые, 30 шт.",,капсулы,20мг,30,0.9000,,product_card,Омепразол-Обл 20 мг капсулы,exact,2026-08-13T19:27:28+00:00,0,mnn_source_identity_v1,,Омепразол,rx,https://www.asna.ru/cards/omeprazol-obl_20mg_n28_kaps_kishechnorastvorimye_niarmedik_farma_oooobolenskoe_fpo.html,/cards/omeprazol-obl_20mg_n28_kaps_kishechnorastvorimye_niarmedik_farma_oooobolenskoe_fpo.html,,,,,0.4000,,product_card,Омепразол-Обл 20 мг капсулы,exact,2026-08-13T19:27:29+00:00,0,mnn_source_identity_v1,,Омепразол,rx,https://apteka.ru/product/omeprazol-obl-20-mg-56-sht-kapsuly-kishechnorastvorimye-693abaa06c6101ee03061751/,omeprazol obl 20 mg 56 sht kapsuly kishechnorastvorimye,,,,,0.4500,,product_card,Омепразол-Обл 20 мг капсулы,exact,2026-08-13T19:27:30+00:00,0,mnn_source_identity_v1,,,,https://www.vidal.ru/drugs/products,По алфавиту,,по,,,0.0000,,search_only,ОМЕПРАЗОЛ-ОBL КАПС. КИШ/РАСТ. 20МГ №28 20 мг капсулы,generic,2026-08-13T19:27:31+00:00,0,mnn_source_identity_v1,low_match,,,,,,,,,0.0000,,search_only,ОМЕПРАЗОЛ-ОBL КАПС. КИШ/РАСТ. 20МГ №28 20 мг капсулы,generic,,,mnn_source_identity_v1,search:antibot
НУРОФАСТ ТАБЛ. П/ПЛЕН/ОБ. 200МГ №20 | АЛИУМ АО | АЛИУМ АО,11142,drug,Ибупрофен,otc,Нурофаст,200 мг,таблетки,20 таблеток,Ибупрофен,otc,https://uteka.ru/product/nurofast-364287/,"Нурофаст, 200 мг, табл. п.п.о, 20 шт.",,таблетки,200мг,20,1.0000,,product_card,Нурофаст 200 мг таблетки,exact,2026-08-13T19:27:33+00:00,0,mnn_source_identity_v1,,Ибупрофен,otc,https://www.asna.ru/cards/nurofast_forte_400mg_n20_tab_pokrytye_plenochnoy_obolochkoy_obolenskoe_fp.html,/cards/nurofast_forte_400mg_n20_tab_pokrytye_plenochnoy_obolochkoy_obolenskoe_fp.html,,,,,0.4000,,product_card,Нурофаст 200 мг таблетки,exact,2026-08-13T19:27:34+00:00,0,mnn_source_identity_v1,,Ибупрофен,,https://apteka.ru/product/nurofast-200-mg-20-sht-tabletki-pokrytye-plenochnoj-obolochkoj-5e326cf465b5ab0001653667/,nurofast 200 mg 20 sht tabletki pokrytye plenochnoj obolochkoj,,,,,1.0000,,product_card,Нурофаст 200 мг таблетки,exact,2026-08-13T19:27:34+00:00,0,mnn_source_identity_v1,,Ибупрофен,otc,https://www.vidal.ru/drugs/nurofast-forte,Нурофаст,,,,,1.0000,,product_card,Нурофаст 200 мг таблетки,exact,2026-08-13T19:27:35+00:00,0,mnn_source_identity_v1,,,,,,,,,,0.0000,,search_only,Нурофаст 200 мг,short,,,mnn_source_identity_v1,search:antibot
НО-ШПА ДУО ТАБЛ. 40МГ+500МГ №12 | ХИНОИН ЗАВОД ФАРМАЦЕВТИЧЕСКИХ И ХИМИЧЕСКИХ ПРОДУКТОВ ЗАО/ОПЕЛЛА ХЕЛСКЕА ВЕНГРИЯ ЛТД | ХИНОИН ЗАВОД ФАРМАЦЕВТИЧЕСКИХ И ХИМИЧЕСКИХ ПРОДУКТОВ ЗАО/ОПЕЛЛА ХЕЛСКЕА ВЕНГРИЯ ЛТД,11173,drug,Дротаверин + Парацетамол,Без рецепта,Но-Шпа Дуо,40мг+500мг,таблетки,12 таблеток,,,,,,,,,0.0000,,search_only,Но-Шпа Дуо 40мг+500мг,short,,,mnn_source_identity_v1,not_found,Дротаверин + Парацетамол,otc,https://www.asna.ru/cards/no-shpa_duo_40mg500mg_n12_tab_khinoin_zavod_farmatsevticheskikh_i_khimicheskikh_produktov.html,/cards/no-shpa_duo_40mg500mg_n12_tab_khinoin_zavod_farmatsevticheskikh_i_khimicheskikh_produktov.html,,,,,0.4000,,product_card,Но-Шпа Дуо 40мг+500мг таблетки,exact,2026-08-13T19:27:37+00:00,0,mnn_source_identity_v1,,"Парацетамол, Дротаверин",,https://apteka.ru/product/no-shpa-duo-40-mg--500-mg-12-sht-tabletki-6350ea2c5d0cc7efccd23d04/,no shpa duo 40 mg  500 mg 12 sht tabletki,,,,,0.3000,,product_card,Но-Шпа Дуо 40мг+500мг таблетки,exact,2026-08-13T19:27:37+00:00,0,mnn_source_identity_v1,,Парацетамол,otc,https://www.vidal.ru/drugs/unispaz_n__25205,Но-шпа,,,,,0.7667,,product_card,Но-Шпа Дуо 40мг+500мг таблетки,exact,2026-08-13T19:27:38+00:00,0,mnn_source_identity_v1,,,,,,,,,,0.0000,,search_only,Но-Шпа Дуо 40мг+500мг,short,,,mnn_source_identity_v1,search:antibot
НООТРОП КАПС. №48 | ВИС ООО | ВИС ООО,11272,drug,,,,,капсулы,48 капсул,,,https://uteka.ru/product/nootrop-203923/,"Ноотроп, 0.4 г, капсулы, 48 шт.",,капсулы,0.4г,48,0.8500,,product_card,НООТРОП КАПС. №48 капсулы,exact,2026-08-13T19:27:39+00:00,0,mnn_source_identity_v1,,,,https://www.asna.ru/cards/nootrop_kaps_400mg_n48_farma_gnts_pm.html,/cards/nootrop_kaps_400mg_n48_farma_gnts_pm.html,,,,,0.1000,,search_only,НООТРОП КАПС. №48,short,2026-08-13T19:27:40+00:00,200,mnn_source_identity_v1,low_match,,,https://apteka.ru/product/nootropil-1200-mg-20-sht-blister-tabletki-pokrytye-plenochnoj-obolochkoj-62bab0925f367f686e20c480/,nootropil 1200 mg 20 sht blister tabletki pokrytye plenochnoj obolochkoj,,,,,0.0000,,search_only,НООТРОП КАПС. №48,short,2026-08-13T19:27:41+00:00,200,mnn_source_identity_v1,low_match,,,https://www.vidal.ru/drugs/products,По алфавиту,,по,,,0.0000,,search_only,НООТРОП КАПС. №48,short,2026-08-13T19:27:42+00:00,0,mnn_source_identity_v1,low_match,,,,,,,,,0.0000,,search_only,НООТРОП КАПС. №48,short,,,mnn_source_identity_v1,search:antibot
НООКЛЕРИН Р-Р Д/ПРИЕМА ВНУТРЬ 200МГ/МЛ ФЛ. 100МЛ | ЭКОХИМ-ИННОВАЦИИ ООО | ЭКОХИМ-ИННОВАЦИИ ООО,11277,drug,,,Нооклерин,200 мг/мл,раствор,флакон 100 мл,,,,,,,,,0.0000,,search_only,Нооклерин 200 мг/мл,short,,,mnn_source_identity_v1,not_found,Деанола ацеглумат,rx,https://www.asna.ru/cards/nooklerin_20_100ml_r-r_dpriema_vnutr_ekokhim-innovatsiya_ooo.html,/cards/nooklerin_20_100ml_r-r_dpriema_vnutr_ekokhim-innovatsiya_ooo.html,,,,,0.4000,,product_card,Нооклерин 200 мг/мл раствор,exact,2026-08-13T19:27:45+00:00,0,mnn_source_identity_v1,,Деанола ацеглумат,rx,https://apteka.ru/product/nooklerin-20-rastvor-100-ml-5e327635f5a9ae000140ed86/,nooklerin 20 rastvor 100 ml,,,,20,0.8200,,product_card,Нооклерин 200 мг/мл раствор,exact,2026-08-13T19:27:45+00:00,0,mnn_source_identity_v1,,Деанол ацеглумат,rx,https://www.vidal.ru/drugs/nooclerin__2971,Нооклерин,,,,,1.0000,,product_card,Нооклерин 200 мг/мл раствор,exact,2026-08-13T19:27:45+00:00,0,mnn_source_identity_v1,,,,,,,,,,0.0000,,search_only,Нооклерин 200 мг/мл,short,,,mnn_source_identity_v1,search:antibot
"НОЛЬПАЗА ТАБЛ. КИШ/РАСТ. П/ПЛЕН/ОБ. 20МГ №28 | КРКА Д.Д., НОВО МЕСТО АО/КРКА-РУС ООО | КРКА Д.Д., НОВО МЕСТО АО/КРКА-РУС ООО",11292,drug,Пантопразол,rx,Нольпаза,20 мг,таблетки,28 таблеток,Пантопразол,rx,https://uteka.ru/product/nolpaza-220682/,"Нольпаза, 20 мг, табл. п.о. кишечнорастворимые, 28 шт.",,таблетки,20мг,28,1.0000,,product_card,Нольпаза 20 мг таблетки,exact,2026-08-13T19:27:47+00:00,0,mnn_source_identity_v1,,Пантопразол,rx,https://www.asna.ru/cards/nolpaza_20mg_n14_tab_kishechnorastvorimye_krka_dd_novo_mesto.html,/cards/nolpaza_20mg_n14_tab_kishechnorastvorimye_krka_dd_novo_mesto.html,,,,,0.5000,,product_card,Нольпаза 20 мг таблетки,exact,2026-08-13T19:27:47+00:00,0,mnn_source_identity_v1,,Пантопразол,rx,https://apteka.ru/product/nolpaza-20-mg-28-sht-tabletki-kishechnorastvorimye--pokrytye-plenochnoj-obolochkoj-5e326df565b5ab0001653ea2/,nolpaza 20 mg 28 sht tabletki kishechnorastvorimye  pokrytye plenochnoj obolochkoj,,,,,1.0000,,product_card,Нольпаза 20 мг таблетки,exact,2026-08-13T19:27:48+00:00,0,mnn_source_identity_v1,,Пантопразол,otc,https://www.vidal.ru/drugs/nolpaza__21166,Нольпаза,,,,,1.0000,,product_card,Нольпаза 20 мг таблетки,exact,2026-08-13T19:27:48+00:00,0,mnn_source_identity_v1,,,,,,,,,,0.0000,,search_only,Нольпаза 20 мг,short,,,mnn_source_identity_v1,search:antibot
"НОЛЬПАЗА ТАБЛ. КИШ/РАСТ. П/ПЛЕН/ОБ. 20МГ №14 | КРКА Д.Д., НОВО МЕСТО АО/КРКА-РУС ООО | КРКА Д.Д., НОВО МЕСТО АО/КРКА-РУС ООО",11293,drug,Пантопразол,rx,Нольпаза,20 мг,таблетки,14 таблеток,Пантопразол,rx,https://uteka.ru/product/nolpaza-220682/,"Нольпаза, 20 мг, табл. п.о. кишечнорастворимые, 28 шт.",,таблетки,20мг,28,1.0000,,product_card,Нольпаза 20 мг таблетки,exact,2026-08-13T19:27:49+00:00,0,mnn_source_identity_v1,,Пантопразол,rx,https://www.asna.ru/cards/nolpaza_20mg_n14_tab_kishechnorastvorimye_krka_dd_novo_mesto.html,/cards/nolpaza_20mg_n14_tab_kishechnorastvorimye_krka_dd_novo_mesto.html,,,,,0.5000,,product_card,Нольпаза 20 мг таблетки,exact,2026-08-13T19:27:49+00:00,0,mnn_source_identity_v1,,Пантопразол,rx,https://apteka.ru/product/nolpaza-20-mg-28-sht-tabletki-kishechnorastvorimye--pokrytye-plenochnoj-obolochkoj-5e326df565b5ab0001653ea2/,nolpaza 20 mg 28 sht tabletki kishechnorastvorimye  pokrytye plenochnoj obolochkoj,,,,,1.0000,,product_card,Нольпаза 20 мг таблетки,exact,2026-08-13T19:27:49+00:00,0,mnn_source_identity_v1,,Пантопразол,otc,https://www.vidal.ru/drugs/nolpaza__21166,Нольпаза,,,,,1.0000,,product_card,Нольпаза 20 мг таблетки,exact,2026-08-13T19:27:49+00:00,0,mnn_source_identity_v1,,,,,,,,,,0.0000,,search_only,Нольпаза 20 мг,short,,,mnn_source_identity_v1,search:antibot
"НИКОРЕТТЕ СПРЕЙ Д/СЛИЗИСТ. ОБОЛОЧ. ПОЛОСТИ РТА ДОЗИР. ФРУКТОВО-МЯТНЫЙ 1МГ/ДОЗА ФЛ. 13,2МЛ 150ДОЗ №2 | МАКНИЛ АБ | МАКНИЛ АБ",11667,drug,,otc,Никоретте,1 мг/доза,спрей,"флакон 13,2 мл, 150 доз, №2",Никотин,otc,https://uteka.ru/product/nikorette-299368/,"Никоретте, 1 мг/доза, 150 доз, спрей д/местн. прим. доз, мята, 13.2 мл, 1 шт.",,спрей,1мг,1,1.0000,,product_card,Никоретте 1 мг/доза спрей,exact,2026-08-13T19:27:50+00:00,0,mnn_source_identity_v1,,Никотин,otc,https://www.asna.ru/cards/nikorette_1mgdoza_132ml_n2_sprey_dslizistoy_obolochki_polosti_rta_dozirovannyy_myatnyy_maknil_ab.html,/cards/nikorette_1mgdoza_132ml_n2_sprey_dslizistoy_obolochki_polosti_rta_dozirovannyy_myatnyy_maknil_ab.html,,,,,0.4000,,product_card,Никоретте 1 мг/доза спрей,exact,2026-08-13T19:27:50+00:00,0,mnn_source_identity_v1,,Никотин,,https://apteka.ru/product/nikorette-2-mg-20-sht-tabletki-dlya-rassasyvaniya-pokrytye-plenochnoj-obolochkoj-vkus-fruktovye-603e2afffa2f34485bcd40de/,nikorette 2 mg 20 sht tabletki dlya rassasyvaniya pokrytye plenochnoj obolochkoj vkus fruktovye,,,,,0.7300,,product_card,Никоретте 1 мг/доза спрей,exact,2026-08-13T19:27:51+00:00,0,mnn_source_identity_v1,,Никотин,otc,https://www.vidal.ru/drugs/nicorette,Никоретте,,,,,1.0000,,product_card,Никоретте 1 мг/доза спрей,exact,2026-08-13T19:27:51+00:00,0,mnn_source_identity_v1,,,,,,,,,,0.0000,,search_only,Никоретте 1 мг/доза,short,,,mnn_source_identity_v1,search:antibot
"МЯТЫ ПЕРЕЧНОЙ ЛИСТЬЯ Ф/П 1,5Г №20 ЗДОРОВЬЕ | ЗДОРОВЬЕ ФИРМА ООО | ЗДОРОВЬЕ ФИРМА ООО",12389,drug,Мяты перечной листья,otc,Здоровье,"1,5 г",фильтр-пакеты,20 фильтр-пакетов,,,https://uteka.ru/product/m-zdorove-krapivi-listya-436042/,"М Здоровье Крапивы листья, 1.5 г, 20 шт.",,,1.5г,20,1.0000,,product_card,"Здоровье 1,5 г",short,2026-08-13T19:27:52+00:00,0,mnn_source_identity_v1,,Крапивы двудомной листья,otc,https://www.asna.ru/cards/krapiva_listya_15g_n20_fp_zdorove.html,/cards/krapiva_listya_15g_n20_fp_zdorove.html,,,,,0.4000,,product_card,"Здоровье 1,5 г фильтр-пакеты",exact,2026-08-13T19:27:52+00:00,0,mnn_source_identity_v1,,,,https://apteka.ru/product/fitochaj-zdorovechernika-2-gr-20-sht-filtr-pakety-5e32723665b5ab0001655da0/,fitochaj zdorovechernika 2 gr 20 sht filtr pakety,,,,,0.7000,,product_card,"Здоровье 1,5 г фильтр-пакеты",exact,2026-08-13T19:27:52+00:00,0,mnn_source_identity_v1,,,otc,https://www.vidal.ru/drugs/alphavit_mamino_zdorovie__38112,Алфавит Мамино Здоровье,,,,,1.0000,,product_card,"Здоровье 1,5 г фильтр-пакеты",exact,2026-08-13T19:27:52+00:00,0,mnn_source_identity_v1,,,,,,,,,,0.0000,,search_only,"МЯТЫ ПЕРЕЧНОЙ ЛИСТЬЯ Ф/П 1,5Г №20 ЗДОРОВЬЕ 1,5 г фильтр-пакеты",generic,,,mnn_source_identity_v1,search:antibot
МУКОСАТ МАЗЬ Д/НАРУЖ. ПРИМ. 5% ТУБА 30Г | ЗЕЛЕНАЯ ДУБРАВА ЗАО | ЗЕЛЕНАЯ ДУБРАВА ЗАО,12495,drug,,otc,Зеленая дубрава,5%,мазь,туба 30 г,Хондроитина сульфат,otc,https://uteka.ru/product/mukosat-maz-81008/,"Мукосат мазь, 5%, мазь д/наружн. прим, 30 г, 1 шт.",,мазь,30г,1,0.4333,,product_card,Зеленая дубрава 5% мазь,exact,2026-08-13T19:27:54+00:00,0,mnn_source_identity_v1,,Оксиметилурацил+Хлорамфеникол,otc,https://www.asna.ru/cards/levometil_40g_maz_dnaruzhnogo_primeneniya_zelenaya_dubrava.html,/cards/levometil_40g_maz_dnaruzhnogo_primeneniya_zelenaya_dubrava.html,,,,,0.4000,,product_card,Зеленая дубрава 5% мазь,exact,2026-08-13T19:27:56+00:00,0,mnn_source_identity_v1,,Хондроитина сульфат,,https://apteka.ru/product/mukosat-maz-5-maz-dlya-naruzhnogo-primeneniya-30-gr-5e3269ae65b5ab0001651d4c/,mukosat maz 5 maz dlya naruzhnogo primeneniya 30 gr,,,,,0.4500,,product_card,МУКОСАТ 5% мазь,generic,2026-08-13T19:27:57+00:00,0,mnn_source_identity_v1,,,,https://www.vidal.ru/drugs/products,По алфавиту,,по,,,0.0000,,search_only,МУКОСАТ 5% мазь,generic,2026-08-13T19:27:58+00:00,0,mnn_source_identity_v1,low_match,,,,,,,,,0.0000,,search_only,МУКОСАТ 5% мазь,generic,,,mnn_source_identity_v1,search:antibot
МИКРОГИНОН ТАБЛ. П/О 150МКГ+30МКГ №21 | ДЕЛЬФАРМ ЛИЛЛЬ С.А.С | ДЕЛЬФАРМ ЛИЛЛЬ С.А.С,13125,drug,,rx,МИКРОГИНОН,150мкг+30мкг,таблетки,21 таблетка,,,,,,,,,0.0000,,search_only,МИКРОГИНОН 150мкг+30мкг,short,,,mnn_source_identity_v1,not_found,Левоноргестрел+Этинилэстрадиол,rx,https://www.asna.ru/cards/mikroginon_150mkg30mkg_n21_tab_pokrytye_obolochkoy_delfarm_lill_sas.html,/cards/mikroginon_150mkg30mkg_n21_tab_pokrytye_obolochkoy_delfarm_lill_sas.html,,,,,0.4000,,product_card,МИКРОГИНОН 150мкг+30мкг таблетки,exact,2026-08-13T19:28:01+00:00,0,mnn_source_identity_v1,,"Этинилэстрадиол, Левоноргестрел",rx,https://apteka.ru/product/mikroginon-150-mkg--30-mkg-21-sht-tabletki-pokrytye-obolochkoj-5e32690565b5ab0001651940/,mikroginon 150 mkg  30 mkg 21 sht tabletki pokrytye obolochkoj,,,,150,0.7750,,product_card,МИКРОГИНОН 150мкг+30мкг таблетки,exact,2026-08-13T19:28:01+00:00,0,mnn_source_identity_v1,,Этинилэстрадиол,rx,https://www.vidal.ru/drugs/microgynon__533,Микрогинон,,,,,1.0000,,product_card,МИКРОГИНОН 150мкг+30мкг таблетки,exact,2026-08-13T19:28:01+00:00,0,mnn_source_identity_v1,,,,,,,,,,0.0000,,search_only,МИКРОГИНОН 150мкг+30мкг,short,,,mnn_source_identity_v1,search:antibot
МЕЛЬДОНИЙ КАПС. 500МГ №60 ФАРМСТАНДАРТ | ФАРМСТАНДАРТ-ЛЕКСРЕДСТВА ОАО | ФАРМСТАНДАРТ-ЛЕКСРЕДСТВА ОАО,13533,drug,Мельдоний,rx,Фармстандарт,500 мг,капсулы,60 капсул,Мельдоний,rx,https://uteka.ru/product/meldonij-217496/,"Мельдоний Фармстандарт, 500 мг, капсулы, 60 шт.",,капсулы,500мг,60,1.0000,,product_card,Фармстандарт 500 мг капсулы,exact,2026-08-13T19:28:04+00:00,0,mnn_source_identity_v1,,Метамизол натрия,otc,https://www.asna.ru/cards/analgin-ekstrakap_500mg_n10_kaps_farmstandart-leksredstva.html,/cards/analgin-ekstrakap_500mg_n10_kaps_farmstandart-leksredstva.html,,,,,0.5000,,product_card,Фармстандарт 500 мг капсулы,exact,2026-08-13T19:28:06+00:00,0,mnn_source_identity_v1,,Валацикловир,rx,https://apteka.ru/product/valacziklovir-farmstandart-500-mg-40-sht-tabletki-pokrytye-plenochnoj-obolochkoj-65b101304426875737e15c1a/,valacziklovir farmstandart 500 mg 40 sht tabletki pokrytye plenochnoj obolochkoj,,,,,0.8875,,product_card,Фармстандарт 500 мг капсулы,exact,2026-08-13T19:28:06+00:00,0,mnn_source_identity_v1,,Флурбипрофен,otc,https://www.vidal.ru/drugs/flurbiprofen-pharmstandard,Флурбипрофен-Фармстандарт,,,,,1.0000,,product_card,Фармстандарт 500 мг капсулы,exact,2026-08-13T19:28:07+00:00,0,mnn_source_identity_v1,,,,,,,,,,0.0000,,search_only,МЕЛЬДОНИЙ КАПС. 500МГ №60 ФАРМСТАНДАРТ 500 мг капсулы,generic,,,mnn_source_identity_v1,search:antibot
"МЕЛИССЫ ЛЕКАРСТВЕННОЙ ТРАВА Ф/П 1,5Г №20 ЗДОРОВЬЕ | ЗДОРОВЬЕ ФИРМА ООО | ЗДОРОВЬЕ ФИРМА ООО",13616,drug,Мелиссы лекарственной трава,Без рецепта,Здоровье,"1,5 г",фильтр-пакеты,20 фильтр-пакетов,,,https://uteka.ru/product/m-zdorove-krapivi-listya-436042/,"М Здоровье Крапивы листья, 1.5 г, 20 шт.",,,1.5г,20,1.0000,,product_card,"Здоровье 1,5 г",short,2026-08-13T19:28:08+00:00,0,mnn_source_identity_v1,,Крапивы двудомной листья,otc,https://www.asna.ru/cards/krapiva_listya_15g_n20_fp_zdorove.html,/cards/krapiva_listya_15g_n20_fp_zdorove.html,,,,,0.4000,,product_card,"Здоровье 1,5 г фильтр-пакеты",exact,2026-08-13T19:28:08+00:00,0,mnn_source_identity_v1,,,,https://apteka.ru/product/fitochaj-zdorovechernika-2-gr-20-sht-filtr-pakety-5e32723665b5ab0001655da0/,fitochaj zdorovechernika 2 gr 20 sht filtr pakety,,,,,0.7000,,product_card,"Здоровье 1,5 г фильтр-пакеты",exact,2026-08-13T19:28:08+00:00,0,mnn_source_identity_v1,,,otc,https://www.vidal.ru/drugs/alphavit_mamino_zdorovie__38112,Алфавит Мамино Здоровье,,,,,1.0000,,product_card,"Здоровье 1,5 г фильтр-пакеты",exact,2026-08-13T19:28:08+00:00,0,mnn_source_identity_v1,,,,,,,,,,0.0000,,search_only,"МЕЛИССЫ ЛЕКАРСТВЕННОЙ ТРАВА Ф/П 1,5Г №20 ЗДОРОВЬЕ 1,5 г фильтр-пакеты",generic,,,mnn_source_identity_v1,search:antibot
МЕКСИПРИМ ТАБЛ. П/ПЛЕН/ОБ. 125МГ №60 | ОБНИНСКАЯ ХИМИКО-ФАРМАЦЕВТИЧЕСКАЯ КОМПАНИЯ | ОБНИНСКАЯ ХИМИКО-ФАРМАЦЕВТИЧЕСКАЯ КОМПАНИЯ,13645,drug,Этилметилгидроксипиридина сукцинат,rx,Мексиприм,125 мг,таблетки,60 таблеток,Этилметилгидроксипиридина сукцинат,rx,https://uteka.ru/product/meksiprim-206735/,"Мексиприм, 125 мг, табл. п.п.о, 30 шт.",,таблетки,125мг,30,1.0000,,product_card,Мексиприм 125 мг таблетки,exact,2026-08-13T19:28:09+00:00,0,mnn_source_identity_v1,,Этилметилгидроксипиридина сукцинат,rx,https://www.asna.ru/cards/meksiprim_125mg_n60_tab_obninskaya_khfk.html,/cards/meksiprim_125mg_n60_tab_obninskaya_khfk.html,,,,,0.5000,,product_card,Мексиприм 125 мг таблетки,exact,2026-08-13T19:28:10+00:00,0,mnn_source_identity_v1,,Этилметилгидроксипиридина сукцинат,rx,https://apteka.ru/product/meksiprim-125-mg-60-sht-tabletki-pokrytye-plenochnoj-obolochkoj-5e32662b65b5ab000164ff13/,meksiprim 125 mg 60 sht tabletki pokrytye plenochnoj obolochkoj,,,,,1.0000,,product_card,Мексиприм 125 мг таблетки,exact,2026-08-13T19:28:10+00:00,0,mnn_source_identity_v1,,Этилметилгидроксипиридина сукцинат,rx,https://www.vidal.ru/drugs/mexiprim__39581,Мексиприм,,,,,1.0000,,product_card,Мексиприм 125 мг таблетки,exact,2026-08-13T19:28:11+00:00,0,mnn_source_identity_v1,,,,,,,,,,0.0000,,search_only,Мексиприм 125 мг,short,,,mnn_source_identity_v1,search:antibot
"МАКСИКОЛД ЛОР ТАБС ДВОЙНОЕ ДЕЙСТВИЕ ТАБЛ. Д/РАССАС. 8,75МГ+1МГ №20 | ФАРМСТАНДАРТ-ЛЕКСРЕДСТВА / ОТИСИФАРМ ПРО | ФАРМСТАНДАРТ-ЛЕКСРЕДСТВА / ОТИСИФАРМ ПРО",14164,drug,Бензокаин + Цетилпиридиния хлорид,otc,Максиколд Лор,"8,75 мг + 1 мг",таблетки,№20,,,,,,,,,0.0000,,search_only,"МАКСИКОЛД ЛОР ТАБС ДВОЙНОЕ ДЕЙСТВИЕ 8,75 мг + 1 мг таблетки",generic,,,mnn_source_identity_v1,not_found,Флурбипрофен+Цетилпиридиния хлорид,otc,https://www.asna.ru/cards/maksikold_lor_tabs_dvoynoe_deystvie_875mg1mg_n20_tab_drassasyvaniya_farmstandart-leksredstva.html,/cards/maksikold_lor_tabs_dvoynoe_deystvie_875mg1mg_n20_tab_drassasyvaniya_farmstandart-leksredstva.html,,,,,0.4000,,product_card,"Максиколд Лор 8,75 мг + 1 мг таблетки",exact,2026-08-13T19:28:14+00:00,0,mnn_source_identity_v1,,"Флурбипрофен, Цетилпиридиния хлорид",,https://apteka.ru/product/maksikold-lor-tabs-dvojnoe-dejstvie-875-mg--1-mg-20-sht-tabletki-dlya-rassasyvaniya-66bdbce4862fae32de8b4755/,maksikold lor tabs dvojnoe dejstvie 875 mg  1 mg 20 sht tabletki dlya rassasyvaniya,,,,,0.3214,,product_card,"Максиколд Лор 8,75 мг + 1 мг таблетки",exact,2026-08-13T19:28:14+00:00,0,mnn_source_identity_v1,,Гексэтидин,otc,https://www.vidal.ru/drugs/maxicold_lor__39685,Максиколд,,,,,0.6000,,product_card,"Максиколд Лор 8,75 мг + 1 мг таблетки",exact,2026-08-13T19:28:15+00:00,0,mnn_source_identity_v1,,,,,,,,,,0.0000,,search_only,"МАКСИКОЛД ЛОР ТАБС ДВОЙНОЕ ДЕЙСТВИЕ 8,75 мг + 1 мг таблетки",generic,,,mnn_source_identity_v1,search:antibot
ЛОРНОКСЕФ ТАБЛ. П/ПЛЕН/ОБ. 8МГ №10 | ФАРМПРОЕКТ АО | ФАРМПРОЕКТ АО,14593,drug,Лорноксикам,rx,Лорноксеф,8 мг,таблетки,10 таблеток,Лорноксикам,rx,https://uteka.ru/product/lornoksikam-438903/,"Лорноксеф, 8 мг, табл. п.п.о, 10 шт.",,таблетки,8мг,10,1.0000,,product_card,Лорноксеф 8 мг таблетки,exact,2026-08-13T19:28:17+00:00,0,mnn_source_identity_v1,,Лорноксикам,rx,https://www.asna.ru/cards/lornoksef_8mg_n10_tab_pokrytye_plenochnoy_obolochkoy_farmproekt_ao.html,/cards/lornoksef_8mg_n10_tab_pokrytye_plenochnoy_obolochkoy_farmproekt_ao.html,,,,,0.4000,,product_card,Лорноксеф 8 мг таблетки,exact,2026-08-13T19:28:17+00:00,0,mnn_source_identity_v1,,Лорноксикам,rx,https://apteka.ru/product/lornoksef-8-mg-10-sht-tabletki-pokrytye-plenochnoj-obolochkoj-67a08c85e81b62dc87899723/,lornoksef 8 mg 10 sht tabletki pokrytye plenochnoj obolochkoj,,,,,1.0000,,product_card,Лорноксеф 8 мг таблетки,exact,2026-08-13T19:28:18+00:00,0,mnn_source_identity_v1,,Лорноксикам,rx,https://www.vidal.ru/drugs/lornoksef,Лорноксеф,,,,,1.0000,,product_card,Лорноксеф 8 мг таблетки,exact,2026-08-13T19:28:18+00:00,0,mnn_source_identity_v1,,,,,,,,,,0.0000,,search_only,Лорноксеф 8 мг,short,,,mnn_source_identity_v1,search:antibot
ЛОПЕРАМИД ТАБЛ. 2МГ №30 ОЗОН | ОЗОН ООО | ОЗОН ООО,14679,drug,Лоперамид,otc,,2 мг,таблетки,30 таблеток,Лоперамид,otc,https://uteka.ru/product/loperamid-22805/,"Лоперамид, 2 мг, табл, 20 шт.",,таблетки,2мг,20,0.7667,,product_card,ЛОПЕРАМИД 2 мг таблетки,exact,2026-08-13T19:28:21+00:00,0,mnn_source_identity_v1,,,,https://www.asna.ru/cards/loperamid-_akrikhin_2mg_n20_kaps_akrikhin.html,/cards/loperamid-_akrikhin_2mg_n20_kaps_akrikhin.html,,,,,0.0000,,search_only,ЛОПЕРАМИД 2 мг,short,2026-08-13T19:28:22+00:00,200,mnn_source_identity_v1,low_match,Лоперамид,,https://apteka.ru/product/loperamid-2-mg-20-sht-tabletki-6839b46d0c2a656e635247cd/,loperamid 2 mg 20 sht tabletki,,,,,0.4500,,product_card,ЛОПЕРАМИД 2 мг таблетки,exact,2026-08-13T19:28:24+00:00,0,mnn_source_identity_v1,,,,https://www.vidal.ru/drugs/products,По алфавиту,,по,,,0.0000,,search_only,ЛОПЕРАМИД 2 мг,short,2026-08-13T19:28:25+00:00,0,mnn_source_identity_v1,low_match,,,,,,,,,0.0000,,search_only,ЛОПЕРАМИД 2 мг,short,,,mnn_source_identity_v1,search:antibot
"ЛОКОИД КРЕЛО ЭМУЛЬСИЯ Д/НАРУЖ. ПРИМ. 0,1% ФЛ. 30Г | ТЕММЛЕР ИТАЛИА С.Р.Л | ТЕММЛЕР ИТАЛИА С.Р.Л",14719,drug,Гидрокортизон,rx,Локоид,"0,1%",,флакон 30 г,Гидрокортизон,otc,https://uteka.ru/product/lokoid-22721/,"Локоид, 0.1%, мазь д/наружн. прим, 30 г, 1 шт.",,мазь,30г,1,1.0000,,product_card,"Локоид 0,1%",exact,2026-08-13T19:28:25+00:00,0,mnn_source_identity_v1,,Гидрокортизон,otc,https://www.asna.ru/cards/lokoid_krelo_01_30g_emulsiya_dnaruzhnogo_primeneniya_temmler_italia_srl.html,/cards/lokoid_krelo_01_30g_emulsiya_dnaruzhnogo_primeneniya_temmler_italia_srl.html,,,,,0.4000,,product_card,"Локоид 0,1%",exact,2026-08-13T19:28:25+00:00,0,mnn_source_identity_v1,,Гидрокортизон,,https://apteka.ru/product/lokoid-01-maz-dlya-naruzhnogo-primeneniya-30-gr-5e327623f5a9ae000140ecd6/,lokoid 01 maz dlya naruzhnogo primeneniya 30 gr,,,,,0.7000,,product_card,"Локоид 0,1%",exact,2026-08-13T19:28:25+00:00,0,mnn_source_identity_v1,,Гидрокортизона бутират,otc,https://www.vidal.ru/drugs/locoid_lipocrem__30233,Локоид Липокрем,,крем,,,1.0000,,product_card,"Локоид 0,1%",exact,2026-08-13T19:28:25+00:00,0,mnn_source_identity_v1,,,,,,,,,,0.0000,,search_only,"ЛОКОИД КРЕЛО ЭМУЛЬСИЯ Д/НАРУЖ. ПРИМ. 0,1% ФЛ. 30Г 0,1%",generic,,,mnn_source_identity_v1,search:antibot
"ЛОЗАРТАН Н ТАБЛ. П/ПЛЕН/ОБ. 12,5МГ+100МГ №30 ОЗОН | ОЗОН ООО | ОЗОН ООО",14758,drug,Лозартан + Гидрохлоротиазид,rx,,"12,5 мг + 100 мг",таблетки,30 таблеток,Гидрохлоротиазид + Лозартан,rx,https://uteka.ru/product/lorista-n-100-260647/,"Лориста Н 100, 12.5 мг+100 мг, табл. п.п.о, 30 шт.",,таблетки,12.5мг,30,0.7000,,product_card,"ЛОЗАРТАН Н 12,5 мг + 100 мг таблетки",exact,2026-08-13T19:28:27+00:00,0,mnn_source_identity_v1,,,,https://www.asna.ru/cards/lozartan_125mg_n30_tab_pokrytye_plenochnoy_obolochkoy_ozon.html,/cards/lozartan_125mg_n30_tab_pokrytye_plenochnoy_obolochkoy_ozon.html,,,,,0.1000,,search_only,"ЛОЗАРТАН Н 12,5 мг + 100 мг",short,2026-08-13T19:28:28+00:00,200,mnn_source_identity_v1,low_match,"Гидрохлоротиазид, Лозартан",rx,https://apteka.ru/product/lozartan-n-125-mg--100-mg-90-sht-blister-tabletki-pokrytye-plenochnoj-obolochkoj-67091b43306640d83d26b1fe/,lozartan n 125 mg  100 mg 90 sht blister tabletki pokrytye plenochnoj obolochkoj,,,,125,0.3214,,product_card,"ЛОЗАРТАН Н 12,5 мг + 100 мг таблетки",exact,2026-08-13T19:28:28+00:00,0,mnn_source_identity_v1,,,,https://www.vidal.ru/drugs/products,По алфавиту,,по,,,0.0000,,search_only,"ЛОЗАРТАН Н 12,5 мг + 100 мг",short,2026-08-13T19:28:29+00:00,0,mnn_source_identity_v1,low_match,,,,,,,,,0.0000,,search_only,"ЛОЗАРТАН Н 12,5 мг + 100 мг",short,,,mnn_source_identity_v1,search:antibot
ЛОЗАРТАН-ВЕРТЕКС ТАБЛ. П/ПЛЕН/ОБ. 25МГ №30 | ВЕРТЕКС АО | ВЕРТЕКС АО,14780,drug,Лозартан,rx,Лозартан-Вертекс,25 мг,таблетки,30 таблеток,Лозартан,rx,https://uteka.ru/product/lozartan-199942/,"Лозартан, 25 мг, табл. п.п.о, 30 шт.",,таблетки,25мг,30,0.7000,,product_card,Лозартан-Вертекс 25 мг таблетки,exact,2026-08-13T19:28:30+00:00,0,mnn_source_identity_v1,,Лозартан,rx,https://www.asna.ru/cards/lozartan-verteks_25mg_n90_tab_pokrytye_plenochnoy_obolochkoy_verteks_ao.html,/cards/lozartan-verteks_25mg_n90_tab_pokrytye_plenochnoy_obolochkoy_verteks_ao.html,,,,,0.5000,,product_card,Лозартан-Вертекс 25 мг таблетки,exact,2026-08-13T19:28:31+00:00,0,mnn_source_identity_v1,,Лозартан,rx,https://apteka.ru/product/lozartan-verteks-25-mg-90-sht-tabletki-pokrytye-plenochnoj-obolochkoj-67164136f50cacb0d0185236/,lozartan verteks 25 mg 90 sht tabletki pokrytye plenochnoj obolochkoj,,,,,0.4500,,product_card,Лозартан-Вертекс 25 мг таблетки,exact,2026-08-13T19:28:31+00:00,0,mnn_source_identity_v1,,Лозартан,rx,https://www.vidal.ru/drugs/losartan__42178,Лозартан-ВЕРТЕКС,,,,,1.0000,,product_card,Лозартан-Вертекс 25 мг таблетки,exact,2026-08-13T19:28:32+00:00,0,mnn_source_identity_v1,,,,,,,,,,0.0000,,search_only,Лозартан-Вертекс 25 мг,short,,,mnn_source_identity_v1,search:antibot
ЛИЗИНОПРИЛ-ТЕВА ТАБЛ. 10МГ №30 Р-ФАРМ | Р-ФАРМ НОВОСЕЛКИ ООО | Р-ФАРМ НОВОСЕЛКИ ООО,15062,drug,Лизиноприл,rx,Лизиноприл-Тева,10 мг,таблетки,30 таблеток,Лизиноприл,rx,https://uteka.ru/product/lizinopril-teva-244316/,"Лизиноприл-Тева, 10 мг, табл, 30 шт.",,таблетки,10мг,30,1.0000,,product_card,Лизиноприл-Тева 10 мг таблетки,exact,2026-08-13T19:28:33+00:00,0,mnn_source_identity_v1,,Лизиноприл,rx,https://www.asna.ru/cards/lizinopril-teva_5mg_n30_tab_teva_pharmaceutical_works_private_co.html,/cards/lizinopril-teva_5mg_n30_tab_teva_pharmaceutical_works_private_co.html,,,,,0.4000,,product_card,Лизиноприл-Тева 10 мг таблетки,exact,2026-08-13T19:28:35+00:00,0,mnn_source_identity_v1,,Лизиноприл,rx,https://apteka.ru/product/lizinopril-teva-10-mg-30-sht-tabletki-6261222c0f171069a775ee5c/,lizinopril teva 10 mg 30 sht tabletki,,,,,0.4500,,product_card,Лизиноприл-Тева 10 мг таблетки,exact,2026-08-13T19:28:35+00:00,0,mnn_source_identity_v1,,Лизиноприл,rx,https://www.vidal.ru/drugs/lisinopril-teva__31494,Лизиноприл-Тева,,,,,1.0000,,product_card,Лизиноприл-Тева 10 мг таблетки,exact,2026-08-13T19:28:36+00:00,0,mnn_source_identity_v1,,,,,,,,,,0.0000,,search_only,Лизиноприл-Тева 10 мг,short,,,mnn_source_identity_v1,search:antibot
ЛИЗИНОПРИЛ ТАБЛ. 5МГ №30 БИОХИМИК | БИОХИМИК АО | БИОХИМИК АО,15070,drug,Лизиноприл,rx,Биохимик,5 мг,таблетки,30 таблеток,Амоксициллин,rx,https://uteka.ru/product/amoksicillin-3845/,"Амоксициллин, 500 мг, табл, 20 шт.",,таблетки,500мг,20,0.4333,,product_card,Биохимик 5 мг таблетки,exact,2026-08-13T19:28:39+00:00,0,mnn_source_identity_v1,,,,https://www.asna.ru/cards/lizinopril-alsi_10mg_n30_tab_alsi_farma_novyy_dizayn.html,/cards/lizinopril-alsi_10mg_n30_tab_alsi_farma_novyy_dizayn.html,,,,,0.0000,,search_only,ЛИЗИНОПРИЛ 5 мг таблетки,generic,2026-08-13T19:28:41+00:00,200,mnn_source_identity_v1,low_match,Лизиноприл,rx,https://apteka.ru/product/lizinopril-medisorb-5-mg-60-sht-tabletki-67c0589b0b4e00c07633dab4/,lizinopril medisorb 5 mg 60 sht tabletki,,,,,0.4500,,product_card,ЛИЗИНОПРИЛ 5 мг таблетки,generic,2026-08-13T19:28:42+00:00,0,mnn_source_identity_v1,,,,https://www.vidal.ru/drugs/products,По алфавиту,,по,,,0.0000,,search_only,ЛИЗИНОПРИЛ 5 мг таблетки,generic,2026-08-13T19:28:44+00:00,0,mnn_source_identity_v1,low_match,,,,,,,,,0.0000,,search_only,ЛИЗИНОПРИЛ 5 мг таблетки,generic,,,mnn_source_identity_v1,search:antibot
ЛИЗИНОПРИЛ ТАБЛ. 20МГ №20 ПРАНАФАРМ | ПРАНАФАРМ ООО | ПРАНАФАРМ ООО,15076,drug,Лизиноприл,rx,Пранафарм,20 мг,таблетки,20 таблеток,Эналаприл,rx,https://uteka.ru/product/enalapril-384380/,"Эналаприл, 20 мг, табл, 60 шт.",,таблетки,20мг,60,0.6000,,product_card,Пранафарм 20 мг таблетки,exact,2026-08-13T19:28:45+00:00,0,mnn_source_identity_v1,,Мелоксикам,rx,https://www.asna.ru/cards/meloksikam-prana_15mg_n20_tab_pranafarm.html,/cards/meloksikam-prana_15mg_n20_tab_pranafarm.html,,,,,0.5000,,product_card,Пранафарм 20 мг таблетки,exact,2026-08-13T19:28:47+00:00,0,mnn_source_identity_v1,,Атенолол,rx,https://apteka.ru/product/atenolol-50-mg-n30-tabl-pranafarm-5e326f79f5a9ae000140be23/,atenolol 50 mg n30 tabl pranafarm,,,,30,0.7750,,product_card,Пранафарм 20 мг таблетки,exact,2026-08-13T19:28:47+00:00,0,mnn_source_identity_v1,,,,https://www.vidal.ru/drugs/products,По алфавиту,,по,,,0.0000,,search_only,ЛИЗИНОПРИЛ 20 мг таблетки,generic,2026-08-13T19:28:48+00:00,0,mnn_source_identity_v1,low_match,,,,,,,,,0.0000,,search_only,ЛИЗИНОПРИЛ 20 мг таблетки,generic,,,mnn_source_identity_v1,search:antibot
ЛИДОКАИН БУФУС Р-Р Д/ИН. 100МГ/МЛ АМП. 2МЛ №10 ОБНОВЛЕНИЕ | ОБНОВЛЕНИЕ ПФК АО | ОБНОВЛЕНИЕ ПФК АО,15150,drug,Лидокаин,rx,,100 мг/мл,раствор,ампулы 2 мл №10,Лидокаин,rx,https://uteka.ru/product/lidokain-bufus-303207/,"Лидокаин буфус, 100 мг/мл, р-р д/ин, 2 мл, 10 шт.",,раствор,100мг,10,0.9333,,product_card,ЛИДОКАИН БУФУС 100 мг/мл раствор,exact,2026-08-13T19:28:50+00:00,0,mnn_source_identity_v1,,,,https://www.asna.ru/cards/lidokain_bufus_2_2ml_n10_r-r_dinektsiy_obnovlenie_reneval_pfk.html,/cards/lidokain_bufus_2_2ml_n10_r-r_dinektsiy_obnovlenie_reneval_pfk.html,,,,,0.0000,,search_only,ЛИДОКАИН БУФУС 100 мг/мл,short,2026-08-13T19:28:51+00:00,200,mnn_source_identity_v1,low_match,"Толперизон, Лидокаин",rx,https://apteka.ru/product/tolperizonlidokain-binergiya-100-mgml25-mgml-5-sht-ampuly-rastvor-dlya-vnutrimyshechnogo-vvedeniya-1-ml-648fd771f61c3dd27b8817bb/,tolperizonlidokain binergiya 100 mgml25 mgml 5 sht ampuly rastvor dlya vnutrimyshechnogo vvedeniya 1 ml,,,,,0.2667,,product_card,ЛИДОКАИН БУФУС 100 мг/мл раствор,exact,2026-08-13T19:28:51+00:00,0,mnn_source_identity_v1,,,,https://www.vidal.ru/drugs/products,По алфавиту,,по,,,0.0000,,search_only,ЛИДОКАИН БУФУС 100 мг/мл,short,2026-08-13T19:28:52+00:00,0,mnn_source_identity_v1,low_match,,,,,,,,,0.0000,,search_only,ЛИДОКАИН БУФУС 100 мг/мл,short,,,mnn_source_identity_v1,search:antibot
КРУШИНЫ КОРА Ф/П 2Г №20 ФИТО-БОТ | ФИТО-БОТ ФИРМА ООО | ФИТО-БОТ ФИРМА ООО,16485,drug,,otc,ФИТО-БОТ,2 г,фильтр-пакеты,20 пакетов,,,,,,,,,0.0000,,search_only,КРУШИНЫ КОРА Ф/П 2Г №20 ФИТО-БОТ 2 г фильтр-пакеты,generic,,,mnn_source_identity_v1,not_found,Полыни горькой трава,otc,https://www.asna.ru/cards/polyni_gorkoy_trava_izmelchennaya_50g_fito-bot.html,/cards/polyni_gorkoy_trava_izmelchennaya_50g_fito-bot.html,,,,,0.4000,,product_card,ФИТО-БОТ 2 г,short,2026-08-13T19:28:55+00:00,0,mnn_source_identity_v1,,Шалфей,,https://apteka.ru/product/fito-altaj-shalfej-20-sht-filtr-pakety-massoj-15-g-5e326c86f5a9ae000140a5e7/,fito altaj shalfej 20 sht filtr pakety massoj 15 g,,,,,0.3000,,product_card,ФИТО-БОТ 2 г фильтр-пакеты,exact,2026-08-13T19:28:56+00:00,0,mnn_source_identity_v1,,,,https://www.vidal.ru/drugs/products,По алфавиту,,по,,,0.0000,,search_only,КРУШИНЫ КОРА Ф/П 2Г №20 ФИТО-БОТ 2 г фильтр-пакеты,generic,2026-08-13T19:28:58+00:00,0,mnn_source_identity_v1,low_match,,,,,,,,,0.0000,,search_only,КРУШИНЫ КОРА Ф/П 2Г №20 ФИТО-БОТ 2 г фильтр-пакеты,generic,,,mnn_source_identity_v1,search:antibot
КОФЕИН-БЕНЗОАТ НАТРИЯ ТАБЛ. 100МГ №10 ТАТХИМФАРМПРЕПАРАТЫ | ТАТХИМФАРМПРЕПАРАТЫ АО | ТАТХИМФАРМПРЕПАРАТЫ АО,16623,drug,Кофеин,rx,Кофеин-бензоат натрия,100 мг,таблетки,№10,Кофеин,rx,https://uteka.ru/product/kofeina-benzoat-natriya-55364/,"Кофеина-бензоат натрия, 100 мг, табл, 10 шт.",,таблетки,100мг,10,0.7667,,product_card,Кофеин-бензоат натрия 100 мг таблетки,exact,2026-08-13T19:29:00+00:00,0,mnn_source_identity_v1,,Кофеин,rx,https://www.asna.ru/cards/kofein_benzoat_natriya_100mg_n10_tab_tatkhimfarm.html,/cards/kofein_benzoat_natriya_100mg_n10_tab_tatkhimfarm.html,,,,,0.5000,,product_card,Кофеин-бензоат натрия 100 мг таблетки,exact,2026-08-13T19:29:01+00:00,0,mnn_source_identity_v1,,Кофеин,rx,https://apteka.ru/product/kofein-benzoat-natriya-100-mg-10-sht-tabletki-60755c27fc3e58107d0b2cfa/,kofein benzoat natriya 100 mg 10 sht tabletki,,,,,0.4500,,product_card,Кофеин-бензоат натрия 100 мг таблетки,exact,2026-08-13T19:29:01+00:00,0,mnn_source_identity_v1,,Кофеин,rx,https://www.vidal.ru/drugs/coffein-benzoate_sodium__37368,Кофеин-бензоат натрия,,,,,1.0000,,product_card,Кофеин-бензоат натрия 100 мг таблетки,exact,2026-08-13T19:29:02+00:00,0,mnn_source_identity_v1,,,,,,,,,,0.0000,,search_only,Кофеин-бензоат натрия 100 мг,short,,,mnn_source_identity_v1,search:antibot
КЛАРИТРОМИЦИН-OBL ТАБЛ. П/ПЛЕН/ОБ. 500МГ №7 АЛИУМ | АЛИУМ АО | АЛИУМ АО,17516,drug,Кларитромицин,rx,,500 мг,таблетки,7 таблеток,Кларитромицин,rx,https://uteka.ru/product/klaritromicin-obl-242677/,"Кларитромицин-OBL, 500 мг, табл. п.п.о, 14 шт.",,таблетки,500мг,14,0.9000,,product_card,КЛАРИТРОМИЦИН-OBL 500 мг таблетки,exact,2026-08-13T19:29:05+00:00,0,mnn_source_identity_v1,,,,https://www.asna.ru/cards/klaritromitsin-obl_500mg_n14_tab_pokrytye_plenochnoy_obolochkoy_obolenskoe_fpo.html,/cards/klaritromitsin-obl_500mg_n14_tab_pokrytye_plenochnoy_obolochkoy_obolenskoe_fpo.html,,,,,0.1000,,search_only,КЛАРИТРОМИЦИН-OBL 500 мг,short,2026-08-13T19:29:05+00:00,200,mnn_source_identity_v1,low_match,,,,,,,,,0.0000,,search_only,КЛАРИТРОМИЦИН-OBL 500 мг,short,,,mnn_source_identity_v1,not_found,,,https://www.vidal.ru/drugs/products,По алфавиту,,по,,,0.0000,,search_only,КЛАРИТРОМИЦИН-OBL 500 мг,short,2026-08-13T19:29:07+00:00,0,mnn_source_identity_v1,low_match,,,,,,,,,0.0000,,search_only,КЛАРИТРОМИЦИН-OBL 500 мг,short,,,mnn_source_identity_v1,search:antibot
КЕТОПРОФЕН-АКОС ГЕЛЬ Д/НАРУЖ. ПРИМ. 5% ТУБА 30Г | СИНТЕЗ | СИНТЕЗ,17666,drug,Кетопрофен,rx,Кетопрофен-АКОС,5%,гель,туба 30 г,Кетопрофен,otc,https://uteka.ru/product/ketoprofen-akos-366116/,"Кетопрофен-АКОС, 5%, гель д/наружн. прим, 100 г, 1 шт.",,гель,100г,1,1.0000,,product_card,Кетопрофен-АКОС 5% гель,exact,2026-08-13T19:29:08+00:00,0,mnn_source_identity_v1,,,,https://www.asna.ru/cards/fikseyd_eko_kotton_nabor_plastyrey_meditsinskikh_bakteritsidnykh_s_soderzhaniem_serebra_72mmkh19mm_n20_nordeplast_lsez.html,/cards/fikseyd_eko_kotton_nabor_plastyrey_meditsinskikh_bakteritsidnykh_s_soderzhaniem_serebra_72mmkh19mm_n20_nordeplast_lsez.html,,,,,0.0000,,search_only,Кетопрофен-АКОС 5%,short,2026-08-13T19:29:09+00:00,0,mnn_source_identity_v1,low_match,Кетопрофен,,https://apteka.ru/product/ketoprofen-akos-5-gel-dlya-naruzhnogo-primeneniya-50-gr-5ef45df8eda5cb000198e0bd/,ketoprofen akos 5 gel dlya naruzhnogo primeneniya 50 gr,,,,,0.4500,,product_card,Кетопрофен-АКОС 5% гель,exact,2026-08-13T19:29:11+00:00,0,mnn_source_identity_v1,,Кетопрофен,rx,https://www.vidal.ru/drugs/ketoprofen-acos,Кетопрофен-АКОС,,,,,1.0000,,product_card,Кетопрофен-АКОС 5% гель,exact,2026-08-13T19:29:11+00:00,0,mnn_source_identity_v1,,,,,,,,,,0.0000,,search_only,Кетопрофен-АКОС 5%,short,,,mnn_source_identity_v1,search:antibot
КАРДИОЛИП ТАБЛ. П/ПЛЕН/ОБ. 10МГ №90 | АЛСИ ФАРМА ЗАО | АЛСИ ФАРМА ЗАО,17884,drug,,,Кардиолип,10 мг,таблетки,90 таблеток,Розувастатин,rx,https://uteka.ru/product/kardiolip-359446/,"Кардиолип, 10 мг, табл. п.п.о, 30 шт.",,таблетки,10мг,30,1.0000,,product_card,Кардиолип 10 мг таблетки,exact,2026-08-13T19:29:13+00:00,0,mnn_source_identity_v1,,Розувастатин,rx,https://www.asna.ru/cards/kardiolip_10mg_n60_tab_pokrytye_plenochnoy_obolochkoy_alsi_farma.html,/cards/kardiolip_10mg_n60_tab_pokrytye_plenochnoy_obolochkoy_alsi_farma.html,,,,,0.5000,,product_card,Кардиолип 10 мг таблетки,exact,2026-08-13T19:29:14+00:00,0,mnn_source_identity_v1,,Розувастатин,rx,https://apteka.ru/product/kardiolip-10-mg-30-sht-tabletki-pokrytye-plenochnoj-obolochkoj-5e3278dfca7bdc0001934e1c/,kardiolip 10 mg 30 sht tabletki pokrytye plenochnoj obolochkoj,,,,,1.0000,,product_card,Кардиолип 10 мг таблетки,exact,2026-08-13T19:29:15+00:00,0,mnn_source_identity_v1,,Розувастатин,rx,https://www.vidal.ru/drugs/cardiolip,Кардиолип,,,,,1.0000,,product_card,Кардиолип 10 мг таблетки,exact,2026-08-13T19:29:16+00:00,0,mnn_source_identity_v1,,,,,,,,,,0.0000,,search_only,Кардиолип 10 мг,short,,,mnn_source_identity_v1,search:antibot
КАРДИОЛИП ТАБЛ. П/ПЛЕН/ОБ. 10МГ №30 | АЛСИ ФАРМА ЗАО | АЛСИ ФАРМА ЗАО,17886,drug,,,Кардиолип,10 мг,таблетки,30 таблеток,Розувастатин,rx,https://uteka.ru/product/kardiolip-359446/,"Кардиолип, 10 мг, табл. п.п.о, 30 шт.",,таблетки,10мг,30,1.0000,,product_card,Кардиолип 10 мг таблетки,exact,2026-08-13T19:29:16+00:00,0,mnn_source_identity_v1,,Розувастатин,rx,https://www.asna.ru/cards/kardiolip_10mg_n60_tab_pokrytye_plenochnoy_obolochkoy_alsi_farma.html,/cards/kardiolip_10mg_n60_tab_pokrytye_plenochnoy_obolochkoy_alsi_farma.html,,,,,0.5000,,product_card,Кардиолип 10 мг таблетки,exact,2026-08-13T19:29:16+00:00,0,mnn_source_identity_v1,,Розувастатин,rx,https://apteka.ru/product/kardiolip-10-mg-30-sht-tabletki-pokrytye-plenochnoj-obolochkoj-5e3278dfca7bdc0001934e1c/,kardiolip 10 mg 30 sht tabletki pokrytye plenochnoj obolochkoj,,,,,1.0000,,product_card,Кардиолип 10 мг таблетки,exact,2026-08-13T19:29:16+00:00,0,mnn_source_identity_v1,,Розувастатин,rx,https://www.vidal.ru/drugs/cardiolip,Кардиолип,,,,,1.0000,,product_card,Кардиолип 10 мг таблетки,exact,2026-08-13T19:29:16+00:00,0,mnn_source_identity_v1,,,,,,,,,,0.0000,,search_only,Кардиолип 10 мг,short,,,mnn_source_identity_v1,search:antibot
КАНДЕСАРТАН ТАБЛ. 16МГ №28 БЕРЕЗОВСКИЙ ФЗ | БЕРЕЗОВСКИЙ ФЗ | БЕРЕЗОВСКИЙ ФЗ,18125,drug,Кандесартан,rx,,16 мг,таблетки,28 таблеток,Кандесартан,rx,https://uteka.ru/product/kandesartan-sz-280775/,"Кандесартан-СЗ, 16 мг, табл, 30 шт.",,таблетки,16мг,30,0.8500,,product_card,КАНДЕСАРТАН 16 мг таблетки,exact,2026-08-13T19:29:17+00:00,0,mnn_source_identity_v1,,,,https://www.asna.ru/cards/kandesartan-sz_16mg_n30_tab_severnaya_zvezda.html,/cards/kandesartan-sz_16mg_n30_tab_severnaya_zvezda.html,,,,,0.1000,,search_only,КАНДЕСАРТАН 16 мг,short,2026-08-13T19:29:18+00:00,200,mnn_source_identity_v1,low_match,Кандесартан,rx,https://apteka.ru/product/kandesartan-sz-16-mg-30-sht-tabletki-5e3269d6f5a9ae0001408fb5/,kandesartan sz 16 mg 30 sht tabletki,,,,,0.4500,,product_card,КАНДЕСАРТАН 16 мг таблетки,exact,2026-08-13T19:29:20+00:00,0,mnn_source_identity_v1,,,,https://www.vidal.ru/drugs/products,По алфавиту,,по,,,0.0000,,search_only,КАНДЕСАРТАН 16 мг,short,2026-08-13T19:29:20+00:00,0,mnn_source_identity_v1,low_match,,,,,,,,,0.0000,,search_only,КАНДЕСАРТАН 16 мг,short,,,mnn_source_identity_v1,search:antibot
КАЛЬЦИЯ ГЛЮКОНАТ ЭКО ТАБЛ. ПО 500МГ №10 | ЭКОТЕКС ООО | ЭКОТЕКС ООО,18179,drug,Кальция глюконат,Без рецепта,,500 мг,таблетки,10 таблеток,,,,,,,,,0.0000,,search_only,КАЛЬЦИЯ ГЛЮКОНАТ ЭКО 500 мг,short,,,mnn_source_identity_v1,not_found,,,https://www.asna.ru/cards/kaltsiya_glyukonat_eko_tab_05g_n10_ekoteks.html,/cards/kaltsiya_glyukonat_eko_tab_05g_n10_ekoteks.html,,,,,0.0000,,search_only,КАЛЬЦИЯ ГЛЮКОНАТ ЭКО 500 мг,short,2026-08-13T19:29:22+00:00,200,mnn_source_identity_v1,low_match,,,,,,,,,0.0000,,search_only,КАЛЬЦИЯ ГЛЮКОНАТ ЭКО 500 мг,short,,,mnn_source_identity_v1,not_found,,,https://www.vidal.ru/drugs/products,По алфавиту,,по,,,0.0000,,search_only,КАЛЬЦИЯ ГЛЮКОНАТ ЭКО 500 мг,short,2026-08-13T19:29:24+00:00,0,mnn_source_identity_v1,low_match,,,,,,,,,0.0000,,search_only,КАЛЬЦИЯ ГЛЮКОНАТ ЭКО 500 мг,short,,,mnn_source_identity_v1,search:antibot
КАЛЕНДУЛЫ НАСТОЙКА ФЛ. 25МЛ ИВАНОВСКАЯ ФФ | ИВАНОВСКАЯ ФФ | ИВАНОВСКАЯ ФФ,18306,drug,Календулы лекарственной цветков настойка,otc,Ивановская ФФ,,,флакон 25 мл,,,,,,,,,0.0000,,search_only,КАЛЕНДУЛЫ НАСТОЙКА ФЛ. 25МЛ ИВАНОВСКАЯ ФФ,generic,,,mnn_source_identity_v1,not_found,Натрия тетраборат,otc,https://www.asna.ru/cards/natriya_tetraborata_rastvor_v_glitserine_20_30g_r-r_dmestnogo_i_naruzhnogo_primeneniya_ivanovskaya_ff.html,/cards/natriya_tetraborata_rastvor_v_glitserine_20_30g_r-r_dmestnogo_i_naruzhnogo_primeneniya_ivanovskaya_ff.html,,,,,0.4000,,product_card,Ивановская ФФ,exact,2026-08-13T19:29:25+00:00,0,mnn_source_identity_v1,,,,https://apteka.ru/product/czvetki-kalenduly-lekra-set-15-20-sht-filtr-pakety-5e57b180abec960001f937df/,czvetki kalenduly lekra set 15 20 sht filtr pakety,,,,,0.0750,,search_only,КАЛЕНДУЛЫ НАСТОЙКА ФЛ. 25МЛ ИВАНОВСКАЯ ФФ,generic,2026-08-13T19:29:25+00:00,200,mnn_source_identity_v1,low_match,,,https://www.vidal.ru/drugs/products,По алфавиту,,по,,,0.0000,,search_only,КАЛЕНДУЛЫ НАСТОЙКА ФЛ. 25МЛ ИВАНОВСКАЯ ФФ,generic,2026-08-13T19:29:27+00:00,0,mnn_source_identity_v1,low_match,,,,,,,,,0.0000,,search_only,КАЛЕНДУЛЫ НАСТОЙКА ФЛ. 25МЛ ИВАНОВСКАЯ ФФ,generic,,,mnn_source_identity_v1,search:antibot
ЙОД Р-Р Д/НАРУЖ. ПРИМ. СПИРТ. 5% ФЛ. 25МЛ ГИППОКРАТ | ГИППОКРАТ | ГИППОКРАТ,18377,drug,Йод,otc,Гиппократ,5%,раствор,флакон 25 мл,Йод + [Калия йодид + Этанол],otc,https://uteka.ru/product/joda-rastvor-spirtovoj-5-385337/,"Йода раствор спиртовой 5%, 5%, р-р д/наружн. прим. спирт, 25 мл, 1 шт.",,раствор,25мл,1,0.6000,,product_card,ЙОД 5% раствор,generic,2026-08-13T19:29:30+00:00,0,mnn_source_identity_v1,,Муравьиная кислота,otc,https://www.asna.ru/cards/muravinyy_spirt_14_50ml_r-r_dnaruzhnogo_primeneniya_spirtovoy_do_25_grad_gippokrat_ooo.html,/cards/muravinyy_spirt_14_50ml_r-r_dnaruzhnogo_primeneniya_spirtovoy_do_25_grad_gippokrat_ooo.html,,,,,0.4000,,product_card,Гиппократ 5% раствор,exact,2026-08-13T19:29:31+00:00,0,mnn_source_identity_v1,,,,https://apteka.ru/product/bauschlomb-biotrue-oneday-odnodnevnye-kontaktnye-linzy-125-30-sht-5e32759265b5ab00016575ee/,bauschlomb biotrue oneday odnodnevnye kontaktnye linzy 125 30 sht,,,,,0.0000,,search_only,ЙОД 5% раствор,generic,2026-08-13T19:29:32+00:00,200,mnn_source_identity_v1,low_match,Йод,otc,https://www.vidal.ru/drugs/iod_solution_spirtuosa_5___29212,Йода раствор спиртовой 5%,,раствор,,,0.6000,,product_card,ЙОД 5% раствор,generic,2026-08-13T19:29:36+00:00,0,mnn_source_identity_v1,,,,,,,,,,0.0000,,search_only,ЙОД 5% раствор,generic,,,mnn_source_identity_v1,search:antibot
ЙОДИНОЛ Р-Р Д/МЕСТН. И НАРУЖ. ПРИМ. ФЛ. ПОЛИМЕР. 100МЛ САМАРАМЕДПРОМ | САМАРАМЕДПРОМ ОАО | САМАРАМЕДПРОМ ОАО,18400,drug,Йод,otc,,,раствор,флакон полимерный 100 мл,Йод + [Калия йодид + Поливиниловый спирт],otc,https://uteka.ru/product/jodinol-52250/,"Йодинол, р-р д/местн. и наружн. прим, 100 мл, 1 шт.",,раствор,100мл,1,0.6000,,product_card,ЙОДИНОЛ раствор,exact,2026-08-13T19:29:38+00:00,0,mnn_source_identity_v1,,,,https://www.asna.ru/cards/yodinol_100ml_r-r_dmestnogo_i_naruzhnogo_primeneniya_tulskaya_farmatsevticheskaya_fabrika_ooo.html,/cards/yodinol_100ml_r-r_dmestnogo_i_naruzhnogo_primeneniya_tulskaya_farmatsevticheskaya_fabrika_ooo.html,,,,,0.0000,,search_only,ЙОДИНОЛ,short,2026-08-13T19:29:38+00:00,200,mnn_source_identity_v1,low_match,,,,,,,,,0.0000,,search_only,ЙОДИНОЛ,short,,,mnn_source_identity_v1,not_found,Йод,otc,https://www.vidal.ru/drugs/iodinol__38480,Йодинол,,,,,1.0000,,product_card,ЙОДИНОЛ,short,2026-08-13T19:29:40+00:00,0,mnn_source_identity_v1,,,,,,,,,,0.0000,,search_only,ЙОДИНОЛ,short,,,mnn_source_identity_v1,search:antibot
ЙОВИДОКС МАЗЬ Д/НАРУЖ. ПРИМ. 10% ТУБА 20Г | Тульская фармацевтическая фабрика ООО | Тульская фармацевтическая фабрика ООО,18418,drug,,,,10%,мазь,туба 20 г,Повидон-йод,otc,https://uteka.ru/product/yovidoks-388882/,"Йовидокс, 10%, мазь д/наружн. прим, 20 г, 1 шт.",,мазь,20г,1,1.0000,,product_card,ЙОВИДОКС 10% мазь,exact,2026-08-13T19:29:41+00:00,0,mnn_source_identity_v1,,,,https://www.asna.ru/cards/yovidoks_200mg_n10_suppozitorii_vaginalnye_tulskaya_farmatsevticheskaya_fabrika.html,/cards/yovidoks_200mg_n10_suppozitorii_vaginalnye_tulskaya_farmatsevticheskaya_fabrika.html,,,,,0.1000,,search_only,ЙОВИДОКС 10%,short,2026-08-13T19:29:42+00:00,200,mnn_source_identity_v1,low_match,,,,,,,,,0.0000,,search_only,ЙОВИДОКС 10%,short,,,mnn_source_identity_v1,not_found,,,https://www.vidal.ru/drugs/products,По алфавиту,,по,,,0.0000,,search_only,ЙОВИДОКС 10%,short,2026-08-13T19:29:43+00:00,0,mnn_source_identity_v1,low_match,,,,,,,,,0.0000,,search_only,ЙОВИДОКС 10%,short,,,mnn_source_identity_v1,search:antibot
ИТОПРИД ВЕЛФАРМ ТАБЛ. П/ПЛЕН/ОБ. 50МГ №40 | ВЕЛФАРМ ООО | ВЕЛФАРМ ООО,18473,drug,Итоприд,rx,Велфарм,50 мг,таблетки,40 таблеток,Каптоприл,rx,https://uteka.ru/product/kaptopril-velfarm-365080/,"Каптоприл Велфарм, 50 мг, табл, 40 шт.",,таблетки,50мг,40,1.0000,,product_card,Велфарм 50 мг таблетки,exact,2026-08-13T19:29:45+00:00,0,mnn_source_identity_v1,,Карбамазепин,rx,https://www.asna.ru/cards/karbamazepin_200mg_n50_tab_velfarm_ooo.html,/cards/karbamazepin_200mg_n50_tab_velfarm_ooo.html,,,,,0.5000,,product_card,Велфарм 50 мг таблетки,exact,2026-08-13T19:29:46+00:00,0,mnn_source_identity_v1,,Толперизон,rx,https://apteka.ru/product/tolperizon-velfarm-50-mg-30-sht-blister-tabletki-pokrytye-plenochnoj-obolochkoj-69933d6bd95c7edb9d30d62d/,tolperizon velfarm 50 mg 30 sht blister tabletki pokrytye plenochnoj obolochkoj,,,,,1.0000,,product_card,Велфарм 50 мг таблетки,exact,2026-08-13T19:29:47+00:00,0,mnn_source_identity_v1,,Менадион,rx,https://www.vidal.ru/drugs/vikasol-velfarm,Викасол Велфарм,,,,,1.0000,,product_card,Велфарм 50 мг таблетки,exact,2026-08-13T19:29:48+00:00,0,mnn_source_identity_v1,,,,,,,,,,0.0000,,search_only,ИТОПРИД ВЕЛФАРМ 50 мг таблетки,generic,,,mnn_source_identity_v1,search:antibot
ИЗЖОГАНЕТ АНТАЦИДНЫЙ КОМПЛЕКС СО ВКУСОМ МЯТЫ ТАБЛ. 600МГ №40 | ГРИН САЙД ООО | ГРИН САЙД ООО,18830,drug,,otc,ИЗЖОГАНЕТ,600 мг,таблетки,№40,,,,,,,,,0.0000,,search_only,ИЗЖОГАНЕТ АНТАЦИДНЫЙ КОМПЛЕКС СО ВКУСОМ МЯТЫ 600 мг таблетки,generic,,,mnn_source_identity_v1,not_found,,otc,https://www.asna.ru/cards/antatsidnyy_kompleks_izzhoganet_tab_so_vkusom_apelsina_n20_grin_sayd_ooo.html,/cards/antatsidnyy_kompleks_izzhoganet_tab_so_vkusom_apelsina_n20_grin_sayd_ooo.html,,,,,0.4000,,product_card,ИЗЖОГАНЕТ 600 мг таблетки,exact,2026-08-13T19:29:51+00:00,0,mnn_source_identity_v1,,,,https://apteka.ru/product/green-side-antaczidnyj-kompleks-izzhoganet-so-vkusom-myaty-20-sht-tabletki-massoj-630-mg-6846ccef67292421ab0c1f90/,green side antaczidnyj kompleks izzhoganet so vkusom myaty 20 sht tabletki massoj 630 mg,,,,,0.8875,,product_card,ИЗЖОГАНЕТ 600 мг таблетки,exact,2026-08-13T19:29:52+00:00,0,mnn_source_identity_v1,,,,https://www.vidal.ru/drugs/products,По алфавиту,,по,,,0.0000,,search_only,ИЗЖОГАНЕТ АНТАЦИДНЫЙ КОМПЛЕКС СО ВКУСОМ МЯТЫ 600 мг таблетки,generic,2026-08-13T19:29:54+00:00,0,mnn_source_identity_v1,low_match,,,,,,,,,0.0000,,search_only,ИЗЖОГАНЕТ АНТАЦИДНЫЙ КОМПЛЕКС СО ВКУСОМ МЯТЫ 600 мг таблетки,generic,,,mnn_source_identity_v1,search:antibot
ИБУПРОФЕН ВЕЛФАРМ ТАБЛ. П/ПЛЕН/ОБ. 400МГ №30 УРАЛБИОФАРМ | УРАЛБИОФАРМ ОАО | УРАЛБИОФАРМ ОАО,18925,drug,Ибупрофен,otc,Велфарм,400 мг,таблетки,30 таблеток,Ацикловир,rx,https://uteka.ru/product/aciklovir-velfarm-368260/,"Ацикловир Велфарм, 400 мг, табл, 30 шт.",,таблетки,400мг,30,1.0000,,product_card,Велфарм 400 мг таблетки,exact,2026-08-13T19:29:56+00:00,0,mnn_source_identity_v1,,Адеметионин,otc,https://www.asna.ru/cards/ademetionin_400mg_n20_tab_kishechnorastvorimye_pokrytye_plenochnoy_obolochkoy_velfarm_ooo.html,/cards/ademetionin_400mg_n20_tab_kishechnorastvorimye_pokrytye_plenochnoy_obolochkoy_velfarm_ooo.html,,,,,0.5000,,product_card,Велфарм 400 мг таблетки,exact,2026-08-13T19:29:57+00:00,0,mnn_source_identity_v1,,Ацикловир,rx,https://apteka.ru/product/acziklovir-velfarm-400-mg-20-sht-tabletki-65a58d80521d45b874dee2c3/,acziklovir velfarm 400 mg 20 sht tabletki,,,,,1.0000,,product_card,Велфарм 400 мг таблетки,exact,2026-08-13T19:29:58+00:00,0,mnn_source_identity_v1,,Менадион,rx,https://www.vidal.ru/drugs/vikasol-velfarm,Викасол Велфарм,,,,,1.0000,,product_card,Велфарм 400 мг таблетки,exact,2026-08-13T19:29:59+00:00,0,mnn_source_identity_v1,,,,,,,,,,0.0000,,search_only,ИБУПРОФЕН ВЕЛФАРМ 400 мг таблетки,generic,,,mnn_source_identity_v1,search:antibot
ЗВЕРОБОЯ ТРАВА 50Г ФИТОФАРМ | ФИТОФАРМ ООО | ФИТОФАРМ ООО,19198,drug,Зверобоя трава,otc,Фитофарм,,,50 г,,,https://uteka.ru/product/fitofarm-tisyachelistnika-trava-433581/,"Фитофарм Тысячелистника трава, сырье раст.-пор, 1.5 г, 20 шт.",,порошок,1.5г,20,1.0000,,product_card,Фитофарм,exact,2026-08-13T19:30:00+00:00,0,mnn_source_identity_v1,,,otc,https://www.asna.ru/cards/stomatofit_100ml_ekstrakt_zhidkiy_dmestnogo_primeneniya_fitofarm_klenka_ao.html,/cards/stomatofit_100ml_ekstrakt_zhidkiy_dmestnogo_primeneniya_fitofarm_klenka_ao.html,,,,,0.4000,,product_card,Фитофарм,exact,2026-08-13T19:30:00+00:00,0,mnn_source_identity_v1,,,,https://apteka.ru/product/brusniki-listya-50-gr-fitofarm-5e32640fca7bdc000192adef/,brusniki listya 50 gr fitofarm,,,,,1.0000,,product_card,Фитофарм,exact,2026-08-13T19:30:01+00:00,0,mnn_source_identity_v1,,,,https://www.vidal.ru/drugs/products,По алфавиту,,по,,,0.0000,,search_only,ЗВЕРОБОЯ ТРАВА 50Г ФИТОФАРМ,generic,2026-08-13T19:30:01+00:00,0,mnn_source_identity_v1,low_match,,,,,,,,,0.0000,,search_only,ЗВЕРОБОЯ ТРАВА 50Г ФИТОФАРМ,generic,,,mnn_source_identity_v1,search:antibot
ДЮФАЛАК СИРОП 667МГ/МЛ ПАК. 15МЛ №10 | ЭББОТ БИОЛОДЖИКАЛЗ Б.В./ВЕРОФАРМ АО | ЭББОТ БИОЛОДЖИКАЛЗ Б.В./ВЕРОФАРМ АО,19368,drug,Лактулоза,otc,Дюфалак,667 мг/мл,сироп,пакет 15 мл №10,Лактулоза,otc,https://uteka.ru/product/dyufalak-98868/,"Дюфалак, 667 мг/мл, сироп, 500 мл, 1 шт.",,сироп,667мг,1,1.0000,,product_card,Дюфалак 667 мг/мл сироп,exact,2026-08-13T19:30:03+00:00,0,mnn_source_identity_v1,,Лактулоза,otc,https://www.asna.ru/cards/dyufalak_667mgml_200ml_sirop_verofarm_ao.html,/cards/dyufalak_667mgml_200ml_sirop_verofarm_ao.html,,,,,0.5000,,product_card,Дюфалак 667 мг/мл сироп,exact,2026-08-13T19:30:04+00:00,0,mnn_source_identity_v1,,Лактулоза,,https://apteka.ru/product/dyufalak-667-mgml-sirop-200-ml-flakon-6054a1cdc74c21ecda2ab2dd/,dyufalak 667 mgml sirop 200 ml flakon,,,,,0.9100,,product_card,Дюфалак 667 мг/мл сироп,exact,2026-08-13T19:30:05+00:00,0,mnn_source_identity_v1,,Лактулоза,otc,https://www.vidal.ru/drugs/duphalac__44475,Дюфалак,,,,,1.0000,,product_card,Дюфалак 667 мг/мл сироп,exact,2026-08-13T19:30:06+00:00,0,mnn_source_identity_v1,,,,,,,,,,0.0000,,search_only,ДЮФАЛАК СИРОП 667МГ/МЛ ПАК. 15МЛ №10 667 мг/мл сироп,generic,,,mnn_source_identity_v1,search:antibot
ДЮСПАТАЛИН ТАБЛ. П/О 135МГ №15 ВЕРОФАРМ | ВЕРОФАРМ АО | ВЕРОФАРМ АО,19370,drug,Мебеверин,rx,Дюспаталин,135 мг,таблетки,№15,Мебеверин + Симетикон,otc,https://uteka.ru/product/dyuspatalin-duo-403549/,"Дюспаталин Дуо, 135 мг + 84,43 мг, табл. п.о, 30 шт.",,таблетки,135мг,30,1.0000,,product_card,Дюспаталин 135 мг таблетки,exact,2026-08-13T19:30:07+00:00,0,mnn_source_identity_v1,,Мебеверин,otc,https://www.asna.ru/cards/dyuspatalin_135mg_n15_tab_pokrytye_obolochkoy_verofarm_ao.html,/cards/dyuspatalin_135mg_n15_tab_pokrytye_obolochkoy_verofarm_ao.html,,,,,0.5000,,product_card,Дюспаталин 135 мг таблетки,exact,2026-08-13T19:30:09+00:00,0,mnn_source_identity_v1,,"Симетикон, Мебеверин",,https://apteka.ru/product/dyuspatalin-duo-135-mg8443-mg-30-sht-tabletki-pokrytye-plenochnoj-obolochkoj-65857c146365683593e5fbf2/,dyuspatalin duo 135 mg8443 mg 30 sht tabletki pokrytye plenochnoj obolochkoj,,,,,1.0000,,product_card,Дюспаталин 135 мг таблетки,exact,2026-08-13T19:30:10+00:00,0,mnn_source_identity_v1,,Симетикон,otc,https://www.vidal.ru/drugs/dyuspatalin-duo,Дюспаталин,,,,,1.0000,,product_card,Дюспаталин 135 мг таблетки,exact,2026-08-13T19:30:11+00:00,0,mnn_source_identity_v1,,,,,,,,,,0.0000,,search_only,Дюспаталин 135 мг,short,,,mnn_source_identity_v1,search:antibot
ДОЛГИТБЛОК ГЕЛЬ Д/НАРУЖ. ПРИМ. 5%+3% ТУБА 20Г | ДОЛОРГИТ ГМБХ И КО.КГ | ДОЛОРГИТ ГМБХ И КО.КГ,19875,drug,,otc,Долгитблок,5%+3%,гель,туба 20 г,Ибупрофен + Левоментол,otc,https://uteka.ru/product/dolgitblok-388664/,"Долгитблок, 5%+3%, гель д/наружн. прим, 100 г, 1 шт.",,гель,100г,1,1.0000,,product_card,Долгитблок 5%+3% гель,exact,2026-08-13T19:30:12+00:00,0,mnn_source_identity_v1,,Ибупрофен+ Левоментол,otc,https://www.asna.ru/cards/dolgitblok_5_3_100g_gel_dnaruzhnogo_primeneniya_dolorgit_gmbkh_i_kokg.html,/cards/dolgitblok_5_3_100g_gel_dnaruzhnogo_primeneniya_dolorgit_gmbkh_i_kokg.html,,,,,0.4000,,product_card,Долгитблок 5%+3% гель,exact,2026-08-13T19:30:13+00:00,0,mnn_source_identity_v1,,"Ибупрофен, Левоментол",,https://apteka.ru/product/dolgitblok-53-gel-dlya-naruzhnogo-primeneniya-100-gr-64465a7e38405b69ba32d00d/,dolgitblok 53 gel dlya naruzhnogo primeneniya 100 gr,,,,,0.7750,,product_card,Долгитблок 5%+3% гель,exact,2026-08-13T19:30:14+00:00,0,mnn_source_identity_v1,,Ибупрофен,otc,https://www.vidal.ru/drugs/dolgitblok,Долгитблок,,,,,1.0000,,product_card,Долгитблок 5%+3% гель,exact,2026-08-13T19:30:15+00:00,0,mnn_source_identity_v1,,,,,,,,,,0.0000,,search_only,Долгитблок 5%+3%,short,,,mnn_source_identity_v1,search:antibot
ДОКСАЗОЗИН ТАБЛ. 2МГ №30 ОЗОН | ОЗОН ООО | ОЗОН ООО,20027,drug,Доксазозин,rx,,2 мг,таблетки,30 таблеток,Доксазозин,rx,https://uteka.ru/product/doksazozin-293080/,"Доксазозин, 2 мг, табл, 30 шт.",,таблетки,2мг,30,0.7667,,product_card,ДОКСАЗОЗИН 2 мг таблетки,exact,2026-08-13T19:30:16+00:00,0,mnn_source_identity_v1,,,,https://www.asna.ru/cards/doksazozin-teva_4mg_n30_tab_teva_pharmaceutical_works_private_co.html,/cards/doksazozin-teva_4mg_n30_tab_teva_pharmaceutical_works_private_co.html,,,,,0.0000,,search_only,ДОКСАЗОЗИН 2 мг,short,2026-08-13T19:30:17+00:00,200,mnn_source_identity_v1,low_match,Доксазозин,rx,https://apteka.ru/product/doksazozin-2-mg-30-sht-tabletki-671f188544648086ba3c53bc/,doksazozin 2 mg 30 sht tabletki,,,,2,0.4500,,product_card,ДОКСАЗОЗИН 2 мг таблетки,exact,2026-08-13T19:30:19+00:00,0,mnn_source_identity_v1,,,,https://www.vidal.ru/drugs/products,По алфавиту,,по,,,0.0000,,search_only,ДОКСАЗОЗИН 2 мг,short,2026-08-13T19:30:20+00:00,0,mnn_source_identity_v1,low_match,,,,,,,,,0.0000,,search_only,ДОКСАЗОЗИН 2 мг,short,,,mnn_source_identity_v1,search:antibot
ДИОСМИН ТАБЛ. П/ПЛЕН/ОБ. 600МГ №60 ОЗОН | ОЗОН ООО | ОЗОН ООО,20122,drug,Диосмин,otc,Диосмин,600 мг,таблетки,60 таблеток,Диосмин,otc,https://uteka.ru/product/diosmin-357058/,"Диосмин, 600 мг, табл. п.п.о, 60 шт.",,таблетки,600мг,60,1.0000,,product_card,Диосмин 600 мг таблетки,exact,2026-08-13T19:30:21+00:00,0,mnn_source_identity_v1,,Диосмин,otc,https://www.asna.ru/cards/diosmin_600mg_n60_tab_pokrytye_plenochnoy_obolochkoy_verteks.html,/cards/diosmin_600mg_n60_tab_pokrytye_plenochnoy_obolochkoy_verteks.html,,,,,0.5000,,product_card,Диосмин 600 мг таблетки,exact,2026-08-13T19:30:22+00:00,0,mnn_source_identity_v1,,Диосмин,,https://apteka.ru/product/diosmin-600-mg-30-sht-tabletki-pokrytye-plenochnoj-obolochkoj-5e32754d65b5ab00016573ff/,diosmin 600 mg 30 sht tabletki pokrytye plenochnoj obolochkoj,,,,600,1.0000,,product_card,Диосмин 600 мг таблетки,exact,2026-08-13T19:30:23+00:00,0,mnn_source_identity_v1,,Диосмин,otc,https://www.vidal.ru/drugs/diosmin,Диосмин,,,,,1.0000,,product_card,Диосмин 600 мг таблетки,exact,2026-08-13T19:30:24+00:00,0,mnn_source_identity_v1,,,,,,,,,,0.0000,,search_only,Диосмин 600 мг,short,,,mnn_source_identity_v1,search:antibot
ДИОВЕНГЕС ТАБЛ. П/ПЛЕН/ОБ. 100МГ+900МГ №30 | ФАРМВИЛАР НПО ООО | ФАРМВИЛАР НПО ООО,20151,drug,,,Диовенгес,100 мг + 900 мг,таблетки,30 таблеток,,,,,,,,,0.0000,,search_only,Диовенгес 100 мг + 900 мг,short,,,mnn_source_identity_v1,not_found,Гесперидин + Диосмин,otc,https://www.asna.ru/cards/diovenges_100mg900mg_n60_tab_pokrytye_plenochnoy_obolochkoy_farmvilar_npo.html,/cards/diovenges_100mg900mg_n60_tab_pokrytye_plenochnoy_obolochkoy_farmvilar_npo.html,,,,,0.5000,,product_card,Диовенгес 100 мг + 900 мг таблетки,exact,2026-08-13T19:30:26+00:00,0,mnn_source_identity_v1,,"Гесперидин, Диосмин",,https://apteka.ru/product/diovenges-100-mg900-mg-60-sht-tabletki-pokrytye-plenochnoj-obolochkoj-663b67e2297949542e9a26f5/,diovenges 100 mg900 mg 60 sht tabletki pokrytye plenochnoj obolochkoj,,,,,0.9100,,product_card,Диовенгес 100 мг + 900 мг таблетки,exact,2026-08-13T19:30:27+00:00,0,mnn_source_identity_v1,,Диосмин,otc,https://www.vidal.ru/drugs/diovenges,Диовенгес,,,,,1.0000,,product_card,Диовенгес 100 мг + 900 мг таблетки,exact,2026-08-13T19:30:28+00:00,0,mnn_source_identity_v1,,,,,,,,,,0.0000,,search_only,Диовенгес 100 мг + 900 мг,short,,,mnn_source_identity_v1,search:antibot
ДИКЛОФЕНАК-АКОС Р-Р ДЛЯ В/М ВВЕД. 25МГ/МЛ АМП. 3МЛ №5 | СИНТЕЗ | СИНТЕЗ,20290,drug,Диклофенак,rx,Диклофенак-АКОС,"25 мг/мл, 3 мл",раствор,ампулы 3 мл №5,Диклофенак,rx,https://uteka.ru/product/diklofenak-akos-164982/,"Диклофенак-АКОС, 25 мг/мл, р-р для в/м введ, 3 мл, 5 шт.",,раствор,25мг,5,1.0000,,product_card,"Диклофенак-АКОС 25 мг/мл, 3 мл раствор",exact,2026-08-13T19:30:29+00:00,0,mnn_source_identity_v1,,Диклофенак,otc,https://www.asna.ru/cards/diklofenak-akos_1_30g_maz_dnaruzhnogo_primeneniya_sintez.html,/cards/diklofenak-akos_1_30g_maz_dnaruzhnogo_primeneniya_sintez.html,,,,,0.4000,,product_card,"Диклофенак-АКОС 25 мг/мл, 3 мл",short,2026-08-13T19:30:31+00:00,0,mnn_source_identity_v1,,Диклофенак,rx,https://apteka.ru/product/diklofenak-25-mgml-rastvor-dlya-vnutrimyshechnogo-vvedeniya-3-ml-ampuly-5-sht-5e326bc9ca7bdc000192e980/,diklofenak 25 mgml rastvor dlya vnutrimyshechnogo vvedeniya 3 ml ampuly 5 sht,,,,,0.3214,,product_card,"Диклофенак-АКОС 25 мг/мл, 3 мл раствор",exact,2026-08-13T19:30:31+00:00,0,mnn_source_identity_v1,,Диклофенак,rx,https://www.vidal.ru/drugs/diclofenac-akos-4,Диклофенак-АКОС,,,,,1.0000,,product_card,"Диклофенак-АКОС 25 мг/мл, 3 мл раствор",exact,2026-08-13T19:30:32+00:00,0,mnn_source_identity_v1,,,,,,,,,,0.0000,,search_only,"Диклофенак-АКОС 25 мг/мл, 3 мл",short,,,mnn_source_identity_v1,search:antibot
"ДИКЛОФЕНАК-АКОС КАПЛИ ГЛАЗН. 0,1% ФЛ. 5МЛ | СИНТЕЗ | СИНТЕЗ",20291,drug,Диклофенак,rx,Диклофенак-АКОС,"0,1%",капли,флакон 5 мл,,,,,,,,,0.0000,,search_only,"ДИКЛОФЕНАК-АКОС КАПЛИ ГЛАЗН. 0,1% ФЛ. 5МЛ 0,1% капли",generic,,,mnn_source_identity_v1,not_found,Диклофенак,otc,https://www.asna.ru/cards/diklofenak-akos_1_30g_maz_dnaruzhnogo_primeneniya_sintez.html,/cards/diklofenak-akos_1_30g_maz_dnaruzhnogo_primeneniya_sintez.html,,,,,0.4000,,product_card,"Диклофенак-АКОС 0,1%",short,2026-08-13T19:30:35+00:00,0,mnn_source_identity_v1,,Диклофенак,,https://apteka.ru/product/diklofenak-teva-1-gel-dlya-naruzhnogo-primeneniya-100-gr-5e327525ca7bdc0001932da1/,diklofenak teva 1 gel dlya naruzhnogo primeneniya 100 gr,,,,,0.2250,,product_card,"Диклофенак-АКОС 0,1%",short,2026-08-13T19:30:36+00:00,0,mnn_source_identity_v1,,Диклофенак,rx,https://www.vidal.ru/drugs/diclofenac-akos-4,Диклофенак-АКОС,,,,,1.0000,,product_card,"Диклофенак-АКОС 0,1% капли",exact,2026-08-13T19:30:37+00:00,0,mnn_source_identity_v1,,,,,,,,,,0.0000,,search_only,"ДИКЛОФЕНАК-АКОС КАПЛИ ГЛАЗН. 0,1% ФЛ. 5МЛ 0,1% капли",generic,,,mnn_source_identity_v1,search:antibot
"ДИБАЗОЛ ТАБЛ. 0,02Г №10 МОСКОВСКАЯ ФФ | МОСКОВСКАЯ ФФ | МОСКОВСКАЯ ФФ",20364,drug,Бендазол,rx,,"0,02 г",таблетки,10 таблеток,Бендазол,otc,https://uteka.ru/product/dibazol-ubf-166178/,"Дибазол-УБФ, 0.02 г, табл, 30 шт.",,таблетки,0.02г,30,0.7667,,product_card,"ДИБАЗОЛ 0,02 г таблетки",exact,2026-08-13T19:30:38+00:00,0,mnn_source_identity_v1,,,,https://www.asna.ru/cards/dibazol_20mg_n10_tab_mff.html,/cards/dibazol_20mg_n10_tab_mff.html,,,,,0.0000,,search_only,"ДИБАЗОЛ 0,02 г",short,2026-08-13T19:30:39+00:00,200,mnn_source_identity_v1,low_match,,,https://apteka.ru/product/dibazol-ubf-20-mg-30-sht-blister-tabletki-6799c50a04744d6d3b385d3f/,dibazol ubf 20 mg 30 sht blister tabletki,,,,,0.1125,,search_only,"ДИБАЗОЛ 0,02 г",short,2026-08-13T19:30:40+00:00,200,mnn_source_identity_v1,low_match,Бендазол,otc,https://www.vidal.ru/drugs/dibazol_tablets_0_02__28001,Дибазола таблетки 0.02 г,,таблетки,0.02г,,1.0000,,product_card,"ДИБАЗОЛ 0,02 г таблетки",exact,2026-08-13T19:30:41+00:00,0,mnn_source_identity_v1,,,,,,,,,,0.0000,,search_only,"ДИБАЗОЛ 0,02 г",short,,,mnn_source_identity_v1,search:antibot
ДЖОЗАФЕН ТАБЛ. П/ПЛЕН/ОБ. 500МГ №10 | ФАРМСТАНДАРТ-ЛЕКСРЕДСТВА ОАО | ФАРМСТАНДАРТ-ЛЕКСРЕДСТВА ОАО,20437,drug,Джозамицин,rx,Джозафен,500 мг,таблетки,№10,Джозамицин,rx,https://uteka.ru/product/dzhozafen-424832/,"Джозафен, 500 мг, табл. п.п.о, 20 шт.",,таблетки,500мг,20,1.0000,,product_card,Джозафен 500 мг таблетки,exact,2026-08-13T19:30:44+00:00,0,mnn_source_identity_v1,,Джозамицин,rx,https://www.asna.ru/cards/dzhozafen_500mg_n10_tab_pokrytye_plenochnoy_obolochkoy_farmstandart-leksredstva_oao.html,/cards/dzhozafen_500mg_n10_tab_pokrytye_plenochnoy_obolochkoy_farmstandart-leksredstva_oao.html,,,,,0.5000,,product_card,Джозафен 500 мг таблетки,exact,2026-08-13T19:30:45+00:00,0,mnn_source_identity_v1,,Джозамицин,rx,https://apteka.ru/product/dzhozafen-500-mg-10-sht-tabletki-pokrytye-plenochnoj-obolochkoj-67d15348d069c2af86f8f8c6/,dzhozafen 500 mg 10 sht tabletki pokrytye plenochnoj obolochkoj,,,,500,1.0000,,product_card,Джозафен 500 мг таблетки,exact,2026-08-13T19:30:46+00:00,0,mnn_source_identity_v1,,Джозамицин,rx,https://www.vidal.ru/drugs/dzhozafen,Джозафен,,,,,1.0000,,product_card,Джозафен 500 мг таблетки,exact,2026-08-13T19:30:46+00:00,0,mnn_source_identity_v1,,,,,,,,,,0.0000,,search_only,Джозафен 500 мг,short,,,mnn_source_identity_v1,search:antibot
ДЕТРАЛЕКС ТАБЛ. П/ПЛЕН/ОБ. 1000МГ №60 | СЕРВЬЕ РУС ООО | СЕРВЬЕ РУС ООО,20469,drug,диосмин+гесперидин,rx,Детралекс,1000 мг,таблетки,60 таблеток,Очищенная микронизированная флавоноидная фракция (диосмин + флавоноиды в пересчете на гесперидин),otc,https://uteka.ru/product/detraleks-333266/,"Детралекс, 1000 мг, табл. п.п.о, 30 шт.",,таблетки,1000мг,30,1.0000,,product_card,Детралекс 1000 мг таблетки,exact,2026-08-13T19:30:48+00:00,0,mnn_source_identity_v1,,Гесперидин + Диосмин,otc,https://www.asna.ru/cards/detraleks_1000mg_n60_tab_pokrytye_plenochnoy_obolochkoy_serdiks_ooo.html,/cards/detraleks_1000mg_n60_tab_pokrytye_plenochnoy_obolochkoy_serdiks_ooo.html,,,,,0.5000,,product_card,Детралекс 1000 мг таблетки,exact,2026-08-13T19:30:49+00:00,0,mnn_source_identity_v1,,Очищенная микронизированная флавоноидная фракция (диосмин + флавоноиды в пересчете на гесперидин),,https://apteka.ru/product/detraleks-1000-mg-30-sht-tabletki-pokrytye-plenochnoj-obolochkoj-5e32767fca7bdc0001933936/,detraleks 1000 mg 30 sht tabletki pokrytye plenochnoj obolochkoj,,,,,1.0000,,product_card,Детралекс 1000 мг таблетки,exact,2026-08-13T19:30:51+00:00,0,mnn_source_identity_v1,,Очищенная микронизированная флавоноидная фракция (диосмин+флавоноиды в пересчете на гесперидин),otc,https://www.vidal.ru/drugs/detralex__38634,Детралекс,,,,,1.0000,,product_card,Детралекс 1000 мг таблетки,exact,2026-08-13T19:30:51+00:00,0,mnn_source_identity_v1,,,,,,,,,,0.0000,,search_only,Детралекс 1000 мг,short,,,mnn_source_identity_v1,search:antibot
ДЕПАКИН ХРОНОСФЕРА ГРАН. ПРОЛОНГ. 100МГ ПАК. №30 | САНОФИ ВИНТРОП ИНДУСТРИЯ | САНОФИ ВИНТРОП ИНДУСТРИЯ,20518,drug,Вальпроевая кислота,rx,Депакин Хроносфера,100 мг,гранулы,пакет №30,Вальпроевая кислота,rx,https://uteka.ru/product/depakin-hronosfera-217280/,"Депакин Хроносфера, 1000 мг, гран. пролонг, 30 шт.",,,1000мг,30,1.0000,,product_card,Депакин Хроносфера 100 мг гранулы,exact,2026-08-13T19:30:53+00:00,0,mnn_source_identity_v1,,,,https://www.asna.ru/cards/melatonin_evalar_3mg_n100_tab_pokrytye_plenochnoy_obolochkoy_evalar_zao.html,/cards/melatonin_evalar_3mg_n100_tab_pokrytye_plenochnoy_obolochkoy_evalar_zao.html,,,,,0.1000,,search_only,ДЕПАКИН ХРОНОСФЕРА ГРАН. ПРОЛОНГ. 100МГ ПАК. №30 100 мг гранулы,generic,2026-08-13T19:30:55+00:00,200,mnn_source_identity_v1,low_match,Вальпроевая кислота,rx,https://apteka.ru/product/depakin-300-enterik-300-mg-100-sht-tabletki-pokrytye-kishechnorastvorimoj-obolochkoj-5e32737265b5ab0001656689/,depakin 300 enterik 300 mg 100 sht tabletki pokrytye kishechnorastvorimoj obolochkoj,,,,300,0.3000,,product_card,Депакин Хроносфера 100 мг гранулы,exact,2026-08-13T19:30:58+00:00,0,mnn_source_identity_v1,,Вальпроевая кислота,rx,https://www.vidal.ru/drugs/depakine_chronosphere__18375,Депакин,,,,,0.8500,,product_card,Депакин Хроносфера 100 мг гранулы,exact,2026-08-13T19:30:58+00:00,0,mnn_source_identity_v1,,,,,,,,,,0.0000,,search_only,ДЕПАКИН ХРОНОСФЕРА ГРАН. ПРОЛОНГ. 100МГ ПАК. №30 100 мг гранулы,generic,,,mnn_source_identity_v1,search:antibot
ДЕКСАМЕТАЗОН Р-Р Д/ИН. 4МГ/МЛ АМП. 1МЛ №10 ЭСКОМ | ЭСКОМ НПК | ЭСКОМ НПК,20606,drug,Дексаметазон,rx,Эском,4 мг/мл,раствор,ампулы 1 мл №10,Декстроза,rx,https://uteka.ru/product/glyukoza-eskom-219238/,"Глюкоза-Эском, 400 мг/мл, р-р для в/в введ, 10 мл, 10 шт.",,раствор,400мг,10,1.0000,,product_card,Эском 4 мг/мл раствор,exact,2026-08-13T19:31:00+00:00,0,mnn_source_identity_v1,,Натрия хлорид,rx,https://www.asna.ru/cards/natriya_khlorid_09_200ml_r-r_dinfuziy_eskom_npk_steklo.html,/cards/natriya_khlorid_09_200ml_r-r_dinfuziy_eskom_npk_steklo.html,,,,,0.4000,,product_card,Эском 4 мг/мл раствор,exact,2026-08-13T19:31:01+00:00,0,mnn_source_identity_v1,,,,https://apteka.ru/product/bubchen-shampun-i-opolaskivatel-dlya-volos-detskij-s-volshebnym-bleskom-princzessa-rozaleya-230-ml-5e3279f565b5ab0001659d8c/,bubchen shampun i opolaskivatel dlya volos detskij s volshebnym bleskom princzessa rozaleya 230 ml,,,,,0.6400,,product_card,Эском 4 мг/мл раствор,exact,2026-08-13T19:31:02+00:00,0,mnn_source_identity_v1,,Этамзилат,rx,https://www.vidal.ru/drugs/etamzilate-eskom__23143,Этамзилат-ЭСКОМ,,,,,1.0000,,product_card,Эском 4 мг/мл раствор,exact,2026-08-13T19:31:04+00:00,0,mnn_source_identity_v1,,,,,,,,,,0.0000,,search_only,ДЕКСАМЕТАЗОН 4 мг/мл раствор,generic,,,mnn_source_identity_v1,search:antibot
"ДЕКСАМЕТАЗОН-КРКА ТАБЛ. 4МГ №20 | КРКА Д.Д., НОВО МЕСТО АО/КРКА-РУС ООО | КРКА Д.Д., НОВО МЕСТО АО/КРКА-РУС ООО",20614,drug,Дексаметазон,rx,Дексаметазон-КРКА,4 мг,таблетки,20 таблеток,Дексаметазон,rx,https://uteka.ru/product/deksametazon-krka-379712/,"Дексаметазон-КРКА, 4 мг, табл, 10 шт.",,таблетки,4мг,10,1.0000,,product_card,Дексаметазон-КРКА 4 мг таблетки,exact,2026-08-13T19:31:06+00:00,0,mnn_source_identity_v1,,Дексаметазон,rx,https://www.asna.ru/cards/deksametazon-krka_4mg_n20_tab_krka_dd_novo_mesto.html,/cards/deksametazon-krka_4mg_n20_tab_krka_dd_novo_mesto.html,,,,,0.4000,,product_card,Дексаметазон-КРКА 4 мг таблетки,exact,2026-08-13T19:31:07+00:00,0,mnn_source_identity_v1,,Дексаметазон,rx,https://apteka.ru/product/deksametazon-krka-4-mg-10-sht-tabletki-618a3e57f02299d258660549/,deksametazon krka 4 mg 10 sht tabletki,,,,,0.4500,,product_card,Дексаметазон-КРКА 4 мг таблетки,exact,2026-08-13T19:31:08+00:00,0,mnn_source_identity_v1,,Дексаметазон,rx,https://www.vidal.ru/drugs/dexamethasone__222,Дексаметазон-КРКА,,,,,1.0000,,product_card,Дексаметазон-КРКА 4 мг таблетки,exact,2026-08-13T19:31:09+00:00,0,mnn_source_identity_v1,,,,,,,,,,0.0000,,search_only,Дексаметазон-КРКА 4 мг,short,,,mnn_source_identity_v1,search:antibot
ДЕКСА-ГЕНТАМИЦИН КАПЛИ ГЛАЗН. ФЛ-КАП. 5МЛ | УРСАФАРМ АРЦНАЙМИТТЕЛЬ ГМБХ | УРСАФАРМ АРЦНАЙМИТТЕЛЬ ГМБХ,20628,drug,Дексаметазон + Гентамицин,rx,Декса-Гентамицин,,капли,флакон-капельница 5 мл,Гентамицин + Дексаметазон,rx,https://uteka.ru/product/deksa-gentamicin-99238/,"Декса-Гентамицин, капли глазные, 5 мл, 1 шт.",,капли,5мл,1,1.0000,,product_card,Декса-Гентамицин капли,exact,2026-08-13T19:31:10+00:00,0,mnn_source_identity_v1,,,,https://www.asna.ru/cards/fikseyd_eko_kotton_nabor_plastyrey_meditsinskikh_bakteritsidnykh_s_soderzhaniem_serebra_72mmkh19mm_n20_nordeplast_lsez.html,/cards/fikseyd_eko_kotton_nabor_plastyrey_meditsinskikh_bakteritsidnykh_s_soderzhaniem_serebra_72mmkh19mm_n20_nordeplast_lsez.html,,,,,0.0000,,search_only,ДЕКСА-ГЕНТАМИЦИН КАПЛИ ГЛАЗН. ФЛ-КАП. 5МЛ капли,generic,2026-08-13T19:31:12+00:00,0,mnn_source_identity_v1,low_match,,,https://apteka.ru/product/neodeksa-1-mgml--3500-meml--6000-meml-flakon-kapli-glaznye-5-ml-6a423849bf21b2825012ac1a/,neodeksa 1 mgml  3500 meml  6000 meml flakon kapli glaznye 5 ml,,,,,0.0643,,search_only,ДЕКСА-ГЕНТАМИЦИН КАПЛИ ГЛАЗН. ФЛ-КАП. 5МЛ капли,generic,2026-08-13T19:31:12+00:00,200,mnn_source_identity_v1,low_match,Дексаметазон,rx,https://www.vidal.ru/drugs/dexa-gentamicin__1841,Декса-Гентамицин,,,,,1.0000,,product_card,Декса-Гентамицин капли,exact,2026-08-13T19:31:14+00:00,0,mnn_source_identity_v1,,,,,,,,,,0.0000,,search_only,ДЕКСА-ГЕНТАМИЦИН КАПЛИ ГЛАЗН. ФЛ-КАП. 5МЛ капли,generic,,,mnn_source_identity_v1,search:antibot
ДАБИКСОМ КАПС. 150МГ №60 | КРКА-РУС ООО | КРКА-РУС ООО,20726,drug,дабигатрана этексилат,rx,Дабиксом,150 мг,капсулы,60 капсул,Дабигатрана этексилат,rx,https://uteka.ru/product/dabiksom-387323/,"Дабиксом, 150 мг, капсулы, 60 шт.",,капсулы,150мг,60,1.0000,,product_card,Дабиксом 150 мг капсулы,exact,2026-08-13T19:31:16+00:00,0,mnn_source_identity_v1,,Дабигатрана этексилат,rx,https://www.asna.ru/cards/dabiksom_150mg_n60_kaps_krka-rus_ooo.html,/cards/dabiksom_150mg_n60_kaps_krka-rus_ooo.html,,,,,0.4000,,product_card,Дабиксом 150 мг капсулы,exact,2026-08-13T19:31:16+00:00,0,mnn_source_identity_v1,,Дабигатрана этексилат,rx,https://apteka.ru/product/dabiksom-150-mg-60-sht-kapsuly-641435f9c22247c3483c1497/,dabiksom 150 mg 60 sht kapsuly,,,,,1.0000,,product_card,Дабиксом 150 мг капсулы,exact,2026-08-13T19:31:17+00:00,0,mnn_source_identity_v1,,Дабигатрана этексилат,rx,https://www.vidal.ru/drugs/dabiksom,Дабиксом,,,,,1.0000,,product_card,Дабиксом 150 мг капсулы,exact,2026-08-13T19:31:18+00:00,0,mnn_source_identity_v1,,,,,,,,,,0.0000,,search_only,ДАБИКСОМ КАПС. 150МГ №60 150 мг капсулы,generic,,,mnn_source_identity_v1,search:antibot
ГРОПРИНОСИН ТАБЛ. 500МГ №30 | ГЕДЕОН РИХТЕР ПОЛЬША ООО/ГЕДЕОН РИХТЕР-РУС АО | ГЕДЕОН РИХТЕР ПОЛЬША ООО/ГЕДЕОН РИХТЕР-РУС АО,20781,drug,Инозин пранобекс,rx,Гроприносин,500 мг,таблетки,30 таблеток,Инозин пранобекс,rx,https://uteka.ru/product/groprinosin-13407/,"Гроприносин, 500 мг, табл, 30 шт.",,таблетки,500мг,30,1.0000,,product_card,Гроприносин 500 мг таблетки,exact,2026-08-13T19:31:20+00:00,0,mnn_source_identity_v1,,Инозин* пранобекс,rx,https://www.asna.ru/cards/groprinosin_500mg_n20_tab_gedeon_rikhter.html,/cards/groprinosin_500mg_n20_tab_gedeon_rikhter.html,,,,,0.5000,,product_card,Гроприносин 500 мг таблетки,exact,2026-08-13T19:31:21+00:00,0,mnn_source_identity_v1,,Инозин пранобекс,rx,https://apteka.ru/product/groprinosin-500-mg-50-sht-tabletki-5e32771eca7bdc0001933efe/,groprinosin 500 mg 50 sht tabletki,,,,500,1.0000,,product_card,Гроприносин 500 мг таблетки,exact,2026-08-13T19:31:22+00:00,0,mnn_source_identity_v1,,Инозин пранобекс,rx,https://www.vidal.ru/drugs/groprinosin,Гроприносин,,,,,1.0000,,product_card,Гроприносин 500 мг таблетки,exact,2026-08-13T19:31:23+00:00,0,mnn_source_identity_v1,,,,,,,,,,0.0000,,search_only,Гроприносин 500 мг,short,,,mnn_source_identity_v1,search:antibot
ГОПАНТОМИД ТАБЛ. 250МГ №50 | УСОЛЬЕ-СИБИРСКИЙ ХИМИКО-ФАРМАЦЕВТИЧЕСКИЙ ЗАВОД АО | УСОЛЬЕ-СИБИРСКИЙ ХИМИКО-ФАРМАЦЕВТИЧЕСКИЙ ЗАВОД АО,20890,drug,Гопантеновая кислота,rx,Гопантомид,250 мг,таблетки,50 таблеток,Гопантеновая кислота,rx,https://uteka.ru/product/gopantomid-372978/,"Гопантомид, 250 мг, табл, 50 шт.",,таблетки,250мг,50,1.0000,,product_card,Гопантомид 250 мг таблетки,exact,2026-08-13T19:31:24+00:00,0,mnn_source_identity_v1,,Гопантеновая кислота,rx,https://www.asna.ru/cards/gopantomid_250mg_50_sht__tabletki_usole_sibirskiy_khimiko_farmacevticheskiy_zavod_ao.html,/cards/gopantomid_250mg_50_sht__tabletki_usole_sibirskiy_khimiko_farmacevticheskiy_zavod_ao.html,,,,,0.5000,,product_card,Гопантомид 250 мг таблетки,exact,2026-08-13T19:31:25+00:00,0,mnn_source_identity_v1,,Гопантеновая кислота,rx,https://apteka.ru/product/gopantomid-250-mg-50-sht-tabletki-5eb550e649df440001fd4fe6/,gopantomid 250 mg 50 sht tabletki,,,,,1.0000,,product_card,Гопантомид 250 мг таблетки,exact,2026-08-13T19:31:26+00:00,0,mnn_source_identity_v1,,Гопантеновая кислота,rx,https://www.vidal.ru/drugs/gopantenova-acid,Гопантомид,,,,,1.0000,,product_card,Гопантомид 250 мг таблетки,exact,2026-08-13T19:31:27+00:00,0,mnn_source_identity_v1,,,,,,,,,,0.0000,,search_only,Гопантомид 250 мг,short,,,mnn_source_identity_v1,search:antibot
"ГЛЮКОВАНС ТАБЛ. П/ПЛЕН/ОБ. 2,5МГ+500МГ №30 | МЕРК САНТЭ С.А.С. | МЕРК САНТЭ С.А.С.",20982,drug,Метформин+Глибенкламид,rx,Глюкованс,"2,5 мг + 500 мг",таблетки,30 таблеток,,,,,,,,,0.0000,,search_only,"Глюкованс 2,5 мг + 500 мг",short,,,mnn_source_identity_v1,not_found,Глибенкламид*+ Метформин,rx,https://www.asna.ru/cards/glyukovans_5mg500mg_n60_tab_pokrytye_plenochnoy_obolochkoy_merck_sante_cac.html,/cards/glyukovans_5mg500mg_n60_tab_pokrytye_plenochnoy_obolochkoy_merck_sante_cac.html,,,,,0.5000,,product_card,"Глюкованс 2,5 мг + 500 мг таблетки",exact,2026-08-13T19:31:29+00:00,0,mnn_source_identity_v1,,"Глибенкламид, Метформин",rx,https://apteka.ru/product/glyukovans-5-mg--500-mg-60-sht-tabletki-pokrytye-plenochnoj-obolochkoj-5e326416ca7bdc000192ae25/,glyukovans 5 mg  500 mg 60 sht tabletki pokrytye plenochnoj obolochkoj,,,,,0.9250,,product_card,"Глюкованс 2,5 мг + 500 мг таблетки",exact,2026-08-13T19:31:31+00:00,0,mnn_source_identity_v1,,Метформин,rx,https://www.vidal.ru/drugs/glucovance__6790,Глюкованс,,,,,1.0000,,product_card,"Глюкованс 2,5 мг + 500 мг таблетки",exact,2026-08-13T19:31:32+00:00,0,mnn_source_identity_v1,,,,,,,,,,0.0000,,search_only,"Глюкованс 2,5 мг + 500 мг",short,,,mnn_source_identity_v1,search:antibot
ГЛИЦИН ФОРТЕ ТАБЛ. ЗАЩЕЧН. И П/ЯЗЫЧН. 250МГ №20 ОЗОН | ОЗОН ООО | ОЗОН ООО,21010,drug,Глицин,Без рецепта,Глицин Форте,250 мг,таблетки,20 таблеток,Глицин,rx,https://uteka.ru/product/glicin-forte-248536/,"Глицин форте, 250 мг, табл. защечн, 30 шт.",,таблетки,250мг,30,1.0000,,product_card,Глицин Форте 250 мг таблетки,exact,2026-08-13T19:31:36+00:00,0,mnn_source_identity_v1,,,,https://www.asna.ru/cards/naturalis_glitsin_forte_s_vitaminami_v1_v6_v12_tab_n60_amateg_odo.html,/cards/naturalis_glitsin_forte_s_vitaminami_v1_v6_v12_tab_n60_amateg_odo.html,,,,,0.0000,,search_only,Глицин Форте 250 мг,short,2026-08-13T19:31:39+00:00,200,mnn_source_identity_v1,low_match,,,,,,,,,0.0000,,search_only,Глицин Форте 250 мг,short,,,mnn_source_identity_v1,not_found,Глицин,rx,https://www.vidal.ru/drugs/glycine_forte__41175,Глицин Форте,,,,,1.0000,,product_card,Глицин Форте 250 мг таблетки,exact,2026-08-13T19:31:40+00:00,0,mnn_source_identity_v1,,,,,,,,,,0.0000,,search_only,Глицин Форте 250 мг,short,,,mnn_source_identity_v1,search:antibot
ГЛИЦИН ТАБЛ. П/ЯЗЫЧН. 100МГ №50 ОЗОН ФАРМ | ОЗОН ФАРМ ООО | ОЗОН ФАРМ ООО,21018,drug,Глицин,otc,ОЗОН ФАРМ,100 мг,таблетки,50 таблеток,Глицин,otc,https://uteka.ru/product/glicin-414125/,"Глицин, 100 мг, табл. подъязычн, 50 шт.",,таблетки,100мг,50,0.5000,,product_card,ОЗОН ФАРМ 100 мг таблетки,exact,2026-08-13T19:31:42+00:00,0,mnn_source_identity_v1,,Глицин,otc,https://www.asna.ru/cards/glitsin_100mg_n50_tab_podyazychnye_ozon_farm_ooo.html,/cards/glitsin_100mg_n50_tab_podyazychnye_ozon_farm_ooo.html,,,,,0.5000,,product_card,ОЗОН ФАРМ 100 мг таблетки,exact,2026-08-13T19:31:43+00:00,0,mnn_source_identity_v1,,Мелоксикам,rx,https://apteka.ru/product/meloksikam-75-mg-n20-tabl-ozon-farm-634e99cee65cbb5833914b5b/,meloksikam 75 mg n20 tabl ozon farm,,,,20,0.2700,,product_card,ОЗОН ФАРМ 100 мг таблетки,exact,2026-08-13T19:31:44+00:00,0,mnn_source_identity_v1,,,,https://www.vidal.ru/drugs/products,По алфавиту,,по,,,0.0000,,search_only,ГЛИЦИН 100 мг таблетки,generic,2026-08-13T19:31:45+00:00,0,mnn_source_identity_v1,low_match,,,,,,,,,0.0000,,search_only,ГЛИЦИН 100 мг таблетки,generic,,,mnn_source_identity_v1,search:antibot
ГЛИЦИН ТАБЛ. П/ЯЗЫЧН. 100МГ №50 ОЗОН | ОЗОН ООО | ОЗОН ООО,21019,drug,Глицин,Без рецепта,ОЗОН,100 мг,таблетки,№50,Мебгидролин,otc,https://uteka.ru/product/diazolin-18157/,"Диазолин, 100 мг, табл, 10 шт.",,таблетки,100мг,10,0.6000,,product_card,ОЗОН 100 мг таблетки,exact,2026-08-13T19:31:47+00:00,0,mnn_source_identity_v1,,Метотрексат,rx,https://www.asna.ru/cards/metotreksat_25mg_n50_tab_pokrytye_obolochkoy_ozon.html,/cards/metotreksat_25mg_n50_tab_pokrytye_obolochkoy_ozon.html,,,,,0.4000,,product_card,ОЗОН 100 мг таблетки,exact,2026-08-13T19:31:48+00:00,0,mnn_source_identity_v1,,Мелоксикам,rx,https://apteka.ru/product/meloksikam-75-mg-n20-tabl-ozon-farm-634e99cee65cbb5833914b5b/,meloksikam 75 mg n20 tabl ozon farm,,,,20,0.7750,,product_card,ОЗОН 100 мг таблетки,exact,2026-08-13T19:31:48+00:00,0,mnn_source_identity_v1,,Глицин,otc,https://www.vidal.ru/drugs/glycine_bio__10481,Глицин Озон,,,,,1.0000,,product_card,ОЗОН 100 мг таблетки,exact,2026-08-13T19:31:49+00:00,0,mnn_source_identity_v1,,,,,,,,,,0.0000,,search_only,ГЛИЦИН 100 мг таблетки,generic,,,mnn_source_identity_v1,search:antibot
ГЛИБЕНКЛАМИД ТАБЛ. 5МГ №120 ОЗОН ФАРМ | ОЗОН ФАРМ ООО | ОЗОН ФАРМ ООО,21137,drug,Глибенкламид,rx,Озон Фарм,5 мг,таблетки,120 таблеток,Амброксол,otc,https://uteka.ru/product/ambroksol-alfaktiv-432841/,"Амброксол Альфактив, 30 мг, табл, 50 шт.",,таблетки,30мг,50,0.3500,,product_card,Озон Фарм 5 мг таблетки,exact,2026-08-13T19:31:50+00:00,0,mnn_source_identity_v1,,Глицин,otc,https://www.asna.ru/cards/glitsin_100mg_n50_tab_podyazychnye_ozon_farm_ooo.html,/cards/glitsin_100mg_n50_tab_podyazychnye_ozon_farm_ooo.html,,,,,0.4000,,product_card,Озон Фарм 5 мг таблетки,exact,2026-08-13T19:31:51+00:00,0,mnn_source_identity_v1,,Мелоксикам,rx,https://apteka.ru/product/meloksikam-75-mg-n20-tabl-ozon-farm-634e99cee65cbb5833914b5b/,meloksikam 75 mg n20 tabl ozon farm,,,,20,0.2700,,product_card,Озон Фарм 5 мг таблетки,exact,2026-08-13T19:31:52+00:00,0,mnn_source_identity_v1,,Глибенкламид,otc,https://www.vidal.ru/drugs/glibenclamide_tablets_0_005__27480,Глибенкламида таблетки 0.005 г,,таблетки,0.005г,,0.4333,,product_card,ГЛИБЕНКЛАМИД 5 мг таблетки,generic,2026-08-13T19:31:53+00:00,0,mnn_source_identity_v1,,,,,,,,,,0.0000,,search_only,ГЛИБЕНКЛАМИД 5 мг таблетки,generic,,,mnn_source_identity_v1,search:antibot
ГЕПАВИЗИМ ФОСФОЛИПИДЫ+L-ОРИНИТИН+КУРКУМИН КАПС. ПО 495МГ №30 | ВТФ ООО | ВТФ ООО,21387,drug,,БАД,Гепавизим,495 мг,капсулы,№30,,,,,,,,,0.0000,,search_only,ГЕПАВИЗИМ ФОСФОЛИПИДЫ+L-ОРИНИТИН+КУРКУМИН КАПС. ПО 495МГ №30 495 мг капсулы,generic,,,mnn_source_identity_v1,not_found,,otc,https://www.asna.ru/cards/gepavizim_kaps_troynaya_zashchita_pecheni_n30_vtf_ooo.html,/cards/gepavizim_kaps_troynaya_zashchita_pecheni_n30_vtf_ooo.html,,,,,0.4000,,product_card,Гепавизим 495 мг капсулы,exact,2026-08-13T19:31:57+00:00,0,mnn_source_identity_v1,,Лецитин,,https://apteka.ru/product/plantcomplex-gepavizim-trojnaya-zashhita-pecheni-30-sht-kapsuly-massoj-400-mg-630de9ecbb7256f6b07f61b6/,plantcomplex gepavizim trojnaya zashhita pecheni 30 sht kapsuly massoj 400 mg,,,,,0.8875,,product_card,Гепавизим 495 мг капсулы,exact,2026-08-13T19:31:58+00:00,0,mnn_source_identity_v1,,,rx,https://www.vidal.ru/drugs/products,По алфавиту,,по,,,0.1909,,product_card,ГЕПАВИЗИМ ФОСФОЛИПИДЫ+L-ОРИНИТИН+КУРКУМИН КАПС. ПО 495МГ №30 495 мг капсулы,generic,2026-08-13T19:32:00+00:00,0,mnn_source_identity_v1,,,,,,,,,,0.0000,,search_only,ГЕПАВИЗИМ ФОСФОЛИПИДЫ+L-ОРИНИТИН+КУРКУМИН КАПС. ПО 495МГ №30 495 мг капсулы,generic,,,mnn_source_identity_v1,search:antibot
ГАМАМЕЛИС ДН СУПП. РЕКТ. ГОМЕОП. №6 | ДОКТОР Н ООО | ДОКТОР Н ООО,21629,drug,,,ГАМАМЕЛИС ДН,,,№6,,otc,https://uteka.ru/product/gamamelis-dn-150175/,"Гамамелис ДН, супп. рект, 6 шт.",,,,6,1.0000,,product_card,ГАМАМЕЛИС ДН,exact,2026-08-13T19:32:01+00:00,0,mnn_source_identity_v1,,,otc,https://www.asna.ru/cards/gamamelis_dn_70g_maz_doktor_n.html,/cards/gamamelis_dn_70g_maz_doktor_n.html,,,,,0.4000,,product_card,ГАМАМЕЛИС ДН,exact,2026-08-13T19:32:01+00:00,0,mnn_source_identity_v1,,,,https://apteka.ru/product/gamamelis-dn-6-sht-suppozitorii-rektalnye-5e326e9c65b5ab00016543fb/,gamamelis dn 6 sht suppozitorii rektalnye,,,,6,0.4500,,product_card,ГАМАМЕЛИС ДН,exact,2026-08-13T19:32:02+00:00,0,mnn_source_identity_v1,,,otc,https://www.vidal.ru/drugs/hamamelis_dn__23409,Гамамелис ДН,,,,,1.0000,,product_card,ГАМАМЕЛИС ДН,exact,2026-08-13T19:32:02+00:00,0,mnn_source_identity_v1,,,,,,,,,,0.0000,,search_only,ГАМАМЕЛИС ДН СУПП. РЕКТ. ГОМЕОП. №6,generic,,,mnn_source_identity_v1,search:antibot
ВИЛДАГЛИПТИН-ВЕРТЕКС ТАБЛ. 50МГ №56 | ВЕРТЕКС АО | ВЕРТЕКС АО,22406,drug,Вилдаглиптин,rx,Вилдаглиптин-Вертекс,50 мг,таблетки,№56,Вилдаглиптин,rx,https://uteka.ru/product/vildagliptin-verteks-411968/,"Вилдаглиптин-Вертекс, 50 мг, табл, 28 шт.",,таблетки,50мг,28,1.0000,,product_card,Вилдаглиптин-Вертекс 50 мг таблетки,exact,2026-08-13T19:32:03+00:00,0,mnn_source_identity_v1,,Вилдаглиптин,rx,https://www.asna.ru/cards/vildagliptin-verteks_50mg_n56_tab_verteks_ao.html,/cards/vildagliptin-verteks_50mg_n56_tab_verteks_ao.html,,,,,0.5000,,product_card,Вилдаглиптин-Вертекс 50 мг таблетки,exact,2026-08-13T19:32:04+00:00,0,mnn_source_identity_v1,,Вилдаглиптин,rx,https://apteka.ru/product/vildagliptin-50-mg-30-sht-tabletki-685d5f32e62bf143e01cfaa0/,vildagliptin 50 mg 30 sht tabletki,,,,50,0.3600,,product_card,Вилдаглиптин-Вертекс 50 мг таблетки,exact,2026-08-13T19:32:05+00:00,0,mnn_source_identity_v1,,Вилдаглиптин,rx,https://www.vidal.ru/drugs/vildagliptin-verteks,Вилдаглиптин-Вертекс,,,,,1.0000,,product_card,Вилдаглиптин-Вертекс 50 мг таблетки,exact,2026-08-13T19:32:06+00:00,0,mnn_source_identity_v1,,,,,,,,,,0.0000,,search_only,Вилдаглиптин-Вертекс 50 мг,short,,,mnn_source_identity_v1,search:antibot
"ВИДОРА МИКРО ТАБЛ. П/ПЛЕН/ОБ. 3МГ+0,02МГ №21+7 | ЛАБОРАТОРИОС ЛЕОН ФАРМА С.А. | ЛАБОРАТОРИОС ЛЕОН ФАРМА С.А.",22468,drug,Дроспиренон + Этинилэстрадиол,rx,Видора Микро,"3 мг + 0,02 мг",таблетки,21+7,,,,,,,,,0.0000,,search_only,"Видора Микро 3 мг + 0,02 мг",short,,,mnn_source_identity_v1,not_found,Дроспиренон + Этинилэстрадиол,rx,https://www.asna.ru/cards/vidora_mikro_n244_tab_pokrytye_plenochnoy_obolochkoy_laboratorios_leon_farma_sa.html,/cards/vidora_mikro_n244_tab_pokrytye_plenochnoy_obolochkoy_laboratorios_leon_farma_sa.html,,,,,0.4000,,product_card,"Видора Микро 3 мг + 0,02 мг таблетки",exact,2026-08-13T19:32:08+00:00,0,mnn_source_identity_v1,,"Этинилэстрадиол, Дроспиренон",rx,https://apteka.ru/product/vidora-mikro-3-mg--002-mg-28-sht-tabletki-pokrytye-plenochnoj-obolochkoj-5e3271a5f5a9ae000140cc6b/,vidora mikro 3 mg  002 mg 28 sht tabletki pokrytye plenochnoj obolochkoj,,,,,0.3214,,product_card,"Видора Микро 3 мг + 0,02 мг таблетки",exact,2026-08-13T19:32:09+00:00,0,mnn_source_identity_v1,,Этинилэстрадиол,rx,https://www.vidal.ru/drugs/vidora_micro__44246,Видора,,,,,0.8500,,product_card,"Видора Микро 3 мг + 0,02 мг таблетки",exact,2026-08-13T19:32:10+00:00,0,mnn_source_identity_v1,,,,,,,,,,0.0000,,search_only,"Видора Микро 3 мг + 0,02 мг",short,,,mnn_source_identity_v1,search:antibot
ВЕЧЕРНЕЕ ВАЛЕРИАНА+МЯТА+МЕЛИССА ДРАЖЕ №50 ПАРАФАРМ | ПАРАФАРМ ООО | ПАРАФАРМ ООО,22548,drug,,otc,Вечернее,,,№50,,,https://uteka.ru/product/vechernee-biokor-valeriana--hmel--myata-198171/,"Вечернее Биокор Валериана + Хмель + Мята, драже, 120 шт.",,,,120,1.0000,,product_card,Вечернее,exact,2026-08-13T19:32:10+00:00,0,mnn_source_identity_v1,,,otc,https://www.asna.ru/cards/vechernee_forte_drazhe_valeriana_khmel_myata_melissa_n60_parafarm.html,/cards/vechernee_forte_drazhe_valeriana_khmel_myata_melissa_n60_parafarm.html,,,,,0.4000,,product_card,Вечернее,exact,2026-08-13T19:32:10+00:00,0,mnn_source_identity_v1,,,,https://apteka.ru/product/vechernee-biokor-60-sht-tabletki-massoj-018-g-642d189a6442cbb2a7854135/,vechernee biokor 60 sht tabletki massoj 018 g,,,,,1.0000,,product_card,Вечернее,exact,2026-08-13T19:32:11+00:00,0,mnn_source_identity_v1,,,,https://www.vidal.ru/drugs/products,По алфавиту,,по,,,0.0000,,search_only,ВЕЧЕРНЕЕ ВАЛЕРИАНА+МЯТА+МЕЛИССА ДРАЖЕ №50 ПАРАФАРМ,generic,2026-08-13T19:32:12+00:00,0,mnn_source_identity_v1,low_match,,,,,,,,,0.0000,,search_only,ВЕЧЕРНЕЕ ВАЛЕРИАНА+МЯТА+МЕЛИССА ДРАЖЕ №50 ПАРАФАРМ,generic,,,mnn_source_identity_v1,search:antibot
БРОМГЕКСИН ТАБЛ. 8МГ №20 ФАРМСТАНДАРТ | ФАРМСТАНДАРТ-ЛЕКСРЕДСТВА ОАО | ФАРМСТАНДАРТ-ЛЕКСРЕДСТВА ОАО,23214,drug,Бромгексин,rx,Бромгексин,8 мг,таблетки,20 таблеток,Бромгексин,otc,https://uteka.ru/product/bromgeksin-8-berlin-hemi-8625/,"Бромгексин 8 Берлин-Хеми, 8 мг, табл. п.о, 25 шт.",,таблетки,8мг,25,1.0000,,product_card,Бромгексин 8 мг таблетки,exact,2026-08-13T19:32:14+00:00,0,mnn_source_identity_v1,,Бромгексин,otc,https://www.asna.ru/cards/bromgeksin_8_berlin_khemi_n25_tab_pokrytye_obolochkoy_berlin-farma_zao.html,/cards/bromgeksin_8_berlin_khemi_n25_tab_pokrytye_obolochkoy_berlin-farma_zao.html,,,,,0.4000,,product_card,Бромгексин 8 мг таблетки,exact,2026-08-13T19:32:15+00:00,0,mnn_source_identity_v1,,Бромгексин,,https://apteka.ru/product/bromgeksin-8-mg-50-sht-tabletki-63a014015f6f25b090f22b49/,bromgeksin 8 mg 50 sht tabletki,,,,8,1.0000,,product_card,Бромгексин 8 мг таблетки,exact,2026-08-13T19:32:16+00:00,0,mnn_source_identity_v1,,Бромгексин,otc,https://www.vidal.ru/drugs/bromhexine_tablets_0_008__20930,"Бромгексина таблетки 0,008 г",,таблетки,0.008г,,0.7833,,product_card,Бромгексин 8 мг таблетки,exact,2026-08-13T19:32:16+00:00,0,mnn_source_identity_v1,,,,,,,,,,0.0000,,search_only,Бромгексин 8 мг,short,,,mnn_source_identity_v1,search:antibot
БИСОПРОЛОЛ-АЛСИ ТАБЛ. 5МГ №60 | АЛСИ ФАРМА АО | АЛСИ ФАРМА АО,23633,drug,Бисопролол,rx,Бисопролол-АЛСИ,5 мг,таблетки,№60,Бисопролол,rx,https://uteka.ru/product/bisoprolol-alsi-413681/,"Бисопролол-Алси, 5 мг, табл, 30 шт.",,таблетки,5мг,30,1.0000,,product_card,Бисопролол-АЛСИ 5 мг таблетки,exact,2026-08-13T19:32:18+00:00,0,mnn_source_identity_v1,,Бисопролол,rx,https://www.asna.ru/cards/bisoprolol-alsi_5mg_n60_tab_alsi_farma_ao.html,/cards/bisoprolol-alsi_5mg_n60_tab_alsi_farma_ao.html,,,,,0.4000,,product_card,Бисопролол-АЛСИ 5 мг таблетки,exact,2026-08-13T19:32:19+00:00,0,mnn_source_identity_v1,,Бисопролол,rx,https://apteka.ru/product/bisoprolol-alsi-5-mg-60-sht-tabletki-669f9d1aa41bb4060ab40ba4/,bisoprolol alsi 5 mg 60 sht tabletki,,,,,0.4500,,product_card,Бисопролол-АЛСИ 5 мг таблетки,exact,2026-08-13T19:32:20+00:00,0,mnn_source_identity_v1,,Бисопролол,rx,https://www.vidal.ru/drugs/bisoprolol-alsi,Бисопролол-Алси,,,,,1.0000,,product_card,Бисопролол-АЛСИ 5 мг таблетки,exact,2026-08-13T19:32:21+00:00,0,mnn_source_identity_v1,,,,,,,,,,0.0000,,search_only,Бисопролол-АЛСИ 5 мг,short,,,mnn_source_identity_v1,search:antibot
БИСОПРОЛОЛ-АКОС ТАБЛ. П/ПЛЕН/ОБ. 5МГ №30 | БИОКОМ ЗАО | БИОКОМ ЗАО,23641,drug,Бисопролол,rx,Бисопролол-АКОС,5мг,таблетки,30 таблеток,Бисопролол,rx,https://uteka.ru/product/bisoprolol-akos-379350/,"Бисопролол-АКОС, 5 мг, табл. п.п.о, 50 шт.",,таблетки,5мг,50,0.9500,,product_card,Бисопролол-АКОС 5мг таблетки,exact,2026-08-13T19:32:22+00:00,0,mnn_source_identity_v1,,Бисопролол,rx,https://www.asna.ru/cards/bisoprolol-akos_10mg_n50_tab_pokrytye_plenochnoy_obolochkoy_biokom_ao.html,/cards/bisoprolol-akos_10mg_n50_tab_pokrytye_plenochnoy_obolochkoy_biokom_ao.html,,,,,0.4000,,product_card,Бисопролол-АКОС 5мг таблетки,exact,2026-08-13T19:32:23+00:00,0,mnn_source_identity_v1,,Бисопролол,rx,https://apteka.ru/product/bisoprolol-akos-5-mg-30-sht-tabletki-pokrytye-plenochnoj-obolochkoj-628610d2e71acaf4a0490872/,bisoprolol akos 5 mg 30 sht tabletki pokrytye plenochnoj obolochkoj,,,,,0.3375,,product_card,Бисопролол-АКОС 5мг таблетки,exact,2026-08-13T19:32:24+00:00,0,mnn_source_identity_v1,,Бисопролол,rx,https://www.vidal.ru/drugs/bisoprolol-akos,Бисопролол-Акос,,,,,1.0000,,product_card,Бисопролол-АКОС 5мг таблетки,exact,2026-08-13T19:32:25+00:00,0,mnn_source_identity_v1,,,,,,,,,,0.0000,,search_only,Бисопролол-АКОС 5мг,short,,,mnn_source_identity_v1,search:antibot
БИСОПРОЛОЛ-АКОС ТАБЛ. П/ПЛЕН/ОБ. 10МГ №30 | БИОКОМ ЗАО | БИОКОМ ЗАО,23643,drug,Бисопролол,rx,Бисопролол-АКОС,10 мг,таблетки,30 таблеток,Бисопролол,rx,https://uteka.ru/product/bisoprolol-akos-380925/,"Бисопролол-АКОС, 10 мг, табл. п.п.о, 30 шт.",,таблетки,10мг,30,1.0000,,product_card,Бисопролол-АКОС 10 мг таблетки,exact,2026-08-13T19:32:26+00:00,0,mnn_source_identity_v1,,Бисопролол,rx,https://www.asna.ru/cards/bisoprolol-akos_10mg_n50_tab_pokrytye_plenochnoy_obolochkoy_biokom_ao.html,/cards/bisoprolol-akos_10mg_n50_tab_pokrytye_plenochnoy_obolochkoy_biokom_ao.html,,,,,0.4000,,product_card,Бисопролол-АКОС 10 мг таблетки,exact,2026-08-13T19:32:27+00:00,0,mnn_source_identity_v1,,Бисопролол,rx,https://apteka.ru/product/bisoprolol-akos-10-mg-50-sht-tabletki-pokrytye-plenochnoj-obolochkoj-63c024ea281d92cf04a22eba/,bisoprolol akos 10 mg 50 sht tabletki pokrytye plenochnoj obolochkoj,,,,,0.4500,,product_card,Бисопролол-АКОС 10 мг таблетки,exact,2026-08-13T19:32:28+00:00,0,mnn_source_identity_v1,,Бисопролол,rx,https://www.vidal.ru/drugs/bisoprolol-akos,Бисопролол-Акос,,,,,1.0000,,product_card,Бисопролол-АКОС 10 мг таблетки,exact,2026-08-13T19:32:29+00:00,0,mnn_source_identity_v1,,,,,,,,,,0.0000,,search_only,Бисопролол-АКОС 10 мг,short,,,mnn_source_identity_v1,search:antibot
БИОРИТМ АНТИСТРЕСС 24 ДЕНЬ/НОЧЬ ТАБЛ. П/О №32 | ЭВАЛАР ЗАО | ЭВАЛАР ЗАО,23695,drug,,over_the_counter,Эвалар,,таблетки,24 tablets,,otc,https://uteka.ru/product/glicin--melatonin-evalar-379673/,"Глицин + Мелатонин Эвалар, табл. подъязычн, 20 шт.",,таблетки,,20,0.9500,,product_card,Эвалар таблетки,exact,2026-08-13T19:32:31+00:00,0,mnn_source_identity_v1,,Золототысячника трава+Любистока лекарственного корни+Розмарина обыкновенного листья,otc,https://www.asna.ru/cards/nefrosten_n60_tab_pokrytye_plenochnoy_obolochkoy_evalar.html,/cards/nefrosten_n60_tab_pokrytye_plenochnoy_obolochkoy_evalar.html,,,,,0.4000,,product_card,Эвалар таблетки,exact,2026-08-13T19:32:32+00:00,0,mnn_source_identity_v1,,,,https://apteka.ru/product/evalar-vitaminy-gruppy-v-30-sht-tabletki-shipuchie-massoj-5-gr-62ecf25b9a4bbad6203e87e8/,evalar vitaminy gruppy v 30 sht tabletki shipuchie massoj 5 gr,,,,,1.0000,,product_card,Эвалар таблетки,exact,2026-08-13T19:32:32+00:00,0,mnn_source_identity_v1,,Общетонизирующие препараты,otc,https://www.vidal.ru/drugs/evalar__20452,Эвалар,,,,,1.0000,,product_card,Эвалар таблетки,exact,2026-08-13T19:32:33+00:00,0,mnn_source_identity_v1,,,,,,,,,,0.0000,,search_only,БИОРИТМ АНТИСТРЕСС 24 ДЕНЬ/НОЧЬ таблетки,generic,,,mnn_source_identity_v1,search:antibot
БЕТАГИСТИН ТАБЛ. 8МГ №30 ОЗОН | ОЗОН ООО/ОЗОН ФАРМ ООО | ОЗОН ООО/ОЗОН ФАРМ ООО,24080,drug,Бетагистин,rx,,8мг,таблетки,30 таблеток,Бетагистин,rx,https://uteka.ru/product/betagistin-208343/,"Бетагистин, 8 мг, табл, 30 шт.",,таблетки,8мг,30,0.4333,,product_card,БЕТАГИСТИН 8мг таблетки,exact,2026-08-13T19:32:34+00:00,0,mnn_source_identity_v1,,,,https://www.asna.ru/cards/betagistin_24mg_n60_tab_ozon.html,/cards/betagistin_24mg_n60_tab_ozon.html,,,,,0.0000,,search_only,БЕТАГИСТИН 8мг,short,2026-08-13T19:32:36+00:00,200,mnn_source_identity_v1,low_match,Бетагистин,rx,https://apteka.ru/product/betagistin-verteks-24-mg-60-sht-tabletki-5e326ccf65b5ab0001653591/,betagistin verteks 24 mg 60 sht tabletki,,,,,0.3000,,product_card,БЕТАГИСТИН 8мг таблетки,exact,2026-08-13T19:32:37+00:00,0,mnn_source_identity_v1,,,,https://www.vidal.ru/drugs/products,По алфавиту,,по,,,0.0000,,search_only,БЕТАГИСТИН 8мг,short,2026-08-13T19:32:38+00:00,0,mnn_source_identity_v1,low_match,,,,,,,,,0.0000,,search_only,БЕТАГИСТИН 8мг,short,,,mnn_source_identity_v1,search:antibot
БЕТАГИСТИН ТАБЛ. 16МГ №30 ОЗОН | ОЗОН ООО | ОЗОН ООО,24095,drug,Бетагистин,rx,ОЗОН,16 мг,таблетки,30 таблеток,Бетагистин,rx,https://uteka.ru/product/betagistin-208072/,"Бетагистин, 16 мг, табл, 30 шт.",,таблетки,16мг,30,0.6000,,product_card,ОЗОН 16 мг таблетки,exact,2026-08-13T19:32:39+00:00,0,mnn_source_identity_v1,,Метотрексат,rx,https://www.asna.ru/cards/metotreksat_25mg_n50_tab_pokrytye_obolochkoy_ozon.html,/cards/metotreksat_25mg_n50_tab_pokrytye_obolochkoy_ozon.html,,,,,0.4000,,product_card,ОЗОН 16 мг таблетки,exact,2026-08-13T19:32:41+00:00,0,mnn_source_identity_v1,,Мелоксикам,rx,https://apteka.ru/product/meloksikam-75-mg-n20-tabl-ozon-farm-634e99cee65cbb5833914b5b/,meloksikam 75 mg n20 tabl ozon farm,,,,20,0.7750,,product_card,ОЗОН 16 мг таблетки,exact,2026-08-13T19:32:41+00:00,0,mnn_source_identity_v1,,Глицин,otc,https://www.vidal.ru/drugs/glycine_bio__10481,Глицин Озон,,,,,1.0000,,product_card,ОЗОН 16 мг таблетки,exact,2026-08-13T19:32:41+00:00,0,mnn_source_identity_v1,,,,,,,,,,0.0000,,search_only,БЕТАГИСТИН 16 мг таблетки,generic,,,mnn_source_identity_v1,search:antibot
БЕТАГИСТИН СОЛОФАРМ ТАБЛ. 16МГ №30 | ГРОТЕКС ООО | ГРОТЕКС ООО,24098,drug,Бетагистин,rx,Солофарм,16 мг,таблетки,30 таблеток,Бетагистин,rx,https://uteka.ru/product/betagistin-solofarm-423196/,"Бетагистин солофарм, 16 мг, табл, 30 шт.",,таблетки,16мг,30,1.0000,,product_card,Солофарм 16 мг таблетки,exact,2026-08-13T19:32:43+00:00,0,mnn_source_identity_v1,,Бетагистин,rx,https://www.asna.ru/cards/betagistin_solofarm_16mg_n30_tab_groteks_ooo.html,/cards/betagistin_solofarm_16mg_n30_tab_groteks_ooo.html,,,,,0.5000,,product_card,Солофарм 16 мг таблетки,exact,2026-08-13T19:32:45+00:00,0,mnn_source_identity_v1,,Бетагистин,rx,https://apteka.ru/product/betagistin-solofarm-16-mg-30-sht-tabletki-67d2871dfa3f3db8a712ab18/,betagistin solofarm 16 mg 30 sht tabletki,,,,,1.0000,,product_card,Солофарм 16 мг таблетки,exact,2026-08-13T19:32:46+00:00,0,mnn_source_identity_v1,,Суматриптан,rx,https://www.vidal.ru/drugs/sumatriptan-solofarm,Суматриптан солофарм,,,,,1.0000,,product_card,Солофарм 16 мг таблетки,exact,2026-08-13T19:32:47+00:00,0,mnn_source_identity_v1,,,,,,,,,,0.0000,,search_only,БЕТАГИСТИН СОЛОФАРМ 16 мг таблетки,generic,,,mnn_source_identity_v1,search:antibot
"БЕЛОДЕРМ КРЕМ Д/НАРУЖ. ПРИМ. 0,05% ТУБА 30Г | БЕЛУПО | БЕЛУПО",24255,drug,Бетаметазон,rx,Белодерм,"0,05%",крем,туба 30 г,Бетаметазон,otc,https://uteka.ru/product/beloderm-98359/,"Белодерм, 0.05%, крем д/наружн. прим, 40 г, 1 шт.",,крем,40г,1,1.0000,,product_card,"Белодерм 0,05% крем",exact,2026-08-13T19:32:48+00:00,0,mnn_source_identity_v1,,Бетаметазон,otc,https://www.asna.ru/cards/beloderm_005_40g_krem_belupo.html,/cards/beloderm_005_40g_krem_belupo.html,,,,,0.5000,,product_card,"Белодерм 0,05% крем",exact,2026-08-13T19:32:49+00:00,0,mnn_source_identity_v1,,Бетаметазон,,https://apteka.ru/product/beloderm-005-krem-dlya-naruzhnogo-primeneniya-15-gr-5e3266a165b5ab00016503da/,beloderm 005 krem dlya naruzhnogo primeneniya 15 gr,,,,,0.7750,,product_card,"Белодерм 0,05% крем",exact,2026-08-13T19:32:51+00:00,0,mnn_source_identity_v1,,Бетаметазон,otc,https://www.vidal.ru/drugs/beloderm__3563,Белодерм,,,,,1.0000,,product_card,"Белодерм 0,05% крем",exact,2026-08-13T19:32:52+00:00,0,mnn_source_identity_v1,,,,,,,,,,0.0000,,search_only,"Белодерм 0,05%",short,,,mnn_source_identity_v1,search:antibot
БЕКЛОМЕТАЗОН АЭРОЗ. Д/ИНГ. ДОЗИР. 250МКГ/ДОЗА 200ДОЗ | БИННОФАРМ АО | БИННОФАРМ АО,24335,drug,Беклометазон,rx,Биннофарм,250 мкг/доза,аэрозоль,200 доз,Беклометазон,rx,https://uteka.ru/product/beklometazon-108005/,"Беклометазон, 250 мкг/доза, 200 доз, аэроз. д/ингал. доз, 1 шт.",,,250мкг,1,0.7000,,product_card,Биннофарм 250 мкг/доза аэрозоль,exact,2026-08-13T19:32:54+00:00,0,mnn_source_identity_v1,,Сальбутамол,rx,https://www.asna.ru/cards/salbutamol_100mkgdoza_200doz_12ml_aerozol_binnofarm.html,/cards/salbutamol_100mkgdoza_200doz_12ml_aerozol_binnofarm.html,,,,,0.4000,,product_card,Биннофарм 250 мкг/доза аэрозоль,exact,2026-08-13T19:32:55+00:00,0,mnn_source_identity_v1,,,,https://apteka.ru/product/beklometazon-aero-250-mkgdoza-200-doz-aerozol-dlya-ingalyaczij-dozirovannyj-63ea31cd3a407ef864aad7f4/,beklometazon aero 250 mkgdoza 200 doz aerozol dlya ingalyaczij dozirovannyj,,,,,0.1227,,search_only,БЕКЛОМЕТАЗОН АЭРОЗ. Д/ИНГ. ДОЗИР. 250МКГ/ДОЗА 200ДОЗ 250 мкг/доза аэрозоль,generic,2026-08-13T19:32:55+00:00,200,mnn_source_identity_v1,low_match,Ибупрофен,rx,https://www.vidal.ru/drugs/ibuprofen-binnofarm,Ибупрофен-Биннофарм,,,,,1.0000,,product_card,Биннофарм 250 мкг/доза аэрозоль,exact,2026-08-13T19:32:57+00:00,0,mnn_source_identity_v1,,,,,,,,,,0.0000,,search_only,БЕКЛОМЕТАЗОН АЭРОЗ. Д/ИНГ. ДОЗИР. 250МКГ/ДОЗА 200ДОЗ 250 мкг/доза аэрозоль,generic,,,mnn_source_identity_v1,search:antibot
АЦИКЛОВИР ТАБЛ. 200МГ №20 АВЕКСИМА | ИРБИТСКИЙ ХИМЗАВОД ОАО | ИРБИТСКИЙ ХИМЗАВОД ОАО,24682,drug,Ацикловир,rx,Авексима,200 мг,таблетки,20 таблеток,Ацикловир,rx,https://uteka.ru/product/aciklovir-aveksima-7278/,"Ацикловир Авексима, 200 мг, табл, 20 шт.",,таблетки,200мг,20,1.0000,,product_card,Авексима 200 мг таблетки,exact,2026-08-13T19:33:00+00:00,0,mnn_source_identity_v1,,Аллопуринол,rx,https://www.asna.ru/cards/allopurinol_aveksima_100mg_n50_tab_irbitskiy_khimfarmzavod_oao.html,/cards/allopurinol_aveksima_100mg_n50_tab_irbitskiy_khimfarmzavod_oao.html,,,,,0.4000,,product_card,Авексима 200 мг таблетки,exact,2026-08-13T19:33:01+00:00,0,mnn_source_identity_v1,,Инозин,rx,https://apteka.ru/product/riboksin-aveksima-200-mg-50-sht-tabletki-pokrytye-plenochnoj-obolochkoj-5e326c76ca7bdc000192eed5/,riboksin aveksima 200 mg 50 sht tabletki pokrytye plenochnoj obolochkoj,,,,,1.0000,,product_card,Авексима 200 мг таблетки,exact,2026-08-13T19:33:02+00:00,0,mnn_source_identity_v1,,Азитромицин,rx,https://www.vidal.ru/drugs/azitromicin-aveksima,АЗИТРОМИЦИН АВЕКСИМА,,,,,1.0000,,product_card,Авексима 200 мг таблетки,exact,2026-08-13T19:33:03+00:00,0,mnn_source_identity_v1,,,,,,,,,,0.0000,,search_only,АЦИКЛОВИР 200 мг таблетки,generic,,,mnn_source_identity_v1,search:antibot
АЦЕТИЛСАЛИЦИЛОВАЯ КИСЛОТА ПЛЮС РЕНЕВАЛ ТАБЛ. 500МГ+25МГ №20 | ОБНОВЛЕНИЕ ПФК АО | ОБНОВЛЕНИЕ ПФК АО,24750,drug,Ацетилсалициловая кислота + Аскорбиновая кислота,Без рецепта,Реневал,500мг+25мг,таблетки,№20,Ацетилсалициловая кислота + Аскорбиновая кислота,otc,https://uteka.ru/product/acetilsalicilovaya-kislota-plyus-reneval-409422/,"Ацетилсалициловая кислота плюс Реневал, 500мг+25мг, табл, 20 шт.",,таблетки,500мг,20,1.0000,,product_card,Реневал 500мг+25мг таблетки,exact,2026-08-13T19:33:05+00:00,0,mnn_source_identity_v1,,Парацетамол,otc,https://www.asna.ru/cards/paratsetamol_500mg_n20_tab_obnovlenie_reneval_pfk.html,/cards/paratsetamol_500mg_n20_tab_obnovlenie_reneval_pfk.html,,,,,0.4000,,product_card,Реневал 500мг+25мг таблетки,exact,2026-08-13T19:33:06+00:00,0,mnn_source_identity_v1,,"Ацетилсалициловая кислота, Аскорбиновая кислота",,https://apteka.ru/product/aczetilsaliczilovaya-kislota-plyus-reneval-500-mg25-mg-20-sht-tabletki-6603c3386e481dcf5cbbfee0/,aczetilsaliczilovaya kislota plyus reneval 500 mg25 mg 20 sht tabletki,,,,,0.7750,,product_card,Реневал 500мг+25мг таблетки,exact,2026-08-13T19:33:06+00:00,0,mnn_source_identity_v1,,Розувастатин,rx,https://www.vidal.ru/drugs/rozuvastatin-reneval,Розувастатин Реневал,,,,,1.0000,,product_card,Реневал 500мг+25мг таблетки,exact,2026-08-13T19:33:07+00:00,0,mnn_source_identity_v1,,,,,,,,,,0.0000,,search_only,АЦЕТИЛСАЛИЦИЛОВАЯ КИСЛОТА ПЛЮС РЕНЕВАЛ 500мг+25мг таблетки,generic,,,mnn_source_identity_v1,search:antibot
АТОРВАСТАТИН-ФП ТАБЛ. П/ПЛЕН/ОБ. 20МГ №30 | ФАРМПРОЕКТ АО | ФАРМПРОЕКТ АО,24896,drug,Аторвастатин,rx,,20мг,таблетки,30 таблеток,Аторвастатин,rx,https://uteka.ru/product/atorvastatin-fp-396705/,"Аторвастатин-ФП, 20 мг, табл. п.п.о, 90 шт.",,таблетки,20мг,90,0.6000,,product_card,АТОРВАСТАТИН-ФП 20мг таблетки,exact,2026-08-13T19:33:09+00:00,0,mnn_source_identity_v1,,,,https://www.asna.ru/cards/atorvastatin_80mg_n30_tab_pokrytye_plenochnoy_obolochkoy_ozon.html,/cards/atorvastatin_80mg_n30_tab_pokrytye_plenochnoy_obolochkoy_ozon.html,,,,,0.0000,,search_only,АТОРВАСТАТИН-ФП 20мг,short,2026-08-13T19:33:10+00:00,200,mnn_source_identity_v1,low_match,,,https://apteka.ru/product/atorvastatin-fp-20-mg-90-sht-tabletki-pokrytye-plenochnoj-obolochkoj-63909370ce0e1bb9461ac5bf/,atorvastatin fp 20 mg 90 sht tabletki pokrytye plenochnoj obolochkoj,,,,,0.3000,,search_only,АТОРВАСТАТИН-ФП 20мг,short,,,mnn_source_identity_v1,card:HTTP Error 432: status code 432,,,https://www.vidal.ru/drugs/products,По алфавиту,,по,,,0.0000,,search_only,АТОРВАСТАТИН-ФП 20мг,short,2026-08-13T19:33:18+00:00,0,mnn_source_identity_v1,low_match,,,,,,,,,0.0000,,search_only,АТОРВАСТАТИН-ФП 20мг,short,,,mnn_source_identity_v1,search:antibot
АТОРВАСТАТИН-ТЕВА ТАБЛ. П/ПЛЕН/ОБ. 10МГ №30 АЛКАЛОИД | АЛКАЛОИД АД Скопье | АЛКАЛОИД АД Скопье,24901,drug,Аторвастатин,rx,Аторвастатин-Тева,10мг,таблетки,30 таблеток,Аторвастатин,rx,https://uteka.ru/product/atorvastatin-teva-220639/,"Аторвастатин-Тева, 10 мг, табл. п.п.о, 30 шт.",,таблетки,10мг,30,0.9500,,product_card,Аторвастатин-Тева 10мг таблетки,exact,2026-08-13T19:33:21+00:00,0,mnn_source_identity_v1,,Аторвастатин,rx,https://www.asna.ru/cards/atorvastatin-teva_40mg_n30_tab_pokrytye_plenochnoy_obolochkoy_alkaloid_ad_skope.html,/cards/atorvastatin-teva_40mg_n30_tab_pokrytye_plenochnoy_obolochkoy_alkaloid_ad_skope.html,,,,,0.4000,,product_card,Аторвастатин-Тева 10мг таблетки,exact,2026-08-13T19:33:22+00:00,0,mnn_source_identity_v1,,,,https://apteka.ru/product/atorvastatin-teva-10-mg-30-sht-tabletki-pokrytye-plenochnoj-obolochkoj-6141b2dbb722d30f460f7b7a/,atorvastatin teva 10 mg 30 sht tabletki pokrytye plenochnoj obolochkoj,,,,,0.3000,,search_only,Аторвастатин-Тева 10мг,short,,,mnn_source_identity_v1,card:HTTP Error 432: status code 432,Аторвастатин,rx,https://www.vidal.ru/drugs/atorvastatin-teva,Аторвастатин-Тева,,,,,1.0000,,product_card,Аторвастатин-Тева 10мг таблетки,exact,2026-08-13T19:33:29+00:00,0,mnn_source_identity_v1,,,,,,,,,,0.0000,,search_only,Аторвастатин-Тева 10мг,short,,,mnn_source_identity_v1,search:antibot
АТОРВАСТАТИН-СЗ ТАБЛ. П/ПЛЕН/ОБ. 20МГ №30 | СЕВЕРНАЯ ЗВЕЗДА НАО | СЕВЕРНАЯ ЗВЕЗДА НАО,24945,drug,Аторвастатин,rx,Аторвастатин-СЗ,20мг,таблетки,30 таблеток,Аторвастатин,rx,https://uteka.ru/product/atorvastatin-sz-282371/,"Аторвастатин-СЗ, 20 мг, табл. п.п.о, 60 шт.",,таблетки,20мг,60,0.9500,,product_card,Аторвастатин-СЗ 20мг таблетки,exact,2026-08-13T19:33:31+00:00,0,mnn_source_identity_v1,,Аторвастатин,rx,https://www.asna.ru/cards/atorvastatin-sz_20mg_n60_tab_pokrytye_plenochnoy_obolochkoy_severnaya_zvezda.html,/cards/atorvastatin-sz_20mg_n60_tab_pokrytye_plenochnoy_obolochkoy_severnaya_zvezda.html,,,,,0.4000,,product_card,Аторвастатин-СЗ 20мг таблетки,exact,2026-08-13T19:33:32+00:00,0,mnn_source_identity_v1,,,,https://apteka.ru/product/atorvastatin-sz-20-mg-30-sht-tabletki-pokrytye-plenochnoj-obolochkoj-5e326b38ca7bdc000192e415/,atorvastatin sz 20 mg 30 sht tabletki pokrytye plenochnoj obolochkoj,,,,,0.3000,,search_only,Аторвастатин-СЗ 20мг,short,,,mnn_source_identity_v1,card:HTTP Error 432: status code 432,Аторвастатин,rx,https://www.vidal.ru/drugs/atorvastatin-sz__43129,Аторвастатин-СЗ,,,,,1.0000,,product_card,Аторвастатин-СЗ 20мг таблетки,exact,2026-08-13T19:33:39+00:00,0,mnn_source_identity_v1,,,,,,,,,,0.0000,,search_only,Аторвастатин-СЗ 20мг,short,,,mnn_source_identity_v1,search:antibot
АТОРВАСТАТИН МЕДИСОРБ ТАБЛ. П/ПЛЕН/ОБ. 40МГ №30 | МЕДИСОРБ АО | МЕДИСОРБ АО,24957,drug,Аторвастатин,rx,Медисорб,40 мг,таблетки,30 таблеток,Аторвастатин,rx,https://uteka.ru/product/atorvastatin-medisorb-345561/,"Аторвастатин Медисорб, 40 мг, табл. п.п.о, 30 шт.",,таблетки,40мг,30,1.0000,,product_card,Медисорб 40 мг таблетки,exact,2026-08-13T19:33:40+00:00,0,mnn_source_identity_v1,,Валсартан,rx,https://www.asna.ru/cards/valsartan_ms_40mg_n30_tab_pokrytye_plenochnoy_obolochkoy_medisorb.html,/cards/valsartan_ms_40mg_n30_tab_pokrytye_plenochnoy_obolochkoy_medisorb.html,,,,,0.5000,,product_card,Медисорб 40 мг таблетки,exact,2026-08-13T19:33:41+00:00,0,mnn_source_identity_v1,,,,https://apteka.ru/product/atorvastatin-medisorb-40-mg-60-sht-blister-tabletki-pokrytye-plenochnoj-obolochkoj-6756cf0130321fee9b6a870a/,atorvastatin medisorb 40 mg 60 sht blister tabletki pokrytye plenochnoj obolochkoj,,,,,1.0000,,search_only,АТОРВАСТАТИН МЕДИСОРБ 40 мг таблетки,generic,,,mnn_source_identity_v1,card:HTTP Error 432: status code 432,Метформин,rx,https://www.vidal.ru/drugs/metagliptin-medisorb,Метаглиптин Медисорб,,,,,1.0000,,product_card,Медисорб 40 мг таблетки,exact,2026-08-13T19:33:51+00:00,0,mnn_source_identity_v1,,,,,,,,,,0.0000,,search_only,АТОРВАСТАТИН МЕДИСОРБ 40 мг таблетки,generic,,,mnn_source_identity_v1,search:antibot
АРТОГИСТАН Р-Р ДЛЯ В/М ВВЕД. 100МГ/МЛ АМП. 2МЛ №10 | ГРОТЕКС ООО | ГРОТЕКС ООО,25424,drug,,rx,Артогистан,100 мг/мл,раствор,ампулы 2 мл №10,Хондроитина сульфат,rx,https://uteka.ru/product/artogistan-354185/,"Артогистан, 100 мг/мл, р-р д/в/м и вн/суст. введ, 1 мл, 10 шт.",,раствор,100мг,10,1.0000,,product_card,Артогистан 100 мг/мл раствор,exact,2026-08-13T19:33:53+00:00,0,mnn_source_identity_v1,,Хондроитина сульфат,rx,https://www.asna.ru/cards/artogistan_100mgml_2ml_n10_r-r_dlya_vm_vvedeniya_groteks.html,/cards/artogistan_100mgml_2ml_n10_r-r_dlya_vm_vvedeniya_groteks.html,,,,,0.5000,,product_card,Артогистан 100 мг/мл раствор,exact,2026-08-13T19:33:54+00:00,0,mnn_source_identity_v1,,,,https://apteka.ru/product/artogistan-100-mgml-rastvor-dlya-vnutrimyshechnogo-i-vnutrisustavnogo-vvedeniya-2-ml-ampuly-20-sht-68b742740118e1fec801941e/,artogistan 100 mgml rastvor dlya vnutrimyshechnogo i vnutrisustavnogo vvedeniya 2 ml ampuly 20 sht,,,,100,0.8875,,search_only,Артогистан 100 мг/мл,short,,,mnn_source_identity_v1,card:HTTP Error 432: status code 432,Хондроитина сульфат натрия,rx,https://www.vidal.ru/drugs/artogystan,Артогистан,,,,,1.0000,,product_card,Артогистан 100 мг/мл раствор,exact,2026-08-13T19:34:01+00:00,0,mnn_source_identity_v1,,,,,,,,,,0.0000,,search_only,Артогистан 100 мг/мл,short,,,mnn_source_identity_v1,search:antibot
АПИЛАК ТАБЛ. П/ЯЗЫЧН. 10МГ №30 ВИФИТЕХ | ВИФИТЕХ | ВИФИТЕХ,25599,drug,,,Вифитех,10 мг,таблетки,30 таблеток,Маточное молочко,otc,https://uteka.ru/product/apilak-426744/,"Апилак, 10 мг, табл. подъязычн, 25 шт.",,таблетки,10мг,25,0.6000,,product_card,Вифитех 10 мг таблетки,exact,2026-08-13T19:34:02+00:00,0,mnn_source_identity_v1,,,,https://www.asna.ru/cards/apilak_10mg_n25_tab_podyazychnye_vifitekh_zao.html,/cards/apilak_10mg_n25_tab_podyazychnye_vifitekh_zao.html,,,,,0.1000,,search_only,АПИЛАК 10 мг таблетки,generic,2026-08-13T19:34:04+00:00,200,mnn_source_identity_v1,low_match,,,https://apteka.ru/product/apilak-10-mg-25-sht-tabletki-podyazychnye-67ef5ce6df731807130c6e76/,apilak 10 mg 25 sht tabletki podyazychnye,,,,,0.4500,,search_only,АПИЛАК 10 мг таблетки,generic,,,mnn_source_identity_v1,card:HTTP Error 432: status code 432,,,https://www.vidal.ru/drugs/products,По алфавиту,,по,,,0.0000,,search_only,АПИЛАК 10 мг таблетки,generic,2026-08-13T19:34:11+00:00,0,mnn_source_identity_v1,low_match,,,,,,,,,0.0000,,search_only,АПИЛАК 10 мг таблетки,generic,,,mnn_source_identity_v1,search:antibot
АНГИОРУС ТАБЛ. П/ПЛЕН/ОБ. 100МГ+900МГ №30 АЛИУМ | АЛИУМ АО | АЛИУМ АО,25707,drug,,,Ангиорус,100 мг + 900 мг,таблетки,30 таблеток,,,,,,,,,0.0000,,search_only,Ангиорус 100 мг + 900 мг,short,,,mnn_source_identity_v1,not_found,Гесперидин + Диосмин,otc,https://www.asna.ru/cards/angiorus_100mg900mg_n30_tab_pokrytye_plenochnoy_obolochkoy_sintez_oao.html,/cards/angiorus_100mg900mg_n30_tab_pokrytye_plenochnoy_obolochkoy_sintez_oao.html,,,,,0.5000,,product_card,Ангиорус 100 мг + 900 мг таблетки,exact,2026-08-13T19:34:13+00:00,0,mnn_source_identity_v1,,,,https://apteka.ru/product/angiorus-100-mg--900-mg-30-sht-tabletki-pokrytye-plenochnoj-obolochkoj-609e4dee52731bed1574fbb7/,angiorus 100 mg  900 mg 30 sht tabletki pokrytye plenochnoj obolochkoj,,,,,1.0000,,search_only,Ангиорус 100 мг + 900 мг,short,,,mnn_source_identity_v1,card:HTTP Error 432: status code 432,Диосмин,otc,https://www.vidal.ru/drugs/angiorus,Ангиорус,,,,,1.0000,,product_card,Ангиорус 100 мг + 900 мг таблетки,exact,2026-08-13T19:34:20+00:00,0,mnn_source_identity_v1,,,,,,,,,,0.0000,,search_only,Ангиорус 100 мг + 900 мг,short,,,mnn_source_identity_v1,search:antibot
"АМПРИЛАН ТАБЛ. 5МГ №30 | КРКА Д.Д., НОВО МЕСТО АО/КРКА-РУС ООО | КРКА Д.Д., НОВО МЕСТО АО/КРКА-РУС ООО",25865,drug,рамиприл,rx,Амприлан,5 мг,таблетки,30 таблеток,Рамиприл,rx,https://uteka.ru/product/amprilan-200928/,"Амприлан, 5 мг, табл, 30 шт.",,таблетки,5мг,30,1.0000,,product_card,Амприлан 5 мг таблетки,exact,2026-08-13T19:34:22+00:00,0,mnn_source_identity_v1,,Рамиприл,rx,https://www.asna.ru/cards/amprilan_10mg_n90_tab_krka_dd_novo_mesto_ao.html,/cards/amprilan_10mg_n90_tab_krka_dd_novo_mesto_ao.html,,,,,0.4000,,product_card,Амприлан 5 мг таблетки,exact,2026-08-13T19:34:22+00:00,0,mnn_source_identity_v1,,,,https://apteka.ru/product/amprilan-nd-25-mg--5-mg-30-sht-tabletki-5e32653e65b5ab000164f99f/,amprilan nd 25 mg  5 mg 30 sht tabletki,,,,,1.0000,,search_only,Амприлан 5 мг,short,,,mnn_source_identity_v1,card:HTTP Error 432: status code 432,Рамиприл,rx,https://www.vidal.ru/drugs/amprilan__12486,Амприлан,,,,,1.0000,,product_card,Амприлан 5 мг таблетки,exact,2026-08-13T19:34:29+00:00,0,mnn_source_identity_v1,,,,,,,,,,0.0000,,search_only,Амприлан 5 мг,short,,,mnn_source_identity_v1,search:antibot
АМЛОДИПИН ТАБЛ. 10МГ №30 РОЗЛЕКС | РОЗЛЕКС ФАРМ ООО | РОЗЛЕКС ФАРМ ООО,25982,drug,Амлодипин,rx,,10 мг,таблетки,30 таблеток,Амлодипин,rx,https://uteka.ru/product/amlodipin-teva-233912/,"Амлодипин-Тева, 10 мг, табл, 30 шт.",,таблетки,10мг,30,0.8500,,product_card,АМЛОДИПИН 10 мг таблетки,exact,2026-08-13T19:34:31+00:00,0,mnn_source_identity_v1,,,,https://www.asna.ru/cards/amlodipin_10mg_n60_tab_verteks.html,/cards/amlodipin_10mg_n60_tab_verteks.html,,,,,0.1000,,search_only,АМЛОДИПИН 10 мг,short,2026-08-13T19:34:32+00:00,200,mnn_source_identity_v1,low_match,,,https://apteka.ru/product/amlodipin-10-mg-90-sht-tabletki-banka-602e3eaf152591d9cd4dc736/,amlodipin 10 mg 90 sht tabletki banka,,,,10,0.4500,,search_only,АМЛОДИПИН 10 мг,short,,,mnn_source_identity_v1,card:HTTP Error 432: status code 432,,,https://www.vidal.ru/drugs/products,По алфавиту,,по,,,0.0000,,search_only,АМЛОДИПИН 10 мг,short,2026-08-13T19:34:40+00:00,0,mnn_source_identity_v1,low_match,,,,,,,,,0.0000,,search_only,АМЛОДИПИН 10 мг,short,,,mnn_source_identity_v1,search:antibot
АМЛОДИПИН-ПРАНА ТАБЛ. 10МГ №60 | ПРАНАФАРМ ООО | ПРАНАФАРМ ООО,26001,drug,Амлодипин,rx,Амлодипин-Прана,10 мг,таблетки,60 таблеток,Амлодипин,rx,https://uteka.ru/product/amlodipin-prana-228875/,"Амлодипин-Прана, 10 мг, табл, 30 шт.",,таблетки,10мг,30,1.0000,,product_card,Амлодипин-Прана 10 мг таблетки,exact,2026-08-13T19:34:41+00:00,0,mnn_source_identity_v1,,Амлодипин,rx,https://www.asna.ru/cards/amlodipin-prana_5mg_n30_tab_pranafarm.html,/cards/amlodipin-prana_5mg_n30_tab_pranafarm.html,,,,,0.4000,,product_card,Амлодипин-Прана 10 мг таблетки,exact,2026-08-13T19:34:42+00:00,0,mnn_source_identity_v1,,,,https://apteka.ru/product/amlodipin-prana-10-mg-90-sht-blister-tabletki-5e327869f5a9ae0001410190/,amlodipin prana 10 mg 90 sht blister tabletki,,,,,0.4500,,search_only,Амлодипин-Прана 10 мг,short,,,mnn_source_identity_v1,card:HTTP Error 432: status code 432,Амлодипин,rx,https://www.vidal.ru/drugs/amlodipine-prana__23567,Амлодипин-Прана,,,,,1.0000,,product_card,Амлодипин-Прана 10 мг таблетки,exact,2026-08-13T19:34:49+00:00,0,mnn_source_identity_v1,,,,,,,,,,0.0000,,search_only,Амлодипин-Прана 10 мг,short,,,mnn_source_identity_v1,search:antibot
АМЛОДИПИН-АЛСИ ТАБЛ. 10МГ №90 | АЛСИ ФАРМА АО | АЛСИ ФАРМА АО,26038,drug,Амлодипин,rx,Амлодипин-АЛСИ,10мг,таблетки,№90,Амлодипин,rx,https://uteka.ru/product/amlodipin-alsi-172767/,"Амлодипин-Алси, 10 мг, табл, 30 шт.",,таблетки,10мг,30,0.9500,,product_card,Амлодипин-АЛСИ 10мг таблетки,exact,2026-08-13T19:34:50+00:00,0,mnn_source_identity_v1,,Амлодипин,rx,https://www.asna.ru/cards/amlodipin-alsi_10mg_n30_tab_alsi_farma_novyy_dizayn.html,/cards/amlodipin-alsi_10mg_n30_tab_alsi_farma_novyy_dizayn.html,,,,,0.4000,,product_card,Амлодипин-АЛСИ 10мг таблетки,exact,2026-08-13T19:34:51+00:00,0,mnn_source_identity_v1,,,,https://apteka.ru/product/amlodipin-alsi-5-mg-60-sht-tabletki-64c8b570df189b1192e1c5b0/,amlodipin alsi 5 mg 60 sht tabletki,,,,,0.3000,,search_only,Амлодипин-АЛСИ 10мг,short,,,mnn_source_identity_v1,card:HTTP Error 432: status code 432,Амлодипин,rx,https://www.vidal.ru/drugs/amlodipine__23149,Амлодипин-АЛСИ,,,,,1.0000,,product_card,Амлодипин-АЛСИ 10мг таблетки,exact,2026-08-13T19:34:58+00:00,0,mnn_source_identity_v1,,,,,,,,,,0.0000,,search_only,Амлодипин-АЛСИ 10мг,short,,,mnn_source_identity_v1,search:antibot
АМИНАЛОН ТАБЛ. П/О 250МГ №50 БОРИСОВСКИЙ ЗМП | БОРИСОВСКИЙ ЗАВОД МЕДИЦИНСКИХ ПРЕПАРАТОВ | БОРИСОВСКИЙ ЗАВОД МЕДИЦИНСКИХ ПРЕПАРАТОВ,26068,drug,Гамма-аминомасляная кислота,rx,Аминалон,250 мг,таблетки,50 таблеток,Гамма-аминомасляная кислота,rx,https://uteka.ru/product/aminalon-17384/,"Аминалон, 250 мг, табл. п.п.о, 100 шт.",,таблетки,250мг,100,1.0000,,product_card,Аминалон 250 мг таблетки,exact,2026-08-13T19:35:00+00:00,0,mnn_source_identity_v1,,Гамма-аминомасляная кислота,rx,https://www.asna.ru/cards/aminalon_250mg_n100_tab_pokrytye_plenochnoy_obolochkoy_borisovskiy_zmp.html,/cards/aminalon_250mg_n100_tab_pokrytye_plenochnoy_obolochkoy_borisovskiy_zmp.html,,,,,0.5000,,product_card,Аминалон 250 мг таблетки,exact,2026-08-13T19:35:00+00:00,0,mnn_source_identity_v1,,,,https://apteka.ru/product/aminalon-250-mg-100-sht-tabletki-pokrytye-plenochnoj-obolochkoj-660e9f68ea6b20e3a9c1a997/,aminalon 250 mg 100 sht tabletki pokrytye plenochnoj obolochkoj,,,,250,1.0000,,search_only,Аминалон 250 мг,short,,,mnn_source_identity_v1,card:HTTP Error 432: status code 432,Гамма-аминобутировая кислота,rx,https://www.vidal.ru/drugs/aminalon__4325,Аминалон,,,,,1.0000,,product_card,Аминалон 250 мг таблетки,exact,2026-08-13T19:35:07+00:00,0,mnn_source_identity_v1,,,,,,,,,,0.0000,,search_only,Аминалон 250 мг,short,,,mnn_source_identity_v1,search:antibot
АМБРОКСОЛ ТАБЛ. 30МГ №20 КАНОНФАРМА | КАНОНФАРМА ПРОДАКШН ЗАО | КАНОНФАРМА ПРОДАКШН ЗАО,26113,drug,Амброксол,otc,Канонфарма,30 мг,таблетки,20 таблеток,Миртазапин,rx,https://uteka.ru/product/mirtazapin-kanon-269326/,"Миртазапин Канон, 30 мг, табл. п.п.о, 30 шт.",,таблетки,30мг,30,0.6000,,product_card,Канонфарма 30 мг таблетки,exact,2026-08-13T19:35:09+00:00,0,mnn_source_identity_v1,,Ламотриджин,rx,https://www.asna.ru/cards/lamotridzhin_kanon_100mg_n30_tab_kanonfarma.html,/cards/lamotridzhin_kanon_100mg_n30_tab_kanonfarma.html,,,,,0.5000,,product_card,Канонфарма 30 мг таблетки,exact,2026-08-13T19:35:10+00:00,0,mnn_source_identity_v1,,,,https://apteka.ru/product/ambroksol-30-mg-20-sht-tabletki-5e326dd6ca7bdc000192f84d/,ambroksol 30 mg 20 sht tabletki,,,,,0.4500,,search_only,АМБРОКСОЛ 30 мг таблетки,generic,,,mnn_source_identity_v1,card:HTTP Error 432: status code 432,,,https://www.vidal.ru/drugs/products,По алфавиту,,по,,,0.0000,,search_only,АМБРОКСОЛ 30 мг таблетки,generic,2026-08-13T19:35:15+00:00,0,mnn_source_identity_v1,low_match,,,,,,,,,0.0000,,search_only,АМБРОКСОЛ 30 мг таблетки,generic,,,mnn_source_identity_v1,search:antibot
АМБРОКСОЛ ТАБЛ. 30МГ №20 ВЕРТЕКС | ВЕРТЕКС АО | ВЕРТЕКС АО,26115,drug,Амброксол,rx,Вертекс,30 мг,таблетки,20 таблеток,Амлодипин + Валсартан,rx,https://uteka.ru/product/amlodipinvalsartan-verteks-427410/,"Амлодипин+Валсартан Вертекс, 10 мг+160 мг, табл. п.п.о, 30 шт.",,таблетки,10мг,30,1.0000,,product_card,Вертекс 30 мг таблетки,exact,2026-08-13T19:35:17+00:00,0,mnn_source_identity_v1,,Бисопролол,rx,https://www.asna.ru/cards/bisoprolol_25mg_n30_tab_verteks.html,/cards/bisoprolol_25mg_n30_tab_verteks.html,,,,,0.5000,,product_card,Вертекс 30 мг таблетки,exact,2026-08-13T19:35:19+00:00,0,mnn_source_identity_v1,,,,https://apteka.ru/product/ambroksol-verteks-30-mg-20-sht-tabletki-6982f4ebca744596b20f7d40/,ambroksol verteks 30 mg 20 sht tabletki,,,,,1.0000,,search_only,АМБРОКСОЛ 30 мг таблетки,generic,,,mnn_source_identity_v1,card:HTTP Error 432: status code 432,Валсартан,rx,https://www.vidal.ru/drugs/valsartan-verteks,Валсартан-Вертекс,,,,,1.0000,,product_card,Вертекс 30 мг таблетки,exact,2026-08-13T19:35:28+00:00,0,mnn_source_identity_v1,,,,,,,,,,0.0000,,search_only,АМБРОКСОЛ 30 мг таблетки,generic,,,mnn_source_identity_v1,search:antibot
"АЛТАЙ ФИТОЧАЙ КИПРЕЯ ТРАВА Ф/П 1,5Г №20 | АЛТАЙСКИЙ КЕДР ООО | АЛТАЙСКИЙ КЕДР ООО",26319,drug,,otc,АЛТАЙСКИЙ КЕДР,"1,5 г",фильтр-пакеты,20 пакетиков,,,,,,,,,0.0000,,search_only,"АЛТАЙ ФИТОЧАЙ КИПРЕЯ ТРАВА Ф/П 1,5Г №20 1,5 г фильтр-пакеты",generic,,,mnn_source_identity_v1,not_found,,otc,https://www.asna.ru/cards/fitochay_altay_n21_pankrefit_n20_fp_altayskiy_kedr.html,/cards/fitochay_altay_n21_pankrefit_n20_fp_altayskiy_kedr.html,,,,,0.4000,,product_card,"АЛТАЙСКИЙ КЕДР 1,5 г фильтр-пакеты",exact,2026-08-13T19:35:31+00:00,0,mnn_source_identity_v1,,,,https://apteka.ru/product/raduga-gornogo-altaya-levzeya-nastojka-50-ml-5e326e5f65b5ab0001654143/,raduga gornogo altaya levzeya nastojka 50 ml,,,,,0.0000,,search_only,"АЛТАЙ ФИТОЧАЙ КИПРЕЯ ТРАВА Ф/П 1,5Г №20 1,5 г фильтр-пакеты",generic,,,mnn_source_identity_v1,low_match,,,https://www.vidal.ru/drugs/products,По алфавиту,,по,,,0.0000,,search_only,"АЛТАЙ ФИТОЧАЙ КИПРЕЯ ТРАВА Ф/П 1,5Г №20 1,5 г фильтр-пакеты",generic,2026-08-13T19:35:35+00:00,0,mnn_source_identity_v1,low_match,,,,,,,,,0.0000,,search_only,"АЛТАЙ ФИТОЧАЙ КИПРЕЯ ТРАВА Ф/П 1,5Г №20 1,5 г фильтр-пакеты",generic,,,mnn_source_identity_v1,search:antibot
АГОМЕЛАТИН ТАБЛ. П/ПЛЕН/ОБ. 25МГ №28 | ОЗОН ООО | ОЗОН ООО,27128,drug,Агомелатин,rx,,25 мг,таблетки,28 таблеток,Агомелатин,rx,https://uteka.ru/product/agomelatin-384999/,"Агомелатин, 25 мг, табл. п.п.о, 28 шт.",,таблетки,25мг,28,0.8500,,product_card,АГОМЕЛАТИН 25 мг таблетки,exact,2026-08-13T19:35:37+00:00,0,mnn_source_identity_v1,,,,https://www.asna.ru/cards/agomelatin_25mg_n28_tab_pokrytye_plenochnoy_obolochkoy_ozon_ooo.html,/cards/agomelatin_25mg_n28_tab_pokrytye_plenochnoy_obolochkoy_ozon_ooo.html,,,,,0.1000,,search_only,АГОМЕЛАТИН 25 мг,short,2026-08-13T19:35:38+00:00,200,mnn_source_identity_v1,low_match,,,https://apteka.ru/product/agomelatin-25-mg-28-sht-tabletki-pokrytye-plenochnoj-obolochkoj-6923e523256626880782ab5d/,agomelatin 25 mg 28 sht tabletki pokrytye plenochnoj obolochkoj,,,,25,0.4500,,search_only,АГОМЕЛАТИН 25 мг,short,,,mnn_source_identity_v1,card:HTTP Error 432: status code 432,,,https://www.vidal.ru/drugs/products,По алфавиту,,по,,,0.0000,,search_only,АГОМЕЛАТИН 25 мг,short,2026-08-13T19:35:47+00:00,0,mnn_source_identity_v1,low_match,,,,,,,,,0.0000,,search_only,АГОМЕЛАТИН 25 мг,short,,,mnn_source_identity_v1,search:antibot
